Sector,Salary,Benefits,Employer,Job Title,Year,ID
OTHER PUBLIC SECTOR EMPLOYERS,194890.4,711.24,Addiction Research Foundation,President & CEO,1996,6c4c1a52b975ae0ec94f217695bd7d1450aa5621a1785a29eb223ccd590127bd49cccf7f9b98dd5f6108c92787b3bca6e8e5c29270fc1dbc823851e91faed819
OTHER PUBLIC SECTOR EMPLOYERS,115603.62,403.41,Addiction Research Foundation,"Dir., Soc. Eval. Research & Act. Dir., Clin. Research",1996,54316ce588a3071913e230342386650b06ef2ea1684c554a5c24d9bc7a721aefa7936642aec44ee8ae2cd00e5428064b47b8d0a9e13f2a305999ba015eb41db9
OTHER PUBLIC SECTOR EMPLOYERS,149434.48,512.58,Addiction Research Foundation,"V.P., Research & Coordinator, Intern. Programs",1996,6ba40a3c2dd73d231ad3e8a05f209970ff9dd178fd157db7ce98215e633f47d90b58db4b4d5ad79a15bf784ac77b31840ac505e3b005eb755ebee548003bd5e1
ONTARIO PUBLIC SERVICE,109382.92,4921.68,"Agriculture,Food and Rural Affairs",Deputy Minister,1996,823547dea58ffb09f7cd5724f5d25b10435ebffc520b74c498f98705f9fa4075404598b0f707c773bf387ec6fa7718a490628d326c658fb11e1931fd5e7ef87a
HOSPITALS,110309.0,3157.0,Ajax and Pickering General Hospital,President & CEO,1996,2ddb50c7da39b58b68e6eef811166f9bd49494b8d65aeb6acddf016d3f69d8e97040845caf57c80ec4de7bae941e86efa67284a57daf889062afabc1ed9e8f02
COLLEGES,127332.0,3633.0,Algonquin College of Applied Arts and Technology,President,1996,c7bf9a29208c979c4b0e275e79fb69d2124c98b6eb0e8b5fa9dec36e58efa546f42b7d921ad18ef95dbf31cca406cc37a8e8743a974747849d1278f05f85150e
COLLEGES,102999.0,5557.0,Algonquin College of Applied Arts and Technology,"V.P., Academic",1996,6b88d55e1cd19ca9136fdcf894bc9d838c79c2effddd4aa53703559ef4e5aae42273322e7ca6207fb5b9a36e3c45990a37098e24532c4a38746b800a2d96cc97
COLLEGES,183482.0,878.0,Algonquin College of Applied Arts and Technology,Past President,1996,4ab79595ecfdd0ed85543c2d225698f91a61a40734016d1b8c11765bf3d1cc11ff0058798600175c5f3aca4877916428aa57d24b78daa06edda5c9fa654a7eb3
COLLEGES,106608.0,5586.0,Algonquin College of Applied Arts and Technology,"V.P., Finance & Administration",1996,b97a0cfd62c1caccd625741c0eb9cd3b47faa7ab6338dd4c6ffd7339421fba9166794b537a730efd2fc36fc71715e4f741a2f73500be74b3c1a862e8bde64162
OTHER PUBLIC SECTOR EMPLOYERS,134443.0,563.37,Almaguin Health Centre,Medical Doctor,1996,3dee0e169b43c72653bf2958a763d265c3fa080145b9c7e12229a309102e4f3f74a4c2d66f21dafdf38ec6a0e1114467bfdaaf1eea03c28a418ca14859a6e4dc
CROWN AGENCIES,225999.0,20935.0,Art Gallery of Ontario,Director,1996,f00dc8e287bb2a221f539cbfa696181f5accea5135bded1c59d2cf62e407677867b75a3609321ae59e9f5ef36dc683f85e7beea92b2827f3650f879e78047860
CROWN AGENCIES,117999.0,539.0,Art Gallery of Ontario,Director of Development,1996,ab4f046cd099b9d297e8f233b9cba184e7ce70dfd8beaa4b90b097bd644685f10163e39f77505d749d75f0be269227acf2ba52a9a2792e6f2485e4aa6cd3c441
CROWN AGENCIES,122389.0,6731.0,Art Gallery of Ontario,Chief Curator,1996,35a434f54c3b12eae9c01f35088e8fb85fc1b19f783678570ced6386d3e5a22444249b97b6a3b58b9d441a231e547381f10df7b09218d8dd0c8cda3c4e515df5
ONTARIO PUBLIC SERVICE,101972.97,293.88,Attorney General,Legal Counsel,1996,1270668696a99e04fb513b0234a041e317fc561927f8978c25eaadff26a55c780a679922217eead5a7db5dbb4f22e5a44cbc16a94d0bd14cad76e783bdbe34e7
ONTARIO PUBLIC SERVICE,104010.89,298.56,Attorney General,Legal Cousel Gen.,1996,0d75d155733c3e0f32fb2bef8b9b9b207c6b5036e6076d101d916fc2cd1f5bf2ce19123885796838a703d5d0164549d1253b21b4d96cbfde5a2bd2cbbd307ce6
ONTARIO PUBLIC SERVICE,119198.69,344.16,Attorney General,"Crown Atty, Simcoe",1996,27b64cca11f09b5f4ed167d24013644186a82b17f9a1a02c1eeb889991cb714a88f040018f7190a9756b3c6a57c004ab40837ffa282c5d26cff151e2a543d942
ONTARIO PUBLIC SERVICE,103580.6,298.56,Attorney General,Asst. Crown Attorney,1996,a2cd18f45e21fee657ef00c2cc21570244c52d1876640900e733e9b10366065c014d5e4beb9aa6ebd0c0a9006919476eb68da8f7bb17f56e46e2bc78005a26ca
ONTARIO PUBLIC SERVICE,103810.2,298.56,Attorney General,Asst. Crown Attorney,1996,837c79b93aee90d1526fc91cd200dab780915de4a4f5bc54718f15e6800c371e88b45e566c56f5b603fbea0a9ebfa1ade0ad46d5c4090086188577af14121b84
ONTARIO PUBLIC SERVICE,123825.0,0.0,Attorney General,"Provincial Judge, OCJ",1996,8d4dc8201e63f3de3f8df71eee44de81ce28c8df80e4bc05b6437815b2fde3ce08ef29a1d156631e5fc7249a3fa7dfe99f885ce9908bb8d37fc7af45272cf51f
ONTARIO PUBLIC SERVICE,123825.0,0.0,Attorney General,"Provincial Judge, OCJ",1996,faf5d695804170e1f34809b6c8d361060d549114d57944dc88a0fdb40eae6b044cd37338de19da5437302c7f906ff57e54da308b1553222c10ae8f7f5200c83c
ONTARIO PUBLIC SERVICE,115927.06,96.09,Attorney General,Investigator,1996,6b1380a1726115ae7ec8d12bf02f70da399f27655528493ab284af3b50fd70dc8377a36572581ca1385a2b6ce1750323b51184918cd4a9c769bd39b24388c10c
ONTARIO PUBLIC SERVICE,123825.0,0.0,Attorney General,"Provincial Judge, OCJ",1996,536c4651912fa748bd017978a17ae73d09a3692ad608bc629c72b73562b9e9c928ad2b9e62d218c281545e280127a89189bf2e1ca2dbb2538dd3053b5a90cc96
ONTARIO PUBLIC SERVICE,114462.12,330.0,Attorney General,Asst. Crown Attorney,1996,d13495ad5ca592c545f032bd0c0f536d5d452d3e8dcc1d1d05a8c0d224047b38d14f8b1d7116e4072759189fb001c96d38fb98881a00770a4a200b3fc911f3f0
ONTARIO PUBLIC SERVICE,103580.6,298.56,Attorney General,Asst. Crown Attorney,1996,a86de1165228bc07c042e2255ba983aab7b167ffabf38a924ab17211ef1c7be07c188462479954e3e4c19be13bac7167fd7a1aac53499092be61b7ac105de893
ONTARIO PUBLIC SERVICE,119396.75,344.16,Attorney General,Crown Attorney,1996,5a7b10fcfa1aa8bf6ab71ba52f2ab278860f18e5313cb950a3806d05a3e549f7049cfb06746753ad850dcbf4d8920dd743ee5e6610020a8caa1379c50d2abad1
ONTARIO PUBLIC SERVICE,125627.23,359.28,Attorney General,Asst. Crown Attorney,1996,99b9766467da1a5b10ebad478c6433cf8ed3ef7a8552a45093478e23cfb9a51cf064803db27c0930a82ae8a18b4beea14613b017c07e42f60220c3b578792db2
ONTARIO PUBLIC SERVICE,115752.41,332.46,Attorney General,Crown Attorney Middlesex,1996,56293641e5c4526464963532933da50c8557925e1e088fbc5ae453ff275e915b8e08807e459b002d85e393001019dbc02fe14100c82cdf1c706fed0171fe154a
ONTARIO PUBLIC SERVICE,103032.77,297.0,Attorney General,Crown Counsel,1996,d678313458a6e8455774620eadaa6334575dbe8187ec04606800380fb3751dde0f0ffdd8d701c332d7e5bd8aabe8380261918fc6f47da93b73e85607c38a2650
ONTARIO PUBLIC SERVICE,114462.12,330.0,Attorney General,Asst. Crown Attorney (Des),1996,29bc2913efaff38fa9edf2ae04f8a6e27ee310aa6ce54923da18126fa5f675ce75f657c64620afbb40e001e8c3afebeaea3329272322e66725d05406139b8aed
ONTARIO PUBLIC SERVICE,110931.07,319.68,Attorney General,Asst. Crown Attorney,1996,954b116d269cd191b5db56d83e070ff4ecd73bf19c2ed279d5ffdf3c6ca963266a2623aa9a2affa20ddc6e96bbf411401fd4acec72b282f7a0811280ba842ce5
ONTARIO PUBLIC SERVICE,123825.0,0.0,Attorney General,"Provincial Judge, OCJ",1996,2a18a6ef293148cdb21ff2d88d9af7df5a6b0a38cc7447192dfa29467ac9ff4d4011a733d21927aa6441a4246addc94a342d2f1aa7696b0d2f6c44996fba25ba
ONTARIO PUBLIC SERVICE,135619.12,4655.56,Attorney General,"Regional Senior Judge, OCJ",1996,0d9becfe0ac1ba2f4d86bfdaaa532d5625d543bee3f8bf210e021f547f8f7832beff5d208715ac55d6982a5e436da383d24969845f80e74a454c94d1894fc38c
ONTARIO PUBLIC SERVICE,123825.0,4250.74,Attorney General,"Provincial Judge, OCJ",1996,c72e63a3ee197c764bc1f54a3f37626542212b50bdf6cc6e02272c84b06c9f4f015471765a9d77fcf4197b8b45a0af57a48e07b701b4db7276f324cd7d70ddfc
ONTARIO PUBLIC SERVICE,108862.97,298.56,Attorney General,Dir. Legal Servs.,1996,809f369a7630a1c2c2e6986fda1e07d61015b112edf1d2acf1407eca94937af18de7ce33f5ba2e34dea52d989ea0e5d986c3f6e5a4e0966d85e8670a18c8b173
ONTARIO PUBLIC SERVICE,103580.6,298.56,Attorney General,"Counsel, Estates",1996,2eed1f1cceb4a1966f7807063019af2efbdd4fd8af0b58905569e2563015e6c75c259ea9459fced85338a00d71025dcbbbd042a89b687370b5e7e1f297b411be
ONTARIO PUBLIC SERVICE,119396.75,344.16,Attorney General,"Crown Attorney, Norfolk",1996,30027256a69c4016ee52e4707c6b204646628f4b21e17090492c6a2ca95db934e55dafdc2ae4f8514607af3ce7414f6b0c26730a30398c809836f41bf3f7ba51
ONTARIO PUBLIC SERVICE,123825.0,0.0,Attorney General,"Provincial Judge, OCJ",1996,10577fdcf75324f168ff6f688e0983c515eda9d52600efcf39078aed4d20c2667c4556be8f4cc10f15cb6ceda8fa03ab09e19febeab65edef586c88b9cba5122
ONTARIO PUBLIC SERVICE,106685.56,307.56,Attorney General,Asst. Crown Attorney,1996,4341639faf37bd1321e103d4787c248f7319636110070ae1a3c8cd4ff78e7811b420bb5abad5815f5df9a15007fbf891c5eb39e2b548928a359a3e4c31b3b31e
ONTARIO PUBLIC SERVICE,123825.0,0.0,Attorney General,"Provincial Judge, OCJ",1996,2002b841f2b8f0c647bc2c922c83ba74835765e6bd3d2bcb419fcded244baebbe1f175772971ca874c2b6d1cf7b0687dee06e9afec3ce60c412dbbfe89f34fea
ONTARIO PUBLIC SERVICE,113993.67,328.68,Attorney General,"Crown Attorney, Kent",1996,ac38fdeda1b3810a464b00dcc90bc73a78bfbba93d2a78a192c7b6161607bd0da48b443047ee4b430172441f9b245999b7a3cfe8b2c29487632c192eb5e8e442
ONTARIO PUBLIC SERVICE,123825.0,0.0,Attorney General,"Snr Provincial Judge, OCJ",1996,3933419160763865bfc434513a95fb4b792c6d01e98e33d3d4e2aa6b07207ab3e095963868d9828ca31a3007bbad9e2d0fb1a422d2788d488df2391b17439905
ONTARIO PUBLIC SERVICE,123825.0,0.0,Attorney General,"Snr Provincial Judge, OCJ",1996,7fb0f84d7c81621d97007b9860d044d7dbb7961c90fac05d9d7eeb2903f87d36f4b7388fb282aa2254f6d28496f3a29cb16b20ddf4978e365e43a9952ac13af7
ONTARIO PUBLIC SERVICE,106243.05,307.56,Attorney General,Legislative Counsel,1996,a7f5a1aa11e78bd1212da9853f5acc965718119af316eb8311d92b6eac4731285cea7095086a0075699f1cdc464f88c2b84992461c725a6676833f504827d8b5
ONTARIO PUBLIC SERVICE,103580.6,298.56,Attorney General,"Asst. Crown Attorney, York/DT",1996,137a744bd6ddaf2fa5841b05e60f161b9ebe38280acae8661b9cd21fd3da0e98f4e63dfc69cb9871f7419fa1d6a26bfe987784227e833736e04571cf37b9cf96
ONTARIO PUBLIC SERVICE,119396.75,344.16,Attorney General,"Crown Attorney, Renfrew",1996,a150b7f5cb2e581cec518d2b2bd7f619dd5fa03108e3f7761ef0d4b7169743bc9c17aabfa4b14cc8e93742d40e79397967115b3f63d0163699de1f72e3b1173a
ONTARIO PUBLIC SERVICE,103580.34,298.56,Attorney General,Asst. Crown Attorney,1996,928b3193f6cf5796a12c363b131548657d5a13e718170c0ffbf0fc7b8a9c0e0641ec9a48710fb557dd04d6da5e4ab6fab751551586ec33fac06dfbbbdd4a79c7
ONTARIO PUBLIC SERVICE,106686.6,307.56,Attorney General,Asst. Crown Attorney,1996,cead77e744354c5c90d5b2639409dd2533b0c11434545ab506c7ce9fdc4763d10eebccaeddd7df79dace5d74c27b85a774308b96f56bfd1801a1d297bc1f33a2
ONTARIO PUBLIC SERVICE,123825.0,4250.74,Attorney General,"Provincial Judge, OCJ",1996,7afa91679a7382d3dfc381d4de4d939940bdce7a5e3043eb30c56880e3025dc783cc1c72d0d7053c63e2c2003a8da1719df0fcad1c2bc16ccaa230041791981c
ONTARIO PUBLIC SERVICE,118025.1,298.56,Attorney General,"Leg. Counsel, Rent Review",1996,50a387f98bdd892aee613e6d9daa71c036116cbc4edd18b4c5c805fdd1aa8458a30522379d9f90c9f2c2b72f9b69360f36fb4f122ae21518b2898f292d83e7bd
ONTARIO PUBLIC SERVICE,123825.0,0.0,Attorney General,"Provincial Judge, OCJ",1996,a34c3426ad0e53fbe82dc1db68e4af23c3594a6c745d0c7a138724746bb2c103f9af53d7d4f0e41cb23e15781fe259a5369a3384ed63913f4b20bcb1e2ff5183
ONTARIO PUBLIC SERVICE,109208.65,314.76,Attorney General,Asst. Crown Attorney,1996,3a237e8c78d87172bb5df2aef527f280237fd31c8a701489b5f8fcdf244ecc92573dd818d73a26ad2966f5297914fee4e406924f531946cb632a06e34c2f1adc
ONTARIO PUBLIC SERVICE,114460.36,330.0,Attorney General,Legislative Counsel,1996,a72594fecb66fe4ecc13870a5247ae7cbfb0e7314cdb6876d37dc2d3061321ef19c9476b62283628326700a0d0d21bf05cba8513f8bd6f54169693d0140393e7
ONTARIO PUBLIC SERVICE,133577.83,4593.5,Attorney General,"Regional Senior Judge, OCJ",1996,ef46436393cf2e331d7565839ed419c3d699c8bdf6926922802945bd21f03679fefb40595321b019d0bc968c2f3b4b30d8034052e79a8ffda7386bee3bad6c99
ONTARIO PUBLIC SERVICE,103910.55,298.56,Attorney General,Assistant Crown Attorney,1996,e5912e6b89a4c77513d60228b5c56681cb18ac5daf91725afaae5a995b03100a8fe9edef817f6944d2605dda38ffaf82652fa78f15d9c181cad95d6d819cd642
ONTARIO PUBLIC SERVICE,110931.07,319.68,Attorney General,Counsel,1996,adcf96cfe07cdcc04fb47c369ead2d7c8b3e4b84d3f0fe9586bcf88739139c772898377a6374784dd85f23e7f9848224dfce9c0d246ace6e700b49ecdf6ecd75
ONTARIO PUBLIC SERVICE,123825.0,0.0,Attorney General,"Provincial Judge, OCJ",1996,6788e8eb697f12bae63025abae924e14aa5a31f6001b172ade50b90029dccc8cc442d69fbe7908f01444c8d1a553320b7539118ece92bae76f2b8120e7abf0a8
ONTARIO PUBLIC SERVICE,128379.42,344.16,Attorney General,Director Legal Services,1996,bae8536d9ac80fb29ad114817ea612a77af31f93e744653fca621f5079d5b8e33198f02ae2a2c04f69f2525a887ed551aebb2be50f63b5dd75cc28a3502d685f
ONTARIO PUBLIC SERVICE,103580.6,298.56,Attorney General,Asst. Crown Attorney,1996,4f2b5535ae76781f83eb3b184732ce8d7c88b83c17b655533f40afdec7d71a0f30a064fd9823551a88da71c96cc61253143a4d8ed0eef51994b46b7fbe67effa
ONTARIO PUBLIC SERVICE,114462.12,330.0,Attorney General,Asst. Crown Attorney,1996,00af9fa3a50abce8c53de1691e1f3ee749c14fddadd80763cae10b9c68f8c7ebb903e8aa0993f8d302f9b3d2614099fdab9ad81c85b67f630ac48df89c7f49cf
ONTARIO PUBLIC SERVICE,100327.75,289.32,Attorney General,Asst. Crown Attorney,1996,9cf1e530cda94e711ccfc852d0d0d09cb954cc2b51d66ba4b52e9946540381f13e4ae018a9cb6c0f6c5fd3514801fb48345d7e67b8276f0f4e6d3760e5e7faaa
ONTARIO PUBLIC SERVICE,123825.0,4250.74,Attorney General,"Provincial Judge, OCJ",1996,680fbbec2dd2f4d9f1747882feec976205d9abaa3c2a340539cb94cae1151c31fb05b3c1bdf6bcfa0e2c1188e57a451e15b77d8a732a3a479b9f7266f0829c34
ONTARIO PUBLIC SERVICE,114462.12,330.0,Attorney General,Asst. Crown Attorney Team Leader,1996,c6b17e22dbede0914eea25f994421982a55c8aaac4b08df35a3b4e2ac9e87b95dfbe4118693280df1e32c84249b900aa885028762cb687d46af1b8e064008196
ONTARIO PUBLIC SERVICE,101916.06,294.36,Attorney General,Asst. Crown Attorney,1996,7558dcdbc581e3e16c0d0795cd915d8746a74e95726a4c821d8f32e14528c4a66b2c87c5ab318f50e2c0055abe3ac0465e83e29a5e91278d0d978c6e2886a966
ONTARIO PUBLIC SERVICE,123825.0,4250.74,Attorney General,"Provincial Judge, OCJ",1996,ea9c9f70c22fdc163eac84a2af45a1e75f0ddde6b0e249fcb94e337f3eb2436536991642e3c94615f741d8b68d4786bd26bb5e903072aac7054785c239a2e9ea
ONTARIO PUBLIC SERVICE,114977.4,330.0,Attorney General,"Team Leader, Prosecutors",1996,7f80e4202bc6a1533648f0d98002e4bf9bd13ebf9e2ac5aa0879138eca1e71b6226708dec4f31d126d8109db006f387044ddb80448cdeb286211341500221b34
ONTARIO PUBLIC SERVICE,106685.56,307.56,Attorney General,Asst. Crown Attorney,1996,02b7c3c042a491ac5ed1c63a1a96c6ede4c3d77a94141c91e0980abd6d3f8b2ae5d4963f39465e60a6ba34c46fe63f64ab6928b4714425b2e957384733e2851f
ONTARIO PUBLIC SERVICE,115792.83,330.0,Attorney General,Deputy Director,1996,6f4f6c0437e0ec8f1ff27641ce77751da5aa81d090e69ddee9e945f291c8f7708af8b56278fb924b9b0933610c64b15fb30c375becedd46a41b29c3b944099fc
ONTARIO PUBLIC SERVICE,119396.75,344.16,Attorney General,Crown Attorney Ottawa-Carlton,1996,0a1468a902acabf1188ceb047cb687bfee4eff4362001c49c90bcd1e7542e3600d672cb6443445c608d46be5a6348a7590e6b924f40df0a16811bbeeb2f70ee8
ONTARIO PUBLIC SERVICE,114462.12,330.0,Attorney General,Asst. Crown Attorney,1996,aba5066d715067a07dc2b211db54391f83ef43ce9707ca19ac95e589f297e96ff9276d01e9ac386d112ffdd412b34bbf25c9b04881694029e17bbeeb68dfd783
ONTARIO PUBLIC SERVICE,123825.0,0.0,Attorney General,"Provincial Judge, OCJ",1996,e43703b446fac0c05c368a6b4f2270a89bd8b2a70e0940566919901c742616e868a3810dea73f58128e1de59366be3d355da621bf89436e989df940412064c12
ONTARIO PUBLIC SERVICE,123825.0,4250.74,Attorney General,"Provincial Judge, OCJ",1996,42fc7547d0a45230fda3b5b5b587e2a0d78e37326eb8b607ffca833e05cd476044495e31f257ec51cef1ca0123f60459c5ae0587c168fe5f9f710bd7f4489563
ONTARIO PUBLIC SERVICE,113887.44,0.0,Attorney General,Counsel,1996,9590561a9ad44f529b4cdfbd2e4872bec5f0a750cd0d7090bdae8ac220f25ccd34d7e3e009219322d22c677b2ce840bec977e6ff1368d0f095b0e7b610f1183f
ONTARIO PUBLIC SERVICE,123825.0,4250.74,Attorney General,"Provincial Judge, OCJ",1996,ad4d506f6f17e66bed9a67063a089e905d8d5f63e52430f8a1ea757026d3e1659588afe3d77606fa810f3d55392f8f9f6c8f391605a1561d84753ba570e0c121
ONTARIO PUBLIC SERVICE,123825.0,4250.74,Attorney General,"Provincial Judge, OCJ",1996,2791cd79aedd8c254af86af2e1b3aea210dbc1b9cdb9aa5c803a5d1d06d3b1e6108fb77beb2e5a2cc7c44b8c1590f2809eca828739d983f59df8bd999bb7e71c
ONTARIO PUBLIC SERVICE,123825.0,0.0,Attorney General,"Provincial Judge, OCJ",1996,55d71dcb00841707c18694b3a7904fdf75f64f44c4c953e042c5f91e02d3bb2b50dc731c2155256ea6a976ddbc0f176f96beeb2f46b665bc8901374c18b058b2
ONTARIO PUBLIC SERVICE,114462.12,330.0,Attorney General,Counsel,1996,f2574e907852cffa4fa3853f44c4ebcbf5b06906284efe4def505fb73078575b1c28661655585bb33b855227c357b92db436742456ae73878430e6eb3c726540
ONTARIO PUBLIC SERVICE,123825.0,4250.74,Attorney General,"Provincial Judge, OCJ",1996,a4d5a5d1fbb9951402bd703f28ff655b56b7db6d66df073823439016a53c753c90a44150646a62679508d225f0b2e32af2964bd74bec2a8e17d238eb0dc30d94
ONTARIO PUBLIC SERVICE,123825.0,4250.74,Attorney General,"Provincial Judge, OCJ",1996,02601d3eac1d507202a661576134a97e690444fcf1161c37d5e693d3fa8af31d51bb30df203850e945266cd734ea2aff331ac948690df8f7d1ff48043932e036
ONTARIO PUBLIC SERVICE,123825.0,4250.74,Attorney General,"Provincial Judge, OCJ",1996,0a4a622abe780a62ed62cb989aa323090af2dfb015ff35e7e8a39f4e426c6ce5e020f4c7cecde273b80a1bd69883b24e99624166b9a64363ce67f544c2e37ea5
ONTARIO PUBLIC SERVICE,123825.0,3923.76,Attorney General,"Provincial Judge, OCJ",1996,c829e7bf4028a82015f67511d2ede03e31e51c914b92c2c25093fc8d139d0f0d3aec62c27eab3b71904637622d4a8eb5da0e616950adec4c9c2a05b9ddd1556f
ONTARIO PUBLIC SERVICE,120355.47,344.16,Attorney General,Crown Attorney Lennox & Addington,1996,a28142002e2f83287e7f507d8ca087e4582980531cbe135e0f3dbee660182f4456792b41c06e51679ace6d8685818f7f0e5e4e1198ac0cdbccdbe1c7c6550b66
ONTARIO PUBLIC SERVICE,123825.0,0.0,Attorney General,"Provincial Judge, OCJ",1996,87fd5e50ca920f2878c3d74278e813ba20d342099009c2c0b4f6ec65e1c9382d0dd46855b5aa9ae005ed108af4f467316a1f6deaadd305db7fa9c7063ba1c7ab
ONTARIO PUBLIC SERVICE,103580.08,298.56,Attorney General,Counsel,1996,6356d7ad326a059cbe676eadbf7565cedf98c87c6c353214e1c15120362de57377dfaca1cbf3eac0b06314b3ce6c04f6d1b62bc73be690987db7af5f645bfc69
ONTARIO PUBLIC SERVICE,123825.0,2615.84,Attorney General,"Provincial Judge, OCJ",1996,de224d373baaf40834f6c62532211694c9204350071e0c945fb207d5b2714a7eb4b230d9d4cb94a8254325c23a49e5773ad6119ca43fbc3af63b2a60293e6437
ONTARIO PUBLIC SERVICE,102405.37,298.56,Attorney General,Asst. Crown Attorney,1996,b4b06e8a53a5351d545ce856cbeb0f2832ce5967cf76fd98b6ad8a2f7d35a7e7e5656e471c2721352687cd31793e16e3bbea78c29a6c62e451dba2b64945c559
ONTARIO PUBLIC SERVICE,103555.72,298.56,Attorney General,Legal Officer,1996,204ab4c05eb16ec52b3da917b740a671a8f38545205f0323e21b37482999ffe5f2307339834a15695876eddc28fc6c4b4f6bb8e1a02f5ea32a976c36cb7d396b
ONTARIO PUBLIC SERVICE,103580.6,298.56,Attorney General,Lawer,1996,19dc3f39587203ddd69d8263036aad6910d67bfcd91a59be3797a100ab98db2810734384fdd818d36d2603b759df69ae4492e023003a0f88f06ff11426693b48
ONTARIO PUBLIC SERVICE,101115.21,289.32,Attorney General,Crown Counsel,1996,af85c069d35404ab8e2ffa462c398ecc63f16220e2a150336f7ae5c0f59a49f6abd9e30e1d9995a86f675c95b92ede2293721814a77afc4222ef50de6e75a6ff
ONTARIO PUBLIC SERVICE,128701.77,330.0,Attorney General,Counsel,1996,2a290a614d7aee01ea2f54d50e87aa6ac36490c328369638aa20c9bb472af0eb329f4dd7e7413decd612296168ccf1a99e73f3c8780c68bcdab587128184eba1
ONTARIO PUBLIC SERVICE,112720.09,326.04,Attorney General,Asst. Crown Attorney,1996,f97135ace7c2adcda31be30a80400cc148227e50f2f524ba971c815de2f38b328da286be6a852194b3f36cd0bd79330f3efb4ca3d0877cad4e8b0d96759cb29f
ONTARIO PUBLIC SERVICE,106686.6,307.56,Attorney General,Asst. Crown Attorney,1996,400b8630524a4cdde88f538dca7f7c6e91b1db61bd0520827d5241a56f0ce19e91594c8d9e3bf9bb9d467b8d766851c4d136b20c0dcc28f8e1956a15b91258d2
ONTARIO PUBLIC SERVICE,123824.48,0.0,Attorney General,"Provincial Judge, OCJ",1996,0b280b6394f3f957fa65c22fbc20e6436d132a3f8cc1370479d14520a7b4b155541bcbe38a325e1ee35b37c8501e6a63ba9c3ba6f3a6c41fcf8134c5008bdd7e
ONTARIO PUBLIC SERVICE,123825.0,0.0,Attorney General,"Snr Provincial Judge, OCJ",1996,e9b54f7ee52f5385653bb3d38769e5a54fc81406fb498ba1fc0263bfac08c18c40664b5a011ba2ad0b6033bab84c1f3501f7c0c135e7ffa5dd05eb0c522fc4ea
ONTARIO PUBLIC SERVICE,123825.0,0.0,Attorney General,"Provincial Judge, OCJ",1996,9861c894c6a26751ac4ad45944e8a22e9bc38e46bf1277531ec6fe384557523d68d17013940bbf7613d41cb5a6402c2fae1e9682efef52547d11f814f5ad6693
ONTARIO PUBLIC SERVICE,100680.73,290.16,Attorney General,Counsel,1996,824df8363fc61b73f8010a51bbd06648926383bccc8632eaa54bea4884261ce276ef79a81e3bf672583d70efeac0427872dd489224278aa63972efce1c189bdd
ONTARIO PUBLIC SERVICE,114462.12,330.0,Attorney General,Senior Counsel,1996,f41a601aa2f48474b41374da4d0fff110c4aab8e2b87259baed8176b09b9d9bdb49b833fecf6bb68f6b1e4469c4de0d9c1b18754dc33de6eb51c4af76b188541
ONTARIO PUBLIC SERVICE,117894.36,339.84,Attorney General,Crown Atty Perth,1996,c1ff35f001a5ab83021a22ca190db75d182d336acf837618e0275030cf187aa45a01152aa72992ba8f4fa5762be93c99db2097fe133f6d1ca6b1a1aa0752cfb9
ONTARIO PUBLIC SERVICE,106686.6,307.56,Attorney General,Senior Counsel,1996,6ab19cfa7d34b3c59e1309daeb31c920658fb08ef8b950111c752b471554508386f9fad9e309dc1e64ef1be97ff41eadaf1dfee3a08b4d40b198370b46553e5f
ONTARIO PUBLIC SERVICE,103580.6,298.56,Attorney General,Solicitor,1996,129d460fdae9ab5d836e1617b04e591f5bae542924f115968e7dcc8d9fc1104efa2bb101f7baf4fe5c4b23cd884e66dae9389cc457b6f3897c40d2dc6a7351ac
ONTARIO PUBLIC SERVICE,123825.0,0.0,Attorney General,"Provincial Judge, OCJ",1996,f09cac19a060e9441431862b735453befddd65c153f8902051211332af4e4d6f9ff97bc18f33d708dee34e6f7a305a3a179be3b68a12a3811fbe2be6b1712f4d
ONTARIO PUBLIC SERVICE,112017.44,322.92,Attorney General,"Dep. Legal Dir., Prop. Rights",1996,3a9bbc99118b139988e9252fe47ad83738425ce7cc67663956a482d5b8ea036b74ea6621e8314ed0052a308f8c51df51e9eb1b3a51e704b5ed5415ebb4ff9f32
ONTARIO PUBLIC SERVICE,123825.0,4250.74,Attorney General,"Provincial Judge, OCJ",1996,977c56d4bdcb0f8c4a0ffe27d1688467a1fda41ab96dbf1e9029d0fc98dad3be8a22375e6ed96fa3eb4159f5507249262ffe074427e6e5ff5caa916714913c1b
ONTARIO PUBLIC SERVICE,103568.74,298.56,Attorney General,Asst. Crown Attorney,1996,b00018af3504bf0bcc5712bef8de7c85219e1671d7e006e478e103f79c91c156518b4abb7d98f1a918bc76b32a3d0a76105315d89d17e635ac99b54b4a58a414
ONTARIO PUBLIC SERVICE,112891.91,322.8,Attorney General,Senior Counsel,1996,1f525a61fbdadea60ea4250967ba840b0408ee14f9da2086c5196a8b7512ad703444ad658d7c52e9deadfbadd2716416b46686aff42143a90db65d91ce6397a3
ONTARIO PUBLIC SERVICE,113127.59,326.04,Attorney General,Asst. Crown Attorney,1996,ae9e2c1ad65f3505d24f8755ca80ac487f7c987b17fc39e19bfcb226a72e4e092ad2666375ab394647f8705ced7b32930852db9c08760a930229d3480dbc9587
ONTARIO PUBLIC SERVICE,123825.0,0.0,Attorney General,"Provincial Judge, OCJ",1996,97adc5033d87b313eb285518b877cb017a59952d79f12008fc5d29dce7aa785eb140c76c584282fe88667cd4aec80d00a2ec6baffb464f969b60d70ffb1d1b0b
ONTARIO PUBLIC SERVICE,109061.25,0.0,Attorney General,"Provincial Judge, OCJ",1996,fa98b98a1fc75ae2f819df64d417bc65e1f0279d2f7ad6f93ef26694dd8c5770ddbb0fd037e96f1ef3bbc6bc80a96fed4e2843ceff42a2dd90a8858c75b7398d
ONTARIO PUBLIC SERVICE,103580.6,298.56,Attorney General,Counsel,1996,0cbbd5effc0b7be9b4a69057dfb564cab48434d767211f3dc4d5a160a3f211e1690411a7b0dc5c1d2ba84bd236b0592dd60102b515cfd7f1442c1d74a57973c9
ONTARIO PUBLIC SERVICE,107777.87,286.8,Attorney General,Crown Attorney,1996,26837609c475e8ee7d87daef7314d3203309f1cd521de8f6a599fb75d5719c8266acf4f53248ac25c2de27d5f53cf784330970d36d13d2a0a2916047dacd516c
ONTARIO PUBLIC SERVICE,119198.72,344.16,Attorney General,Crown Attorney,1996,e8e6815a2ee780fddb9b7759b06580ffdbe204640b2c3c94dd15dde735a45f8b264415235a337ac9a92d44e48d7c5c4e8e0ede695050556e5af8efc3723ef279
ONTARIO PUBLIC SERVICE,123825.0,0.0,Attorney General,"Provincial Judge, OCJ",1996,c0a149c023730f629fc32dc1e495a236662a80b0a20cb3a72839d857345bc60af3e07774859af872f9093c2a043c7960e033dacda391cea75e7b53c866240a5a
ONTARIO PUBLIC SERVICE,108485.07,311.41,Attorney General,Counsel,1996,eb21c1f0697ac3210c88f40bcfb7d11e0b24503984ce688f64dacb3b459920eb4491d06f6572a495f295075e7d00f7e812b89592c35ccca9d23fd17476d8e8a6
ONTARIO PUBLIC SERVICE,123825.0,4250.74,Attorney General,"Provincial Judge, OCJ",1996,559e15d16c4f31d907d5991f78bd6ef93dca11d3387f2014b4b97711645f853f435a2e0abee6cfc1cc3757b28cc221fe322f92df33d9ff2e1e7dd9f2f4600883
ONTARIO PUBLIC SERVICE,114462.12,330.0,Attorney General,Senior Legal Counsel,1996,efa019067879bc0a3f4e485f138b8302c7dae9e74afefb5e509e952099885a0c83ef2b5ca5663befb07370260dd224f9723b631d2e06ce7e68d852bd5eb2b4b5
ONTARIO PUBLIC SERVICE,123825.0,0.0,Attorney General,"Provincial Judge, OCJ",1996,2c3002c0a53a0932f8f8478b8f3777e3259e170b202f5b7ed885343c6fc5e49921178bd489c279d5df9866b435ca9221c3c2bcb118c1504bf8be09e3e310d6ce
ONTARIO PUBLIC SERVICE,115270.26,330.0,Attorney General,Senior Counsel,1996,843d0fe968dff8ff7916c65b8d00687fe6e80a4d54624b9ecee99cf3fac3512a1e3f595d6140c033bb76fa6283f273fea2186728dd7953c9b54ff02c089e2513
ONTARIO PUBLIC SERVICE,109491.3,315.6,Attorney General,Dep. Publ. Guardian & Trustee Leg. Serv.,1996,7481248fc6f2bffb402c32ed9032826cf9447ec616b04e59701dcbf8bb3a8d8b8614bbaf51d11f7cfda7b2649024f56b1ec410b5c7e5d78e23249e2e54533567
ONTARIO PUBLIC SERVICE,114462.12,330.0,Attorney General,Senior Counsel,1996,78c981382e969c8e586cc5d3fcd59b539e471fcd42b6cf4f30f7baffa0b2dc585e3a576de0be5e7a256d4f6fd19e11730522effd585cae16d8ff1cf7cf58b990
ONTARIO PUBLIC SERVICE,106027.36,305.64,Attorney General,Counsel,1996,b09bf2d439afc49f272999eac375debd07f8ed5b8fd148d0100f78db68b378c1890fde74c35c4e62f79564f09e00127395b141598608ac180c73529f4ddfd737
ONTARIO PUBLIC SERVICE,122359.02,353.61,Attorney General,"Dir., Crown Law Office Cival",1996,0ee9470e72fcb4a40e20b65ec8453a82ee2412212a24c4c29aa6d42f407688b2e987abae3c4ea1ef9c54289bf83452200fc811c9cbf64bc3761673a08b0f9a5e
ONTARIO PUBLIC SERVICE,123825.0,0.0,Attorney General,Ont. Court of Justice,1996,8862e8784b882daa602f76198b96a909089dccff7b159fbb4edaf06cd3b4c7e42fec33092dd94bf6ae933e1d529af915497b428797d4da6df5c88fa81b7d4959
ONTARIO PUBLIC SERVICE,123825.0,0.0,Attorney General,"Provincial Judge, OCJ",1996,f2bb36199dc93c86b90b506d9096c0862e61f67ad1709a7ee4a09e1b0382e43d84f61010940b840c1f59eacf512756da06e83d66be197a1aaf0985472175c3b3
ONTARIO PUBLIC SERVICE,123565.0,4250.74,Attorney General,"Provincial Judge, OCJ",1996,3069d40b143d01cd1808aef95769905e26e45f9503305e5862da61f7e4f80770508f7b8eacca021735f6434137765d082f7540f6fe98d248e940e23e4bbd3302
ONTARIO PUBLIC SERVICE,123825.0,4250.74,Attorney General,"Provincial Judge, OCJ",1996,58cf01d0740dc85e24062ca76bb21def5b9bd5d907d7faf144c76eee1e4f497e7a5b1e4ca919daa8c5d4676554f2545816cfa8c3e5123db6f9b88a7c7411dfee
ONTARIO PUBLIC SERVICE,123825.0,4250.74,Attorney General,"Provincial Judge, OCJ",1996,c3897f9b61c867d0499f3d83238f9c9ab67f15a810bf15327c5d46cebc16a3aa568c5a27830f4df8b3fd5864453ee9024f78504233396022f2a8bb24d451a47b
ONTARIO PUBLIC SERVICE,123825.0,4250.74,Attorney General,"Provincial Judge, OCJ",1996,65904234fb2426e17aa6536c4380333b96b10b584406ed231559cd15d6082eb5d7902c515738459db280e5b6d84defe2536eeb8b32e471e189eb901b8774dfe7
ONTARIO PUBLIC SERVICE,123825.0,0.0,Attorney General,"Provincial Judge, OCJ",1996,883b42ab0b652de0dcf80bf307ddf6bc9b85e298b0eb5046466a92806f2ae61b6259cb4539eec17aee4e5f3b3e76dff958321f9a3878e4ce09793efa44e8b402
ONTARIO PUBLIC SERVICE,123825.0,0.0,Attorney General,"Provincial Judge, OCJ",1996,498f1e6cc133720ac804da7581d80b20666c4eeab1f7f230672466e032a66718ea53c5188b963dd4fddd34bc2bfa9dda4db6047ecbed8d9826a6f8359cb00e72
ONTARIO PUBLIC SERVICE,113336.04,0.0,Attorney General,Counsel,1996,b960f51a34d1fbd80c333c999ff309e5922f5ed85ce37c39d4d171a4fdd5725be5eaecaebbf282cd76d2cb5854edc38b1b4a8b1719c0e86c303bd4c7b7c6f9de
ONTARIO PUBLIC SERVICE,123825.0,4250.74,Attorney General,"Provincial Judge, OCJ",1996,10d929458f01e0079ea446647097d6c946c9f6f8e51dc92db5ccb81284b12e43390775333b37bb91b3465885ae2392b212a27d9e813ede378a2fe9cf8862843d
ONTARIO PUBLIC SERVICE,125294.17,361.44,Attorney General,Asst. Deputy Courts,1996,571615943acd3b27e840bb78a38bde02123c68ddaceb5999604c384a59dc0e7112bad12cd70a340a83666817f57acd1414138e6dd2ac2dcee3154490ce094d8d
ONTARIO PUBLIC SERVICE,119396.23,344.16,Attorney General,Senior Counsel,1996,c82d1abc6d0d323e7f23be5b5c761fdea9f8f49bf79d647465ef878804bdde37032289c7877d824130bf5974636cb0eb56555e70733cc11f49e9da4628f29e7e
ONTARIO PUBLIC SERVICE,114462.12,330.0,Attorney General,Senior Legal Counsel,1996,95bfaf857476e11c824f5d27329822aeafa63d8077af812abc47c40180bf4c421fff1a7a869bf01d7a3fdde55df5301966f609572581426e703f7fe23b25cb1f
ONTARIO PUBLIC SERVICE,123825.0,0.0,Attorney General,"Provincial Judge, OCJ",1996,b79ed282c9ccf8ccdd80ff4e9b4fa2f6d96c5f996b2d64f53f2625f6918cd3d8a14955cdddc1703a1a5e7bfd02b2d08873a529ade91b0ad0c9cd16961631139a
ONTARIO PUBLIC SERVICE,123825.0,0.0,Attorney General,"Provincial Judge, OCJ",1996,2ab9423c373107458cd23fde16eab17b04941234612052023f7e622446873ff25ae5e18810783e88b57c8be246be363ad70412a81c2b8f334233e05c2d32f758
ONTARIO PUBLIC SERVICE,123825.0,2615.84,Attorney General,"Provincial Judge, OCJ",1996,b56265316a3b5b156ec077afa684bc432c484467f39e115764bbe89a952687ac4016dec7fc4dac8e1a50aad506d6c491dfc4a75ae6f87f7f064022501455a8f8
ONTARIO PUBLIC SERVICE,123825.0,4250.74,Attorney General,"Provincial Judge, OCJ",1996,8a64362a1c09508d33428b79b5d01ddbb4166dd996846dc79acd1e54ab42689cd2e87ddaf0b2a389674f8ad2ce47d56e98770e075dc5e77d357c39fd9ec4d026
ONTARIO PUBLIC SERVICE,124626.51,359.28,Attorney General,General Counsel,1996,d7685ee67b325fa46269a7420aaf058adc8ffbcd9881b5314946a58c137944d60e2b597f2de9242fcc00381b6cd514a7d715639c5a619311f536fe33627fe431
ONTARIO PUBLIC SERVICE,104784.74,298.56,Attorney General,Asst. Crown Attorney,1996,f329f72d97c55ce115ed5c6df5a2459802714ba797f07079819c1da74e6e43d2a82215f02d93b17b870fbca3ba4baf00982e55919487baa7ccf26328d44f77fa
ONTARIO PUBLIC SERVICE,114462.12,330.0,Attorney General,Asst. Crown Attorney,1996,ada7de21df263196d1930c2dbc5dbcc2fb5c589993f0c4fca0c94368aa6bad8129699a80b2c3ed46f94252bd3e96f18778b86a9ca7a5cf69d2ed14e160c718dd
ONTARIO PUBLIC SERVICE,102281.22,294.84,Attorney General,Asst. Crown Attorney,1996,ba54893afadb7e89fbc61f4e95c46b35cdd73c36d339b7c5d3d41f790512cdbd9a336ae4d1a98820b983f7a854ec2bc17887fd7f62834a44cd219d697f80ee02
ONTARIO PUBLIC SERVICE,110307.4,318.12,Attorney General,Dir.-Comp. & Telephone Serivces,1996,c83b932acfbfcd60d8aab6216c8a7792c9636b4508559cc87ba62e33cbbcc758e1067f6f145d457842655462a85bbb51cff418d2e4478cd1585a7ace0fa13240
ONTARIO PUBLIC SERVICE,119430.05,344.16,Attorney General,"Crown Attorney, York Central",1996,8a32434a77249dbd88dcfd5bc9cf5dd97b3b58371b50b1fc255dbe38cc5936f37ceab0b48c54548b9b463d65c9e454dd17386b07b8042f879bff474f959e0726
ONTARIO PUBLIC SERVICE,123825.0,4250.74,Attorney General,"Provincial Judge, OCJ",1996,4c7ca24bc6a476727b438d0a26ff064bc6a37aaa377709a9ab1bc33c194e80d80b0b351696129fd4b3e690c6d7b8304568cd54403fc57569d6f2ef706e305403
ONTARIO PUBLIC SERVICE,119396.75,344.16,Attorney General,"Crown Attorney, Kenora",1996,5f1a326cec79123ac5658eb13edb139e76275233ca6e17b7424ed71d0e265e61a42bc627a41f8ea5a6d39f600e0feaab24f1e3ade95dec0ff6d9a54b5b1273c3
ONTARIO PUBLIC SERVICE,102705.31,298.56,Attorney General,Law Officer,1996,c44af2d43a3ffebba69820deff3f1c91f006fa2b030a9b8d1dfad0c664bc5e1955456f0acc801a7f896ac92539c3609b489dd1b0adbeddcfe00ba92d1a34275d
ONTARIO PUBLIC SERVICE,124642.45,1798.39,Attorney General,"Provincial Judge, OCJ",1996,f103c107db708e3905a54f4f13c3fb7fbc8a0700cdd494acf8f22453021f91ee8e9359bcf6bc44dc02b0bc862dcdf4bd796569c143fb81c2df784fcf84813521
ONTARIO PUBLIC SERVICE,123825.0,0.0,Attorney General,"Provincial Judge, OCJ",1996,8bd6a2b718c702b3366d66c85cec1649567029ed3c49421a497406d7cf828fdb1b12ab3b5c82ec97e79740c57e033e85ac37eedad4b8b4c00440ec3fcc0439c0
ONTARIO PUBLIC SERVICE,123825.0,4250.74,Attorney General,"Provincial Judge, OCJ",1996,30d757a50f5318defac95753c280a0655c9135a0cf0a833141ff0914c4051f728bcaf85edc934e6138b295248e6529f1b2f2c1de33fc3030d7304541536dd4e6
ONTARIO PUBLIC SERVICE,123825.0,0.0,Attorney General,"Provincial Judge, OCJ",1996,3ab9692455da73f02e737e3ceb50830fde4144de787bb2f2fc73490bd5159448a4cf21b21a676b87ddc054b71b4dee24f6bf23afd90bce75bc885467d775eb75
ONTARIO PUBLIC SERVICE,121725.86,351.0,Attorney General,Reg. Dir. of Crown Attorneys,1996,936298831bc804635c1fa0d515fafe1e12d876339f386b9e1a8c0e1a131c2171abe56dbd31ba63a517a05c4083f43eafe229609e2972feda37dc0068c76f5c52
ONTARIO PUBLIC SERVICE,106685.56,307.56,Attorney General,Asst. Crown Attorney,1996,17f9213a0501db2553ac6785a5079913f954b4ac704a342a152739ee2f4b5541e490add79430529dfac523cb46e9ef4899f71c2a5d1fd78a9ceb84d537e91f25
ONTARIO PUBLIC SERVICE,123825.0,0.0,Attorney General,"Provincial Judge, OCJ",1996,7454237995bf2b2947dc79b76c1ab9ba8851eddfde0edea2833f6fb367853634d5a2019c1a0926b7862d627c07335adb46b73262e112a86930da757bbb1b553c
ONTARIO PUBLIC SERVICE,110930.81,319.68,Attorney General,"Senior Solicitor, Company Law",1996,dccc7477f3d536f702f9f30291ca1f58ad9d08dc00fe894240714c59e770326009008438734da7664af3f32e170a0ba4b8d644242680bbe48c71205e86351bc7
ONTARIO PUBLIC SERVICE,101676.86,273.6,Attorney General,"Director, Legal Srvs.",1996,17b8eaa3e70bea8b0beb91cb66a1e8411dd5ed9a9aa7dfba99b0ce0585519636943c5738c6b3af27fa621edfe05d3b81dc6d145ffd4dd105d52041561356f68a
ONTARIO PUBLIC SERVICE,123825.0,4250.74,Attorney General,"Provincial Judge, OCJ",1996,fc7d224c9448b2e4a0687fd56a35aa51a3e212b1b9e33bbd1c111467acb206d9e26dbbd2f0ec9799d707b022618458c0a28fb93a1145c8048789b1fd59e164c0
ONTARIO PUBLIC SERVICE,123825.0,0.0,Attorney General,"Provincial Judge, OCJ",1996,20dd15ec3d51e74ec309b2ff22b5e0469e3540b1ce2528e044cde768e88a5eae05e46eff85a4035fe8a85df0be0a8a373f2f1fabf9c12d9fedc5fd471b426684
ONTARIO PUBLIC SERVICE,103580.6,298.56,Attorney General,Counsel,1996,f1e7f08fec34a7e31192b45ebd2dd67d10a7e58a37fa0e25de24e4de8c30d030e84d6764020822dce3d1e880cece600a86b783ffc1e475e062e74bde25a79619
ONTARIO PUBLIC SERVICE,123825.0,0.0,Attorney General,"Provincial Judge, OCJ",1996,39b74c6f47183c9b7be3331aa3e71e8f44cf32daa8ea6c51ed0d5626ffec0c2098c303a8206b43df8bf6cd3366168ed9a8992c0b99f4060f466379f0b7093009
ONTARIO PUBLIC SERVICE,123825.0,0.0,Attorney General,"Provincial Judge, OCJ",1996,1bd8087f5503cbafcbc21405ef9e4b02c77c8941f6eeec69e71315a948441f930c797a6ea4e524cdfca17a42770304d74c8afd133de4b18ee27f022192d0e6ed
ONTARIO PUBLIC SERVICE,103580.6,298.56,Attorney General,Asst. Crown Attorney (Des),1996,6ee781cf62da37bee8a41dd93b1119ffcb7ad9b22c87f7e24e283e53139f3ed29058bb8df87bc3b0bc98224d4f12f0cbc68cc05d3adcac6ee6f7813751843c81
ONTARIO PUBLIC SERVICE,123825.0,4250.74,Attorney General,"Provincial Judge, OCJ",1996,ad72ef47c3831c96bdacc13070d49a68f96cfd6c1cbc999e56ea7da3cfc407159f55f6316f0f48dae5be0a2edc8e0bb709da0c7dabf67317e2df42cb51b4db5f
ONTARIO PUBLIC SERVICE,135618.08,4655.56,Attorney General,"Regional Senior Judge, OCJ",1996,c6c04a9423ff7a134e1fcae5235958589558e2c0751dc541bc75c7bf8c06fde5b758f5198c85e7123e0fcb3470f69607d6ac4af7c5163172fda10061232d6fa9
ONTARIO PUBLIC SERVICE,104382.62,298.56,Attorney General,Research Counsel,1996,19a046c390f6ef599a42bff73a117c66623769f2e8493263a4d1cdbbbed8a6633b0c745d903e71dc02c73aa48fb4233a9745f5b6142b7191c8abdd90e2519bd5
ONTARIO PUBLIC SERVICE,123825.0,0.0,Attorney General,"Provincial Judge, OCJ",1996,2e5f0e821274bed0ec352dbe04a7452ccd23d3a27881ba88f6f31f761e1558ca024687ef743da16ade14bfa9ba4a5ac0ca3fbe2d133ac6c3b4f1d76a126bd892
ONTARIO PUBLIC SERVICE,123825.0,0.0,Attorney General,"Snr Provincial Judge, OCJ",1996,45d8b7e9896f6dd31ceefe4296fe4255f6041fba7847a5c04b9bb8b0cfaabe0063f01f315f4ae44cf92cb3b211ad046b2d8ce12014b83a615d6f26950318feaa
ONTARIO PUBLIC SERVICE,103580.35,298.56,Attorney General,"Reg. Counsel, Ottawa (Des)",1996,7ee5d0bd42e6ef49c1915847f298736eb2898c121cd7c5a2ed19f8daf8cd58c280650c5775fc4a73dedd4898465d4b6fe08aa277b209780794dcf36305ad0c28
ONTARIO PUBLIC SERVICE,114462.12,330.0,Attorney General,Asst. Crown Attorney,1996,5a5f4fa7d9dc04e448fa8f76ca05cc5bd36d4e72bed2ea6944490872b66c3184ed798bcec64562d3a5a40ec0ff73cbc09b9ebd2f483a8d75a7a29f8f7873d5f1
ONTARIO PUBLIC SERVICE,103830.32,299.28,Attorney General,Legal Counsel General,1996,17fea9fe2c8edb42ecff3ea001bfa9b55c269652b01775aefe8c12952a3e561e89194f81100ca5e82d02fd44629c293e860064d86e48f67e1f1ab0d3c03edf75
ONTARIO PUBLIC SERVICE,114462.12,330.0,Attorney General,Asst. Crown Attorney,1996,fdff12e3efba4e20b1b483aec6d8ab52f7c21288762aa391e6351e0c8c893a8aff6a0a9c5b9bbb83b7b720163e949bfbf53b0157acdbeaa55a6e6d5931eed96b
ONTARIO PUBLIC SERVICE,135619.12,0.0,Attorney General,"Regional Senior Judge, OCJ",1996,b876975029447babaed2d6ffd14b56e239838e9b0c54e92c6adc952c3aed7334d547494e19d00429d43e50341263022de13ad09d26685ac957498865be1a1f95
ONTARIO PUBLIC SERVICE,103530.43,298.56,Attorney General,Asst. Crown Attorney,1996,379408f925b929d605f77d03972d29373111c58e288f7e5900a95c938e984d249642674b3b4dd8a4d3f69c437557afacdea5a2cd0b7c013e51c03e09e0235be4
ONTARIO PUBLIC SERVICE,123393.65,355.8,Attorney General,General Counsel,1996,d204d46142bb2e84b93805b757be0e0ec62a738268bd7bb37627a623ad1fdd3216358a5ffff52d1e6889ccf2e60178b35ad11b912f27fb63c8610d2191566484
ONTARIO PUBLIC SERVICE,123825.0,0.0,Attorney General,"Provincial Judge, OCJ",1996,d827597e90c3c4285be44c58e267a48c0fd361592764011f929c110f98c3557947868b0c33f78538012a3299fc8551306d33c6f89a645f4e69026a706a265049
ONTARIO PUBLIC SERVICE,119396.75,344.16,Attorney General,Crown Attorney Bruce,1996,00df0a2e8c8559071a06aa7afe7f0bb3458634d0a7e83362cf963e9d8d5fe7390a4b0ffa860ec0f1abf06e9fdb1e22b1de63b4403d981768d691772d478e7a1d
ONTARIO PUBLIC SERVICE,103580.6,298.56,Attorney General,Counsel,1996,c5c5531b76602bc015446a75fa891fdb5dc6c43d9877954b3935f3144cfdee5823bdde06e55d08cd544be85e77f45b0d943dee573b4ce859d0af0d15c32c3a37
ONTARIO PUBLIC SERVICE,114462.12,330.0,Attorney General,Asst. Crown Attorney,1996,d286de932e1386ab39c1896310e86263d6e6d0fb27d2d0b6122ec4484389d7ded4a379e21f05626b0f7508777da36f9efdfe303caa04775f9af43b7bc3f0edb2
ONTARIO PUBLIC SERVICE,115161.46,330.0,Attorney General,Senior Counsel,1996,d2a4c96062737480f12e0c30afb786a22780771698b0bcd407e418cd4b0c57a668acd1610ab990f0832a1496f30db07f37b7a71bf55f37cae83b764610ee6356
ONTARIO PUBLIC SERVICE,103580.6,298.56,Attorney General,Solicitor,1996,0f36da84840b3a966917e4a2d240c15e681be091472bff350751972550fc581ef374b8e69efa1ae53e3691fc5c46c7e49c33b27f885d6b5790d2f8c2a43ac367
ONTARIO PUBLIC SERVICE,123825.0,4250.74,Attorney General,"Provincial Judge, OCJ",1996,81a65a3dda74fac448ea6657ffdcb561abc400d8af0ff80e1cfe87ae4e45aac6151377710f3a3449def01e2d3accef89b9a06b23932b0818ad694267caef169a
ONTARIO PUBLIC SERVICE,100322.99,286.92,Attorney General,Asst. Crown Attorney,1996,d867baa6f912e1ea8d67a670ecb7db54808bb204c80c2dc94a400b63668d87c3a02488c0b85fc3a24c237c50195eaa3c7ab31aff4ff5cac3dc9de9cacfe07c2a
ONTARIO PUBLIC SERVICE,123825.0,4250.74,Attorney General,"Provincial Judge, OCJ",1996,fc0b1c37024022eb4a70aef21b0e30be1b4520ac0f9c51c680d4c0d0105746e8619366bb6fc86784784f01fc892c58de481765d2ed997b677289963796f675d5
ONTARIO PUBLIC SERVICE,123825.0,0.0,Attorney General,"Provincial Judge, OCJ",1996,9d6f54c73a185e454838a57b045f9046a6062fbff6c5fc15b1f4b03dda99ff2a69833992dcf98b138561b695d8df7c600d18c39803df5fc2ef3b557c1f894fe0
ONTARIO PUBLIC SERVICE,114462.12,330.0,Attorney General,Counsel,1996,1e4ad7aa37607fb13a26af0d8128743f69d152ec11e65a0d31b6bd578abcb6d14c639771723e0cc491d43ade4af81bbda158e38531597e76df06d69b2099af38
ONTARIO PUBLIC SERVICE,115295.64,360.1,Attorney General,"Dir., Legal Services",1996,e496863edf70b3bd2fe1ab73646fc8e519450176ca9bb351cbdbae11092476400da144dcecc0fe8fc0c6605e916e6c68ba31c9f40d8e1093bb138dda7923e913
ONTARIO PUBLIC SERVICE,123825.0,0.0,Attorney General,"Provincial Judge, OCJ",1996,f7bfdb55a9c5d93f1de8333fd0a9d34c58aace10e98970f624389cb498a8a028b1007500e3443602b9bc0dcda98c69efd118c27cdb6c591c4b630c9f6f1690e3
ONTARIO PUBLIC SERVICE,116017.91,334.44,Attorney General,"Crown Attorney, Leeds & Grenville",1996,baac0a4b1cc946f0c24ab96731c24d0a3b29b8e8be1320c445d8cf0d981c5527e31937f112bebe58461bfafbd13d89366938df4ad4cceda33f474db1c7b83296
ONTARIO PUBLIC SERVICE,106944.87,298.56,Attorney General,Counsel,1996,ccb5422ef45d5880105ceffe2ef60216966b945976d2c9a958b31441972f938e931e77eb6da58c5675f496d934ba176a9c983ceb7b154cf2f0f3de39d6aee889
ONTARIO PUBLIC SERVICE,123825.0,4250.74,Attorney General,"Provincial Judge, OCJ",1996,9b5bdabc528eee222276fcafec1dbefd9f707198e74265ed8e70b58cc605bcd8c903f946d1d6ed1e17d1f73348ea9937563b56f8c0bb20f9d60073fcf0117306
ONTARIO PUBLIC SERVICE,123825.0,4250.74,Attorney General,"Provincial Judge, OCJ",1996,3e2b2f0f97870a2528707eddf9b30dae2e26c6774e799f93966bc1fd128b490188277bbf0f97be0b77f44ce44fa1e8d886146da178773663cf6bb90494a45dd4
ONTARIO PUBLIC SERVICE,104376.69,298.56,Attorney General,Counsel,1996,adae512e467c8bf87ca150d1dea86feb692e96ff5041eb1ef653541379a0dd2a0c95d50aa3beb092f277f9f366f0d5d6b11796e5c20378c22fcabe89db063086
ONTARIO PUBLIC SERVICE,101201.23,298.56,Attorney General,Asst. Crown Attorney,1996,c2341f24f5a18539a33875212739c8076cf07d30e085f13d2860b0aec77c8723818849ab8841c58faa6d38b9120023d636a8bbc8995be394fe1a1962fe074724
ONTARIO PUBLIC SERVICE,123825.0,4250.74,Attorney General,"Provincial Judge, OCJ",1996,49de082eefd55a606d1dfec65132208f64cccdb273eae58ae270203b9398700d1fe7c5213d03bfd7491d36303306650391bf8f36973dbaea0be5f3a096110dff
ONTARIO PUBLIC SERVICE,103580.34,298.56,Attorney General,Asst. Crown Attorney,1996,3e2d796587d016045e0b2823a61cca0d2f7b3d486bf221da379486101004be3703aabc1cd1c2a2520096655e2bb7b628a7b0741822620ad0906a3084b3230b11
ONTARIO PUBLIC SERVICE,123825.0,4250.74,Attorney General,"Provincial Judge, OCJ",1996,c61cc6fa7e52c89ee99e87ce9746b05ec3d0bc8a55d25ae65f3ad366c376af996703ac505a9750c6cefca80c09caf0eabe38c37a5e2031aa2577f26107644c5a
ONTARIO PUBLIC SERVICE,101441.46,298.56,Attorney General,Counsel,1996,a879e6fa770628ac34d322dc382f925d6f68d56ee92b69ab28a43ad3f2bbaf86bde7ade7e9eb7634fc80ec2d197aaf396ab355e9fc8336dab1865337be031f17
ONTARIO PUBLIC SERVICE,114462.12,330.0,Attorney General,Counsel,1996,07d30369e97fefc329399753c295887733ba4d50caea9fab87528263e4b2042b4bb5a6d7102bb113f6db9744a46a069fbe2127f8c19e04169ef4024e4c8e4bba
ONTARIO PUBLIC SERVICE,107515.22,298.56,Attorney General,Counsel,1996,c8f59db73ea6bd465fc3063c17aab0f23027b1a933346db85aa69fd407bad27204e5b8b07963ca4b696d398c97a98ffc64cc500c281fde5a9930f5c5fb6a6ca8
ONTARIO PUBLIC SERVICE,123825.0,4250.74,Attorney General,"Provincial Judge, OCJ",1996,eb77c0a8a45b545c4d12cff7cb24c87da1c2652885e3fd77711d91bb4923a84572224b9d7fed0567879c750e93e32e28b0fcf73699f6f742ca672f49ab658dfe
ONTARIO PUBLIC SERVICE,123825.0,0.0,Attorney General,"Provincial Judge, OCJ",1996,c45d35370c6ad7f9b471310123b1f7138d97db49bd75f9987660c1007b7f34e2b2b4d9366c3ffe20fed6ec15231aed202f986d52cb7f2f30adb0ba032b2b3979
ONTARIO PUBLIC SERVICE,114462.12,330.0,Attorney General,Asst. Crown Attorney,1996,7172bfded867554b864db4efbe2e17bab96972f87da18f549ae93ac1028a173778adb46e8fcc8efafff8f9cd3ced31c769e456f6c89a019ec40897ef296c0d73
ONTARIO PUBLIC SERVICE,102346.44,294.96,Attorney General,Senior Counsel,1996,0ed04f42564ff2a230fbd1d292ecf21fdace2509f52c60218be1d11e53aa77539a35d9106d01a929ed7c3a3050637d1de936b1ade3cc58d5a80825c5b7f443bb
ONTARIO PUBLIC SERVICE,121694.24,351.0,Attorney General,Reg. Dir. of Crown Attoreys,1996,35cca0ffa66dc60f3506cfea7d03829b994c904a4c4c438b6eea24e1618648621ffd3fd82822f2db7c01078e73a88de3f12d0b5f82adb06af7ff700ba700c765
ONTARIO PUBLIC SERVICE,135618.6,0.0,Attorney General,"Regional Senior Judge, OCJ",1996,5c3b125b1ca1279ead46f4d5a20189e446cf3c39ef51a16400757796b927c3534a71559c1aa241425b1ab2dc401e0b42907e7f846dd9c7bddeb38512df685404
ONTARIO PUBLIC SERVICE,124805.94,2288.86,Attorney General,"Provincial Judge, OCJ",1996,f2cd1e6912f99e9cd0c82e6bb07a50aefcf95782705cd6c1c2f02792c3584d8df9a9ea8dc4f3ee5fb1c6b831e2d3947df5e37b5e3328569bbb0fa670c2de0d08
ONTARIO PUBLIC SERVICE,103580.6,298.56,Attorney General,Solicitor,1996,13afe6ddb4a5c2e670eba032811979e6b642e8f8047f0add86fed994b69b3f8e369e0b6a41f580aa24be4d782370109e1888dcefd92de18f460b879c18fd7303
ONTARIO PUBLIC SERVICE,103580.6,298.56,Attorney General,Asst. Crown Attorney,1996,0df0ff3b82e580598d9a37259a885d240169ca8f91d47f808173bd3137e146267bbd90ad568fb1280ae87a385b2952872c243559408896695482eefaa29d01b9
ONTARIO PUBLIC SERVICE,123825.0,0.0,Attorney General,"Provincial Judge, OCJ",1996,04876594dbe7b8e5832278b9c11192f890b6183b8361e1b8a166e65ae78ad6b05814a22ca5b1836bc4470457e3139ab41dc5f006140f8ea1dd6578fd72b4aff7
ONTARIO PUBLIC SERVICE,103580.34,298.56,Attorney General,Solicitor,1996,64393bd66fb920f4db3eaa1e7781d8577cb1888fe7645f4261fb003d574144b2c5d35126623312be4426d1b95a7e96f9a13fffb7bf79d5df02ff1fa4705b8630
ONTARIO PUBLIC SERVICE,103580.6,298.56,Attorney General,Counsel,1996,4d815bdb92824446be7fd7906e1f9b193100062cc42ee4bd14e36d53da3a85c267f9521b2af4244a91bde3857e2c9648c98d45b9906dd9c47a2bf4b910d38578
ONTARIO PUBLIC SERVICE,123825.0,4250.74,Attorney General,"Provincial Judge, OCJ",1996,cbab6dfb01df16b1bf5eb5fd4621f81af55fec1272e693b033a666be9acfade1869023aa69bab4a61599ea37f879fa762fcf29d6efccab19e5510a62375a6285
ONTARIO PUBLIC SERVICE,123825.0,0.0,Attorney General,"Snr Provincial Judge,OCJ",1996,9c119c850900c12f7cdc8e01e4c94e4007475722e090e4799c2f50c1a0fe9490d57fe747b197d3e5da5b5edeba67028f8ee9ea50015caaf9582a992a64757141
ONTARIO PUBLIC SERVICE,123825.0,4250.74,Attorney General,"Provincial Judge, OCJ",1996,445590bb26863aac2305c4c68f16facf0668cd81053d5945d7cb0faf097d2faadf8a1917eadadd8efbc258c7de7d5860cb8d1b05e6a140eed0291e2aeb9eef65
ONTARIO PUBLIC SERVICE,106945.02,308.28,Attorney General,Counsel,1996,bced830b34a9d99331bc0bd35f4ec39832553234030aa9c94caec3729b3f319f2346bbb70014876b3c632c7eb9253fab739d14355bd9f27f89ec3cf29f8cde2c
ONTARIO PUBLIC SERVICE,119195.68,348.34,Attorney General,General Counsel,1996,355b3ebdc63bccad0be0258988bad9d8f090fb9413f7d13c513a287e105d0da3bc30602cab63a3725f8d11e11d24390e8117a3f1e760a48efab86a65bf834284
ONTARIO PUBLIC SERVICE,135618.34,0.0,Attorney General,"Provincial Judge, OCJ",1996,43eb307d13832ef68da61d50b1620a827af06f11f01f6d841d5e387503f396e22018a0e5b539c852a27f0e3ea18b0f0945ac7f34e796c206aefbef1ff2b6aeba
ONTARIO PUBLIC SERVICE,110410.35,318.48,Attorney General,Asst. Deputy Att. Gen.-Public Law,1996,f797cad48b8bbde49e4b6a4f5450e50845c92b4a41c7cd1d38427a51ac62c6bd690b62ca9ec1d2d0e68881552665198d69b3452015d9a0043133997326211c4c
ONTARIO PUBLIC SERVICE,114462.12,330.0,Attorney General,Asst. Crown Attorney,1996,fa7d65349f021abb47413211969dfdf33044b5243833e2a49d7015d8a402dc3cbd68a30a5590a0ba0de66605638c119810baf7ff218c378b9d79c84f20a4152c
ONTARIO PUBLIC SERVICE,105664.63,0.0,Attorney General,Counsel,1996,71bb90f09604d38c01bc2c2c5c727380b5ef39fb2715c80f25d4e2717020afbc706b3072904b9810d97801b8cb2cdb2b8abbc7f8ac625f97156447a4d5c9a657
ONTARIO PUBLIC SERVICE,123825.0,1471.41,Attorney General,"Provincial Judge, OCJ",1996,ba5fe28906a7e99b5b886fa5a08c0e77a89c42971cce88705506c0118319b534f1554c1be44160b48e12c67593989f74f00a50a67c6d403aa6905c1166d82ef5
ONTARIO PUBLIC SERVICE,104146.81,297.84,Attorney General,"Crown Attorney, Elgin",1996,30dc59b40325c705757c8a878f759b6ae2f0d45bb8247ae2ec1a4b59d3c982b38977f32a14081dfb8804b82e2a634bec52e6c5883736cc94a373d51283f2c7fc
ONTARIO PUBLIC SERVICE,103580.6,298.56,Attorney General,Solicitor,1996,1fc0bd420793a406ddb6b6c8f42a13957e0c0ae38b117b2c61ad55af212a48fda8c49c96635dc5867b9f3197ff264f055ef80a3df8a61baa0804d17af1d39f9c
ONTARIO PUBLIC SERVICE,123825.0,4250.74,Attorney General,"Provincial Judge, OCJ",1996,af560595aea29102d20a71ab94f4ae7d95ebbb4e6dd25319f5e6e86c3fcabe22d60f2b882961e52dfeeecb45e388fd4742e824eb1eb3129b97149d522675d7c9
ONTARIO PUBLIC SERVICE,101952.31,293.52,Attorney General,"Asst. Crown Attorneys, (Des)",1996,611e1679dbbe273687ab5b895ed96ebec54cdad04d4fac964ad0015837ef67de58b1529ecb5367ffb009054332fd50b854f3d8882602f51b71a113275c174c9b
ONTARIO PUBLIC SERVICE,103047.54,298.56,Attorney General,Counsel,1996,67a237c6bc6af008f29eebeffc4f932e31b921003691107833d60c9267c6d51d0a1d589047cf8de517d923578c06a8045094459164ddfb60f75d1fa0f982329b
ONTARIO PUBLIC SERVICE,103580.6,298.56,Attorney General,Solicitor,1996,2450bf954b989767094e1f9606a25f748fe8fac698cde286ac9b8eb5808506e05cbeaa58a7fdabc8ed6444f5b79eb1efd17e654eb756697137bd33330c954e4e
ONTARIO PUBLIC SERVICE,121725.86,351.0,Attorney General,Director Special Projects,1996,47b66b6e0b9484ddd7aed75ab679b291a10cf183966e1e8d72d5037f8c8fc5d53e8afb2260aac9e31a8f32212dd9960ab0b73f1f3ecc9b58873151189d2be65d
ONTARIO PUBLIC SERVICE,103569.73,298.56,Attorney General,Law Officer,1996,74f96c42d2a8904bd98ded1401ccda9306208a74f86dfeb2c8f3d5c970c5439aaf55b6131b12553aab21984a16aa277c2a99d351f2bcd460f3412ba76d9e5714
ONTARIO PUBLIC SERVICE,123825.0,1634.9,Attorney General,"Provincial Judge, OCJ",1996,0378efada6ace234f8623656cce1a9fe86e95b756302d611dfc4645566b472b35ff6b81295f2753f27fd0f21e1b9e6c2cbd6a71ad7d6cfafbc806dec52fc63ca
ONTARIO PUBLIC SERVICE,117893.84,339.84,Attorney General,Counsel,1996,e3b3312241ca0c32bf53ac65b73893a237a25d025bcbe01d50a1f8f37370e1e4aac710ce003bc191f694c86ac81f5334368edceaaec92bd64cb35090324bd0ce
ONTARIO PUBLIC SERVICE,104412.27,298.56,Attorney General,Asst. Crown Attorney,1996,aa9ea3e4a858c3d124f71068c53fa77ca719874b42dfadf117844a8af50979baf00811a271f93bbfce6ef0e288a4814f3dfc635311ce1fb0f64531f2eeb0ae9d
ONTARIO PUBLIC SERVICE,122787.26,353.61,Attorney General,Reg. Dir. of Crown Attorneys,1996,4abf9095fab87161e5b201e72e8bc12c94239e4d93e206afdce834f1ab5f42c2427bd3e37f9a46fdcb04b59cfcc7fb79d799c11bf01276d1357588071d161b61
ONTARIO PUBLIC SERVICE,123825.0,0.0,Attorney General,"Provincial Judge, OCJ",1996,a3332b5980e3559961c73b4e41ce7aa1cca2b1588c0b9ae59ea9fb70878fb0c054c1d3f5505d821aaca4daaed26258e0fa53e07f276738f1bb38658b5d0cf9fc
ONTARIO PUBLIC SERVICE,114462.12,330.0,Attorney General,Asst. Crown Attorney,1996,76d10c981d3361a710ea409e9b0a706a608b0974f28c6e49818d42c89030ca9453f978adadfda5bddb80f2fe6fa6e01ab603a30d34d3f5b09398060df8991206
ONTARIO PUBLIC SERVICE,119396.75,344.16,Attorney General,"Director, Legal Srvs.",1996,d50e554639fcc29eae57acf831636e2a4441e55839130a4334b4599e51ba919d297c3f83ebc72ec67773f313dbaea20a833182852a86aa25d37fdbc2dddc1911
ONTARIO PUBLIC SERVICE,100330.71,289.32,Attorney General,Group Leader,1996,7593abc1fc0f6c3832795c0217eb4f5006b6ca72abe0621a6607620863236e1c2f443c5eec2e8d870278826eb3dbd56ae0b92d326ffeb1a73b1f386ba344d77d
ONTARIO PUBLIC SERVICE,124030.23,0.0,Attorney General,"Provincial Judge, OCJ",1996,3e258d35e0813c12608ee7db08bf4d0fb7f4482db69b177af31273cfacbf2e99806cb766cd3dac5b24cba649d36de8de07b04dec771ccfeee5f6a1cf92c73200
ONTARIO PUBLIC SERVICE,123825.0,0.0,Attorney General,"Provincial Judge, OCJ",1996,54794bf49763007d040e9235512af4c0ff777675e7f395ea49351a4260f897c7217d9b613a77f76b92bad09fbb291e7244980180d8fe8f0bf32d93a882121524
ONTARIO PUBLIC SERVICE,123825.0,0.0,Attorney General,"Provincial Judge, OCJ",1996,902c3484df0d224b6258c17a3d207eb5aaf7d22dcb0b2628a45011947288ebfd5d51ceed5a933745754720b8487360ea44f3dc9aed12775d71537c989ba41f8c
ONTARIO PUBLIC SERVICE,103580.6,298.56,Attorney General,Counsel,1996,d329f48443b98358fd30fe683079daf1cfa998f65c1c75abfbf184e61b630f43e0ddaccca355935c7264ae0943ff1f4df85f54ad9ff90b66259a22e27588a8b5
ONTARIO PUBLIC SERVICE,191708.09,200.76,Attorney General,"Crown Attorney, York East",1996,7a4cc2c69ceacd2945356a13581864e3ef2b0a1e12139b72c854f3391c294e5085142f9161c03eec8146e0bfe7f343f189b9d216daed8fdc1e6f78c321cf02f7
ONTARIO PUBLIC SERVICE,106686.6,307.56,Attorney General,Crown Counsel,1996,b9688d824411f419675e50c896df9f71086234021f7456b7ba6ea94e8bd37fbee3fc94c18e0f5b337178291364ea5a07325d556a065223ef2694b1fd16d1bb2a
ONTARIO PUBLIC SERVICE,103702.17,299.31,Attorney General,"Crown Attorney, Bruce",1996,5ab6002fa2c039e92e40bd8f5cb041279aab4c55dd8bfa710140f96b1738f7619ece85e682eff59bc577daccd71c4e0d65874dee0b489002338966a7b64d1cbd
ONTARIO PUBLIC SERVICE,123825.0,0.0,Attorney General,"Provincial Judge, OCJ",1996,4ba0e40c66dae53231a60f5b08e26f3ea3a6c6d60fe6d8b13a3cefdd749ad1c4ebfa300cb552f436ae8b99b46a8847d3de62b680be9d4ce26898bf801251b603
ONTARIO PUBLIC SERVICE,103580.6,298.56,Attorney General,Asst. Crown Attorney,1996,9d63665aa8fa7b876bdc3242a2b0bf67746bd3d0c99fd54bfab4bbbbfce7fea2c3466db86116ce89e446411a0ab559b7c1d41704af4c090abdb17f417142209f
ONTARIO PUBLIC SERVICE,123825.0,0.0,Attorney General,"Provincial Judge, OCJ",1996,af56ef21650da3519e1e4dbbb07d77b10abbe5ed11bb373cf72e7ee99a0b1e946f8affc43af5655153008790b67d6cccebca717c9e4a957f2a5b0b85dadb0215
ONTARIO PUBLIC SERVICE,102075.1,298.56,Attorney General,Leg. Counsel Rent Review,1996,ce49613a77a78273b3e2ef339c6adcabb2b3351e7ccfc3f703edd909ea9a5b4f4cb16660caf86cc41b1d61ed90f63c754425c0e1832b3fa3bc2caa690a8426de
ONTARIO PUBLIC SERVICE,123825.0,4250.74,Attorney General,"Provincial Judge, OCJ",1996,b54ad2b5807afaeea04e53508006549c6fe190bfcb5d68e6e42d8625bf6fedb869db12b0a8bc402075cd56d30a737b7f09ad031aae826ce62573515d67c7ef51
ONTARIO PUBLIC SERVICE,123825.0,0.0,Attorney General,"Provincial Judge, OCJ",1996,ab817bb6d4b62e078e8b943b7b4d10a4a285b8458a5ca3d6b5b834088eed12f7dc42c8eab4b250e6d5c382752f395e0f6806c27b8d7738cac49c648c09fd7c83
ONTARIO PUBLIC SERVICE,123825.0,4250.74,Attorney General,"Provincial Judge, OCJ",1996,4022faa84e8b08fafd86400c4b30e7904942a8adb05d74ee7b97087a7f9259aeecb8394705fb60ae6804ab2c3ae1ec7f593693bc810c32e98d9bdc3d2e618cfc
ONTARIO PUBLIC SERVICE,119396.75,344.16,Attorney General,"Crown Attorney, Essex",1996,c10805c42386bb83837896bc0031eccbc147655ef604a264d4d8526fbdcf80f96fedc96cce65f1fca6815330fe0d6ec2693c33383c9c8c636e69b6d51bc8b805
ONTARIO PUBLIC SERVICE,123825.0,0.0,Attorney General,"Provincial Judge, OCJ",1996,1aa77628a551d656ac13a631a0fdb52639be0168fa965dad05788e80b6021cdd8e03ea9e8d49082faf42a3cd00fde82243390758e0b95491e7c1b23a55d9d456
ONTARIO PUBLIC SERVICE,119396.75,344.16,Attorney General,"Crown Attorney, Wellington",1996,e4dd49b421c68a946c6cbf87025db4562c2db0bbf22e67f217de62e80f45e57d52959f3dcef63a5f9f9dc53a6b7f836f8dd8d2c51224d7eb7605db5353f83f0c
ONTARIO PUBLIC SERVICE,123830.93,4005.54,Attorney General,"Provincial Judge, OCJ",1996,e4ae59891c7b0371dde6146944aeb56b4febeb5a0402023f73664c20fc44f7fa6ea1dde36205b38d0e53323b585854b3489c0fd832a67dd89d3309236fa700d3
ONTARIO PUBLIC SERVICE,103580.6,298.56,Attorney General,Asst. Crown Attorney,1996,cd0c30aefdaa2470e3a62e8cdd01ecc0fce6a0563625e27c8f72d4f6cdf9a05bbcce818dd701990921ae80f1f0003c1884be2b888a651e45c2a0a91801b74cce
ONTARIO PUBLIC SERVICE,100319.02,289.32,Attorney General,Counsel,1996,383cc12a9e78246c513db1051d074808d1caddc63f0b14509245bbad0ae2da972ba9366ddcb4df962220247eb8cdb201d3d944953155e2c46b58df22bbc75937
ONTARIO PUBLIC SERVICE,113127.59,326.04,Attorney General,Counsel,1996,5f5fdbf470cdb03d42435fd603448c18ba05120db6af1d3fe45ec24c74db8124e4d1520726b247d8b464680c6dabd7f1a5ce7673606adbb481c2c192e27e1fb0
ONTARIO PUBLIC SERVICE,103810.2,307.56,Attorney General,Asst. Crown Attorney,1996,a2f70544e16464349f57ff1a555b50d5fd85e9742b443252ddbf6d9d3d4330c860c0a5340f0a437c31ab38e6a353f718411f976ce19794546c6bcbf42dcd10b6
ONTARIO PUBLIC SERVICE,123393.65,355.8,Attorney General,Public Guardian & Trustee,1996,8d3ddfb3d295ff71a965d54ac1acb3d70d32bd2eaef8545d40f120d6837b1111e359848e4c476e3f05b49f201bab905566f23fd3ada89f510204bbc12b5f71d5
ONTARIO PUBLIC SERVICE,123825.0,4250.74,Attorney General,"Associate Chief Judge,OCJ",1996,a6e499839e1c1ca7bbdfe46b7c3c3f373d1828accef85aea2632eece04489df8d3a6c0d2a9ebbb28a3c2f977dfdc62445a3404639e089695923f3adfae465da5
ONTARIO PUBLIC SERVICE,123825.0,0.0,Attorney General,"Provincial Judge, OCJ",1996,6a59ebef7cc473bcf071d663b2b1c2bdfc7afcfdbf87c5c3bfa1359b1053c20b2ab74345556d1cd31ef02b7dfc4e642855db6baa7ee591b642cf990d2f2cac78
ONTARIO PUBLIC SERVICE,103580.6,298.56,Attorney General,Law Officer,1996,b6b9b5bd2e3a0c2a7d65f62e5729415c65dcfbcfe81a65119458ff520830310e85ab0a8fe29e5d9f380692f2a22a9775e74906b5053fa0480b74a8040ebb28ec
ONTARIO PUBLIC SERVICE,106684.57,307.56,Attorney General,Legislative Counsel,1996,cf273c4723ffa3ea99279738cb263f371514005601e713f3a7f36d0a41a31257c1fe82770c77c7fbe65f706c28f79ee200153b0ad19f4383fc1b9b0d25243543
ONTARIO PUBLIC SERVICE,120355.47,344.16,Attorney General,"Crown Attorney, Niagara N",1996,cfa282ee62077f830794f369a095adb1dd4e8ee219411f70f76d4a4c5441b61ce5c1c6c0106e956b95664db124edc02069865127f7913932c21d03b4017c32cb
ONTARIO PUBLIC SERVICE,119327.37,343.92,Attorney General,"Crown Attorney, Haldimand",1996,3d1f14de44d5aa7939707bfafc0688876c327d0f50e1cafef557978162ba0dbe789b73ea67706a725eff2b396595c129bfeafe0a5cb2f264872f804e0b305775
ONTARIO PUBLIC SERVICE,114462.12,330.0,Attorney General,Asst. Crown Attorney,1996,afd5e04733da1f9ab7f37587e1e5f34b8b7444017bade1fae80c90e1ec269aba0a33183e1d864cd05e99fe63ab1933baea412ab717477e48ef970f8cc1eb1629
ONTARIO PUBLIC SERVICE,101667.32,293.04,Attorney General,Counsel,1996,66818181d040d10888d0a014af47de562317dc7eba37d84c67c6cb8018255a91427a5f46b71f3f37c5d23fb829cd22946f0e6da634080c49935a7e8cf62af8d6
ONTARIO PUBLIC SERVICE,123825.0,0.0,Attorney General,"Provincial Judge, OCJ",1996,be7ea7572309f10fd8a589e48c7c38a903e7600b4a2b936282c95d5481aecb56f31e331ef9970df3d4fda4173facf73490b0c49ba053e11b94a1ff875a62e945
ONTARIO PUBLIC SERVICE,123825.0,4250.74,Attorney General,"Provincial Judge, OCJ",1996,22e517256093704d84d44c7ca264645fef9510e9fcc5816d3736fceb70f88eaa57998ca29ddfd54daff0472c384bca26f0f960c8c1042020f65e6773a6f9837e
ONTARIO PUBLIC SERVICE,106269.38,306.36,Attorney General,"Crown Attorney, Sudbury",1996,a5e7e3026aecf90041f43ddbea8a866fe31336027a2f918eab154c6493ead85d1fcb4743d13cbee25bc7294ce1837a79daa44007b5e0a44dfb5842635db03a64
ONTARIO PUBLIC SERVICE,114236.89,329.28,Attorney General,Counsel,1996,c6918eeae5fb75edd686b6d324c7090783a459ac05b3cd92664093227c8bec6e08e81691575db2994914521c197eb1d7f2d2570369681f9d336a4acd5a76904c
ONTARIO PUBLIC SERVICE,123825.0,0.0,Attorney General,"Provincial Judge, OCJ",1996,9477ec6ed323b5ab1273cd1c99374cff24e016bc4264f1656ba3a3a13c46ecccf0d8c1bf649e01a7f0c223adacaa41fb7d245a4be1fcae74bfe347a8624004ab
ONTARIO PUBLIC SERVICE,123825.0,0.0,Attorney General,"Provincial Judge, OCJ",1996,73a6da5476a8184022aed62b95ae03326a097d03cd0f72540c9f7cac11cb68b923740538c21d56abfe2e09cc95ad51134864deaf934631e40561ef396377253b
ONTARIO PUBLIC SERVICE,103580.6,298.56,Attorney General,Asst. Crown Attorney,1996,eb156bbe70890c372085e510c211334a2d67cb32703117d80d0adae0b4167c29b950ae9f6218fb71e5c8267d151c1461c7d0e1e2a35595c35ee65ab8cf33decb
ONTARIO PUBLIC SERVICE,123825.0,4250.74,Attorney General,"Provincial Judge, OCJ",1996,ce8643aad25037787d59803a4c8abf077f12d493c434ca962b73ded874f08ffb6b6b2ea52dedd064fdb40a4db27d44b353c8ee2f030a22a7971eef77ac258eb1
ONTARIO PUBLIC SERVICE,114462.12,330.0,Attorney General,Asst. Crown Attorney,1996,481b986b817a32c6d8d299409d852eee7a6efaf0ef850f5bad2b81df77894fa3e4852aa106d33cad8031d1db64cff58830aa9a125e9ab354bc6d06ff95bac2ff
ONTARIO PUBLIC SERVICE,123825.0,4250.74,Attorney General,"Provincial Judge, OCJ",1996,567ee88cc501a1a4d5bc39b4b6fdd14783421b71cb6a31b87477408dd2cd592a09605404f7124a04dc68865af26c899eb290051659d2925934cf880e9ad66544
ONTARIO PUBLIC SERVICE,114462.12,330.0,Attorney General,Counsel,1996,a7d7512a020651a14d46f6730cab3b0e0d363f8eb5ffd643add91685507723fbc6b38884a71511554ab1fe780877f60f3b2f272dd5883bcbc30f8f084ad715ed
ONTARIO PUBLIC SERVICE,123825.0,1144.43,Attorney General,"Provincial Judge, OCJ",1996,7e125eac5f32c5754ec7562fcc29c82466d9b6f41b9ed83ae90c6926e4cc9b217c2790c7371f6975441d0be2c8c4371cdd8684fa42736023a8e4b33f2730e094
ONTARIO PUBLIC SERVICE,100611.52,0.0,Attorney General,Law Officer,1996,22163aa4e664f01a7d60968aa9a9edddee3d97b94d65f22968cf8ebb94237cd9275919ba12927ee2bed3b827ad27f24d24efc5390b460f53698735e06951d1da
ONTARIO PUBLIC SERVICE,121725.86,351.0,Attorney General,Director Legal Srvs.,1996,a73b412afe37851076ea6dbdcab4019e3aef253d845b624b64cfceefa7af136a12888c563eacb0576a1491ec364dd2859bd0861042e3ac574c721f52ba924c06
ONTARIO PUBLIC SERVICE,114462.12,330.0,Attorney General,Asst. Crown Attorney,1996,56b58002f1c25989d239c963d8c17232649b0598a658d2c0b587962bbdf92a4be7eb0017a652fd31b23e0182dec73c5c7676bbf9c68f6ada39764b30f80e0fb2
ONTARIO PUBLIC SERVICE,110169.3,330.0,Attorney General,Counsel,1996,dceb5a8660182af6fa8bf698930e26dc24c43bf22599958e975a57b9c7c9d962c421ae24cf1b1c8b85accbeb9783f9ab59284c8588470bac27cbf759b700c2a9
ONTARIO PUBLIC SERVICE,123825.0,0.0,Attorney General,"Provincial Judge, OCJ",1996,1ebe41cf7688fee6bc17bf1833f25b5e9c4aa979258856c6266dff1ce0e7880ede3b91aee74740a32299216341940c53e265517590a10e8c4e041433f561c6d5
ONTARIO PUBLIC SERVICE,114462.12,330.0,Attorney General,Asst. Crown Attorney,1996,da8a80dc913e431b45529bcabc80d7fb0bdb717c2d48e6723644a785d11c3b1c56a19db84e865e30496408290f35203024be4f6c360c6b5be60e5c6e59e8416e
ONTARIO PUBLIC SERVICE,119396.75,344.16,Attorney General,Director Legal Srvs.,1996,1c6c1124222ca90f4e755a41844501e248b83b905c37b9382c165348417edeb94f956cf3e3eebfb677eeda4c5689cb87cbc301599f7b5c3029d7e422d188e412
ONTARIO PUBLIC SERVICE,110077.25,113.4,Attorney General,Investigator,1996,7ca3fb2eeef46ddabbea6f773dd4d17837ee1aede2b80506f5e640136bf07d8385f064b963e060fe30e4310722924a242e85ec0bffbb6591b1fb315748c4b7dd
ONTARIO PUBLIC SERVICE,123825.0,4250.74,Attorney General,"Provincial Judge, OCJ",1996,8473dbd41f5409e0832038b2c535b978437b79375513ff57e55b3e5c6c36e10cb1017aafd6cf3cbbe28f877d37713d25531a6ee74d1d9428bc0cd707470fe148
ONTARIO PUBLIC SERVICE,103580.6,298.56,Attorney General,Solicitor,1996,ff6ff97f742633f60fcf26efc1b5a1a78f4843889e9f6662701bc0a3d759ae223027bb298b0ef9712da7aa7004f14eed149a05c74c529e1d7435ee4ebe2f67be
ONTARIO PUBLIC SERVICE,123825.0,4250.74,Attorney General,"Provincial Judge, OCJ",1996,13dcd7d2184ac1e7f7c67c96de694b4741cf5f646e4fa89021e2ff07763efef8d508dc7d7f58d77e2e21765d9009ee4d83983269bf44a3736e5d3558ae9b8d36
ONTARIO PUBLIC SERVICE,106210.11,307.56,Attorney General,Asst. Crown Attorney,1996,c2cf0dd08e5f8bef6976c1d762fb97f44c76d0608d3eb4a7a2649cb6c423f0a4fa333031cf48e7a63c24991d45a802ff7dd28082fe2d3a4f01bd1b12cd6a4685
ONTARIO PUBLIC SERVICE,123825.0,4250.74,Attorney General,"Provincial Judge, OCJ",1996,dd3caf752213bb57edc2c9efe00c26ae28840329b0c89fe799fc786862a1f0349bfadc75d3ba196581094d815053e3e9f65488017dcb45d4c287351e025ddadc
ONTARIO PUBLIC SERVICE,135619.12,4655.56,Attorney General,"Regional Senior Judge, OCJ",1996,617f79854e30a1f54915ed7c9a62588b49dda5b02792c5bae414f60e9ab8ddba928a39b2e70f0d4802958e2da48413e3cf183db1bb49df592b6fa83662d5bd77
ONTARIO PUBLIC SERVICE,103580.6,298.56,Attorney General,Asst. Crown Attorney,1996,981aead04e747552c3e310a3f42569b521421e3afa8bdc4f6cf480a30335fc8631beedf3cb2733d321fc740670511475305e95ca2b0503f0bc979bf127426916
ONTARIO PUBLIC SERVICE,123825.0,0.0,Attorney General,"Provincial Judge, OCJ",1996,416dce4b740553fa22bb18bd087e9d60cfacbe39eda373a27b2c031d13187fec3fccf80266b80591094f71ab3869aa1aa2a7db1a1f9f7c00c50546c362c5eff2
ONTARIO PUBLIC SERVICE,123825.0,0.0,Attorney General,"Provincial Judge, OCJ",1996,3ae9ffc69e1162917a5eb2618434ae2e6036f2235423ec456fadc47c519b82dd4bbb8fca1ecd663dac500ba0f8ef052fa01eb93ed87cc6296dacff0ac36d9704
ONTARIO PUBLIC SERVICE,123825.0,0.0,Attorney General,"Provincial Judge, OCJ",1996,2e1a1ee6fdcbc7e2563d740238e8a58d2d9c6dbefc54788d0d8e147263d577e9dc3dcf01dbf3a4c28eb559d34fa03acfa2a9980658f93da62a0ae827c3b981ae
ONTARIO PUBLIC SERVICE,103580.6,298.56,Attorney General,Counsel,1996,af912f9962ffd4b303053aa52db405edd785d9a11d4bf73514d2eb7c951eec69a48ba80652be6c0521afce546edbb897bf0f53fb7a1442373bc1b8fef89f596e
ONTARIO PUBLIC SERVICE,103578.62,298.56,Attorney General,Legal Officer,1996,a9cf96b711f95e3c30b26c70666daff1692ccb99f9580d1f53c35681455ace880aeb96dffed4883d3289e4a39b9204b06ebf1a5a37e4f3297ef179baf6fa765f
ONTARIO PUBLIC SERVICE,123825.0,4250.74,Attorney General,"Provincial Judge, OCJ",1996,68762a0d6cb0b8f0a7bf4b6ca1c7bb5f04217a871a85952e78e391cd5c86c69c1ec259d3483082ecbda0db60f060c892ccd2c83a070dae975c00837fc9a8da41
ONTARIO PUBLIC SERVICE,123825.0,4250.74,Attorney General,"Provincial Judge, OCJ",1996,92e75d9598510eff1a4945da895daf0b88ee95b05259d9bfdfd6c3f7d50f65333dde85c3d967bb8acee18c681af5ebb9b3c2ecae8346b02378694547723d635f
ONTARIO PUBLIC SERVICE,104412.27,298.56,Attorney General,Asst. Crown Attorney,1996,03488dd88f07b61d6079189816843846b6fd1b4c5356684f1322b05ec8eed3733ffc01c673d51973ab70d03128270a7827b27c3b0e765dd331b40a47729eea94
ONTARIO PUBLIC SERVICE,103580.6,298.56,Attorney General,Asst. Crown Attorney,1996,6e19cb009835a32896d0033120e3ea30f8df665bc9501668e05d5199251047b083b183df2d2d5775f4f008ca92cb8ad5e3f39617d007ca9f2fae092991e20920
ONTARIO PUBLIC SERVICE,123825.0,0.0,Attorney General,"Provincial Judge, OCJ",1996,20608c4adcaaf3a19d610ba3ee012bb53bb8feefd3f605be645f4f7ff8a272bdac2ad51d4f2406a063d720adf3176a74c9cc0de894aa47ee6271ad0fc29b36dd
ONTARIO PUBLIC SERVICE,111186.31,326.04,Attorney General,Asst. Crown Attorney,1996,654f60ca7d0cb896f17da0bac2be991de64716ed3586c70076928ae1e51b5979755d8961bc15cc105a32828b6a142d7b01e3c507cdf9a0d2e7de811be5a21e73
ONTARIO PUBLIC SERVICE,123825.0,4250.74,Attorney General,"Provincial Judge, Niagara N & S, OCJ",1996,50383918950a89e9e914ee343193b0a03ed45bacd0848a38361c2d7b69ff3e5ab47864bbc3033ceb4ad33b8049364c13cac7f3e3c88e4d72d2f36cde885f0fb6
ONTARIO PUBLIC SERVICE,108801.33,313.68,Attorney General,Director Legal Services,1996,88e0b3ebba94f516260521dd42f57894e2c17f930a13a7838895a581f53017b1b6d882182ab08104f85b232c8b07811bc3236b663f29ef147fcdef3ea5e73c8f
ONTARIO PUBLIC SERVICE,123825.0,0.0,Attorney General,"Provincial Judge, OCJ",1996,f5b91d6cedcc9b6745971f96578f8dfeb94777561cd7de649f7b6444866121cf2332b82ae083fb77108465b6e7ba1d4ce79923266d9a61041b8927cd2a01b819
ONTARIO PUBLIC SERVICE,103580.6,298.56,Attorney General,Legal Counsel General,1996,632a52eb3f235e1800f8f02b8b2199cb115605b6670cbc9483dfd2123c905ffed592e7bd3307e359f3b322cc8a9113597bb4397ee42812cd349cba6145a64e83
ONTARIO PUBLIC SERVICE,123825.0,0.0,Attorney General,"Provincial Judge, OCJ",1996,3c90d77344818a2f53b1f86883ed2080dd12b63e4ff87a3036639d79b3bd0cfbc5cc88d5af3a4bb9b1d9a0b859312b407ba8911f20e5d03ec7f43c5747836c5d
ONTARIO PUBLIC SERVICE,103580.6,298.56,Attorney General,Research Counsel,1996,936ae22f95c75dcef378175d63dc079781f534f55fff5d1808828f817dae767618002a7304ec1874f6a0ca27c9f580ee92f1220518606f650273bdfa976b7469
ONTARIO PUBLIC SERVICE,101446.59,290.16,Attorney General,Judicial Research Lawyer,1996,63f0101f9f59199952f6f0d86c15c93e6fb04b56ca7b5d45fc4d416115e4fca5e6b13523c6b51621c2d52ccaca25c3fae2b61799026d6f219b60a331333d6faf
ONTARIO PUBLIC SERVICE,100662.51,289.32,Attorney General,Counsel,1996,592b27892391973f1da1304c4b01cb352aa92c83b2975bb5f6577ef1a4532df3550a401d616a69a2aab27cc28f9233211f931a6d2199af6e9cc12b0a5591278d
ONTARIO PUBLIC SERVICE,102741.09,296.16,Attorney General,Crown Counsel,1996,fdd7af6f15f9ba91d2f7f2e8ee3828612cf31cb2815fb5f1aa43064b922c5c87097c5204f3e88bf8b596b7c3cd01954f5e8a58701468b3c58631602c28df1feb
ONTARIO PUBLIC SERVICE,103580.6,298.56,Attorney General,Exec Offr To Chief Justice,1996,a4c9a7c106af190cc137899b42b8f4c920377b2229e476939e564d48996efaa2c7d2a450c366474bf02f3eafe03120bd0b28d2ba1c116ff9a735c0776ff1930d
ONTARIO PUBLIC SERVICE,110976.48,319.8,Attorney General,"Reg., Court of Appeal",1996,89e5448d8dc05b2de9236196da6aedd93ae4b11246e08e9628e6003f32dddc1b4c02489ef8936a6c22f864e0b765a8a3117163b53b2eed373cce8431a9299515
ONTARIO PUBLIC SERVICE,123825.0,4250.74,Attorney General,"Provincial Judge, OCJ",1996,79cb98b005228d6b38cb96e4a935e6bb6a9763abb83a996815434ac41925b1f16380e84546f10f0fa3585b972b5d2746ec0a8b0fab012ba51abd7e40d8008b6d
ONTARIO PUBLIC SERVICE,123825.0,0.0,Attorney General,"Provincial Judge, OCJ",1996,921e6935bf47aaf025797eb00303b38ff1488b2abad46961ac36fd9ca1e69bd91c8e556354dacf8ea33d7f180179cb2f19b680ee65cf29b2d8d520878ad76f4c
ONTARIO PUBLIC SERVICE,123825.0,4250.74,Attorney General,"Provincial Judge, OCJ",1996,0c1cfdbe3450753a021c70385e63878b26030e8bb3bf62b7448fdd9a2d9ab88aea9c6f419c94498a1e9705296e1606fa1d795d83421d22ba26f102b4dff0500b
ONTARIO PUBLIC SERVICE,123825.0,2615.84,Attorney General,"Provincial Judge, OCJ",1996,976748af994ba84336882d4ccaa3198583eff5fcdccc94f697865f178b922e25496bbfc433481e8d506f927a2b5ac9d5a917c9b41082bff26e722cde567caed5
ONTARIO PUBLIC SERVICE,123825.0,0.0,Attorney General,"Provincial Judge, OCJ",1996,298721dca4a6418abcc4c7f5bfe7c63b09fe483e23e00ece76c3a022c7c52e4562bf01cec2386a0d4ee4a7cd049aeb9ee50c03d4c71fe40db5d3c84d389eadbe
ONTARIO PUBLIC SERVICE,103580.6,298.56,Attorney General,Assistant Crown Attorney,1996,0a8c96214ea62f1f3d673f5ed89e1772f029745ab94c637e118688b6b3aa3ef4eead169a734ebca1ee54ab1ffb054832e10340cd99cc42a64eab4271f65fab18
ONTARIO PUBLIC SERVICE,123825.0,0.0,Attorney General,"Provincial Judge, OCJ",1996,443bb48d29f8c0d6e684fa89f93e62e56c441c20e0e5acc6185ca27653e1058110f8b4a47c6f3684f5fa97452de50dc81b235a2850e8653f726e0a069b0b771d
ONTARIO PUBLIC SERVICE,123825.0,4250.74,Attorney General,"Provincial Judge, OCJ",1996,1c825f32afbee3da37839a91f7ed5142b98ce244e68e290dac2de4030869d43d11c7ffb1c7cb26fb7918e06f0b3fa0207b36fd61105acdc9c96d74965e1870ae
ONTARIO PUBLIC SERVICE,139687.34,4795.44,Attorney General,"Commissioner,OCJ",1996,840ef5ed873d615aa3c3aea4c4df5817f396b6ed107de9f57a319fa11bfcf40c9a3f770da6de71c6d700fda2f1ee67069c3537bde84797b5884c55673d53b0c9
ONTARIO PUBLIC SERVICE,124338.27,0.0,Attorney General,"Provincial Judge, OCJ",1996,40503a3d2f758ad0066063fd0511a6eace180f89087ed9b1eb6f8b0cadd630f2fc18d6508f243876d027538353773cec9dfa8f3c10abdaef0738bd19485803c0
ONTARIO PUBLIC SERVICE,103580.6,298.56,Attorney General,Law Officer,1996,5b50fc3866936d733df0279cbce6f7373bf4b02fdc3cbf86d218c1e0bf4bfae446cfbe142a11b1c9ca03265bdf0a92905ae6bc949207e2d5427cb2e94a1575fd
ONTARIO PUBLIC SERVICE,119321.76,343.56,Attorney General,"Director, Legal Services",1996,18d3ff354acbbd52c22ffd848059f9160134f208fbb7f3d11df7ba538864d87a98732f0050e188cdcbab24f77f4e63a3c86c2166b6df9affc4144e9953d6c507
ONTARIO PUBLIC SERVICE,106686.6,307.56,Attorney General,Senior Solicitor,1996,fdac2e61bbe4a938a01fdfd36a2827f56b16f55e613a2bc74b1ca6dc8103c87d2625c57263a8181a03b16e142beb0fd6d30dca34d0088f07e3a7f6de04e0d56c
ONTARIO PUBLIC SERVICE,108342.01,311.15,Attorney General,Deputy Director Equality Rights,1996,d4fb6c705c3e82737937330f552997d3fbbccd22d74882e709fdf6dedfb073efc128846bd9af17d01e9a6987c401dc56f4da0b4e44d1555aabd8679a6043db33
ONTARIO PUBLIC SERVICE,123825.0,0.0,Attorney General,"Provincial Judge, OCJ",1996,48fbb72af7dcc780b3556d2ae8478bebd550c32cf1cb6b97b22a7b17b605a1a63b730fbc25cd8bec57f78cdb33fdd918e7667b2c8c4b8a9e912adf10a57eee7e
ONTARIO PUBLIC SERVICE,139040.28,0.0,Attorney General,"Associate Chief Judge, OCJ",1996,ce71bf4f3b848535f4371c3e4229f4f92cc8b8f6b14832344e09cd33008ec2ea237db9a2cfbf2e0117497eed39c3c03fcad1835846fd5e8c60e3bd1995c3d5ed
ONTARIO PUBLIC SERVICE,123825.0,0.0,Attorney General,"Provincial Judge, OCJ",1996,c0390c04895651c6502aa5a522e5c0b35ffd2a72535a36a1546fb1b50b3a6bb8c217e8883edf53b1e6794662c6b5c86653fa80ee539bbbb2bbebdc5ff1e5e0c9
ONTARIO PUBLIC SERVICE,109576.4,315.84,Attorney General,Crown Counsel,1996,b17737629a0738a4dced7ed4043be1d3a24d73162d9bbd4681775fb7f6b5a80f9365dafdc2f200ca9921c1198ec480f6194185d244a06e6c4ddbfbdb8d3368e6
ONTARIO PUBLIC SERVICE,103580.6,298.56,Attorney General,Asst. Crown Attorney,1996,3cdf0e5717f54a5722824ec8d393c334f4b3539099234062f3f7f289b47f45633edd4f945b8784880fb33016f9b08414284ef4231f9db9fae42be98f3c914ced
ONTARIO PUBLIC SERVICE,123825.0,4250.74,Attorney General,"Provincial Judge, OCJ",1996,600b2083b377b0ce7ccc417fe6dfbf9316460cc330ba0c7ee63e171682f84bab84ebf968ce7f20e0b39b9cb75a66c400a41a61b9ba653833ab15583939082519
ONTARIO PUBLIC SERVICE,123825.0,4250.74,Attorney General,"Provincial Judge, OCJ",1996,81f07f8c12f24997b03c4a3d87827ae2ecd54e30c56ba679c90e0621fcfc21e19870e8acb083d5b11c39ab9ccc4dfe82353e7b59276f69b72bc5b6f39af7ceee
ONTARIO PUBLIC SERVICE,103580.6,298.56,Attorney General,Solicitor,1996,30430c002465c5d5e64cff97dc375b22ed18a6abafb660314854d2d76c46f52181c77c5253f605b22922117e8539e4d9ffce823eff2f19cc509d6d5379961e39
ONTARIO PUBLIC SERVICE,115854.0,302.5,Attorney General,"Provincial Judge, OCJ",1996,7230ea0a6bf65fa07154034ec51c263598317ec1074b37aef9364a29e702c166db3ed8b55afad8a2d4a395404a49f45498a7c4a0ea61f0c2dbd65f3989594ddc
ONTARIO PUBLIC SERVICE,141513.84,0.0,Attorney General,"Chief Prov Judge (Cd), OCJ",1996,c0d7547f61b87cfb606e66634baca7e22a19fc79ff4f240c2186cc6d9080dd824ef27e33ec8c188e798425f20b23b07a989f6ef7cc67ee7ae1661e2345b5f68e
ONTARIO PUBLIC SERVICE,123825.0,0.0,Attorney General,"Provincial Judge, OCJ",1996,bcc24c7b796a62e9b44eba7ce08f107df9d0712810833ac1ab2cd22c7f61b61fac12ebbaebae3493d4fb011261c48629156969f92db7b394450b9492aeb97be1
ONTARIO PUBLIC SERVICE,114462.12,330.0,Attorney General,Asst. Crown Attorney,1996,18713e7924a1ffb6209e9b69898f9e7e66017d4c94447be6c7e413d87dadc55212f4c105470358ff570f5cdddbf3ced5b50ad840f567bb5c423d0904edb93f2b
ONTARIO PUBLIC SERVICE,115792.83,330.0,Attorney General,Crown Counsel,1996,bc75c5f7ad819717d1ec2be8340994475f808dbd95736b3a3377a468555efe43bbe0f7d26443f127c07497f523f83ebc45e62370671960589e78af7f0881bcb2
ONTARIO PUBLIC SERVICE,123825.0,4087.25,Attorney General,"Provincial Judge, OCJ",1996,cc1eff43e81aa84088e418006f639fca10401849176f1b8fcc232c3e7baab711624c301fa2e0648fbb74546e88dcffb91e436d7da628aab62ea02d04b5dcfd6e
ONTARIO PUBLIC SERVICE,123825.0,0.0,Attorney General,"Master, OCJ",1996,3151ab2e9ece49e43efc737c3b07eb9673da90ff31fbd38990ab0199253ebd5de286d4a1be16822a39347882eb5a4c8da807867ce0e8c4bd862018e7b8ca8650
ONTARIO PUBLIC SERVICE,103580.6,298.56,Attorney General,Solicitor,1996,407f0b7b7cc51870dd7a01f11dcbcb49e04f1d213f353a8672f3d36ce1094f6f629f28a9be53de5686dd2ccdf65b5f14d0707eb3dccd03fcf8f556e5b204597d
ONTARIO PUBLIC SERVICE,123825.0,0.0,Attorney General,"Provincial Judge, OCJ",1996,ca0011213eb6f98d92f5ced6909436e960622671aecb4d6b4a068f95263e7f0ec5fbde44896034ae9cc92a1c9b24223e2f9f4cfc87fc57ddd8fed89d86c45c11
ONTARIO PUBLIC SERVICE,123825.0,4250.74,Attorney General,"Provincial Judge, OCJ",1996,0541fff215c08cf403e3d2296778bf30260d3593129d14ce4ff7b28685a8131c12558c459dd0aebcb5f7824f9d1a9bc33bf5ff57debc8d1b4bbdac88f7e1a1f8
ONTARIO PUBLIC SERVICE,106685.56,307.56,Attorney General,Asst. Crown Attorney,1996,dce8dc0f073984a2aa9d64e4f429caeb4f3f7ba3b0973d016f89834cfa578d43d3a66ae36a181c5d42157cb343da9a906c422684cee871e022610197e77a7c65
ONTARIO PUBLIC SERVICE,101823.41,223.92,Attorney General,Crown Attorney Cochrane S.,1996,b47808b3ee555c77a9f476ede1415ec0ce14df6fc75b472e148b9c8653d219260892a6a443581c7a4b6a012ae73e11a4e5dd9a4d8b9cab39aeb3d536002f60ff
ONTARIO PUBLIC SERVICE,114462.12,330.0,Attorney General,Counsel,1996,464c290f56ddc91fa3c9f06f3b1a8ec7df3cf1784a2c70cb55e75d500ece004f0ebfe4d48660781e7419617e5a7905d736993edc7bb770d759d74a57c7316610
ONTARIO PUBLIC SERVICE,122703.27,351.0,Attorney General,Reg. Dir. Of Crown Attorneys,1996,54560c0bf18389375e360b9d181df334b6582835fbef748426ac5828bfe257307c62c40c185a57e87935fdb23aff77f6ba6062e562285b9f5e943294ef733df3
ONTARIO PUBLIC SERVICE,123825.0,1634.9,Attorney General,"Provincial Judge, OCJ",1996,14489b32d41bd3f9581dd854297cda4ed5b369d1a1ac28c1be3c5fa701a5ce9676cd39cc62b7ce35dcd9049d1820cc785b48917c371ffc0ddaf94323965ef8df
ONTARIO PUBLIC SERVICE,103580.6,298.56,Attorney General,Asst. Crown Attorney (Des),1996,85673e96f63ea778ea81b9c9ab44caa9824abb2e52f600b1edca3aba6330032711996639aa2ff05144083a1b14797f40c695fca1394e03e928e82b2e25f41431
ONTARIO PUBLIC SERVICE,103580.6,298.56,Attorney General,Counsel,1996,935c46cc79420a179a7cd352fe6147413fc529088dfa8ea3f5d9b3cff6fd981ac1f8cbb626dc2112690c211c3239e1df9c7aa28b9b7a6a162e24f32eb02bdbfb
ONTARIO PUBLIC SERVICE,123825.0,0.0,Attorney General,"Provincial Judge, OCJ",1996,ad94d362647179b300f5e0f59b527ecb28fa400fe6a67c8174f4f8e149235df7578e1855f8662996e7150d3ff693aff0332e60da56820c63654caae0c2bb2464
ONTARIO PUBLIC SERVICE,103580.6,298.56,Attorney General,Solicitor,1996,c49f2cf13152353d325fcfc37ad356415c09c890e9aa0d47d2fb7c438f61e9ede2a3bf020b58324e8bf3ade0262765c74fe3216acc22eefca3cd5fd86d8b9307
ONTARIO PUBLIC SERVICE,117740.3,339.84,Attorney General,Asst. Crown Attorney,1996,9637c5b17b2f0391c73744d3cb6b22ccee6cf9f2beb40cd21cbe156734fac9f9c8df2e527da27e5ae209e4e2558d78f19d642922b85051ed0f2234ab54ea52b9
ONTARIO PUBLIC SERVICE,103580.6,298.56,Attorney General,Counsel,1996,6840d020ec10cfd55abdec3ee010aacece2b0cd92a4803d226837cbd56fa7d15ffa88effd3b60a89f268a7a58a29eabba46e8bc9787d5b867538c8011f788ed3
ONTARIO PUBLIC SERVICE,123825.0,0.0,Attorney General,"Provincial Judge, OCJ",1996,af5f6f8172784d6525180b46cc14c0abb39ae8969f36179f3dc3ea64e8a87a1676476ae2ace92ae7d7e8e0a2343019d82fb2fb45ba1397713f2c8d20bc5a911e
ONTARIO PUBLIC SERVICE,114462.12,330.0,Attorney General,Asst. Crown Attorney,1996,46d8b5c1068deabb98a89a63803781b2733cf7910dbb0ea20a21a6ce7e5d069a6810c96a5d06d2a18e402c56ddcc46e2e529c7615c18e01caa9d0603ab204b9e
ONTARIO PUBLIC SERVICE,123825.0,0.0,Attorney General,"Provincial Judge, OCJ",1996,b8f409727ff1c36cad2a254f22a33c653da22cd021aaf611bda413c2ec59ff245832b7f97055c6263f91f44ddd1f7406630ad8c42ec673660845ff57befd3162
ONTARIO PUBLIC SERVICE,124151.98,0.0,Attorney General,"Provincial Judge, OCJ",1996,4efe304d9986d98d3188e1d0417428441410c641c389fd0563991b4ce33d182f648acaea4fb4bec2f547fd896efc0d08cc28d88f2a21d64c98affc72eccba03a
ONTARIO PUBLIC SERVICE,110931.07,319.68,Attorney General,Asst. Crown Attorney,1996,bdd427e19150abbb8676fd4c2b9af64cf7e33ade6d2535ae4b0424a080e6881d46db06b1b43fb8bed28046d5204caf3ffef681715084612e2ebabf3c564fe8b8
ONTARIO PUBLIC SERVICE,103580.6,298.56,Attorney General,Legal Officer,1996,4b771bb97c6507f130be1907b4e6ec2c51f0f653cc15ff7fad58f4bff6d166e2c87acc7044d5e8ee51bf1c7b90d0207e2ecb249b65a284374bc1fb4b498b3af4
ONTARIO PUBLIC SERVICE,123825.0,0.0,Attorney General,"Provincial Judge, OCJ",1996,adf568aa46a45fe6642fe2d07c6de9424eda6d6fda64faeb346b958d8232ebc5d3785c0cd8b2764b7967ab682204ab0225f98a5b40039efbe78a184eb9c1dda2
ONTARIO PUBLIC SERVICE,123825.0,0.0,Attorney General,"Provincial Judge, OCJ",1996,832030c1bd59480328bc0d0d56f3e7532554ae8f9e023d376dea8fcfef4823512995d99b7eefa54c60c22545f6bde2746b3efd6f9752909cfa271ae0b3f73c5f
ONTARIO PUBLIC SERVICE,123825.0,0.0,Attorney General,"Provincial Judge, OCJ",1996,59921b9d1cbfd20e2988172c2280f070a57bd033403c9fc32fa9f6f4696fbbf1897d6b940c14b5dadc4b89afcba7cf3e32daf6a9e35e0b4314da93dbcff4620c
ONTARIO PUBLIC SERVICE,123825.0,0.0,Attorney General,"Provincial Judge, OCJ",1996,e6588c8e3258f6bb38aa7fb92a1b212b1f4509b3f2fa31f4f5b563d340d380f6860c1182a1c534d75bf8060e4ddc08d65567bf9d5de6ab6e433224361225a523
ONTARIO PUBLIC SERVICE,123825.0,0.0,Attorney General,"Provincial Judge, OCJ",1996,602b83abc61c62d9be8e7857b48ff2c9a47f8a9d310f81f51ea85fb978a4fc31ee384e0eec561acab9c57c464277863dcce3bae8ba7a710dc78cdb6d7a2f2150
ONTARIO PUBLIC SERVICE,102171.56,294.48,Attorney General,Asst. Crown Attorney,1996,d2fff12f8f0ff79bb1ce06a7bc41c872aae4cd8741935c0f957d45e80ece5058ed309428ef29f059b36bf987f3e7afacfe1663d8ead22dd903d60bb56fa1eb4c
ONTARIO PUBLIC SERVICE,103580.6,298.56,Attorney General,Counsel,1996,d1ae39332f5866af20b49726373dabc3bc4ac30569a51cc203fb28f8f22b7365169a41cffa318208643e4ef829a041b4fc1f9777cdd394cacbd164820f9a507f
ONTARIO PUBLIC SERVICE,123825.0,4250.74,Attorney General,"Provincial Judge, OCJ",1996,c1cb2f5133a81d675f2e943daa21a79f7bfd9f5b749fc4613bc27a41de06cd875630380afb63a0f90150285ab1a8a93d545b9e442814e0996bb0a13cdb80581a
ONTARIO PUBLIC SERVICE,123825.0,4250.74,Attorney General,"Provincial Judge, OCJ",1996,1f34972c04e8e6eda413d13c8ced1e19aae9f6cdbabdbfcc41e68b6467e04e2d0689f47780ff1c76caa939adb2359bd28c11617acb76568eeeaf326c06e02234
ONTARIO PUBLIC SERVICE,123825.0,4250.74,Attorney General,"Provincial Judge, OCJ",1996,6a7c66cf7c8ec2b80486a4cd3316878d1c7c6fd31b4a6e22672545833f3afb84945497e7ddffe003ace95c2da00d0927f1d7d4a92eadb9534a1657c698ca3665
ONTARIO PUBLIC SERVICE,103580.6,298.56,Attorney General,Counsel,1996,3e1274cccf2b2005c7791bb7638899bd02a620713bfea84da02fe9e393f749904863680b7f48634041bb033db400cbb8c94ee020ecaae5a3fb0ff1a20ea2266e
ONTARIO PUBLIC SERVICE,124626.51,359.28,Attorney General,General Counsel,1996,f566f19760310a2fba34765317ff6d77066c39b08c1fde28abcd2b42e21019f0c20b3895b090d0f31167a2cef5fbd2a4293607eb9b4534bfafd1debc93e9680b
ONTARIO PUBLIC SERVICE,103580.6,298.56,Attorney General,Asst. Crown Attorney,1996,5ee61a6ad3522a87d888c1aed34b0e31bcef6acae745403fe647c4634d2a809796111adf50544e7a7b4d3c3e13de82f09d95d63d81f361d5b8e761ab19e2c114
ONTARIO PUBLIC SERVICE,123825.0,0.0,Attorney General,"Provincial Judge, OCJ",1996,a92b0588da23f6ea04836c5702aee931a73efee1532c0ae8027d13bf96bee46c9f30f8382de85900e8ef5d7c917bc75175a57858f5a2d0d367a61e2a26851824
ONTARIO PUBLIC SERVICE,123825.0,4250.74,Attorney General,"Provincial Judge, OCJ",1996,f08baab5aa45b7c041dca790facaa1b8d7aec6132c22d301ae1fa9148c0f218095c0c68aa296a0dfd43cdec5b5eafd7a046af26391d494096c7fe1d1974b3cd1
ONTARIO PUBLIC SERVICE,123825.0,3760.27,Attorney General,"Provincial Judge, OCJ",1996,d5acf3d77f0618fd62478ee0e2d9d8bf56b45e724eff7da404a29460bca5767c3182ce782289007fc86ddfa5cb98ce0ac8967a2157b2a6fc5a2d3ee6abef70b1
ONTARIO PUBLIC SERVICE,104411.66,298.56,Attorney General,Asst. Crown Attorney,1996,e839d514884aa1ebd2dde2e175c1b7029ee302f27bcdc2f4aef8d93dedbd7f990db262985856e3d439841126680a8be9594af697e369fc64e61db628bb861619
ONTARIO PUBLIC SERVICE,114462.12,330.0,Attorney General,Counsel,1996,255909c8c67e37cf0bf8c9b620d0b03c786717a543d2ebb2de68141197fc51321651d33fc52191dc0db6fc3db5567777006d23e3972441db1050d89bf26ba029
ONTARIO PUBLIC SERVICE,114462.12,330.0,Attorney General,Counsel,1996,8aa9ea87033f693e127617cb4d672298c851d888838f15385d1e6a7efb5e3016743ecf47288ad7528418e29db429754393172f929afbf168a170ed1472636860
ONTARIO PUBLIC SERVICE,114333.32,330.0,Attorney General,Counsel,1996,34481c974f3475081755d6bffb1a4519cbaff63139950c52182e0ac237c29c6f036ab48502c2c18b13418719392757a617f48b96ae046435e843998953a88073
ONTARIO PUBLIC SERVICE,114462.12,330.0,Attorney General,Legal Officer,1996,9dc07b6ff06a5d6091689a1af5616a79d764ee0206e9cc242e2da40f8f24ec7f0c1c090848dad1b43ca370e0549a75d86b19bf90934fbf877dcd07e8a1c5c1ee
ONTARIO PUBLIC SERVICE,100370.69,298.56,Attorney General,Solicitor,1996,a5174e6a942e8b8ac21cdb9958f04ab18bc57cf1832006c9155878872cbeab0bc7d173117c9032dafbfeaf79856282001a078d91c7c5a27db0fdc1cdf83b0186
ONTARIO PUBLIC SERVICE,105723.31,307.56,Attorney General,Counsel,1996,008bbcd952939c40819ac96f65e6113f69ec83baa2344dd4b57c67d83babd80259a4a968ab762bbec661af3c28fbb0ba066c5672cdaf86fa380699664109bacf
ONTARIO PUBLIC SERVICE,114462.12,330.0,Attorney General,Asst. Crown Attny (Des),1996,de62667d22817ff0dff0b1e86a98b3d7f227e046469010ce9f440b606bf0983be148fc290af3263135b3cbd3d64d10e9b8f8f0144e86f5a1f3d8c00feb92d591
ONTARIO PUBLIC SERVICE,103580.6,298.56,Attorney General,Asst. Crown Attorney,1996,f829bac9f788aed4de94cda62d497ebfb4eec2759df1a10d01604f2da725ea7f8b4b65b36de606486e18b6449e65d65f9906f4d3bd36cfc65822e2d4053120fd
ONTARIO PUBLIC SERVICE,103580.6,298.56,Attorney General,Asst. Crown Attorney,1996,e82466b70c056124d598e09c44cec864483b576caf3e6a9e80f92e764e1122c63ffd6e863b673cce3703930186fc366af4437201044bb78b7c82a1895cf994d5
ONTARIO PUBLIC SERVICE,103580.6,298.56,Attorney General,Solicitor,1996,9045c5061f578eb940c9d0a5cb5189569ffc1860499891bb81c3a199f8441b2bb468f610cc0f2b06214a51e1759785691dff7ff59c00180758f9a3d7f7a72e6b
ONTARIO PUBLIC SERVICE,119328.15,343.92,Attorney General,"Crown Attorney, Prince Edward",1996,c0ef51a9cd3c61d5e9a9ff971acbf496405b437e1fe8f55437a3a1c30186d6e5ad82f0c06aa2e5477d7fc09adffd09461a09cc54a3290bdb94b3c49baf6305b8
ONTARIO PUBLIC SERVICE,103338.16,297.84,Attorney General,Asst. Crown Attorney,1996,3c71addf6b84420dbfce1830ae7a8fcfa6b7198c02fea91f17bbe78e9ef9454c4e21de1a7aaa2cc932208bfed769d7bdfa857bb1471a12d089955f96abede740
ONTARIO PUBLIC SERVICE,123825.0,0.0,Attorney General,"Provincial Judge, OCJ",1996,788aec7c2829d6cb35733d69bd5ad65f4329a794914e77405a191f7c2caec229d5352a2cb2686e74f59ed591b24cea29d7cac64b91f0133b1c2520c6d9fcb67d
ONTARIO PUBLIC SERVICE,121725.86,351.0,Attorney General,Special Advisor,1996,ab23dfb3e1fb64210e365c09e60a7d56b1cece1b011203e9e9b2900a31f314ad1b534d589de45e1860c6fc5020027afa8943d612165f21a7ad893f226ef11b6d
ONTARIO PUBLIC SERVICE,108743.59,326.04,Attorney General,Group Leader,1996,01482d0f31901f6217fca90d4fb33800787537778ca0b024dc1ffce0f415b546fe795e65da1030d974347ae098653af26762ec30a175a7d56be7b0a708b5992c
ONTARIO PUBLIC SERVICE,120118.61,344.16,Attorney General,Crown Attorney General,1996,c31b0a3fc154ba93c8f3e4c18c3c006814f1aa96b1eeac6cd144fe56d98bbb9e22cc359ad0e1d153f80b457223239c36df7a36a35c219adaa9d4e7ddbaaca4f1
ONTARIO PUBLIC SERVICE,116948.79,335.31,Attorney General,"Crown Attorney, York East",1996,2221cecd6ac853c8b684da96b18f44dc7093d96d88f1ff64d0b0b333832fb9591032fdb23e222d0530ed73cdbddde7d00537ae14200a862b86535af36dbe8516
ONTARIO PUBLIC SERVICE,102664.95,295.92,Attorney General,Crown Counsel,1996,f402a05833f384e0e44f240b652e2ac3d6c72ba72a4a7802d6681988be811adb93322349d34debe34f9f8fe2266e041e094eed29b74099d447d66e44ea33bb9d
ONTARIO PUBLIC SERVICE,123393.65,355.8,Attorney General,Children's Lawyer,1996,4d69e20ffb1d9514b740f199347a25fb47914d9a6686f8785ccc416033f8e5001a8ccc27eecb3b3f17579905bd4b257cb1141feec3cfde65fea4204726c463be
ONTARIO PUBLIC SERVICE,103580.6,298.56,Attorney General,Asst. Crown Attorney,1996,f5cee59a6bf216b596b956667001eb5c756c83f66609584abb97e00d63d13926558c03b46c13961a09eff042dc9730ab3dcd0355f80747d4166fb89d356d7bfb
ONTARIO PUBLIC SERVICE,123825.0,0.0,Attorney General,"Provincial Judge, OCJ",1996,d7fe18af2335decf60b259c4f7219b61b15d643c7002288eef1519691378f5aeb889ef0f809ee4d6766bad64615e9316fe834dae108f38cf83030b381b106bfe
ONTARIO PUBLIC SERVICE,102690.46,298.56,Attorney General,Counsel,1996,88d5cf0f2688237b61b1508fe3b98b5b9ce5d84652d05f6ab8fe6aa302b606263d61a7b1bc9b807c8186f0b69bdf7dd454ba5c50d4c29bd76ba5acd738f6ade6
ONTARIO PUBLIC SERVICE,123825.0,0.0,Attorney General,"Provincial Judge, OCJ",1996,4c28349b0d274b1bedb7c65be64a97a4e36751bebd5cd052219ad2d143d7c4ac9b1d4cd8ae968a61e9fdd013d1a80f6ea483a421905447fc0183f1962687fdc2
ONTARIO PUBLIC SERVICE,106658.09,307.56,Attorney General,Counsel,1996,f4d8cbb42eb34f687020c6f7b1036990bc7d91d4281d3fa4deb3b87bcc7c68b8e987811c203071b447c2e062c8ddf69e2f73718b0065e8f59756d99d6b91911f
ONTARIO PUBLIC SERVICE,117633.75,0.0,Attorney General,"Provincial Judge, OCJ",1996,203fcaa364bfe2bf49da5c42edc2ecee57646f3726d43b03466e1f7d83dec41492224af8073d1b689adef749f701bdfa5c8315fe1c1689eb26cb4ac0db075a12
ONTARIO PUBLIC SERVICE,150379.49,3709.91,Attorney General,"Provincial Judge, OCJ",1996,aa10c556971c0b44bcfa94d036bf62f32250e005595602bd07fa073f612193162675a75b40f594f9767c2402267b6b3e2b0da65122745feedca287114de75e4d
ONTARIO PUBLIC SERVICE,123825.0,4250.74,Attorney General,"Provincial Judge, OCJ",1996,d15318e7544797cc6299f79a61c034d9c03b4699ddbf1678a3b961f01999a932d42c5cc5efa74129c84986543da0c19a373793b26960c5e55dec12f8c3257a2f
ONTARIO PUBLIC SERVICE,113460.33,326.76,Attorney General,Project Director,1996,e134926d9508a0116aabd47f935d446124ea9ad8a12485f092762882fb011a939c93d0c7af7e179ad085ee66ab26fb38e6e9a46f7d8fde577899cf0811227fb1
ONTARIO PUBLIC SERVICE,103580.6,298.56,Attorney General,Counsel,1996,30789383f68ddfd83022985b37aec8a89e9009326d6813f05283136ca77b1c503ea29dc136fa3c020cf2dd1d4a3bfb90624e12d3df09cda4a18ed50f48db2a86
ONTARIO PUBLIC SERVICE,135619.12,4655.56,Attorney General,"Regional Senior Judge, OCJ",1996,7342a7258f8664d7f29e3e76bc072ff3f0f613da65e5e24c7b2f765624f93ff4a9ca1b84047a0a056fe019e315f8f442ae23f2e1865e703cc36a337605638990
ONTARIO PUBLIC SERVICE,123825.0,0.0,Attorney General,"Provincial Judge, OCJ",1996,3ae88463636998c71e7cd85261d062a1ecb52866eb25324545ca1d566ad8ab16eacb67c1367d7a8d11806bac001091a638bc0352f3742d53a8870c413c5e9576
ONTARIO PUBLIC SERVICE,104618.44,307.56,Attorney General,Legal Counsel,1996,43fb393275c7ee8da2b88cbf610cfd17e035ee047fcfe7c7f4ccb944906c8001cd8ec29fab6505e793c95857037666e14feeacb1c39bc04f8b4dff199b4267b8
ONTARIO PUBLIC SERVICE,103580.6,298.56,Attorney General,Counsel,1996,c54830ab755c8c9ae052973e99724765529a4d0729afbd6ba2aeb6b68b582094dcf538a2aa3ed47fd0d0d92c73470467c30216f8d934e915d50e7c86863219a5
ONTARIO PUBLIC SERVICE,103580.6,298.56,Attorney General,"Reg. Counsel, Whitby",1996,f2748701395fc7facdf84cc0aad506432ea9d9f810168efdde0a411c908baaa5608f05761c638b40b0cd09a9b86603e7cc7e4dc2449e2a82e5e27e258520d064
ONTARIO PUBLIC SERVICE,123825.0,0.0,Attorney General,"Provincial Judge, OCJ",1996,ccbf2428fa4c5f2b7d27471ad4578537973c7da85e0e223d31d5923632710a6791e15f7519e4fcaae84c9e99825b7a6af8ac6fdcc2101542a167e47a88d7a0f8
ONTARIO PUBLIC SERVICE,124626.51,359.28,Attorney General,General Counsel,1996,dac70b9cff5ab2d320da75b83d7e81b2f940500ae002fd80d5cfcc4920023fbb6526bea6934d6e9c938ffc2e9c44f1cd01b423f9221ee8465cfe6ab55b89efd8
ONTARIO PUBLIC SERVICE,121725.86,351.0,Attorney General,Reg. Director-Crn. Attorneys,1996,4d1afbc5663bae2a92a7905a2d50c7849d9735b7a3e5e8e2adba650366d69adf81fbda9b72c0cb72c57011330fe67fdcd922bd63f5db0a16d5728b6f27528416
ONTARIO PUBLIC SERVICE,123825.0,0.0,Attorney General,"Provincial Judge, OCJ",1996,cb93a04bb46f80d555bdf55c6ffead28aba7bb47d3cbdeda17e806a02fb475d298b2a5f7391552bbcc573d2acd4a4f16290e620eadabba6805abf85211a848a8
ONTARIO PUBLIC SERVICE,135619.12,0.0,Attorney General,"Regional Senior Judge, OCJ",1996,39152379fcbe0eb47ea94ee4a50b90b324f87035116890caa9fcca06abdfb8985a69a673fe84bd6a606966f25e55492c8974e2079283e46131da17b2b0629b03
ONTARIO PUBLIC SERVICE,123825.0,0.0,Attorney General,"Provincial Judge, OCJ",1996,3b28620f0afdbb74b6978fd852caf75d4f9cb6836f12cee39bb26981489075846a5391cae2ada76d1ff1b9ece522b24fa3afe5e1af5a629f6ec450e34302ef17
ONTARIO PUBLIC SERVICE,103580.6,298.56,Attorney General,Counsel (Kingston),1996,94d06610269e143bec30b165c26dd7464484c2c43776ca54aec7381831dfa96863888ff5166811c970482e97aadb9778c3c51b07dacb9fe22caa354accb80839
ONTARIO PUBLIC SERVICE,100235.34,294.96,Attorney General,Director Charities,1996,1b97ea41b13eaad7a43ba5ba90ba75232238205be6002db3bed7cf99fb0b430d48d2a3b5183f02d5849994461899aad412bee26a808a513f28b8c19f58592d45
ONTARIO PUBLIC SERVICE,123825.0,0.0,Attorney General,"Provincial Judge, OCJ",1996,9c8a1a1cf5bf96be0b43ade1656cae46415c32d1c2759ed69fcf97402ea74d0a0e28ddc27c0f0bfe252a1366fb49059df92286b2ae8f3b3e251ff14beaff8137
ONTARIO PUBLIC SERVICE,119823.1,343.92,Attorney General,"Crown Attorney, Huron",1996,638f422306226e80bb56f8b9af3dc4947423a537a9375fb71a785d1f4d7a7549d99babad4d3fa156916e71924018861bb3a47a51a74cf86caee84a369e2a1a08
ONTARIO PUBLIC SERVICE,103580.34,298.56,Attorney General,Senior Counsel,1996,e0ee2cc9ad68f89bfad1301d486ca58b92cbfd98c0f5a58135465dc9dcdd265ac825b8aaa45382857de93712ece2f3fbb5fa96f573d5d6666030b096b1bc1a76
ONTARIO PUBLIC SERVICE,123825.0,0.0,Attorney General,"Provincial Judge, OCJ",1996,0be43ee62551f1d03f564b98a5d1b8df41b49e6247eeb64e986dbbe3debe2cad653d9628cb6ecee3924e4369a16108af920754cc822af2607c3b3722e39e97f4
ONTARIO PUBLIC SERVICE,103580.6,298.56,Attorney General,Client Lawyer,1996,2542b9f13e9c58ba79974f055dc0a28e5636496065942ac13072b60f03ff83028d0fcbc891320bd3713f24759ba8911c9de4292c08b76407425c52101c10e384
ONTARIO PUBLIC SERVICE,123825.0,0.0,Attorney General,"Provincial Judge, OCJ",1996,ac608d2c5176bfaebdcb6cb7443e593ba08227b1771c3ee735ea1ab167ef144b2e4eaeed93e030f8b1f3d0c1f3b6173b6be015414cfc72716c20167f4d86c95a
ONTARIO PUBLIC SERVICE,123393.65,355.8,Attorney General,Dir. Spec. Investigations,1996,f7809997f029119798806754beec238742713efc2837cea04660161e1bb3a538b96a092f68e1f2fc78f9ac0203da9c0baeea42b925dd873f120de016dc1de4e2
ONTARIO PUBLIC SERVICE,114462.12,330.0,Attorney General,Asst. Crown Attorney,1996,e96cdc8e2b4987664e4b53c46ce3faec27226598b20552262281eec1b29d6f306ee38f86bd406cd98d1198d7c6ec0b6f279e0def5fbe7b3c94302d40cf2cc33c
ONTARIO PUBLIC SERVICE,103339.2,297.84,Attorney General,Counsel,1996,c0e0171d3299dbc749cb17ddc5b7c53b34f72f09d7e62f3f53528470bad06666b61ca2783806d873b9d89ffe303f481e1d760764ca96f342325269dd99761600
ONTARIO PUBLIC SERVICE,103458.86,298.2,Attorney General,Legal Officer,1996,ced60b668b953c3682a477591abf2231fbe7159458469a71bdc5e1378ca4d9165136e188f4baac63980d31da8738b6f102ad99a5048b3922c8cd9ebccfd03764
ONTARIO PUBLIC SERVICE,123825.0,4250.74,Attorney General,"Provincial Judge, OCJ",1996,5b780ad1ff1b2fcf0063caa5fdd3537c3112cbec46b12a01b15b6517129ee9d5a0e015e8e8e84c3b8efffc936f92d19adc295ac69e0b1d29ea796854f93413e0
ONTARIO PUBLIC SERVICE,105039.52,306.24,Attorney General,Asst. Crown Attorney,1996,2f742afa45e287bb50b83dfdd1185e47d4fff04e95b1b1d33dfb835c848275bffba61ea89bcd474c3bd761d8ea4b22c6181f826a5708290690ca78cc4bf09589
ONTARIO PUBLIC SERVICE,103580.34,298.56,Attorney General,Counsel,1996,7c06ba56db0c57590402ef96df6dc6be81e9745508492caee1e608376e9d5251fe0cc525a36734a4da2315837b04d8e2a7727f4b342c8f8395c3c3338b986e07
ONTARIO PUBLIC SERVICE,114494.01,330.0,Attorney General,Asst. Crown Attorney,1996,fe3db19ef872d200ba17ea9554ca1167b65e954e060362bdb6ba8dca01a88735f7dc93d791618e32f1fff73edc9b2693a360fa168ecd3c21e580a1f5f089113a
ONTARIO PUBLIC SERVICE,123825.0,0.0,Attorney General,"Provincial Judge, OCJ",1996,e10b729d077cb70b38e9d268d8011a1bbf4be38ba90e562cd0f65f28bd4f444e59886b996a225cbcf073f7df9d791e7e015492e8050e765002102e3d5185c64c
ONTARIO PUBLIC SERVICE,123825.0,4250.74,Attorney General,"Provincial Judge, OCJ",1996,b5619b03cf807c2b81a70892ced46cc16552407f773a262a78d51c1c2588571c8210f475688a4b88fb6f0b47cbee8761972d4aff7aeebf54d24ecabed65b34f0
ONTARIO PUBLIC SERVICE,123825.0,0.0,Attorney General,"Provincial Judge, OCJ",1996,80e1e964113ac68327b2f0e56e640a2fb88a209369240c683bbd4f92f0888f2e867976cf2597819d72398a002a336981b2b490946112940552119ed7e5245381
ONTARIO PUBLIC SERVICE,114462.12,330.0,Attorney General,Asst. Crown Attorney,1996,1d7bfbd140aa98ca0e560553976d659217c2efad817d9465a496abb1927e0a7359852350fc922c4a0919debfb3aef727450343741a0dfef20b3dafa9c32ef594
ONTARIO PUBLIC SERVICE,109307.15,317.66,Attorney General,Legal Counsel General,1996,13c6da497413534b9ad2e03b9d4cc23d64f51c59da0a95786047509dcd243855a5246a79a2429dfad93d8a0359ac47b4b0ac1bacd7a15535fa4d06686c183ec9
ONTARIO PUBLIC SERVICE,103580.34,165.96,Attorney General,Asst. Crown Attorney,1996,78af878614de7e784449b7f712c478fd1ec2305c7919bf57c14ee7d10989f7d03f3b15c8d7201211c7bd4cdda7e3c76b6147092d7909eedd562433d9f0fdf794
ONTARIO PUBLIC SERVICE,103580.6,298.56,Attorney General,Asst. Crown Attorney,1996,38de320c1e6c678c47824e10e07af33113ba7d8c82d088eee478bb0285266ebf5e0d496c9dc4e5ce7e48f71173ec2e1579aa3cb3fe30442bc0163561dc72f229
ONTARIO PUBLIC SERVICE,103580.6,298.56,Attorney General,Solicitor,1996,864f6ac60d861e7ad28141ae0ddee855fca487eb9b7ee9d6ca8e5d8bf901384bab9e0f203ead52962d28444f19ab37776c31b2d23fa51edf3ab679dc86644152
ONTARIO PUBLIC SERVICE,123825.0,0.0,Attorney General,"Provincial Judge, OCJ",1996,cfb428b727f12c852dd6bbcd4b41e2f736d2043afd47d280638b3008f61c731eb75bb357b21d3f817f20b238af2c76cbc00ca641edb83355cc7cbb0444e19b3d
ONTARIO PUBLIC SERVICE,123825.0,4250.74,Attorney General,"Provincial Judge, OCJ",1996,b188a46148fb869db651f6a66014c3d434eef079ec514ef64eca6ee22f6c2c69cf810b8e1f3dd4f4348e0c378769efad2eff1d123b7e7635ec5d94eeebb4ca23
ONTARIO PUBLIC SERVICE,103580.6,298.56,Attorney General,Legal Officer,1996,34c3c2e87b2fb0701ae3ce2722cc408e079e0856991e8cc54d6b920d09744d51f2d3f2ddf40a1add98e563c38cd9ebc778749e92a25cfb3797f8c9f67dd7a50a
ONTARIO PUBLIC SERVICE,119396.75,344.16,Attorney General,"Crown Attorney, Halton",1996,39075eaa5951be3879b255378a925309ad7b31ae32e4b78c3ee6c8e7b18d93ed83d5813b78ffb0b80dc930c08ce22f54ccc4965eedd489320cad687f01a4422b
ONTARIO PUBLIC SERVICE,123825.0,4250.74,Attorney General,"Provincial Judge, OCJ",1996,fb6570dff9e18a63fed102b24c944870f8a16d987a7ace3ce7e02992d3a7e51646c49259da15d9850a5b4e777555e002549978a8f25bc5b6edfb08dbb21ff8e7
ONTARIO PUBLIC SERVICE,123825.0,4087.25,Attorney General,"Provincial Judge, OCJ",1996,f3e8a0eab280ede91df6f31d517390dbbf053349731bb86fb81725415fa9bcaf5a0a3a275939a65f22e04608ef1bdcfacc2abdbd5afa0cae6f69999b7bd5a8e1
ONTARIO PUBLIC SERVICE,103480.25,298.56,Attorney General,Counsel,1996,d8e36519173443bb73b21faef11dcc613c9bf66335687331d0fe26a72a62de3b23d15c607fb4cbee52bc1483293b87adaac102c1c5cc5aad2a7a4233ca6177e7
ONTARIO PUBLIC SERVICE,123825.0,0.0,Attorney General,"Provincial Judge, OCJ",1996,5a31ba1852c654b70c92d55f8cdfb7b964720523107a210663982544cd81875bb65ba403f6977841449374167b3d1fac75717484b0785f27d02435f7dc65363e
ONTARIO PUBLIC SERVICE,121725.86,351.0,Attorney General,General Counsel,1996,b20d1f26c6d3b07fe3128a82dd7b5759530a2433efd86fe16e594dc2da3f0d0b5f8ab6b5283acb80989f21f60242ffbd5e800115c934c31ddbd3b52c937044e7
ONTARIO PUBLIC SERVICE,116933.08,331.95,Attorney General,Asst. Crown Attorney,1996,0dafb4660bcbcfc2296436a9c62c85d50a388efe0ab09ff533e0e9d54954b60110ddd14df5725fa34904ae8c85b7cab1cea19e1102e4d6ec6a121ec0e1695213
ONTARIO PUBLIC SERVICE,123825.0,0.0,Attorney General,"Provincial Judge, OCJ",1996,a80f8103471d9ad8890dc2af2b2a89046d433520126ced0cd63335a060a51fceb32b0fdf3f710c51642b1a3980eced8aa66a42a5a89a2b894a5265751935b84e
ONTARIO PUBLIC SERVICE,123825.0,0.0,Attorney General,"Provincial Judge, OCJ",1996,dfd79c70452f348f37588ca3ec836b4510f51792f06d45b0fad465fb5c83ed19498de58ecbdeec8e7fab0fbb8b61b3d039a4d32e578d36f2d2af1d0b364ec4d9
ONTARIO PUBLIC SERVICE,100602.84,251.19,Attorney General,Director Legal Services,1996,e44d631f99495bbd6dbfe1ede6201efabc4c9a7c505ee16fda0693d91c0a1cb05d16d1036dc258bd7b68c3284456274039b815ef81fd661ac469e2d97cb69c7f
ONTARIO PUBLIC SERVICE,119387.85,318.96,Attorney General,Reg. Dir. Metro Toronto,1996,9fb1900a040146025e1966fa8a035d0c73472750dd40731259f8d4f6631a634fa56c6fdd41b7e14a43f81ca46efe83055bf137b05b04f465c552847be5176291
ONTARIO PUBLIC SERVICE,123825.0,0.0,Attorney General,"Provincial Judge, OCJ",1996,17478b80ce83ad2b3932809f18c35d4f83cebf1917dd021f1429d8b6879e55c0ce62d7c757ca099abcd1d2dbf7b6123129ce954245372f2959e1854e0b96ac62
ONTARIO PUBLIC SERVICE,127641.4,0.0,Attorney General,Executive Legal Officer,1996,148ed7fef1df8c93a8e29f6e32cc1bf800df2d2dac90fa4143dd87ff7e2413dc5bdb7e6f679bc78e44ba8fd7c61801b90a890ec2d78f27779e37c9efc05a1f0d
ONTARIO PUBLIC SERVICE,123825.0,4250.74,Attorney General,"Provincial Judge, OCJ",1996,861d24aa93f9b8a9619b0b4739b4056ac717f37e6131ad082f9e605f86571e2a5d111911adb3629c492cef0ca7a2364544d954bab3c763228dacdcb1d10cb34f
ONTARIO PUBLIC SERVICE,113715.63,327.72,Attorney General,"Crown Attorney, Prescott & Russell (Des)",1996,f6e48676267e0e887694d8da042e4b9271b88bb05d492db0064fe734fbd4c336787e9e6dbc545d8a1aacefc731bc8328cd0e37a092633b5beb66e2a54d3521dc
ONTARIO PUBLIC SERVICE,106685.56,307.56,Attorney General,Asst. Crown Attorney,1996,c39bab948a0f3ffcfb21047d5f47f149dfdc2ca33d2144df274144d069a117ed893399b10cb3dd0a4a97733fd5fce0ee9e5cae3dddd9460398dbe53bd1f99b13
ONTARIO PUBLIC SERVICE,123825.0,0.0,Attorney General,"Master Supr Crt Of Ont, Masters",1996,20278f9906695a97dd7ab693f4c70b21563d02ec556789f242aaff91cc2b7627ee9542105e23b634b20cf93ece9f130fbf6881257c97b70e140a345b1df4be5b
ONTARIO PUBLIC SERVICE,101492.47,290.16,Attorney General,Asst. Crown Attorney,1996,98ece00462a995ac4f55b0e1d7cde93213b98df4e5e17ab19e9bd2ecd0e2239079501b64896496afd445e4d7d4adc0a913e526612b8fd1c6e8b247ae0fe651dc
ONTARIO PUBLIC SERVICE,119396.75,344.16,Attorney General,Director Legal Srvs,1996,3a9fba7b695678235420a151a7874372f203a2cfb429873884aa80884c8b3341a797c52b75c75ee647a1f7d17a6d2c76181b778bfe33dd6d9d9f6c1e5def0b22
ONTARIO PUBLIC SERVICE,110846.99,330.0,Attorney General,Counsel,1996,648e676a424ef47cf8e86ef345dcf31325e51e0ea099d8b5705a2beaa0ab2868a1accd27bbada793e0c388c7c4501a96e8039f0ad534a6eed99823fa8b1653d4
ONTARIO PUBLIC SERVICE,123825.0,0.0,Attorney General,"Master Supr Crt Of Ont, Masters",1996,e1e4aff070ce8d2e97f5e5cc17fdb838201df32baaed591cd50566237d7accd05c25fd887f68b9bb738dfd9452b97805846ec87a32fbe233a2168df7ed4e8050
ONTARIO PUBLIC SERVICE,123825.0,0.0,Attorney General,"Provincial Judge, OCJ",1996,256de8177c43250e56ac68860fc996412b8b250c9c42107d7b91f646c61f88f346813a2e513ea77ea25b660c03bb1b7cf019c487e6ecaad29ee68e26ab857922
ONTARIO PUBLIC SERVICE,123825.0,0.0,Attorney General,"Provincial Judge, OCJ",1996,f38b69f5f3c1c11e3e3cc12660aee114812c71953c6019d68ec04f8b3e9e1a03616fc286efd141979bc90fc4a904a9fd9b77ea51af119c6e3608b2e9b667493a
ONTARIO PUBLIC SERVICE,123825.0,0.0,Attorney General,"Provincial Judge, OCJ",1996,0fb0167764d10aaf5cc952e43d7a8a278ff983ae8edf40d1ae38545f9aaef2a3bb2c5f572dafeb4c22b75d269f57615b7a6fef1fc8e9b0a2f40fe280b5cbf8ff
ONTARIO PUBLIC SERVICE,123825.0,4250.74,Attorney General,"Provincial Judge, OCJ",1996,201ac2c8d7bad48d3a336932f190fece885c174c95dd49f5defd7a669d02af303fac4d89e49637a9462dc4f0bc2362c75b7eb05effff0ec24a86a4e2d721285c
ONTARIO PUBLIC SERVICE,119396.75,344.16,Attorney General,"Crown Attorney, Oxford",1996,d5c5a22649c89f0c3b4d8142237fca62f26f3bf7c4905c03a741e7c1dca18e34770a823e21e184548dd3c40f9ec0db75be29cf558cda6bf244972bbae3794ab1
ONTARIO PUBLIC SERVICE,123825.0,0.0,Attorney General,"Provincial Judge, OCJ",1996,7f39cd46a9b473b99822bd0168d0f207e1853d71ead02672bf6d88e8d86639db4e4ae1b1e714ca4a8f6a66d36d985f2e4275d31bb9e13adeaefd3259e4e93fc4
ONTARIO PUBLIC SERVICE,114462.12,330.0,Attorney General,Senior Counsel,1996,bb4f850909be3fe325c1df75cbf48130865d58c4470efff8624a759ff290aaa698b3f2caae89340bb6fb0f9ce5ad65b165ceadeb0650cfc0460b46fe7b31e68d
ONTARIO PUBLIC SERVICE,101735.31,291.96,Attorney General,Asst. Crown Attorney,1996,b950cec2a8de456244ea5dcfb22d5010f2f68b84b6bc7f87942b24e619a341cb4667a1225aa56e9bd5b088906d0c31e1d8bb2c22ac926cd328bac4539afdf8c1
ONTARIO PUBLIC SERVICE,115663.64,339.84,Attorney General,Counsel,1996,0746add28e61ce1b1a1d2b361437eeb58a58171bece3227d94d3bd690bea3debd54a5c473a35d408a321215fc266a4dc22297803bc8c82e5d414d5bc43f6ef2c
ONTARIO PUBLIC SERVICE,114462.12,330.0,Attorney General,Asst. Crown Attorney,1996,23fe50b3d0b7b5aad46c173eba985c4aac765941f1769a2f5c4425e6abd73025b28a597af9453275b9a969805ba7faf84a2f005cd0e126a3079e2b765726916e
ONTARIO PUBLIC SERVICE,104211.58,298.56,Attorney General,Asst. Crown Attorney,1996,cd37fee48cfa5b9f0c9c8078163af7bac6e013b6b9f207db5c62fb8b35f2fc841ff2537e1fc3de89e7d199c263d5bc2eb33317c627aee081dc54ad780c3d3adf
ONTARIO PUBLIC SERVICE,114462.12,330.0,Attorney General,"Asst. Crown Attorney, Team Leader",1996,5d8c66ab2b734d01e6242e2f198c6c549afeb17d00f3ce85973ede260dd8cb979142588c69f5ec58219ca5de439eb5d87fbeb61918a0351c8ac5ad84dcaac918
ONTARIO PUBLIC SERVICE,115353.48,330.0,Attorney General,"Asst. Crown Attorney, Team Leader",1996,c0ef3322c1deb8d9e6557da6efbcacc7f720aa640cb698d1e2dc22a5759e2a1472904a912e9b93147bdc680e8599e4d947ea9fb21b9b4ce7d299b1e0513fa95e
ONTARIO PUBLIC SERVICE,123825.0,0.0,Attorney General,"Provincial Judge, OCJ",1996,53de106536b2d8a2046d61df1e4b811b02c44f2a361b73c2f84bcc71d938a63aac902799be73186d460681b1a9c65c242c5741a4a68809d59f004b92bd48c695
ONTARIO PUBLIC SERVICE,103580.6,298.56,Attorney General,Asst. Crown Attorney,1996,fc0780393fd5786a3f3e337896ad4bacbaee83d60917be788f62259b30b8fafc48521787db299882986fc8a7eac6ff333a8126a3a1b9b6099fc02615bd6c338b
ONTARIO PUBLIC SERVICE,114462.12,330.0,Attorney General,Asst. Crown Attorney,1996,060e2f52f9781063c78c40638f1f7f9f8f7e1e9395325c1b56fa4e2ab0216ced9ce009f2d1aa5eb7cf89135e4f7cafa5aed3cd868881862d3f8d78b28cf2bf51
ONTARIO PUBLIC SERVICE,119396.75,344.16,Attorney General,"Crown Attorney, Grey",1996,13809bb3ec10b2497894646de634931d9dd7ea69c412e5ed22141f81f19c39d954f4fa8159a2b0330f4338ba1983960da892cbee81be43f4d6e3e916dd18a9aa
ONTARIO PUBLIC SERVICE,113117.71,326.04,Attorney General,Crown Counsel,1996,494fa58b1bc45d59bef45bcd99c171ca11e13ce9576f7816d9c6491602f309af77843658ee4e7c183aedf9283c36b71e26e40d291f0a71fa17b5caf5ed8319af
ONTARIO PUBLIC SERVICE,100680.47,290.16,Attorney General,Solicitor,1996,0f809555f742926d9029359bed30eba734958e61e4e04acf2f4cf12c1db9435bcf5e096b9aadc55e8bd13803127fabe1f169d5386244156fd84ff919279729f2
ONTARIO PUBLIC SERVICE,106686.6,307.56,Attorney General,Group Leader,1996,1cab542f0b25a71ba54419b27c0d6a713872349ea00dc9758fb2a8c46e12d73792fd501384f1142d1dac0d556f3a3596788e2287d3941996ed8565592320d622
ONTARIO PUBLIC SERVICE,123825.0,0.0,Attorney General,"Provincial Judge, OCJ",1996,b5ee98f1ea2c2f2d3694c7b8e0fbcbb912765c868632577c16a2e25bfafb262571d8aba65248bef5101a55d5178f7e0c4afa79a0194887dce8d58153e6e563eb
ONTARIO PUBLIC SERVICE,123825.0,4250.74,Attorney General,"Provincial Judge, OCJ",1996,6202832cfb48a2f8000e94de09da14f3216a6bbd3dde036044ac3b3d1be4b394678c3eae3dc31474c3c46902dd092a3b99c55c5a6d9c7d26d1317febfa7e319d
ONTARIO PUBLIC SERVICE,103580.6,298.56,Attorney General,"Reg. Counsel, Windsor",1996,ecb3a29ad23c2c480fdff5a410d73c57588f317348daf673e3d33a96128d6615ae1a4733cf749169fd721a1f583d2a32c3df82b3028a1cb795d4ca7149cd3f6a
ONTARIO PUBLIC SERVICE,123825.0,4250.74,Attorney General,"Provincial Judge, OCJ",1996,349f6e4cae4e44ae7de51e5448553bcdb37c10dd83c2c12fa7721156367debdc98cad8b9bd88743a071cd91ca0294aeb38e3348a8e7d3dfc0a8ffc4a775a736c
ONTARIO PUBLIC SERVICE,123825.0,0.0,Attorney General,"Provincial Judge, OCJ",1996,06b46d51b3b68a4fbf39b47c7e24424f41f88b030619908c4bb91c7ef69e3b4f2f1b57fcd49ad5a4c99253b5e7706a6aef72aa5d11fd98029d353366b2572626
ONTARIO PUBLIC SERVICE,123825.0,4250.74,Attorney General,"Provincial Judge, OCJ",1996,1b7389232841401e4a2eb1a32cc15009467a12ba0386c4cb31e9b367a2878cf24de1bdd7d9a47a1791783dad05a5d411bac41a61a234fe91584cbf5d5f1023b3
ONTARIO PUBLIC SERVICE,123825.0,4250.74,Attorney General,"Provincial Judge, OCJ",1996,a431621f9c5d44d5c189923747582f1153995dd8d328ee7c55be8e43c85d168465a354fd3299739fa687c270c23424fd0f6e83fce204f6fe4afdbfc35fe90301
ONTARIO PUBLIC SERVICE,123393.65,355.8,Attorney General,Chief Legislative Counsel,1996,159c0000f7f48c29a56e0ea2f0202869394210a1826cc77a1e4537acb684acd4b677d68363bd8832ee356cee1aeca983cc0145664929b26ba5a12cb5644d699b
ONTARIO PUBLIC SERVICE,123825.0,4250.74,Attorney General,"Provincial Judge, OCJ",1996,7dab0cd86ba473b669d0d75c85bda1e88345712e39f4c7c67d220774095cf197d5ba4531468c8da0b2508438f848644b227c987460d3b38ea16e7a045d524135
ONTARIO PUBLIC SERVICE,103580.6,298.56,Attorney General,Lawyer,1996,adb48d4e63f9064c307a2bd75f3ea2721498494d1722adb71dba90e3a1a5ced14a67ec442970a22d3f0f9e23c5bf09d8053c8bd4585eec589f0349896968bce2
ONTARIO PUBLIC SERVICE,115381.15,330.0,Attorney General,Senior Solicitor,1996,3b3cfe251acb327c98d676f9a63f64e4be4ff7b687bc8390b5404f0ed31ed614fad8aaa369fc324064226d395e8584a8732ddd917779afa883b0b677d35903e4
ONTARIO PUBLIC SERVICE,114462.12,330.0,Attorney General,Asst. Crown Attorney,1996,78dc28e5a91f219b34a4d856b05caff6acb2ec4f0f2fa492bc93acd712dd26018b2be95d1c78195c3655609551bf27e3c72c223c6aaa33bd9c81395bedbe4afd
ONTARIO PUBLIC SERVICE,142989.6,0.0,Attorney General,"Associate Chief Judge, OCJ",1996,f2b91debfb0d8eb326af5eff987e45ee723389aa77fd7062d057cb6695e88d7e16f42d5ff3e73d6c97d8064db7c08126b9c17f0d59c36eb2caecbbb7634adb0f
ONTARIO PUBLIC SERVICE,124315.47,0.0,Attorney General,"Provincial Judge, OCJ",1996,49d615801abf0e7fed4a3abf08b7cee357d67e6df3997681cf2894259ef299cd95ac0cbb46402c96acde32c1c70f5fcec01fb4e39760e60f08595dfbedca5926
ONTARIO PUBLIC SERVICE,114462.12,330.0,Attorney General,Sr. Counsel,1996,498100b65cfd16bcf62472209bb12c3a2c84606f43b4c35631c80dfbc52430208b4ff43eaf85a1c90182432eda0b789f44ec64b0a3c398c19697989eac843a2a
ONTARIO PUBLIC SERVICE,123825.0,0.0,Attorney General,"Provincial Judge, OCJ",1996,fa1d0218dcfca3e845716c3d32d2052a0970d40842b6d7676e3c1d86b0e0d7a412d266faf3f02040d47469eeff223afcee8a269a80c073c3bb8a761b227d0663
ONTARIO PUBLIC SERVICE,119396.75,344.16,Attorney General,"Crown Attorney, Niagara S",1996,ead122c05492094e070d5f5c40ae4f7cacb1aa35d169f83aad3589101a3aad2270539b871f61dd0764f31903e33a3581ae5bfe1be17fd82d209f979d6d466406
ONTARIO PUBLIC SERVICE,123825.0,4250.74,Attorney General,"Provincial Judge, OCJ",1996,4fef4800ae99438c6ffe5abb4b7655c703c34f59d76871cbcfb1f0a999cf06b330ba7c1e103bb6edbd3256c5661808462ce92e7e365e3f4afd16f78212d193d1
ONTARIO PUBLIC SERVICE,106686.6,307.56,Attorney General,Solicitor (Des),1996,2f02363a1e80044331155074d287c22d55c6e0243ee60f4edb9f64f7ebaa09e29b7cc7aaef3674daac277bf659dbf1171c6388b51d4be84a55215f630d4a7214
ONTARIO PUBLIC SERVICE,109688.33,316.2,Attorney General,Asst. Crown Attorney,1996,0148bd8fc8ab660c638828e96e3c42f541f474c47c5e08685e185f821fb47cdfbd8b9f54598e6d0bc13a1511185c57527dd374ef76e889518cbaf39aea400a59
ONTARIO PUBLIC SERVICE,123825.0,0.0,Attorney General,"Provincial Judge, OCJ",1996,42cb040767205e3402c4db4e6f4c060b03a0b1fc7bf176d4876797d0889f630d6c54c4b805459eab5aad1efd652f2741a05d0658f447b550dd3a66d5b7d19e93
ONTARIO PUBLIC SERVICE,121725.86,351.0,Attorney General,"Dir, Crown Law Office Civil",1996,039a095710dc2b189245683a879595115709a44e9ccd9d54f0530daa71a187af7275f4430bdfd1a85cf747c0c8e4b0003ff33a8ca7a5466975f19b68d14b4d40
ONTARIO PUBLIC SERVICE,106685.56,307.56,Attorney General,Senior Counsel,1996,480b95a85733870be35d4cd22e54c7f9394c5b45fa3056e19a627e5c963e47f359e2eab9cbcd9586af2165c9751be840836e5eebffbd31858005cf3dc14e80dc
ONTARIO PUBLIC SERVICE,123825.0,4250.74,Attorney General,"Snr Provincial Judge, OCJ",1996,b8495b0842e9ab2cbdead4d566ef7ee217a41271d725b5067f58a97a7d1d063afcd2ff031392f4cb59ea59595e15b5e96f36bb0b2b5f921b979705a827997007
ONTARIO PUBLIC SERVICE,114462.12,330.0,Attorney General,Asst. Crown Attorney,1996,e7686c641a35ebfd351b2148e2fc9273706ecbedd67d276529da86a39bc2440ace290831f3b0662c3992f07827fbb4764e2e49329594a1efe200da5e81446a7a
ONTARIO PUBLIC SERVICE,103580.6,298.56,Attorney General,Legal Counsel,1996,ebc688fa85a7435ab288530cfecaa8bdc4ed40d779f28ff7193a613beaf0a94ed5cae0e3fe91ca57923653554e3068e7d67482de117bf429885524ec8a2547d7
ONTARIO PUBLIC SERVICE,123825.0,4250.74,Attorney General,"Provincial Judge, OCJ",1996,d9c5be68ac3658796a7cd7c62ce521c73aea392d048040e2067374711b455031c3bd41ec8a162cb4a57fed66713642a23517ceb655ecca983d16d89ddf974653
ONTARIO PUBLIC SERVICE,123825.0,4087.25,Attorney General,"Provincial Judge, OCJ",1996,23bc6be116b436aa5a592a1657c22bbe75b80fedca0edd583f4b4665abf62bfc84a1eba79bb8e98ea6aedc0ed29f7a521bbb781150518424449a74f3279307ee
ONTARIO PUBLIC SERVICE,103580.6,298.56,Attorney General,Counsel,1996,447f11977e55be1cb34f38226880a932d4c983f4c4ceffd61767904f9c0590b247a80e38c50db775ee916f4279583dc8ed0ac74c6160941c379b1d971dd53a28
ONTARIO PUBLIC SERVICE,123825.0,0.0,Attorney General,"Master Supr Crt Of Ont, Masters",1996,5ca40ac1cf5a41faeeee539c8226ec202b50bd79c29feb3a3b088aadc3252aa7b7a7f4b59ee7290a94c18ab0c579266225f7e6252e65f0882154a6af9fabb8f5
ONTARIO PUBLIC SERVICE,123825.0,0.0,Attorney General,"Provincial Judge, OCJ",1996,49a61c9688362e01e7ea8181162741de40f394cd0e704b5ea97ee3139be6e19294390ffd81b3617521cce3c9e22ecb9d2b0d4b9c97632655ffd8be2e84904234
ONTARIO PUBLIC SERVICE,123825.0,4250.74,Attorney General,"Provincial Judge, OCJ",1996,c1efa1230b6076164de6fe62509d92e605836438e448df91736c35d1d7392016ba9a42c75021d4a87515e54cd8e3d5fc47e476d91621c8d6f1ca3ebe431e1f58
ONTARIO PUBLIC SERVICE,123825.0,0.0,Attorney General,"Master S C O, Masters",1996,35d44f0d07ff1a6b1e234854ecc42e2dc47b77e2f204eb9e547b8599a01a04d53d48e63a90b040283359ab1ddfba4df479899af5f5d0bd2c40dda6b3dd05da00
ONTARIO PUBLIC SERVICE,115377.2,330.0,Attorney General,Deputy Chief Leg. Counsel,1996,5ae0232401ee8956cb478ee1df2cf028df6f06a8f0847b748f35a4c94bb4efdf5de87594c8caa372e230d2c6fef2d84c7dbc9a695f2b91491ad8f81744d8708f
ONTARIO PUBLIC SERVICE,123825.0,0.0,Attorney General,"Provincial Judge, OCJ",1996,c9624da41742e5aff027decd7398d2049fd2332e755cf79ca75c9a4d7ab230e11ad18a0a49050811de3c5f9eca2581062848ad19c060b913476dc139ec2f7c38
ONTARIO PUBLIC SERVICE,119396.75,344.16,Attorney General,Crown Attorney,1996,dce2a27f28cf1f7387e1d56cd601deac552c5ac89c919423a5d9ccbd25e9009672cca07ed2237f6943faf45bf3ade31888c91cadeb136d78c69dae2a63091014
ONTARIO PUBLIC SERVICE,123825.0,0.0,Attorney General,"Provincial Judge, OCJ",1996,e2a023bb8569512ea7a2d9476c8cf57e69b595cdd3d47401828b00bba2e6a7c2ad578d09c609a90e39ab7940552827149100093aa5788d4bb5b2b6cacfed02fc
ONTARIO PUBLIC SERVICE,123565.0,0.0,Attorney General,"Provincial Judge, OCJ",1996,d64d757c90b1181959d847c70df000a0784f092a6f4140367deef960fc52194126a8e8654d5b04e23290008b76ec26c6b9f3f7023984d498fe8f1bd1197b0a62
ONTARIO PUBLIC SERVICE,123825.0,0.0,Attorney General,"Snr Provincial Judge, OCJ",1996,83eec5eabf1534a9b6d45810c844cadd1fdecd848c05e0e6df3ffdc3699109f79df0d6bb34344dfc417e867975fe820d69fe2b89eae5a39222e283e835dd60cf
ONTARIO PUBLIC SERVICE,121725.86,351.0,Attorney General,Dir. Crown Law Office-Crim.,1996,9a1115b3970d62e710ce68f3b0d34b827990b5339dc59a9f692bcefc1d4ef02031536a98ecd070b4e370d39cd6a80e575c033e2225810771a5d76cc6671eac66
ONTARIO PUBLIC SERVICE,123825.0,0.0,Attorney General,"Provincial Judge, OCJ",1996,170a071cf7f7a3bb2834d7f131eccee6d950529e50b33c8a3b0b3d76f8bd8f25f790f9dd1d9b149500a759f3a75a4720658a0bca3c96432ba99a5e94c086067d
ONTARIO PUBLIC SERVICE,119396.75,344.16,Attorney General,Director Legal Services,1996,1c882445e1ca8848b25fe134c4f0bbe8ff9422877f118d5e376a326f7ffc28e66bdc5e48e5aac1effc4e508648d8706532a5afe28627e1c3b7ecf939410a16ac
ONTARIO PUBLIC SERVICE,124315.47,0.0,Attorney General,"Provincial Judge, OCJ",1996,282e4da573f799b516edafa364ab110b650a2a3b3336379db46dde6d7345bca43d542b56f59952cf654d2d62bbeb4ad45fcce281da3536b2d95b80e032d51f4a
ONTARIO PUBLIC SERVICE,123825.0,0.0,Attorney General,"Provincial Judge, OCJ",1996,5f172d18c134cfadc29a32b9f1259774006724adc1ef21b96909b049c3845d679b7d47e401bdfc4db186585a64ebda54950bfb7260b4d0a26e93945bcf0c5ed9
ONTARIO PUBLIC SERVICE,123825.0,0.0,Attorney General,"Provincial Judge, OCJ",1996,dc8dfd696ea7a4f26e8d39cc5e31acca295a6d0955f9d9ea9a9a7f06bb6aed13915c75ba3ec2d1f6fa2f0ec8c640b5a3afd85451aa11c84be4d6673149e00e82
ONTARIO PUBLIC SERVICE,114462.12,330.0,Attorney General,Counsel,1996,2d228d988fed311142496742fdb029ccc0feb3b3086b76c5a1cc4ea0fbde4a919ce051ab34e52aac48217d8f5e7ff116e2a94cb7dba562c71a7add57118b36a3
ONTARIO PUBLIC SERVICE,119396.75,344.16,Attorney General,"Sr Counsel, Revenue",1996,903da85d7d58aa02c980e17c58dce518e4aeba372c3c69e971476895f998bd08d791f0be73483258d19e064db960dbe72218755d894800adb90ea948798c6707
ONTARIO PUBLIC SERVICE,104176.19,299.16,Attorney General,Crown Attorney,1996,ee06fa0c95a2475fcb9f2ec294443c597882050d4f08dbc5463cb623362f6c8e717d9d5383d14814fda0bd59fe87480adae97b971ee9bd26c5ec95b46c87bff5
ONTARIO PUBLIC SERVICE,123825.0,0.0,Attorney General,"Provincial Judge, OCJ",1996,d6840857d456843c837a6ff16e826e858a19cee1cad9510270abb3d30fb7f38bcbb3a551f05274a2096d529fe65970a98e1e7e26006e5e52e9046bbb4fd571af
ONTARIO PUBLIC SERVICE,120259.57,343.92,Attorney General,Senior Legal Counsel,1996,90a0101350d5472ac986dcf81439e1f65f774ffcd1d05c4b667e50189ec35141bf98f83e330aeacf88f7f12255383cf02c7ca12dc75fa42161401e163208024c
ONTARIO PUBLIC SERVICE,123825.0,0.0,Attorney General,"Master Supr Crt Of Ont, Masters",1996,d6ad1ae641dd65798fe41a99ac672f317119ee4be1e229f468bdda2c4d49709a3e06dfdddeebc4635244d0bd7cce129c9893a1be04700a96fc7dd98be1f7c80d
ONTARIO PUBLIC SERVICE,113363.42,293.04,Attorney General,Senior Counsel,1996,98ed3abf942d30bda6639ec8d134b30d2f5367e12c7824d662472c4c62ff4e43668ea0a5a1d6cf8fb577ef86a97cd435a9d5399fa527fac8294ce833b35b26be
ONTARIO PUBLIC SERVICE,105717.87,304.56,Attorney General,Asst. Crown Attorney,1996,21ce4d05d0db8b1c1837f1781c28e3f98dd91d41aaebe1428967a38b28c7e3cf1ed04fcbdffca43ea3c9ec193b2882717b649e9eb224fc111898a1148160bda2
ONTARIO PUBLIC SERVICE,123825.0,0.0,Attorney General,"Provincial Judge, OCJ",1996,06da73ff77ca88a3ba9681a6181896e3618eca8ec2ef9249c5d17f4c72976501e2cab15c1f758f40ce0f7f59142f0f8f36f844845fe02a58266b83a439b26747
ONTARIO PUBLIC SERVICE,115381.15,330.0,Attorney General,Counsel,1996,42793f3a38c5b4f9676a177ba10b1168a58a3dc1a87b8010398a5eca195dbc1621a5babddbb11cd87106d213f239b285fb8b073e63f0dff633f8bed11be444a9
ONTARIO PUBLIC SERVICE,103580.6,298.56,Attorney General,Legal Officer,1996,fa4e50410b6a6b708a7499af6c5ee55c6677537f02e73e87a218d795be6a259ed301ce156775b33fd009881a15b65a81dcff471756c4d16dd46ffa92f6e348c5
ONTARIO PUBLIC SERVICE,103580.6,298.56,Attorney General,"Sr Sol, Rent Review",1996,58b07472ff992cdd9bd8cb972ffa1780654cc27fdac736eb4659f197c04afb137f11578b02b3e7c9421ea4a8501b8270eaabd18a0cc62b3507a83c2bcd996ef7
ONTARIO PUBLIC SERVICE,123825.0,4250.74,Attorney General,"Provincial Judge, OCJ",1996,d48e83efa4a99bef79890f0459b0154e1c83782fc2337a375001806e795f8af3291daa21ce4a258c69529a5b69f920180b5117c129ddd7a984565347f132eca4
ONTARIO PUBLIC SERVICE,119396.75,344.16,Attorney General,"Crown Attorney, Waterloo",1996,8a1150c7028fc2f65414c254ea477ffe64f6a410b08c70d5a62d0a9377c9008312983e6bd36083e494e4e3a9c4ecef5c341aef60c61a981c6eb9f037a31b9e24
ONTARIO PUBLIC SERVICE,119396.75,344.16,Attorney General,Senior Counsel,1996,f64374879c096b354eee27aa857031dbf151bccf68dd108df19d60023841b353ae829779772ec26cbad3685ce9f6630021469ca1e7843492efcff15b66084f3b
ONTARIO PUBLIC SERVICE,119396.75,344.16,Attorney General,Counsel,1996,85c8c2abc792757d9a32e07becf3181c32e706381fdd0b73793bd808018f73a9ba552f9fa5e4f4663b4d5639b15f3031a85fad7f75b04beff2c8ca94816d5175
ONTARIO PUBLIC SERVICE,113911.14,0.0,Attorney General,Asst. Crown Attorney,1996,fefed0a1b59c671ad375b2fd4c9f76d834ea644536a440146efaea5f59328a5adc0c1683db0687ca93b4dad7d388a26a3a7106ca6a2bd2dc652fad39f8510406
ONTARIO PUBLIC SERVICE,104396.46,298.56,Attorney General,Legal Counsel,1996,00fc36e06b56d748f35bdedd5cd9f7c16c0260ce079d56a28cff92da631f9e1ea884ef073f5276ee9381997ca569115f0a79fc0e7a5ffd23933e489f7f059b47
ONTARIO PUBLIC SERVICE,123825.0,4250.74,Attorney General,"Provincial Judge, OCJ",1996,416dad848559f86b366e844ef0a5a4316ae0a4b3bb036ba98c54e777bb2d727d7ce272e913b7db2208e8c152951c47be0dd962f7d93e8cee7575a5fdb56f03e9
ONTARIO PUBLIC SERVICE,123825.0,4250.74,Attorney General,"Provincial Judge, OCJ",1996,b7edda3f7d8d8255a6a06e60c1bd25c430bb899c2bccd497ef635c05bfc94ecd2c74268bcc5c5d4c4d1eb32130d459a591f8b821b8ef03ac0beec68a5af493e3
ONTARIO PUBLIC SERVICE,119396.75,344.16,Attorney General,Dir. Legal Srvs (Des),1996,399480f48b1cd2ba983d3fd99d1b7282a6ca19eef031edd8bec6e2c947b179b6e5fc54c709e316a477d0af5191729bdbb099dff5acebfaaa738c4b89039c2a9b
ONTARIO PUBLIC SERVICE,124626.51,359.28,Attorney General,Asst. Crown Attorney,1996,32791a0a942cfb0d2259275ea1a3a3d09e44a4c7ef004ce16efabc8c35013431444e308f2c0390153c65d4161ccbf0c5149fe585a210102d22daeab49409265c
ONTARIO PUBLIC SERVICE,117895.14,339.84,Attorney General,General Counsel (Des),1996,c41ffe540f8f30e05516c4f5b3af5500975d246fc08d4ccc83304d1496a4ca6bd1d0ed8cf098ae7a055414737aefd5ea87daa75ccc179748e5e60fd0a8df50e8
ONTARIO PUBLIC SERVICE,123825.0,0.0,Attorney General,"Provincial Judge, OCJ",1996,50e25f12f252ea0e8f7d10135a79bad62915a991d655db75a3777683ab15f72ea1edcd8a7b32855006e80edb12cf72b03b306be868c3af752b9f8f7a99024855
ONTARIO PUBLIC SERVICE,118273.27,344.16,Attorney General,Director Legal Srvs,1996,cacec28a05d7fe1eb6292e9d9277beba25f07b750c41d2e0150ada862682e59e976f1d250a104bf7f0c7417195a5c124b4cd7bb8a3635b0110cdc72d045277a7
ONTARIO PUBLIC SERVICE,106343.97,290.16,Attorney General,Counsel,1996,3228f19ba4899f9edf5d2b7db7916e9daac317974d787758ae5b0c1dc8724660d6e1c6b77433a4337fe1717a795b7cd3156007cb4e38561120b3060ff865c190
ONTARIO PUBLIC SERVICE,119396.23,344.16,Attorney General,Director Legal Services,1996,55680b63030b1da1f55b945394284d2d2af6665c4c62221f1d9280d27a7d9c0d5a3151836d6ad519710217fef881e4394499a918acdf1c848eaed1a7946b4ed7
ONTARIO PUBLIC SERVICE,103580.6,298.56,Attorney General,Counsel,1996,ba0002ebea53b17d9c9c93c21c42d6d0422b37ee070f88e740c3fbacec68f8ecc0b1fdf57c574bbc9cb3f817ef0f3373c97c6c7fc4549e3f99a423d310fb5e89
ONTARIO PUBLIC SERVICE,114462.12,330.0,Attorney General,Counsel,1996,8407acb1cc0d545a63cdd33e0618a145fd7b184a373db2f8ec20115af7732bf5c4a375874df04284f370c55682ec6359a9562e8268c938c9600e6190b664a6ee
ONTARIO PUBLIC SERVICE,118967.37,344.16,Attorney General,"Crown Attorney, Brant",1996,1ec1d2c72194449de17f3fc19cd58f8001ecefd348e10fbc1212d6cd2359e0aad87325bd94c7c4ead01426df385d2267f06ad2865842802a2bdd6e45b86f0f53
ONTARIO PUBLIC SERVICE,102084.64,294.36,Attorney General,Legal Counsel,1996,8d67250683d2c472c3fa5dabeaf72c81318f56edf9086d9c8b1b4e9f6dbbd6170ad23caac74edcaaceb58749b3a795d19ce9ec03d9add21133473aa2db29a2b8
ONTARIO PUBLIC SERVICE,123825.0,4250.74,Attorney General,"Provincial Judge, OCJ",1996,74e5700849254478b17c2ce834272eec4f5f973eff56e53abfb7523fc9d517fdf13d8e8ec062e696533bfbd2ef51d6695ebdfded563c19da15b6d433cc3d4292
ONTARIO PUBLIC SERVICE,123825.0,0.0,Attorney General,"Provincial Judge, OCJ",1996,16cccb35a51b2f72f49194e75702b6230e11d28732c8000296d9b2fc8850b7e901b2771c0457ff8b3cc95e255fcd3b53eb31839a17359c2b6dd3d08326f7bf6b
ONTARIO PUBLIC SERVICE,146092.47,5552.3,Attorney General,Deputy Minister,1996,ef99df600e2d4f2fcc27834724624b3545b68458490e709049f0e6a77ceb3b0c94dfb2ef15fd9803a1d646e500aab8ba1f76834dd6854264ea8520762a915ff4
ONTARIO PUBLIC SERVICE,119396.75,344.16,Attorney General,"Crown Attorney, Peel",1996,0d6c18bf6cff4795100890b47512d5fea46191476e4c4605c133265020c204870ad140b3388fde127526635844459415f3cb5d0f54c7c8e73c17429d7c26096a
ONTARIO PUBLIC SERVICE,102083.6,294.36,Attorney General,Counsel,1996,121d722286296400bee01214914e0340760cdb243602b7cb35601e5befd908079a129b171d4660d5b6921a8a310fa5d0ff707c84aebdf8d6fc3e16b35106be8c
ONTARIO PUBLIC SERVICE,119317.8,343.92,Attorney General,Cr Atty - Cochrane S,1996,9829d0c251ba77023ff02333e6e5e418a0daed56f354ffd76f1f4831575d6486087eeec80efc5675c16e6fa99cd4996759b2dafadacb9863bc72bbea5cfd2445
ONTARIO PUBLIC SERVICE,119396.75,344.16,Attorney General,"Crown Atty, Northumberland",1996,f93d54788aceb97fac57d7754c3a97f0b8e839bb303cb80f8ef3e3e71aeea14c2cee2f689fed5db5379578c6828dbcac796a605c672efda837b42cdbd6d7f57e
ONTARIO PUBLIC SERVICE,129564.31,535.18,Attorney General,Deputy Minister,1996,390459efe4f8b550418032ca499b6e478c8d5fb6d06290520ada3e16dc0447b5a1986ebbb0ec9dddee8755818f54bd367b2869edf1db360994ed17e95d829b9b
ONTARIO PUBLIC SERVICE,123825.0,4250.74,Attorney General,"Provincial Judge, OCJ",1996,c4d8185437aa2d506209b815ab49ca4274a96150d7c22fdf933fd11171f1155d5be53e913eed4f70fa3a893738b9a221c48c33c17a88ec628755566447b7b908
ONTARIO PUBLIC SERVICE,123825.0,4250.74,Attorney General,"Provincial Judge, OCJ",1996,ed827501ffe80a1e571561005daee5b1721133d75a6b8f795898d7b62ddc1165e20773a8b149db61b8a4d830d6759139c36306593caf0e68665939c8347baa73
ONTARIO PUBLIC SERVICE,123825.0,0.0,Attorney General,"Provincial Judge, OCJ",1996,9c5f0ff12e280c5824c5ce5883f1db51c265e1b47ecf2867d221c5d09118b2e83f4fcb1d925a26e43f2f0e330ee56f3bb663dd4ba126d48e093cebd121731a3e
ONTARIO PUBLIC SERVICE,110932.11,319.68,Attorney General,Sr. Counsel,1996,62e2e52a2e7bfe6cb2ebe332bb18b10dda658e5baa4ccc41fb9cd13898a3671bb88085da80e3a94ef5d285816647b1cee2f1ba9ed2f597f4b6824dd9dab85ad3
ONTARIO PUBLIC SERVICE,103580.6,298.56,Attorney General,Solicitor,1996,718750fa0a74dfc40e4c00c29a53cdc06db10a756ffe992fe1a08ef56fec1587dd296ad608366729042f1c493a6b32d7c9736e194fe2ece38533a921da12111f
ONTARIO PUBLIC SERVICE,124264.62,351.0,Attorney General,General Counsel,1996,504713bde2f93d0770cad089da0dc18f4bcca986dfb59d9e95b45f081a64849d3c8b346d53693421a82764a53bd2171d1b2a91ac6d5ac2e9290fc65cf150d848
ONTARIO PUBLIC SERVICE,113127.59,326.04,Attorney General,Solicitor,1996,230702032deaee8de02eb8444186d5d9863714a06dde5b766fced7658b2824cf6b6141e30e14ef2b724c91f7a5023faf487b592508ce3aa3735d73f2480527cd
ONTARIO PUBLIC SERVICE,110930.81,319.68,Attorney General,Deputy Director - Solicitors,1996,49bc0c094dc5a5d54d16b31cc7c12a06dea6e549dc2b20fc401d65676e3f45521fda03c30c696c6ccd4e997c22bb6e395b4fa2568ad5b8787db2a81c88cc0fae
ONTARIO PUBLIC SERVICE,102084.64,294.36,Attorney General,Legal Counsel,1996,bf0e2fd9d73e2ff63a434f8c9ae36f1b1513c6716927c0e4838aa77fde1cb5b55aa3e3b7e2ee58fcca364c23c2487624e6ff786f7747ea7f376820d0c5241f01
ONTARIO PUBLIC SERVICE,115381.41,330.0,Attorney General,Counsel,1996,2b7d189b82c1a25565f99a26a3f6d264a4e8f5f5459f2a842f839acb1ea6ddcf4ae3bfc711ac044dbe54f2c754148601e2c3302618a287e1ccc5eb8fb524f164
ONTARIO PUBLIC SERVICE,106140.68,329.4,Attorney General,Associate Direct Litigation,1996,993d40048c6f187651cbf0f13ed5186e0d9b574928ac33d2ab3815ec15e184083dafb20e27945f437ab6f3b034deb154ccce2e918f0f9c727752cef4a4d0f463
ONTARIO PUBLIC SERVICE,104412.27,298.56,Attorney General,Asst. Crown Attorney,1996,06efdc1bf10e3dca945bf39ad26bc9dc7a2c6232358e78c10f573cea1e0b1ca086a34552f5d21e8b54e0c3d10ea0d1af9788909f9d6cf7ab2f6fbfe9addd2d04
ONTARIO PUBLIC SERVICE,103580.6,298.56,Attorney General,Asst. Crown Attorney,1996,2c6dcce48335abab9611153693ad2f7b049231727b4bec2343804e16ea7f1a376721c04e747f5b2a4b75ba1c37041d8e02c1286e38d57b8159d0016f82012f18
ONTARIO PUBLIC SERVICE,123825.0,0.0,Attorney General,"Provincial Judge, OCJ",1996,9700aa96dc2413f984888648473a4ca0b9b15355c301f97e59b6f2f710f2689cd9b87dcc25b185b1a7724469158f6ee96bd91546483333eef592a6940f4da2ed
ONTARIO PUBLIC SERVICE,120355.47,344.16,Attorney General,"Crown Attorney, Lambton",1996,81543e4b0dd782cc4d10eeef00e3eca0df7273125d8bf109b4781b99c29785fb7b460294edf8058e3ff1fc797e7e5ece72169d93bb3ee9c0c8de395ede88607d
ONTARIO PUBLIC SERVICE,103580.6,298.56,Attorney General,Asst. Crown Attorney,1996,60d54920959802eaaab765ee19dc32930503d3bb6248d44fa2bb4ea799ca5c7eebc313a1ef7e24f4e6f2d45de29305ac0b4bb3d3bbe654025c619de0065fc497
ONTARIO PUBLIC SERVICE,114462.12,330.0,Attorney General,Counsel,1996,58d233eca67224a76681c773c106078444dc1ef1a5b64724d59439683ffdc7c78216cdcfa310504a104040104c0f12d375d4783750560c652f13d0f8f8344941
ONTARIO PUBLIC SERVICE,119572.18,344.16,Attorney General,Project Director (T),1996,bbeb5e6e702883e33c885d7b53df9a901dc1a7fdd8325e69885dc2e90d20be34ce5139d29643e0e4a082390bb6dc172a3ab4b75d3bb813e6c8780d9e17492416
ONTARIO PUBLIC SERVICE,123825.0,0.0,Attorney General,"Presiding Justice of the Peace, OCJ",1996,37d43d13d9af4e0963dd43decc22e037088eba7f83fb82aacadb72465d78f43023aec97d037ebf02e1d9b44719491de80b500d9ea4b616cff3f81927aff197e2
ONTARIO PUBLIC SERVICE,112183.84,324.05,Attorney General,Counsel,1996,a549151fe6d6d9ea7834ba19a5c3f2c1b6eff456ebb32616a34bf9ae3845ae9c61161fa0ebfc5392bb59c1fa3372866c8fc9b7979f52be6749f7cc0ae4e76765
ONTARIO PUBLIC SERVICE,123825.0,4250.74,Attorney General,"Provincial Judge, OCJ",1996,6a8e6a600215d44868bdbbcbfc0373311d45a8f57a8f49987f4abb5ab0b6f0f7edf7df357a0a6976de6be3ecff7fbbb475868c5ea9f2ca823b34d777af7bc772
ONTARIO PUBLIC SERVICE,123825.0,0.0,Attorney General,"Provincial Judge, OCJ",1996,e28bb1d51d7bcd966dc635a42ebd81571f1bfca5ef7b0e826abe322eea65c8cabe478fcebb5a0bd3f478f3177a95aef4ac613b010fa734aad71039c4c5f6ccc1
ONTARIO PUBLIC SERVICE,119396.75,344.16,Attorney General,Director Legal Services,1996,21402307c7805786d581b30c5dbb9a94b737d23c62f21e68bcce1f9181479f7f66ed5500b73a1868be2107cf8ee8d0cc340b0e9794b2f9680303b1bdd64a73b5
ONTARIO PUBLIC SERVICE,123825.0,0.0,Attorney General,"Provincial Judge, OCJ",1996,b04f8089261543cece34a762c037150a9900ed49058398a74123d638ec3700611cfd2bf8aa0ec08d3058e75fee3454b3d767ac26556144636776c858af0099c0
ONTARIO PUBLIC SERVICE,123825.0,0.0,Attorney General,"Provincial Judge, OCJ",1996,749e7a3aefa75a225eea8566e87768484aa3ec3baae7f377834f8bf7196fed28524fa29f5114273ef85e6cc953eb1bc63e70a4e2ce03b12e9e308c9f565473b5
ONTARIO PUBLIC SERVICE,135619.12,3044.02,Attorney General,"Regional Senior Judge, OCJ",1996,710d28dd7b2b71e6efefe006c966df0ed6d54862a946f1480b2a96c1efca7246bed410c609d05b198d1f76d279b0e3d44e30e00367c3dbc110f37f0f004ff302
ONTARIO PUBLIC SERVICE,103580.6,298.56,Attorney General,Client Lawyer Team Leader,1996,24756c40bc83d24047131e0dc333b3b6b805d0c769d98e2046968ce8f397b326b296ec13dcb3d39ad50157cbcaa0bd59b225aab37be241304c4f9ebff84aafc1
ONTARIO PUBLIC SERVICE,119396.75,344.16,Attorney General,"Crown Attorney, Algoma",1996,2d3894f49165a7cf5b9765c1e13fa647060dace960be3bdcd111c34d12887870a726880c6d923d41807f3396c2954580e4fb6975bd4fab320b4f4d34584ead45
ONTARIO PUBLIC SERVICE,120355.47,344.16,Attorney General,"Crown Attorney, Lanark",1996,9c59f959a4f71615573be2d627dbcda0886973f7cffca062e2984519994df0191a9083eeee9e7a3c943d6d815a8d7511866b7e9683ea3ab7d627751f3603b46a
ONTARIO PUBLIC SERVICE,103580.6,298.56,Attorney General,"Reg. Counsel, London",1996,8d89e70f992403ae10df656753e81e5693d014b1544eda26ef1e7e4554c445fcedcb362475b772c4ee6101c60eddd9fb593ee40b96eee8b0e30d68533a37273b
ONTARIO PUBLIC SERVICE,123825.0,4250.74,Attorney General,"Provincial Judge, OCJ",1996,25944a9e976c1bbf432d83470494a7f9a05afe83e6b225a7aac34d4438741185414c2850ed1e7a7fc49c3fa571408d7400e58acb3c9de77095b44da0f578a2de
ONTARIO PUBLIC SERVICE,123825.0,0.0,Attorney General,"Provincial Judge, OCJ",1996,b996e7e2c187ee33c09bd7c1c41bbaf315155127222fea43a83a1da1d625fdb28ed6cef92f1f9c3bd3cb4474ef56d8a8706109d0fcc41095f836fe1a18b61ccc
ONTARIO PUBLIC SERVICE,103580.6,298.56,Attorney General,Counsel,1996,52f0429f6c45c2db550d9a8db648fc4cddb2e37855d05c7ced9725fe394c3b919d4c95cc7c32fdc742f1842286368e90b478cb26f9d9adf932752e9cd6988835
ONTARIO PUBLIC SERVICE,114462.12,330.0,Attorney General,Senior Solicitor,1996,6ddda5cc249afa37802dd6116c6c26503d612de1dea6996ee682bfa5b2f22ad8b34e70af385061b319e6495f0c763622a1c1452767c5fab5eea79922bea94e01
ONTARIO PUBLIC SERVICE,123825.0,4250.74,Attorney General,"Provincial Judge, OCJ",1996,18016ea523872636e00332ddf6cace02276a1c20b7cdc985d61cd033b7794c48c03a3bfba849575eba792b2b297552dd8a601b5aab96061b76f4dc3535aa398e
ONTARIO PUBLIC SERVICE,123825.0,4250.74,Attorney General,"Provincial Judge, OCJ",1996,75d568f88ca9f240013c20d497b61eea84d670d3b00b2d7d6d2e6ac4fb0eaf920c8a1fa250605ca9964886c7f148f6eb278ada2d5f05fd6a281cc1272f1e4125
ONTARIO PUBLIC SERVICE,123825.0,0.0,Attorney General,"Provincial Judge, OCJ",1996,0aa8481b51d950841dce51fbdfffc2a096aab654cbe9a146e731e757701b3d0ea83a66d454ab8ec109fe06ca19c1bd2ada412fdce0c6f4a79ada2d7780a4428d
ONTARIO PUBLIC SERVICE,123825.0,0.0,Attorney General,"Provincial Judge, OCJ",1996,f9a8a306dc3a1862fdb6c016fc1872b61b383d4c7e8995391d249c4cdf498847d09d068dbd2c2b504e6acb65736cfb5ae74a3ae2f9692e3ee49bd87cdd808312
ONTARIO PUBLIC SERVICE,123825.0,4250.74,Attorney General,"Provincial Judge, OCJ",1996,cc7ca7f12ac765cce3837d549af99c177ba28468e128b3b9d277e152e24ad1ba6985c66d2a9582dabde0a5a4a7d01d1a2a76770780322adf98acab8e6cce0faa
ONTARIO PUBLIC SERVICE,118347.72,359.28,Attorney General,General Counsel,1996,835731fb4602c6054556c47f6c7125859cb66c364d04361b742f2b59f3728cc6f2473b7187ec3436c7699c07daba1bb8d8a641353b91c46d95d54f6beea3d28e
ONTARIO PUBLIC SERVICE,121725.86,351.0,Attorney General,Reg. Dir. Of Crown Attorneys,1996,bad42ec8d30959c32ba4c4401d7cc3e52f46ca646c8a0e3a3a636043760fee4a461daa3e7682b4d2b2b9f1a8af9ee227d22977dd9a9b55fa3c16b5acf5751c6b
ONTARIO PUBLIC SERVICE,112018.48,332.52,Attorney General,Deputy Director,1996,5b1a4c87aa3e242cce267ba6450c80894ed5f8675d6d787eae20826cf413a7e2ae400e8dfe26de15ba7b6dc9edbeda460b7aec1a9cbb6b66a70b04886c36bd44
ONTARIO PUBLIC SERVICE,123824.48,1634.9,Attorney General,"Provincial Judge, OCJ",1996,77ae0b7cb3469ef26c2d3d601e92a546bb6972aaed4ddcddb341343b6e532e49968f7f51841b24893854fc7e64310dc1c17baac696e25e8ee0711645a21274d9
ONTARIO PUBLIC SERVICE,119396.75,344.16,Attorney General,"Crown Attorney, Dufferin",1996,03acc0a03c29cf1e84a6f706b8e22bf1eba65631b6c65bbe78663ccc7313017be8c9e776647376e1f25f758aaa909f2b96e775aa372863585667645368244bc0
ONTARIO PUBLIC SERVICE,111017.49,285.0,Attorney General,Counsel,1996,14e9320049bbc92e00512c8b5f46d19e1993fd9e756f3bd01708df383a67cc97e12ad24c60b4e9a64d5b977078d28ac723686d7b7c62fe56c6cdc99727155fd1
ONTARIO PUBLIC SERVICE,104382.59,298.56,Attorney General,Counsel,1996,338e2c3efe19e55b9977bb59afb7478cb66b371e2fdffaf173e8642caed8df3c853025f5f264e5f8e1af175579830bd1d29f1ae8af5e022b73dd203a220bcdc8
ONTARIO PUBLIC SERVICE,123825.0,4250.74,Attorney General,"Provincial Judge, OCJ",1996,a8a1c428d96ac05ccd845637b1a2fbda9c932ee6b247b3c59905523bb6519c7cfe2c1c9bbf837f39cc4706c39dc96e2ded9c9dff3d1f06272622ac58ca38da51
ONTARIO PUBLIC SERVICE,119396.75,344.16,Attorney General,Director Legal Srvs,1996,fb81add0ab644173e675f5eb5c651cd2d6fb365b2b904ce2d39a2d0ea8ee8d12e3a6cf1e8d43ea752648d2ee8d0fdc433e077a2bed74fa3b9ef7fd370a35ccba
ONTARIO PUBLIC SERVICE,115381.15,330.0,Attorney General,Counsel,1996,a6fbeb73fab3c493984becb1a771442828aad51ff0ea63fc8c63575392d30eb4a2b7107659152ca03b9f1c63959b937748f64a40a8096adbc4220cf94828298c
ONTARIO PUBLIC SERVICE,103580.6,298.56,Attorney General,Leg. Counsel (Des) & Prin. Leg. Advisor (Trans),1996,02ca3581a7136f4c8b0d679598cb90e3b3a198b771ffbd7780bbf3ab2cb78449ceda602c37e2c611225a0cae0ddf0679bcc51c01142e5c129897f46002defa6d
ONTARIO PUBLIC SERVICE,103580.6,298.56,Attorney General,Asst. Crown Attorney,1996,9130ccc4931795f55f02e851f71d34411d287b10396cd064f8b8114f419f9ac8ad9acb3b0269e4140d02bf9827f5f2129b1ecf63ba2c694c9b5b6a60a633ed23
ONTARIO PUBLIC SERVICE,123825.0,0.0,Attorney General,"Provincial Judge, OCJ",1996,1a71b35aaf2da5ca584d52525ea99c85267858fd09cb2f8682c3fd38c6ecaa7cacc4ce8187076e56e91e122658ca20afd922a537640b9e139b9423056e3d70ca
ONTARIO PUBLIC SERVICE,123825.0,0.0,Attorney General,"Provincial Judge, OCJ",1996,05721b70c08783e75b02160eb5a7eb3bbe80e4cd3d83b9a757726a9a37c28d27f5cc966aea4628b2f83a1c34f46e5152d0ec53d8c9c63b63cb96ba42a161e9aa
ONTARIO PUBLIC SERVICE,123825.0,4087.25,Attorney General,"Provincial Judge, OCJ",1996,f405371831269ff9ef0e5e8300d2b3a7b0e203efc558d72327982423172ea1102fd92ca11f5ea2772282d86e6714ed926613e4363f3e382debb5abfcfc6c890e
ONTARIO PUBLIC SERVICE,106686.6,307.56,Attorney General,Asst. Crown Attorney,1996,7f31d873d828743a4c903b823bc86f482b8327e85ad99a28bf43abaae6d0a1c6c0965f2a7de2ff8dfe28e7572f88a57d487fe42aae97518dab7476131b056d8d
ONTARIO PUBLIC SERVICE,114462.12,330.0,Attorney General,Legislative Counsel,1996,f63a86adfe9f52de5cae856a932ea302371d19165fc124a54bb551ab45f72b1fc778f44b9b4a7659105d28d608abf0e671bd300db7b4e486e6ed57eb466ee0f5
ONTARIO PUBLIC SERVICE,123825.0,4250.74,Attorney General,"Provincial Judge, OCJ",1996,c467682dc2e039a183652b590852050bfeb09c6bad0892b293548c91714fe0eb483eb3051cbf859bfe2198761652adc12b80058d78a84baf1dcc2db60108891e
ONTARIO PUBLIC SERVICE,103580.6,298.56,Attorney General,"Reg. Counsel, Thunder Bay",1996,dc566b791c04167be03f3274746338c8f63c905efa424907cf20256d828de8f58512dae9d3af4773b1f15b04c950a1892e2f7c9c2f9dbb996283f25c601a6f62
ONTARIO PUBLIC SERVICE,123825.0,0.0,Attorney General,"Provincial Judge, OCJ",1996,df4d1fd89bfad9483a4cbe447921188b458c5f25ac9bf7861078c1148a6a3f38756a05cd262497664e143e4fee554f5e0e4fb8df97b46e92b0c271fa962fc1cc
ONTARIO PUBLIC SERVICE,108203.16,298.56,Attorney General,Counsel,1996,1acbb132add10f8a50db307c3d03349d63d4aa0c607a4b5fdbc5a14e6add5ae0d3193fddabd06aeb6bc6cbede223511821291d1403d154448328e5015ff6a05e
ONTARIO PUBLIC SERVICE,123825.01,0.0,Attorney General,"Provincial Judge, OCJ",1996,f64ff5d274f4990d6fcf8dfb5fb9a96da0fc9b4ad197e50c155ec5d57587dc3f31b03b3d0ef6b04ac5834a7e2c8dc2e4e6247d05d4f57a177f7260a8cf1be4cd
ONTARIO PUBLIC SERVICE,123825.0,0.0,Attorney General,"Provincial Judge, OCJ",1996,81ae2a821940c9534c9a64642669e39d5f7585a8ac9fd9ef405a07c1beb8445b9230388ba04118942a6fec48fc45b319e0271f9ab802d7a35725f435a79eac0f
ONTARIO PUBLIC SERVICE,135619.12,4655.56,Attorney General,"Regional Senior Judge, OCJ",1996,d85d9f7d18c11920ad62a23b4ab9343c0a9dab96069f542f20e129d0e95aa28b421646f1902598ff4f99043aefd7b071fb6776d50babea4468db43d2859865c4
OTHER PUBLIC SECTOR EMPLOYERS,158476.46,2268.64,Baycrest Centre for Geriatric Care,"V.P., Medical Services",1996,fa7e9ef34f2b15e007c43f7e2e4fb0e1d3e94920449b93f9a0611dba0deefaed21b943e38544a8cc730d5b1eb525d2cf59959d772187e38e60691d4bd4f047eb
OTHER PUBLIC SECTOR EMPLOYERS,124611.84,1251.05,Baycrest Centre for Geriatric Care,"V.P., Public & Community Affairs",1996,b1f9b7f2ff6c561a82421f8fd02dc54a7a4596471acb8abdc9e36f68e9750395095d2218a4a8d68aad101dd9081eff9863b728848f63d652878f39945876062a
OTHER PUBLIC SECTOR EMPLOYERS,326217.89,27628.08,Baycrest Centre for Geriatric Care,President & CEO,1996,fe47aa08d38830b657a37fb5b59fc6e2cf8a3571a8954122d3510891cb1130df1554ec32f3896273221c6287f58e488335d7ca6977f0e9ae1345c17b13038b17
OTHER PUBLIC SECTOR EMPLOYERS,120563.28,1060.86,Baycrest Centre for Geriatric Care,"V.P., Information & Support Services",1996,770ebfaefe3c40d04c54639f8e9dc7a99f7c9620a150c179c65a05089c52e6301a410265bf816edd1be5a3ff176daf6931f748b26f3cc21df4aacab420447a37
OTHER PUBLIC SECTOR EMPLOYERS,135623.16,1210.99,Baycrest Centre for Geriatric Care,"Senior V.P. & V.P., Social Services",1996,e348dc2d1c200d18a38b7a59af2c7f146cbd34edf53eec5e52b6e4d54511df29d34bc145ee1dc16dfe5b01e4b8cdd3a4fd899b3d7d275c9496e51d6e60e0c6ef
OTHER PUBLIC SECTOR EMPLOYERS,120046.28,594.63,Baycrest Centre for Geriatric Care,Staff Scientist,1996,aa903dba7766d91cff8f7a104337888a1b4c3da122fcd95c7b6e75c50d2ec67fac4fe20e071c448c751f22ae0ce5915ad6cba9a7908aeb862927118af9d79f97
OTHER PUBLIC SECTOR EMPLOYERS,116636.46,1170.92,Baycrest Centre for Geriatric Care,"V.P., Nursing",1996,e59c90cde32f48ba478d9a7119df79e0e2ab3b0bdda5d5f057d61be5fee694ca2a3b7e623b2159d7ef4e10d1f454738a6e69ac372250fdff10865e84291e0abe
OTHER PUBLIC SECTOR EMPLOYERS,164287.1,3059.23,Baycrest Centre for Geriatric Care,"Dir., The Rotman Research Institute",1996,7e599d5c73ff8cc8259d13a7b1340e91196b70992b0d7ad91885e6be77afe95085a79592c6a375c0bc69e52e8aa5b496a1533f5454db7dcf2ffaf63432aa7950
HOSPITALS,102694.0,477.0,Belleville General Hospital,Chief Pathologist,1996,df658a15fb377b460e11bb93d98bed20ee5b486b0eaa7bc0e6188c410d7792775e95cc21e92219e8d3b7b8ad4ebef07256f5e81ab6fcfca538d9568996eb9799
HOSPITALS,124960.0,741.0,Belleville General Hospital,Associate Pathologist I,1996,6af8071a8097ef9e41d6e22405ee731c2dc726ac9ea2474683cc509372dc97d24a91119d70e7dc24d149949cac76cb601661e23f6759eee8636bee42a66ccc46
HOSPITALS,122130.0,4925.0,Belleville General Hospital,President,1996,d43a949954e8e99bf41e20914ff23a0cf501f4dbd38bd984adcac720f974e5b01a9d7b500c529f2b16d22873b74d1b11e80f17dacb302fc424ad7106544a8b19
HOSPITALS,119905.0,712.0,Belleville General Hospital,Associate Pathologist II,1996,0990338f7058719357c889b6ca4065be6ac0eccc44aead7b44fcb9db4e8b6c9c789629177163f491a5ffd37513e405d51481dfc9119518799df7011dc2bbd752
OTHER PUBLIC SECTOR EMPLOYERS,120443.0,4287.0,Black Creek Community Health Centre,Physician,1996,99cce317f91551e2bf9b96fd0fd4735f2ee8968a2b230a14207cfc8d1190ce3064eb40c57e82a55502171caee01668ad3289032f7ee2614c5287630ee72cd356
OTHER PUBLIC SECTOR EMPLOYERS,104383.0,4178.0,Black Creek Community Health Centre,Physician,1996,671108711473962bc4f5187522c11b5118f958cc66f217ca5781953b90204bf0582e8d974a93c4d6f2f10ca36bc4ca9e029755d0017a787a7165ec1b7e931179
HOSPITALS,151500.4,505.56,Bloorview MacMillan Centre,"Chief of Staff, Bloorview Site",1996,dad8e0ec261995d1e1a7f3d4e965f91a97f03a35ac2e4ade66f4d7841b0a9219cfe9b97230769b321e0e9ff8435b0de186c8dca5a0d4e2635c8c6ed53501451e
HOSPITALS,135000.28,6459.72,Bloorview MacMillan Centre,"President & CEO, The Hugh MacMillan Rehab. Centre",1996,4fb1b9288f96d130a4c7e2e5044ab4b70a41c279afca0f8e09a9cf7228f7ba2682669886418c44038c40ebfe9fa3c2966cf2dde1cead60df4eaaa240148c9efa
HOSPITALS,133903.32,6573.6,Bloorview MacMillan Centre,President & CEO,1996,bf07079f4f82ae3bc18bb8f1b1763829eb8f2b77141774c317e3a9651af1f7760d43e9cdbeb76ae7dafc224034f67c152502bb62da6b7e55ebca0a9119475715
HOSPITALS,186683.06,955.94,Bloorview MacMillan Centre,"V.P., Research/Dir., Ont. Rehab. Technology Consortium",1996,1d22c8643a85ce750677c23e5000e780d801034a651c54cf0870f392adb5d225fdc4c081ed4f6192087538035aca9b08f9612df00748eefb4733aa3c19518cce
HOSPITALS,144087.61,645.39,Bloorview MacMillan Centre,"Dir., Dental/Cleft Lip & Palate Program",1996,a95e946cc7a2b95a0a042f79f0758b99e9ddceb49f36ccb9ac63cf032ead5bfd7c6a446a5228b1ce2b8e2e64f0a6d9eb00a60606d309f4339e07e91de4cc4175
HOSPITALS,125477.11,473.75,Bloorview MacMillan Centre,"Dir., Pediatric Acuired Brain Injury Program",1996,fe2e667dfd99d9117406f77b6035d58bac688821921190e5ae691c9964d6b8d03e47777013441ea0e7ee7826244137b5c22748d6143066e5d32050257e55945e
OTHER PUBLIC SECTOR EMPLOYERS,138375.0,691.0,Board of Health for the Borough of East York Health Unit,Medical Officer of Health,1996,4a7e5293591a057b3a64beea2f18f25df636e57f207d4ff60a25778bb1f64c3fcb565ca20c75f1d395606b9c1ce8737dd0d683a34f913b481666323d507b4969
OTHER PUBLIC SECTOR EMPLOYERS,123946.0,619.0,Board of Health for the Borough of East York Health Unit,Associate Medical Officer of Health,1996,0103431f010fd35fbc8cf3ca9978ee2eda1b448cf376658ef25e85747f700f0963886b26999e431cd4554cf8f6620fe896513d8af278f4c42b591e8f556bf281
SCHOOL BOARDS,117288.0,6938.08,Brant County Board of Education,"Dir. of Ed.,CEO, Chief Ed. Officer & Secretary-Treasurer",1996,f6446bffe9184111e9fc32803c58f97aaaa53ea62878d396b42831dcdf89891140ca0a0acaf373a135b6066145b8f745c4a8264d00dc3b95a566f4b8e8293b45
OTHER PUBLIC SECTOR EMPLOYERS,130243.86,843.21,Brant County Health Unit,Medical Officer of Health/CEO,1996,f436268b9cd3292301294ba0da5a71a59bbac11109b02b40fcb744baaba19ad52152307b38cafd0b5f4c2bfa6cae956f4fc32a816a410ce1966b0332c5f725a3
SCHOOL BOARDS,105594.06,4196.77,Brant County R.C.S.S.B.,Dir. of Education & Secretary,1996,437aada0d97f82528a60bb42d59a37d9c6f701056d9242188cb6478f1329dd0ba6ee4c81440e6d82b521608eef339741defbfb04fa9899fb4c22636733b68fd8
SCHOOL BOARDS,108655.42,572.7,Brant County R.C.S.S.B.,Supt. of Personnel & Acting Dir. of Educ.,1996,dd12d7e123c44c0e67a044a7e587e1341f44d97eb76f9bd4d2470f9ec5338d97c8f1edc301d512a392d688c5fa8692226c2700385572e92f92a8819bc7d664ed
UNIVERSITIES,104637.0,298.2,Brock University,"Professor (Fr., Ital. & Sp.)",1996,fb28d0a0c46db0183426b168133c12d7a4880ba2071a9bf4b1efb5e45bddf0da1d457e4fd50990a1875ded574025a17f951282e88314a7b4a02786e1de1b39f0
UNIVERSITIES,101845.02,543.25,Brock University,"Professor (Mgt., Mktg. & HRM)",1996,ff0a635597c1ac7e2e002189bd13dec97a882726322fcfa76f66acfca07ba445ad7fcef7d5ce76e27c04d55073804172ce1a89d5319d5f67ea790b6e7b4e4c9f
UNIVERSITIES,100577.04,298.2,Brock University,Chair (Mathematics),1996,b6a67f2f5263232fe70f8ebf6170062d8fbbf26c04072884c0e92ef2fcecd0c276a4d46b222cd19f806574e4b83a99224f162fe17f35aa367b3e87e14faab5b0
UNIVERSITIES,106329.48,2013.55,Brock University,Chair (Continuing Studies),1996,b67a35c241f5f6b9f3f57049c0edbdbf2a4ce37b548f75b8b804da480f4ba64b5b58a04bcaab93cb2d22576a10e38c695729881fa6a377382cc1abf20e0d51c9
UNIVERSITIES,135018.57,298.2,Brock University,Acting President,1996,5e3cc2929a521cc72aeb8066cf4108c79ec805370905d910e5ec0a1debf847ecc7b6136ec22c09a749c711b11c45550e8a402f51a5bf5064eee8fb9e3b6b0615
UNIVERSITIES,103143.12,298.2,Brock University,"Executive Director, External Relations",1996,bc0e5f2dd26187db1e80a65d7f2dc96cd74209eadadeba7e972f993afef06f7be1e7a75a730312234f79f3df04f0962e3f0e2259d530680c2fdb37a36339f9ee
UNIVERSITIES,112029.0,298.2,Brock University,Professor (Accounting & Finance),1996,60500e485360f12bad829a2fc8c7ba43de15ac2c628a56e1446de93813b3b382451dbae2cb7938ee2656ea6916b4ef19bbb0401d7305a35dd7849a92b6e42b8a
UNIVERSITIES,108309.0,298.2,Brock University,Professor (Politics),1996,151005c5d69ab847ce74470dd61e1cd7fbfbfed2f2ed023306302e7b553e92c5efe3ede07b25e494a76e4786e37c072927a91b938c2b1499b80fe9a5e0339736
UNIVERSITIES,103096.86,1278.4,Brock University,"Associate Vice-President, Administration",1996,4274c1dd8cfc008f4bfd4dc66dbae4cf45c61b275f6b74f6af57520aac7e8be667d0c6903e87c7631dee8a83b81e0f88a0ab2f4f2957d6a082134004ffb324d2
UNIVERSITIES,100021.98,298.2,Brock University,"Professor (Mgt., Mktg. & HRM)",1996,6119a31137ab2d05dc6f7a9cd1225d8f965c1020a39ba5bf8edeb210e4499751fbac254d5f6c50c60bda359d23eb767f74d8f4accffb208652dff2de0ad04858
UNIVERSITIES,102900.0,298.2,Brock University,"Professor (Mgt., Mktg. & HRM)",1996,afa920a5517a69ca5421c035848c32ce379c432ce91e6415dc6aa1e3b2b0fe1ee044149f39b164e07c2534bc98d2a781b795b4e2d289e0b6fda5deea8e922de1
UNIVERSITIES,101068.02,298.2,Brock University,Professor (Biological Sciences),1996,1b24578c85008991ee1fa921f3bff64284fbe4940668739cc789262de7c848790c01bcd1a588eb9a4a4b38eda3e8fcb259946830d6b1bc409ef061cbccf0418f
UNIVERSITIES,108964.56,298.2,Brock University,Chair (Philosophy),1996,6b3dcac29589e7abd711e467de1601d0624a16b2b9d14ddac77cfdbc2e5d83f3f85a488e8334345e3ef0acd2adad56495e557a0e8188e0bfe171335a2a9f126b
UNIVERSITIES,127785.54,298.2,Brock University,"Dean, Business",1996,5de91e93d378cba5b6bef37f9b4e34ea1975b14c7e4f52583d67a03f7891c1e05c09bf47c1c71eaa08422f069c5ca49fc7d449ebc5f14b5ac40536b06e67517b
UNIVERSITIES,102294.96,298.2,Brock University,Professor (Accounting & Finance),1996,274f3f2e9f3412ccd4ac78ebe3f8d53b6e11a463b3dabb3dfd6551f6fd625d65a80e1606a5230b007e9ae7ee70d30bfa5608e8eeb88ea3cce9f4098ba35adac2
UNIVERSITIES,132896.4,298.2,Brock University,"Vice-President, Administration",1996,22eaa23951756cd8f003f5fe87d976cdcfd5a9d2ea0a0a40bd5ab9ce340f9bc4de9866f78576a250f173483ce5269e55b67d7c7c031f79fb34b031d4601a4edc
UNIVERSITIES,166000.04,40237.7,Brock University,President,1996,4679a247c5df8a66375326e8cc7911806c884b6f802d33a67b82360bf6bc30ed82554485d3fcadd22a2077205f8f5b7066cf55602ef30cf75c21a3869ab11107
HOSPITALS,162911.29,0.0,Brockville Psychiatric Hospital,Psychiatrist,1996,b940335bd9b9d321e68bbfd75d2b009835a42d6ef6345011375040214c96f8cb6d70c479a9801845aac8f45d33d36e29c894e79768e007711e9dda2f1ed8f616
HOSPITALS,135411.08,0.0,Brockville Psychiatric Hospital,Psychiatrist,1996,0940ac8e1001a629ee83210481af87f7efbd3b3b815ae3d08d9ea17ec43bf4f922fed1ad9c5f81573799042ce2b57cb2c59f7750fb51dc6572f3f5d65cbd8e03
HOSPITALS,120025.1,0.0,Brockville Psychiatric Hospital,Psychiatrist,1996,069685dc70b2d27a70dbb0d1e0f311d4577d210b1bcfb0759b080aee9ae0b8ac33f9e0e3fc498228da39f8eaa6acbed475f355f9b7b7f045f352b3107b91fd54
HOSPITALS,172202.21,0.0,Brockville Psychiatric Hospital,Psychiatrist,1996,30c525595a685293b76dea18ed2fea6d9ff501b50c6de3fdb1c5b60096d50a63f3151fca6a8e76ea5fc53374c46863de39c8748664407dc3c25790ead7f1959f
HOSPITALS,111837.31,242.4,Brockville Psychiatric Hospital,Administrator,1996,4b1f20177d40d3cd293175dc7dfad670e9cf65449046d8ca66e5cc62f15aa6d098367d99794111e38fec59343a8728f99a819721d833c76eb538baf40594de62
HOSPITALS,168955.9,0.0,Brockville Psychiatric Hospital,Psychiatrist,1996,d9404287a1561a58814d19f7f220f4a2e46cf52b852b3f73ca4efa78163d79a65756670f746aec55034d3145f2b70c19415898ca684b94887e8d0d267476c8d5
HOSPITALS,168951.95,0.0,Brockville Psychiatric Hospital,Psychiatrist,1996,c7a117140f9a9e67d093b02926547affcd16b33261d2f4c9ff7951112317299a9d9aeefce29cd16a7f89a565f5697a443391f8114d5eb42771be0d435140a870
HOSPITALS,135160.92,0.0,Brockville Psychiatric Hospital,Psychiatrist,1996,9595b5be7840f458b046f73a6b5ed635d387ebe433112073751179377402f4448b7a20446d893a60927ced7a8511e58db1e59af3bad28b39e691abe7a93e9649
HOSPITALS,169003.34,0.0,Brockville Psychiatric Hospital,Psychiatrist,1996,4f3ef220d4a60201e07cee0a7c202fc0b489e97c25dc8d436726072ca45d38c3ad7b3d4f4bc4e28ab975e601d50fa1e44cc31ffd501786d384e322f2642e57e4
HOSPITALS,174595.53,0.0,Brockville Psychiatric Hospital,Psychiatrist,1996,36a724c8c50042e42cc89e74de16d5a0051dfc37decb76c3b28d41e5b70c633d78b5d15c564e63ba76041c6e88748c0ff466ba62e4d396839bfc688ea1956ece
HOSPITALS,159447.53,0.0,Brockville Psychiatric Hospital,Psychiatrist,1996,16b541ce741c3a3ce4d22d2726f80f07e9ade5657dd74142216b6933786824a3046bd532e4cebfb4d246bce56db1f8a40f2441df4fc8e153b60a6a0e838b0ba3
SCHOOL BOARDS,108590.42,796.58,Bruce County Board of Education,Dir. of Education,1996,4b5a7e5c83d1726f3f5dd1c1a4590c599841c58e083ace9d2febbcda0affdb8e68f6854761b444db69885adec767680f6c216148048f81641633dd77cd13ff76
SCHOOL BOARDS,104530.0,653.0,Bruce-Grey County Roman Catholic Separate School Board,Director of Education & Secretary,1996,6369b4f5bd56c55946eb2bcc0d1e3681b97158ff6eea3da711681b80da0d27e085d2a909406843ccbc3f159811e6c41aefcf794e8db223de215e814f4d9f6350
OTHER PUBLIC SECTOR EMPLOYERS,129000.0,560.0,Bruce-Grey-Owen Sound Health Unit,Medical Officer of Health,1996,748b08409a62cb964489654636296514608e1e7352e7d4b9cac40445275862061f42c4aa58f780ed7d8b7f0a203f537c33fed80e3944d8785704f11d994e8c6e
OTHER PUBLIC SECTOR EMPLOYERS,127574.0,1382.0,C.M. Hincks Treatement Centre,Chief Psychiatrist,1996,6da28b1e88820b229a1a1e5750a40695a14552e3de67862d0b72fb53de04481c38ee520cd57cb1914b5c255691c8cdaef82ce8506da0293d944d870a2cfd3be2
OTHER PUBLIC SECTOR EMPLOYERS,111962.0,168.0,C.M. Hincks Treatement Centre,Staff Psychiatrist,1996,b30a22a7c2b32b899bcbba1fb9077ffea8faf7592bac5eab34e90d6f99c72e3f3f75edc322f51f5e7a719246862639152490f82435167cd407ac37baec566584
OTHER PUBLIC SECTOR EMPLOYERS,141796.0,182.0,C.M. Hincks Treatement Centre,Executive Director,1996,8033de7fc608358e0d40d6e71fcebf100a8e73dede68ef0d94dd21504bbfc228d5c92b0972336b9cd7f97b94062c064c04dc148cb847d02c0066a8fb34278691
ONTARIO PUBLIC SERVICE,102132.85,453.04,Cabinet Office,Deputy Minister,1996,2bdae4b9336d03a21fc24d5ae8f34b06753354dd2c26748afa191a3813dab0353697774da88429b9b963ecaefd0de57e2787b1bcf6468400bf89c698f2599415
ONTARIO PUBLIC SERVICE,126833.9,5207.2,Cabinet Office,Secretary of Cabinet,1996,7c42ee0a86599b27e55d0b27f82375eba930537308dfdbd704d841c17a10c5f8c85761e5a29492dd3c373527dfc188496ac130e4707f8b0ec9d620ee5df5cf8a
ONTARIO PUBLIC SERVICE,119469.57,6662.45,Cabinet Office,Deputy Minister,1996,026dd549fc3eabfbceb30cc5806fb108a17b2ee18a4570f13c071ecca01b71135f40c9b2f9f246cfc7cc435bf76ca46406c46c29352a71f82aa9b9eab0a6c85f
COLLEGES,111655.0,3177.0,Cambrian College of Applied Arts & Technology,President,1996,27a0eaa9c663cb3fa50c84f460a3a8510bb79801faaf256b1d9526025e233de8194c97ed421960086cbf4f8c0025fd2e0b6ea6da5cacef6395263870744bf09a
HOSPITALS,139769.0,672.0,Cambridge Memorial Hospital,Pathologist,1996,2f40eaec479763c9fa80948e0a59d5de1ce915c7dfd228844c4b2027ea98eb82fd2f29181475c1a9545fb5cde7e9199d19921fce9b3ee8c857e96689ac6a4708
HOSPITALS,138000.0,10825.0,Cambridge Memorial Hospital,CEO,1996,8c8b05187f454d9985f551e28ffa3246c33f7f31ff226775d1a51d160bee90b6c228fffc4a1b5fadb965c1bcb3ccca959563961865f147f2c43f280672564e68
HOSPITALS,108000.0,1350.0,Campbellford Memorial Hospital,President & CEO,1996,175b7c572775051b55a5d1950762e2e189108a499521def37bf2c3dc17b9d5d1e0803d4ff927055dc2f2b0f907ecfe84c6cdfd0c28454a623fbb5bd1eb7883a3
SCHOOL BOARDS,118076.44,0.0,Carleton Board of Education,Chief Financial Officer,1996,054778b571ba6528b6a63e46027272ed84ff0e945ab42b25ca42da8255c6aba43569b8c3c5991ff54c38dca7cb5a18dc7052ef41f8660b2fe4e21f750ee35b0e
SCHOOL BOARDS,106001.11,377.3,Carleton Board of Education,Supt. of School Operations,1996,684c8eedabb5c83054b5bcdbe10184b145f5bee535ab29f25f43b6a186183a4b7193348295bda2d15c59eb353ca646925ab5d76b6c5af4042c87e1a40427ef66
SCHOOL BOARDS,106001.11,377.3,Carleton Board of Education,Supt. of Education Serv.,1996,fe35de2b8dae8f28bae946f9b83199395e7328ff7216ee02913550200b46ca65b8453b20fbc35156148213452241dd34a33b880e01ceb03e544436b2e6e41b10
SCHOOL BOARDS,125509.0,433.4,Carleton Board of Education,Director of Education,1996,5c05be4f1005b77a6c22e8725f184c2de962de5f0ccc01a46e4f19f12332b6fbde63f07a0f0fa8b88b3137d48c61a7ed8241eac74005aa20701bd1cc2e9be3e3
SCHOOL BOARDS,104929.66,343.49,Carleton Board of Education,Supt. of Schools,1996,3b99b510f36f970e4f305d688f590189a83b43cf9b402015453168f8e62ba5d2c55c96ede663d838aafe649291d6a5df7b568d225e59df0ef400c3d1cfc98d63
SCHOOL BOARDS,106001.11,377.3,Carleton Board of Education,Supt. of Schools,1996,45cfbdee3b4ed3b03bea85268f372f1930d59333ab903d844a0aeb453811e2e990c353a862d22d46c1c993e212f78ae9592c0150dbce404c1845703c727b0890
SCHOOL BOARDS,106001.11,6.6,Carleton Board of Education,Supt. of Personnel,1996,1e0ad1bf0c3655c136467e74f5f84aa4cc8c4d7465febb818a30dc96ea0532b5cc24fc4557b76afad7ec59d8e6178ffe167ab7e27ae37072b92632d582cb99a1
SCHOOL BOARDS,113424.0,4625.0,Carleton Roman Catholic School Board,Director of Education,1996,7928e39c330a05d5be875c814f787b36ea54706e467e81dad821ac869ac4b10afe5bf59d22b5ae981743bc1e0616126544b25e0427c8482231c356c679ec4e46
UNIVERSITIES,103483.0,531.0,Carleton University,Dean,1996,d9a50cb7733366be471d67c0eafb3a34e7a0fb460620f6ffc014b59cb6bb547c576dfe40b4079f2f622dddb779e37ac9c9cb9c5e7e77667eaca02ca8729b432d
UNIVERSITIES,109500.0,566.0,Carleton University,Vice President (Academic),1996,15043bfc7a2b20d3049cc1d9c68baf9825d8a025f00140e5d6346ebb61337709fa5fb963c6030e70a3aa79cae668bfe2a5a663b04ad1d6ae5eab3cd51a60567a
UNIVERSITIES,104748.0,536.0,Carleton University,Dean,1996,83398faa661bf5995bf7007b2f93b849a7950d86266a18589a2b56604e3a7b0e6729eee929a7f930a05af96e3605992ebb01559c481c48330a2f40dd1e1e3ec8
UNIVERSITIES,106319.0,701.0,Carleton University,Professor,1996,7649d572c474472077f25df370231e847ad3682abef888c51339b8ad4800b55f4242c5c624c7de31b58f081dbbbe7d1e9ecb57f9d781ae3044c169c0c61bc7c2
UNIVERSITIES,111291.0,1534.0,Carleton University,Professor,1996,ecd855b9713ad29aad2e161b50ef9581df5913021003ae4d76305e962cfa813fdd070e9262c2a4352789cf46cfab94430e695f8fdc29bab6d02c700cd24a31b1
UNIVERSITIES,101058.0,530.0,Carleton University,Professor,1996,0533b4ff654a654d86d8201bd120ea4b03045e9c14553d170b86b4fb60daacedcda7faeb7bf9f8ea838fe517dfc6bed994704dff76e830df06ea3b346143bbe0
UNIVERSITIES,102494.0,2583.0,Carleton University,Professor,1996,e7a85d31666388cd14cc5ec367a1b7f0042972e67f4ea8d0613c4e7788e0468c2b36228a6ec01373bcc593c12db55dd8c401a439e325cb8d6b1d62194bffa6e9
UNIVERSITIES,160203.0,12368.0,Carleton University,Professor,1996,4f8b08f31f6d1fcbf1f9f4c33fe923f623045bfeb1041ca83f77baa0372ae8ca0fe8f57b86b7775179b1c49cf3d22809b3efda42d2662a8901928003e09039b3
UNIVERSITIES,109120.0,3523.0,Carleton University,Professor,1996,6eb4e0bbb6868d61d3d2718689da22d46884c332b686d37f984234fe7f25b82d7538607779f944e61e7fa01b051a51bd5f330e9b864c56408ed80bdc03b43c91
UNIVERSITIES,101374.0,533.0,Carleton University,Professor,1996,dce52a227120c3579caf8e531c6908388a46e31d201f5be504aefeb6610b5b98b1bc16d4edc68344d0f3100f2c43fcb571f89fa028c3ffa82f9718679795ee60
UNIVERSITIES,102782.0,542.0,Carleton University,Professor,1996,36afe43be673f0640e7ac0be0fbf6cb7962b5db2a5ab8ba70ac2f182e2c60c2c972b89a89268b8b717840f9a518a61c2d1caf8f514a3d94476a53018e2bfd33b
UNIVERSITIES,100004.0,524.0,Carleton University,Professor,1996,37f1505980a5a4fd6bbc204a292e43685cf3bb178c41ab1e909da5786dc91327fbe551d5884542e6beda5e296e0e3d89a5d0e78da734a0ab84fb33c374811c05
UNIVERSITIES,104529.0,530.0,Carleton University,Professor,1996,258ae915989cddae219728c989d81c84b261d758a9501517b98259c288f7a773075b5415f64a5eb854d8c0269ed4407be8ced6623e4164d4feebe0deb62b103d
UNIVERSITIES,106393.0,535.0,Carleton University,Director,1996,ed2bb3467a12b1bceb16bbce5a002b77e7fbbe59db9c23e945a47ea21c5942a1a743aba23528ce84cfba5491689f3a15a08ee9f7e0f2bc1c732cda0514cdb022
UNIVERSITIES,113488.0,580.0,Carleton University,Vice-President (Finance & Admin),1996,659ba59efdb7a4bfb04a0f11a5d669889248e46aa34828c3fc57d6e8c4dae7045fc24d5bb1ad25a6d9d4211d9566cced5d976520afcb3a68b0a38f93d0fa84f2
UNIVERSITIES,101018.0,517.0,Carleton University,Director,1996,596928124aea2244749f5ae5990d5146d8d438b5b8d9113467e9238410abf8ee74521c3b5ccea2203c1975b30f6a9142d16ddda754c376fd902441ed4edf39c2
UNIVERSITIES,111841.0,627.0,Carleton University,President,1996,3c7894eb93c646ca09fffe1fd69b2a68bc4be7a31a61152dcae2099b621fba51cdcb150563ca3b3454554b1eb816ab737e6952fb94988387baa96d1004a65e8f
UNIVERSITIES,109984.0,548.0,Carleton University,Associate Vice President,1996,00c823d54f8ef9802282b78b50af1053a0bff58c11185049beb9dadb6eebaf03afea7a16f76626100a0fc8fe0b4af474c0ed35ff4fac85d6a2377653f0e5edf0
UNIVERSITIES,101619.0,187.0,Carleton University,Professor,1996,e04ab14755656d79d6c39cab8fffacc31cd3f7ddb0f76fd32f570e209e89ee479c7093f56b979b928a5adab8adfddfffa5fc4b76e3e5a34e378d78961a227741
SCHOOL BOARDS,113297.14,614.4,CEFCUT,Superintendent,1996,607f9225a991911f4f686d61cd7db51ca7003233dd46a5e30e0434d6ea76223e9b7a7d9ebbc1781146c997727aa910fd09cd2a301118266c5ded17ffff30bda0
SCHOOL BOARDS,123591.76,614.4,CEFCUT,Director of Education,1996,859468ce4abe78a90559b634a751a3570c4cb566b2098bdf6809d7388abf60494f708ec6922e996da0fa0384c2a6af1645574d64884f041cbe577c64145c2587
SCHOOL BOARDS,103069.58,614.4,CEFCUT,Planner,1996,2bd91cd715366bd9b591b79237228e631d67af9ee7b84676262c47c789b4dbfa575c67238d5972fe1e44bdc58e1fa489bd13f1399fbbea95f1526f4bc7e15bb1
HOSPITALS,142215.0,55.0,Centenary Health Centre,"M.D., Pathologist",1996,543b9970d2e43f2af71b281569aa0e0195b993d1b98a5853a12d1becc3949f22a0764aebd427ee47f0b3728d919d32c8aec69525ca331ce3b6b8c260a7cb81c5
HOSPITALS,142215.0,55.0,Centenary Health Centre,"M.D., Pathologist",1996,39d40cd703a4a77f92c06f33f3ea292727bf476443f2f27eab1aab6a95c6e358d2a073ed07075dea6c300200379d535957bd85af7d90f671f30ec931429539cc
HOSPITALS,154206.0,55.0,Centenary Health Centre,"M.D., Chief Pathologist",1996,7ab5cff16dd14ab8728f36c9443e5b1abf97b7ae98fae52f5ac77a0e16d97ccffc74654cfbee7d4422a3e665b4f24ca72468952e8f03a121d92d6a0dca2f573c
HOSPITALS,104000.0,55.0,Centenary Health Centre,V.P. - Finance,1996,d439eb875207515258ca4e444e0aa13d4a228aa10dac71c0da6f7aaaba0e88e0235275492a418d6eb377068dadff9307a268c80c5b21dde21a56c820e902098c
HOSPITALS,136124.0,0.0,Centenary Health Centre,"M.D., Chief of Medical Affairs",1996,38e3dd8a99128447bdefe2ea49ad5726495d8c478ce97b224c7809aaaf0320afac2866b3f6bba92eec0f215ccaee25afd348f1b4fc7ecea24d7d6ce21e696342
HOSPITALS,177004.0,10245.0,Centenary Health Centre,President & CEO,1996,7ee85b618381a6884b99fcfe093e6d730fbcc53ce0cd46e00e8c97d7be07fb014f732a7191357bc369a5890f5cdd371bb1ec11d73480671fa0ce3c18ab2a8ca7
COLLEGES,134454.0,692.0,Centennial College,President,1996,88a336d468b4af5e3ec818b56319e716a6047aa3539d99124a9edbe43e2d1421aa8d20187020ee1038fee687d9c573d08c6a276ffda61d6e02da1f90fb78924f
COLLEGES,101794.0,714.0,Centennial College,Vice President Academic,1996,ea7a3820968af83d38a6b4ad33e38497af5ed7c5512c0dfc8077ca3f9a660e26a767678f1bbfdcf1ac4025bb75a960088564110612c9cab31d3c994ec3dc5e4b
SCHOOL BOARDS,102160.0,1035.0,Central Algoma Board of Education,Director of Education,1996,45c4507774671c20cb3f2d2c894a4d48d6497ee1c4a8daf1d2e834a9dccd215f81b9741969ece994ffc4e5617bb1d998a2e1b9adb3daf52ecb4a7fb4a641c6e7
OTHER PUBLIC SECTOR EMPLOYERS,105795.0,6389.0,Centre de sante communautaire de l'Estrie,Psychiatre,1996,4ab2ec50359b676a9c1e8e3badaddda1e2c6ad2f425a57baeaff8822c7c5b3e282dabb4020e1832673f51e88637948f404edda02441d14b025e1a52533754862
OTHER PUBLIC SECTOR EMPLOYERS,129370.0,7689.0,Centre de sante communautaire de l'Estrie,Omnipraticienne,1996,b5ca8de6c1849687627d9cca22fad8ede1042a096a0a21ad7eb9aa7f247bd7df353d1a469235d3b27df3879e1ee26063c28873a4f941b41bcf1f55ecc336e9bb
OTHER PUBLIC SECTOR EMPLOYERS,140921.0,8421.0,Centre de sante communautaire de l'Estrie,Omnipraticienne,1996,f153bdc5c46b118e3a5bdddbaf09a98fa7641b3501b89e77f7aefdaf19f07bf6e867349fd6e8c3ba2b957540fd26afd98f3e9bd7dee245b8afb806d03f7a590d
OTHER PUBLIC SECTOR EMPLOYERS,121413.08,4400.76,Centre Medical Ste-Anne Inc.,Medical Director,1996,7b2132c5c2978cada8f324e740caf9e6f2eec90e542d9d68d565fd2c0c6bc44fed97db86bc519f8dd52a661926395578dbff9f9e56f0172a4f0f7b01187178b8
OTHER PUBLIC SECTOR EMPLOYERS,117766.0,554.04,Centretown Community Health Centre Inc.,Physician,1996,da4392ee60a317b0ffdb5520d7d34312cfc6a6bd8df795cb34d240446a8871732d23aa58aed1b4685769aade67e85c82f036fd5295905aa9668e3dc89c69e808
OTHER PUBLIC SECTOR EMPLOYERS,103649.0,4175.0,Children's Aid Society of Metropolitan Toronto,Director of Service,1996,1416192408cd91f8e465885aecc98b2461c2db10c3ce1667162a9717c760ccb4daef26aebbd60688ab8627546c0bfdd39765c7090b1c695dba6dc3ebf0619924
OTHER PUBLIC SECTOR EMPLOYERS,126360.0,11392.0,Children's Aid Society of Metropolitan Toronto,Executive Director,1996,b91235dcffdd444715a68b6c362b1da5597d771db75e5a994bea83227ed89ee7734032435532a375c559e147923e66c6e7d714e436c7a2acd342376b48c77241
HOSPITALS,125848.0,1922.0,Children's Hospital of Eastern Ontario,Geneticist,1996,a10bea69f3e012bae4907ec743f0e600324293035ccf158cf0cbc7cc92747c52021cd2b9f291d9903a2992f8f8b2b79f95196ac391b3326a1f23c0adce415370
HOSPITALS,198763.0,4430.0,Children's Hospital of Eastern Ontario,Chief Executive Officer,1996,ad3581df2cfd6fe05d2cab5be28f3b68ebef3811bb3e8ee29c15e5a4407c9d62c0e8af6c3d8a7e667d8b464830e3b62813984e468ab69d67cb93d7295e16f623
HOSPITALS,149997.0,2014.0,Children's Hospital of Eastern Ontario,"Chief, Pathology",1996,4da34467e2d1aebe895a63c1156d6c46cc59c44731191d5ba9618e8af1898cdf77ab5bd1eefca36d61850d3bc356cd1dc554ffc7cc3de2fb7a1362942fb443b7
HOSPITALS,149313.0,1987.0,Children's Hospital of Eastern Ontario,"Medical Director, Laboratories PSU",1996,d98a1428aceffc959647a61c6dbc70514f80494f5d91cb637dfcf96ba04d4f93d1b9bf652dfad8a510638d69e57ca1f470dd0f37f622c5ebbf63acdc5f7ef655
HOSPITALS,115505.0,1528.0,Children's Hospital of Eastern Ontario,"Chief, Biochemistry",1996,0051b70214b9418505af030e0ab4b2645ccdc28356270fd6c3a3837dbd200509f489cde9816bea7e97d414648e67a1bbc879f05fd57051e755130c6fb8cb4844
HOSPITALS,149997.0,2014.0,Children's Hospital of Eastern Ontario,"Chief, Genetics",1996,8c3fb2d93f451b12e26d05bf1616b1a6fba89dc37afb24533c445e50997573dca2eaa7ae9fd84c9c0cb8ecb670ec72bc90f691e1bc48431fd33e2d9d1c7bd158
HOSPITALS,132153.0,1946.0,Children's Hospital of Eastern Ontario,Pathologist,1996,101c4d6cd543962d5158f8c902fb8791b3fc43c36ae8303bfc17192aabeabccedd9ac176c90eaa14db19fcd1d933745e1fdd6a5275ff82b22be8352218c8230c
HOSPITALS,116866.0,1884.0,Children's Hospital of Eastern Ontario,"Director, Molecular Genetics Laboratory",1996,b8bbf42dfdfea4f26c5e477b43e4f540e2b1c1e9cdfe01b1239c5b0ef5a759801a36991c8bfa914ec42fe21f6bd8eeaf4ea5d4ca81da7557df3da42eca3e566e
HOSPITALS,126220.0,1961.0,Children's Hospital of Eastern Ontario,"Chief, Dentistry",1996,252beefd3c7b4b0e7f6368a7fe23bbe9c42c9b0c1d7b6125c346cf276db844b652fa4331585510d1ec99b0770303d79bd31aaacf045f9d105ef16ba798611428
HOSPITALS,112879.0,1872.0,Children's Hospital of Eastern Ontario,Pathologist,1996,d08f9390c9add8bcb71fca13fc5c925d198442977658b80a4ae9b4a933cea8269043a930506b41a7a1666ce26d8963a531e675f9ebeb6223e2462fdf33be7eb4
HOSPITALS,124270.0,4113.0,Children's Hospital of Eastern Ontario,Chief Financial Officer,1996,ad61207c55e2319151caab12d646a82500783441c5a6dc6e63c36c574b118bec39a5ff786c5124a16cf957e3f281fd9eef0f180c7c780fd298eecec759b8fca5
HOSPITALS,100026.0,2657.0,Children's Hospital of Eastern Ontario,"Managing Director, Patient Service Units",1996,66dfb43ad71f47999d34feb70620bb35cca569ebaa197776bb49740f0a401a54c0697b827895142fd8b46a28a798f6a3165f290c3146cbdb388600cf66e3ecee
HOSPITALS,112879.0,1872.0,Children's Hospital of Eastern Ontario,"Director, Molecular Diagnostics",1996,7908be2b1646c80e8f916f6d3b627eac868667376372f58b78a69facd09e165b24df087d3e30008c8d96af3e325675495c0f84d644e903eaa8f0daa25bc7005f
ONTARIO PUBLIC SERVICE,121486.87,8596.82,"Citizenship, Culture & Rec.",Deputy Minister,1996,4e6b15dfec6154ca92766857f8598edbf89844c013229d722cd11c37529a89a1e6892c4bacbdabf25b8605a24d8a0f56e463ebf7751bb3b83a77e9852aea2969
ONTARIO PUBLIC SERVICE,108250.83,312.24,"Citizenship, Culture & Rec.","Executive Dir., Ontario Human Rights Commission",1996,adb4370bd3ebd7b4430661ab21d84b33c5ee8408821462de54365c66b719bf263b0b704907f046a1db9643ad180921f0b62ed47c0f72126b6ba2025dba399e87
ONTARIO PUBLIC SERVICE,118161.73,340.8,"Citizenship, Culture & Rec.",ADM- Citizenship and Corporate Policy Division,1996,8890e18f7a201d5d4e39a498b8bfee64ab6d633185a99cfb53c68a1b8682607d1c1da0eacc8eb1da9c160a1a6685f5053be50fb7965555dac172c241c38d55a9
ONTARIO PUBLIC SERVICE,116792.8,336.48,"Citizenship, Culture & Rec.","Dir., Legal Services, Ontario Human Rights Commission",1996,70b9d324ae4b914de6d357c231aa1d649bbf201c7ea3b5f9cc37863a968f2cbe286c208de9f03b3223a3ab0399e94affa9153c84f5671303457c9b089402d9a3
ONTARIO PUBLIC SERVICE,116266.39,332.52,"Citizenship, Culture & Rec.","Senior Legal Counsel, Ontario Human Rights Commission",1996,b2c34b42def2fe842b638c89b74a1003fd64e7bf80d3eeee356462b358da09af99d02518dcd125b00cddedc76080023a122923b8477d6f632d540a683283467f
ONTARIO PUBLIC SERVICE,107279.55,309.48,"Citizenship, Culture & Rec.",ADM- Culture Division,1996,488f935427aadd2a20ea0e05b18caf3b81005eb1370ec7a2ccf936826c23c81c92a2df31c8bc4122025983c7d86e55a94747ec602a31ce84cb7bfe9e9b9a78a1
ONTARIO PUBLIC SERVICE,103881.54,299.64,"Citizenship, Culture & Rec.","Chair, Board of Inquiry Human Rights",1996,d6836ec4ebacbd5ec2c947a82e93b39317730a53cb03ab5d17f93cbd131536213ecf20ea8198b0d63539a5813331d311d4314534d2f75cccb7ed230f858d71f5
ONTARIO PUBLIC SERVICE,103889.24,299.64,"Citizenship, Culture & Rec.","Chief Executive Officer, Ontario Film Development Corporation",1996,d1ed1f6a71e34806ac9f29ea931e71475bc4ed7917d112df3b0f59c9abe939947ed6af2e1885334469a2495358c5cea7d9c950aecdaec7ae1944117f2c09e513
ONTARIO PUBLIC SERVICE,108730.49,313.68,"Citizenship, Culture & Rec.","ADM- Sport, Recreation & Ministry Regional Services Division",1996,85dcba300855374180f2a31bae555118250f96c1f6f72fee0c19b2c029c27c2eeea17c1b8df0850a38f0adc76179a25c03aa40a16ecfd94cfa5ae80d49cfb858
ONTARIO PUBLIC SERVICE,108652.35,310.68,"Citizenship, Culture & Rec.",Archivist of Ontario,1996,0b5c0d1a449a374c14051f7b7d46e810358e04a71351047fe88d6f0e6109be357505f588499452b4d36e3a1668854a2e589b8fc94011a73a4ba429fa56223536
MUNICIPALITIES,112982.0,4586.0,City of Brampton,"Commissioner, Works & Transportation",1996,3883fc2ba9ab0d0ab40b40be6ded16e59f054db4949edcb9b0ba3824ffdececebc20425852b1d4b74203e4a1f898da9c7fa76c7ea48c49d6084e1554498ca1a6
MUNICIPALITIES,106534.0,785.0,City of Brampton,"Commissioner, Planning & Building",1996,5fdc2af8f438aae5f723b39498a6cba27f34f36890cca4da76912e15d2294d13f349888e62ce7d3daca88fa2a5cf75574254a94de811b585ae367ea87c85c824
MUNICIPALITIES,109026.0,6299.0,City of Brampton,"Commissioner, Legal Serv. & City Solicitor",1996,21331f3416104b9e20145ae34643f08736ed3790ce40d7a0394a7a63ada79877d559cc202be3a785222805177c4f4da4c8e40549083041f95302d874da422bbf
MUNICIPALITIES,124400.0,5511.0,City of Brampton,City Manager,1996,1bb61ddbbf3408c55f940f71756c2c90f2a61910c02a1347424425f2746e3105d586e2683e314f579a6827ccba2a261924bf63b16886ad9a7346ec2da58a7590
MUNICIPALITIES,104042.0,3546.0,City of Kanata,City Manager,1996,25ac3791706ad96cc3258d0e9d15eb8b223edd6eed33c8219b1af22560544e304da7e9b810833e03d5ddd892b01de69b157c4db8d4e2ee3af305fdc5aae08d99
MUNICIPALITIES,108732.51,477.0,City of Kitchener,General Manager,1996,2767e786e812b26f48f6123aeaf933af8d7f9d9859f144108be7924cf786d02bf84df3bc830be3943b4e5d40ceb7b74ca928942a90a0b8ff321fa307636f8a60
MUNICIPALITIES,111743.92,574.0,City of Kitchener,Chief Administrative Officer,1996,fbc9191fbb5cc14cff094f27bd1e75ec8d1fd6bb6fd72b4080a41416ec93fb9921a9641e528e569fe8b6f427197bb3fcdf465975aa090af13f46b30584be6460
MUNICIPALITIES,118269.98,387.0,City of Kitchener,City Solicitor,1996,229643bfdc787bacab12e804c8ddea5d29dbb3c583ebe71a0cac9745d19e0aa587a23bdaa466088d496eb715d82e0910c30ee43948964c7437a62bd62abefbde
MUNICIPALITIES,118664.0,4656.0,City of Mississauga,"Commissioner, Human Resources",1996,477e3e827cceb7579cbaca95947c6f43428c0a7084e3135872fd99aeb57da913b7cdd956fcecdad885abbc5e2bd0d78625e310131688fa02b729a1a5ef481696
MUNICIPALITIES,103728.0,2400.0,City of Mississauga,"General Manager, Transit",1996,2aa92d45dac1c7011a9720879422cbc36580254ed92743e1d42842ee020cbbe103d36fb0826815c2b5f468d7be3810ea779a3c1373034017fe1d4c9db4841f47
MUNICIPALITIES,111114.0,4236.0,City of Mississauga,"Commissioner, Transportation & Works",1996,88354c5b778dc001ff64c04b033a9232f2377e64094827b33a4296e3eef190cfcb5f6c469573a52e9a58517984b773973bf10e37249037121515fa3e423a3b80
MUNICIPALITIES,106840.0,4070.0,City of Mississauga,Chief Librarian,1996,0f9bff95b2188059ffe1e13c283e0d67425b5cb26011ffcff3eda40af2acfc13e5c0a37b28cd9b9bea0c60deda46445c419bb7db1311983a63428a59422f233e
MUNICIPALITIES,118395.0,4580.0,City of Mississauga,"Commissioner, Community Services",1996,df6ed17e06d52f3c96f2835afe7a9f3c6bc13243a2a3e6e5d88e39b483124455f450ca0fcf3c19c4ab0af5ede1a4b9664997b770829695215a2133f24fc2a3aa
MUNICIPALITIES,115380.0,4821.0,City of Mississauga,"Commissioner, Planning & Development",1996,0e7baf3e28ec87ee53ffa05222992e00537be1db0dd8f008fd82a13a5095a750ab75a85c91ce2ad34eb1eeb8b1d3dee79a4b5f3efaebab1984a7ba2c7713bda6
MUNICIPALITIES,126776.0,4687.0,City of Mississauga,"Commissioner, Corporate Serv., Clerk/Treasurer",1996,754ace94113c6fb04f35e8a2a4ae000a8519db2c42593feef7a81875273b6797d82d2e196bd45580fabdf94ef9a16de8e5843d6d759770d3438ebad55047c60e
MUNICIPALITIES,155001.0,8004.0,City of Mississauga,City Manager,1996,ade846eff21d7feb20cb33432a56d78303c5169c14562bb9fa0b8d4612de9d732df402e2b24b758d3c64cfee5e75cf65f5260ac1d2e1e64a8efa28629351b9c6
MUNICIPALITIES,103730.49,506.16,City of Niagara Falls,Chief Administrative Officer,1996,68da43675a88ee4f458617043f76ff5e473f662645147563635cc71e3f11d81abb1a7e2e50c82287dc347d0fd81bee3152d7cc1026cbc5499a40754a9b8a8f90
MUNICIPALITIES,121415.0,248.0,City of North York,Commissioner & Medical Officer of Health,1996,5845e4ffbe9c7620986ffe41b52d708c563e5d10693feeb090d7d8c94cc52ff5c1bc20562667a1507fd965d01d01c02dd20fd99aafd17569831c3a7a1abf3351
MUNICIPALITIES,102880.0,210.0,City of North York,Deputy Commissioner of Public Works,1996,c2138ef5fdaa99d11f03c45d5a37e13caceaeaaa784e17e46f6645e88a9dae6421322d10993dfdf9449454c719fdf869082bb193399c7c0ca6ab1996c50e3923
MUNICIPALITIES,121415.0,248.0,City of North York,"CEO, Library",1996,0cb063a50f115561d9413875390e4f8d1f5bc6e6b9e7e193569ef0b25a4eb70c71e57fa2f5ed2ac82ab57187d642bd7239d87874217f523f457ce21be1dd4c8f
MUNICIPALITIES,117587.0,240.0,City of North York,Commissioner of Planning,1996,2370bb1c07c2fd4a6b6dea8a3f75d5f3ef74243c056ecca48b96ebb4671b4f8df4915da91e5d701a7fc9140e894ad82bb0567865b5ab5adff066bbbd388b0b57
MUNICIPALITIES,121415.0,248.0,City of North York,Solicitor,1996,2aa0ea2d0dd80ccf9e1bdf4ce67741038a720a1959199916e59ccc1aa5779f4e786af27dee64f06d5cf9efcfc1f8efe0cca23c9e1743194f479ca7caea10dd04
MUNICIPALITIES,120389.0,509.0,City of North York,Commissioner of Parks & Recreation,1996,bce0f5ce63fa601a1dff96c92409ff511bcc99db5cbeacbe5854036e19810772bd50342dcebd671910db60a283eff2c05c6fbc950b8be6c0617739d9ff7c84d7
MUNICIPALITIES,108226.0,221.0,City of North York,Dir. of Educ. & Research & Assoc. Med. Officer of Health,1996,9e41ec46b9958cfcf2e08e0755b1ae161ae3d64ed6189ce973492591743ab22dadd29556ccce1529f90244b6c083bee9f5518c62095263c65232531d01b69104
MUNICIPALITIES,121415.0,248.0,City of North York,City Clerk,1996,8c84935f023e307349008a3b543acb134890be818da55875b556940aa905ffd33a2475092b324e11af709d5a27e1558ae712f4bbce50a3b15162f67d33b1da4b
MUNICIPALITIES,121415.0,248.0,City of North York,Commissioner of Transportation,1996,2b2ea2594147b9a19f49c4bb16ad79a6debecc7d908039c2629e6691be79d59b4150ac9c58c0b176e734c4ea297767cd39ea54867649330a66f7c171746e3a94
MUNICIPALITIES,139665.0,590.0,City of North York,City Adm. & Treasurer,1996,d989a46045ce4b3eff331ea7e95174eca1c8d64754b5bb45542cf22046fcf34095ce732dc428d58128bb6178906968035fc39d5b93f72020a81173c86e8858b8
MUNICIPALITIES,102880.0,210.0,City of North York,Deputy Solicitor,1996,71f0e19c3a12bcefa86f9333cd0e962d27b2983d3a126fc736b8ded8a9021be3ba885b9a719d261a2b6cc749db958e070dea2cc14d9a586b489103aa1ff663fc
MUNICIPALITIES,102880.0,210.0,City of North York,Deputy Clerk,1996,00c2d3aa779d677f1d7d3bd27728dd718a1915fc2ad55a9a3f88d8d98607dbfce3962c0dea10014a27fd9e35f0dc4c52096942913092cb6ed0d1798db9bcbfa0
MUNICIPALITIES,102880.0,210.0,City of North York,Deputy Fire Chief,1996,a55aaad909949f67fea9886d4360060de0243851ea262062b4aa0b7f0c98dececed87e14bfc08f2002fc71c5253b567f202307c9da3c6a9b50755aa34529280c
MUNICIPALITIES,111877.0,226.0,City of North York,Dep. Commissioner of Fin. & Dep. Treasurer,1996,97af82e6f5ea0d8792d7c9010ad8fb2e3cafe9b2a4356a0fbfeb91919045fefb7b856b293bf08cbe0243c26161f7565edbcee15c690518425f37c426cf371aa5
MUNICIPALITIES,121415.0,248.0,City of North York,Fire Chief,1996,b9e94012d2a8da5182d0181372afac2f78c440219f37fa44822494dbe4e7a8dfa58d76cff7f07ae4c73c8f0bb285cc111401e1e371dad1b3a4cbf8fa2a671d61
MUNICIPALITIES,102880.0,439.0,City of North York,Deputy Commissioner of Parks & Recreation,1996,ad6b0e4c09895562a227d17f9d85402c71ff7b4e6d6ff1955ecc6f8bf0c5d1ab0296a0c88b7fe7a87a0198151026ada4a11b939a4fc56a7af4c72b38d7a69d63
MUNICIPALITIES,102880.0,210.0,City of North York,Deputy Commissioner of Transportation,1996,7f612aa8f4cb6241d31e2039ba43d0482a6e4ade7ce79aa20923008abbe780dfb6714e2eecd9797192c0de6ce2114225c2e7b4884a9f4eb4676f6a2f87cea5d6
MUNICIPALITIES,121415.0,248.0,City of North York,Building Commissioner,1996,ed3eb0f5a8ffd4d773cc15068bec68e7d0a00333aa206babc932a718c8eaf0f424ca6575a728a2023bbdf076184315fa1f93cc9c3d5275ddac30b9b18d82f57c
MUNICIPALITIES,112356.0,476.0,City of North York,Commissioner of City Hall Building Services,1996,badf1cf811fca9e1bf2e915fbbec98259d067c34237011a2f5dce2bf70af65b96e81bb2e66abc95ca1ce11732cc597428967d8473a9afdd9c6bbc2d6dbd1ebc0
MUNICIPALITIES,121415.0,248.0,City of North York,Commissioner of Public Works,1996,fbab2b790729d71de31fc1d3cdbbcddb7268f7086ce2ffe6b2f54cfbb564cd696f63936d711d6aca6cf5dd85f8e27cfa5e0fd38e42c1e99fcaa1609ae599ab5f
MUNICIPALITIES,121415.0,248.0,City of North York,Commissioner of Human Resources,1996,4c1d40c4c5d22720c15e9df6f15170ac197fb8fb1b813cdcf648fe7a9f98d01bae21e217a7cffa26d9a2132b2875cf01bbccacad58fedeb40204acc3ad999e9d
MUNICIPALITIES,121488.12,10398.51,City of Oshawa,City Manager,1996,69793dee48678c35efdb68d8137f4c6dbc42cd099ff2da40ffff21058c53baed72de5b7c3f3714ba508f27b70554f572be6808eccd600d84cc9e4b820581c5c5
MUNICIPALITIES,100874.02,640.8,City of Oshawa,Commissioner of Dev. & Planning Serv.,1996,7a0762f8964823a4031cd19924b569b3bcc9fb66799e7a8ada99e9f1e530b7fcd2b817fa021aa53b5f1c6dd0abfe96275a976c4bd6ac7970b4779d0e8c4b1662
MUNICIPALITIES,100098.02,667.81,City of Oshawa,Commissioner of Public Works Serv.,1996,4ab3e829425cd552b4c19cc5bbee162a24c543bbd476bf84ed2c4bc5694105e7c4677a3fe46b4e436bf98d2d12dc3082d2cfcf09c9dfd70f8b09ce471d0f4ecc
MUNICIPALITIES,111999.94,5532.72,City of St. Catharines,Chief Administrative Officer,1996,f3be1e8e866d634b70eeccc940ec0405f7cf35747e0c737ad20d92b4b116894914c5d9b47163c98d0bea17744cc6454a6022b2720acace94702d8f20f023be9b
MUNICIPALITIES,100746.0,7986.0,City of Sudbury,Ass. City Manager-Community Srvs.,1996,7273e3adb16d7ca12fccce3799e1a3ca6f6a5b3a7c26959cb4532259c19a1ae5de8a2474c96a35bf65c3f623ae33e0dfbca744cfd043d4cfe1fcf5f9734a9c6d
MUNICIPALITIES,100746.0,8760.0,City of Sudbury,City Solicitor,1996,932c0a5ca72857e5912be34efa48d8715d0a7cd65e40f9522f38f4792070fb8db0843660b5c258835d731fcdbe4ebbd57f497d8188a4eb1ecb98723aa7cd57bd
MUNICIPALITIES,100746.0,7986.0,City of Sudbury,Ass. City Manager-Physical Services,1996,644e7da5f451df3e204a59645717881651bd12170e2fca78ca7ff79150a68e61ba49b7aa106545706bb60c86f5f964657eb8a725f572b2b8d23cf1a23a085c38
MUNICIPALITIES,116401.0,8076.0,City of Sudbury,City Manager,1996,d816c382dcbc54f9fa6b6ff36a2ba32c65576a539d5a75977a5a5ad5bad4b7a58a32492251eeb1119071a4fb18190efd39144278a7b58b9540de91f3e9968822
MUNICIPALITIES,107275.0,33.0,City of Toronto,Solicitor,1996,39f0eb45ea3e4b53a551ac19d9e9fd5416b51869b8d7027a692d369ad5fa622c3f4b18381fb759b313a017ac2c121535eeab80f3882fd9748da902bf562798b2
MUNICIPALITIES,106526.0,374.0,City of Toronto,City Clerk,1996,e10acac63dadd9e3ff967f89b3b86b15e7e259cecb91fb22b3cbcbef04c5c67e05a52697c4580f8846fb2460880f95675082a943ff627143631a92b43f019ff2
MUNICIPALITIES,104560.0,90.0,City of Toronto,"Director, City Planning",1996,deff477deaa62b3fc4b683c0019911db88bc018a3f31d3143cef9676af0bc13a84b8553d2c407bab09276f2429e9c61779833ccac4efb77cb46c44739aa314a0
MUNICIPALITIES,103273.0,33.0,City of Toronto,Solicitor,1996,b3211c59318695d50147b51b2bb76f06eed5150265baabbe2604569c7999912e6c0ce73f4da4c886f5f95721892a80ad43139e583b370f6d0ecd39acfa00fef2
MUNICIPALITIES,103273.0,33.0,City of Toronto,Solicitor,1996,52b752fa8b2933c150c2c601891a67911d3b7f4a536ddcbf90fbe1dffa37da12db0e0bebb64959defaa043ee567f0597ab9b8c7cedb57102162f053a6b76840d
MUNICIPALITIES,113266.0,277.0,City of Toronto,"Director, Special Projects",1996,15a89e0c443ca3a356f6ef3a805777756651ccbacfd9005a581dae9e7044a3418d562ffa46721dbc983f2cedfb6f139cf20c510c6b4d962b195aa09944c30416
MUNICIPALITIES,101718.0,360.0,City of Toronto,Solicitor,1996,0bd2d2e8a89cea9453793609d48536cd7a579d055948f69f73b67c12315f1df64bd0dc9f94b8d4a13ebf4b0d7b1753a1db13e70927574d05e1a002b531c98691
MUNICIPALITIES,107275.0,33.0,City of Toronto,"Acting Dir., Office of Labour Relations",1996,b8d1cf81d29ef99188704de40eb68399a0944cf4e1e097c146611eb4cc0c9cdd6339cb6fd4453774bade233cad330506cbc89fd34c06a287d5cd058ed59ddbde
MUNICIPALITIES,103456.0,33.0,City of Toronto,Solicitor,1996,e77b06aac336ffd97a830e28b3bbc364587533ab6489c581392f9cac7f6094f76fe36bea486060a6dfcc3dd70ea6d9ede23567a642c63312a2be5eb73043c4eb
MUNICIPALITIES,102955.0,33.0,City of Toronto,Solicitor,1996,15f3d45ac3415bb8e982324f09004bf29794c770e56d44ce21d6c190cc6e5b7efde79fb6df4e79c9202e0fb16855d496d7a0896e830065cb89700475f83dd8c9
MUNICIPALITIES,112325.0,374.0,City of Toronto,Fire Chief,1996,d41247ba8bf2f8d7108e8d2768c6e741ff6c291ffad04cd24a4b8b125045ab3168aa9a6003f50b361a1f25133f122c0843b60ddba8628e4ce2c62c85ec9a4213
MUNICIPALITIES,100598.0,350.0,City of Toronto,"Dir., Organizational Planning",1996,e525ec5081e0f9e8fdf86a6c5e485a8f1355a7338299d153cc3cc580175303d2efc094f71cf0bca61e8d98ebf302423b34a19f98cc369012b9ebca22257ad331
MUNICIPALITIES,111918.0,33.0,City of Toronto,Associate Medical Officer of Health,1996,b1ce78ad4234971ff4bd8a8cda212d847e4f61e098c34bcb99f7d6a4312e2172d0a4d609f050242479cf9341ad4d8c9b8141695624423ea398d8df06ae7c7496
MUNICIPALITIES,136896.0,377.0,City of Toronto,"Commissioner, Community Services",1996,f2b8cd571f44b591056789d2acf2eb546e07d2f352fef0bf5071cdff62be17de7b3729fc2e4d06ec35a6a02f04f0da8576a918fddbf59264617898b3f1da33fe
MUNICIPALITIES,126437.0,70.0,City of Toronto,"Commissioner, City Works Services",1996,cddd5eac2b1d0e143b58bdff70f771113eaf1d796fe40bc520f2f61ceb13cd55a7c6a33603a434992e3ed82f81fc7b334e57491c7f9acf3e4b9ae8d0b705a1d7
MUNICIPALITIES,105045.0,33.0,City of Toronto,Solicitor,1996,e99c9e6ddc0f8224e98b913cb312f62f81f0169b8fcd9ea79709ec6781906f89d3f83755f86c5723cb03d18e989f97fab01c35d943645da89f4fd788f6d782ad
MUNICIPALITIES,100598.0,350.0,City of Toronto,"Director, Program Services",1996,df5ee5a488e144dee8ffa73882363d5e3e6274359855d152e6bdf56142b9be4844f1ed481b447320ba70efdce9d7d22aea9b4b2505898db0c93b87725613ccc1
MUNICIPALITIES,116381.0,5239.0,City of Toronto,Chief Financial Officer & City Treasurer,1996,6fc6fb87ea1b82fc1114c4525ed50c53a0c61041cf5f0501572355c1a2c62fec7d2a6173b3c2d89188cc1761abf9baf47cc224e641be88d23fee8136b14db98c
MUNICIPALITIES,108657.0,784.0,City of Toronto,Acting Deputy Fire Chief,1996,db9d8c29471aef28f00c0396d5718b14bd7e88e1a512287e4ec3f796d57ed175fcbdc8bbcaa88f69656cdb2afbfee8df196f065561cdfe268479f3167ef7fc86
MUNICIPALITIES,126662.0,33.0,City of Toronto,Medical Officer of Health,1996,b1b11e2c24cf09949d28c807df7c53aa1bffb24c8798dcf67b80fdba51d29600bfcd20d139f5a38e3cbd3601a2969bdf981ccd82a073a2e53876ae36496b55ca
MUNICIPALITIES,122584.0,285.0,City of Toronto,Commissioner of Planning & Development,1996,a499e7b62e26585bad1e4d0fec2a8c4eb248ff9caef81a58b4ed1f963b124276ddf37a9c0c19bc8bf27deeefc8b636f486d377b8e60675d5dcf819b8b3ef496b
MUNICIPALITIES,105274.0,365.0,City of Toronto,Solicitor,1996,ad35b551daa2a0056ea5008a34b81398c2e53d07db3131e1de92542ac69ebd3e0f6ccd929e30918fd702f6126506e28f2145424739777ab29f630fbf5dcc2044
MUNICIPALITIES,103816.0,33.0,City of Toronto,Solicitor,1996,91cfde9763d84e4e0c5fe387c982966a76828f68fda77fc57a08e78ba0034e4375b276b41d6251f0ade8e06975a7e85d03ea8021c596114006f1188e515519e2
MUNICIPALITIES,116061.0,33.0,City of Toronto,Assistant City Solicitor,1996,4caf408425516f428edd25f6da642393516ff1720a926c82e0fbd1b7b1fcf18af0e9df63a1bfff4a5899136850420a96c74dfaeeb2d00a9f13cf7f373d7d194c
MUNICIPALITIES,117189.0,2752.0,City of Toronto,Deputy Commissioner Of Housing,1996,974e3653a5ff37c44a21a54379cc4fe9ef2ec0a2a33043df0f4e2819a0c69d59f08a2eb1091a13717b40b90b220eca05c663c85ca5bdf45936dceb35d6952f87
MUNICIPALITIES,122835.0,6341.0,City of Toronto,Commissioner of Parks & Recreation,1996,7cada07709f0db77699151fd1a92327e61c8b07fbf850df63f89778bfc14411e91ad4311dd907294fb3b974dee5a6601d51756b1429c0647ae763882002026be
MUNICIPALITIES,110105.0,358.0,City of Toronto,Acting Assistant City Solicitor,1996,76436842a0a266cd899b53712ef2836f6444f11aa6971588b3c63c8a0a835d1d6873e7669ad6b0f9e6f41bf486339d3493ed5a4de705ba0f07681f33cad4ccf8
MUNICIPALITIES,109127.0,33.0,City of Toronto,Solicitor,1996,95eedc99507314938cc7590ae5be6ee44627431f4f2dcd8909b166f74c44dd7d8289f164426b1ae635b60ec1b06e2c27bdbce24ef6e8788b13ca15884eb3a720
MUNICIPALITIES,107875.0,33.0,City of Toronto,Solicitor,1996,417dc8e274186a04ab88ea7b65c6034edef2db800a1571a026366a811b1146798d806fd092c2f47cc1c3e84e998ea9e8d74a05f4e14856c28112451f18c0fd10
MUNICIPALITIES,102631.0,362.0,City of Toronto,"Director, Operations & Sanitations",1996,8c4dee2dd23d45f252c5f4373fbe3ae8d89a4b2acada1617724ec326d5546b9b5f645dc49f8aff7b2ac218bd9f9247cb39b03a6571a6f12ff4356b8e27c97341
MUNICIPALITIES,116843.0,33.0,City of Toronto,City Solicitor,1996,42b93e3be82f71c9bf881c6526a8ac0507197f05716e6660b6ea8de7a1d781c7a9b021c86a1a0dbeeb61c3764891be25af92b5875fb4931da60e2c84509f2a54
MUNICIPALITIES,106389.0,33.0,City of Toronto,Solicitor,1996,616c09e8067f1bddd6421e451be5d659fa3e426347d8ef2f9c0f42db2e2d389df5acf1b3ae6579bdd7cd3d2663b6c5dad71fb3e7cbf4a3c4c1f44728acbd6e55
MUNICIPALITIES,105603.0,33.0,City of Toronto,"Director, Engineering & Surveys",1996,489242f4c922f35864614ef210d3d4572122d7c624789586d9948c875eb23d9fe81a4482ce1d3084b59e7c6b3029ea151884177e9c291ec64ab8134d41113c94
MUNICIPALITIES,112198.0,8828.0,City of Toronto,City Auditor,1996,2fd7a66694c5df2068eadf05815c8a870b5f060aa5f38a9b0f1c4475c086313e43608bd6b5b73003b9ba5f45c41e1e31c2ab33b63b33de24aed96b66c527848d
HOSPITALS,111741.0,622.0,Clarke Institute of Psychiatry,V.P. Administration & Finance,1996,f0af263af9b332c67d02de4e9daf86cde4b6c6b8ba918ac9ebf29120711637e7df9346ef87da21d36b85280e3755b04a0467ff26cf090155582b583efdfecfd9
HOSPITALS,113377.0,631.0,Clarke Institute of Psychiatry,V.P. Education & Head Psychology,1996,2b79824e34a1db0acf2d7d638938ca307a1678d8790be4ffcbc209b19741273e532b0c86d05d16625366dbaee1ff295be0c1779f2825cd26236067b7612d55b4
HOSPITALS,124480.0,693.0,Clarke Institute of Psychiatry,Exec. V.P. & Chief Operating Officer,1996,c71ab5f473934596c09d76d98cdc79993eae69ee6b58f304fc8d7ab467c8cb082bb253a129066be220bda1e2759bfb5d12802ed80858e519dc1ce167deebf950
SCHOOL BOARDS,100801.0,674.0,"Cochrane, Iroquois, Black River-Matheson DRCSS Board",Director of Education,1996,38a82fd12c27ab55d0ba9a51f23557e77cc68cf8c6deb4103efd130447342d13fc7dce63c691f70a639fbc5674d9f628c293b342b46472103d3769a902174071
SCHOOL BOARDS,103500.0,1036.0,"Cochrane-Iroquois Falls, Black River-Matheson Board of Education",Director of Education,1996,c1107cc29f540bc5730e67df2bf785692512ab7f5d445d3eac0768ee281865762519ca8a8418cf114b0a516a134fa6e3d719093438680a058d057fe65c28232b
COLLEGES,111571.0,1450.0,College Boreal,President,1996,678f18b4c87c66eda82954dc98fa79a1d054ab554fdb9b24f9650a40a5721c39e978ea2ac563cbccd0b657ed7bbde74ee48eed760cfd32815ab17f9ed28a926e
HOSPITALS,110127.0,521.0,Collingwood General & Marine Hospital,Chief Executive Officer,1996,92fb5b5a22f8b128a45f38121b601a17f49c6c3f9ba0427ea5b72ba7d2377b48cb142ed7959837584cfc325cef71ff56e0984e04b2cd4ee807916c84f784594f
ONTARIO PUBLIC SERVICE,103889.24,299.64,Community and Social Services,"Former Chair, Social Assistance Review Board",1996,5a2300dd1e5dc3641b93fdaa3b1d077479a48f647b67537a91f6c1c04a24e0e7fb3670b13cedf807393de2383ec123f0b6747667d2fc5c7ed4e6a1f75640c1ba
ONTARIO PUBLIC SERVICE,154760.57,0.0,Community and Social Services,Contract Psychiatrist,1996,0277ef2537b6d9302cae9d2e2469321e7a871d4e78ad0c4652737208fd35a1909cf7c01ff9efd4840d63b407585f7c43fb8c676901a4b56aec75fe390dafdb35
ONTARIO PUBLIC SERVICE,151005.78,427.32,Community and Social Services,"Director, Biochemical Genetics",1996,bc5d1aee597318ac8bfa43af8554007048b436cdb795049037badbc4331358e006575212b56c917b9ac2e8ea9eba23928369f968dcb80da5fa059966d628a143
ONTARIO PUBLIC SERVICE,108272.2,312.36,Community and Social Services,ADM- Program Management,1996,b98a3705d5b5ec124ee940d4129ef6a067e3c812348e0adce83af6bd013b961772ab9f5f3d962f575bbff86514838306da628d3f608ac845317d6fc35b173134
ONTARIO PUBLIC SERVICE,104444.34,274.08,Community and Social Services,"Facility Administrator, Prince Edward Heights",1996,094cec12c0ea6a497a82d4f657b885c9030f85dec289fde874a202d2dbe67d225a3a56915c6699a552718c6b035b06cfaca42c83f3100919213d82585d8040cc
ONTARIO PUBLIC SERVICE,120784.63,285.35,Community and Social Services,Contract Psychiatrist,1996,5a789df2422f717dccfb266e929f0c80ce2cce308b49de424cb277a9ebee223a9feb5d4b42b5035d67981797d1bb33479853e8d0cb70066765ad2de31bfecaff
ONTARIO PUBLIC SERVICE,115971.96,333.84,Community and Social Services,Staff Physician,1996,81a44e896ffa881fc370919d62c411f9bc907731f09acd0f5f4098e54dbd26535420293664a0f491c802c11590244c48d0729c6bda00092b2f91848c39d83696
ONTARIO PUBLIC SERVICE,120383.48,6650.64,Community and Social Services,Deputy Minister,1996,a13fae9729c7e1b830ce8f62ff56ee6f6445549d38965d7a68731bde1b61ad0386133ff737cbe2aa29adad3eaa5c2bfc615cd6c4458f7e4a4c43a710cb18e8d7
ONTARIO PUBLIC SERVICE,110327.33,318.24,Community and Social Services,"Asst. Deputy Minister, Business Planning & Corp. Services",1996,fce226420ccf7706b6db44610a1124acdeec5e1d8f0c88a25d122ed12e22f244b4cdf339c9b13d49eab46316d76875f7a4166d269b88cea7494b9537658c52b0
ONTARIO PUBLIC SERVICE,100511.35,288.84,Community and Social Services,On secondment to Queen's University,1996,e91d43df7b6a5360286b420fcf77acf5e13502ac37bbadb31c21517569b8db5372447de011c91ef17c38ed9f8f12fec62e1a2d30c6adae75fc843f1e662c8eb1
ONTARIO PUBLIC SERVICE,236925.14,78.12,Community and Social Services,Correctional Officer,1996,f340226d2a4846ab5ca20bebd7aea901ad100b0e15cd72c0ab5e7352814ff00cbb78493597d27dea36cb2b5f71ed07ba2b07782f31fc43e933b8ddf640f9c650
ONTARIO PUBLIC SERVICE,126458.31,294.84,Community and Social Services,Staff Physician,1996,9cdd1db33d8364b2943c9e4ab22d55df16460909880e954bfb6e6d42cf548474a0b93fd13696e1522ecdb10586a2c50c42d5bef06ef06e9999ed36e7156a540e
ONTARIO PUBLIC SERVICE,134650.5,387.72,Community and Social Services,"Supervisor, Medical Services",1996,fd72b3d54101dc63e226ec06bfd129f23a187ceda136adbb2514f3c721ea7e477b4f7bf206f4bf8280595bc9e15fa8a8f33249212f1b90ca3df579781f8c2ab7
ONTARIO PUBLIC SERVICE,154726.97,0.0,Community and Social Services,Transferred to Ministry of Health,1996,647539f31562529d58a0ce4adc996f3afb74af0b3847c58b716dafc31c47d03d299b542e6333c7604bdd3c3ea7c70e53688040832f8d52e239742cb3e5f73182
ONTARIO PUBLIC SERVICE,105734.84,256.32,Community and Social Services,"Facility Administrator, C.P.R.I.",1996,c995d7214689f5e294998f45cf300e20a879da3b7b512a9e5d18025c82624f1fdcc45c09ec75425416adbf541330005b38dfee6c5d6fac4fb1c15b4aca7b215a
ONTARIO PUBLIC SERVICE,147077.56,0.0,Community and Social Services,Contract Psychiatrist,1996,4c1fa079c0f5283ad4eeea32466d07e468751ff074bbbc9322e8bfe24ca781a49303990fbb715467b2fda2f27b5fdd793090e910b3657819521a6fd939aae64a
ONTARIO PUBLIC SERVICE,103156.88,256.32,Community and Social Services,"Facililty Administrator, Rideau Regional Centre",1996,59730440b965ef655ae20a1b7f32d7876cd6f5486b0b83c3f98f1080fd7972040d40f3f8d87ca82156a6a8acc04eefbc15f4122502b79125a1810d1c015154b2
OTHER PUBLIC SECTOR EMPLOYERS,119826.0,6432.0,Community Occupational Therapists & Associates,Executive Director,1996,5e8716cdb8f69b6b0cc486ad8b8d3d2ea0f965d777ea66297b6af6eaf6a2d007297c4bb0b44b1190e9df0bf6af3d18296dac948fcb6a2868630887fb70b43e75
OTHER PUBLIC SECTOR EMPLOYERS,120485.0,830.0,Community Services To Jewish Elderly,Executive Director,1996,add92ec07df3f87e3fca440d7295f1ade3813709de330c7af629454180d56e332744d99b607128bba1bfdc5945e9a328a32bb97f35eca26ab1713e2846c16c2d
COLLEGES,123894.0,13798.0,Conestoga College of Applied Arts & Technology,President,1996,6f3224e523f37d8e53c8a86993d648d23f063abcce80fd19b0ef34fd48df5e5921faa9e4a94dee04304f1d6e87900055733f9abad72e1d36fe32c62a4589ba1c
SCHOOL BOARDS,125529.0,8344.0,Conseil des ecoles catholiques de langue francaise Region d'Ottawa-Carleton,Directeur de l'education et secretaire-tresorier,1996,f733f3626b16bd456093d11b096ca2099497935c28c32e351e6fd15af89bdb02f968184c89a1411aa21eb114af6bce34fde2b046fd80b0b8ec64fd009c37c742
SCHOOL BOARDS,110000.0,352.92,Conseil des ecoles separees catholiques de langue francaise de Prescott-Russell,directeur de l'education et secretaire,1996,6a8f914ce2488bf310e331b9dfcf7723a2f70ef0177e239dc8ef30c6415ed23371eeae6f1ed48ff14758275615ed30db06f0277929e78e946a5af6ffd3869653
ONTARIO PUBLIC SERVICE,113983.39,328.8,Consumer and Commercial Relat.,Assistant Deputy Minister,1996,28dc0f65c7280e326157c31149e97e13507f0da9525ae35a0994a52f917fb1c35eea4e97223782b3eff29aa2c3469e3ae641e2ce364acc7166792dc60384cce5
ONTARIO PUBLIC SERVICE,108037.89,311.64,Consumer and Commercial Relat.,Project Executive,1996,78262e1e49c2d7b5f0a99868eaa0c267d06641a4cc11ae23e369ef1d8eeb21795a84f4bbaeab4742efe4e2513505561d2fc6d21375f8e2ed0b856172a0064cfd
ONTARIO PUBLIC SERVICE,132380.7,4194.35,Consumer and Commercial Relat.,Deputy Minister,1996,43b796993d7f0609f5a8cdbafd410488553127dcfff61e223b3607c0600dbca3936f26a755d145f4378e9716ffd16c6e93a4ec4723d3e5363f053691b0c90471
ONTARIO PUBLIC SERVICE,109287.28,179.5,Consumer and Commercial Relat.,Systems Coordinator,1996,fdc0699efaadcb38c4f8278be9b498ce6f34f542d889ca47aaaf937dbed53a97e559415c476eba84e17901cfbaf3c80bceaf29b20def4d54759516a1499059e3
ONTARIO PUBLIC SERVICE,124725.66,0.0,Consumer and Commercial Relat.,"Chairman, Gaming Control Comm.",1996,6ecd4a94b4bdb25e6c669d33e1d7f2253b685dc8a6293f47dfd9b8e89ad6767e09782eaad2e46929c630d0768d5b721a4148d60e6f3dc2ba17371e186177f79f
ONTARIO PUBLIC SERVICE,112214.15,323.76,Consumer and Commercial Relat.,Assistant Deputy Minister,1996,2d4d6eddbfde4bb65cfcccd65289359b7f88eaefbfa005a9d334051cbc8697fd6700f81935a5bb6cbf14f96d55dcb0688b035f1c5eb15aa19356effd2081c242
ONTARIO PUBLIC SERVICE,127171.66,949.0,Consumer and Commercial Relat.,Deputy Minister,1996,d599fd1b758a421dd7f13f20908e12673946db743f48751df7ba574fec37a6d06cbf72c950ad107ade53b6d0e842c5f077234a797316c941aa76478fe58d4c57
HOSPITALS,113673.65,581.6,Cornwall General Hospital,Chief Executive Officer,1996,ce98a2339ba9488188f65b64721e1ba93654ed1e21691e23f1606f1906111312ade3ff38d7561b2678a23264838b9de1835e06e0f596b2e9f08cbd4f11bebf75
MUNICIPALITIES,103170.0,3209.0,Corporation of the City of Guelph,City Administrator,1996,5adb2c85c79157fe483b2f63ae9c47082f70cd72504b9795fc67ea8e42768cc27300820b2345af885bc6260e3a6b2da0e83832670e2b818c57ee347c5c49dd14
MUNICIPALITIES,112301.0,747.0,Corporation of the City of Hamilton,Director of Information Systems,1996,27163253deb412ab22bef393fd0f79a117aa0c6cb8119e8d36403e80055324cf2989acde6c29ef75e7f11e5b4c0c6f7abee5f3bbee2ea0e91ff2897544febccd
MUNICIPALITIES,116588.0,691.0,Corporation of the City of Hamilton,Commissioner of Public Works & Traffic Serv.,1996,93d94ffb30c83dfa34b57cac484581377042925c22a809715d525affa4cc6b0c67b090bfcd8278bf591c6b3517258ca7c6f5d5da2431b8307641df98016105f0
MUNICIPALITIES,112301.0,2053.0,Corporation of the City of Hamilton,City Solicitor,1996,9db7d6e3118362ba012862534950a73e761382d25ed368e7544183c0609c2c2043c8c90f58cba9f626f83c366822eb5fa30882b3f455702d772971dd72df9fcb
MUNICIPALITIES,117585.0,5381.0,Corporation of the City of Hamilton,Chief Adm. Officer,1996,068b91aee5b5297834b7fe43a27edd581c17bf9ece377b3097d3dc2008eeb937826ae459907b76d90de417c3c8a49f966f3f08f5f123ee34d765fa4bbac61414
MUNICIPALITIES,109084.0,1466.0,Corporation of the City of Hamilton,Treasurer,1996,00b640b450750a08b3cb9da6ae9cc3437532e7fc4ee01360c91a704333c13c77281bb811a86bef01c0d65855914c93ac3f5d933e9775ed6ffe86e55961eb7148
MUNICIPALITIES,102225.0,910.0,Corporation of the City of North Bay,Chief Administrative Officer,1996,80903ce1586cfc5c0fcbecf190baee2a44286eaf6befad3452f8e26a7a912af91e8160230f8c0e7a80554629f3e7489224e713124c791e02473e2b5a3a4896f2
MUNICIPALITIES,112925.61,8700.0,Corporation of the City of Ottawa,"Commissioner, Corporate Services",1996,256322e7af6377193e0bd72bc340cdaeb877caa444bf98e495c760c0a16e8c7c44948d2603418972b09f430b2fbddfb070e08877b2d82177a49f219c3f5fe159
MUNICIPALITIES,117760.14,1822.0,Corporation of the City of Ottawa,"Commissioner, Community Services",1996,57aa4c0259f9108aebc8318faff88a90a72639ed111df206964929778248dac832375e16c88fc08b8fcab39b3124a943e7ada6b563ecdfd5e6c44c22024a5e1d
MUNICIPALITIES,101086.44,7524.0,Corporation of the City of Ottawa,City Auditor,1996,522e16ca44c3a38347a5f4c1138620ae20cb2a17bd37cc928ddd2a5926fb551a6be012d299182524ad968a1f2390617caca58a8385e4ce26454a2a7154c74ec1
MUNICIPALITIES,113398.74,5377.0,Corporation of the City of Ottawa,"Commissioner, Engineering & Works",1996,4c6597e3c4308f56e3ed257da5ce1899521513bdf1509c39bf71d035837f255e3d0bd04b282364e2519695ab137ed0959c5f68d7b9bf84ed41b0609ca2aae581
MUNICIPALITIES,117108.18,8700.0,Corporation of the City of Ottawa,"Commissioner, Planning, Economic Dev. & Housing",1996,ef11c32a9204dddd0fc45ca7b9ae7060298624bef5289ac7588c403a7edf945be301b008332a664c82c2dbb57e7d0eb8ee078adf732adec6580bb47366d30671
MUNICIPALITIES,103623.0,5920.0,Corporation of the City of Waterloo,Chief Administrative Officer,1996,801b23298b9363b8b921ed65b4110c9c75d42f168d4a9b263992ad7bda519fa498a2bff133147224c3d4f67d09b607f05ea68897425d7dc6acab9a541cdfab7f
MUNICIPALITIES,106292.16,1979.09,Corporation of the City of Windsor,Commissioner of Works,1996,0fdcd0e4cfd1f3b48ee242201cb2da6415b040ff7d71f18b52defccdec6e88517325f20ded801db16d826aeeb20f670b8eacad18fab862b57124bba7e9954422
MUNICIPALITIES,106292.16,1112.64,Corporation of the City of Windsor,Commissioner of Social Services,1996,59c602ed5235862e7420c971b5dac707c98110d57a1175863f7be856741a15d8da0f873f01a01af191b8e8bb0741ca7cf513a22e2e2029f41c143fbea6dbf9cf
MUNICIPALITIES,106292.16,1112.64,Corporation of the City of Windsor,City Solicitor,1996,c8153b752fe9825b38992f45b71e7ff34a5f81a24a560045e18c389046b11006a74bf8008b8bb878facb704653dd51ae177bd3a5f37ac9292921a6845b084ba6
MUNICIPALITIES,115000.08,449.02,Corporation of the City of Windsor,Chief of Police,1996,43cf528b5aeb4fcae81e112ee24ef0df78b41b6471e84b1a22666d43996155e8f90cb1b136049af0e9359df0559a6d572959133ed1d621e1ea13efe24e2588ba
MUNICIPALITIES,101860.81,1079.93,Corporation of the City of Windsor,Acting Commissioner of Finance,1996,e8ad89ab6efbdb18b78cb5d052a6b6f4057f9ef6cddcbcf31d79963f7c915b0433a240d59aa82b6ef3685c3202519424cb93891ff216236984d58f6e1079a242
MUNICIPALITIES,118828.05,2213.91,Corporation of the City of Windsor,Chief Adm. Officer,1996,109a2a0cefc29663b6fff97b2ddd5dcd2129e33bc06dc0f1e38161a4b5c3e9c0f92203b0e59cdcad2a5469e1c471f93989c1d25b7e5ff9870f7cf64869d1cc12
MUNICIPALITIES,107258.5,3794.64,Corporation of the City of York,Solicitor,1996,b7a2d2d39d031cde10dc1ab5f39d7b2f0e2b76d77e646ec59b1a5ef2b3f2415a637e2c1b360047cca131ae0b3a52b087dae51e39c83df9bc75bc8284aae6eb1b
MUNICIPALITIES,107258.5,3794.64,Corporation of the City of York,Commissioner of Building,1996,dd724612b10c2eeaae60cfe91c77142bc1c7c2c5e4779789c11fcbafb25d9a0aeb75413aea9d61b54f82a19c6b4c1c576a993c985d9dc28174b3a03b84cffb82
MUNICIPALITIES,101805.0,1338.0,Corporation of the Town of Milton,Chief Administrative Officer,1996,b200a2d42bc6482daab289384460f201aceb5c520f59fec3b7bad314c6fda7c8ccd11089525b3bced02040dc1abd23a6674dd0a6b361d2edc8828ac7c73ffcd5
MUNICIPALITIES,113550.0,681.0,Corporation of the Town of Oakville,Town Manager,1996,550d382c5b79e5a2bd68636b3df21fb37d392b2ac3f567e096fc892894a69050149495e7c493ba6e11a6a6b7e56c76906d80790c4673b605a232c305102ce870
MUNICIPALITIES,101399.0,823.0,Corporation of the Town of Oakville,"Deputy Town Manager, Community Services",1996,4eb8b08bf5f1352938f2be84cb59a2118073a3f4f25bf01a8d4851dd813b7404bb0e31ff0d3e884cf977215c52232f8be5df489a2a49045b39f2809a9fb27019
HOSPITALS,105555.0,867.0,County of Bruce General Hospital,Executive Director,1996,7145962a67cd03844ffe636817ed1ea2800a93005ae35056b86694216d203c66d71b39ddbb9857405efbded2e4f2514360d65701cf4bdaa106d41fe73c0d3598
MUNICIPALITIES,103649.0,801.0,County of Oxford,Medical Officer of Health,1996,b39508e3e07a17b7651d2ae67de4fa3046cbae7e383539b98a338767d618f11b15c2f11b8eef522b1bb95405452948a2617e6c83bcec5a2144c284716357840b
OTHER PUBLIC SECTOR EMPLOYERS,131094.15,7419.39,County Roads Community Health Centre,Physician,1996,159d968cd3d35e3eef89c11fc7071abf00d7d8f0e76ad58b4398c083f10f5d5d763624cd12593c703a0ef69c5a162212898d03b380d7779c95237fd72aac9dec
SCHOOL BOARDS,104114.0,310.0,Dryden District R.C.S.S. Board,Director of Education,1996,3d8770b1c864badf068b48220ef1a94bf84673d160c458049866cbd2da48f75c6d0e0478d231e0aeb8fd92a66c87774de9d3c1768f05c335c60817a269dec133
SCHOOL BOARDS,105237.0,733.0,Dufferin County Board of Education,Director of Education,1996,84d6f995303d37015644926fce53818df42abf8cf3057d5060f2b42d5c0a5d2f18188bc66657ca7313e01a3999b057a911720a1ad8357cabe02613b131a7f4ce
SCHOOL BOARDS,125000.0,485.0,Dufferin-Peel R.C.S.S.B.,Director of Education,1996,1d9f9df4814d3282a5f8211bf2f6ac6cc64cf02429f3792f91255700aafb85ef55fc10ec06c18b4c4498e61ec1f95b0a888659699f6ebbacf1b295a6faad2454
SCHOOL BOARDS,106476.0,4654.0,Dufferin-Peel R.C.S.S.B.,Superintendent,1996,e84928130bd068bc957926db394c6fe9a6665eb4c8affdebf8236cd651264fbc6831aef86de9ca90fb04f5b63d2c8a7797cb0b5fef0f4fbb048ec692c0225007
SCHOOL BOARDS,106476.0,4654.0,Dufferin-Peel R.C.S.S.B.,Superintendent,1996,74a0d98951613089502d707755373439a0d3683424553944e54fa1450c1bd3f6863033d5eaaf623b741dae8ddada2b658b7b2935c0e7b57149fda744b74fd7fe
SCHOOL BOARDS,106476.0,4654.0,Dufferin-Peel R.C.S.S.B.,Superintendent,1996,b117f0c9c85be0b0121c959ddc4ad04a535cc4fdd270aadeb1902010c827d21b5c6664ea563514b5dcac82aa957cd8e14e0cfe0e4ea8a442bbfdaefe647bb1d9
SCHOOL BOARDS,119275.0,466.0,Dufferin-Peel R.C.S.S.B.,Associate Director,1996,b4a5691759fcbbef2cdcf4c9deb2a8370efbc9ed0e61b62e8dcd9d3eec8b4b44f2dd9fe0fec331bf268c4096436a36189b9c7adbaac1afe52505d7843abef940
SCHOOL BOARDS,100340.0,4634.0,Dufferin-Peel R.C.S.S.B.,Superintendent,1996,fb05c75512854c6337d045269eff450fdf28153bfc9279332575de0461cf4aafebb3d91ae70f7616e36d8c0812cb41246eb5461e81076940906e0f7d1d6a149b
SCHOOL BOARDS,100340.0,4634.0,Dufferin-Peel R.C.S.S.B.,Superintendent,1996,70d7497239c45c4e86db1a04016d261a688099d88f402d46524a43a955441847b274ff2284e8cced00ab570743f84181c84df588a698e15a9f29aa3d816771a8
SCHOOL BOARDS,119275.0,1138.0,Dufferin-Peel R.C.S.S.B.,Superintendent,1996,a050093ea2ae41db67be2014b95c384bf187b8c52fc43016c586fa93d6a80f150f2e7872583f0b71e8eddbf9e573e78ba005112441022fe3489a0db39a4e3581
SCHOOL BOARDS,100340.0,4654.0,Dufferin-Peel R.C.S.S.B.,Superintendent,1996,37937d1233e63234f084a2015184af85ce0a17a33578ba6fe985eb94837da3b592e967b0cc77a6efdbfefb69511b8e96c9a2ddaa3455d531f92c16fec058c783
SCHOOL BOARDS,106476.0,4654.0,Dufferin-Peel R.C.S.S.B.,Superintendent,1996,b21f5a6ef40b4e196b3296f329243f15cf7cf2c7ca5882ef17153d5ae2255b62a8b2164590b7a5d2800223e7c70e780a9cf44c60fb922b22b788e0aa488516cd
SCHOOL BOARDS,100340.0,4634.0,Dufferin-Peel R.C.S.S.B.,Superintendent,1996,36a14277f7f9ca9d034a0a75a1ea5ba43e84bb60349cd9cd601ff2ae8b7de69193f925d36ad934b9967d2f2d8144ef4f6a3de9b902eb42e83adf0ecac89513de
SCHOOL BOARDS,106476.0,4654.0,Dufferin-Peel R.C.S.S.B.,Superintendent,1996,bda17a9568150b79d67cde1ad49dfa4a6882d18dbd9ff34df152723d7446b2f3ba007863f10529e2410f6fe80fb2c4d67a99027f6f09be6b444c26a094f7bc20
SCHOOL BOARDS,106476.0,4654.0,Dufferin-Peel R.C.S.S.B.,Superintendent,1996,ddffb2e9b3e79a89faac13d09866946b37178f64cb9f041594f88badcfddf68a3a4525f875f77a50162c875e27d806aa1cd2b3c7f4b4c3bc46532b85ed569475
SCHOOL BOARDS,106476.0,4654.0,Dufferin-Peel R.C.S.S.B.,Superintendent,1996,59f543f8871c959448958d1d78cb8093e5d7fa124d5f9e807d8298d7d791d7be6241470aea29b5e54e1c2706ac739102a19066ad9db573a9a820e4123c177850
SCHOOL BOARDS,106476.0,4654.0,Dufferin-Peel R.C.S.S.B.,Superintendent,1996,42788bcd411c5066113b9dc0fad3166dbbeba044413f82804ef10a23ced274baa2f53e0b7454dee9c21a51391934a07544980cb06b2204e52b0b41e3c52968c1
SCHOOL BOARDS,106476.0,4654.0,Dufferin-Peel R.C.S.S.B.,Superintendent,1996,2fc80f749195da62312e87ccd0430b80b410ed8827ea45f689c6a217215d3a52642d025d166c5df506a57e845b78dfa523ddb6e6f1280d28282b1ced38171888
SCHOOL BOARDS,116075.0,1775.0,Dufferin-Peel R.C.S.S.B.,Associate Director,1996,3e67fc3098b7790d3287250f41145edaa71bc1cc7d8c7438ade4eb71c75850a42804edf2afaa2b8702508a671ed294f28e00e43b698bf5fc4af10b801bd4b22f
SCHOOL BOARDS,106476.0,4654.0,Dufferin-Peel R.C.S.S.B.,Superintendent,1996,6b74b252427b348ca66118aa48f6675ba57e25469e88067b5f45ad41a2303650655c2522a957c9e6555af026241117a68b83fb5e151b9f51ca7a864904f3bbbc
SCHOOL BOARDS,104856.49,437.52,Durham Board of Education,Supt. of Education-Schools,1996,bfe3ad05238cdf4845a95451e1ddf045416b71c945eada7da28bbb46a2875b8d79ca1d77110cb961403160ed7bb432119588579b6bbdad4e60162ed51c610a58
SCHOOL BOARDS,104856.49,437.52,Durham Board of Education,Supt. of Education- Plant,1996,e7c64db227fd14ebbd09f8165aefe835fb13f8ed8feb0e32ecd70b6b19e68cdc8cf7f395379e235d9b3a64e8c9f24e741f93f3ef1e3caec465971a0072bb9a58
SCHOOL BOARDS,123722.0,484.0,Durham Board of Education,Director-Board,1996,c2d20ddf32855dd09860f29b91ac621bded14d6e3ed2f73f23c21d2751a759fb78be1ba1238f0760582b846dfa7380fee0baf616ac11a2fcc2d4ce813b332ad2
SCHOOL BOARDS,104856.49,437.52,Durham Board of Education,Supt. of Education-Schools,1996,4abd1859ca049f328ca59be6d952561ca7fe543209f71e31b1dee6445c6dc05ee1db03ba50836831c42751e95dfcab2e1e998fd046cdcfcccceecb765cff84e1
SCHOOL BOARDS,102494.54,461.34,Durham Board of Education,Supt. of Education-Technological,1996,4f7bc222d8721de168c87efca7b49da8d4342b2b9a31acc8b4232b49cb90da0bf61225840aee026858e172324e60651620435dfeb76b159912096ced5db2ed0b
SCHOOL BOARDS,104856.49,437.52,Durham Board of Education,Supt. of Education-Schools,1996,0be28bb714d89691e947976b064b071e1c9ca029f3042e616c706eb609a36b78b033a8ed33cdfcf7720a702a99c4018b33b22a83a1ae5652a7dc4bed6239e413
SCHOOL BOARDS,104856.49,396.5,Durham Board of Education,Supt. of Education-Operations,1996,66a3aab729efe7791e635ff77082c08152d8041fc586c6cb008e9874948f5d80d2ab05b10be7a07c53184f1d67146c7e0600d3c09e4801f478ae20968b904c44
COLLEGES,114445.0,21986.0,Durham College of Applied Arts & Technology,President,1996,e44304688c2de2372aa5e86800287593f77cbb11bb1a50e9475a7e3100c97bf14da5be1fca9f73fff44196e0db42c5c2b039370dc8d2dacd9e6b5a53ea9fea81
SCHOOL BOARDS,120009.0,5012.0,Durham Region RCSSB,Director,1996,da118a1a1b34074ecfcc2b1679932b06edaa07934970e7c99c4cedfdc002dc56c57b9e0f936b5f336b838e8768447143d797926711bff7d297ef080384f43658
SCHOOL BOARDS,106415.0,4932.0,Durham Region RCSSB,Superintendent,1996,ca48d5480e8e7922839f9ce75243b534fb15ab98af912ee6fedb2ab8576afed72046b937cb3985ed9b47d604723ffa42723ba08b2da334a305e911caecdd37f3
SCHOOL BOARDS,106415.0,4932.0,Durham Region RCSSB,Superintendent,1996,69793dee48678c35efdb68d8137f4c6dbc42cd099ff2da40ffff21058c53baed72de5b7c3f3714ba508f27b70554f572be6808eccd600d84cc9e4b820581c5c5
SCHOOL BOARDS,106415.0,4932.0,Durham Region RCSSB,Superintendent,1996,f692159b3785ee8ba462b6d2d00f77250b23e4552eff19b17928b39b6d876e451f3710605c6e3ee6da463899cd9b82bdcae1fa79cfa417eea7c3d22fc875d048
SCHOOL BOARDS,103612.0,4917.0,Durham Region RCSSB,Superintendent,1996,6e40f271b4618a85772e76992891555963ef06e1a89602097c4d7b09b0cdf78ccb045865cf08d092b64aa90aa38f4a3e6c766292b951c0a60507ebb7c1603fc4
SCHOOL BOARDS,110507.87,4956.0,Durham Region RCSSB,Superintendent,1996,db38a0e1faff95700ff16aa427f88f505f506e85d5e63929d5548d38020c3bcd4bda90f7ed33e34d6bec586dce08fcc1f15def94613e37cde2047f35110b731f
SCHOOL BOARDS,106415.0,4932.0,Durham Region RCSSB,Superintendent,1996,53f7523530378cb1a1cde64f67070d156b920ed7d3256bc916801dea63fff483719c41a8131cb9783deff557d2c005542e159158c2d096c77efe9e886ea64f3c
SCHOOL BOARDS,106415.0,4932.0,Durham Region RCSSB,Superintendent,1996,5ec43f4125bb00b5887ebdc1812deaf09b1e21a5e8aec5355ad8cf99b1fc446f528193f98d9b587210b4056d14fda3c7b79979c18779c08be0b628ac816cb8bf
SCHOOL BOARDS,106415.0,4932.0,Durham Region RCSSB,Superintendent,1996,65a97e92d6d9bfdbb12d4e064839a77fa472a422b1d5307f5ebb9722d7ed7a58fd1a50695f5e9576e69cc899bc5445ffd2e20193e1fc9f2b6a84b4fa0a6fcb9f
SCHOOL BOARDS,104417.0,2015.0,East York Board of Education,Controller,1996,891a1e04c576619d9ac2e4b4fbef60efce08e2084fddb95659ce3cd6e0659b3c1cc56b3970e55468b0bd79e6a992bc17b0fe1f3fcc91144589c4a81abc64969e
SCHOOL BOARDS,119591.0,2927.0,East York Board of Education,Superintendent,1996,92a6b3c2ccf196a5565e78d8d119bce2f0c85286f779229296e27a0cf2224395004ae75c20c02210d6ed2f58e5b53a12c59ce1c116d4f38f01bd504f6bd6ea36
SCHOOL BOARDS,107210.0,2873.0,East York Board of Education,Superintendent,1996,579afa21973525ead28482331bffe107547a9abd3198405f33fc543f96797138dd1688c3bffc31d54813787b6cc65b2b9c18bb5ed1257117e7ebc1820d33a3ce
SCHOOL BOARDS,122621.0,11147.0,East York Board of Education,Director,1996,1403868b56f8618177de5eb29979c9fd1d2914550132265f5f382bdfb8a6c8a0f649130192ad0ec6fc66d6216147015c4e7d55b49a0b84dc59eda8655e70f6d3
SCHOOL BOARDS,119591.0,2927.0,East York Board of Education,Superintendent,1996,dd616245f2221b4c66655c8bacb1427712eb3453e101e85dcd2372d1427be7c286e00fbf80aae546c796184ff10d76f7f2c9df31502a3adb9ae52eb8f2ba07f7
SCHOOL BOARDS,119591.0,2927.0,East York Board of Education,Superintendent,1996,43d9840f24d60a6240e1c830cb1f3efdda67ff91edae0184df80e31eb64ca2a59532ddef7276836f56cc333e2067aa35ecf358c95be1ab47d4d55ab27d8e58da
SCHOOL BOARDS,121732.0,6142.0,East York Board of Education,Director,1996,736aea15b8c817e800a9cbafa1968fc0870c4bb5056762126fb4f7b08d0eb6332ed88698ba3e29f3584c9aca9a91d9b5e4669a5d3b714e185a34139d7fc1338d
OTHER PUBLIC SECTOR EMPLOYERS,121771.0,454.0,Eastern Ontario Health Unit,CEO/MOH,1996,116f40a0e706749f7fa0e3888c8a8a2dd58a5f6b1e9e8b2278bab8db2ee36a88a37d20d3a19023c19a78a7b8e4f613aed46a347814bffc102475a7341449839e
ONTARIO PUBLIC SERVICE,114658.74,0.0,"Economic Dev., Trade and Tourism",Deputy Minister,1996,4a9ff26b65a8832d2f9b2e299ac2a3dd679f06fe714e0b27fad3a81d295bbd4343f22829fbc7c61b440af9375ed76ddd11d6acddc4cde5d2be3f08400f1c8f0e
ONTARIO PUBLIC SERVICE,106691.86,307.8,"Economic Dev., Trade and Tourism","President & CEO, Ontario Int Trade Corp.",1996,54e83f2b774f3ae91d4da74d78d56ebad8416586bd4ea46e3515cf5044f95fa2e82bf9bff4eeea16bc30d92e33c0c185b22c3667e0690cef516bbf7fc174516b
ONTARIO PUBLIC SERVICE,101320.67,292.2,"Economic Dev., Trade and Tourism","Vice President-Trade Dev., Ont. Int. Trade Corp.",1996,b4084bdc66316078357a9083f63fd4895436c7f1371262cda6b49d9fe6e87dd130de6db9f8a0f2e563bb197c15e6d22bd5bf8811b878060ef1e906c8041c2880
ONTARIO PUBLIC SERVICE,145166.27,366.72,"Economic Dev., Trade and Tourism",ADM-Tourism,1996,071690656fe1746dd6361ff8a238fd0627ee485d08fe99989923d784cff196398d4a4652a7cb180fa419a413ec15962088a037b66d3bcc58200558e205c150b6
ONTARIO PUBLIC SERVICE,119623.19,345.12,"Economic Dev., Trade and Tourism","ADM-Strategic Anal., Sectors & Technology Div.",1996,1289d3a05fe972404baa83850b14b96907b5eb45e3c2eadc713d92e1a5d7650428638fae074cf88e749572565eca12b4aa542ebc5722ac1a7fe8eacf16c64d48
ONTARIO PUBLIC SERVICE,101425.11,292.33,"Economic Dev., Trade and Tourism",ADM-Corporate Services & Agency Relations Div.,1996,8d212a8947421055b913ef69f099c769a4b2d62e1d6d96f561edccebdd36177799000e69f4516ef158f823e901e98a195a10d074c73f0a9dbabcd9d1886ad79b
ONTARIO PUBLIC SERVICE,101238.42,285.48,Education and Training,Adm-Training,1996,e02af6026e40bb120463cb2b35c79a824e16206f8e340747b9041191a99eae1f4e737c719f3d3b74b1a072d97b1938539e4ce461e32533073261900336193098
ONTARIO PUBLIC SERVICE,108117.08,311.76,Education and Training,Adm-Elem/Secondary Oper.,1996,7963a24243fd05f4a7e226a5138d8a65294dbd8df57a7bc89fd8f1c839164ed907da7e4e2f00e9a639829111c76e21d2a749d29bba24c375b5dbc2b8418ff290
ONTARIO PUBLIC SERVICE,146817.97,508.34,Education and Training,Deputy Minister,1996,698f70053111cf73a552ef286f78389017065287ad1edda31311ccc9fb8019a9ff2ce513f35a1839fa90b5bbaf739514332e65a23e422b33fa093c85cb4ff4ef
ONTARIO PUBLIC SERVICE,102383.01,292.8,Education and Training,Adm-Elem/Sec Pol Div.,1996,45a274c597af07a0283a4cf1e60578e444ab3547705e7652948b1cab59873feea1a4e95b04c448a589893f787b485257704ca1de7084b8eba48a3c7f4ce9b3b5
ONTARIO PUBLIC SERVICE,132805.07,383.04,Education and Training,Adm-Corp Mgmt & Servs.,1996,ace909c0a76249064fd3dcecbacaa6ef82218bd677f8d0d279f6f7a2b7ebad30431be5ada4d8b3293e02d5c98618e177586dc0210f781fd396e8fcd2679b834e
ONTARIO PUBLIC SERVICE,103955.5,299.88,Education and Training,Exec. Coord.,1996,70c521325af25f633a130a26798c21b60409a36e08f19312e2a02d763608f9de80dac56366cea470659306e4d33086e2a42214a003ce39b97a552bb3b710d155
ONTARIO PUBLIC SERVICE,100285.17,289.32,Education and Training,Adm-Post Sec. Educ,1996,bb5c22759f86f05ec8d0bc605c7e85c22a5143bfa8481200c3127e50b057324550b5a84f4001b273554c48468f4dee2896267a7814cee0e2abf7948ad96c158c
SCHOOL BOARDS,104913.0,436.8,Elgin Board of Education,Director of Education & Secretary of the Board,1996,051c7a717ade98bf844480523507be4d491e2d0ab8184528cd990b5aa625ab06e230c38ad179044bc48d24135946d30d9c2d64ea1ca5553a646a67ed844fa220
SCHOOL BOARDS,110554.0,647.0,Elgin County Roman Catholic Separate School Board,Director of Education,1996,5ab1ce5aa97d7a1633acf00334af1142f193831bde6f36c3374db6aa9279fec50c9d4216b2bc5fa0c7de89c286fb10becd7cc8a4b9c1028cef39fc6a06a879f2
ONTARIO PUBLIC SERVICE,107756.42,310.8,Environment and Energy,"Assistant Deputy Minister, Corporate Management Division",1996,12f2ef5dcb8dbcdfd69af1ba4cc2e8cba4ea08a3652ff6759e7fc4439410443e54afd26b2b2b5a2f1e44cf5ab1ae971477c141eb50e2cb4d134a31e8a960fa30
ONTARIO PUBLIC SERVICE,102409.82,247.95,Environment and Energy,"Assistant Director, Approvals Branch",1996,92aacb33c8e7986e56afebedfbd99cc61a56ea6fa958817a495e54c9223cbb8ee3d4e23b006b79dfae20f406c7d45710e7585ba9065cba1f75a1fed64a0eeeaa
ONTARIO PUBLIC SERVICE,115028.85,331.8,Environment and Energy,"Assistant Deputy Minister, Policy Division",1996,abd6ef45d93200fd2ee231076d0789381ed24080a5f87ff935b26bfd67b5cdcad986b730f5ae479ad6d8c252bd08918e5acf348853c2fce98c5838ded9b3f017
ONTARIO PUBLIC SERVICE,114453.81,262.44,Environment and Energy,"Vice-Chair, Ontario Energy Board",1996,8a4103fe581ee027b8afa23804424ae65591455203216dd4be073140367aea478d531ebf82b67da69432d4d92ef5a795d0444a33777b3225e5a54fbebb259c60
ONTARIO PUBLIC SERVICE,128299.03,5476.35,Environment and Energy,Deputy Minister,1996,7affdcc461e25b9f04f6d5027c04d6804a43b9b24dafe555213bca4d3dccdb4c14384d18c839e1353663481aeebc44ffd751b4c82ea3aa9cd5f9245de9637c25
ONTARIO PUBLIC SERVICE,111625.84,183.71,Environment and Energy,Senior Review Engineer,1996,69319a567d1a91ed1318a448d5bf72de4170bbc3fdb993c539192cdd7eb6bbbfa97427b200f575acc8e0f8df57cddf289eaa0ecba971cf9cf80721159d04bd23
ONTARIO PUBLIC SERVICE,104981.93,302.88,Environment and Energy,"Assistant Deputy Minister, Operations Division",1996,2291ae70524279899f15123b66b122427746af5e347d808569a3acd2a0563260d494f0c66a66b40d3a548e3a05eebb3d8ef91da0b84d68d71a25c71aa43a4874
ONTARIO PUBLIC SERVICE,101221.74,291.96,Environment and Energy,ADM- Conservation and Prevention Division,1996,37260cb7997aa23674e4fe6d57a6d3b0aedceca5731f275f43536ec774c0516278691da992c77662edeb03c68b6a0642027ed9da181933abee4d4cbd5ad17a28
OTHER PUBLIC SECTOR EMPLOYERS,103975.0,385.0,Erinoak Serving Young People with Physical Disabilities,Medical Director,1996,ec86307e6d168371168b6cfccece23a8693bd6e9894a0edb0ec8cb061791bac3b02bee7f9c7de5cac2c93aec9f6355ca923943d89d2041074103dc6e47e1950c
SCHOOL BOARDS,102658.0,671.0,Essex County Board of Education,Senior Superintendent/Program,1996,d1028c4e38b1cb31555274571492bc6854dcd56d302825d9983d0b5715e01cf103923d3c830b5aaec8c220f6140a1d5ea10bf1e3c083baa42fd9afcbd4796241
SCHOOL BOARDS,109243.0,724.0,Essex County Board of Education,Dir. of Education and Secretary,1996,2c8836fc01a785de13a7873726ca370b0f83a435025bb043bb99bd5c3c5215076420f4fb9511a8d3cbacafa1cfa85fc4b6250b66ed1ed9bcfc0547995d01436d
OTHER PUBLIC SECTOR EMPLOYERS,152000.0,981.07,Essex County District Health Unit,C.E.O.,1996,14c45ddf16f5ba2971089eb4e64f1c23fbeeb55b0ae48b85c4c7e9f2e3e5c365006c1e5c7ceae7f74c54d97a718a7eb5422929381b5b5efbda55e6a29ce1c82d
SCHOOL BOARDS,102995.61,575.71,Essex County R.C.S.S.B.,Sr. Supt. of Business Adm.,1996,84bbad9d1dfcfde18cc072cbf0a5cde8a936ddabea38718dcbd40c86d3215c1add24e80898161327c8e625769957be0133d3715b4c1d95c6a0599af0531b053d
SCHOOL BOARDS,125250.14,500.6,Essex County R.C.S.S.B.,Director of Education,1996,12da799ce02706c555b5f7399c9a11fc091fae923921a20019c86966f187dda37a0ec8f7f371faf678a1754733a47a57edb60014f6527a1c49cf7ed069486f57
SCHOOL BOARDS,114930.0,3125.0,Etobicoke Board of Education,Superintendent,1996,1a41709712f88fd8ac1b518a7555d29dc48d24a7db9308f2e04f1819ed00bc527d67629cf0819cf6ed8818664f9ede660972c5df0485bdf9ff7b0dc059aff05c
SCHOOL BOARDS,104132.0,2855.0,Etobicoke Board of Education,Controller,1996,7ffcaa7b4578414e56f35e2b4c8fbe274716140f02c98a3067529a86a7b0758c3556da00b3f16c2cc52bfdead7f4aa120518992009671d14d299383bf7d6efcc
SCHOOL BOARDS,119925.0,2848.0,Etobicoke Board of Education,Superintendent,1996,a0af15fb999c9bcc7381c9b0630b6f91bc9e13a086be4208c187264570396a998c0f87043588b09d6ee96d8840993a3d8dda884d86effa816349256b0b801670
SCHOOL BOARDS,107394.0,3125.0,Etobicoke Board of Education,Superintendent,1996,74770ef3a86150dd005f2de2002087a030dda556d23572c9de4fbde2210228a50cf8ee7d335e307bd092ab336682bb4bc19f8843e3b727736d8239f62ba228b7
SCHOOL BOARDS,119925.0,2915.0,Etobicoke Board of Education,Superintendent,1996,ebaf4e5f7bf693109391f668f38b75f182c94174f646746b40c9fba0778ffbd16869510b7974762f131971349c1ce53299e15980aeaa434646ebb99e1f4acb84
SCHOOL BOARDS,133245.0,2891.0,Etobicoke Board of Education,Superintendent (retired),1996,bcb5ca8b975ccce073ec1790b89e4272cb65999a01b2c41d9bc52d023386868f6fdd812fed34a2c87c0985f183fc8470ff56a97c64dd2d8161a8ab47ea5f51ef
SCHOOL BOARDS,112060.0,3075.0,Etobicoke Board of Education,Superintendent,1996,ac467da261529130fe93fa99c6d0ec0b8b0be5119c1e04822399344e1289373c59e82c190e0f2ac287c89eef4a9d967ba109e4e4bd50c6877888d08c2c5c1d61
SCHOOL BOARDS,102719.0,3118.0,Etobicoke Board of Education,Superintendent,1996,0715327fc63a2196871c0c9f28a36f151a0fab53bd2f51a2516352a942082e28b0a2c6cc84db8dcdb3e88008f0636b4191f42d8edfbf239dff51c6c94e93cf0b
SCHOOL BOARDS,112060.0,3125.0,Etobicoke Board of Education,Superintendent,1996,f47aa6e021ef05d7c5d20039d3800e86c1e102e23479199df8ce7c9bfccf4d221027d8bd8bcf0bc4404dc14e151a95d2775c8ba3e5c0b9295ae5f27e526e94a2
SCHOOL BOARDS,141267.0,11390.0,Etobicoke Board of Education,Dir. of Educ. & Secretary-Treasurer,1996,10cb802f72ae350a44aeacb7df3c7f4f14562201cd0582018c940132edb6ac6c00e679fc245bdcdb40a819b03ca31bc50b8e3be4b2ffc269add6caa9ae4cd26e
SCHOOL BOARDS,112060.0,3125.0,Etobicoke Board of Education,Superintendent,1996,3b2e0d7ee0a542ebeedb38990994a66cd390d4836160dc010b0677ac772f09cea643c64b8d730e27b80835592ee984b0fccba6eb10074da76e3ed7f30f8db6d9
SCHOOL BOARDS,128346.0,3845.0,Etobicoke Board of Education,Associate Director,1996,a2421a7a55e9fd9b18f7496ebe78d35cbf3c32b95911438dd2cdbe2ca57dd9129515f6be5fd5842cb8b1b3ddaa0d044c22f6eb79bcb039fffc705d1df8f8e1ae
SCHOOL BOARDS,112060.0,3125.0,Etobicoke Board of Education,Superintendent,1996,88def043a57be4d08a1c1b53c8922f34e43ef91548c0130fe522fd259d2f89363bfa3bdeb12d8640a86eb6afdb0a51d7bed7d538c1aa16197767bca988121e44
HOSPITALS,105870.0,5307.0,Etobicoke General Hospital,President & CEO,1996,9e88b85fe056a1ac4d1c41e105921050d135ee4b564f2856216ea85522fb6e6ca986d450bf0119ce8a5a17bc8b3d2e2f88b31b20acd8465005f9dbedafd29a61
OTHER PUBLIC SECTOR EMPLOYERS,116371.0,1914.0,Exhibiton Place,Chief General Manager,1996,f7bf661d8be389b7c1968226943fc72a2aad0ee3cb232db02f5ab67690d1b3f2ad03418a47752dffb359ebd7bb49cee6153ddd61bb01c2d5385d43fadc863a66
OTHER PUBLIC SECTOR EMPLOYERS,104796.0,1723.0,Exhibiton Place,General Manager CNE & Program Development,1996,2968c693afbc4051284c398f586415c52ab3eb26112cc674a96afe08c739e4bc276e0e05657a52ad06539e5ab107d7f68ec1c2240705821bc3ff6e871b914db0
OTHER PUBLIC SECTOR EMPLOYERS,104796.0,2893.0,Exhibiton Place,General Manager Poerations,1996,25a52ad65def1e1dc456b65846a1f843afbdd2eb0fb838680cdce37a5f0f0a9031f341c4646b0f8051b417cc1cea054b1d8704c423584875b5c1552bd81ac8de
OTHER PUBLIC SECTOR EMPLOYERS,102128.0,6632.0,Family Service Assn. of Metropolitan Toronto,Executive Director,1996,bd72c3d4c668a5b0e8cd07051266ce811b7d822617f0c066d84c334b922a41558968abc66645d0e38edf42d64c14a8546479890ecdf735b7c56afccd614c48a4
COLLEGES,109234.37,824.97,Fanshaw College,President,1996,14012588a7be5d09f3b54014539b340b7c7a7ba3bfd374062e164d22624be2f70c138b1e6d79a99dae72e43ef3dec99c2fb963fb807328e566165c9a23c84c54
ONTARIO PUBLIC SERVICE,103652.0,299.0,Finance,Dir-Rates & Classifications Brach,1996,02d142b9800f8d1eb20d4e06b4acce92766b9e98b9b4ccb28d697f5906bb64fd86f5571c3e169c2b91dd8c2d6844cf46beca275b905d6d55fe62da1905c1b808
ONTARIO PUBLIC SERVICE,111796.0,322.0,Finance,Adm & Supt Deposit Institutions Div.,1996,a1f5eb957e22cacc4778ef3fdb04080634175c6aec32d6c0678264ad32051c8cb869a33fb615243ca138626a10a6e076abd0cb2926bba7e27805fef92871fb89
ONTARIO PUBLIC SERVICE,112414.0,324.0,Finance,Adm-Off of the Budget & Taxation Div.,1996,d56c7480f7c6acef6b2dbead235e35ae2a695e9c5c259f31d70e388270af83ba6bd2147674b581774294bc73a34a9f163d5afa9c9de887c2e3272959994f238e
ONTARIO PUBLIC SERVICE,103793.0,299.0,Finance,"Executive Director, O.S.C.",1996,8d4cb744dcdf872a97a92655e2d476f37011e15def7a6b7459231dcfe843f5fcdca6139e56a9f43247aa32cb75b6d093d0353a0af9b8c7dcbbed1cc123e4ec62
ONTARIO PUBLIC SERVICE,117323.0,276.0,Finance,Dir-Human Resources Branch,1996,a7c56dd84c323f16a7755345af1fd52d8d73819a6471a00d91de5dccf2e0b1fe7e611c706cce617a0b4c127ec0b19d46831ba1e42ae028cab307b6fc1124b40e
ONTARIO PUBLIC SERVICE,131822.0,0.0,Finance,Chair Ont Secturities Commission,1996,c799a69e392323355b4f191d3d3e80bd265d1a8ec0f33b3d427f8f640105c5ae4dfaa5080c3165548b3f01ccff72c9013d7df7490db49cb077d0e593ebab363b
ONTARIO PUBLIC SERVICE,138172.63,1320.61,Finance,Deputy Minister,1996,6d9b4668b7b7681813ddc440842129012983fb21313d11ab0314467a82bb1e86deb8f3f74b13ee56c05060b8c53791c2d6ccedcb92176a5098701248d5967e15
ONTARIO PUBLIC SERVICE,189485.32,536.78,Finance,Deputy Minister,1996,49e89c9a856e56229c71188ac62b1ae818bcfe4654f21dc402f054a01ac80e1b1ed29384d119ea1ef1ad38a34c117fea8a6c8948d743814740ab4427bb84143d
ONTARIO PUBLIC SERVICE,101603.0,1189.0,Finance,Legal Councel,1996,5a8264202a0e7bd0baca61de543a2b7872145d9232ba8ecc42a187f22d31d16cc4eaae7d4617b30b0426066e914abf944acbb7f96d14f98fb2753db5e18182c3
ONTARIO PUBLIC SERVICE,113436.0,327.0,Finance,Adm-Tax Division,1996,53f574b2cea9d4dc6dda4f432ef0c7f7fb87d4110ea5765321bbf6add7926ac874445a040eb5428a83cf7f9d80665a198ef8dd073068ce3a20e615080b75536b
ONTARIO PUBLIC SERVICE,108938.0,314.0,Finance,Adm-Corporate Services Div.,1996,bcdd660681dc6ed3300afac3526154b31aec33c75aba5dd15983f8bfd5098fa8176f97e7ed94e40c4fddb920b2622ba59a790ef2dbcfc33daa6348a610570de0
ONTARIO PUBLIC SERVICE,123618.99,8070.59,Finance,Deputy Minister,1996,27ce227dd15839ae797271800a9f1fb442028bd192fc1a62b067ca9d955b6c5121f5aac7665cd94052e361006eb4be6b98abef7e6a9e8f2a3609a1364a253b12
ONTARIO PUBLIC SERVICE,108525.0,313.0,Finance,Adm-Property Assessment Div.,1996,061d5a859351dcfd38cdaad6994ca6e50ba58a3f8a0ada13447bd1d63bd8d3d8d7518fea13e797349de9970c51db44bbbf56f4c46c8687eba3b63e4a46e6b0f1
ONTARIO PUBLIC SERVICE,114997.0,332.0,Finance,Superintendent-P.C.O.,1996,f14be059e9bdd7fe3396d9cfda1ffa388b99d86e947090c89fccc3b5b64064461cadb23aba83624149c38d805af9a077796ecf1f02ce5ccb8ba9bb7d0536a9c3
ONTARIO PUBLIC SERVICE,119250.0,344.0,Finance,Dir-Disputes Resolution Branch,1996,13e39de5d2f245e50050499da373069b4eb06308a8b7e96788f426626abd1d71902430665d4bb8e4895a820b019c45cea3224857e360a30ea0f54250d5aa22e4
ONTARIO PUBLIC SERVICE,123235.4,6480.38,Finance,Comm.-Insur. Comm.,1996,c03260be00c916db15020a4ca3f00ab9bc2d760253a2f5fd84717f9f7359d3ebc18d69b3fdf650189b425648d33eaca64360b39283377a8dfc1f50b220d7cdf2
ONTARIO PUBLIC SERVICE,169232.0,0.0,Finance,Chair Ont Securities Commission,1996,3cf7eb7de5f6e88336917b4ec8a23ee3fb57add249cc12deaae188ee82ccccc2fac4c0f224a3546f9bc61e048b35148a7f15e006396472ad385bdb43bdc6a973
ONTARIO PUBLIC SERVICE,103484.0,286.0,Finance,Mgr-Filings Team Market Oper. Br.,1996,3d44764cd32cd21fb6c6dc7ce44b446cdb2b431d9dc754ec5170ddda0e24635adb4f703b17b0b3350edc5e9c40b7355209437d45371f09a2778245070e2ce594
SCHOOL BOARDS,103860.0,218.0,Fort Frances-Rainy River Board of Education,"Director of Education, Secretary",1996,7ce6f8c293806e8d72d9011f13ba49d18b534862f0568f6e9e9079fae4c0acafe079838fc81d1084ef9a217d0ede82748741c8ae0cff5f8394e4e85b27abb2fd
SCHOOL BOARDS,105799.0,514.0,Frontenac County Board of Education,Superintendent of Education,1996,2bf0e167bb912fa08538a7c8889f30b5a356b20f68d3dc9fbe7d21d1b40d7907e4cccfd4f6a48c57ac3842dc00a68b13dd3ec1eba111c422d4f2ffc752268ee3
SCHOOL BOARDS,114383.0,514.0,Frontenac County Board of Education,Director of Education & Secretary,1996,727f0fedb7b6adb1b295e558d217cd1630f016822c10b104ec9ed172714b4c2046b88e98e618e99d8d520b48acb372c752d6affb86f6b64b3b68af6ad4975037
SCHOOL BOARDS,105799.0,514.0,Frontenac County Board of Education,Superintendent of Education,1996,0a7acc1534c39a8abb1b7649941765919200f783809524612d7bad1bfe6366569bb66afb15a51b6dac8643e8f8a2b38c69f8c5dc270520969add5f43dfc0d708
SCHOOL BOARDS,111275.0,0.0,Frontenac-Lennox & Addington County RCSS,Director of Education,1996,846c8fd195720cbe61a8c25e9130c7f3ea2fb08797603b863ce67e79a8974b9339203c1f23e616eac2fc4d6948ecb3f720f117a4dd03fb374f18d94661e66e05
COLLEGES,101699.92,712.32,George Brown College of Applied Arts and Technology,V.P. Academic & Student Affairs,1996,d438e6b64a5f6e8afe17355549e9ee639e8114a2bc123175a847437f073c7977cb5646964dcab1ca0418afa45b88e50cdfc31126a0567878606fa33a26d8ca6c
COLLEGES,138776.15,3897.76,George Brown College of Applied Arts and Technology,President,1996,4926c928dc1b3b9f99a41f066c1afbda2fd224cc792ffec37784a9dc8c5fa4b1aadf57e2b28625fea24a932a12c388cade727ec0b5ed0d67ef448e3821ae00d4
COLLEGES,101530.92,697.44,George Brown College of Applied Arts and Technology,V.P. Corporate Serv. & External Relat.,1996,86b335a1a00c933e412ad680571790e4d23cbea144212f5f29f94571bd45cd7a920ab221b891896b4cd1bf808087ec4a6da786e861e835c81a78e4d9acb650e8
COLLEGES,128014.83,13564.39,Georgian College of Applied Arts & Technology,President,1996,8786c7bb04bf40551dfdd106a69fdb84143d4ccda0ad67731ccbbe1cce6323979d4d3c56369c84dbf696ef137e9d4ed98c7acf5f6651d11f9408e7040554a298
COLLEGES,101129.49,401.61,Georgian College of Applied Arts & Technology,"V.P., Academic",1996,ff5884efe75b57ed706cdd39002e6712d82ba76f3915f92af3f2a6cd4a03ad8e186e2cdca601a0a8278de8e4cc855e1ad2b8f109e709feaec7b22c8e8ed72e71
MUNICIPALITIES,102711.35,6312.26,Gloucester,"Deputy City Manager, Community Dev.",1996,077ede9f00990967b93876e05d9325211b4f51f24f7409d8707155628b908bbd1c6ea966c71ee21991065d5ef8cb6202d4495b7ee0cf67bfa714314b98d6f1bf
MUNICIPALITIES,114498.86,1312.2,Gloucester,City Manager,1996,9e607e60b4bd683225cfc059c31469645f9f5647239f20c2ee30c57a3f98d1795c920ef7a4ca0395f4cfbb380861bf4aacab51c37b5fa44325de77c620a0756c
HOSPITALS,138177.0,706.0,Grand River Hospital,Pathologist,1996,1c47df97fba0adafc1a5b433c310cd2134ba532be0579c56926308fa94740bbdd42ae9e101fc13b4c891ddd2253382f5aa412df0ebc1f15fed429951f07a8c4b
HOSPITALS,134763.0,8427.0,Grand River Hospital,Chief Executive Officer,1996,9672693136f2fb3e7dee41beaa4675f72183e606112771fdac9743a34856df337b257d00d3d993b61ef0bdeb7c4f49460e10c90c8b5f0ab41ac1542167f6b63d
HOSPITALS,166679.0,855.0,Grand River Hospital,"Medical Director, Laboratories",1996,49f959ab26a1b854a5b98df5978248000761a868651ab054dd955f5c3cfdf95ff55fcebfe8c34d0359d92a7478aea7dbfc0afbb1d420a47e8c3f4c351b4d135e
HOSPITALS,181707.0,715.0,Grand River Hospital,"Chief, Department of Freeport",1996,84d8a9664bfdcfd5da4be5535bb72ae4cb7664b3c708c22a0dc48e22a2ee08ccfb705328375dfc7c09563c79e66ea81bb3d833b657cceb9463b88ff47c5178f2
HOSPITALS,110673.0,486.0,Grand River Hospital,Chief of Nursing/Professional Practice,1996,a3cd5f22406f2a2cfc842f481728ec1ca99c795f8992588c9f4674a88de4a838b8d571dbf0725ce16cb078f96bfe193f985bfc8e14a9c37f2f5d8aa1e6ea0128
HOSPITALS,138019.0,706.0,Grand River Hospital,Pathologist,1996,dfd03dbab0e3770aad5b6c442463c00378499dbeb30feaccd76fd111b42d4f948394a432c85af72ea96765aae5db3ce0da7ec2dcb09baf91256b96b1827aa5b5
HOSPITALS,153000.0,783.0,Grand River Hospital,Chief of Medical Staff,1996,6955a2dff25c0e03b98a64d96b6145eedef887ad231be6a809140b771636dda73ade0ad319bcbcab884ef8eedcc8b1437ad0ad0a78d185918544afb9daa7f9b5
HOSPITALS,116615.0,512.0,Grand River Hospital,Chief Financial Officer,1996,6ed6d4a5d26816fe73d38c585a2c146ab07b07f87930e7552b02e95479bde4b07e8827955d6faca9b587f4d302a0958d630ecfd62ff71879742023658ba100b5
HOSPITALS,105785.0,471.0,Grand River Hospital,Chief Information Officer,1996,c12021014ee9e199cab3a5a28fc065a4f8951596e7ac15575167c4d15c0ecaf9b4bf8e26825a57824b1bf1bd372f54f2ebdd2064bb3ad891cd4767c4b335ce20
HOSPITALS,111787.0,478.0,Grand River Hospital,Microbiologist,1996,5908cf7e80c0be383ea70a677195273b354331c7cb8dc64b0b3db2d051c3ccec6b01d33c902a99e3ff3f31daa7a59dabc4ad1b5c72f34969b27d2d91553b017f
HOSPITALS,119035.0,589.0,Grand River Hospital,Chief of Human/Organizational Development,1996,637269f0d812bb32cc39187d3102b209a55e714c51097fcc2d5f82f0ba3edc001e810e66711609c6bac55b09a93c0da3548db32e97f0f7b49c0cd64a99ff162b
OTHER PUBLIC SECTOR EMPLOYERS,131365.0,148.0,Grandview Children's Centre,Medical Director,1996,933aa409441a63ee32cefde7dd72285f30ff19619f3473fed8269d65876f02c81860e39fbe3198ee7d4a37a679eaa56b45f3e1b8a94b1f8e6f902f149b5b4a79
HOSPITALS,116485.0,666.0,Greater Niagara General Hospital,President and CEO,1996,958020a37aa5dc24c7a3521c90c70633e043f5a24e0532be9ebd884016ca21f02e93d62945952e9fbccb1cd75a43f42eabb188afc35d1476468b932a7da075be
HOSPITALS,148416.0,851.0,Greater Niagara General Hospital,Associate Pathologist,1996,90cd4a5ae86e145b92cf121acf6b64eb0b4ac6c3df770c6be4c37fa49de0efdfae7cb53e67e0c1ed2a49026aaaf852c104e5dd958ce58c2aaec974c692ba71ef
HOSPITALS,185505.0,1063.0,Greater Niagara General Hospital,Pathologist,1996,db19ad6e787d304678c36fb9d1d5111082d229563d61fec5a28b45b98edc05f21dfa6a85a9422ba327b7acf8e19338bb6684957869b06cedfd3c7e947c12128c
SCHOOL BOARDS,107648.0,704.0,Grey County Board of Education,Director of Education,1996,13124d4c31890c75abc975fe88dfdefd1990cc0b6f23516056f07f2323ede9c01a1d057694d395a485f268886838ddc50d6dc18db51079787d7be96caa7c1d99
OTHER PUBLIC SECTOR EMPLOYERS,125425.0,7273.0,Guelph Community Health Centre,Family Physician,1996,1c41e87d9b99938ad425ad2c7d3f65d4e2543d7d878775d302e20cb0f19abd705385c85e73aa630a849aa3f6e6343e9cbe5b9d0edbe91ba0becc4b8d987f00b6
OTHER PUBLIC SECTOR EMPLOYERS,125425.0,7654.0,Guelph Community Health Centre,Family Physician,1996,3a7695c869094462f81660f41d930a6ef839147b39165831f066b4ae662fdcdb3e8d7880f7e22bb4fd81be3eae14797b0182f03678cadc5d3acecbffc51cb27e
OTHER PUBLIC SECTOR EMPLOYERS,125425.0,7540.0,Guelph Community Health Centre,Family Physician,1996,1ccfb368eefeb5c390988e64abc1ec901e344629281d58d9a226f19ca78f0989831d9f256e7eeaea4335f997b1a5d67eaf61853e390d45d0a90aa7a180f8276e
HOSPITALS,113339.0,1690.0,Guelph General Hospital,Chief Executive Officer,1996,ce0e0ee72313937378593a1b0eecc9e589b068ed58eb1ee7f0ff47974db1fd00861efd7a723616d1ed461b94f04b67b5dd4aa86998bcb0a33ac82f966e18975a
SCHOOL BOARDS,107575.0,487.0,Haldimand Board of Education,Director of Education,1996,720ff9c94da1ff2c94db3adb245ec313f45621cbddcab7813318be744eab4bc67d71c8be5cf2a1740100825365eb58118054a88b77c1a79c2d7913b788fd02b7
SCHOOL BOARDS,107149.0,540.0,Haliburton County Board of Education,Director of Education,1996,61d0cf91a215613a78b7e8e10f7040ae7249e6eff2ca298b2acbbf00f3490b0115fad37ed9625f479d7b9f011649e36e9dec5f8264bbba10e36be82c1e53fc73
OTHER PUBLIC SECTOR EMPLOYERS,151134.0,170.56,"Haliburton, Kawartha, Pine Ridge District Health Unit",Medical Officer of Health & Executive Officer,1996,ce74c565362e45b3faf82107f724705765b0709ecc7ed21f33f68202ead3bf449a749ad0341639b501648899f2f1e8ebfac6852e86dfde378988fce8790965f1
OTHER PUBLIC SECTOR EMPLOYERS,103473.0,170.56,"Haliburton, Kawartha, Pine Ridge District Health Unit","Dir., Dental Programs",1996,5d6cd9134e48b7e2b254cab56dc19e4b6c2791a7beb946968071788e42164fc79fa65d37283435a58b679275b43dc4610b79ffec788bcf6212864d5e5cc216cc
SCHOOL BOARDS,103745.0,3116.0,Halton Board of Education,Superintendent,1996,c232184b88a1c108ee0dcbee4f5e9cfcae2e60229efb49cba37a38f53982ab4a1d2e76e6ffcb29659d2711b2c757b2fb301827f6bdf8401cfe7e54569eaad5a8
SCHOOL BOARDS,103745.0,3116.0,Halton Board of Education,Superintendent,1996,0545836073ff8f5d545ef6d130b3ae0d1db69393cb00f191ff1aa32ac16386ec245458ee9b6bbf6709cb1fd8910f889e104603a0e5ba501157469174cfea3a9e
SCHOOL BOARDS,101151.0,1516.0,Halton Board of Education,Superintendent,1996,f8525b6d84af863e3638149c7b7d97055c655620716f288852501f5c0d726dd5500157070514634277d8269a4f8876b8dc496274fc3f4d026a3a82383dfb706b
SCHOOL BOARDS,121036.0,6116.0,Halton Board of Education,Director,1996,d17b1d51d47ac914a4be8190f1015412887ed08151f1dd18d479df0b9e027c775873b81781f6758eb5e0e0589dbdec6f7f3ed7a3bd5304e2166aeac1e765fd6b
SCHOOL BOARDS,103745.0,716.0,Halton Board of Education,Superintendent,1996,adc7de7b29a7abe6e174e625e89f9e78cb6565fb8f5c69f340eddb7e39b3f4dde210e26ec4f8fceed93c5fafc95f7529b27289167253169c6790268cc4e50fea
SCHOOL BOARDS,114117.0,3200.0,Halton RCSB,Dir. of Education,1996,a14112724461d8df8b4d35279326321923517abe0c0006e995701776369e2aa388dd8e588cfeeaf1ef65f75908ef0717ab6183b369c896e633a685f1b7fa9174
SCHOOL BOARDS,114999.96,1984.96,Hamilton Board of Education,Dir. & Secretary of the Board,1996,17bca49d60a539f1eef90af6366672b5ee832035d33212850bd32d51855f8fcb74503a3ab861ecc600789881bd49bb920f26a786230a1c136015ba05c281b883
HOSPITALS,126137.0,9255.0,Hamilton Health Sciences Corporation,Vice-President,1996,18ab0bb26bc39b6af82194091e5c37add9a72783664cc4404dd4976d3573f1df5c6d25580e37c941b73cfa6d0cb3518d23655990c13ccc8923a3be34600e1731
HOSPITALS,146827.0,8077.0,Hamilton Health Sciences Corporation,Vice-President,1996,2490df43b8a0cdfaa0067d9d05eb7272fd53accb7c8d3e1cc8701c9ff04eec8c4b409a6cb1b99661f9eed0017439d8bdaea072ac6a0a6a4b9529e9e40582ee53
HOSPITALS,159522.0,931.0,Hamilton Health Sciences Corporation,Physician/Laboratory,1996,0724e85e22a5f2ea3309f30bd10b16c42fe42d95f7dff090664eea6568126357469b263e6cc41fd96501be29df9552c8c6d217e8b9b11b6aa7f9efeb275950ea
HOSPITALS,185615.0,1010.0,Hamilton Health Sciences Corporation,Radiologist,1996,9397172093163afb6c115f5a0aad36a522a125c9471bdb71141c73f3c8317de43b255867ce6c31d8203f6acf8ba77a296f77e116c3961f6de0e87ac189410e15
HOSPITALS,127759.0,10861.0,Hamilton Health Sciences Corporation,"Dir., Human Resources",1996,365d19fe2e2ffcb7ff078fd62836263bbdd4e26ff421cfa369d0f10f290018f35d36812c8c74422992574b1ef496f161421468248e0c4183801430594dd4937e
HOSPITALS,108348.0,461.0,Hamilton Health Sciences Corporation,Physician/Laboratory,1996,870a7bf723000c0885d1d11ddb10be8f593b9f7286a46ea87430bad5a5a15d480d4a75168dbafdd5926cf70a706f500e37ded8c0c536d300064e9b4106ce4d6e
HOSPITALS,132098.0,294.0,Hamilton Health Sciences Corporation,Physician/Laboratory,1996,5e1032cd5ef29fd76586ef8e38b490f475ed8f240328de094a160539032c92a6a65f017527042408ca13590a3a8b99f7e1c1ec0ff0756d47fc94f6b5ac073bc6
HOSPITALS,220314.0,1010.0,Hamilton Health Sciences Corporation,Physician/Nuclear Medicine,1996,5949f41c4340574adc81e2a4d0d4505c822fad97c50cde7dc3ddbdb0bc9ffd618c188989887ef335d8c08f03664516428524e754829f96eedcb36eeee31d2b26
HOSPITALS,195269.0,1010.0,Hamilton Health Sciences Corporation,Radiologist,1996,aaa968c79205bd4a08b35f9d39edfb56c32623e7ed8be733871a81f22f9b06683608178e96b91947f90012a63aaceecada628d4f97769a48ce8de0b5e9a0f4ca
HOSPITALS,154443.0,915.0,Hamilton Health Sciences Corporation,Physician/Laboratory,1996,a3a72ef3f116b7864e8c1aee3e81fec09a766da249fd215a1377b072dfa05c91577371b7dbea7c52bbea25e99c674277963d3b39409a9cbfea97b214cf6ed782
HOSPITALS,151728.0,338.0,Hamilton Health Sciences Corporation,Physician/Laboratory,1996,7ea9ce169af066a7e65d648906efd3c18ed111707a1e71e5dfa5470bbe9604034ac8f6a947883e146812cf0b4dbce257790e539e64856532f8e971aa045e6aa8
HOSPITALS,122320.0,272.0,Hamilton Health Sciences Corporation,Physician/Laboratory,1996,34319c66630bc4c378f7866b54977509c53ab48ef9827b82c3928de419979372cf85f014bac2a76818f613ef718465af5ecf1f14ba2609683b6c27aaa6adfeae
HOSPITALS,116624.0,691.0,Hamilton Health Sciences Corporation,Chief Administrative Officer,1996,4afe5191935bc961d9e9360027cf95b5b607798c43b48231214e02d191b305dd57bd56e906f19b52d75bee25ac688d6f1887f516c4cde7eb91d776d66e4940c4
HOSPITALS,155312.0,345.0,Hamilton Health Sciences Corporation,Physician/Laboratory,1996,84bc8619e91a028312004612f2bb7b2e67c839eef8d79fbd65c665e122ca587a13d93e0debec6706d2b94e709421ed202cb56ed0b285c6883ff6821677c1b79b
HOSPITALS,134050.0,298.0,Hamilton Health Sciences Corporation,Physician/Laboratory,1996,8db86b7646b8590d470f1b7aa91653026f97c7fe6dcb5f57d8498d9e547e787398060736738a79de682835ab7fd8411af08f6b08b9ee6518a9dea9bd7a5aac40
HOSPITALS,109365.0,8544.0,Hamilton Health Sciences Corporation,Chief Information Officer,1996,28b4089391c50c6b1a75a0366f59dce564557abaf467bd803f4df32b06324a831e2e712de2eb9433ea5d572f92ef2e31f71ae109a373e153b5d5ca10c7740cde
HOSPITALS,112404.0,6960.0,Hamilton Health Sciences Corporation,Vice-President,1996,f38eaaf05e94968ef754a26793954190faaa468ef0b069833e3f8c5a45c076a7d122ce9d8d745f2a5921ceeea8191fa001b04fb3426a4c3ae45e1754bd8e2a80
HOSPITALS,140878.0,808.0,Hamilton Health Sciences Corporation,Chairman/Laboratory Medicine,1996,34998efa6aa53f611dbaa746965fb3d0e1c22465119bdbd87319c0e379ae736f96cd6c741f844e63c3c3f0b890cddb48299461c2a4dfdc6ad94fdddb8692965c
HOSPITALS,115000.0,256.0,Hamilton Health Sciences Corporation,"Director, Clinical Trials",1996,d2441d55b4d72f0e8ddc6f9522f90cf053451a00210e7a9838ecda6109ebd1fec091aae1e4ad380f2e30e2930dd6fa9493ef3310481a718b41338ac3a3d51279
HOSPITALS,195385.0,573.0,Hamilton Health Sciences Corporation,Radiologist,1996,74257c30c8ae8376f6c3f81b8fd8d46e96f2654252a21e19e4a9e9f399b307c8b99779c48461b63da29ea3b3d19693f85355e692e9ec6cfc6f8aa026d5052bf9
HOSPITALS,140584.0,9787.0,Hamilton Health Sciences Corporation,Vice-President,1996,3d9f6826ed0d0b052d8fb19f9fcd309a281ff5d2b567b66e2e3fa0ac0211070b2dcf39b6b77ece42679ca2c048f0a0fa8153bcf3b282efae1ed43fd6d9ef0ef5
HOSPITALS,149135.0,7307.0,Hamilton Health Sciences Corporation,Vice-President,1996,2ea28a2bb9389d7fcd9fdb12f14ae7755a228fa7fecd04ca5cb1951afe72ab4bb389bcc02c6e05a4c31d87d683ed30a172c13f95b51c86bf94f50058614f5f58
HOSPITALS,115337.0,684.0,Hamilton Health Sciences Corporation,Physician/Laboratory,1996,35452cded83c537c084206236737e6d6186936fff447435f42a269c4b85eb09aa6bf23b1dfb4a883caa1baad5ccc5d4140ead93f592ac74c908e8f479f6ac094
HOSPITALS,108606.0,663.0,Hamilton Health Sciences Corporation,Physician/Laboratory,1996,44764268af247bb20b5b9240b45818e9242133742f324fb2f9619e31d92b1d34c24d6a85fa9fdcab93a06a48249ad4976e2e7b13b6c2cf8d92a274c5ffc8dfea
HOSPITALS,110746.0,656.0,Hamilton Health Sciences Corporation,Physician/Laboratory,1996,99b37a09c263b233880e62714b60142126fa6dacb1e134dcc71339b87b9b39238150bd10c1fe66ed1eed0395d1878eb3d7a95c0fd853376a0404a77b1a0d48c9
HOSPITALS,123500.0,275.0,Hamilton Health Sciences Corporation,"Director, Research Centre",1996,af310aeed31cd8e673ee30691f445abcfed70053791455d511f0e5d24399ecf0d50745a0b2144a796a7969ba325d6043d4720b469bdd0ff5ebecae9e98a4b954
HOSPITALS,127578.0,284.0,Hamilton Health Sciences Corporation,Physician/Emergency,1996,747e9210f3a10928905c000f421a7692fa1f573e3d803b585cea470527ae96fd437492dfe1a64e4c58b2510db8a7a6ae823b25180c052c0a92bf8b1def514f60
HOSPITALS,341897.0,11174.0,Hamilton Health Sciences Corporation,President & CEO,1996,9efbb4643b28e523ee2d929399dc7c544c4dd3b6945415c445cb2fd171ab182aaecf4960507e9586691521c94faec52bc8aceaf724076d8c5187e0a7ea3954eb
HOSPITALS,104271.0,232.0,Hamilton Health Sciences Corporation,Physician/Laboratory,1996,acce4c1f2bd0f289353dfc177d9a8fbe971fb6525e47dafc4c3144fb1c9418d58400ec0e16741bec90ee18f76e9b99fc9a24226dfd975c7fadfc76f2ca3ddec5
HOSPITALS,146438.0,326.0,Hamilton Health Sciences Corporation,Physician/Laboratory,1996,f1a7025eacc8cf45be55e0fb6d91b05e297a33990b25afb6dad1e5d3965deb10e35744548217f849bc151657d0098657145473663debbd5b4fd66f299cceb3b5
HOSPITALS,108468.0,347.0,Hamilton Health Sciences Corporation,Radiologist,1996,c8d9cf303e4b340410070831ca74f7106d1f49a48e39d6136e39a5fd4fd2a0cdacb9936bd68395aff6ac1e885248aee31913961f89fc705ccc231dba5fa35309
HOSPITALS,143898.0,320.0,Hamilton Health Sciences Corporation,Physician/Laboratory,1996,cbdcb934c5aeda2a44b83748bba0433fc6149b11607d2225b66187c7b1ecd409c339ce6a0d0b2b8a3e1ab8d40461803484b824891f1b65e5960329f9ae3fb460
HOSPITALS,143595.0,319.0,Hamilton Health Sciences Corporation,Physician/Laboratory,1996,0b1bd1afc3f726281e84555345848c722ed8d6317f3f184af936403ea81ab6b9d4bfd204cc2d59aaf1e19a384fc455abcfc7f65632268e03c83332ac73cbe417
HOSPITALS,122320.0,272.0,Hamilton Health Sciences Corporation,Physician/Laboratory,1996,5e607d2c04e932eec61cdb37c54a4acbc9708688332d5234b243342649a8c1a9157049d02be00fd65a09523e38bbc3bf3843ff8c506e7fa14c9ff4c7d32baf3b
HOSPITALS,175794.0,391.0,Hamilton Health Sciences Corporation,Physician/Nuclear Medicine,1996,c67a1998ffe967993dda2dcb906dca70445524e4af375102d735e630f7e4619bd2e7144d5184d97324edd8faa24a980dec908dfdbf970bfa2fa994709ba7e513
HOSPITALS,119257.0,8229.0,Hamilton Health Sciences Corporation,Vice-President,1996,562976954e1d3de1f746bbf7bc9b726908b74839898ce673f7e345d865541e8047a02686c2db6f2f1612b77e7a3fba0bdf3c99aca80438b8ba7a35f585b931bc
HOSPITALS,198720.0,7123.0,Hamilton Health Sciences Corporation,President & CEO,1996,9e73155e97d9081893cdfdf8fbae9bb1466c4ff838355d9664a0555ecf1fd29055d4386dc5154773c8909ef087cd2699de702f36682712ae457191935446f5bb
HOSPITALS,128066.0,285.0,Hamilton Health Sciences Corporation,Physician/Emergency,1996,728f7e6c12ae468ce23f8a77b0d93358b0a09aec310182794882bd8c9318fd7a17b8ed9a90e47ca06b425372542490344d364944942628eac116c8665fcfc769
HOSPITALS,168592.0,1006.0,Hamilton Health Sciences Corporation,Physician/Laboratory,1996,c1a5c33a3a185f0c279e9e5fe58d047c6e618078ad7ef85f94caa86493e897f6cf2fc426f6c964a8df011bf742a209155e7e23a98327e83ce3423ced4120711c
HOSPITALS,159972.0,355.0,Hamilton Health Sciences Corporation,Physician/Laboratory,1996,2823bd188eec5e94e1e7086206e3f30306d967e64506c7ee548f3bcb6605f3982ac13c6dd2d00423b1b7f70da7e5f8671b8ad3eb02b3622e98b20095d7bbaece
HOSPITALS,126800.0,282.0,Hamilton Health Sciences Corporation,Physician/Emergency,1996,4fcb6f765676e5e31169a2da724955a0b7cb4f8d65cbd5a3d6b8d2ff08a64ac04195d1f17c9b2e2ef385d61fe7793ed2dd86163030cd80b420357481aab9024e
HOSPITALS,185615.0,1010.0,Hamilton Health Sciences Corporation,Radiologist,1996,fec27a1de8b09457a8a448a2d55b3990212624d5748c98f22eb30f54c471fdfa67fd2579b9ad9e18625b6a2659a1ca0d0fa80d6383751c8fad9f755d72533eed
HOSPITALS,133277.0,812.0,Hamilton Health Sciences Corporation,Physician/Laboratory,1996,6bf82b7ccfe9936db416fc5c52a0c307e6cfcf0c1faa47cd3b3e66d8c4a042e9dbcfd8540f3a567e4b1be8cb02c4d57c33585562c363efc8f40e2e53310f1a66
HOSPITALS,115512.0,5253.0,Hamilton Health Sciences Corporation,Vice-President,1996,340f7d87d0992e7ad360dc8ccf14f1e093e5fd9016da89a0f8c49b079ca5f83597959002c3d60269c26039946ef03104cac932176eb66d67503c540e53ba98b8
HOSPITALS,147526.0,879.0,Hamilton Health Sciences Corporation,Physician/Laboratory,1996,e3bd41454e62342d5239bdb6d293b1449d8545dd481e73f20c69adb8a84eab786b45d9f78a839452f1d5f1a96d5b6bd405c804559470b07d062894bc687edf4f
HOSPITALS,117656.0,579.0,Hamilton Health Sciences Corporation,Physician/Laboratory,1996,baf628b90e153f649124370b3790734b5a58dcd8d035407b3351bef90cb96f7ee5e85ee3ab781eaf1d89c5d49ac488840f927700b73ac20c406f05fc2368cd1c
HOSPITALS,115337.0,476.0,Hamilton Health Sciences Corporation,Physician/Laboratory,1996,a14522db17ee8a4046e72c985207db914ab2b748542005c432a799e246902dcacfe3ad33d391a88f9609d98e80b0fa209f3bc3c0b8df8eb019513bafe4bcf030
HOSPITALS,138071.0,307.0,Hamilton Health Sciences Corporation,Physician/Laboratory,1996,3ff969e8757f44ede202a421a5211dbfa8474e48c7fe09b9e249eab7f6f6d8bc830378baadb899fc1194db485280bad737f3002f7b5415bc732cd6e38a041fb8
HOSPITALS,173701.0,0.0,Hamilton Health Sciences Corporation,Radiologist,1996,f2caa920415067d4a50f46955c5d171619771cf3f8b3f6c6c557268ed44f7afec9ae72f8c702328a0752ed982c1bb0167c9c058475904515b479eb58efd83349
HOSPITALS,328351.0,30158.0,Hamilton Health Sciences Corporation,Executive Vice-President,1996,72a990d8739b597a433fe1b338bda724b21a26140056a21181b2e33f2b429f5bd717965bd91c3767b031a00638432e8818e8996786fe3cd9495ab840aa03253c
HOSPITALS,177682.0,1035.0,Hamilton Health Sciences Corporation,Physician/Laboratory,1996,e2a4d9470050c3330f109ea7c81b8e21b2236ffccb64e202d731c8ed6790870d1204df4bc44c700bd29e27b6b9df6359c7203ccf83bf5a40fa3c414306a5544b
HOSPITALS,147073.0,873.0,Hamilton Health Sciences Corporation,Physician/Laboratory,1996,09f993e87b2fdedd7ef6063f1e72f12b43425653584b5671ee64fe904f1378dd32bba7dfa692d1018c62df5f21a310d67373f08ee2cc06159957d27c4bdf04bb
HOSPITALS,150788.0,335.0,Hamilton Health Sciences Corporation,Physician/Laboratory,1996,673af8cf9b7264cfdf09f86e905f8458671c2a2798ca2ecefac8cd0b94507ed5d312e4ba9f3e167f224f3dabeb212ff99425ba8992839e7855ffe8aaea97115b
HOSPITALS,137619.0,824.0,Hamilton Health Sciences Corporation,Physician/Laboratory,1996,c9fb70ab91b6c4271ea66ac3957a1ccd748e267513d1f6f5f6b1d3c3c17371b8fb3830ad177bdd26fdf1786d1453ef21f1c014633d4fa2ede76aa99d41d9d66d
HOSPITALS,140584.0,10700.0,Hamilton Health Sciences Corporation,Vice-President,1996,c4aaf38cdf05f6bee3372dbadc58a4c0cdeb8a23c30907601564c6a077eefbc40e822b99a724ac7e85cae5dbcde858d225354b191d4bf36803322d365f88fc74
HOSPITALS,208487.0,1010.0,Hamilton Health Sciences Corporation,Radiologist,1996,bb0c2d3d1b0f1957efe51661444d0db2f0fe69a531385c801e7708d69b1188f9b97684ce2ed5ea426e1f2aee323c98a8509b2a437f915af1f19877bcfe133d4d
HOSPITALS,205992.0,1381.0,Hamilton Health Sciences Corporation,Radiologist,1996,9b4644fb0e909ca6b7f59b627bf71bc2548f135b286309feec62c5b27ec358762d5bfa28b827ef0f07d8bbced8e4d278cde2c87f8093604b0cbb1d02b75f4645
HOSPITALS,111692.0,73.0,Hamilton Health Sciences Corporation,Physician/Laboratory,1996,7e7c2a28aca6713ea31c70ea84d22bf064360ffb37cd0a8ad47766b59afff875869cd4e31c6366846a6a2d93ab0ce5a25d5df27bb5c6a64a2d115a27ac7904ed
HOSPITALS,117777.0,261.0,Hamilton Health Sciences Corporation,Physician/Laboratory,1996,60b93876eeda5190ce364d322a9b5a904fd61f203a772b768daeee708b5701d8d9d2513f2fa78957330e95e07aeddb5e8aea8116fed16928fdc9115486e265b9
HOSPITALS,138040.0,6794.0,Hamilton Health Sciences Corporation,Vice-President,1996,9b74a79371229c19551fd26a1a0c04956c502cfa56405b0cd15f2bc5f12ec9d2d07e08b40279631ca6af3e2f6d810714f155aba77207fbec58dccdfaca26a2bc
HOSPITALS,154416.0,905.0,Hamilton Health Sciences Corporation,Physician/Laboratory,1996,d74a5fefb7f71e2ca1b15ba91d6ffe270e4700655de6dbfd0936ef3392e38e7f38c7d8ecba4ab335e794b24b8c5096e351d5e032e38c58c6c8b7a555b81536b1
HOSPITALS,155017.0,345.0,Hamilton Health Sciences Corporation,Physician,1996,a7b5fcbdbbbfbc7c3d0d02f214f6a157974795ac666a2550008a990d05aa97464afb3778b2586fc25208a2ac62d4865d9d224cce3e37e110748cadbd4e559782
SCHOOL BOARDS,113201.0,2465.0,Hamilton-Wentworth R.C.S.S.B.,Director of Education & Secretary,1996,de597280c295659302b5f9f60c8c3d25c17091cc21dbed3e4cfb4b79c4c52a540154f0da5328a8d4ff92fc9033539888df4ecaba055065ca127b5b944873e4a4
SCHOOL BOARDS,101446.0,581.0,Hamilton-Wentworth R.C.S.S.B.,Superintendent of Operations-Elem,1996,2364d353094b0f87bcd32f6c121619dd438493eee5e63562c2dd3fc3a6828ad0faf36f1b628941cf389196b7f90f9a4def7b89e7130a4a82b178e6c075baf23f
SCHOOL BOARDS,104449.0,581.0,Hamilton-Wentworth R.C.S.S.B.,Superintendent of Operations-Sec.,1996,5dcfbd0f8d432fceb3a8aa8c073bbd73cbf9328cea17157bdecee68724d863e031f2650fad6937a9f96a4fb989cf918cf917247516addac4762593af48a07ad2
OTHER PUBLIC SECTOR EMPLOYERS,134889.0,441.0,Hastings & Prince Edward Counties Health Unit,Medical Officer of Health,1996,706e1becd929ec1d73107868621f9034c080b3e984ca356769cb248998aa1ab28497e3f737c4b6b4dca3e872e6b88c1ec6db9d718af2fd873b49c59567b43ae6
SCHOOL BOARDS,103845.03,256.8,Hastings County Board of Education,Director of Education,1996,d310e7cef48e5e92b459445dabd67a8b39cd9ee0a32e5aaa1a1fd8f7cfac2b3e031239c28fbc59d5f5560ed93cee499f3ff82bfc6690310299421213c7b501d1
HOSPITALS,115500.0,632.8,Hawkesbury & District General Hospital Inc.,President & CEO,1996,cd90557b76f0147f67a06c937ba49dd881cb32c5b65e0c662b6e77a5a3214db928175062b587ea751033090097f53cf6bbb311071940927089ff2bdcfcf95e5b
ONTARIO PUBLIC SERVICE,154883.55,0.0,Health,Contract Psychiatrist,1996,0d7c06e14c152b184836d4ff9ce4f65b3e6282ad4e75a50f5d1906857fecd1a00205ce80328c113b4d3047e25dbde3b3c8c24e975ce49814cc825a0d4e24e012
ONTARIO PUBLIC SERVICE,126558.86,0.0,Health,Contract Physician,1996,36cbf25117ef79185799ec0954fa3fedb04ccf35bd1e277a454490f189ff4ed023e3ed8accfc7cd6cc60c4bf7577b65da3716ce37f9459ca5ea3fd74c4a07f70
ONTARIO PUBLIC SERVICE,141584.51,407.76,Health,"Unit Director, Psychiatric Services",1996,b3483f3b182a209e79c1b29aee1672381e466fee01b2f9a60f131a59931a1ce9c2e99bb0df2bffc65de8399321ea754213c02dee8a181edc86c737cca2a34d62
ONTARIO PUBLIC SERVICE,154898.37,0.0,Health,Contract Psychiatrist,1996,51d9d32c5afdb29b412540163109380a46da980ed76de08be94731df23eb4eb6987d22108b3ee5967a751e15f568b3e022cb67d735027c1f56c4fab992c640f5
ONTARIO PUBLIC SERVICE,154847.97,0.0,Health,Contract Psychiatrist,1996,53d63abd516ae7c46978700dd6b445ccf998bec609842e6302e41657b8e5afe7ab7ed72087cfffb1959963880db45c89f35c82c402b692d83620eeb7b769c9c8
ONTARIO PUBLIC SERVICE,141584.51,407.76,Health,Director Adolescent Unit,1996,cc0335e017661efd04ee96cbe2acde403c14dacbdce2f6904f2e2acb49175f956ef266d453ef867b818a96dec8cbf3adee6969191e50c0651b2fd3ce87ec131b
ONTARIO PUBLIC SERVICE,134300.17,387.72,Health,Unit Psychiatrist,1996,b3363cec2137845d4c0116a48087135c16087a65014ba917aceaddb4ad3a46a82081bb89740778111c7f2f125960202fb9db5ea5edc64dd5b069e603679a2cb6
ONTARIO PUBLIC SERVICE,154885.52,0.0,Health,Contract Psychiatrist,1996,606486edb2144fd8f651737737b369c8046854f907cebabeeae38404eed73da57637cd42535c47de635e1b9d975d3bd8328596d81bd12013059d22b76be46608
ONTARIO PUBLIC SERVICE,115524.23,333.84,Health,Physician,1996,2b9709e4051e3a7e4ee177ce0c291ebb9fbf2dac3b9632e60c368661e26ef26236c25ff8cc4cfa84e0c9cf594cdfb7850335b507611cab713567d19661b488c2
ONTARIO PUBLIC SERVICE,116408.42,255.24,Health,"Hospital Administrator, Whitby Psychiatric Hospital",1996,2f479d6885765aec5d5c0e3bdd2184fa39788e2f3129fd39f7b4e78327b49081c258d57284909335ac1f59562555f2a899678bf2681834be0031a58dc81a6277
ONTARIO PUBLIC SERVICE,101203.28,228.12,Health,"Hospital Adm., North Bay Psychiatric Hospital",1996,823635f475791b2df776d81fdce61650462849eed7e70cc70e5e6a1f597c889d67483c062d3316eab667771fd1320a6aa18377599ef3b2b1df732332b54781c8
ONTARIO PUBLIC SERVICE,106568.43,227.4,Health,"Hospital Adm., Kingston, Psychiatric Hospital",1996,d266c4e046340d0cc01ebbb63cd7054a4f6414c4172fcd6d63a51eb704d5b2965c30b4c6bc7984d9682daf03da0cfa4458075d2599c150b3382366e39ed3580d
ONTARIO PUBLIC SERVICE,154851.92,0.0,Health,Contract Psychiatrist,1996,31a5ca2851a714ceb94dcf84d271eaf15df88a86aa5e26ba013ef06e46f4aadd531d3b0a76a28370e03215a5362f7fab91c9023c7404f96f3abcb13b6fddb422
ONTARIO PUBLIC SERVICE,176028.74,0.0,Health,Contract Psychiatrist,1996,2312719a132ba3aced0911a59105b68ec777ee681fbb4847231187a01eb8af8d72fd8b304d78e9dab1a36ec98c609fec73081dd3b50d019bbba89984cf75e941
ONTARIO PUBLIC SERVICE,134651.54,387.72,Health,Senior Attending Psychiatrist,1996,5d43bedd7d1f0c7f1717ac876f050f0ff2a83edae4c409ef37e3e8177c50793266e73fb4c16c149174ea163f687bd8fa4c459b4dc65215b0e1d2e566eae301cb
ONTARIO PUBLIC SERVICE,101590.32,293.04,Health,"Assistant Deputy Minister, Health Strategies(Acting)",1996,d5e0a796c7d21a924c9fed3ad99fa004ce81ed1d2727d8ead155ff22b0496ebbbd367fa71a82cb804d9e39467a16a7f98442276f9b7cc803d01665d2b7e9e0e7
ONTARIO PUBLIC SERVICE,115973.0,333.84,Health,Unit Physician,1996,eef35aea1bcae09a38bb1058051dc0b3b0e62a0c0399ee2fecfdab8e7c3c58c0d9cc49889db4b1240c9f15febc147c5b91ad3c336ce581f9f98b883d8e35e321
ONTARIO PUBLIC SERVICE,126558.86,0.0,Health,Contract Physician,1996,d232b5785b2092b02c14fa6fe5ad1ad101315e0240cbef1e3cb5523d10c5e4a8b78600ff5f65e6e4993a224ea7c337c5f9d92cdba1bfeed49816d39e0d1db79c
ONTARIO PUBLIC SERVICE,154851.92,0.0,Health,Contract Psychiatrist,1996,346a88cfcbe96eb4d2f73bd37cbfd2467af740565658f74f33233fcbd3738b7a0957e6000590a1ac765163671c6032ab2da54ad0166282ba08a5b30103e47066
ONTARIO PUBLIC SERVICE,133490.94,387.72,Health,Director After Hours Care,1996,4e76f32bc93b966b840ea74a506c80bcec034942ff3ce3f6137deb85d78b18bc46a74cf667ff3af8dd780ad3c32a9d9359acb58360a40114ce6ce4b60736ff53
ONTARIO PUBLIC SERVICE,170182.18,0.0,Health,Contract Psychiatrist,1996,82a9d0b525139de05b826b8fc9e058eb2c411347a65996576e2b5ba07c7463b6886f49fa13f171898f62654c838330d1662afe129eb4617b5e92c41f45c5d818
ONTARIO PUBLIC SERVICE,162911.29,0.0,Health,Contract Psychiatrist,1996,b5014b9e98ef52276cc3b7109ca0447720dbcad428c30712679469385363b061948373382d6840961683cdb77665cb911fba944b1b7b767f774d6d2bbab70c73
ONTARIO PUBLIC SERVICE,134651.54,387.72,Health,Senior Attending Psychiatrist,1996,0d6cf988cc8c9db1ff96847fffae49d2092fdaecc2ee4450a54b4b9339ccad8b9b5a84f9ce35cd0e4ebf6fe59a5e22887b83e961850722dbf62ec1ef86296fc9
ONTARIO PUBLIC SERVICE,154851.92,0.0,Health,"Chief, Psychogeriatric Services",1996,f708c6b5598927ec093ec76f5374685055cae9d0218c237eb6e5dea8513dab1ee0f5d7415049e5bcbce7335e542f835446a1f1e6d56e127b0449c9e9aa575293
ONTARIO PUBLIC SERVICE,154279.95,0.0,Health,"Director, Rehabilitation Unit",1996,8ee5e5a5cb85274ec0c45338ae091d7d7565aa1421657f68a4f982010eb18db2d82285f52a5c44fcaea4e61cda3a9a29e37c5f072bc214b3861600ed499cf4a5
ONTARIO PUBLIC SERVICE,163491.16,0.0,Health,Contract Psychiatrist,1996,ebbbf3c760a38bc842162e0bea651a636b84cc9c6b08fe3c4bed0161e5e8946f3f71ca614a6f4379fb30c07fafa55fe3c2d982aa4a0209fd88dff90d709e6777
ONTARIO PUBLIC SERVICE,135411.08,0.0,Health,Contract Psychiatrist,1996,ea919be4d6c763f20dee4dec8bf4aa5ee6b2db0b2687f255a833fe44d4d0e5a7e05c0c98a1baf01f492f848cd263138784b7e0c5aca06daea453766a81bcfddd
ONTARIO PUBLIC SERVICE,127931.39,368.64,Health,"Physician Manager, Disease Control",1996,c08226ea891e119d179da19cd14bd00b08e986445a9474483ce0f510be2518fee5cbbdf75ee6b53ef2f16a555ecde0de3294842a5c61cf324ab4d89938b847cc
ONTARIO PUBLIC SERVICE,134651.54,387.72,Health,Senior Attending Psychiatrist,1996,b797ee163d01c7ddf14057556ed097632f3807c6647fec0de35f92cca14adf768692d9a05e34f4709bcf7632d43ebfc24e35561fcde85368e77b2c25f82362c1
ONTARIO PUBLIC SERVICE,126558.86,0.0,Health,Contract Physician,1996,52f1e965dcdce263d15c7071b91dbd460ba3b3a3e846a797205e62e7e8c492f85ea128d42cfa891c24541a37bbf7d648c388e2c607bca9e032bd495fd361f4e3
ONTARIO PUBLIC SERVICE,154883.55,0.0,Health,Contract Psychiatrist,1996,447f438896a609f4c8de1b8ea553ca740f2d48b227a656b16b31029e3c77ffd2319519cf6449e9150f183c1b8e7bd0fd6b7b3d7a7aef8a3a9f75823c4687e7a8
ONTARIO PUBLIC SERVICE,154883.55,0.0,Health,Contract Psychiatrist,1996,8ddff70b4bda9777c1f43d00362be825e6ec55eb8a135afcaef21b39804452ace4776634be4e7cf1ac5eae0ecb698bc490d5290db5498a609a671fa72d54baa3
ONTARIO PUBLIC SERVICE,154851.92,0.0,Health,Contract Psychiatrist,1996,c5d00c730edb02efc38eb72171f0cb8ec9045efdf24075e725016c6af0bd6139593bd9d6cae9899237ca8224607e7d222b41a2bb38b478935573b13a244d3ab0
ONTARIO PUBLIC SERVICE,154883.55,0.0,Health,Contract Psychiatrist,1996,8be03dd20ee001f8c253f14345a599846acf0ae1cff698f0a59d97b5d2097c99ffd95341e05b58b5dc0a93ef4ccbad1fdeb3c3a3d351500165ace1d738ff6419
ONTARIO PUBLIC SERVICE,154897.38,0.0,Health,Contract Psychiatrist,1996,1a50322dbd11c74a5ba2eb4eefe1b432a502f4469a8ff55424e21cf0fa803ddbe9a53824ed9772fe82248ac436d3f4e46a7368f5675dac91317ef30b0016e974
ONTARIO PUBLIC SERVICE,122415.76,261.12,Health,"Hospital Adm., St. Thomas Psychiatric Hospital",1996,541982b9875ebb51cf8eecf0026e5142983f1023565e090e75696180e9fc366af2b9c438a851fa8a73c3b9dab672183524ed3519e1035348b64228f099d80d86
ONTARIO PUBLIC SERVICE,176061.36,0.0,Health,Contract Psychiatrist,1996,d3d8095ec60bce0333186fe710f30b234fbbc54b2e720e96bd1199460711b83424410cc38104e6a273f28c1e258a90747f2f79c054a12a71976ecf7fe8d6f89c
ONTARIO PUBLIC SERVICE,143438.3,388.32,Health,"Director, Laboratory Services Branch",1996,158376e97b586bada8670135d60763690c69b959e75a32630e3d449a340f45bc99d5c7bf48d2f6520aeb4928f8d24f74f65e3dd4ce11d734c5b20742e7510a00
ONTARIO PUBLIC SERVICE,154885.52,0.0,Health,Contract Psychiatrist,1996,87e2e156421c4a616c6a5a4f1031096d92de90ab1923b2ed4c59a08429f2e69488dcb505956f1533d8ea7cbee033a1b5d682e9cc78b3d042b48ffed9635cf562
ONTARIO PUBLIC SERVICE,139940.22,407.76,Health,"Chief of Service, Rehabilitation",1996,3d6117a70c2f8a783a4802011de72696e3634ee2d9fffd35bd937a35f80eef260e4e4184cb159ae170b03854f37a7183a5125556e4be72d8478854ad06aacf43
ONTARIO PUBLIC SERVICE,114941.17,331.08,Health,Regional Medical Consultant,1996,ddd395f7d6a3f60d6dd6cffd4f5cf4b83aa040f79586931a5f059d62324eb41a03791431f165cd3439c4577d0cf29a0fd8352eb8ec6566060a7ae2a77eb4b829
ONTARIO PUBLIC SERVICE,127094.04,365.3,Health,Medical Virologist,1996,67b3b6a8f124d8a221293dc1e17b0059601f99cb644d3ad3fb0b6f22c9ca0cce0f8690b8703ae6b33050832dc884552f2894ec4a683b1696f429c51f935f34cf
ONTARIO PUBLIC SERVICE,114085.48,0.0,Health,Contract Physician,1996,c289974a2372c3a9777ee84661e9bccee40c58a9b22d960c68ac1f62bca6df7f9c7df59d23c6e30a22d7c25afc87404771ea33e09e79876c2e4e588fdcf0e802
ONTARIO PUBLIC SERVICE,121874.66,351.24,Health,Medical Consultant Co-ordinator,1996,6c2c353f641c78a7cdf3e62a086bcf3096a3458b659efec08f2d32bab27110c6060165d01cb54aa5f8cc5b38f204b0871550aa1f8306c26c2653cfad36ef715c
ONTARIO PUBLIC SERVICE,236114.91,0.0,Health,Contract Psychiatrist,1996,289f09762d387e9a3a1f4879685fd9fc86ffe7f2575ed2f76cb71e3a571f34f136519dece3a2695310931807f197974b60e870c4be36d9a761b08d9d46cebed6
ONTARIO PUBLIC SERVICE,134651.54,387.72,Health,"Program Manager, Community Response Program",1996,009c15d4453e2e8ac9a57445a164d82142129ade934d8790e8b6a99df947941dff51cc3ca818dfd69dfb52a9330637a092f9d33f6944d5b5bfa1201c8ee27605
ONTARIO PUBLIC SERVICE,102642.99,296.04,Health,"South & West Reg. Director, Ment. Health Prog. & Services",1996,de52aa320aca5c3aeeaaf59135461c4a431872316d26143b60b2ca3d216a37699052218abecf2bb4794cf5a2cf5d02467b6b6d5d62136916a87bf14e3e0dacd9
ONTARIO PUBLIC SERVICE,164894.77,0.0,Health,Contract Psychiatrist,1996,fb42a7627141b1bf165a08aad5e36864716160af986a42f94e0470c8a78e627634e5ef4961e1cc3acc10f6af2ae20db7fecda09cbea7802d117f70a16860d4ff
ONTARIO PUBLIC SERVICE,154851.92,0.0,Health,Contract Psychiatrist,1996,6dbd9f73de515b7d793c3c09d15da266a90588c6e162cfa02a6b075c81a12b9f89146d0d80514d59caa4afbbbe4c259620e07cb1e36a167f55d1197eec9f7e52
ONTARIO PUBLIC SERVICE,126079.87,0.0,Health,Contract Psychiatrist,1996,5018bdc17861f2d32a1b695027b00ebf1e74391e4f61d182524b5b32c35c037e19b81effec6c54ca26dde874f100b5edfaedc8850afab72f66e82f9e146b3ad9
ONTARIO PUBLIC SERVICE,154883.55,0.0,Health,Contract Psychiatrist,1996,444fe61c962b796ba42251ef4a632edd18f6c9efb390efd986592604ed48879359906dd48b6076e72f85fca5943c60db6b203a81ae4e0617fe20d1826ecba53c
ONTARIO PUBLIC SERVICE,154883.55,0.0,Health,Contract Psychiatrist,1996,37212a82f544d4881018c9d946dba5045f945ab3d5c432bd25620c1b8577fd8351bae2bcf1e24fb771e3a3a7e30c4fae632802dd87713d7187fe5eaea3024614
ONTARIO PUBLIC SERVICE,120025.1,0.0,Health,Contract Psychiatrist,1996,e800ba751cafcfecf3e1e9171f2802a83aef6ea22dfb971f4045fbbb980458c024983e5a419c79d7f25053ebccaab05f588d776aae0ed95a2c3444e852b08c5b
ONTARIO PUBLIC SERVICE,133609.88,387.72,Health,Senior Attending Psychiatrist,1996,a0c95f99962dd2780243553dd52a7c1679151a286f0278770fee6b31713ab3db087229cbac5c85bd7e097961829cfa13e5f58c0522dfa37fa1c3074cd47df016
ONTARIO PUBLIC SERVICE,154851.92,0.0,Health,Chief Southwest Service,1996,756e56dfa73c6d4c289df096b5643b01ac8d2b507e44810d3c3d9b95dd7519f641f14b371ccb020e43c0c1978aa0862f4e5d6288274c5295d22dc23f916f85c3
ONTARIO PUBLIC SERVICE,134651.54,387.72,Health,Senior Attending Psychiatrist,1996,ee4a5cdfa16b6a5af01fdac00db7c33b19865b3c9b93a6563e9daf4a790c7d6010796f7cd862c2d0d1bd50e0f2aa4f97846f62051731a78cbe6d1f00d502d6a7
ONTARIO PUBLIC SERVICE,172202.21,0.0,Health,Contract Psychiatrist,1996,7ca5876f2ca3b8682f991558e573778524ad3c70d3a8b81c8713b8019acd9912eba5af6baf627fe7287bff0eb41d364bdedebffdc8bfa2369f5abf9dc9864e6d
ONTARIO PUBLIC SERVICE,155036.76,0.0,Health,Contract Psychiatrist,1996,4fd336c7b68b7130a023a400628914f814131b63e6473ddba92387d4458786e305622ec1809ecbd5a9591655f8dfd790be99b3e688b0c97d907396793eb83afa
ONTARIO PUBLIC SERVICE,168956.16,0.0,Health,Contract Psychiatrist,1996,9fdcab33d2d61d01d9be74df919b1332b50415833f92dc8885b3aa36b96c063bfcb78bef5f5b076dd7c708da9aaed6f18787da47c661b988af41e872a49cb834
ONTARIO PUBLIC SERVICE,141584.51,407.76,Health,"Unit Director, Psychiatric Services",1996,a7931750d7fa783c99d0ae253890d50de2bc56977819191d567e9a17b8bc13d73e0057e74bcac585fd8974af8208d10d03286691ee2d98e561961c08fa48aa90
ONTARIO PUBLIC SERVICE,120998.42,348.6,Health,"Executive Director, Negotiations Secretary (Acting)",1996,9113a2b5159c7d899cc719bcc88438ca83784a4cf09f6b4e0cf4e3c3e7e5a817e80d350c1fe07815aca800eabc262a519dfba7f3775c15692bf60eb735c7a005
ONTARIO PUBLIC SERVICE,116611.73,88.77,Health,Contract Physician,1996,3776e09a5f486bd7a4cd748508926ace54af9aedeace7d45e794f8d73717cf5e58b26097e15fd0bd3d6bbb3ce612362fb5b61477bd74112eefa3ec1c42f7194e
ONTARIO PUBLIC SERVICE,111837.31,242.4,Health,"Hospital Adm., Brockville Psychiatric Hospital",1996,769269e5d771e84829a83fc1f723b661471d8961525ba47d08a35a06dfd391e658887a6c20fa08b6e7039964c50d40952cbb2177c633f49edb4b3891812da143
ONTARIO PUBLIC SERVICE,134391.29,387.72,Health,Senior Attending Psychiatrist,1996,c3818ccef2cf08f832cc435dfd7fb851fd3e60960aa2541d18bb3570558ec05f34a5950af5e1f5b42867a89cb807b96cdbda48a0046ae161fe81966de64f18e0
ONTARIO PUBLIC SERVICE,154885.52,0.0,Health,Contract Psychiatrist,1996,2443f150d31b0228eab83da87466263b73aea36662373c23fe95fc69feddc2f2c591a5ae45b97fc85785df9da1a693303f6ed8ed74c9b91ae0cc0b776d5e1d78
ONTARIO PUBLIC SERVICE,153710.17,0.0,Health,Contract Psychiatrist,1996,c822e56964305d2bfee9135ddc395bc4be08a18c1e7125f479ba010ceca67c16c2ae9baed68b7f074e0429644d4d8335bc09706c8142c60b8507bf526b5c7d81
ONTARIO PUBLIC SERVICE,120998.42,348.6,Health,Regional Medical Consultant,1996,08e183d6121e4ecb2d0e40adb06eb1cf7d7ad335467319e67291d433d0b010d63c9a765bcf9a6ce282ea14ededdc743693f9bf2fe056a29c741e1014e6877d59
ONTARIO PUBLIC SERVICE,168955.9,0.0,Health,Contract Psychiatrist,1996,36b0bf723c36b1da64888b7541236df4c94e187720358c949a6125540ee5ba4843d5994b42af9e3cbe319b6d96bceda615ac12a0e5076472cd53db6c34de6e56
ONTARIO PUBLIC SERVICE,170135.73,0.0,Health,Contract Psychiatrist,1996,26e263f8e7576058004d75b407a5df60debab148f45e86bd7cccd93dff951d197a58023eeacb0be348635dbf12db3f7ddc001b567a8db13bc383ca57af5bfef8
ONTARIO PUBLIC SERVICE,154883.55,0.0,Health,"Director, Intermediate Care Unit",1996,14002f025c9095789affb69b0c8479b2ef34f97a82decb6957d5cb5768314cbfd85f3be6018fed40e9ff28f6b44b7eb4c2c62670a5eb599f8e2481319e5c76b2
ONTARIO PUBLIC SERVICE,142508.71,0.0,Health,Contract Psychiatrist,1996,07427a5eedef44bc27ce42e4333ee182695a3669bdf2f2d8121e63cf31849fa8178f432f8179ac7fe9af1feccf1014f851994c751024f6b98868e68927124422
ONTARIO PUBLIC SERVICE,103790.57,299.4,Health,"Chair, Health Prof. Regulatory Adv. Council",1996,5aea078e2de2c7b1f3ae2178ba4d0e25309bab2f2a3b2fbd145e11d2f823ff830cc4b4bfc6781e137e2a508d047d5c3dbd14b36525a8cb7a1b6f41f2e2efc806
ONTARIO PUBLIC SERVICE,126558.86,0.0,Health,Contract Physician,1996,6bf0d8381ca6b5a7ac64ba9970da772f3e6c1a37dc192681bd13a65b3509ed9f1a52ac3e917ccf93d9a477333c0a174cbbadf2b30eb79da3d44d22eca79e865e
ONTARIO PUBLIC SERVICE,201528.29,0.0,Health,Contract Psychiatrist,1996,9bb6ccc7c3faf4c736c8a7a423719d3522d75959a0fc50de73fe7e4eb8162b25ddc163d54a65a2492a33d9b58ead68d751851f12dc2b105f3abc9715eec097df
ONTARIO PUBLIC SERVICE,168956.16,0.0,Health,Contract Psychiatrist,1996,a62c9efacee6cca8b635c97685b18da0240cabb3b50743ae61a26b068b51307136f67fe521239adc7e701d7fd331e08896433be8c18395533e2d47db4983e882
ONTARIO PUBLIC SERVICE,168951.95,0.0,Health,Contract Psychiatrist,1996,e6d85dc81e7d0063cd411fcbff15a0c3d84103f8cfd1f6f7c8f2a3cde01c274f12ad8f8e9e0c4e7fa37493381fd28cbfac2806bdd8d1ae8ccb4f56e5df71a3a5
ONTARIO PUBLIC SERVICE,141584.51,407.76,Health,Director Haldimand/Norfolk Program,1996,fc1ff8ee4b2435da22f845240f3f8dd3edeb1aa6db8e6d75438e46a6d63255423a39a749d5d0661b830ffaf83a0143a1cff0f897d3bad7ce18da6f0e3cd601c1
ONTARIO PUBLIC SERVICE,146218.8,0.0,Health,Contract Psychiatrist,1996,0b0bdbaeeaaa9d83664e189210ba15daec60bd3d18acba89905b7a1f2b8f4a4d1537c6fe11722963b4482bf26ace8b2eeebe5158e075836701173f8e8f4c2295
ONTARIO PUBLIC SERVICE,116808.4,0.0,Health,Contract Physician,1996,67e4cf1e784a6b7c85288b8c3cde44696456ec01222a9851ab847e2b4f54b0ddc403616e886cced790c4d9e5100217970686047c9140cbe9ffa94c762ae8ff84
ONTARIO PUBLIC SERVICE,130299.95,0.0,Health,Contract Psychiatrist,1996,e9eb948bba95aa9281280772870b8b96cf5ee82cb46af19b6555910c4fa2369727b035383c5d579d3d81636878b6364a200cc11569677944425c5ea76a1254c5
ONTARIO PUBLIC SERVICE,148352.44,0.0,Health,Contract Psychiatrist,1996,fb3128fd78965503ccfca2771f092381e7bf0fe1396808cd6900da24eed604c1ba67822b418f9feeb68ca16955aea8f0a9aecd15669b581472286ba0dc33340d
ONTARIO PUBLIC SERVICE,152761.27,0.0,Health,Contract Psychiatrist,1996,94d24a2d7b45b9f57b917cf5359f6e91695966b228a1a652ea0abc708173c5e9a52ef8abbc31645446c2a365b84e144206909045a339acd8a38cf8449150b7dc
ONTARIO PUBLIC SERVICE,115973.0,333.84,Health,Physician,1996,075077e4d2f8e0bad804c62644b18a51cb9dd0a6e79441c7dd47da0fb7f3fe323c26d3bad3606d550f295a7211d05f61bc1f43a95c33e3081eb27eceea465271
ONTARIO PUBLIC SERVICE,115009.03,261.12,Health,"Hospital Adm.,Penetang Mental Health Centre",1996,4be9f4c8562e59841aad92f46b302a7353c46d492b201bf0db314bb05a123fcd031cfec9d481a2c61f85a099f89c68d6c33916575f40028e6b775c5c75c7966e
ONTARIO PUBLIC SERVICE,126958.02,0.0,Health,Contract Physician,1996,e6ef23d9a1ddd5ab572792b39a20a5b7bac24c4bb39b9e2d68970bb36b3e230bc59e736cfc2693471c5e081f5e1ef41802937607a38fe828887717c958f7993f
ONTARIO PUBLIC SERVICE,120101.23,0.0,Health,Contract Psychiatrist,1996,4a670aef881668a3e2a8977680f30bd9437648e809772acf014c8dabd5b73691ce0e6259468f72902e82055cd8249a32fbc997d13e58f982bbb2931630a437dc
ONTARIO PUBLIC SERVICE,134419.33,387.72,Health,"Director, Adolescent Unit",1996,f07e5db23d0c08c874594ac210b0044e1d1d373fb067b65847171ce37663f7a2338aab36d54e0d6428619a2731021641c0a1786e760a5371ba38954453c2ec6a
ONTARIO PUBLIC SERVICE,102653.32,296.16,Health,"Executive Dir., Negotiations Secretariat",1996,67f59871a87b2f0fefe3a734202c5c6abff0c580d47f78159453ed48a43cc4bb081d9406ca19df22ed80b0c5332770e663376361a33af9f83230da41df16803b
ONTARIO PUBLIC SERVICE,202099.3,0.0,Health,Psychiatrist In-Chief,1996,f2202713135ef0c7de92d3c3e094e0ea339d26bd30785156261a551dc46b6a47d5f136ec1016c0a44975c94c5982022238b7c5c83a2816a16f68f11aed197d2d
ONTARIO PUBLIC SERVICE,109734.51,316.44,Health,"Asst. Deputy Minister, Health Insurance & Related Programs",1996,f54271e01e907b2213756ec0086e222542e80e472d9d7e10e99d4855e55ce60f81b1b6a079610c53afd55a66abbffdd4f5568296d274263d07089e9c454422ed
ONTARIO PUBLIC SERVICE,134651.54,387.72,Health,Senior Attending Psychiatrist,1996,7c79d79ef9a4480642523a1f1f645b18e7d70649a1a98fd3f5fd7695d360f26cde9d44a752b0afc37dc1f6cd464518a45a9e54be8ba3b4a665be54aee026ddbf
ONTARIO PUBLIC SERVICE,104920.35,337.92,Health,Medical Consultant,1996,c23ba5379515859af23b426c56a63897d30d78cda2f027613ce30b19a7aa99b8a563258ea9db62a3c479d54dda1a35b7ca2479cf7d3f91a64fda175d1f82752b
ONTARIO PUBLIC SERVICE,141584.51,407.76,Health,"Program Director, Day Care",1996,2dc18d723a192b1af3bb3cdb608ba07089a2e1b5355c61f1cbc4ea50b59939fa5146b3f7067b9f40bc7bf6083622198ff2f898b8ddfe9c7450f63efbb75cf6e6
ONTARIO PUBLIC SERVICE,108797.19,313.68,Health,Regional Medical Consultant,1996,084fc2bc53f6fcc44a382d35c0de7b3af2a9c130f55ed892eb7e36100e6fbfa88b16b88fe8cd22cd28a0d3dab82df5a04eb0c99eb8920f38f54936a8da4967bd
ONTARIO PUBLIC SERVICE,148962.66,0.0,Health,Contract Psychiatrist,1996,77197ee2f3c7925a0029a3a3c29b45dd495744c588b38a79e99d62e405ed1c2d3e6d95749e5af050573a02c9b716cc84addaa0b3dfc634f2a58459c564b9c203
ONTARIO PUBLIC SERVICE,154885.52,0.0,Health,"Director, Outpatient Unit",1996,01bdad100aa71d29f83e9bfc7dfe67a275a435a2d0308e0ebf17789f357de9974a2cc25ad8c75324837bdad74ba2106b9f8e0dd3b6d48d4778c29ed96b7554b5
ONTARIO PUBLIC SERVICE,125521.21,0.0,Health,Contract Physician,1996,c1b660babf514fd2c3b9fb7a3bc54b28e654a688afac37b0455d33e3bddd8a95c8ac136c25ede42cbdfa9c5ff5a4f1b0622773fc31009890418d738ba5c9b05c
ONTARIO PUBLIC SERVICE,154847.97,0.0,Health,Contract Psychiatrist,1996,93d0f2d9735e62753dedec356bff37d4eb7496b48089569c9db453b30b5c450b0423ab2632175f66dd0eab96161084790a6659237549665258c746a70f260536
ONTARIO PUBLIC SERVICE,154851.92,0.0,Health,"Director, Outpatient Community Service",1996,f079a0713846fd6c63f08026a165f4b5f35219bdf7bce4bb75753a790f7bd92f424ab3934ba9a17cb5383bacef6c720abe499a592d5bcb4ac9b8708e5b2292e3
ONTARIO PUBLIC SERVICE,126592.46,0.0,Health,Contract Physician,1996,8d3843053ee4fd32e5eadc87f8f5a9a1207fa7567048f09ae1eb8a66783b482368cbfb9e23a356e11e4578c01e592e9eb59a3f0ff30f2fca02c7bae0319d1b95
ONTARIO PUBLIC SERVICE,162745.7,0.0,Health,Contract Psychiatrist,1996,b2dc0943587d6db6ce3100b2556aad07a42dbb687d69564d71e6ef2863fcc017e0d7a9afa5a2bec365bbcd7baf6d374af1f8fbe1ee9463abc8c4b9629c710501
ONTARIO PUBLIC SERVICE,154885.52,0.0,Health,"Psychiatrist, Intermediate Unit",1996,a84a9c2476842da6c456fea93c463e53ec3e6c3e060f272309e234f7bde9c7fdf52f5d203de5ccfcbb709fba6a49ef8ea7d89e268cb9ef802eb3e3d069f86425
ONTARIO PUBLIC SERVICE,154862.79,0.0,Health,Contract Psychiatrist,1996,fa9c867b32e199c2444c4a595b62640761b6ff3f6819df75dd4e4a7520ffdc52a9bc84528ff04fb7166ea2d8a5c73e578a1b4aa61190e57517af8e8fe3ffe3b1
ONTARIO PUBLIC SERVICE,128330.65,3909.12,Health,Deputy Minister,1996,06e2d23c033876a8529ded2ea07b7123a390dc7cb42c028f4d5f50b9d18949753d1a1f12e68500eb055307af1fcebbe7ad97722d0fb5ac6bc4fa1e981c0f7b5e
ONTARIO PUBLIC SERVICE,135160.92,0.0,Health,Contract Psychiatrist,1996,346457f3c78f663b45e054ec2b7177b46d7d9a839703febd2bde72eb24f2bad0b5802a5bb7e1bad06f6dbdc8ea6bed5c65e5dca3915f9f69231404246ebaca0f
ONTARIO PUBLIC SERVICE,154883.55,0.0,Health,Contract Psychiatrist,1996,3cf6c65ac5dfa4a15fbd22aaba2db26fd2bdb4c8c2680197e5df086ff99ddbe9bbe43e8dca8c230d7e51c7b19497348e5a72e08fb4dcb42d6582c1edc3a2a582
ONTARIO PUBLIC SERVICE,154883.55,0.0,Health,Director Geriatric Psychiatry In-Patient Service,1996,0b0090b8d8c21df7996641f1f5c9145536942d029cc6017ae7535f3471a9bde4815eb35770dc9ed6fb2147e103031842a89227be77a4a27d3af04b1e1959f2e6
ONTARIO PUBLIC SERVICE,118674.43,340.59,Health,"Sr Med. Consultant, TB & Vaccine Prev. Diseases",1996,ae5f6dc6b497e41c7ee0c8716846dd950f54da32447ececdf2e222f2ce6d10a5c052bd2139bc67859191c3f97e4a783967415dac78f567a205bbf5639c69b48b
ONTARIO PUBLIC SERVICE,120742.38,348.24,Health,"Proj. Co-ordinator, Mental Health Prog.& Services",1996,6ae8077234cfcb0b0f1911cf3062e4d219f0bdaf5df043470f8ed36cc77b673bad7aefad67e714163cac05aaf9dc2ff6a3709fd568eac9f6a25339fd0358de0c
ONTARIO PUBLIC SERVICE,154885.52,0.0,Health,Contract Psychiatrist,1996,94889315266d509f37bd6149001e1267507a7a8c964277916c972523455103abaa292bbe6b6599b85c4a24cfabcaf1e0d74bcdc45f310502783b5a583d92d49a
ONTARIO PUBLIC SERVICE,142555.83,407.76,Health,Director Eastern Region,1996,d99ef104fc81d978fc9d71b4fed03cd870305552bbcb5f05dd9ddf023450e62664c47a6dc342da5fd281562cb734e8b416335ca7bd5c3b02538e21499b6acfab
ONTARIO PUBLIC SERVICE,127931.39,368.64,Health,"Mgr. & Med. Consultant, Monitoring & Control",1996,f996980d08dc671e72cb86a50a6ee97a087c2fff1c1fa3e0e8ed3a041131bda252b5fdf86555e2328e209efedb280222959c1e6e862730d21d007be0c06f5a27
ONTARIO PUBLIC SERVICE,115973.0,333.84,Health,Staff Psychiatrist,1996,0b088d4da572092250871b59e91192c83c267fba64fd8c4224eea70dd728f4ca9a34fa21cf672a6bd791fca97cb6dfd00f56638a1c0667cf26882651df91b061
ONTARIO PUBLIC SERVICE,144632.23,0.0,Health,Contract Psychiatrist,1996,a5dd58dde672788e0b2a7ea19873cd06bb676023dc3ae75ee8fc1073d086b769d63295067e68b74bab611a6e3e7cd69b15724aa1f3495aea91561b3d5829ca65
ONTARIO PUBLIC SERVICE,127725.27,0.0,Health,Contract Psychiatrist,1996,5b16e040b3e000662e1ab5f033f35e0939f115fcd36e2f05dc1a78ec623be5486411d8a803b278ca43e35213f91c3cf68021d5729949b4c2614b0e853b76093e
ONTARIO PUBLIC SERVICE,108805.1,313.68,Health,Medical Consultant,1996,b305ea51660c134f7047d79bbe27c16c5c94cedb628aed73299257d2e8e4ca14413332f11bc872244078cdfa6d2e0ffce5873f1cc6965692023e28dd2498f404
ONTARIO PUBLIC SERVICE,154851.92,0.0,Health,Contract Psychiatrist,1996,f7cda4d4953a9f11ebff5f67d9c333fbee46d92bfdd842775ed7e6c601bcddf0fd710ea6883e3b031ebd7bb8f644efcdd34c87b42a9dddc3f600c15afd9bc8dd
ONTARIO PUBLIC SERVICE,141584.51,407.76,Health,"Service Director, Intensive Care & Acute Admissions",1996,e1756f45fe0df5fc2ab7a783da68cc16a2e3b5d9fb7d16b7902bda09c1d073cb01a8d871b32f5a9f1ca73f947fcce0bf3d7ba62352f02c709193b523a27f806f
ONTARIO PUBLIC SERVICE,101864.17,0.0,Health,Nurse,1996,3392efbc8633f2c715e358d48ee5c28450f84275002dddee43bbc69525fb0db433baed59dc8455df3d638d87b96882f6c5f7ed6a61897a17a53c5f22613c4fd4
ONTARIO PUBLIC SERVICE,143479.58,0.0,Health,Contract Psychiatrist,1996,426deeadf502dfb7944e379ccbc55426363ef99cbfb96145f1ac576b67c1fd58c2b19f7755a0d0ac5f7f4ae88c19a288e68f24898ec792b1578993ebdf9c35ea
ONTARIO PUBLIC SERVICE,129184.08,0.0,Health,Contract Physician,1996,d554fe5a9792b2a2f7f5c71f274aa09cef574fe7968b555da5cb6fb54ef6ed11283155817fdfc9210907b2669e8500a3324be04b82c86aef2eeb147c22c52aa7
ONTARIO PUBLIC SERVICE,141561.26,0.0,Health,Contract Psychiatrist,1996,204b261e17977e7d96f90749a26b9df0f696fd2aa33512b5f47168dd2b2dc79d3f1c57001062be2870e798b41198fbf6e204052846713e5497e12603e9f2182a
ONTARIO PUBLIC SERVICE,115973.0,333.84,Health,Physician,1996,c69a51b9c3c4fa935bb21665eef719ef3d1a7abc427db1ded46b60c963832fd8854d96e2717e4fda127b81953707bab06f9ba0f5afab679dd2162bb3ba1d2643
ONTARIO PUBLIC SERVICE,115973.0,0.0,Health,Chief Health Service Officer,1996,09a8bc6e4f920dd8246df61439e3341c1a4a7d89f5ca1c1b7102ce1435a111ed2d6f87d8007a6c51c9c0f23eb853c3cb5f3dd1842da93ee19ae5d2a0cd27b981
ONTARIO PUBLIC SERVICE,154883.55,0.0,Health,Contract Psychiatrist,1996,d0d3814c033837e9417eda506fa98af3424ead89c89de897f1cc0d0c3ce422c4da185fb86b5401c11be5ad0f3c65119b6b95038e67ffe082bd2fcc17a650513f
ONTARIO PUBLIC SERVICE,121825.94,285.12,Health,"Hospital Adm., Lakehead Psychiatric Hospital",1996,f98a36ec82f8be5f007092155c10aa5828f3b8f649971e6a7ceb3f010e68fe56c5204f37be3531788744b6cbe95fa944022915c57354f6ab38931f9527c3b66e
ONTARIO PUBLIC SERVICE,154885.52,0.0,Health,Contract Psychiatrist,1996,c7e9644858f3e45295c057b4bb865b07edfee13e1193a6ae0072cd7b4c947b2e14064f85ebf9a856d60b90a26828257c419331fff9532f9666bc8199a10e5a91
ONTARIO PUBLIC SERVICE,117002.28,0.0,Health,Contract Physician,1996,e3be1afbaec3f77c0cf62f87582077c77ce2fb2c98d8f09dd3a70e7b9e00c7cb4c5ad90061bcbb41752e54ad9b56c45af856ecf1742953c8da144893301eb748
ONTARIO PUBLIC SERVICE,154885.52,0.0,Health,"Asst. Unit Director, Admission Services",1996,0aa6d45cea96cb3ec4cf28c51c86509e96b9a4c4aa7fdbdf891c41e8515dd0d3fd24c2700048da800bb1e0494cdf34791df8846b7acb04c24f59b690bdc79277
ONTARIO PUBLIC SERVICE,154885.52,0.0,Health,Contract Psychiatrist,1996,0964a3542c7ded0eb721646ea8e52f3e225f2e0eaa62798a2a5fa5dc6a34f46a918f9d0c034e69a1eb5c29063f07ad74664293e06d741d867f5cd944115ccabb
ONTARIO PUBLIC SERVICE,134728.72,388.32,Health,"Director, Public Health Br., & Chief Medical Officer Of Health",1996,265f9f7edae54b839cf5d6e43b1e1a31d8a64086ba7b65fa9e55e63e30fccb64e2ec2fa4385ba6de287532c2fb460450c0fee9cc2b2ae156dd22fb4d41a4c587
ONTARIO PUBLIC SERVICE,154883.55,0.0,Health,Contract Psychiatrist,1996,370d3e751a55b88f861be8b71b1af497d64fbd58a26526c80e64cb5965dec71de8f06bf633e6fafefa0f99644dd5b612711b5e387fa863197ecab89b4f3da3e2
ONTARIO PUBLIC SERVICE,227382.76,0.0,Health,Contract Psychiatrist,1996,4365b7b6e7357d7c0f90ab37d2caa94f3cb5bcabfbf14f1816791648f018fe1c93f7575cbe83911daf3b158e95a608c9119699fb64d732bf9a5a1ba04d04e75c
ONTARIO PUBLIC SERVICE,104390.23,0.0,Health,Contract Psychiatrist,1996,c6d674e37258cc3b73d878ea050fecde9f12551f554d52ae97ed560e19eb9e101010a1fe5ff029a79ee85db41197df67736d27eb7e43b3f62f0307da004057b3
ONTARIO PUBLIC SERVICE,154887.08,36.58,Health,Contract Psychiatrist,1996,448c16b6a9feb5930acbc2c2f7aa0918e3063dbd238c1d96b5413d94c19a81e55021733d30810aa4ade3e01736cb6939716ee4a28d4271aa9ea2e5bf1f5ba842
ONTARIO PUBLIC SERVICE,154851.92,0.0,Health,Contract Psychiatrist,1996,9eb4ebc0019d9757be5413c9284fad06dd6ac7c0523ccf7a369728a743c7b1c050be3275a44b458875f5f903a6c459048d23c3870343e3874a43abc984116bbc
ONTARIO PUBLIC SERVICE,141584.51,407.76,Health,"Chief, Southeastern Service",1996,3983668c777ecd8757b9ea76c40b066f86a1c2abd4e880bbfacbdec13ad1d66bb35df24b5acdc820829d7b2e241c4362eedaa1b0bc59570f2c62029d4d9fa752
ONTARIO PUBLIC SERVICE,120998.42,348.6,Health,"Senior Med. Consultant, Toxicology & Env. Health",1996,19ede4e4af0e11dd079cd690fce7683b998560562d577c47a18a8d0a2e24e24a1c43953b3b7bc3fbf8dea4da3c473c3f1f0a18136a59ca3f68f6d5f1b1794acc
ONTARIO PUBLIC SERVICE,166177.62,0.0,Health,Contract Psychiatrist,1996,9f1e051a3f4bb3a9629e7c36c3226c44afa9669723f859576e7409f3d527e3503ca715968079c6dc4a85f28d7406f216c15072c95ada257cd0e9b13b4fd2d68b
ONTARIO PUBLIC SERVICE,126558.86,0.0,Health,Contract Physician,1996,820060565eb0539897add50385692c58134c2c264574d9be0252cd7c350f8a63a1088f197eba8fc86fc8e2e1e72d04c8e10508da92162d7ffd911b6e6671bd8e
ONTARIO PUBLIC SERVICE,126590.49,0.0,Health,Contract Physician,1996,6edcded7aa10596cdd44e4c960943cc36817bf81bc3849dc3191802b9d5bc8e5da5c87bb44397d67445f1c031884967fc8cab9bc0dc374a0aa3b168a716f0cd3
ONTARIO PUBLIC SERVICE,122830.51,270.84,Health,"Hospital Adm., Queen St. Mental Health Centre",1996,9ff55432cd1ca0ed80a626cafb7cdd0e0b66090be9a132fad4e61f52c02e9033be54971fb812fbb245a66c759a3b8596ac9b554f9722cf2e8d9c5968f555f979
ONTARIO PUBLIC SERVICE,145992.13,0.0,Health,Contract Psychiatrist,1996,dd5f05d66216201c937b62fab1f1fd9994a237291daa852b212f043a229c38d1020d4c3d942b089ae3bbb1141c9c848798d8479c2a410981a305c37aeb9097a9
ONTARIO PUBLIC SERVICE,101242.35,218.4,Health,"Hospital Adm., Hamilton Psychiatric Hospital",1996,d42e8e934a00ad45287adabc1538207baa339b4e1e80182f7f40f9aefa521938677cfa3e9153b905d13bd9fa53347782f08d28f5a0fdc79ebb7bb5f138314448
ONTARIO PUBLIC SERVICE,113823.59,328.32,Health,"Head, Health Econ. Dev. & Adm, Inst. Health",1996,69ee8a81e63e91a3283e9906c4537259f999044c8a09ae2a6b89a9af6b139a5e65fd089405bc925db94ad332648c5488f1e5dbe5f8e0ec51c07f3984b3c4ff01
ONTARIO PUBLIC SERVICE,155343.44,0.0,Health,Contract Psychiatrist,1996,08e47a35ebe14d165c1390c8d8b88cf703c0534515c5c7d05a4e7e2007d9bfafdb4301a455707f9a38764841728915fb9ed25ecb5585060bfbbadaa14a63a9fd
ONTARIO PUBLIC SERVICE,169003.34,0.0,Health,Contract Psychiatrist,1996,ebd85f34bd5323571d12863bc20e83a94d807ed683e1b6e9a65d082a48f73a416869568bdc02bf648b7fcf4ab4d6c4d3d9e594161a5d20b169063e3d10c4bce2
ONTARIO PUBLIC SERVICE,154867.74,0.0,Health,Contract Psychiatrist,1996,00c1cf2cf7f3877fb7b0c25353569f5dfdaa9374682b74e359d3ce07e8a17467bde8bb5350221e5c35e15eaa22e9268b472afb35a0eee2dea19fd052d76aebe1
ONTARIO PUBLIC SERVICE,134651.54,387.72,Health,Senior Attending Psychiatrist,1996,52b732be0b859044cc2433392ec3717503faf1b89048ce2bdcc822930309006cefd81a7ae041b09518189b5ede2da69f461445badf8b31dc5c266d0de3e370a6
ONTARIO PUBLIC SERVICE,174596.53,0.0,Health,Contract Psychiatrist,1996,dde819d66e731767016053c82d1796d6c984a6e76b668753e3cba90edd2d664286b9d3a7a6cd74c908771a849e83fb4e335a8d56fa0337813d266d59777e27b5
ONTARIO PUBLIC SERVICE,115973.0,333.84,Health,Physician,1996,2c329bba7afec5fd13bd9de030c48d968e628f38fbe0b997eb3c91ad5a9b1061551c810b553200926d2f8f9a20f0ad9d08a0a7e068fe8b0ac0d2c8233f7ec112
ONTARIO PUBLIC SERVICE,154885.52,0.0,Health,Contract Psychiatrist,1996,73ed4c6f3d5201d48a0c13c2600f90a8929241bdc77f0ba2e08d25cb07eb5a837c3516099005c2ed1feb3341b531510e3cc2c32348cf3c14c73889a73d851c04
ONTARIO PUBLIC SERVICE,154847.97,0.0,Health,Contract Psychiatrist,1996,d731fc0c2ef16ccc1176cdae597ab7c59de245d122370387169eb072ab4491727884983e1c223ccbdf1e325fdaaba41632549d23306eef3f40d83cb12e144442
ONTARIO PUBLIC SERVICE,126558.86,0.0,Health,Contract Physician,1996,57d9d046dff17db42269fd0484e313c7c6df58ffaef2c1663cccf8e401657013036262d929abc0046c29209190a32827ade81299bd2fc28e6f7285ec71ac63ef
ONTARIO PUBLIC SERVICE,120998.42,348.6,Health,"Senior Medical Consultant, STD/AIDS",1996,98d0f7b3ef83e22d6c5d720f7bfbc7af6cf6fbbc52609808baaa8b4150a8fc239e0a3cc940f10a62b2ba6b2f7cf8e7154ebe6bf0b64c720509bb78ea52edcf0d
ONTARIO PUBLIC SERVICE,101024.32,193.92,Health,Senior Attending Psychiatrist,1996,8ce0b31db1d895dc1c9419448d0ce1c3460660183a285bd18951cc9e314c3c1182287e54dff22e0c3b586a1e1bd99d9079589701e93bc19f44bc6e8b90816822
ONTARIO PUBLIC SERVICE,159447.53,0.0,Health,Contract Psychiatrist,1996,953462eeef8d5ec1630d2c0a45099408e52164a47d4df5943b198be8d0b20bc2c3a20f59e9716dda21bcc68018cd2cea5e483abb495d9159e89a5aba65955908
ONTARIO PUBLIC SERVICE,126592.46,0.0,Health,Contract Psychiatrist,1996,d3f6518f15c3120d8c666de1c7ab9162284be711680d9bb328d1cf1d7428bd3302b8e8f5c5ed1d92dd11504db41ecb7695fe4c06e48c035e17b16ff9cc9dd5b2
ONTARIO PUBLIC SERVICE,154883.55,0.0,Health,Contract Psychiatrist,1996,756c4e6df937c4c2ab748a8dabffe6951cfa54d16e8a8e98d73bcd34c6102705e029da57796f554da2ecaa26e9bd1612fd7f02f9e3d5db03f7269a9b73559266
ONTARIO PUBLIC SERVICE,107940.0,0.0,Health,"Chair, Health Disciplines Board",1996,4e8c5a7071c73fc1210b24ab14bc1386fbcfaadd486464d69504a51bc72ddf5fc9d3110a46ebcec82ea2f72733afbce865c457254ccd8ff6d5e49ec2c1d959f5
ONTARIO PUBLIC SERVICE,113879.83,0.0,Health,Contract Physician,1996,a28ae3936c237634c77f29139524f0930621eb2b4d0289cb3a93d6aacb30c5725d54328e09bd7747fedafe21302373823ee0566e47d00ad4f757a3dac97b2d83
OTHER PUBLIC SECTOR EMPLOYERS,108365.42,1315.71,Health Services Restructurint Commission,Chief Executive Officer,1996,c0a9f432b4ce1e4195e31a0498e17428cd393d6b70b93307508dd082a1f5401d738486f0cd8b278c07c207a31b05e9d94d47a69ef3eea16f827927ecfb30b515
HOSPITALS,109406.15,4022.32,Hillcrest Hospital,CEO/President,1996,5d50af8a14738ce028d709505c93f4714bf64512baa5d63063d8e9605a67fc58f6d89fd814e75c90d89cc453962ae1d3c65e07ef69b41bfca83fda3389994819
OTHER PUBLIC SECTOR EMPLOYERS,115288.0,324.0,Home Care Program for Metropolitan Toronto,"Vice President, Patient Services",1996,ff60a83a8400530dd2aabc55c313728740cfea05f068d1e5e220a26f99075f3ec47b53f5c66acc6838cb2164ad33310821ecb39a3542be97eb54a43ee876e3af
OTHER PUBLIC SECTOR EMPLOYERS,151596.0,922.0,Home Care Program for Metropolitan Toronto,President,1996,3730deb5b9655c196ca292342c501ff5142dfe0f0a12e948b702a86067b58a7366caff93c21f80d14c6d34137ae639a6e885ed506f4feb6d2a93094f1f0fe017
HOSPITALS,160746.0,12849.0,Hotel-Dieu Grace Hospital,Executive Director,1996,fde3453cda9fa886a17d24453d0d0103f6e394ddf19448ffbba932e04b483949b69d43085b2e54bd5f2aaf677d0fc12309f9cb4506513d097fbe0d89a4aabc41
HOSPITALS,141492.0,1192.0,"Hotel-Dieu Grace Hospital, St. Catharines",Executive Director,1996,ec02e9dd5a43a7acb2a7a3a805297d8226f8801143d55595afd24d627b37558ef6504effdac5f21f4c9ad55ff9a81e75905d9780c8b46a56dc46bfdbead4dd5a
COLLEGES,129824.0,8562.0,Humber College,President,1996,6bd8a97fbce8bf260f602690c90ffeeb0fe6d489c82efed22ee6e55b0cf2fc0159e2f488a5d6d8b05aa2c614eb5e23fc4e90d37861156ea5a679efad0dbef9d9
COLLEGES,102802.0,563.0,Humber College,"Vice President, Academic",1996,a828a3a178c4ec26a60935d7152c64c2e2e25a8c61bde085ade3c53ec144663b5e3112a7a29f8a04eab18ee09519891f6f70be042e5f702dedbf154ceb40feb5
COLLEGES,113301.0,185.0,Humber College,"Executive Director, ACCC",1996,9d8966cb04cad1097c1f6d071776454b10809d39dec2bfa839e129d2abd92d0277b37a1f222774f4e142b1b3b898c548c61e19d88414c6c1a3bc4badf838bfdd
COLLEGES,100856.0,733.0,Humber College,"Vice President, Administration",1996,0837d287f9d394757e720322977480a5e631f8e73e563aa77e0b4408e4f11d5f2fd38f1c937f34aeb93703410dff40e6ace0d3c702fcca88f93141e87b2f8fac
HOSPITALS,103308.0,5462.0,Humber River Regional Hospital,Executive VP-York-Finch Hospital,1996,1ce9197c2990d69464f3e6e84670eaead9c3dd4be35b2129da1208cc392a4f117ad0f33d57a51d1e62b5b799fdf3e6bce45c4e6873f3443174b3a0016fc1f0e8
HOSPITALS,152486.0,23746.0,Humber River Regional Hospital,CEO-York-Finch Hospital,1996,4ad4b37e58919d57b8f476fcb4412c4a545cc42ecdec23d3d94e07a71ceffd43a18c4a1412ada772d9c1d00607ea223c3457d38e839335f84ba898ad06515b03
HOSPITALS,142535.0,929.0,Humber River Regional Hospital,Pathologist-Humber Memorial Hospital,1996,eb85fc8ae4b82ba9d4b146a66b2dcf3a0b66edd84f7e07b105c9c799e62be0a806336080765a8cccea79f1eb0ce6f4fd7e11542124ada48f99b39f8cc57b8932
HOSPITALS,120104.0,2016.0,Humber River Regional Hospital,CEO-Northwestern General Hospital,1996,d2562251805579af80584861965b949382e2ae1f342e89fb38bbd8d928faca6db5f50e7a2b83b28b8623422c22aa11f2a8f8d5c81fa8130ca4f77d869d7e7b49
HOSPITALS,114369.0,3729.0,Humber River Regional Hospital,Acting CEO-Humber Memorial Hospital,1996,16f988a3514be60a8815e790f32f69b669b179be2d7973d71d59dfbc9fb40504e354f081032dc127653c246aff371a47139d7ceaa6bff4532e0ed1f745680ef1
HOSPITALS,152701.0,995.0,Humber River Regional Hospital,Chief Pathologist-Humber Memorial,1996,ffde5ba59c732ac341e4f4c6162ccef7fcc91b532e8d364fe550b0f2668f0d2b464cb64fc244ba97987f58b02bb1c3a1609d44b81e0f0391231167be2a0c549f
HOSPITALS,129583.0,1460.0,Huntsville District Memorial Hospital,Executive Director,1996,0159608629a22a4c0e6ee4cf8c9a18e3ec54d583657313edaeedc8671b07dc5b5773adb46edf69a9c98d75d6860c950bacc72c0dd38cafd5687684a1691ece82
SCHOOL BOARDS,107789.0,1519.59,Huron County Board of Education,Director of Education & Secretary,1996,efa42528b877d0d54ea2451fbdd52c9b02d0df1e2e1820902f487e96eea1f8f0e092a75a347bc20cfe69d2a56e18068b2e436119fdb04099c53eeaba6ecc2890
SCHOOL BOARDS,111387.0,42.0,Huron-Perth County R.C.S.S.B.,Dir. of Education,1996,e2d2a84abe439441c857147f42b7a4f2180224f673ede856fd459e7d637fe88c5be70e0fb717ba3b20ff011f6ae4420b22bda3c3b95747e2cd8dc0e0a8ba908e
OTHER PUBLIC SECTOR EMPLOYERS,135000.0,8659.0,ITRC: Information Technology Research Centre,President & C.E.O.,1996,8608998e87f0fd7c803fc549ff0a0a89b19d10f1582aaf611f0695b0ef75fc64a8d9134a94646d46197e794bc24f2267ea30feb98aa45bc9300bd09a8987dfd1
OTHER PUBLIC SECTOR EMPLOYERS,101651.0,877.0,Jewish Family & Child Services,Executive Director,1996,3201761546f32a888df1c56820d667b4139a6e39a6124c00a844a917db3054f691421b59eabba215a268b13de18622309a30490559a113a75112bca4c11fbe0e
HOSPITALS,164744.8,699.84,Joseph Brant Memorial Hospital,"Chief of Pahtology & Dir., Lab Services",1996,5e59f687fd9b7e7b2b72b9204cf81531683d9054aa4ab8c9e759f2752ca246a04db907632ec3a0d8f8fdccc9565cc327e9aa363c8ce12f387d882a3e5020a1da
HOSPITALS,124714.88,585.14,Joseph Brant Memorial Hospital,Pathologist,1996,16eda8adfa7176f051c64d7f8caef83783c0eede657c10aaf0f68ac6c2ad29092f9a06c9177651de386b4d248ae0a920dda4e16f72eb747aef0956022f61ff1e
HOSPITALS,126157.13,585.14,Joseph Brant Memorial Hospital,Pathologist,1996,8988ab4da327d2bb28045dc286c5a2d1334799a52c1c5180701b017507605e75f92b8552ec5bcbddfaed13023121dae3310d0b6a5d6e0c4ebe27a14c16c03834
HOSPITALS,140128.59,8931.32,Joseph Brant Memorial Hospital,President & CEO,1996,2bcaa7197b4b32b3913b4fcc1df5fa6106ab34c02a1dc896b1362d99ec26fcd1394f43ca922e0ae17aa5c57454fb40bddaa9c87defafff283a8412fc5b2f91a9
SCHOOL BOARDS,113159.0,3062.0,Kapuskasing and District R.C.S.S. Board,Director of Education,1996,98a8c11669f39800b93a8c32e97532e174507e663cf58867c9d93ba1c277505edb7332721800542b5ea182c217d1cece9ae04f1b0a4c7901f87cb51ac7c19119
OTHER PUBLIC SECTOR EMPLOYERS,105162.0,3055.8,Kenora-Patricia Child and Family Services,Executive Director,1996,471241bace1502b29b03aea9e7f1c8b90532cdba22c548255bfc71349537298b386dd429e8e00db2d0554211588951d33b6e9de9ad578f9d4e9eb6daefc68357
SCHOOL BOARDS,107700.0,53.7,Kent County Board of Education,Dir. of Education & Secretary of the Board,1996,e32176f7c2b156852e0b4b8352946a0153d2877bfef245996b5b3a3ccb65b1c1b1845606a8833e17834b9a4cbdf5aa2a359057e495b0cb9cc0513b7affd529d0
SCHOOL BOARDS,110211.0,341.0,Kent County R.C.S.S.B.,Director of Education,1996,005c375f750ee1d6f560c1581c38bf93bd52afe5e49b710d4478aaa9743ccd0d6965b00090c23d92bf3f8863f02838ba3e6485f64abc004110089362a6fcc0f2
OTHER PUBLIC SECTOR EMPLOYERS,113535.0,399.96,Kent-Chatam Health Unit,Exectutive Officer/Medical Officer of Health,1996,aced865dcc9381fc46fe18e440695e2320bba1797bf7a504fc8da92e5f1e386ad4340da82b7e890de347772241ffc1360ac6a3f0b3da5dbd7d20cf1c8089fe4b
OTHER PUBLIC SECTOR EMPLOYERS,115980.0,2407.0,Kinark Child and Family Services,Executive Director,1996,e0b7b0832752d58e6fb810f335c8447e774277fd68a3995e9bc292f9344714f1afefcce7852b91d05da24206e1230e06f790ec34c4115ba714f21bb1133d473e
HOSPITALS,103736.0,359.0,Kingston General Hospital,Anatomic Pathologist,1996,c2b46be92fbf518a60b64d5d0c4f5a11de07a2076d8a271b8af3bde485e400b2ce6b83642d4fb566ca40256729cdc4d1173d89851281248f98bae3f1e2be9cd1
HOSPITALS,118775.0,7595.0,Kingston General Hospital,Vice President,1996,bfb91cb79e8f336d32ab2844bb04c0ac33ded183cbb773231d6ae3c2f11e4fa6a656eda5688d93b99ff984165a8683bab1874e325a515d862303c78b16ce7c6e
HOSPITALS,101703.0,355.0,Kingston General Hospital,Anatomic Pathologist,1996,e358575bb754fb316623c077823eac3f1932db4fba7c74d972abea22f7dd63bf4d5878afcb0268b4ac2e0afdc2632789495ce4d3c19aa5128c17e8c01c224d56
HOSPITALS,192300.0,6882.0,Kingston General Hospital,President and Chief Executive Officer,1996,a8707480990ea1e05683c980216501b6880fd63eccdafe6066cc5c605428773527a391cf1f320adfc3f05947e5c6b8312349c319827ce0c73aa440e2c15989e0
HOSPITALS,100554.0,348.0,Kingston General Hospital,Pathologist,1996,61b81d9edab69bdbb855226c423148c31419b8019444887b440bc7080561017189726e298c877b9db82a22bd68e9a3edc9a620f8169fc8d1f788542571abc8b7
HOSPITALS,119625.0,7582.0,Kingston General Hospital,Vice President,1996,e7b252d1d2cf028cb20fe2cbcfa89d95cb4dfffb22d27e8544f1a8ea789739676ae7525d6b2caf5ff3f957c8d456db982f067037e7e1f82b5a1224f380e25ff9
HOSPITALS,107275.0,374.0,Kingston General Hospital,Dir. of Neuropathology,1996,49472fed0222af56be95afef6f1ae78fe9e702ddc55e85e738aae45f768f704a827d128b35d1c0a8ac5d4263e50eada1a7004154a46e7c24c7ca847cff42d64d
HOSPITALS,107275.0,374.0,Kingston General Hospital,"Prof. & Head, Dept. of Pathology",1996,64622047d2770ae68704f8235211faa538002dc69afb9b8d3f673972e4b5e20282aa7f85991dd80b1c5b3dffdb90c404f39043238f00b96988209c41e0e13c85
HOSPITALS,110301.0,383.0,Kingston General Hospital,Neuropathologist,1996,29fb1123e4b8f06793f3671f9d2e12d272cf127638ef1969bbb97e82830f6dd3944d1842ee26284981dc773d4f3f920ab44172d748b191c7dfd1b225313ed4a5
HOSPITALS,123333.0,429.0,Kingston General Hospital,"Deputy Head, Dept. of Pathology",1996,1cb305fd2fa683add4250476aeb24c6e719211b31b518ae3e36de5eec91d3097cc1da05de9698dc11ba63349b84b5b6e40f7eccee73b644fa16b45b00700b961
HOSPITALS,113207.0,394.0,Kingston General Hospital,Dir. Division of Anotomic Pathology,1996,a067ec10105652beec2dea36fc93f3b5b993a38a31754bf0c0deadecc1e7f0f2a03971444c13cf5816f542217d49fae0de16754e728c8d1bcbbaf1d4c57f8111
OTHER PUBLIC SECTOR EMPLOYERS,138026.2,538.44,"Kingston, Frontenac, & Lennox & Addington Health Unit",Medical Officer of Health,1996,73b34e8d031b57d309b26ba98f65de9e4f4440caf36ad7a086a5990d60efe720613a0312631d0ef779baf0cbaf1612e326c534ea6c682e79b4eb6a72cf2012b5
SCHOOL BOARDS,110773.19,9907.93,Kirkland Lake-Timiskaming District R.C.S.S.B.,Dir. of Education,1996,ad68060bb2199d268b38b8c1f4185725add20311e8ff2add80e9049e1b23e1fd7949e733fc67e02ac7ce1fc4206909559da901f50082ed3655fb9610c836c40c
COLLEGES,111668.0,2916.0,La Cite collegiale,Presidente,1996,dd6f481f2555e5b16441b9f52a930cf9ec97dd4c22d238607658aa9a197f494369a008e84c3c1d89bd6d70091cde5b2c26df669df6dcde48f1f059a89ed2f154
ONTARIO PUBLIC SERVICE,103889.5,299.64,Labour,"Chair, Office of Adjudication",1996,0a3938d59a1c5b15023940d4520b8564f1fca540ccc712a885e94a4f865cc13259006f92819a2c334270d04e2686b83c7f85793f3f001f10d5dbb95792196768
ONTARIO PUBLIC SERVICE,120909.19,216.72,Labour,"Director, Western Area",1996,b896bcc399933fa6e5ecd2a221fb514b36860f5807924d5ef07f05ade8e62ec09e3c9665d0d5258be01685d27b8aa7000f9e9d6d38f922e6778c9e2dbdbb054c
ONTARIO PUBLIC SERVICE,101169.44,292.56,Labour,"Director, Office of the Employer Adviser",1996,38a474fa8b70352111592e6e5a67dfbbb84a21d99e8820db637a7a3373a2abbf56dc1055cb0b6b96f82195ab49c9e7ea07c5b51e143ce3b946218052c642fde6
ONTARIO PUBLIC SERVICE,120998.42,348.6,Labour,Medical Consultant,1996,1ba29ba90b35821929492f6ec75de9864ed0ea998f0a821eecd99b88c4539a19b7e81e59006bec7bbc7750b5b856f01f4c0e60b023f6dba33269f41007e25b8d
ONTARIO PUBLIC SERVICE,120998.42,348.6,Labour,Medical Consultant,1996,6beca8e96f22d88c4a5386ff4ca21df0b83bae2409536bc6844ce46e770e9715fc1e3623c6791a895b519881e2ccb4ddb42ffaad828b520a6de9273136ebe550
ONTARIO PUBLIC SERVICE,101393.88,292.56,Labour,"Director, Central Area",1996,1c5ab508d2afcf6c66153fc1b4c30077c0d3090acdc6a52377fbc8d32cec65b800eeb7e97f711ceb54b4aadd47fcf30fdf9ff2c489e97c6de55314e75930548f
ONTARIO PUBLIC SERVICE,110119.59,317.64,Labour,"Chair, Pay Equity Hearings Tribunal",1996,50acb42cd956c9a3d6db5d11d8a290f67d93b7e1866393168754806a54f97d0beba3973b03f8408d343f0be1d1fd35ae44f1d4976e971bfcc591810564025107
ONTARIO PUBLIC SERVICE,127931.39,368.64,Labour,Medical Consultant,1996,552e2f1d76fd7d51a110b029b1621f60e94baf54c6f043c1fa7d97eb9ce1140e392a6a2c750ee3a957b4572121112068af5dc3818ecd06b0272d7255812c4372
ONTARIO PUBLIC SERVICE,127931.39,368.64,Labour,"Chief, Health and Safety Studies",1996,89919f2e1be666611642e1c05841aa2bba1ccdbc7dc7c9c23aa4e9262a4e3ea8b86c9453ba32aa90c7372c9faf558c2bf10509b17b611c6f57c90c341a216fe1
ONTARIO PUBLIC SERVICE,120998.42,348.6,Labour,Medical Consultant,1996,03be05d4bcf60f59bea049116874d5b61c2f5d383210f4c405d698bbef1207a535a96298564ce5f62ce46cf261b25be477ceec3e190fa362cd1b9508749a4272
ONTARIO PUBLIC SERVICE,107550.81,295.73,Labour,"Chair, Ontario Labour Relations Board",1996,6a87a6a5306879766ec10c0a4b9e59180fa78e454c2138d023d1103acee78b49ebebb33640643eb811021c626c3c52c8a0a2fdfa4dfa8bfcd1b153c38dd94eaa
ONTARIO PUBLIC SERVICE,124098.38,6549.13,Labour,Deputy Minister,1996,5b5a0084abecdc6903ab808e8f238ca3be43fe1670e5cdaf39ca3a90ae0557a55d109bb006e5405d3b2f78e1ac215815b38c7e854e3b8903f30e7feb34f919bd
ONTARIO PUBLIC SERVICE,127931.39,368.64,Labour,Medical Consultant,1996,2ede8e7537835782ae31810264f6c22173a6365540a316d412c1804e5e4ae645ec76f067c22d48108bd5b99a54c39ce8137e8259c81602991a91e06a3b4684ea
ONTARIO PUBLIC SERVICE,120998.42,348.6,Labour,Medical Consultant,1996,add1ab4baae5b5e647be368b86ebb10e56511098f2e3a69943bc38f3c17d67b6deecc1eff5e77b9df71e70e3cec915ee347a38725bef26529b5983abe24f69ec
ONTARIO PUBLIC SERVICE,134600.4,348.6,Labour,Medical Consultant,1996,f3cfaeb279bf619b4eed15a2d8ccb1d0f2d27ec8765d8d7a8a0900745492a313916c18dbecc4f7e7bcb8604f1b16647c1425937c796cbc67ceb69be2b9b091e3
SCHOOL BOARDS,101200.0,3587.0,Lakehead Board of Education,Superintendent of Business & Plant,1996,9ad159b9ceb98b0d8c33cbd7d7b4ac655eaeb5c9f32df031139726682f8f727edd63f297859543f3c2c7911a52f695f47fb2a1d0acf665d4888b22fc2cd6b6b4
SCHOOL BOARDS,101200.0,9187.0,Lakehead Board of Education,Superintendent of Staff Services,1996,5c153bd8eb76089f7a59da06fea556195886fb96e32ca9525ef53093493fa85f70856ad32fa7da07022dd58a62fd6a74b8c41cf6ac81bd8522695dd1eae86449
SCHOOL BOARDS,101200.0,4223.0,Lakehead Board of Education,Superintendent of Education,1996,dddc3efdb50d2afbaf6e1887e29508c1fe6a08557d162dcfdc38ffdac213901a662298898ec73c41160adbd01e589bf1dd6a2d956d798b91e064061104ea17a8
SCHOOL BOARDS,101071.0,4222.0,Lakehead Board of Education,Superintendent of Education,1996,c2d8b713d87d3ceb35c2dee33069185b82cc31aad947ce194e4e5fe42b37c5a1bef6dfaddaf9dbd8eda9a8cf692c0a13d136e194008b54af0b92732f6c16a6e6
SCHOOL BOARDS,116371.0,6446.0,Lakehead Board of Education,Director of Education,1996,2bb75bb462043c7eb4fa8f96a544ba3428a4c662d23caf924f36148c8d1f98e31234467cc453aba78d0fc560a76ed268f7ac510fda8bd335704ed7541ab7e6cd
SCHOOL BOARDS,102969.0,893.0,Lakehead District Roman Catholic Separate School Board,Director of Education,1996,bc7643e789b19f77ab590a8fd6112f1cc792bb7a6683b0de148f7629aa52ad45f387910b5c835820f27fcfdb03e9ffef95d9f3d3a8d84dd3140b23e68d0d217a
OTHER PUBLIC SECTOR EMPLOYERS,118774.0,559.0,Lakehead Regional Family Services,Psychiatrist,1996,d7f2fae106f5ece8f42e5f21aaff562c085e79f05433ed496ea740f3feff1ae3ae80f7f2d99978d5c500b815e79d134c992b4c1c4cb489d47905891eb26ce299
UNIVERSITIES,110102.0,1215.0,Lakehead University,"Dean, Faculty of Engineering",1996,3eeee42a62448993a57e82aa71d0b56785671ed5bc6be77cf6b725577bb91bcdc1db2b32e4ddf1db7d88774ae71fd46ebca9bf84cf07dc9e0f2811b8d40c0eee
UNIVERSITIES,100545.0,1577.0,Lakehead University,Professor,1996,933eea5339b3953dbcad1fbaf2cc5daaccac8f7ae832027c9d6bba8862e60be80b969995b8a5253eeadef6d28a3c3a99875faaca4372608020b67ccc890e740b
UNIVERSITIES,167500.0,9509.0,Lakehead University,President,1996,0aa434e6c81ffea68b5a3b6339984746cfeee6ba81325868ab19c65aa954c7a87908dfc6ff8df861527f219f9752baf54e18d7378b57cc9f746c097b58e66d9e
UNIVERSITIES,106113.0,1020.0,Lakehead University,Professor,1996,2192811c3df250036c971bddfa66e49b4a1d2e527ada8cfa7ffab6dbb43772470702d0816d8092cb296b4cc35bcea4a8f7a2c5f3e965e9b60918387f38ddc9d5
UNIVERSITIES,115550.0,1215.0,Lakehead University,Vice-President (Academic),1996,96f502b4575358a5bf5e8d32f8efd82e09069bd6d5077fed7c21148673e5fe2859816f6eeed3e99259ab213f70ab5cc0a7648afe4e384d17a76b830f2f803b06
OTHER PUBLIC SECTOR EMPLOYERS,123118.0,5285.0,Lakeshore Area Multi-Service Project (LOMP),Physician,1996,4808cddd6f76b5d4e3a6f2f790bdcf0b2e6f17f5cc3f1c3b5c7ddfc89d84203f9f34362fdfa309102c12be9e244c0dcd64c41cd1d92398df90c0216e9c9d0f0e
OTHER PUBLIC SECTOR EMPLOYERS,122376.0,5285.0,Lakeshore Area Multi-Service Project (LOMP),Physician,1996,2fda7a3cb2c8e818623106fac94371e67a146be2bd775aa97f4edae9872663458d54ec859368990df93146473e53ab75f78dec9502a6d6a6aacfa76b839e206d
COLLEGES,104000.0,725.76,Lambton College,"V.-P., Learning Services",1996,7e215616adbf0c94f190ec856768159724bfe87e29bd94db2bdc72895a225cbd1ac58777c0295a5ef2fd155df0524c3cd339b5332ab7a334530d0f5f47d97e23
COLLEGES,106827.86,12480.0,Lambton College,President,1996,9cf1c36f1ec355aa03214f8ce24b3fa1a94004cce9918ea549226479d83443e703cbeb816a9c5762253a89776fd36262ce4abd32d5cacda7f556d61daa87140d
SCHOOL BOARDS,118203.71,270.63,Lambton County Board of Education,Director of Education,1996,03ba71521ef16703cc61194227eae3bc8293e717b391f0a58099abd3406f5adcae300e9696a6082e7b078c00d358b7b5c8bdd355c02b64baf2371e294182ceb2
SCHOOL BOARDS,106950.0,3364.0,Lambton County R.C.S.S.B.,Dir. of Education and Secretary,1996,e748144f9f122dd8e608983c7eeddc63e8437ce62790cb766e5bcb09cc0b875e10a7eeae87be68d8fd433bf9b1d4f8137b6c729f38b8b07252a4cf89d3b495cd
OTHER PUBLIC SECTOR EMPLOYERS,120131.0,662.0,Lambton Health Unit,Medical Officer of Health,1996,b7b8a200d5b743f99cb5a519ec435596a6e874edeafe181f907dbba3f8a0732ad982fb2bc10bea08da0133ee41ccb27e4bd596b381ae4d939515d4ec66c0ba77
SCHOOL BOARDS,121649.0,269.0,Lanark County Board of Education,Director of Education,1996,7c4c300a4b5f762c252b97778ab6b79cac34c60c77c75423b5d08ea77848613eede31678f9e232d8a6da3156ea1bc36b8e0825812161264e339eab44703844e5
SCHOOL BOARDS,112387.0,630.0,"Lanark, Leeds & Grenville County R.C.S.S. Board",Director of Education,1996,3f73b4df03bf2067b9ca8f83eecb2a80224d6948db77c99bda0d57bcef5d653f9c335919e020c97d2986564ed18ec7af2f10fbb91b5183d3adf86cff67e6263e
HOSPITALS,108813.0,499.0,Laurentian Hospital,CEO,1996,46b635b2d5e4a29fe9c5eca5aafb2d04718b83173fcd5ab8990223883cef739e49266a49ff0dd39bb35611b8c399f8e2eb881aa0e3734229eea4d48987a587a7
UNIVERSITIES,110116.0,1809.0,Laurentian University,Full Professor,1996,8d71b91ac13dfb0d2e0c2e94bd9b75053d613d5383a8d519429dea7ac4ad4ae2fb19c362a8b5f940e3018d520065b9c216513007c98bdfce1b8950337a8b38d5
UNIVERSITIES,105003.0,444.0,Laurentian University,Full Professor,1996,00d261bc7d77bda4c483421a46c17e3e0ca643ece7dc09d49a082ffea926e58d7b8ffdbc59ebe131c6da32516730000aa2d8758189daabbb28c44e5b00e5e2af
UNIVERSITIES,101523.0,444.0,Laurentian University,Full Professor,1996,2799ef2a45684b24a52bc43c11d9ad6748435159476edbef4ef4c13cfbec236be56c75dff17fc6a511f3e971a075d32b1b2a0569129b5f7e26fe4246ee00aba1
UNIVERSITIES,114428.0,3046.0,Laurentian University,"Vice-President, Administration",1996,78aa9f376fa97b73826da71e223afe81158d71f23b644e156a25b2a7e1f8c705a0b027cbf6ddb5d84e522ebe0a9a20cd1e2a180014ab9b6e6707f56db6055804
UNIVERSITIES,108074.0,444.0,Laurentian University,Full Professor,1996,f5d58de5733443127c5a81ba5c1d3b6c61d5cf551463d5df1f930b62acf17335b11e292e28ee86c423a6d2ddf111a6744f658177126a84a58f6a3d3fb8aea199
UNIVERSITIES,100020.0,444.0,Laurentian University,Full Professor,1996,4c08ae5b157b01109d9871cc563e09878f06516dcaf5aa16273b6af926ad67c2a062ff8cde8ec4d316b215f42d7483a2be9ef48625a9f53baedad7d98e9e3327
UNIVERSITIES,105239.0,444.0,Laurentian University,"Director, Academic Staff Relations",1996,4809e5bcaf4fb4dcaf6ebfc97fda89a447c6a497d56e412b9ed0be862ab2517bf053e36da795e8dcdff9b994969fdcefbfea4f9d322de5882cc4ed0782157eeb
UNIVERSITIES,106003.0,444.0,Laurentian University,Full Professor,1996,be924e18edf8344d9e8943ccfaff67c542ba90a06ced9e2fbbe902bc15bea11085b666f97dc6db6f168a2c77236a2c7d598124db5d660e384fcf249b903d7d72
UNIVERSITIES,104337.0,444.0,Laurentian University,Full Professor,1996,a6cf1b044d21d59122a301adea46defa016b3e747a27da5a70a5ac11694dfbb18516ee2cd43864e98019e29ca0e13e183b1529109dfef302d309208dacbf36b9
UNIVERSITIES,116229.0,444.0,Laurentian University,Full Professor,1996,29d5dbfd563befd7c0eac03ef6f3a9e81171d5b5989c3ce374ae3b257285d977e2bbe30c8b3ef532db53378c18ca409630543f8c57a153a4125ad3e1fd978248
UNIVERSITIES,139506.0,444.0,Laurentian University,Full Professor,1996,f1bd89c3d07a87f97cd658c2515e4da8bd3933edec356e18a949435f4bce615b3c5b3b40dbbc6f5b2bf573cac76c4c923fdb3ba69841a2307c5e0eacd5da09cc
UNIVERSITIES,106577.0,444.0,Laurentian University,"Dean, Science and Engineering",1996,944b89511b105cdabfb1d8f089580b7790ba5c418a88306adc51ff887b3a874cabab7fce2a2fc5d32660becb1d88a7395e6c15169ebbc440ba85fbe91dbdc96e
UNIVERSITIES,109003.0,1742.0,Laurentian University,Full Professor,1996,e6826c3e1ea0e4b77eca1b926417c1a55d27aede0d088c08672e573808c6359d99d003ee4c4e35a2f03309ccaeeb61b4ea7239ea232978e93bab1a95329d3c8c
UNIVERSITIES,145797.0,20400.0,Laurentian University,President,1996,345a6750e13127c02a3bee0d1c8d429825f17d01c6083eff8b474e0aeb466f4199792c89ccab1a7c3e1f5d22a2b42587eab1ab96a0cac8fa5aae95a753e67f5b
UNIVERSITIES,101471.0,444.0,Laurentian University,Full Professor,1996,c27948b263db872708f96b9d268722b3a12b19e73ea2c7e05f76524256fdcd0711a4bdf0e9c991618d734c57c59c5ea9b491f5889a5728cd2fb1ef1c1afb5378
UNIVERSITIES,107624.0,444.0,Laurentian University,Full Professor,1996,615e84547193e6337092aee0aa65918bb19c7bd0b233a032edcc8dc0bc2d92110e555f59444f1dec686de337cf20b5f25d36055fcdb635c9013a687c5ccf4c10
UNIVERSITIES,103926.0,444.0,Laurentian University,Full Professor,1996,0ce7209b3ca3a7b139c8ec5f628ddb6fdd1d91bd7ea3588b70a8b5ac6b6230f0fba1d755f7f0f29bcc85f8115b4ea5110368c6c962c6176a85d9e26692e0dff2
UNIVERSITIES,111740.0,4944.0,Laurentian University,"Vice-President, Academic",1996,2206b1a96c0a8b1bcbbdb3a064826b65ebbf184d73028fd412248b047830477e002d0c5e1ff70e6a02ac75a9852c6a33db0a716038141e8f3e40a840a6b16e2f
UNIVERSITIES,103926.0,444.0,Laurentian University,Full Professor,1996,dc546ed2208202edaa3e254a0814ab080700215ccc6d76bea91616cf0bbb4660ae6f09bfa2393fe7ce39028a3552a1b0d4eeacf5942a271ca2998f02d9099deb
UNIVERSITIES,100736.0,1670.0,Laurentian University,Full Professor,1996,c8db1651c51baf2d1e1052343d0a355dbbf81e7035e60e3dc88e18353e9a3ed28e86982ce316fb3cb6df236ddb7bb58248e1802c3bc76fcb6586827c0437c1dd
UNIVERSITIES,121279.0,1180.0,Laurentian University,Full Professor,1996,cfffe9879e6beba20052ec4d9e090928fbef510474b2e9fbef8d405906ea4c2c4e9d614b0f2978fdb7f49c1a7783295bb4422f66218f253aecf03e418b1b82ac
CROWN AGENCIES,104063.89,509.16,LCBO,Chair & CEO,1996,dc06c80bc9e33a9aa239ebc5feecacae097fc53f822486d107a96379f5bdcf3ea2d4110ae7d190b96517262fd2790c2449da1e1a2d2397d1a203134e36133554
CROWN AGENCIES,117937.8,1079.66,LCBO,"VP, Finance & Administration",1996,54f9ea748f07a7dffec47f665a33157105be5ee6e71cbbab2fb9da80dfdec542a6b32023d4fab213a1906561a52b02f12314e4e05103810d62b96efbc88ec71f
CROWN AGENCIES,100700.51,492.64,LCBO,Exec. Assistant,1996,c31d381f2b75fa5b90ed1356cb97b018bc41b74e2189ec2db9e48efb1e83c152d48a2a793081ed3bbbc946ae22d7d7ac4146fbfe6b6e3392a45973464100c0e0
CROWN AGENCIES,100445.58,491.54,LCBO,"VP, Corporate Affairs",1996,0b2d84eb2c9c6ecd54efec3dcc36f079cfcf96108b898d3715d6f4b4dfdd7eb09b1e3e9a0ba50df30279cc03b36a0d6659fef79fcf2ded4c45b5f11bee305703
CROWN AGENCIES,152301.41,759.74,LCBO,Executive Vice President,1996,b8f30927ec89556b1475e41fdd78ba2a277f19a00414054db409507477fc34346728af5722d374235ef1eb3ac4cd9a575d99ae922013991fc740a8ba149ab572
CROWN AGENCIES,108861.45,532.76,LCBO,"VP, Human Resources",1996,f83eb86e6f4895bfd5d674b973107df637477bcd18e94527c0048bd5ebfe82bf7b33fb73a6d0147a2b7d2fd14b47b1e1c702b84081b0496b110644cf2a8e6a1f
CROWN AGENCIES,109339.99,530.58,LCBO,VP. Information Technology,1996,154101289676b2e9091736fc61e1234fff9183ed0954e47ae4840e951faf161351b0711f5ad802101993834e7a20528d093fe709bde9fa676c02656e9c07b74f
CROWN AGENCIES,106808.43,532.76,LCBO,"VP, Distribution",1996,082c72b6fe0c82d331235becb5a58255d294e5cdd03614b71ad1fed4eb736c27ab9bbd19283baf136d5c04a99b1a4fe45a683fd5549bc8f19dcdf2be3f46a49d
CROWN AGENCIES,120569.31,586.14,LCBO,"VP, Retail",1996,ecd2f495581441144845cfdc351f5f0127bae058e11dfbe0879c6fa97d5ad3b554e84267142bc6e7c70e22443f8a7aa2360df6b5fdb46626725f7e8983e0a41d
CROWN AGENCIES,120728.72,589.28,LCBO,"VP, Merchandising",1996,8197acb6e6fc895bb76b805282452e99e8d3595a7dee9cfaa3cc71046eb6c67a7b887cc9a7925486a849f91273fe58c2e46d25e0c36ca42bebbc2b6baa8888c5
COLLEGES,110757.56,566.26,Le Collge des Grands Lacs,President du College,1996,a8b830d440d9d50397df0761dfc9740ea841847f9d75a9e1d993eb7e2aea4c3c73cdc9a26b975777c79b7108b10c2d14e858a559aa959adcab784e0898f4efe0
SCHOOL BOARDS,103894.0,489.0,Leeds and Grenville County Board of Education,Supt. of Education,1996,48ef2c696bbc8c758868b01c7ab7b5ebf4cc1eb8d6c0ce6d9eaa5dd8e00a1698214fddde61f1d0ff759677f2d1f6a11441df3b7085d8133c1588fd8c6109bb74
SCHOOL BOARDS,101298.0,476.0,Leeds and Grenville County Board of Education,Supt. of Business and Treasurer,1996,68ed47b46b78967b6adbad0140c0cc980488f8bc0c17fa1a909a232c937685750950b7c4a5bbbd3dd3068e4de84881bfaaff617d86f50eba4bb15633363be40e
SCHOOL BOARDS,108501.0,359.0,Leeds and Grenville County Board of Education,Director of Education and Secretary,1996,b7cf298fd4476c593a3ae41204699e4d17bf5dd9ab62b7e6906111410b1e699361f99e9b40ba5701931ecb73386689418fbf17c063de5af42c0a4a86a23327f2
SCHOOL BOARDS,102497.0,483.0,Leeds and Grenville County Board of Education,Supt. of Education,1996,9d251ff21b22e632101a3127007d922c2b26753de1dc871b6881039ed6aed98e24b0bf66910b572422b6fdd854f20dbd05194eec6e42a551da5fd1014f628b2e
SCHOOL BOARDS,103376.0,484.0,Leeds and Grenville County Board of Education,Supt. of Education,1996,a4a4a83cdb985a4d6cb431939f9f3cb0e7fe46b238c3205fe61f8868fedd999e507feddef0d3878770c091499ca3d3788db62bb50263ce5802481221b9edc3e5
OTHER PUBLIC SECTOR EMPLOYERS,125036.58,682.92,Leeds Grinville & Lanark District Health Unit,Medical Officer of Health,1996,b3da8a8414c015c929bc3e562405707e2fbecab07e874e6602a77d7639678441c75b0edfba841c4481a31878432250a756bff178e8354537f8114adf289f9dfb
ONTARIO PUBLIC SERVICE,118192.01,338.04,Legislative Assembly,"Director of Legal Services, IPC",1996,b37a803eb31a9ae7dee50aa5a418e60f1453b68f86c6e3b00f54e4dcabf74b0fee5a1c8b4cafcaa29742ef3bb41970be39671cae67a41779710ac1b788c5dfa2
ONTARIO PUBLIC SERVICE,104492.87,298.8,Legislative Assembly,"Asst. Commissioner, IPC",1996,8158e97e9de1dc6afc8daec7757601e0a474be9fad298873d4e11230127fa41ebb2afd183bc5601f1f5c71f20404f37b3de2ca47b103cbad18848d1cc6983a59
ONTARIO PUBLIC SERVICE,104285.62,298.56,Legislative Assembly,"Legal Counsel, IPC",1996,759657552017fb032a10eb33ef7d9a841e6e8d5974568cc1bcdbcf2a820657ef3997c302371befa82e730aadfa83d6032b89d3af0135f532b183e95f544acd0d
ONTARIO PUBLIC SERVICE,101308.51,270.15,Legislative Assembly,Minister of Intergovernmental Affairs ( and Women's Issues),1996,61e8ccd6333d636c4eb32d04a195d62ddd43b80919cb3e6a2e107199fecd8d39ea8b697089a1c504fbfdf8394910530de8d53dc239b81c8544b268b4de0e527a
ONTARIO PUBLIC SERVICE,133363.79,8686.4,Legislative Assembly,"Clerk of the House, Legislative Assembly",1996,7573c7587eb465fe977cf8c246cb1f12f916537912febb24487ffe5fea41e6cfcc29cf52c57704a0ec679b9c3a5ba44f72b5537fca85abfd97a5df2dfc8fa1e3
ONTARIO PUBLIC SERVICE,154751.0,0.0,Legislative Assembly,Integrity Commissioner,1996,ab7be45910f5bc996b16545e9db8aaf885eec3de3267483babe91437c594a8199ec7a7f323f6f7c8d408734794cf705baf46486d01745b4e2922bbf761816aba
ONTARIO PUBLIC SERVICE,101308.51,270.15,Legislative Assembly,"Minister of Finance, Deputy Premier",1996,210c374f378da1fea740f16f1244244a9720c07418350896c6a26863ed4cdf769e65b04cd2bcda1e3a6db0323f0d735141caf3591addbfabad9c48ad9797dcab
ONTARIO PUBLIC SERVICE,115768.99,338.28,Legislative Assembly,"Director of Appeals, IPC",1996,a0ee52cb213fa87be0194d185dacfcabbe228dd967fcb779b436125dd0865dc2f73fff498a1378c6a78ac3cc1d0b2f1b27f0138c17d3f7ba19eefa7ae70fb4fd
ONTARIO PUBLIC SERVICE,101308.51,270.15,Legislative Assembly,Attorney General (and Native Affairs),1996,46fc2f66b466de7730559975b272b3daff693e037c51d25ef69368e28545b555416aa4c0b0d4d632f30987b0cd361fe0cb540b5f02dc7dd487924afb98c00e60
ONTARIO PUBLIC SERVICE,126142.87,332.43,Legislative Assembly,Premier and President of the Council,1996,06130c30cdc6621354831747bff0505bf5fefcc580142fb93e2b27c1772b7fd0d075e6e704e75dedfb936a575a3d88fdf6cbf4e0968514a23b8fd079a9b82613
ONTARIO PUBLIC SERVICE,101308.51,270.15,Legislative Assembly,Minister of Natural Resources and Minister of Northern Development & Mines,1996,8e4cf3e3a3269ac88e175151df18225929dcf4fd23092fdf0be977637698050b48d77248ef80797897581bba28cc6ca9ef15003145d7c36304db9b7d1281366d
ONTARIO PUBLIC SERVICE,101308.51,270.15,Legislative Assembly,Chair of Management Board of Cabinet (and Government House Leader),1996,d800506c34d29672020f79fb680d521b299db15d2a55d9c9c5b6275cb584e67667fcb0b9dc13eaa3dba51910e6b4ab6827683376e6a7227d0d77c5594f704dad
ONTARIO PUBLIC SERVICE,101308.55,270.15,Legislative Assembly,Minister of Municipal Affairs and Housing,1996,2b45ea5be0e6559a4b674e1eb1584898ef37fbdb84351b4686ae8a8ef6049b7605a0833028a6c4dcbc33effc8a803c8c5931d6f7431e8146b86866e83d6eb1c1
ONTARIO PUBLIC SERVICE,109674.93,313.68,Legislative Assembly,Environmental Commissioner,1996,1ae4195330076525c2c0fd2b83701a72d5030a279ea0742663ef772789db8ddc38cc6c6e0842f5e39242f1badf2f7681b7ebdc513af645d379027021c08201b8
ONTARIO PUBLIC SERVICE,105491.98,281.51,Legislative Assembly,Leader of the Official Opposition-Liberal Party,1996,e0a495137dc38a9d603dfea8b7b57e337d1abc6d8776ed94a9654836b26dbaf6c5e77c4294d90bd68fb478871f9064344608997d8cd9cc53e29ff607faef4349
ONTARIO PUBLIC SERVICE,101308.55,270.15,Legislative Assembly,"Minister of Citizenship, Culture & Recreation",1996,21278338fea4e9d170e9672d5325b32cbed17fb32e9f345ab9a8a0b8176c4a56a77dbde88d001ae7a50b7b009dde242caa46d73099b9355ef6b58920d6eae22a
ONTARIO PUBLIC SERVICE,101308.55,270.15,Legislative Assembly,Minister of Transportation,1996,eef6ec1a9d80199505c1f434d3d187a470a1e2234119852b89dc3dd4f9ea13a8b071ee6a4b5f9a0f59bbaa87e34dbd6c58ebba4786da9fcdebbb24bc7a647933
ONTARIO PUBLIC SERVICE,108038.75,309.0,Legislative Assembly,"Controller, Office of the Assembly",1996,bc9ce646257d7aa4cbfa7cb8e1eb8aadd4003e65467e61bd4185aa784200a01404be43f89ceafd9340c0a236ccd24e17a9223e53fe494ae10f95215223a09088
ONTARIO PUBLIC SERVICE,101308.51,270.15,Legislative Assembly,Solicitor General and Minister of Correctional Services,1996,28c7150a122398a706b2b8ebe604dc93eb91076531293f12d497b9146cccc69c862974087cec65a0c140efef5e0465595bd7f46ded693e4374197cec9cc159b6
ONTARIO PUBLIC SERVICE,101308.55,270.15,Legislative Assembly,"Minister of Economic Dev., Trade & Tourism",1996,8ea5f9a6e7fac286c0ca3e07c18e3bb1fe5a642dd6427ed9e7ecbc282832334c353113f5d00a335b52cc35c5b3d75bdf722e7c3f051344cc67377e80df97712a
ONTARIO PUBLIC SERVICE,101308.55,270.15,Legislative Assembly,Minister of Education and Training,1996,f6f4906e0e128cee5cb00eeca477e005feb22e5a2b48a92fbecaae2738d56408ec24895f8ac5c2d06f3f0c5530c1522c1940d8aff3cf85ad93f78955d8008c85
ONTARIO PUBLIC SERVICE,113835.71,325.56,Legislative Assembly,"Executive Director, Assembly Services, Office of the Assembly",1996,9f26f15fc133129cb19333155a9e1b32fdecafa17687c9dd3ad03b4694139eb301cd15c9500c33608e07ec7bffe62e5129cc2b124961cdf2d8a4e10f38bb903a
ONTARIO PUBLIC SERVICE,101308.51,270.15,Legislative Assembly,Minister of Environment and Energy,1996,ecca7861096dac205cbc6ff5e612022a5c01539b616bf6cd7ad21e3000abc09b24525a4e278afd09dc39cf99f6ea6773ae9e2c527cef64db712e4741e33bc5aa
ONTARIO PUBLIC SERVICE,101308.55,270.15,Legislative Assembly,Minister of Consumer and Commercial Relations,1996,27c0a9087f8bb1ef188f62e6afdfa111d5b7e1d8e2d65b99af68217b679d5f18949b60cf8e418dd65553a59870bb612314d32987a49626857af0064bfbc17779
ONTARIO PUBLIC SERVICE,101308.51,270.15,Legislative Assembly,"Minister of Agriculture, Food and Rural Affairs (and Francophone Affairs)",1996,e932b597eb73d66c7d4a7add9295c0df248d60c415aa8441054c9695fa4b91a59f95a7ea96937dfa204273361314e876312b720eb5d12a59d1d8966182c7edc1
ONTARIO PUBLIC SERVICE,101308.51,270.15,Legislative Assembly,Minister of Labour,1996,f68674d99672dbcbdcd49793e333f1d6037795e8b0074b80d7bdf219db3ba53a9d5baf3c41cacf6b887143497fbfe538457d3f2ea5fb2b6577b392ac1e84b8d4
ONTARIO PUBLIC SERVICE,118241.67,338.16,Legislative Assembly,"Info. & Privacy Commissioner, IPC",1996,f967f90379c8526bd965930995acbdc0f6917d6be88dbf58e9e893923cb614bc9db885a8163e249e128958e574ee8f7cf2ea5800f6416735ea87c09a55d5db1c
SCHOOL BOARDS,101095.0,220.0,Lennox and Addington County Board of Education,Supt. of Schools,1996,fa114844a258099a544821de01e3f454eb5c9e25eb070a449eaa43a5a6709bd9db1adaf0c7510248a1abcb69bf5aaa8849817b8e4e4876f33a68d17c483d6b27
SCHOOL BOARDS,115308.0,220.0,Lennox and Addington County Board of Education,Dir. of Education,1996,6be0c0d2e46f4b9522861bfe5219bf064961d0109737ba6c10b78ffc5a8944d33eb45946dc871bad84d2b9287f2c7935883b94645ed5dc92bf93c5898e06654b
SCHOOL BOARDS,101789.0,220.0,Lennox and Addington County Board of Education,Supt. of Business,1996,5450f362a53ab13f1640dc8f58dacd988efa3784a95d82c0f39f6d8ed21cee988b8d0db8de34873865eee23e113463508705da022cafc6ebf82e6c9696bae2cc
SCHOOL BOARDS,114756.0,4293.0,Lincoln County Board of Education,Director of Education & Secretary,1996,8b1608e70666d80dfc1bcac0ce41b2166fec23ab493b92c011f4d4a83ee803d3ae36fd7099cdf9a5be152cba198c4abfdbe97283a2d2439860cf8cc0c915b23b
SCHOOL BOARDS,103943.0,641.0,Lincoln County Roman Catholic Separate School Board,Director of Education,1996,fe2d013a5062db59f95205bcb6c6bd7fed5d4851b72681465c4eafa9d3be1eb4afb40d856df9f79a8e5264443ea0cb340b15008949bcb2efda76fe57b27394c5
SCHOOL BOARDS,105398.02,554.32,London & Middlesex County R.C.S.S.B.,Supt. of Schools,1996,ef22faa8005e10a06a635b30526713b7881f1689b7d239d7c40f78cb6ab845447a48439f28b060e95d311efba04bd601bb690bc9f342f091b44ea26f7c24a1f9
SCHOOL BOARDS,105398.02,554.32,London & Middlesex County R.C.S.S.B.,Supt. of Schools,1996,be92cdc8086d81d955f6f916c4da000d49f8993cb702f039d2cd41bd47b009e859ca59c8f3ed5b88600d4689dd3f82d1a6c0fa967e91b0af31e8ca72b7f95173
SCHOOL BOARDS,118573.0,630.28,London & Middlesex County R.C.S.S.B.,Director of Education,1996,5b9129af46cd5c0dcbfc1a934aa896e67dcdf414515f6c1de703de898b8a760f6f12ee4e34673acea210d30f66a83836df45e979ec9369b4d3f8951d8a99a3cd
SCHOOL BOARDS,105398.02,604.32,London & Middlesex County R.C.S.S.B.,Supt. of Schools,1996,df669c4e85e12c1a70fdab93e4a4b44e8eecb4fb8848afc9c2b6f70423e837aaea479c81df01d616582fdb0cfbe41ae8ead2ed20d7a49371aa80ecc71de4bd21
SCHOOL BOARDS,105398.02,554.32,London & Middlesex County R.C.S.S.B.,Supt. of Business,1996,66c5b120024229df787d4b06e4430198d85d447129d793398148d9f22f7ec91c86179c941da62204a9f9b0c5d58a4ec60988a11e009adbec655077b43047ce3a
SCHOOL BOARDS,105398.02,554.32,London & Middlesex County R.C.S.S.B.,Supt. of Human Resources,1996,6997cfe8ce36572dd9ff651610d608500c1ac69906b924d55bd20fd93c82f3cdf42592f70f9bd5fe9f4127e5549a5599258df1b0633ed2aacbd54dd8373ab76b
SCHOOL BOARDS,114747.0,748.0,London Board of Education,Supt. of Business,1996,697c5632103915e2b5f1240b7bec07c692abec26859474cba5383bf38c690f412e2736f714860d5e6bf6fac12ad68cbf70b5a1fc725e49a22dfc0c8dab1bfbd2
SCHOOL BOARDS,114747.0,748.0,London Board of Education,Supt. of Sch Op,1996,15b9211f3c5754f537d8f6e21984d2af197dd4af371599c529b599a78a601fa730890599f47c07ce3a6caed11e184ef5731611fcb420be2364a0c1bbe986fc42
SCHOOL BOARDS,106520.0,688.0,London Board of Education,Asst. Supt. of Bus,1996,2c4a7575bec5e116325cfc76f61b702ced192344954143328955225a3d12facbd9299dd28716cacc51a1b188c9fe73d7eb04c6980b152ae0ae9ab7fa1dc641d7
SCHOOL BOARDS,114747.0,748.0,London Board of Education,Supt. of Hrs,1996,31392c309c30cd448414414776f0c2c67e770047adbccf6330486766a6eab2ddef8e0cfda355ae9028506ef68cb33d0be89758f5ef2d3ae0bec7434fb0916ad8
SCHOOL BOARDS,106518.0,695.0,London Board of Education,Supt. Education,1996,03079ed3fdb1aa9dba73b2ebaa6306d70de2b61d0ff9ed7c1eac5827349d092c6037097d2058c01cefbb6bf6de0c6d20d9a7a6d9181a0a2058ad23b40597d016
SCHOOL BOARDS,141950.0,9551.0,London Board of Education,Dir. of Education,1996,e4e5c282c21e8be888fd240de638141ee1f285063c8e22050e4ef738328fdf317fe5e6e0a967caff8b6a532c707699a1112a5c1f26ede244593701a9267fcb45
SCHOOL BOARDS,117747.0,748.0,London Board of Education,Supt. of Ess,1996,9fff5c519f7f2b118547b005d8f451f6beba3eb0b0766ae28ef8da6adcec35561c54d43e9cab2e541fdb94d0718b5954db7934da775950476d31c4aa4c6e73ca
SCHOOL BOARDS,106518.0,695.0,London Board of Education,Supt. of Schools,1996,2167f658d73aec16e122c9d6a14bbcc9a0b88c292319b942e6184364e67c45d46c095869af083f72ae9271b84f6511037f9b96b79c4dd41dd44a3a6c21b122ab
HOSPITALS,126298.0,19222.0,London Health Sciences Centre,"VP, Patient Networks & Alliances",1996,dd00acb3f1a9d452c7741927249a1d0abffe9d429db1a18bc61217ba7c5d6c271a63b2caed617f359b606aa94c0e9c269e7344bbe65ae8e0a64dd6877babc28e
HOSPITALS,151275.0,447.0,London Health Sciences Centre,Physician,1996,ba22ae34fbb152e6b747919149daf3e98a62caa2392a4ae63042d2c5434605171bad2e4cce9c6cbc0b8c1a905095215ff8ee9baea76385b1d70e25b68840c254
HOSPITALS,142361.0,15082.0,London Health Sciences Centre,"VP, Integrated Diagnostic Services",1996,d892bf46fd9bac1e4160ff6ad02e580b925fe73a5cc0c8118eadc0d2715adf83e1d720be5881dffd335be54ec74eca28486ad84060b127574f196abff0b66146
HOSPITALS,145844.0,10990.0,London Health Sciences Centre,"VP, Finance & Information Technology",1996,f0908eeff5c3f9f1a30d6bc7478ded3548ad37a195812cbb76aafdc5deafc46b7c85191be6af5c06700f81a980cfdd58dfb3f918f42bba7b74974735e7890cee
HOSPITALS,232669.0,260.0,London Health Sciences Centre,Physician,1996,2767c6fae23eadbe416b0b4161e4dd7604cef1a6adff1fbdb0374ceb57fc543e5f571f8cecfc66dd08d2539a0bab588ccf32930be384fc1e9852337ec5cd1c34
HOSPITALS,185107.0,604.0,London Health Sciences Centre,Physician,1996,544ca770e96a1f9d7027aa6ae037466a22a84086a46c200c2cac3d6b4cf951f9636a728e8e42f6b72964bc3069313449b5fb5315048a8e9989333c259f0ec08b
HOSPITALS,123900.0,10506.0,London Health Sciences Centre,"VP, Integrated Planning",1996,03c8e273dd97d56f0ba7e4bd519e44db69b9aa9779ff116a876f30e46c534956d3d88bb95b81bc04ebd9a2e773205223401505d3c58e3341ec6a13d2d1ae0ead
HOSPITALS,160787.0,407.0,London Health Sciences Centre,Physician,1996,dff830fd142a173639942dc802ba4ddfe90fc48b98e7aa8dc2475247fa4ff188896396b2c79b862a1919864f98ebd7d7eac5cd99e0e49c9550664148f56308dc
HOSPITALS,299999.0,21480.0,London Health Sciences Centre,President & CEO,1996,9f5633627097e800facc37ec22d5f2f611abbe24cff4c868744165f8bd5a5c74f1e4be9a524a38d99b5568df70e0e0b10d01b53e60176976a87ba0320211d34e
HOSPITALS,154832.0,391.0,London Health Sciences Centre,Physician,1996,af7c6b4070aaf57713009e2bb8b645ee9b5892611d88b02de67150efbc74bdd3dcf1d6f6e89870189f48b1341d525aa22d2c57a00bfc73f93f9f2f86ca260e45
HOSPITALS,138637.0,452.0,London Health Sciences Centre,Physician,1996,5f28eaff2b693d458fdbd533b3eda649ac938eef5b414b5e508144efee81cc6b7a9ef26641363c62e3ace864d45355a909f7c746f706a6e34fb302faeb52ca50
HOSPITALS,138903.0,16235.0,London Health Sciences Centre,"VP, Human Resources & Corporate Services",1996,9be7a08c9001fd3e68563207fd74312ef283c028a7f7462e66386c82b4018da0ebaad4abaa983ae3ad2a821a523fa445879a152a90dc9d1197e60ec6bf506489
HOSPITALS,169542.0,11849.0,London Health Sciences Centre,"VP, Academic & Medical/Dental Staff",1996,3f77b7699633df9c03719e2154c4fd3f99b9da853a5215a68ef30155d8f5cbc68ffb7ef3061295db9261cccbc95933489e96ddb44a500fc4da25ef57552af592
HOSPITALS,187355.0,11332.0,London Health Sciences Centre,"VP, Research",1996,fe8c0eac01758548fcadcc12ef82e16c1be35f24d041805405a3f9b431e00b772635f8c98a6186cc380dce5accf0ec6f20e54581a6b4884f9862713a279a775b
HOSPITALS,149163.0,486.0,London Health Sciences Centre,Physician,1996,c299c9dadb44250a0ac889ce41651a3b9bfc53e625d75b98cca4646ef2cc98bece1b49f1798dbfdbcae743957c90b1f5e65e3734f503d4225fab4ed197b2c36a
HOSPITALS,138637.0,452.0,London Health Sciences Centre,Physician,1996,afe64293f0f42ffc7f9615ac32360783db3fab24398e7aeb38d63a3c836781007b79811134637e1ac170701f98120f6a74ab0f709ad97794944df842ea872546
HOSPITALS,134727.0,439.0,London Health Sciences Centre,Physician,1996,a6c578817c1b797b56653510b0023203f07fbdea297a5a0d28adbb4b97fd910c6b60941132f88c30669f8b4075f0cf1931b417bd85fc780666854390c2225c4f
HOSPITALS,185107.0,604.0,London Health Sciences Centre,Physician,1996,22b09d4da3d07c6bb7da57d66cc3fd238e0c7ac4d6185f2212e3cc474c96d24c8027f012ca18b7cee436fb9936a6cbfb57d112b68cf5662331c149f472ca8002
HOSPITALS,138637.0,452.0,London Health Sciences Centre,Physician,1996,89bdbae46c57e75a2d0f2604d4189894f376860aa4a8320dc43236cb3f2d44e7feda03cad9d0ef8c272f27d2057c87459c039c9900d1f9ecaf49f36631a14e96
HOSPITALS,110855.0,296.0,London Health Sciences Centre,Physician,1996,9c8e2957fb4a6eea5e5e764effb59980499b2af554bdf79bc972b9cca832bcc348cb041d13dcfcd893e6ed1dbd4e5457c0a1549bc4393a568832a56c61c6fe66
HOSPITALS,148057.0,424.0,London Health Sciences Centre,Physician,1996,ad542636f1e4e13c084c06fd6cf104e922abf72596151ca611e9992ae2cf99283fb8948ed84681256f04b80ee1a05ab1d78449902199cd098353a0ca3a8ffe6e
HOSPITALS,129399.0,10261.0,London Health Sciences Centre,"VP, Patient Care Systems",1996,0eb56369c8283f5d08413e8cf5575fee86b0ea750718ff0d495220d6c805ec84279d8d80ba8e94d29b3c101577718560d2c29a8bd69c573144bf352202b7fc53
HOSPITALS,185107.0,604.0,London Health Sciences Centre,Physician,1996,b1a7cff6dc6c053258e64ce8f0a0699b84056d8ac071515def84484ce2f718581639ee3c1ec968697b9c42541345930eec8a1680f77d30f39fdf8a251c81b787
HOSPITALS,185107.0,604.0,London Health Sciences Centre,Physician,1996,37cc3916123de3ae24c593312afe69df88e417ec21731f0eb09cb7b2a0de326464f527b6a4de1e2fe2712c82c504710cd7b106075b8bc6196c4a5a2a48e02d25
HOSPITALS,150021.0,377.0,London Health Sciences Centre,Physician,1996,2133ec2b6b067ebd54eab44f3390b89db2989d3e79a37ede57c7b8625f7505c04bbb6ad10148ce7019d63154dc487ebcf8b4146f31fcb8574d6e860c92baf968
HOSPITALS,138637.0,452.0,London Health Sciences Centre,Physician,1996,1d3d3fb27b2088f519c8010f3f40704cde3698128c9a1e6de406614736235826025f4faa31f393d7ea1b5866ff44e6d07c3bde619ebe484d20e69cfe9b3b61d3
HOSPITALS,185107.0,604.0,London Health Sciences Centre,Physician,1996,998376ba44dc4e612172965ffe756bf835daf5bf686f41fd3b0c2c5e7930899232519ac5ab550eabef639adab0bae960e66b691f870696b0b2bec221fa397f50
HOSPITALS,185107.0,604.0,London Health Sciences Centre,Physician,1996,92d7996dffd7f1106a4e6aa2b42efb695f4b3371bc6558dba12f27cdef0db6306b1478f1ce085f63b282a3a5f1274411ddfbb731694c5a0229038eba78619c47
HOSPITALS,295233.0,15609.0,London Health Sciences Centre,Physician,1996,e596d11532ba910d1760c1bcb16e621352441f363b64ec306f8a6e629e1fa439effe78c67053368b6dc49b052d98d0e77748d4d5db146c0330dbd2b63ebc9ada
HOSPITALS,148876.0,377.0,London Health Sciences Centre,Physician,1996,defe3b6cb0109e5542435d6681d9ba5dda245440bcd4f7a91778c8d6147e41b7865be4de41e3e81e9d77652ade8fa23252f73412acca5150e1561f2f2038d688
HOSPITALS,185107.0,604.0,London Health Sciences Centre,Physician,1996,970515eb84e72d1cd1e8b94c5f0b174f1482da5a899a56191397b1e40b7acd11e2a7c7326321e554c6537ba29faf97d248c49a76bd8c72cd430ec73b1c67fcf3
COLLEGES,114178.0,7693.0,Loyalist College of Applied Arts & Technology,President,1996,c0056712e7e1c92b623f134e23869c122588c90b1b886463522563c1aafde67b315756d289f5fd879a1fff9c19eca794dc18435b265a9830fcb790fc1eba5c37
ONTARIO PUBLIC SERVICE,100680.43,290.4,Management Board Secretariat,"Adm., Program Mgmt & Estimates Division",1996,a098caaa82e307f176a3119c3f00cbf88c628d3ba8b3c1f37bb8b5bb315dc4feb68104579d448af1796832f145c21d1cd7545d80dd76b001ebd55f5d754ac4aa
ONTARIO PUBLIC SERVICE,103119.6,297.48,Management Board Secretariat,"Adm., Services Division",1996,743531a731bced9c85d22e23212a4a04e954a223a562db8b962a484765e6780cfc0a75ef820a2e66335683ee5490ce9a46a0cf97bea60f959db3a0e9263c16e0
ONTARIO PUBLIC SERVICE,106692.0,199.12,Management Board Secretariat,"Adm., Services Division",1996,64c488c32cdf8b23b5f66cefdd3eb2b8942f9012ddc41411428ad16939c5ae768fdcae0ae24d278557d74c76b6cd311594d3ea777df054bafc3a02dca71e4993
ONTARIO PUBLIC SERVICE,103003.06,297.0,Management Board Secretariat,"Adm., Corporate Initiative Group",1996,e49912e6a6e85a5f3e651baf635b5d4ab467026cef0eeedf6f66ce94cd0006efc79f48f6113eabeb1bece962e3d54a66cc3ac91c901e457372ae31f3529daf55
ONTARIO PUBLIC SERVICE,118744.37,0.0,Management Board Secretariat,"Adm., Supply & Services Division",1996,7a7af2d0c18aa10925931e2ddbac0b94c0890c52a98642eb88e605a04c1d9bf3271c74906e71ce09afa48ce83c5213eed5e4862da5e3b9a0d3445aa00955c27b
ONTARIO PUBLIC SERVICE,129093.7,5007.6,Management Board Secretariat,Deputy Minister,1996,92ebf6e0e45d46270cb6fdf1a54c6de7ff35136109876097227ae294d18ce441703f67041848779bd4db247f13042159326208aa22749b42e6d90e4bd962be57
ONTARIO PUBLIC SERVICE,112387.83,324.24,Management Board Secretariat,Chief Actuary,1996,deedbeb44ded0bd91b85524c7a7d22e8e66dabb34e395bb825a2733b53810eb23e80c95cae753324310971442c893fe3c9808520216db69998e1e6ba24aa623b
ONTARIO PUBLIC SERVICE,100876.8,291.0,Management Board Secretariat,"Adm., Human Resource Division",1996,75625f845b103769db335da03b338c1f126eb7b487eed6167a45d6881b0d6b834bd3a07e13560a13a5305884630a96d8c739340c50ffec2582d810bb1ff6e662
OTHER PUBLIC SECTOR EMPLOYERS,100000.0,942.0,Manufacturing Research Corporation of Ontario,President,1996,bba9c2a6557a8643180a1a41696cf605329279ffa4d9c378b6fb4de69c0d7e9f199c2b04f85dd31fe2445632d9bedd2a1c6e74a29638bfb964585feba2394340
UNIVERSITIES,105880.86,247.8,McMaster University,ASSOC. VP (ACADEMIC),1996,a543545471fb0decbb628a5feb1ac57984657b40ede667bb30c4641a4c7afc3b2fe19c077ec8639e97c81396c2af9f84aedc1bd475413e03c87b18292f6cc698
UNIVERSITIES,143987.07,793.68,McMaster University,PROFESSOR - HEALTH SCIENCES,1996,6b05854ed2a755a110bec290d347dfbc1cd26874aee66846fd7322049a09d868681e8f5eb0ec681e251e238061a82747cc0134891e03cdb76bda3b5750a6d04a
UNIVERSITIES,205859.04,312.12,McMaster University,VP (HEALTH SCIENCES),1996,f5d70290b88c3ee1d6f13fc35a43623e09c9517c962a8387730ef38a77f46d59a58aece025c1b6dd4d261240059dca2e4a256b7398c25e87044dd0bc7ecb273f
UNIVERSITIES,129961.56,513.0,McMaster University,PROFESSOR - SOCIAL SCIENCES,1996,2052f8976297ce11bf90126b514c72f1076a05be4db502c31b56081149be228eede6e831f6bf86668e40272e18771435beea9887c7b4de3b5d74857fa8fcf7ff
UNIVERSITIES,102489.26,234.12,McMaster University,PROFESSOR - SOCIAL SCIENCES,1996,0e45c1a6bf8e233636964624f8c83dad19b707467bd53fbad5913dc133e7c60d9d0389710a8c6d19f54f304d1c05c5c82e5d0340e122f257a491a9596694617b
UNIVERSITIES,100592.94,4702.5,McMaster University,ASSOC. PROFESSOR - SOCIAL SCIENCES,1996,e5a5edcc5fe2c147ee213ab5456e93163eaa8b3bd037dd9f5d258355ba1f7695d9573b80c3eb7812bed52c082c01a203f7711780973a2c6fd0eabaf5c6e83877
UNIVERSITIES,108884.1,513.0,McMaster University,PROFESSOR - SCIENCE,1996,5de0ab4c35720aeed7d76433b8c2fea1ca6f0e253be0ba71e8ce202df4bc9137bd7aab13716635447f4cf41a70ae4a313a477122eb5c1323b73e4c933b9ff15b
UNIVERSITIES,146234.12,247.8,McMaster University,ASST. PROFESSOR - HEALTH SCIENCES,1996,a4ffc4dd02b81e455761389402aaef4466865ab642dd13bd0a20234331c2c5f2b9af9fcf0e78209fe56bed368a70d806c6118122286f305ecb05f4d031fc51a1
UNIVERSITIES,115985.16,247.8,McMaster University,PROFESSOR - SCIENCE,1996,bfb15159f28773595157c88d450806faffc2163ba61c2228486170556d1edf545e1c84c8952912ce6f27b8dbfd0b651e4772527c76b741d0a878da77d5ef6faf
UNIVERSITIES,154337.7,826.11,McMaster University,PROFESSOR - HEALTH SCIENCES,1996,a148ad87f63aed8925cb4062e1fb80807760c8c938a3deb8a4791082547268c47caf1e3b73adfa383a4f031881896b29f808df403f66c5949b8c8fe2161a4299
UNIVERSITIES,129021.03,513.0,McMaster University,PROFESSOR - HEALTH SCIENCES,1996,f91e3e53290cb007b7b63d557dd0653c86fb604eaa486964b9f27577048b7785af310702fe63fab5a36f8bb14f2eec4cf9952d72af64758cd818f63b36fbef7a
UNIVERSITIES,101583.72,623.28,McMaster University,PROFESSOR - ENGINEERING,1996,bfd55ad6149b942b7514215adfb643cd96ba6487d73fdb50199dd60669d18c5bcfd2e3d9786016849aabdb2063b7eb5b8e47d6da5d052cdbf2dc108c40f49dc9
UNIVERSITIES,124770.78,247.8,McMaster University,DEAN & PROFESSOR - BUSINESS,1996,382d69d7e42262efc744e8b3ff54ed925e9a4347d4c5fadb5b9414fac65f813b2d084aa9473c6c5b4bc5eeb2b8c1f68f2a90b94469560e235866be95715b5608
UNIVERSITIES,100587.72,619.38,McMaster University,ASSOC. PROFESSOR - HEALTH SCIENCES,1996,b2cf37a2a016589ed2c65b3183cd63b3d756234b51115edd165d25b872d6829910e2358b815de015809660b548ca844d14acabe967a33e507e00a71a68424c45
UNIVERSITIES,135717.18,752.16,McMaster University,VP (ADMINISTRATION),1996,00b7c4ca68458c5587a7b42c087a9cb848c5ce51c08e2dfd70a0b4cbb3d6441795641332f7ca35b527398570f966159752843240818c0e3f7f256a2f684e688c
UNIVERSITIES,133559.49,185.85,McMaster University,PROFESSOR - HEALTH SCIENCES,1996,4ec29b4eb2de9782ce8850a046b08fbe81945900672d109b55c9f41e79bc7dedd09e7585f142fe316183aa8d86577dbae848814baf57db6fcc85d308f272b787
UNIVERSITIES,104701.14,635.22,McMaster University,PROFESSOR - ENGINEERING,1996,cf857879093650b7e40dcabd7e621e4d270a4766ec6eabba8576d9151b4423cefac335584b9a8ba73e05fe558a0779b3c1bcac9558cdd2404ba5c1b5ba28f448
UNIVERSITIES,104860.74,247.8,McMaster University,PROFESSOR - ENGINEERING,1996,0aed95833711bebe7c249684d07c83b86d2576eac15aecf32f9931d5f65038053d2dac9a7766dcc3261714f531888e00f7b5851a4df1447949d91030983fb10a
UNIVERSITIES,101027.58,594.24,McMaster University,PROFESSOR - SCIENCE,1996,28a751a6174ba742c4ceab53af90fac8bf4decb6e9e58264c609f0ab535f55a16b55788c2032e7543f71250be4ddcc632d684580f3beaae08ccbf3120d0959ca
UNIVERSITIES,146219.07,247.8,McMaster University,ASSOC. PROFESSOR - HEALTH SCIENCES,1996,91698aa2d948154b61749ed93c4bd50d2d522008d3d4327e48a16d85252b4040220970c08cdd1ea1b501e3b553d7813e165995db4ea55670516d543c6c4d8696
UNIVERSITIES,102437.94,513.0,McMaster University,PROFESSOR - HEALTH SCIENCES,1996,468412169de308530927947e9d35c21c312752a466360e7aaf3299fe9b8823d03b9a0f306abd2b879a9556fc18e6e09f26600418766bce0fd65e361f8f5a2922
UNIVERSITIES,104357.52,915.18,McMaster University,PROFESSOR - HEALTH SCIENCES,1996,5f742f06c4a39341c369b5f4e9435a153ff7c507cfa6461d429ca0a8736ef6aa72a5fa22cb0f4a7851f65fc3317ef6d4d9d07b1fbbb608f9bc1c8ddfc50c1784
UNIVERSITIES,193860.07,8824.27,McMaster University,PRESIDENT,1996,38e459878452fb874b15d560fcb01125939a2f1bd215c82efa00c94524295949e939e0f2ebfbd4cd5cb8ec0bf7750e616e7d38aea38c0043dc648d670a3e9ca3
UNIVERSITIES,103918.74,2108.59,McMaster University,VP (RESEARCH & INTERNATIONAL AFFAIRS),1996,005191981272a4122581da1d23383f19c290bf84c8c6ac67a6dc77d0baecb60ee2b35cba18dc977ad700aadb74592d88a20693912e0a2f1caa222ebc50ec7f78
UNIVERSITIES,103033.14,628.92,McMaster University,PROFESSOR - HEALTH SCIENCES,1996,fd549a55aba513b2619329fa722bd5d84a6bc762e1c33ab8831527b5768142bffd3a36e3b3fd584b2349ad6afe731e8af75f32ca13093cffc8675707b2732360
UNIVERSITIES,147845.99,1155.3,McMaster University,PROFESSOR - HEALTH SCIENCES,1996,ac478f57c4979ae1146893bb96ff36f3be15fdbc1693fdf953f2d890f59d10eb50c5b53e9cde323427917386450db04d942f3eff51ea1b8ceb9f4e4ae31d6c98
UNIVERSITIES,101926.44,624.72,McMaster University,PROFESSOR - HEALTH SCIENCES,1996,85f544c78f146e0235c0b5e53a7f02d2591bd7516686d95a50c4697b4f275e3dced490675b8862452f17e68ade505edb4c2da6fba97710a707efcd2063a09d48
UNIVERSITIES,103376.52,3542.32,McMaster University,PROFESSOR - SCIENCE,1996,ff697560d18b75a2817907cbcf53cb1e5e9a02a56aa17260d524ef3198b12fda8f7d3655efc31b1501dfdcead35d82b078f769359727e4ccbb500ddca9df046b
UNIVERSITIES,100617.0,247.8,McMaster University,PROFESSOR - HEALTH SCIENCES,1996,446845119b2df0a1a6e0314c1b11467fbe7597205bac23199e93b687f96583f906234331f22cc200c4987cf932358a2ba1a5ecd093266853ee19328bc4f3f10b
UNIVERSITIES,131212.14,737.34,McMaster University,PROFESSOR - ENGINEERING,1996,cb520bf0f949d69d863e51a15838f322eb883f0e542a9f5dee77667fa58a7671f167f0104e1ddb0d3b59ae271cb0c19df941fe40192a93565c744fa8e87b25bc
UNIVERSITIES,111264.0,513.0,McMaster University,UNIV. LIBRARIAN,1996,f6f24b762fad0e26940a87c2449cfbe216306187e98171d9f3f99d5249915deeb912797faf74b0b8aa935b2ca417b4cc7398c72f8757990b3906c35cd810f936
UNIVERSITIES,102332.84,247.8,McMaster University,PROFESSOR - HEALTH SCIENCES,1996,3500d1254b64b23c2b904fee88d3e621616d18a1f3bfe9b89a5f0aafe86759c3301d3a1958efc609d5d561659eb7d07430b1f729ba9272e59250b5ba8cb96dd6
UNIVERSITIES,100440.0,513.0,McMaster University,ASST. VP FINANCE,1996,8c4366cbba055112d7e663a48b799b60bc0162631f9530fdfd9b0fc21876c6384ae243b55778de1e9a2ca8dd81c963de0e0466cb9d5423b7f363eed920efdbb3
UNIVERSITIES,113872.02,670.32,McMaster University,DEAN & PROFESSOR - SOCIAL SCIENCES,1996,bf854fedc96a803d271a2db06b479624314272112732d72a9f4b118b0cc8dadd5d8f80cc68803853628e863624ad959ab27c3e1183a35ae25af2589fd1ac3744
UNIVERSITIES,176256.42,513.0,McMaster University,PROFESSOR - HEALTH SCIENCES,1996,9f4cef0d5b47665aa8c61ffd17a0e2f1bdfcdf1456952132a6ce64bc4d496263019c5b9d2fde1b7866cdc14629739973881e1b7f23ad59f0664b6c87b44339c4
UNIVERSITIES,115456.74,1263.03,McMaster University,PROFESSOR - SCIENCE,1996,be212ff17288a33c8cb92909684b7d2be8dc8ce49eb1d6af815e6bb320ad0a694e224b9a5fbe0a352c47cd42fa9e553add5b0352a67638a8fc40a3f37e4e32b8
UNIVERSITIES,106597.62,247.8,McMaster University,ASST. PROVOST,1996,4eb7729d5e7d0f564c377ac77770fe16beda314858f09d83b98ec5b4b909056f134a44170b268dc079ff4af62c1bcba585eb7434fab478322559b64b62fdf4eb
UNIVERSITIES,120954.78,697.8,McMaster University,PROFESSOR - SCIENCE,1996,b228a32dddafa4f63b4156694cce6661360543066cdf2b453191b5fec1382290e41b1ad37ca75d2a4c431c048d6ccb00bc7686efd29c398e11c8304c23882e08
UNIVERSITIES,103280.52,627.48,McMaster University,ADMINISTRATOR,1996,8b81da61409ff0f11597529764c588eb89eb42178446fb8ae1fd0ef498c4e7517268c2b555fc1d80d81b580f0518b520996d8c21603454bbe9614f72adc8bece
UNIVERSITIES,136584.15,2870.2,McMaster University,ASSOC. PROFESSOR - HEALTH SCIENCES,1996,18f1bfc5582a1712ffd6852ac7ab1da554fa62eb9ccd9f81765c7bea2e40cdc58d8d9187eb9d7ed8f4e73e70f1b1c8f83e41066446033fdd90c5ce379d4d3f85
UNIVERSITIES,142131.34,227.94,McMaster University,PROFESSOR - SOCIAL SCIENCES,1996,c7e295b652ea6677a3c822e5baaf2f8dac1d9947d86d805b16b562166722661bf24b2dccd1195f0fc674a730ba88f61590e877da2ff514a664589b7f26c508c5
UNIVERSITIES,111163.74,660.18,McMaster University,PROFESSOR - BUSINESS,1996,fc586d90a27b2e5bc191ac6fab901463b3a533790a8ebb4f8869fdc9bdc105e1e9f41415151d930249ca81926bdbfad2fdffcaf49b42efd9c0c514992c6bcfcb
UNIVERSITIES,123250.55,994.38,McMaster University,PROFESSOR - HEALTH SCIENCES,1996,c6dd8e60024cb4a245d27c8152b8de56d0ea9142883c413d824162aab3c29a8c2cd014b7ecbbdc4f518f19c0f3db09297e76a82ae795d1348e30d9608c9885ae
UNIVERSITIES,106018.52,240.78,McMaster University,ASST. PROFESSOR - HEALTH SCIENCES,1996,cc6d88ff40a99a2fe55fcae4b5f7c3c1c031e2d4b939843028fdbc23798304c022b480df1b44cdd5debc2e50e91ce5ef51183856b6f605d0a4847c409dea5548
UNIVERSITIES,109155.11,773.3,McMaster University,PROFESSOR - HEALTH SCIENCES,1996,708ffe58eb93d3f2c6a887e50877b89a0fe8fb9238cdfb426dd915c826076c22604c8fbd7a4dba1bf073a0de2fef9a22b9e8800e49e6b22735882809b6173aa9
UNIVERSITIES,124954.98,247.8,McMaster University,ASST. PROFESSOR - HEALTH SCIENCES,1996,25f748d1c06550fd87cb0e94960065d2f8b506238ad6541d59ddbb82ed2a170130df4a7d139735a62585e25c7f0ffa9acba55acd55c228fc69bc035e4763fc1c
UNIVERSITIES,164505.06,865.16,McMaster University,PROFESSOR - HEALTH SCIENCES,1996,068186b7dbfc0b40404840592ed266b644313103ad5d5cf9e79e9c3591ba3f6a66ffe2843af9094be85f64b395b5e39b5eaddc270a5612a9e72884c192b32ec0
UNIVERSITIES,113705.82,669.96,McMaster University,PROFESSOR - ENGINEERING,1996,4affd640f1781ce6eca21bef28ab23ada166bb51504e9ea927bf85378b4a2606ac41b9c9ca9cde849b43e488f8c1935ef18b67967a979a907693c4767d6a1305
UNIVERSITIES,112542.24,1645.86,McMaster University,PROFESSOR - ENGINEERING,1996,6c83a4f2ddf017b54c00c532f3bc0a02f374a48124af4e8d78f9707c1d5f1e7a916bbd36d664a01c411a4993f84f90d32b9189a1accd7eac0ead1d1b07270b73
UNIVERSITIES,141290.63,1686.84,McMaster University,ASSOC. VP & PROFESSOR - HEALTHSCIENCES,1996,db49a1248a62892b86647932f16194263150380113e66f876c3f3cab7f79d096a7ee5b6053f0b0b103df29d369b77ea028acc58cecf8471dfecfffef86be481d
UNIVERSITIES,101910.18,513.0,McMaster University,PROFESSOR - SCIENCE,1996,ba31a588083fb16c150f1997e019973a432eee99eb6c8a11a97f122d4b87729a9642bcf23b9fe2b409931aac2636ee01bfb579a8af4249176d4ff1052ea52659
UNIVERSITIES,118144.98,1070.76,McMaster University,PROFESSOR - HEALTH SCIENCES,1996,23cfd92eaa558962ad543ce7091465ea0e7f9457797a720d3bb3b040a6b3aa8e6caabed0b78915ad058e1de81cbfbeca987bc91b1f96b4d3b748fbd8964418b3
UNIVERSITIES,130941.0,513.0,McMaster University,PROFESSOR - HEALTH SCIENCES,1996,062f31f3b5ba82a06c00adaf7ad310ceb01776eaff5944f99ff3aaa7c22bc82264710b87374502915f7e3a910e2a41435a2b56c5b724b96726a226d1d4626ca4
UNIVERSITIES,154481.16,821.7,McMaster University,ASST. PROFESSOR - HEALTH SCIENCES,1996,6f6008181b283aa78d277e61b7eb8819f93aaace5b89e1ac4dc36498831b2b5e4515421f4d60aa63b16e815b83057cc56f26b0d15c85661d0324ce4ff4bdf626
UNIVERSITIES,100617.06,513.0,McMaster University,PPROFESSOR - SCIENCE,1996,3c31919fcedbd2f25d3dbe9e3f0def696b8be4a7020db1f30b347518c389a075254238247076a571dc94c6e9a1e968493119bd36102e173e804550a40215f6e2
UNIVERSITIES,130263.66,239.1,McMaster University,PROFESSOR - SOCIAL SCIENCES,1996,1f52a55e0622d0732b1c827dbe8e93c87179e8aaa851f9c1f63421cb4731cf8a2b2e526db77ce29aecf9ad073c13284f67215ef3170e4480748f74a864cb5833
UNIVERSITIES,102809.88,247.8,McMaster University,DEAN & PROFESSOR - ENGINEERING,1996,d235aa3ce65d9bb0fa722370c695f1abe8e844feb6e6dff5f4f28009bdc7ddc9a177753b2af8aeff3e6e7273fb8b6d3a14340e4d08e3ca27470cc93fe2ce3eda
UNIVERSITIES,105832.8,639.48,McMaster University,DEAN & PROFESSOR - HUMANITIES,1996,6bd9689e67911880a94bccadbcf9340647b8e7fdd1638e8bc14b27c2af19e4361a53c915e4e5a96ea893a4316d519019fc360155ba7840a0fc3f9c75dd85b8db
UNIVERSITIES,103811.55,513.0,McMaster University,PROFESSOR - HEALTH SCIENCES,1996,3db1f4e4d875ae1511deea19d8500be7e1cdcabe3c121014cde6550337041baaf5f18e1b1827978cf2f3e632220c0bee06b15218bab6b91209de49d428de35b3
UNIVERSITIES,105249.9,513.0,McMaster University,PROFESSOR - HEALTH SCIENCES,1996,07b11dc294fed91a5bb8972eb62b6ae4b57599afab13a9e5d8554c4b58b58cfe096fdb3054e990d092131a9c203ce2dc1608346d2f901ed65f29cd4cc7df0093
UNIVERSITIES,118726.26,1588.2,McMaster University,PROFESSOR - SCIENCE,1996,a035bb30e795cc4e3cce488b5c30b990a3ac8f0b2aa622283779e77de282eab4bb9bb6f9f3dc1477ad77abfd561bc2303c60a95710e896315307904aa7895f2f
UNIVERSITIES,101933.52,790.76,McMaster University,ASSOC. PROFESSOR - HEALTH SCIENCES,1996,a5764254d831f690e66be0043e39f8ffee39491190f704d28cdabcf49c0356bb31658c3f061984ce9c512339400713071bb5d426942fa417191ff3be4eff849b
UNIVERSITIES,101216.42,637.26,McMaster University,PROFESSOR - SCIENCE,1996,45c629757deb18f0fc1e6028e41fe5c145b4b802beac6bb69e9e217cf733ea802d61b4dfcf7a1e45579f0756869e4397a9536d87fc9ee6480a4d21bf281d02b7
UNIVERSITIES,127355.41,247.8,McMaster University,PROFESSOR - HEALTH SCIENCES,1996,d82b4a51159c5d98555d81c161f78222ec504c3dba02194ca1d386d877733f531d61283e46d33d0402fb3cfd77f2382ad5aab61791c92a9e30df02571ace2ce4
UNIVERSITIES,105863.16,5036.25,McMaster University,EXEC. DIRECTOR,1996,23684bd1c63bdac74526562bc012d9e4ad8f1af0fe02e32c5e9ca9bee4b46bcd14d8281e2cdf86b4b32a0f41ed7663f18246c7f064dbe0c2e2c116955c421832
UNIVERSITIES,106101.78,513.0,McMaster University,PROFESSOR - BUSINESS,1996,d7ac117d8b267cb85348f9d33e26e401c74f929cc58cf08ff6802e9eff26be2738b82e29dc41fa51bb4c6e47577417b9d521a97949e6918e2e180b0255d12ca4
UNIVERSITIES,113603.88,247.8,McMaster University,PROFESSOR - SCIENCE,1996,db519c7609295f587f0b9945bafda469a2f1b9148ad06bdb3f0598f963b01a5b776c3b935d6e5d481f04d7060973964242f01fda0eecfca2229ebbe7181447d5
UNIVERSITIES,100568.34,619.26,McMaster University,ASSOC. PROFESSOR - HUMANITIES,1996,36fba9c32c2b9b065c85f9dabf8bc4fb427df5d62633a78d35e16dcb75b29a0b697f6320d85a7d8c77cd93b4565c637bf35671e6cb5e84aeff3dfad0337c4623
UNIVERSITIES,102551.1,513.0,McMaster University,DEAN & PROFESSOR - HUMANITIES,1996,009307654f02fb8302b4a4a0c62aac120cf78e9d9c72f2c57815aa2beffb3e5801f8b642a819fc225e9a82df1075d6467f516485c154a7c2fdaaa12b4785c91f
UNIVERSITIES,117452.64,678.84,McMaster University,PROVOST & VP (ACADEMIC),1996,5d96d180f1181d12c2027bfc11e7e471f1c341407014655252751c3423bfaf9b2ea1ed3c7507591a2b87d7a871832b12848c2336905c6ea52111febc5d6d59b6
UNIVERSITIES,102761.88,627.9,McMaster University,PROFESSOR - BUSINESS,1996,9bb24e3118bb010cd710de983348d7f07ea2dc125a1b6aaf37d9494f84f12079751f6d565942f4e5fcf77b623f7d72604ce8f2e953fd7cf32cde8aef81d1d3bb
UNIVERSITIES,104185.98,880.8,McMaster University,PROFESSOR - HEALTH SCIENCES,1996,6efd70ad4e8f177b893203710ef1f28120e625206b20e7dd6f2652e37065fe322f0549a845f52d15df4f59132f7fc6848f10789a3030da6cd96a33afa56e6d9b
CROWN AGENCIES,104363.0,1248.0,McMichael Canadian Art Collection,C.E.O. & Exec. Director,1996,39d7613874c775ec19f0c7b47a1f799dd13ba209879efd621c9736ae848deeed55e035f166ab8ac15c9ddc018cfd60f62551397ed7b1c0f910d0def2ffe70f25
HOSPITALS,114999.0,619.0,"Memorial Hospital, Bowmanville",Chief Executive Officer,1996,909c06567b3988d85b9803aaab7e7d64d4d5dfea6123792a0b0f75da28668af544d9daf66d02ea5d8e5049cf0d84bf55c15200ac065897d89a32f8d2eb47329a
CROWN AGENCIES,124999.44,6501.43,Metro Toronto Convention Centre,V.P. Sales & Marketing,1996,743ec3891c6d77992e183c5b3935987fa27d49a47fbaf2cd49697a869c6e4c236ce4f1014ec80e406f5b60153b8c9ab3661f04f286d51d9f014360ed98f12d0c
CROWN AGENCIES,124330.89,7067.23,Metro Toronto Convention Centre,V.P. Development & C.F.O.,1996,bb019aa3a033a652c4e4488b895244a9b1855884b51551f24343207f513054770707cd3997a6e84421c97f208c4f90d7cebe72515135406b1345f855d49493ef
CROWN AGENCIES,100771.0,705.84,Metro Toronto Convention Centre,Executive Chef,1996,4a23cad095e5b3b03e55367b8dd3b6716e674cddf56686c3e0ae77f7ad386b5c0a8d71270af83da7cb8d73e5e91aa5aa32ba279265d5e0259d100d949c3a90ae
CROWN AGENCIES,120004.41,647.14,Metro Toronto Convention Centre,Director of Catering,1996,3c0705906172f4df447aa2f759002217b7217f810f601104d76cadf9df0f9428ce6b4b4ba886f2b17f4a1b9732123e16a4aaddf65892de1fd2f174e18b661c05
CROWN AGENCIES,187200.38,719.16,Metro Toronto Convention Centre,President & C.E.O.,1996,4b13aa96e8b6f0011f4262abaefce3a170a1fa919759d8076096e2bfe9bf37f1f7047b326664535377619d37078d59e8fc8c38acf1a7dceef6540a4878038d53
OTHER PUBLIC SECTOR EMPLOYERS,117215.0,1206.0,Metro Toronto Housing Co Ltd.,General Manager,1996,512be98e1d65b3afef934086076efd3328f3c9648b829867357053c45620c875661421662c2ed467f37259efdcdd292d59db1afb86d97dfae9a57a279500e049
OTHER PUBLIC SECTOR EMPLOYERS,116279.0,678.0,Metro Toronto Library Board,Chief Executive Officer,1996,e3fd74cb23f6a31f3636e1bd94f12d3d6322af297c99bc276108bf94ada9d8986784ee42539b269cb496a367f750aff09682d283554cecd5f990c9ff87ca4bdf
OTHER PUBLIC SECTOR EMPLOYERS,110302.0,655.0,Metro Toronto ZOO,Executive Director Adm. & Site Services,1996,a61e8ccab585ec0e27b382acfa7a0d92f158e4b75287c02d90e22cf5f561f8e62a855dfa3710ea54ef74ee02affa2486b3e7c5f27f95717bd5df1aafd0520996
OTHER PUBLIC SECTOR EMPLOYERS,112121.0,655.0,Metro Toronto ZOO,Executive Director Biology & Conservatioon,1996,7e416118d3eec7656de26113ccdedf83e045fba71c7fbd50f4f459ac58790fdeff66c5e1e78c37f7df98670edebc956103b54535ae6f8cf85380530e21920391
OTHER PUBLIC SECTOR EMPLOYERS,103879.0,614.0,Metro Toronto ZOO,Executive Director Marketing & Communications,1996,4e6501ca27a4ca058c197d597f2658c2ecc3f6c9c2270bc048802fd5e71b76637db77e382e5ff2ff7fcda67685b8a88d41c1b14d7ec12a43e2be7891ac346288
OTHER PUBLIC SECTOR EMPLOYERS,145817.0,6129.0,Metro Toronto ZOO,General Manager,1996,6298b5c901aee7b40221ef51fa22f6096ed7ac92eed240aef362a167c460721f32f51bd461941c1463492691a892909eb22c1d32e02b17d4a21024ba8dbd618f
SCHOOL BOARDS,129926.76,6085.93,Metropolitan Seperate School Board,Deputy Director,1996,abf96ff71b2c591f84ec004628bdd1db3bd1958d6dadaf8cff2e80ee4e1e251bc8df03c3a16d77cbf5d5c1639481bd01aa8b8738e6187c73cf2b1ec853bb38fd
SCHOOL BOARDS,103099.1,4196.5,Metropolitan Seperate School Board,Superintendent,1996,302d4bff1b7e5e918558efc5147f669268ef4d70c851735e81209de72d4b220d35bbb5389e53ec721d51751cb4b7397021d3b362d96d2679d5985cec7d86b4d2
SCHOOL BOARDS,103099.1,4196.5,Metropolitan Seperate School Board,Superintendent,1996,ca2e84558c10ec7cf5e8e6516feb93dd7cf60c521d9efad548132410e7c71341fcd5d0de5eddcf833588aefeecdfe06929fe07f77a33b99df5259987c9b28c80
SCHOOL BOARDS,141396.77,6100.15,Metropolitan Seperate School Board,Director,1996,a642332804b01a6f38e4ab09659ba8cf7eccb310f7bbe4463818f8402fae3db30e4590ead323d8d0ca32b881960226868aed5542feef13b8f0aa620ee3a27c68
SCHOOL BOARDS,103099.1,4196.5,Metropolitan Seperate School Board,Superintendent,1996,090f680dabfc1e541b9edf9af9234e093b73b3f0bb56e5fc525523ba79322d074be35d9c7860a014da56e36bfd69e693ed1f4b75bf2483d8539c734402dc1ae1
SCHOOL BOARDS,103099.1,4196.5,Metropolitan Seperate School Board,Superintendent,1996,8ba2f24e80135705cc778177920e8b5fef880f0de9dfa2ee89cf8613064d6d91d16637b5e37717df1c4ec572d28db9449346f06fb292e3afbbc8b64a93591fa4
SCHOOL BOARDS,102917.47,4196.48,Metropolitan Seperate School Board,Controller of Finance,1996,06d5c73ef461a0eb5758be35ff173866255456c3e6d1c1500c6f7516e64e799fd7b4f25fd2e36882308a0941a350ac3fafc9e48ed04c8aa079b052db59270c10
SCHOOL BOARDS,103099.1,4196.5,Metropolitan Seperate School Board,Superintendent,1996,3ae8375eac5395b7a0a37e688296650ae0fc9462e743c6858f38d867758b0b4a070989626ee0ab2e22eb1d18594e556e5687bb9039625984ab46d4cfc9c2d0f2
SCHOOL BOARDS,103099.1,4196.5,Metropolitan Seperate School Board,Superintendent,1996,a7615b102627f012ca6789cba4d4b9f4dda8ea57f569f55e27c2b7933b84ce515f9786c55755bf07412d80d14b80012dc7d5d088d4dda52e7b762b6db5bf986e
SCHOOL BOARDS,103099.1,4196.5,Metropolitan Seperate School Board,Superintendent,1996,f87f02fc868fe49eadc0cfa2d594ba74971dd7488ab5acb0ff5a5ba46ac74a13a74e9a7143aad6c5131aa6235a83764df1df9275f75caa6ed630b07fa7701651
SCHOOL BOARDS,103099.1,4196.5,Metropolitan Seperate School Board,Superintendent,1996,aff9e52d69035f42ce54a490306016f10103af10b5afcbe75300601e8635c6f0bebf3b54e445727c2a684eb2cb473e25f1109efa2c071e91f01c0be86ede97eb
SCHOOL BOARDS,103099.1,4196.5,Metropolitan Seperate School Board,Superintendent,1996,8a0f2b96517e74758a0ff1598754af61f80ef5679560c27538879564c9618f1204bc6316baf9c65765c1e2b1ce2fd918150e6fa853c5eb512b3f2bef157c3bc2
SCHOOL BOARDS,103099.1,4196.5,Metropolitan Seperate School Board,Superintendent,1996,3620a3b075a55f85c9910249ca4434e4de4594d6a9b47ec156b03ad35cb5fb6015e2f9e121df069c2e069a5fb35830624353ad16a2e8de43ec04936c3eff3fdd
SCHOOL BOARDS,103099.1,4196.5,Metropolitan Seperate School Board,Superintendent,1996,e6b91df788ad7294a4f6a4cebb46fdf883809a8fd10bbcbec8d01be0ba354991ce853b5959488d963ad4f8bddebb1f5a17fa78b6053ad4d42ab8c5d97c662598
SCHOOL BOARDS,103099.1,4196.5,Metropolitan Seperate School Board,Superintendent,1996,2ca9718a6f667711e72b8df5e3a8dd91540749e1f625a307d30f844ea25c7ff170f552c6dd9f77cc79693b52c50b96d3371b291e33c77dbedd7c91549be7e902
SCHOOL BOARDS,103099.1,4196.5,Metropolitan Seperate School Board,Superintendent,1996,985c0601cbdd4f40141569933ca38bedc920bf7dac23a4fb4e3641946291ccca44d548570d154520c8d5b3cc9ebf99f6f3ba6971cddd182d0b61e65806ad6a22
OTHER PUBLIC SECTOR EMPLOYERS,104672.0,441.0,Metropolitan Toronto and Region Conservation Authority,Chief Administrative Officer/Secretary-Treasurer,1996,4bf2eafc3e8c41ef1aa196353282f38fc0260ea88475c9f350e9ef8a5afcf4a512833cffd983b47cc39743a21a04cc04ec99ab2dc0514f5a03ce13f5beffbc8a
OTHER PUBLIC SECTOR EMPLOYERS,108768.0,840.0,Metropolitan Toronto Housing Authority,General Manager,1996,6f84bbc993407c8e2beba11acdaf7f573e71210d93fbc722a18963d0f6d0afe4d8d22de3819dfb043a020fc1c960e5ce50ef68e202a0136a82432dd27a49061d
OTHER PUBLIC SECTOR EMPLOYERS,116279.0,678.0,Metropolitan Toronto Library Board,Chief Executive Officer,1996,e3fd74cb23f6a31f3636e1bd94f12d3d6322af297c99bc276108bf94ada9d8986784ee42539b269cb496a367f750aff09682d283554cecd5f990c9ff87ca4bdf
SCHOOL BOARDS,123716.87,2858.0,Metropolitan Toronto School Board,Superintendent,1996,690b1b1b61da3473877251e53b21bfac883aad592f98fe2b4463002f6440b9779489bed338baaf9c0e06270b268473e278be3ddb4117de889908cee466f47524
SCHOOL BOARDS,123716.87,2858.0,Metropolitan Toronto School Board,Superintendent,1996,8179f6e26a945b7a8e9eb17401e8645a64d16d8b77da3fdb1206e8787dee4cb8116c41d5c88db503a2d258606c1f18b3410f760bb5cbae0c622ec4abe917af8c
SCHOOL BOARDS,116273.6,2914.56,Metropolitan Toronto School Board,Superintendent,1996,1ff40d760753b1ff5b39c0748d16d3edfcf4facf0024c1715c0c8ecb8130c73b8fdbf6ce2cb633127ed0778ec4bdec40413957d30b551f86d382257207f04216
SCHOOL BOARDS,109054.07,1904.4,Metropolitan Toronto School Board,Superintendent,1996,fbd9ec65965a2b11de8a0fc9130d32a7a956380b1cf6aa773133f399a505de7847638200b02269e8c55bffb7d00802da7f81ec02d70504e40ad33284f39cc9b3
SCHOOL BOARDS,138773.36,4164.14,Metropolitan Toronto School Board,Director,1996,e48532f7e244b1fb1c61077f358dd8114ab48a6a91fd6c5d4378271d53e61100f7e6da63aaf778d781bc2623b3e4e725881c175af131ebe70c5305492cc7df0a
SCHOOL BOARDS,123716.87,2858.0,Metropolitan Toronto School Board,Superintendent,1996,0e57c72c9553bfb84974bb060212bebd92e5a602a6a016390cde2e49f6ab14e68dc14789f9c35249bd2c29c429b7abaa380b560ed69addf1904f65aee1fc45ca
SCHOOL BOARDS,106154.32,2402.0,Metropolitan Toronto School Board,Assistant Superintendent,1996,b05cb9319c38f7d140c46473e1876649d9f55034cb651d2267c6c19a560887a47f47231890b17ed7830e25d44f6186de0f1839966fb83f0769edc0a1af42289e
SCHOOL BOARDS,121425.82,2858.0,Metropolitan Toronto School Board,Superintendent,1996,9d28677a7c69a3ec83d5ef4aa5d80bfad7bbc069ee5ecd576a3b1e72a3993f7cddf84a940905c4691fcfe43dcc78af065861ca4900642703d0284c4b2ccd5b92
OTHER PUBLIC SECTOR EMPLOYERS,172427.0,3957.0,MetropolitanToronto Police Service,Chief,1996,a5ce180d833dbf91dddcf8bf175f613740b1294e6be8ae544197643fa90c6282794856f1c44e2336e875398d998184ddb378253b4640236184fc679692839f95
OTHER PUBLIC SECTOR EMPLOYERS,108198.0,412.0,MetropolitanToronto Police Service,Deputy Chief,1996,f451944103bc5d6a6536c554cd371b4c941fe3e5fd76ff76fd9f7336772800d01bda8c36a43a3eff1aa82aa7dc93c5fe678bfafd6278885e5baff69f798104ab
OTHER PUBLIC SECTOR EMPLOYERS,106636.0,495.0,MetropolitanToronto Police Service,Deputy Chief,1996,810eb2943284d106765ec94e4fd0893fb5493ff830de3881c83603bac2a1ae42bb198b1ac35ef06cf3fbcb79aa44c24a11d611828a06de3394f7edae6c0078df
OTHER PUBLIC SECTOR EMPLOYERS,102830.0,465.0,MetropolitanToronto Police Service,"Director, Finance & Administration",1996,a377249e6f198f9d9a3a04fb98945bfce14ea134af29891b3477ac7c6927bd52ff30c3d1eadc22f655bba87efae53012f90819c30ffbd5df99c95e249f1647c6
OTHER PUBLIC SECTOR EMPLOYERS,118112.0,509.0,MetropolitanToronto Police Service,Deputy Chief,1996,17bb46fe2d9658be88b23162275e0261a7d90f33536462eae2b2a936ab5ce3137232cc6bdb5eea3b0673a979be4e8c928b477f457b28ee05fdbe7541d918c11e
OTHER PUBLIC SECTOR EMPLOYERS,122269.0,467.0,MetropolitanToronto Police Service,Deputy Chief,1996,e0d13ca46543fceb67c399d186216dcc43a7a45c8c175c9c0b4cbfa53217af791c497a9e3012677d8f04e667bdd1b72f678f2aeeabd917b4d6de5273e60151a9
OTHER PUBLIC SECTOR EMPLOYERS,105401.0,464.0,MetropolitanToronto Police Service,"Director, Human Resources",1996,7f903ec81c5311edd6a73f790e151490fbe052aafa3dacd1d4e0aa8f2faf3a2fdfc330c90a74c5b4534ed085cd6bd3260be31531b99e1e70bb984a805cfcb451
OTHER PUBLIC SECTOR EMPLOYERS,115868.0,543.0,MetropolitanToronto Police Service,Deputy Chief,1996,c3dac0ccc0375c324498c4040f830cce23ac5d547a660129f4de3275560e7679ff8d3c20965d41ab595d876637759cc4a9ed0726d697fb9dc6032626812cbd8d
OTHER PUBLIC SECTOR EMPLOYERS,126936.0,602.0,MetropolitanToronto Police Service,Chief Administrative Officer,1996,bc995a0e51a27700e4e75041071f29f10f5d9b742fd7d6e43413c7015c84d8f5ba190301d4365b90f5a3e49317a23a331c21873950555cbf3ce5d29abacf72f5
OTHER PUBLIC SECTOR EMPLOYERS,104199.0,493.0,MetropolitanToronto Police Service,Deputy Chief,1996,9063c6271f21a9b1d23b030a9d23ec1fd88585190ae41e15235e5d5e338e60248e17b335d75189f2e8cd65a53d66632e2abb0c22cc3e41f2e33048a41a8f8864
SCHOOL BOARDS,110173.0,53.0,Middlesex County Board of Education,Dir. of Education & Secty. of Bd.,1996,ce3e8f73ba7493395aeba55a259e6373dce9a605a831b2edb205e13f9aa1b4b8fa414163f46bfb92edb8b212a35ded3c96c98ce2f4d9e243d1fafaf9b66386c0
OTHER PUBLIC SECTOR EMPLOYERS,103830.0,340.0,Middlesex-London Health Unit,Director of Dentistry,1996,fe149cceb05d6c582486fe6a371edd21ca1020127e2ed8d1c9023adcb11ddf06dcd300c8543fbc7ff3c48742aebf9c40e986f57e9586901a643d0aa2b876f0bd
OTHER PUBLIC SECTOR EMPLOYERS,122578.0,340.0,Middlesex-London Health Unit,Asst. Medical Officer of Health,1996,bdf9b12de24e7eb688c786ab10dbf99f04caf3b129b6368f3d1635c5e43c9391f26cb872da98d369f2d1958b7772bfcdfec292886f8ab8cc1fcd7d92bcb3f70b
OTHER PUBLIC SECTOR EMPLOYERS,144210.0,340.0,Middlesex-London Health Unit,Medical Officer of Health,1996,3ada4e432707865f7d5a35111d5a3e1fcf74d18a5348ea538007c529fe7b5997909ba73c34cb2a85e227e9599d29ced16f3283399e87abe422b9b8f4a809a795
COLLEGES,114021.0,496.0,Mohawk College of Applied Arts and Technology,"Executive V.P., Academic",1996,ce94e97544293dfb70daa06543aae143606c4c36a9db53bf3f3d45a54ef85722912a61a2d69974b368a68e87117b119b9970a854c20d918f78f9908d929063fd
COLLEGES,126146.0,11408.0,Mohawk College of Applied Arts and Technology,President,1996,0626dbfdb1377471e37f7b4922b505d229191926729fef87e8a1eead756b36a28e4320419f3ee76b77c648a5b45cfa1b305ecc17bc6bc2d44f15ff45fe79c6bb
HOSPITALS,141303.0,628.0,Montfort Hospital,Pathologist,1996,7046085202a4cef2e338ad7676ad5e8476cd45b27f9826438d27401e1e93d7d8489abb08b9e239b60a240ab5fdcfb18c5b1d1d974998e092273de4a7ad529ec6
HOSPITALS,139505.0,12065.0,Montfort Hospital,Executive Director,1996,2165622595f5e94d01711549815074580a664ffb0ebbfcd8835950849f78804feb27e81a890090f288ed1ac89da5415e5748e534af72ddbf4aec1a6db6ebc047
HOSPITALS,105001.0,242.0,Mount Sinai Hospital,RESEARCHER,1996,1709f1416e73985ba379dcfb339232a4fcee7a042f3cbd5d0aa35d281bf42784fae217bff202e72a208255a14017c054fb08c1ffeffa41b6612e31cf3afcdc59
HOSPITALS,160953.0,902.0,Mount Sinai Hospital,LAB PHYSICIAN,1996,11b86a12675c6a87c1ed6090ffdfd656602e71c3242cfdfd079a81f0e162c8c48517dcefb9cef0d016d8b5695cfceafd85fe1ece0c64476bad5dac7762ce0481
HOSPITALS,166909.0,938.0,Mount Sinai Hospital,LAB PHYSICIAN,1996,c49f095eed4d1e99adfed87383c966a28efd0257ba3e6e0a0535f595e06b51f8c1d509204d6bfdf0853f29ca3015eb2ee957a721dcde805abc5373b59fe3b250
HOSPITALS,201423.0,2413.0,Mount Sinai Hospital,"DIRECTOR, RESEARCH INSTITUTE",1996,92f007a8c52b5cdc75ecc0f5cb858657039c23ab549bb50b49f923fec85c502c8adb96b9ad18b746f1424385b4bb85d0e0f493ee49d794afe45c35e65e134760
HOSPITALS,144615.0,242.0,Mount Sinai Hospital,NEONATOLOGIST,1996,029a979f6a55e610a0841117d84c6048c83c210932cbb2791ae2e815648c69628aa47b3ff05dd84b0a025c04fe253b2881f0a9f18c7f51db62a891342fce045d
HOSPITALS,147861.0,884.0,Mount Sinai Hospital,LAB PHYSICIAN,1996,1ede8d0b3cd15aa58c7a10553f1481ffcc117e4609db1c87d4f80e0f82da7736fb05e8ff8a3a49936fbd5cb7ca796a4d62e58e6e65d378a9c2762879e4339d43
HOSPITALS,117981.0,242.0,Mount Sinai Hospital,RESEARCHER,1996,4cc84cadee79240017dc28e1716646dfb37387c7ed59ff23d7c4fbc01b065869b6f513c9aefacd24184e0d97b309e13a71a9656b6598ec9a06d8a763957acea5
HOSPITALS,148885.0,877.25,Mount Sinai Hospital,LAB PHYSICIAN,1996,f96678fa12d99b81b73ccc1716c7412ccf3eda3f8b3862740bc6454b13241eabce736d6767465145ab775a19a774f891347e0ddac59cdf3c5bdaa71dabd4b3bb
HOSPITALS,166488.0,936.0,Mount Sinai Hospital,LAB PHYSICIAN,1996,760371c805f224248e321545aaea7138521bb6b919bae9d19d4533f585f77165a306ecda824c2940215f7d34f79bb2e1d7aa72992c612ae508a001cc7ad41de5
HOSPITALS,279390.0,14062.0,Mount Sinai Hospital,PRESIDENT & CHIEF EXECUTIVE OFFICER,1996,a655b6bdcbfc63bafa6a657d7579faa7e9585eed47126d5c9b42191fef398261197a29f4f773349ba2fc0e5bebb27cf3e2a401d2208d519580874f4027e5b052
HOSPITALS,115613.0,6278.0,Mount Sinai Hospital,VICE PRESIDENT,1996,6b4d1941100a806306875561692dd7a9764a5b970ce30ffb0a6a646a9bd6d4d0bc495c8761f53e2dc06b2deb12aa32c86086f15b70f3f28b93a3a7559602419c
HOSPITALS,136974.0,8030.0,Mount Sinai Hospital,VICE PRESIDENT,1996,a0caf6b0ee62ab7da0213ba95779d5f7ca91a3ba2515fdd214933a69636301dae36ea5674c519f51a3a04e040063b2b05ee6ac2688c041e56390fa493cf2dafe
HOSPITALS,164392.0,941.0,Mount Sinai Hospital,LAB PHYSICIAN,1996,5f7cc5f412a12c3de59f6aa0dee0b681d0b592a9b68be80a1abccb9d207aeecb1f528c490ff272e8bb3d47452007a33cb529a9e4f93eacd8a942425638d3b9e6
HOSPITALS,131954.0,758.0,Mount Sinai Hospital,LAB PHYSICIAN,1996,59767bb637f760df793b5ba2891d291fcfdbb6e556fc6f7a3fb61ebf99fc56df51fbb0612aac6be58fe3b81bc13d6a046424b89250ecb671fe382e81cbd3375e
HOSPITALS,140561.0,813.0,Mount Sinai Hospital,LAB PHYSICIAN,1996,7e501b2476a9f52590086e31cf5d7eaa1162124bfe42c381c7117e1dae75a918c3f42ce75128de9168414bb9bb491295de88700cc4f24e4174a60bca176238fb
HOSPITALS,132504.0,242.0,Mount Sinai Hospital,NEONATOLOGIST,1996,698c11386b9301727a1dbea9f9b152fdda08f889db346749400b8763409041b0d9d5f8070af8254a6b64a8864e56d5f391fe4410fee65321f3eeeb08c9e488fa
HOSPITALS,154914.0,884.0,Mount Sinai Hospital,LAB PHYSICIAN,1996,c47643a00b889b59fdddc022ff0bed9133b8f7d418d963230f2a207e3ab82c71dd681cf124f00b22dd957a17a23bc7c01bce2895b0d5d1bc4e8b2ceec05cff68
HOSPITALS,124995.0,242.0,Mount Sinai Hospital,NEONATOLOGIST,1996,a4ca5249e5bb386a1a791a5319c0a2b90171200fd4f0abe87f0d524d3e98cc74fe52035870d8774a5b7900d1fd127b2a8cd9d3fb6d50a9af06ba4065f5bc5b74
HOSPITALS,171293.0,974.0,Mount Sinai Hospital,MICROBIOLOGIST-IN-CHIEF,1996,aff53a9f1b903840ffcb7d6570dae832cab998fd419a038a99dfc91c6a5e34257c2de800ec10a2b25342fa3e6aa3c1a4b27376de775c931f4fe48e60dcb098d9
HOSPITALS,131872.0,242.0,Mount Sinai Hospital,RESEARCHER,1996,0a4399feceb856dd8fe621593f35701176883ee483e36cf7ac4f0ba87bc85113c722cb8ed392754381aca2feebe864da598d073f59268e38669dc79c3b072589
HOSPITALS,149338.0,884.0,Mount Sinai Hospital,LAB PHYSICIAN,1996,3d39f84fc20cdafa8be76a510237f76bc67b37be475958ab1a96c08c07b760437496d49121bcaa2176d387104acfd7030b04f873a3c80c75641e528ba0fe6402
HOSPITALS,217671.0,13291.0,Mount Sinai Hospital,EXECUTIVE VICE PRESIDENT & C. O. O.,1996,22d00e8a357d99fab11c5ba5d18f2accecaac5a15351774d58d60ddafad75142e195e9ae5a5229533edffb87b9e8a83730cc80290087bb314fc6de546568d6b9
HOSPITALS,142053.0,819.0,Mount Sinai Hospital,LAB PHYSICIAN,1996,11a3925a69d280d98cccb30607f6e1e7b2f25a327e8f2c9f46e56a16de4179d00d93eed250722bcdbb3f6f60dd46f4ef3bbadd69c7d49a393e6a1cc6ff916bf6
HOSPITALS,154754.0,884.0,Mount Sinai Hospital,LAB PHYSICIAN,1996,bf6f68aaa243d63addde083511f094c79b0fe57ab2a9c820e2a06c0cef5fb81c5111670569879b8f57725656b2dfbd80c8b4c713e360a66494ac1f5e471d58b5
HOSPITALS,168537.0,948.0,Mount Sinai Hospital,LAB PHYSICIAN,1996,727b4a82b8afb2b04d9a8e7437a1d21fba92cc44c89333c8eb34a4ac1c6fb4de1e7e867ba353df105c6f3efd0be3d38071e78018aa65814463063867695f9d5e
HOSPITALS,115001.0,242.0,Mount Sinai Hospital,NEONATOLOGIST,1996,5d09ba583afc6d14b9672c1c03232ff4179ca2b8e1ee773a21ae279a3e5f8befea1b7014c2ed4797c2e86a85a98972ad292e4f60d114470b5fa34cadbd3ab821
HOSPITALS,131217.0,242.0,Mount Sinai Hospital,RESEARCHER,1996,d5bc35901dd57fcb3ecf2a3c9d2076c37ae07df4064d0f8bc9231bd71f2dcabf390ee33835fe1323490e4a9dadc1972b269d9087224f428eaa63e5e7e7da274a
HOSPITALS,258509.0,2530.0,Mount Sinai Hospital,PATHOLOGIST-IN-CHIEF,1996,0af8ca2a3d907a694505196e30d7ab69d22e9a812931699beb8e735da40ce9421fd0580f1cc030b9733a0613b58f28643918de8e3bc7665dd13fb37b596703a5
HOSPITALS,135748.0,817.0,Mount Sinai Hospital,LAB PHYSICIAN,1996,3daef263478e2306033444153fe964d66a659868fca6c92b2486ba168fc4453185d798f4eed194e1a99d961d45b8208ca917cd48d7f2856a8d99779b2aa3d6b5
HOSPITALS,128213.0,242.0,Mount Sinai Hospital,RESEARCHER,1996,f9883ac4fd804780df3c0041853a81a354a5d28b9ed1f0036394be58b5f47713716bc2379205991b9573daefa95aa90ea53d64ae64ab09076a60871c9e1d53d4
HOSPITALS,130970.0,242.0,Mount Sinai Hospital,RESEARCHER,1996,34aaeb959f84c04c4ebc5cc84f43c2ea5e60f5fb435cd51ca41ea08dde02d1182bcc537c3063f2bdfbf750565258e2a45caac3ddb13b904911b701f38d52f348
HOSPITALS,154114.0,8135.0,Mount Sinai Hospital,VICE PRESIDENT NURSING,1996,5eb314f7b6f09b238abb0dc6bde0594bc9b4993ce4ce1ff603088731520af7845dc0229227dafe4748e018b4f3489e6714d6b796b594c0ce3c31445dfcbc8b3d
HOSPITALS,164719.0,7723.0,Mount Sinai Hospital,VICE PRESIDENT FINANCE,1996,98478c3e8f85f3e74a6c33f0111f2e506a93447515f72c3ef36e8572e0a40f1b2edf4157d5441f18124c527d234c8aac7b041ce32b8a227643407b761fa9ce8e
ONTARIO PUBLIC SERVICE,112889.99,325.68,Municipal Affairs and Housing,"Adm., Housing Pol & Prog. Div.",1996,f93a322bce0026324630793c7020fd984c8a4e68b064d190f197aa7e45abfb72486bcbc9808fe9f3ba7a77ef3a0e14bb3a4cf843c7445f1f1830b95623f8ca79
ONTARIO PUBLIC SERVICE,126357.12,7364.26,Municipal Affairs and Housing,Deputy Minister,1996,17950d39231c7c8bdf6cb7efeccd0f8d6955fa7b62adad42051f303e36473780543284d60d566035616622fe07e9e072de2ae71f801810b54554c131cd4e1976
ONTARIO PUBLIC SERVICE,111668.35,319.32,Municipal Affairs and Housing,"Deputy Commissioner, Waterfront Trust",1996,cfbd9c0f33fc0657ac43fe120450913fabe21c1ac433e3a3e14a58fc16fc8a56df477af0343558696ae5104531fcce76d04a18cb100cf4549808c4908104536c
ONTARIO PUBLIC SERVICE,103790.57,299.4,Municipal Affairs and Housing,"Adm., Housing Operations",1996,2dd9c0e1ae77903b172bc5aa7d89de083a4e8e4806168e0e5ea67ece9e078d1b02c0a91a5e5af15e7918d38ce5f3c4b9e356aa393de08fced48acc877d767b57
ONTARIO PUBLIC SERVICE,115404.58,4411.18,Municipal Affairs and Housing,Special Advisor,1996,9c653802191dd391eea154e0ecf46231cb7d996c3cbf960e84ae8ac2352b2cff967b657bcbc07f2eb7fc77134621df4a98eb715cbfa912338cb073bef9ac98e4
ONTARIO PUBLIC SERVICE,104362.42,273.2,Municipal Affairs and Housing,"Chair, Ontario Municipal Board",1996,991dcb6d89038da7f0e48d1456fecfd12de18618b9082545a9b4f94b6d2945ca0f4fe697c631405b18e656b5497e9a2fa898e7280006d88eeb4a320f15b3c52d
ONTARIO PUBLIC SERVICE,136383.43,390.12,Municipal Affairs and Housing,"Chair, Waterfront Trust",1996,6947bd17ade71e7e81107ea7d1f0691d5b9b97856f19a26d788ebc971fea734481c7679d59be1bc5286205edb35078372c7ec2de1ec514d1365c5c31947a1287
ONTARIO PUBLIC SERVICE,108865.15,339.82,Municipal Affairs and Housing,Provincial Facilitator,1996,afe7f7af8f2e8f69083c88296286dddc1eda5b1bcfbcdc7c6c666fdb7d84cb356c056516deab488278cd989439ec6dfb679d38db3be27c9dd6153de28efd39eb
ONTARIO PUBLIC SERVICE,107695.1,310.68,Municipal Affairs and Housing,"Adm., OGTA",1996,56cb4a8aeb172f3d5df7c7c18f36c6a0fa3e551aaaab6ee0f1e4aa8728fd07878e7d991f52ac885787c88b1ec27bfe4e7b545520ad8ddf0a47b470848a757051
ONTARIO PUBLIC SERVICE,113558.59,161.46,Municipal Affairs and Housing,Adm. Municipal OPS,1996,c7fd4d5e42af03b7fd4d411f746c01a58b98c1529d078f34ade126a0aa0bbf1942ea7954b5be9c79f90ca97439fc673412a241899c167608eb82a81f7aaa5021
ONTARIO PUBLIC SERVICE,104403.98,301.2,Municipal Affairs and Housing,"Adm., Corporate Res Mgmt",1996,7f1fd0884cf08815da5a2c0a8e97b3bc0f4c737c7a4691af840966cf34c76b5ad8b4d8de95b5bc61269fbfb34dec31a36ab3374e5b74c623f556a75bffb52610
ONTARIO PUBLIC SERVICE,126426.24,192.72,Municipal Affairs and Housing,"Exec. V.P., Cornel Development Group",1996,a3878757b39676e65626ff95840c8675b96495aed4b0f1e95e36380fce69f4c777258819b05b2c7f15cbc921ff823e3c13beefcf7fad9d852d609a2758a31ae1
MUNICIPALITIES,101522.23,620.87,Municipality of Clarington,Chief Administrative Officer,1996,4c9a1c30a3e1b25a9c46274b20be4d6c3eb61768dd32961d9c09786f627b8809d0b098385e822a190f2a27128ba7ee2b91e9867a2cafb1614f9095ca3440d817
MUNICIPALITIES,103629.0,1089.0,Municipality of Metropolitan Toronto,Senior Solicitor,1996,d15467245414d1acd0e21f3b74c7ae3d58490dd7789ab54ac704d8d88d5f1e3a251dd17a5bf10a32c5f564c50027513ef242ab8fb13c0068dccb4bfc87be3447
MUNICIPALITIES,126242.0,6704.0,Municipality of Metropolitan Toronto,Metropolitan Auditor,1996,e4b1c64f817a084bd176fdacc3a90ed5b6dae454cc516f3d619ec4c53249bc938df89f9c03d7a94862be6db854018c7c806a15a7a2d9da46d9f656d7eb8fe56a
MUNICIPALITIES,123631.0,1132.0,Municipality of Metropolitan Toronto,Deputy Metropolitan Auditor,1996,1f6301d94896536afda398d34519ef5092221385c5d79b0e9a010aa348b6922b51430935677bef19e90e2d93147c481a8b353992351eceb077ea871af24751f2
MUNICIPALITIES,103629.0,1089.0,Municipality of Metropolitan Toronto,"Exec. Dir., Economic Dev.",1996,784815171bf284f7609910c3604c1d711f917eb4fd9e606f6700fefc25ae2b49dc4d4ec410359e4b81a8c48de9622d69c4459512b7e459c34cd7d4aaffdc5144
MUNICIPALITIES,116698.0,1654.0,Municipality of Metropolitan Toronto,Acting Commissioner of Parks & Culture,1996,a4e6bdd1793e342c231a87b6412c1a1d032ce21c174274dffeb7b29361b0c8b9300416a963a9dad804f43b8f8048d7128e72b716554ac8fbb9901001687af6fe
MUNICIPALITIES,103850.0,1089.0,Municipality of Metropolitan Toronto,"Dir., Pension Serv. & Deputy Treasurer",1996,c86957e6e7aead1331dd6d5e682f71d40faefe9de4db9cf5e72439b6d3b689cb39bce0829b4c1fab5e35e6e5f8be07ee8f949977fe59b8f9555a4368c7fc8c18
MUNICIPALITIES,103629.0,1089.0,Municipality of Metropolitan Toronto,Senior Solicitor,1996,b53fa85803c0d8bdd409be7494d6e0a8e80c5597c3386b2f700980d590afb475d2e017cd0a915e3ede5ba09b9b6094bf3578e57a98b71374263d6a1a3fa53394
MUNICIPALITIES,115070.0,2097.0,Municipality of Metropolitan Toronto,"Dep. Commissioner, Corp. & Human Resources Serv.",1996,0c1a5d0bab90631865bcdd10776109783424e54255cc3c11c5ec3d0310f9261710e1c4dc3468fb306c3fa10627ac34b758a875aaf89323a0aedffbd3affb9626
MUNICIPALITIES,115070.0,1206.0,Municipality of Metropolitan Toronto,Deputy Metropolitan Solicitor,1996,1ddd59c3efe86a954e3ded9e025baf440765d8ef80853f6f1ec90e9d7f5ab84809f971338859420dca7be99630139cbe38713eed541d26262e2192fb6a86d511
MUNICIPALITIES,127730.0,8879.0,Municipality of Metropolitan Toronto,Commissioner of Ambulance Serv.,1996,990eb7092b537d83c7ce9ebc1a4d855b4959b54d16ef20e77cf420c6b243dca1a0cca1bf80876d892a9664a56f499c5bbb6f5625522c190f35b0f3991c99b721
MUNICIPALITIES,126242.0,6930.0,Municipality of Metropolitan Toronto,Metropolitan Solicitor,1996,f6dee714e6165873eda3ebf9c9baa65bce782da2e487d7d8c67452853a836ecd14871a2a3bb625b2ba99458250e069e675bd458569210bae489d6bd11372d2fd
MUNICIPALITIES,126242.0,6024.0,Municipality of Metropolitan Toronto,Commissioner of Finance & Treasurer,1996,e6cc44ccf3e757dd14d8836123649b1765fd3158eb472c7ce7c69908cdcd3ce073849b0d77360406e0d73f64cb6548eb79a1a589731d4a988ca5676a938f6c30
MUNICIPALITIES,103427.0,1089.0,Municipality of Metropolitan Toronto,Assoc. Corporation Counsel,1996,ca4679f01428ede4fd15c885e4d1aa37e5abcd5783f9e2b52c9a110f80e28ad9a243cfeec565fd8b6a0eb80c9ee8c97414e1b876808267b9f241ec5cd7715cd3
MUNICIPALITIES,127182.0,2019.0,Municipality of Metropolitan Toronto,Commissioner of Transportation,1996,4e84b9b0d6c0136db955429391aaf14f46a0b3d10dbc8d3d6b17ab4706fd8fbcca0fca531a60d0cd5fe5da27e3fff746576dd2242865b1425a76ac0f6edd364e
MUNICIPALITIES,121236.0,4508.0,Municipality of Metropolitan Toronto,Acting Commissioner of Planning,1996,9c1bffb988d236ac2ca0b6295fd83f5405a768ea4cb6fd3286d36e51082b20e50f13c860e792cfdb5ba114b56087514903f3e959451ed9561cd60064db5df3c5
MUNICIPALITIES,103629.0,1089.0,Municipality of Metropolitan Toronto,Senior Solicitor,1996,8eaf40d9db64999bbd4929b615a94835ee0d6110cc094f2b4baeac6da895573275687560eac3e5d5dfd671587c1aecbb08f06e00eebfb661c64d54d37f2388ab
MUNICIPALITIES,103629.0,1089.0,Municipality of Metropolitan Toronto,Senior Solicitor,1996,93138c89ac62f174da5bab01e2c6c8ac3b9b8c839906731794bb6cd9580a06148ceb5fb4d5a2b41f302d26a69fddc61a454fce74c7b914729d76ed8db67b6e0d
MUNICIPALITIES,119857.0,5824.0,Municipality of Metropolitan Toronto,Commissioner of Community Serv.,1996,0d91727ea7528e4067d148739510f74c97be323e9608e76ff578b6b1d721f8057d3d97e2295ac2513f941ab44b79c6ebc85f40d50d50b15d067291ec05119cdc
MUNICIPALITIES,103988.0,1089.0,Municipality of Metropolitan Toronto,"Gen. Manager, Social Serv.",1996,d62aeb8ace13346dea4a5e84f7736aa89f66edbd860e0b05941eace85e683476282c7b5c92548a26c3dc29fbbdc002d6a476ca99c3c0364898cd326bbbde9fb7
MUNICIPALITIES,115070.0,1206.0,Municipality of Metropolitan Toronto,Corporation Counsel,1996,18e1b72b1d8b445ea6c352f5499ad05248be8e7053f62c867603294320a76663d01839e96e7207b1d0b6c1be0f8069dd11c05c759b8dafe3958eb19f6add06d8
MUNICIPALITIES,104562.0,1081.0,Municipality of Metropolitan Toronto,"Gen. Manager, Homes for the Aged",1996,b8833165266fa23d761c649286374209368cff93f37fb3aa07cf7954de6ea4a023beaa1913b6f68e52334612f3bde06e0d56884be58f05e6975e8f01134574f4
MUNICIPALITIES,150906.0,8990.0,Municipality of Metropolitan Toronto,Chief Adm. Officer,1996,ce85049525249f00c12272e49876c9f4930ef5ee6887476799e27c986ca5d6eb033c14a9eecf8f7a51433f893c60dba10e6fe1bc5092f5af941f47ebbddf552a
MUNICIPALITIES,146057.0,2621.0,Municipality of Metropolitan Toronto,Special Advisor,1996,551cbb4d61b9faa0c447111139b2aa81d9af88689ffa66bbf728f6f1429418b380d24cecb1d5bb703fb24bff3c2bfa50cdca619b78f5bb14ef2f809d04b0dcb5
MUNICIPALITIES,126242.0,11427.0,Municipality of Metropolitan Toronto,Commissioner of Corporate & Human Resource Serv.,1996,437ab4d1561b6b64eb43b6b1a4372f46611306b72fa1ecc15d290c0c88416fe304f99344a1df2360ac2ae7bf4fc2681169adfa4cf05a3c6927ebfdd8c7cf06e5
MUNICIPALITIES,115070.0,7111.0,Municipality of Metropolitan Toronto,"Gen. Manager, Licensing Commission",1996,4d55b5387ba5ca0ffa6f9d55aaf99fae309c1c24a7dc1a914f151a2eb6f30cdc605a0eed41e0414432add02024524bc533444efb74b5d8380c0a233be1dd56e2
MUNICIPALITIES,103629.0,1089.0,Municipality of Metropolitan Toronto,"Dir., Corp. Policy & Planning",1996,f554ac2a9fd39ef7e4477a3fcbea9216a38f4205a962deb789e55269380920cb38de8f625266a25d151c2a96169dc4fa8d800f5da8e20b56248d9bb5129296eb
MUNICIPALITIES,103627.0,1089.0,Municipality of Metropolitan Toronto,"Exec. Dir., Metro Chairman's Office",1996,bdcdf023fdced136de7fccf922af7c347dee77a7ff466e45f4b72c143a17cbec1cb2601b65cd63975571b7121d767b855f6d6c1f817af9262fd538abbacba5a9
MUNICIPALITIES,103629.0,1089.0,Municipality of Metropolitan Toronto,Senior Solicitor,1996,0fb32b75ed76528fb9dbafb52d9b18b284f86b99fa68d88c75533328d9098007096b4dad7c04f79f1b451d7845be6670788c9e38c96882112e5e3f507af67e1f
MUNICIPALITIES,121331.0,7343.0,Municipality of Metropolitan Toronto,Commissioner of Works,1996,5a9157727779355522284b5afefc729b72dfbf9fb7cf4ae98a6fe1a0be062c6cfa2ffd67db704227e0be4151312a52ff503764f4d41558fd653e1913b47fabf8
MUNICIPALITIES,103842.0,1089.0,Municipality of Metropolitan Toronto,"Gen. Manager, Children's Serv.",1996,47b85f2897b9b970d7438a9e13d1aa0a0ca0910dff26412a50840af1640015ee12e8efb150e8733b683061c7faf46b8662936c57c2269052ef1b6d42caa35443
MUNICIPALITIES,115070.0,8748.0,Municipality of Metropolitan Toronto,Metropolitan Clerk,1996,a838cf9373f458a68fd77fa608ad39b7dcac2a6266cf0a7a5660472bd61f7d1e5d91b73486d51f26844b1b3cf15acbc22d5e07e082d2f1f4a97e220819bd64a9
MUNICIPALITIES,116371.0,978.0,Municipality of Metropolitan Toronto,Deputy Commissioner of Corp. Serv.,1996,7246cbf1f5e63dbfb85079b1f133aa37f265b2f20a64bac1c8f0a46b087da19b505e62440b388f873962ae2a2e9f349269f0d2c80fd36ebdbe73e7848a841e5d
SCHOOL BOARDS,105254.0,415.0,Muskoka Board of Eduation,Director of Education,1996,5b2f01434067f75d21bbcdfd1ae1ea8417703dd63476e5f73a04f1f38b8bdb1e76e478a6b1539b2ecd9635ddc58fe32c5377809249d2aa58f869e183275ed0a7
OTHER PUBLIC SECTOR EMPLOYERS,122031.0,376.0,Muskoka-Parry Sound Health Unit,"Medial Officer of Health, Chief Executive Officer",1996,20137fc2b6bc35e1fc35930a63cefa54d22e1439d6636ac5f307f445dee81a6cd3ede162b95e4418c0aff20b7b270e89b2a0d8debbf50b6bead162f1f720394f
ONTARIO PUBLIC SERVICE,108692.19,313.68,Native Affairs Secretariat,Secretary Native Affairs Secretariat,1996,b0216991ee42c1b914883fc13ab4f46f38098edc8ccb23128c0025806a4702c642640c6a363b55bffcb7ced681f66fc7d5cccb06c5b5a64e06f3ec54ab4efb97
ONTARIO PUBLIC SERVICE,110995.96,320.16,Natural Resources,ADM Info Resources,1996,7ec40c7b669f636084c69ea1092487f046c29bc06c3954fb6a0ace06c80338e18154ab9b06a5c3a1829d848d85e06267579aed923484679aecc8fc9cfddcecb5
ONTARIO PUBLIC SERVICE,108397.5,217.29,Natural Resources,Associate Director Forest Mgmt Branch,1996,c8438090681ddbb9acf3fe401914f930aa09d688950304768f89000975e444029a99b84ec3514b9609f0b558d35a1a4d1807cad6d97c96185e00a5b3cecfbf8f
ONTARIO PUBLIC SERVICE,108977.73,314.4,Natural Resources,ADM Corporate Services,1996,4656a67a0298675976f761b9f3241798f7b095f0e5f390b7a8a016643f9e8cabba01f0af777c090d169ceb64df18bea4359077eec33ba7c49b7bc7398e279fc0
ONTARIO PUBLIC SERVICE,111704.66,5057.56,Natural Resources,Deputy Minister,1996,f2142504afc650591edc598a092c06810d5a9b8754a2b2425cff34ee51f1d78a35310a5e53a7cf06c0665283cbb7e08c5ee29da5f9335581afd8f9951531b86d
COLLEGES,144965.0,1834.0,Niagara College of Applied Arts & Technology,President,1996,26de6a35d9d37b25cefb303ce75b63fe65626cea66f19036b7c8f74b556d6641e5116000a0a04182fc29e0a5e7a95957798c9f16603edd4e708860aa76a4bef5
SCHOOL BOARDS,104945.0,4398.0,Niagara South Board of Education,Dir. of Education & Secretary Treasurer,1996,8c173871286350033b6c6d28d88149e59557b8de7cb81f68c624fa0b8414f6d0b8f8e11c0763ba3a925c616b13b7dba447ddffaff9fd96b23a77a5556b3bd862
SCHOOL BOARDS,100135.0,460.93,Nipissing Board of Education,Superintendent of Business,1996,cfee7910b1b19439d63010c5910cfaddac4e723876525645430bf8da927ba5bedd24552ef23cbe2a73f9a4ea9f4d4a9a456c1ab7a55870ac09b6e2d691e9b502
SCHOOL BOARDS,100135.02,460.93,Nipissing Board of Education,Superintendent of Education,1996,9a21ba144c53bf6b449d138f30dd4a5bdecfb2af9ac602ae3618a3a2f589944005498c965f12e5303c71f39a69c1556cecba78d50d1e776ac63b14a08b225ae2
SCHOOL BOARDS,112188.67,466.56,Nipissing Board of Education,Director of Education,1996,e5427fff30e7a4b4556cee08057e8f7682e56968172639bc6b6f2005282fe0379fd68139dc80a5ed0644d94a875fe9e98274d7db516d106ca5dad532fb27476f
SCHOOL BOARDS,100135.02,460.93,Nipissing Board of Education,Superintendent of Education,1996,5b096c12ff96c71a8db565432e4822690ccc6c59370aa5f5c020969b2ca6067e9f48d7d422f7e3f3b7ff4c2b850c33f19a7c13e2ee754e9316f6eddac864ce3f
SCHOOL BOARDS,100135.02,460.93,Nipissing Board of Education,Seconded by the N.C.I.L.,1996,1b94bfa1207752fde00c51d1d2d5c0c0e68477f778123313814a6a4eff1d495d323a25cf8c3fa47c323b8e5edf589bae99858a23b1cdfd2e4a61cefe56dd9d05
SCHOOL BOARDS,112523.0,2110.0,Nipissing District R.C.S.S.B.,Director of Education,1996,c7e4e854b0f5dca4fdf9752cdf7c2ec65d525cfeea2b358386c74de98a6d7d909edfbc15eac5b2dd64b2cc2a0604337566dbfb02e9029e1a2baf9808da430797
UNIVERSITIES,115398.6,5490.77,Nipissing University,President and Vice-Chancellor,1996,41d93d2de4e3d5153b810f8853cfadb415b2b380156a5a8f600de5be753c1001da8515f68f8a26e7dedf3e050285d7c353ecf6f86498b01f872dbbcf1b8feb85
UNIVERSITIES,106470.28,1371.31,Nipissing University,Associate Professor and Chair of Graduate Studies,1996,db1ae061e9cef5717f084870ef942b8630c24248b26e6b4433c6b44bbbb97f82cab985fc100d4b40b193466a41e34b24b9c1e419703aa78cd2f6b75496360df8
SCHOOL BOARDS,107279.3,666.84,Norfolk Board of Education,Dir. of Education & Secretary,1996,8ca416f1f43893e59e971142b4388cdab92450695c95fc287ba07133658bcde88725fed9e2eecd52c3139b760abb29c4365e0e61a1252b7b1df6b8fb4b78f827
HOSPITALS,129214.8,618.84,Norfolk General Hospital,Director of Laboratories,1996,0c676439029ad090a28695a8eb2779d6ce8c9d36278f1b76f1e89b55bee32075203e2903a9c59847105745196621da0095376648ba1350bc8617850a4730298a
HOSPITALS,111800.0,536.28,Norfolk General Hospital,Executive Director,1996,e4bea1fe9236d6a8f26ff6524af8d5da090c7ec8d38da644f012bc3b7f3c50e135144d3a42dbbb1c94195ff561a22d5dc67e3d8f2de50dd07a16e68f3e71cd71
OTHER PUBLIC SECTOR EMPLOYERS,147533.0,500.0,North Bay & District Health Unit,Medical Officer of Health/CEO,1996,24e0b3392b9d2e886512ca61557acc7d6df14fafd5eeba9192e13f26977e9756490b456258dcd322f59fdf9144ec0aef50672b105901930e62a299343f2000aa
OTHER PUBLIC SECTOR EMPLOYERS,128568.0,5877.0,North Kingston Community Health Centre,Family Physician,1996,375139a0e65bb15ffd076d8554bb7ddd4f2ff04ff1c4b025bdd0f4317a074f62f63a23353bba38196763717d0cce4b28c89c8c1cd70b447cc3b143172c8cf3a1
OTHER PUBLIC SECTOR EMPLOYERS,112331.0,3337.0,North Lambton Community Health Centre,Physician,1996,539246a4df041b438d6db92e0e7eba9e8778af5f964e9be5e0e5d26e68fb4e7afab9516aa85f5d726abab95363bf7a71dd35dcca6f1ef49248b51d8687b69ddf
OTHER PUBLIC SECTOR EMPLOYERS,107059.0,6123.0,North Lanark County Community Health Centre,Physician,1996,a45cf81cebd6eae371d673675583f2243f4742859555b69497b80e079c0828ed1864be79ebe67c57e3b18dbd20cf7386a309b078317b86b2118bae24d0fc6d5b
SCHOOL BOARDS,104770.12,1610.81,North Shore Board of Education,Director of Education,1996,df39314c454ef56bc8f82fafde01cf6969bed40ab1e64d0e1670b483f505b8e824fb6c502132e8a6b266e8e0a874399ef0abbdd53991a4b17a1f5ee3d354f5f6
SCHOOL BOARDS,103658.41,535.5,North Shore District Roman Catholic Separate School Board,Director of Education,1996,9a527c32fab50825ddd2050e761faac626421b6a312ef470293770fa8bd87f552173d9b250c5cf4165ef34331d3612563e3e33aa8a82b1cb102299a90cc27155
SCHOOL BOARDS,104216.27,2833.98,North York Board of Education,Chief Negotiator,1996,472f5db9f80425e183b343984e6cd602e24aaac2e24fab0669be5fbfe7776187418be3c96a195781318d76d82fc7a5155f7cdfa02d9bfc65b139f6b3a501f968
SCHOOL BOARDS,115051.04,2836.54,North York Board of Education,"Supt., Facilities & Transportation Svs.",1996,5fbd7ed4d2a0f9eed9ce6dbd3d91d2c576723a194973fdeb3c5dbf76994cedc81cd5961a1aace4e5cf2ee0a95a3ce462c8a579237d2734ff01bc809baa0ef84c
SCHOOL BOARDS,112204.71,2833.98,North York Board of Education,"Supt., Project Management",1996,d94d0aba2ccef47f270b549d9b4f9dd406978ceef849613dc64ff24357d37f7e0f088fd6b6763dd8badead65a5f58aadcaa63e949debde7a8196b48feeadf716
SCHOOL BOARDS,119360.79,2833.98,North York Board of Education,"Supt., Schools & Students",1996,f220986a615c0c77e28c4eb505c759ba1e693c5d86d2e2e23c6efaa5656cf85d539989afdd7acce1d29858ef69dc08493f381e281cd00b3e741701cbc5873ec4
SCHOOL BOARDS,111531.99,2833.98,North York Board of Education,Supt. of Schools,1996,b1dfaed81f3ec62a794a47c98ed1f4e8796b259680f12a4d95d95da753746f2026c6cad014985bcdcf5f4df9eab3eae622f399ea3cfad867bd11b575fdabd9f6
SCHOOL BOARDS,119474.19,2833.98,North York Board of Education,"Supt., Community, Adm. & Student Svs.",1996,4f3daa2913d06d06d31ed44448b8a37fc03b18241c3f330f45e488610b2002eec5bb12bceddb61a53fc2a27dd14ba12e8cc7de90008f46bf26839327a9346726
SCHOOL BOARDS,109311.3,2836.54,North York Board of Education,Asst. to Supt. of Financial & Planning Svs.,1996,3a7c737fb01667145538f3fefa0fd10f121fe215c6e36bed05188cf343fda7b6fb3bdd663a3b8cab04c846b6520b823ee3ac9368b1fa0c25b33c8ba1b03b4f9b
SCHOOL BOARDS,129152.37,2980.76,North York Board of Education,Associate Dir. of Education,1996,8781103864b05bf3566395a82a0c6122c030ec5c75d97e72b66fa6e0f36a993bf7b65feac3fe16aa33ee1d7b0be3db6481fac0fbee9415ad22872d6a6408ceb8
SCHOOL BOARDS,148915.04,4742.12,North York Board of Education,Director of Education,1996,b3918f3f1ea8182de68946efa44404e887864dc4fbf07c3f85b3f076c014fd49ff38689679743b29418d62251c4099771ec76eab7c2484740dabc8db03dead80
SCHOOL BOARDS,102235.58,2833.98,North York Board of Education,"Supt., Special Educ., Literacy, Equity",1996,06ad4d851a21f8cde212c3e440809606ce53df573be4042c3423ac89c78d545631bfbfa401f0a665c5ffd13318b44c8be43bfea3bb9620ed77c03d8527aa470e
SCHOOL BOARDS,114098.31,2833.98,North York Board of Education,Supt. of Schools,1996,60d44bd702463153afe7605554e711d55ca7979a4f27ae87da2f1b07b4ef773c24f0785f10987dfd945af2999de8a33b3012701451545d535f531b1c46b8b16f
SCHOOL BOARDS,111531.99,2833.98,North York Board of Education,Supt. of Schools,1996,1e76f14f8434d6f4e1224847c9567a9e510c562badd2f59cc5d237f2c38d0aeb265f753a796ef8a9939c9cafa6e8837be8683be76b6ffbbf78bd261d087d7081
SCHOOL BOARDS,119360.79,2833.98,North York Board of Education,"Supt., Curriculum & Instructional Svs.",1996,f4d0739ad7992dcd021856bcbaa66bdb28938d2180dc846bb7fbf5d333e5c6303d2d7ff3160744a05cab568768299ebc2f725637c12ff0c2873ce09f2f98618b
SCHOOL BOARDS,102235.59,2833.98,North York Board of Education,Supt. of Schools,1996,1b9cbaf1b823d091fda54abe32c7e256ec798f5f906a2b13208c92c811ac6d4073cdd7177bf82d687b396875a43c4bc8f5eee1d84da850af0a1260df9bdcf5a2
SCHOOL BOARDS,108799.99,2833.98,North York Board of Education,"Supt., Employee Relations",1996,7b95fc7ae7071d4b741bdcf31987f0f339718f7c2203fb67a6f3856e09f3946c78ac0598cbeee404287ddbc0b737aeb1b5c97b1bc26868851de044d593428fdd
HOSPITALS,137094.0,368.0,North York Branson Hospital,Pathologist,1996,3bb8c0ec362d57880faeae4ca9f8ab16e1cbd1a4777ea11be38e165a02eee5f9e5394f932953dd3f441f6fdf2e44184d67ee4860265dd5206ea1e6152e2bbb88
HOSPITALS,148305.0,368.0,North York Branson Hospital,President & CEO,1996,b4be697f97ce426b1b26a6e631c0b00c4384fef519673b51770e10034472cc7d576cc6c0719824d7bd4a4364627edc9dd6a08ccb45905ca7c8d77ad5be3d2e64
HOSPITALS,170371.0,368.0,North York Branson Hospital,Director of Laboratories,1996,c903269cc79d702312c25e8b1cd76d729070a7c3f44ea3c351c4ba31a5634f2cbea0bf306f2e51968a7f4590eb8bad47adaca26e1e9a0cd76c474eddf58a7c87
HOSPITALS,101565.0,649.0,North York General Hospital,Vice President,1996,7876b1d26536ce21c4a0c081c7fec4687063fe9fd637b8e8418373256b46fc6c53522a097a5fe6f45373514ff321fd0eddfb067ede00db316df831883cab9eef
HOSPITALS,101251.0,649.0,North York General Hospital,Vice President,1996,1ad04fbfd73eb292a9782e503478800ddfddf576b6264babc7fe9f2de18a6d30d88d2d2b8406d2f5641abccbc12a660faa54f6aa1605a8c30a5cfd961088a262
HOSPITALS,146488.0,681.0,North York General Hospital,Pathologist,1996,055db6f47a4cf592db79d79e81ea719abbbf90987871a90dce99db3230b89643845abddba47c4e73a3f01715687100d1ee8e3f3a00224ea572680830df282a9e
HOSPITALS,111736.0,183.0,North York General Hospital,Vice President,1996,e7ff4973e2ea6c129e7ad1198059869478aeec726cb4a88c28282124b8aa19f47763e3e9047113cb2d38461b4304af5666dffd1715e396f2323521cc949bd481
HOSPITALS,169476.0,7545.0,North York General Hospital,President & CEO,1996,b038da7d27b952524d5f812b82daa6867a6532fb353094115a42959052bf7711110faee17dac63ca82b56389f95f63fca2d67abc7d42610cb26721e1d31f923c
HOSPITALS,159833.0,750.0,North York General Hospital,Geneticist,1996,b3cb81ef0bb4f42575a71749a37fd4f6f992a3ae15a68f026ba121af1b8251c6291b2cc843afc8d122594354c374b097f2b40f615304ce6cee8e45e90fcadaa2
HOSPITALS,153094.0,716.0,North York General Hospital,Pathologist,1996,21bbec9dfabbe73321b516c08bbfe7fab1dfb2688dbfa27d619c83c2d2ecde3c70ed4243b3bfc59abae7204ca6fd14ff939232a65b702b371fb14380db104e05
HOSPITALS,112936.0,735.0,North York General Hospital,Vice President,1996,b8123ec52dbb50c2e98d1a49f4d3f32aefacaec13355f871f098246d6b300572b4b712309490045a1a33aebd54ab242ec25ce2865ea5a82179cd92ca1a35e914
HOSPITALS,143836.0,675.0,North York General Hospital,Geneticist,1996,2617bc0437fa6b906e26d086a887859ac7df01c2a2a424fdd89f81214fa0c4c14afe2b2f4480b29f53b9b702850f10b03b88f78a12bcbc2e043b13cba2e1b09a
HOSPITALS,186849.0,1290.0,North York General Hospital,Chief of Laboratory/Pathology,1996,67f328c295d52b596655856015cdc66bb735294f40505c90283294e4e805c857d41fbc35d4ab8f6402eed565dc4d1f1dc84efa4ef1447a64046a5af0de383a2a
HOSPITALS,153094.0,716.0,North York General Hospital,Pathologist,1996,f8a6b1023da1528462329f5d71fbc50c429f88ca84af51ed6198688c55a7cd0656b8c312f1d2b361919725223d12925941fa93db89592c952d7c796ab3e0f7b6
HOSPITALS,155601.0,730.0,North York General Hospital,Geneticist,1996,45b83f6040ece88cc6a0cc5374b1e65870acdf785e1a75c0d8a012bd927ec478705f09c422a402dfe6fb505236aa29b2572fbd8759c5774efb1547c6ad57f024
HOSPITALS,176540.0,828.0,North York General Hospital,"Chief/Medical Director, Genetics",1996,1c28296eb61533639b11728bd2615dbcfe1909e72d0753e590b0a46dead004660085c74522c6b12a1bacbdac94c38df24e9a5e6e1f3f72920ed8496f7b6d79ee
ONTARIO PUBLIC SERVICE,100802.1,290.64,North. Dev. & Mines,Adm Mines & Minerals Div.,1996,ee0bb34183973ed1f376e1eff9efa8dabe518ee9d658cc7dca35f80bd43f5f2db18c81b6e6824abccd9020cc3be34e2c0146cda65d28b280a352abf15690a0fc
ONTARIO PUBLIC SERVICE,107344.51,309.6,North. Dev. & Mines,Adm Northern Development Div.,1996,41093d175a14333285744bfc609fa886f47f58e3e638d8b66abdf543e827ad6b368bbc40f89eebf6a0e74a00ab9315c363a3ac1cf7a490e7084c06e9760cbbb5
ONTARIO PUBLIC SERVICE,120880.85,5054.0,North. Dev. & Mines,Deputy Minister,1996,d7cc7d9998d0dae23d6e321ae22f4197665fb4be972d2796fda601d7cfbd5bb73471a712329a14e9b84c4de2c087885ecfc3c3f4296fcb79ce8b9b250ff49588
OTHER PUBLIC SECTOR EMPLOYERS,102457.56,612.96,Northumberland Health Care Corporation,Executive Director,1996,b51444e56fc7a5cdc490dcfab8454d99fa5c430311243b97a5eab9e6209a1cc152d252c9a7f9795abda157d67bcc6f4c092c8e2b024da62c07d787fab28bff07
SCHOOL BOARDS,100194.0,455.0,Northumberland-Clarington Board of Education,Supt. of Schools,1996,98030e47ccebac7074168171917a399b7f67ce832878dd8880e8d2de3b39b0c7184ba6a29ca972d1d72d5dd9f914d5a7b7d27e9d04395c308a807066f0bd40a1
SCHOOL BOARDS,118926.0,702.0,Northumberland-Clarington Board of Education,Dir. of Education,1996,5681b25577abdf2b01833de9a1c315bb201bef6e6f5f4927833cd33dbaf2b6b97d0a2dd1b61471fa7f6db020122922311c1f8d66bd4dac692a1a14d5bde8d3db
SCHOOL BOARDS,100194.0,455.0,Northumberland-Clarington Board of Education,Supt. of Human Resources,1996,f5f45e49f59a65644007cbfc4770edc59d5faadb9aadd21aad958fde517885cd3528543251fa3befacdaebff4a0e155983c9603eeba4da15f1b8736d423d7165
SCHOOL BOARDS,104161.0,483.0,Northumberland-Clarington Board of Education,Supt. of Business & Treasurer,1996,d2eedf0fdf125e71606318d0113d4596ece67df6e0a9d3e8d9ebed2808befc7d528e72a324ab7b89611e4af298024c27af6eb335d13131436c3886ce32066e21
OTHER PUBLIC SECTOR EMPLOYERS,127002.0,285.0,Northwest Health Unit,Medical Officer of Health/CEO,1996,dd6186bf6fdf55db81453dafc6d326697cc59cbae0bfd497735323b0214fcf88bea0186aeda35e772e5fefa1865d09f0bc6c6b26c501afd350a5bc9fd8c638bd
HOSPITALS,140000.0,13461.88,Oakville-Trafalgar Memorial Hospital,President & CEO,1996,7feaedd0a22d5a28bed0d95f65c4ab0bad13a69f3ab435b3bb5a7438c7fcb7534c8f37c53f7f619d628f0d50b30dadcebef870f603bcafdc68089c516cd48492
CROWN AGENCIES,150000.0,7180.0,OCETA,President & CEO,1996,3335b7022f6dbcea6e12e3a72a000827970a5782e16d3d722e5d495ce045454331cdb6ad6153f499603eabf01b6eb114c08a8076dc27004b943c185fdc6d27ec
CROWN AGENCIES,100000.0,403.0,OCETA,"VP, Business Services",1996,423f3052b18dbdfd3e2a6954d751c23cc0399449a7636c4f5a34d98f7a105220c3a123b9bc8fffbaa2a0b07a0a9a67df1a26cc105a409ae7a770753655737d34
ONTARIO PUBLIC SERVICE,105874.58,3300.0,Office of the Chief Election Officer,"Chief Election Officer, Chief Election Office Ontario",1996,4bd5808c6b0359a7c69f412af21f3ba32e2684bd7ae690190734e7882a7f5525808618eb10d8c566a482bc5925e75884bd6822c76f51b6868e028a2d8b9f28f0
ONTARIO PUBLIC SERVICE,126357.12,5824.85,Office of the Premier,Deputy Minister,1996,2709cb321d963bbb0a565797f54474367c500bb25cdb5df6b04b7ddaa081aacfba7679f4cf92d39f493b6b1e12043e304907e9734d6769e7459693b5c027f992
ONTARIO PUBLIC SERVICE,137578.91,4882.73,Office of the Provincial Auditor,Provincial Auditor,1996,b6132d44027fe69fa37f00b416c2558996f32541b28b761994f502a6fa226937e55ba988f61e76c12a3e1e64ebbc2c3147b6f5364bb53415ae631bae64fc533b
ONTARIO PUBLIC SERVICE,110000.0,317.0,Ombudsman Ontario,Executive Coordinator,1996,25c20164cf43ed4d33a3d5760ce10c0a8b4c11422593c346ed5e423167013196c99e7ffae8edabfcfc19d007b945477b8619d6f2f73f349a892cdd438a89d046
ONTARIO PUBLIC SERVICE,114639.0,3295.0,Ombudsman Ontario,Ombudsman,1996,7b467ec0433894b37cd619e86941374e5b01dc839df49751f32c3f96b40b322c0cc07f98ae5e6418b8b8a1d63c387692d79b11da92af3ff76c531b7d92f6c738
OTHER PUBLIC SECTOR EMPLOYERS,106346.0,5705.0,Ongwanada,Executive Director,1996,0742722e36cc3b0060af1403987803eee9903645fc1cabc77a76d65fc5c37d7028a26a4a99edcf42d99a6da33960d0c19c836e6a40348fcb99595ed0604e67dc
CROWN AGENCIES,100435.0,385.0,Ontario Arts Council,Executive Director,1996,e187442e848db6010c7b8f4230875d180f5f7a68dc4b27982586693a7707d267992efed1ae5af8de98b0a5cd3cbfafd2799b17207948959087b78464fbc055ab
HOSPITALS,197925.02,920.61,Ontario Cancer Institute/Princess Margaret Hospital,Chief Pathologist,1996,408ff5109ad5f9af843b2086ee791a038c6e92bd25ef28f5cb6ac742b530f3287bbb6e115b2a0effe3510d9ccfb73041b5c9056383e0933976ac8864f14969c7
HOSPITALS,102837.85,620.56,Ontario Cancer Institute/Princess Margaret Hospital,Chief Nuclear Medicine,1996,0a9229040d1b2f2ccaee6c01b7afe60bfc37c29c5d952de1369839f41e150a0b01138f22cf6bad8308c9d4cd3539148c10155d3c3e310cd1d2a306f8948c205a
HOSPITALS,205000.12,992.48,Ontario Cancer Institute/Princess Margaret Hospital,Div. Head Epidemiology & Statistics,1996,633ea01bfe7a31b12356cb4bb333ab9484e2b066813e250503519355495e0707c6e0088508c9c8f60cc921d0f0265cb4fefd54fc70990968aa164aebb9e7ac58
HOSPITALS,142586.42,708.59,Ontario Cancer Institute/Princess Margaret Hospital,Oncologist Radiation,1996,1cdcbb4567ba4ecb4f67e081f1e06b27b7d5c8ea03595a699b3b41fb9ec49e679d0bd4987a23464507b71b4119a6ce23210618492e876279ca34548d5c9977d7
HOSPITALS,156240.85,742.51,Ontario Cancer Institute/Princess Margaret Hospital,Oncologist Radiation,1996,2770621c8951e361f1051649b0cfe7d58f2913d0caac69a7b87dd4708342f6b22cd2d2afa57a89669ddcb80f0f60736df46b2e87be9c70e6cd21be58a073ee84
HOSPITALS,149122.93,694.75,Ontario Cancer Institute/Princess Margaret Hospital,Pathologist,1996,1149529bcbed60bd9d5ab43baafb83af363d13334fc64b1404e9e14de7e95e421e84fbd4447e119a1f097d4d5decb250d8d3ed48a08be2eb307b0253fa9d1590
HOSPITALS,213175.25,19200.32,Ontario Cancer Institute/Princess Margaret Hospital,Chief Operating Officer,1996,8a26fe670c61e63d3ebf1fd09fd736e0ee5b1e1b7bd402315aba6a006f3c3f394728c3d0a7b2f9a447ac6aefddb6e18fdf1ab62f70ed29d065d1666c5fde6c6c
HOSPITALS,249630.74,1073.39,Ontario Cancer Institute/Princess Margaret Hospital,Chief Radiation Oncology,1996,894c8a5aec7986559d17e29756d30adc5126cf3dd62e72b094b12442876e672d4b5ecd62d069ee6df4612373318c9b33a6192f7bbdf0a8c83fd713b64de3e514
HOSPITALS,106498.72,648.54,Ontario Cancer Institute/Princess Margaret Hospital,Oncologist Medical,1996,bb1da1c6a7c46f06b1603fceadec853cfb6c9fb2587661592f92c7c4395c6ffb8fee3e8e2b22904a1857778d1337c912acf2777c950a75b22d35d4610ea048d3
HOSPITALS,111573.64,666.98,Ontario Cancer Institute/Princess Margaret Hospital,Oncologist Medical,1996,970a87c8a3b1a9aa7d202de8e6dfeb14a98aa4377ee696709109533a2d8409f6f6916f2c33e2192f99e6348d115121929246185a01522d737fa28f5ef87c7b81
HOSPITALS,142586.45,708.59,Ontario Cancer Institute/Princess Margaret Hospital,Oncologist Radiation,1996,a16d6752e4b3c6ae206b2427cc5d82a7f9f854e48c9983e4e72532f22f6d95496c35d0cee7ca09f9009371db1d576d80eb8108ac869d012c160a74b0563116b4
HOSPITALS,110158.85,502.28,Ontario Cancer Institute/Princess Margaret Hospital,Chief Clinical Associate,1996,305466b62a1ffaf1f0c94987d7e80eac9215a25661ae1af62e9285695dca4ae2d13289f65d45446735b0140a5bc6cfafb2df9b9e9bda8cc5766d06b5cf10495a
HOSPITALS,178256.34,820.27,Ontario Cancer Institute/Princess Margaret Hospital,Oncologist Radiation,1996,e80fdfebea8063c21a9a3c7a50d9bc90821a036b54e39245f74618c39dfe17f937d8713077c989dd1c435c13e804b58798e76cbc711b67be642abac25c99da10
HOSPITALS,101294.06,439.84,Ontario Cancer Institute/Princess Margaret Hospital,Scientist,1996,33018dcf8c3ff80850f2d2b6ac9c88835016a03e733bbbf3f8abca208d3fc4d520e6bb69e2a7d493ca91ab25e2e552123088e76de727242b9c5b234430656b45
HOSPITALS,149407.22,730.88,Ontario Cancer Institute/Princess Margaret Hospital,Oncologist Radiation,1996,4cea4f2a0641fccf59fd682acaf1a7aeecd7b8a19988e5de4d635b0e8eebfb5f41fbc41650bc3951deb30ed5f009e70b9be3c75f85a67525de8c1189e99672df
HOSPITALS,148407.86,714.27,Ontario Cancer Institute/Princess Margaret Hospital,Oncologist Radiation,1996,002d6d5805aea7afa53f874b8fca906cc76c26f2b05c3e668e7d015b72a895e9adbe77b094b252e15ddf7e08b3c6c5bd17af5987a265eed17259633fcf69c7d5
HOSPITALS,106498.7,653.12,Ontario Cancer Institute/Princess Margaret Hospital,Oncologist Medical,1996,37793bfeaa3e946559e9c2ff33ca9adfcb5c26dbd86f3b76730f875e57f1fccda4639554953e30c6abe3502628abcb7bf5a4762317c551984b1d5521ca4c5c3a
HOSPITALS,145808.53,717.59,Ontario Cancer Institute/Princess Margaret Hospital,Oncologist Radiation,1996,b320f34bb798416304cd37c754b484a632e1ba7beabf172a6a65a7eb7e9e90f867efa89142ed3ef8e24c28203607ac86f5fe82722012ea696b5d3338e2b2f186
HOSPITALS,104025.93,551.42,Ontario Cancer Institute/Princess Margaret Hospital,Oncologist Radiation,1996,bd0f3923dd912f15adca3b27c175d5cd91511769b53fa6f16dc45d14b9d5af7b0c86cb1fac9a5dbdcb7d1bd2c3e13556104c169577dae4da4913c2915fcbd2ba
HOSPITALS,132230.89,615.85,Ontario Cancer Institute/Princess Margaret Hospital,Chief Dental Clinic,1996,9fc95ca75dc6fa7e97850c106f7904020730c1855b98c7784a8e3cdceeee8d3cd0e9268703d42d4307a1045018bd9db83a35cd9a946686a563c7ba2a4906fddb
HOSPITALS,142586.54,708.59,Ontario Cancer Institute/Princess Margaret Hospital,Oncologist Radiation,1996,62664c0d44fb45adbdb9995dd2d1ef042828adb536243b6583133203b4100fc25f9b8362ada1059c5b0bd5add1656a869b8c58ae9f5cd34b139879da5b17897c
HOSPITALS,108628.69,648.54,Ontario Cancer Institute/Princess Margaret Hospital,Oncologist Medical,1996,a1976d056c62071b551ae3ad177e6e54fccad04a7e537f4650e9ea427b51a25787b6952da1e1a6117b95c0b05e5ab7e291384d2dd1a94ed65781d98b6654509f
HOSPITALS,106498.66,648.54,Ontario Cancer Institute/Princess Margaret Hospital,Oncologist Medical,1996,b37cd7f9d3d0f8e6e5247e4e328586a7beffd3e63fdd00391e48e962447f4976e913853f337c8543fd4ed662c94f98c8de2460aee805c8d5cb9b141ff35cfec0
HOSPITALS,106498.6,511.15,Ontario Cancer Institute/Princess Margaret Hospital,Oncologist Medical,1996,e4dc44a864718b6d64633f6531a314c775b04a713c57ff564b5af6ac892ab2d0681f2c983f43ce1d7bc592cce62ac32245a12297c150470cce7f3e210f9e0d2a
HOSPITALS,106498.68,648.54,Ontario Cancer Institute/Princess Margaret Hospital,Oncologist Medical,1996,f0c4eae21e779503eda6f5c7463437f587af77e9f1e2b694d2bbc83d3c1563b702638f8053a034a16825c3953ab777fe166199985c6987ca5259d42e2364173a
HOSPITALS,155542.39,749.29,Ontario Cancer Institute/Princess Margaret Hospital,Oncologist Radiation,1996,48fc0a4738469eee924685622cb1c1ece53fff521cf15dccb98f814578946edcf379f8a23b9cfdcb69dafb4210bf17c07d8740b079704bdaba07ff90afebcb0b
HOSPITALS,106094.86,484.6,Ontario Cancer Institute/Princess Margaret Hospital,Scientist,1996,19336c886b4335356e6ae6717e19e3d300b57e0051d640e2cfba404e2c848aa39735cf29edff7c05a1aa5ae3fa26ed8913c8f61ce5735e17357113464c1e510f
HOSPITALS,145334.8,676.38,Ontario Cancer Institute/Princess Margaret Hospital,Pathologist,1996,66301e93bcdef95d89e4cfcdbec608c72760eb98748ab55ba8fa83eff21ab62bbfeeebc1d99d02cbb7af9eaca4e034ae9561f05807699ff361832a691fda365f
HOSPITALS,155617.02,753.17,Ontario Cancer Institute/Princess Margaret Hospital,Oncologist Radiation,1996,5a3530ea09b0b0458219e9222687b8665ca3914929e4f1802816b1a00a268763d7b833080b2ecc9e5e3d26a5b60f356288c05d382e0e2be64d9c911d67e74fd6
HOSPITALS,106498.65,648.54,Ontario Cancer Institute/Princess Margaret Hospital,Oncologist Medical,1996,199a34382640896561f40704d02aeb5eb81d75815ba1d3cec7b35b9e4b89f6cdd825170ebe511d896a8880b37a6ed4ad6fd604d7d5e910d0f350afc39c64872a
HOSPITALS,103003.16,471.17,Ontario Cancer Institute/Princess Margaret Hospital,Scientist,1996,4243ea0afe18cbe89b92bb3220ec98ea0e276ddbbd1af6af84a6efd7beca353e8b6c45ab3455d3d326b6d907437e71ba3f943ef497824fd6280396987285412e
HOSPITALS,106760.76,476.9,Ontario Cancer Institute/Princess Margaret Hospital,Clinical Physics Head,1996,d2ddc29ecfb482a8ee39607aec20eb515dd89a3e4d6eb21ad0f3d61d6718706109184eece6199400a15bfe3e0a5250481647c1a38de5d2365303e5c9b40f4a11
HOSPITALS,106498.69,648.54,Ontario Cancer Institute/Princess Margaret Hospital,Oncologist Medical,1996,872f525019104425786da85d3403b9666380d6c21cf83b934f2bee1711d189bf768e0b19ea99b3ea91c9b8be8d547d49e1cb9a49c17e05607018c39f0ef202e5
HOSPITALS,138772.37,762.11,Ontario Cancer Institute/Princess Margaret Hospital,Oncologist Medical,1996,750b8e9ea6d0945527e24fa342f0f36bbbb8edeac4414fa71ec09a44f1c06d2c40ea14f37691e896c2f3de1e0180efd8928cde914ca982eb9246b83f931af19a
HOSPITALS,109116.66,573.65,Ontario Cancer Institute/Princess Margaret Hospital,Oncologist Radiatioin,1996,85cd6950322d03e72e12ea3090adea9af6d3a1db6df73752b1863a9539b24959fb577e69cb63cb641c66b5d39961b6d1ad6c8e7da45b988c2ab4db6b1ad8063c
HOSPITALS,144230.06,670.04,Ontario Cancer Institute/Princess Margaret Hospital,Pathologist,1996,76be94ce75114a73bdd74d143174909e0bce6074d2339b180adb6f1b54e3c25b0b71cfcb080dbbe34649af5b673fcee05a46302dd3e832d4833fc7f2f67f4bce
HOSPITALS,142586.5,708.59,Ontario Cancer Institute/Princess Margaret Hospital,Oncologist Radiatioin,1996,c56b4cbf0eb1e545ab3c573bda93894a04d5e8acec4d2e85131831549510f93910b35fb37d506eef3a3e75bd2e439024ac1c2f67ed4dacd78bdcb798eb6d6942
HOSPITALS,108628.65,648.54,Ontario Cancer Institute/Princess Margaret Hospital,Oncologist Medical,1996,ac6daca46ae4dd9b85ffb4b26165119bea21514b15d682cb85b186a0582f4b3f4297c4acf515d05ab7603c6b79ecd4f59d02228e3253f4a683227f97a87ca761
HOSPITALS,143587.34,711.26,Ontario Cancer Institute/Princess Margaret Hospital,Oncologist Radiation,1996,12fff10a79aa1b561c49c871933b4044effa85d0ef774f404e509f375a3c030feb9f3588aebe15d153e26ad076aba2ca79f166bee587db577b53afc260bc0668
HOSPITALS,140000.11,651.07,Ontario Cancer Institute/Princess Margaret Hospital,Division Head Medical Physics,1996,6b9a23dba382415da9fa5a3a73272995cdb8b01fc6779fb418920ba4c06445f72859554e68b51e983ccabe2ccfc38b984165e43a1425bf65e1a30ca1565f9bbb
HOSPITALS,154820.25,742.68,Ontario Cancer Institute/Princess Margaret Hospital,Oncologist Radiation,1996,67c403a75d72ab9502090e4e0aa6b9d4bd644c0b2e0abb83b7e0e25f17c0cfdb3f64ae81bb49c30b4b5ae90ca7615608afb8b4424f9dd099be2d196a500c83ef
HOSPITALS,142586.51,708.59,Ontario Cancer Institute/Princess Margaret Hospital,Oncologist Radiation,1996,3bc1edea339db7cacb5c700ee818df09cde7a812d2d8bab99c0965d153adef66b2494c96582181af0f9d1e6061d912e44af70b2c6c003499d4fe48c69e190184
CROWN AGENCIES,153114.0,8530.0,Ontario Casino Corporation,President,1996,b617efa948b7f294333a2246d22bc783f909e453b8ecdc359bff40910ffe60ca68bc0b225e6ac57b837af4aa657ea0132160645a38e4cf342bcf36ec45ef59c2
CROWN AGENCIES,102262.0,275.0,Ontario Casino Corporation,Director of Communications,1996,c681e7a9167651743ce6e190d855002604b4417876c465fa64e625262e30969d5d9bffe8cf70b3a2a1afbfaa1d37f11ae4484a5f59f0640c2c201ff9cb4eeff0
CROWN AGENCIES,104316.0,281.0,Ontario Casino Corporation,Director of Operations,1996,6bfe4b33cf57fb46615b67038f6960dc01ca1943ced82398b712d2584596f8b02275a226411ded9b08df3130d126d4178540d764754306fe18d3e61fbe502164
CROWN AGENCIES,126218.0,339.24,Ontario Clean Water Agency,President & CEO,1996,a2212b92fd514dc31b390a4b3042cfb5d197eddc9a725decbbd95472411eceab1288483f383d8a5478de5a157b8aa6bc7fc1112133df51aa6165a3b1e136fb3d
CROWN AGENCIES,100242.0,288.0,Ontario Clean Water Agency,Legal Counsel,1996,abe9d905ddb93b816c5a7ec2fba3249db0ba6a81b9440b9849186f2182cc08269f1c770e2a38f8a63a26347e8e8f7ddb835c2ea46079bee79d3f1b26eaf4125e
CROWN AGENCIES,148561.52,2061.6,Ontario Energy Corporation,"Manager, Energy Programs",1996,4a78fe2f1868dd56a6f91d539da51ff3c7634c80b52e718b250007862e93969b8c9ffade56f3f9ee1c4cbd942cc689d60545b536e70cd4ebb274544ccfddd2a9
CROWN AGENCIES,104572.0,554.0,Ontario Film Development Corporation,CEO,1996,986993d9f889f83a3f67bd00e9708f2344a454d972eba8abf0503405ac82d23b034f411233be1b91e1ae126665ea37c240923269180be3b3290a9190fea560f0
CROWN AGENCIES,109375.0,318.0,Ontario Financing Authority,Dir.-Risk Management Branch,1996,189caf99ba3860fd6cf64a3247180349569d9774dd99298b097f1f5828d729d0adc94bf4592b138e7fb52d166146dde16e72e2cbd33e00fb77c91f68fc9aae1b
CROWN AGENCIES,113070.0,325.0,Ontario Financing Authority,Exec. Dir. -Capital Markets Div.,1996,0dca4df46048421ffe73ada1c4523562d7f81ef2174cd927ae02f948fe8e8320017f126c057d59925e076959b1b83dbaf6e4609df1f56306a5f927ed3200abf9
CROWN AGENCIES,114236.0,329.0,Ontario Financing Authority,Legal Counsel,1996,f326cd19dbf0e7c4647c1a81b8d85679f0a39a58cf465bc6dcff4d7f2825ced73b458dfe94b534264faa57a9d3db3ce9e0c32bd2302b533b7babbea386de75a1
HOSPITALS,179351.3,5602.91,Ontario Hospital Association,"Seconded to Liberty Health as Sr. V.P., Strategic Affairs",1996,fb6814c1113613ef5933702b1ab1c87b05866fbf84c053a3c0f504bb361a61d2c61dbfc0e751638e6cf672a73e9fe74dc2c286d51f3dab104b0a6e23c3a5377f
HOSPITALS,106496.0,638.93,Ontario Hospital Association,"Dir., Nursing/Paramedical Negotiations",1996,e6b09d9dbcaa1fa646eabd0ce4f94ab917c6bd22cfb2377ceee6e7c1df3cfa98b44ce012014b2152a9ff7687e848d827f585756d511de07029763b4d5bf74f4b
HOSPITALS,101426.0,608.91,Ontario Hospital Association,"Dir., Education & Convention Serv.",1996,5c1c1bf454c3b072d30abba6cf0241a8fab1ed4596bd6da649e0fbdd30b7f8197dd96388ae2ddf321dfb4e0aa88e00d1672d9d174ac8532cb3e64551f3fc74a5
HOSPITALS,123760.0,742.42,Ontario Hospital Association,"Managing Dir., Negotiations & Consult.",1996,bd0e25bc0cd354fb9dd34c12f48057bfdd8dbe3eb000d40d3168baab16bae089cc7157bf035ed76dcb66402dd45d0311d46befb4462292bef19e7a0ef3a0f2ef
HOSPITALS,124384.57,6466.19,Ontario Hospital Association,President & CEO,1996,e94dcbd9f72554b417d8c12674b026db7048049f9029be50723d0d3a7bfde512322c198a66778609a9c31a2fdbc8c6ed1fef2823cb9d682fccd3f0a31c09e7b9
HOSPITALS,141808.97,0.0,Ontario Hospital Association,Former Interim President,1996,0bbb3b47de7b63970a9373a9fa1620cc897f915815471f89d020d1e856c5c93f051cb1bcc2b7638f8b2d6f5e8ae1745c7fc4b6837500a5b1458aee7b8c3e05a2
HOSPITALS,187910.28,6439.08,Ontario Hospital Association,"Former V.P., Small Hospitals",1996,840c131a3294e5c73d31b8bbba75fbfda0122433e8b890a8b170c7e720f2bee33f3cde1d0cb333b13a99585711f82aa21292c9967c5124cdab11d8cb89a586a1
HOSPITALS,169999.97,1019.88,Ontario Hospital Association,Chief Operating Officer,1996,2612252029f4dee5a64e4c1eac32db7de16a8a8aa8cbffe408aec9700176d75eccc64cb3d64ae718d43397962ed1c2675293cc1879e5ad012a17cc9dd7db9f04
HOSPITALS,102258.0,613.42,Ontario Hospital Association,"Dir., Services/Clerical Negotiations",1996,b0f996dd26160deff483b808432ac91747f88a1d31f7d01e3413d43ae23b396afe57f7cad0aaa070f37da905abf06bc1e07a74f255856d4ffd0a016ab80b83e0
HOSPITALS,101738.0,610.35,Ontario Hospital Association,"Dir., Individual Hosp. Consult. Serv.",1996,02d66f33489b1c9eedef90563bfa2eb29d5300dbffae03180e3f3d85deb2c475997dcf536ebb89aa3550d4ac8e5c21d1aa158c09cbbcdcd8f5099401fe6ba6a9
HOSPITALS,121030.0,725.92,Ontario Hospital Association,"V.P., Public Affairs",1996,805d1e623c54bf84726f4658d607684269b798967266c1bdbc2364b44ebcb73e36578586cd9cc8eb3bc0589beef161fbefa8dffc9a441da945cee6a47787fa7c
HOSPITALS,145418.0,872.85,Ontario Hospital Association,"V.P, Hosp. Employee Relat. Serv.",1996,21d6012118203e9c1f6c8a7d15bfe191ee041da8fd66633b73c71019a8046fa5112aa807b54d70909414e52d8de32d41fe1dc3976275cc2bfda3c78d448134d9
CROWN AGENCIES,104900.0,616.0,Ontario Hydro,SOLICITOR,1996,6db45d61afb07445dc7fdf05245cefbc1ad340139497c1169424fa593c1761a452ff300dad34f2a562d3067420b258fc8ae4b07e6aebbacf945122e9d0efa236
CROWN AGENCIES,114690.0,6507.0,Ontario Hydro,"MANAGER, BUSINESS DEVELOPMENT",1996,5f7e9ce02374c2a2f8a137b4e231993ac85eadcf470de43bd427db88a272c75f9f20acb5b504c6ced6ad39240b5fa78c4d4820c815d9ac6eeaf56669d19da7e0
CROWN AGENCIES,105088.0,494.0,Ontario Hydro,SHIFT MTCE SUPRV (CONTROL OR MECHANICAL),1996,71e0dc2accc0b3dd08406fa49c44ce082a80d6add6eaa91c9be987640afd5979c9dc95690ad795cc3025f2f1db29fb656670b66c5cc4d149087cf8113a6b9115
CROWN AGENCIES,100700.0,564.0,Ontario Hydro,"MANAGER, PAY SERVICES",1996,28d6ef338604cf1e7a566826853d19643a2be0ba2d58a0b7e17484786cab64a5a16a6d510706b9c9327558c96231c32fd4552de8da005d7e8754d6a394e7a508
CROWN AGENCIES,106427.0,527.0,Ontario Hydro,TECHNICAL SUPERVISOR,1996,d880c4f83294c0bf77d478f13b41d4099da8dc4f548e02075d94f01ed2bb18e5033e42df044277926d5aff599c7d3cbd0d681262a0ef1c0409220dd55dd4558a
CROWN AGENCIES,116946.0,548.0,Ontario Hydro,TECHNICAL SUPERVISOR,1996,93eabfabe55919075cb46c8be7631c6e1f663cc91163590a123e1eac8cba37a9ec2db8c0d20d52010679756961764009e8244d4da7cb9f1de64f74d57aea6e51
CROWN AGENCIES,114996.0,4868.0,Ontario Hydro,"MANAGER, EASTERN/NORTHERN PROJECTS",1996,fc4b46abafd90b40ef1ec63c2fe5489301a4b574f2332a7f75f70075b744605d0e39252a20a1bda5c13f9ce2825cbcd13c0d5eeb57303ced950b301835d84ff1
CROWN AGENCIES,100910.0,416.0,Ontario Hydro,AUTHORIZED NUCLEAR OPERATOR,1996,fa43b2a669b0ab5a4dd2e25fbe163567d9d36a1d5bc2f544632584be9c8dd8bc3e189a999116a32a2d38b815028e0e39249d100577668b08f6e9c214e61f4a5f
CROWN AGENCIES,101007.0,563.0,Ontario Hydro,"MANAGER, ACCOUNTING & TAX POLICY",1996,d825be62efbe3e58bc8e87870f465b0ced715ac0aa139b7641c38d8c05db5dee73ec42661095019ff4afcd4817c424f5563d8e04186024571568576920ba0a08
CROWN AGENCIES,239064.0,632.0,Ontario Hydro,"MGR, REAL ESTATE - PENSION FUND",1996,c7c3a313fdebb33c17a0f0c03d78299712f380bb19f9e8a63df1d37c2fc0479966da631b0571a53044a26900a6b6b8481316832e1077c08c048d3aa7d1d1072f
CROWN AGENCIES,109052.0,476.0,Ontario Hydro,SHIFT SUPERINTENDENT,1996,6ff97de503b0a0cf07de31a8be53048fc161e14a564b650070a5e68e86b7468871229b08668a1ce303a7eb7a8183545785a7259e3533a53b444426cab8287f54
CROWN AGENCIES,122392.0,608.0,Ontario Hydro,SHIFT SUPERINTENDENT,1996,dc6fdb4d05ef8e1c09eb00044cb3e8df78e964084b20f006f65eff0ad4917768a1e49f4a25baaf37953844857fe2107fcb3a7831e2f537efb7ed8edd424db9b6
CROWN AGENCIES,101418.0,436.0,Ontario Hydro,SHIFT MTCE SUPRV (CONTROL OR MECHANICAL),1996,3b73c515068e4c1712ca4a27a4517a7540c8994844692bb85d181195b3e9f0697129b9df13f0b1ce87c667f5ed06028336f1a7bef5eb61a01e6870426798422f
CROWN AGENCIES,106153.0,527.0,Ontario Hydro,TECHNICAL SUPERINTENDENT,1996,d4c76f126e800095730a8fb0630e633e82e2c77f53b3693c0f706e1cb672a2bef357ee42ce8517e0af86a6f8f7f1d10ece3e29f0e77cbe774dc3bff7c7eaf44a
CROWN AGENCIES,106043.0,484.0,Ontario Hydro,PLANNING SUPERVISOR,1996,4fc175d8049eca68ae1c5e9bf8b17ae49e5e5f34da0c5f4d4b0733cf12501a2245b0b7506e223107cf9dea1d1c139c69f9bd35a5e2cf86af414bb909f5e7186c
CROWN AGENCIES,119188.0,627.0,Ontario Hydro,"MANAGER, CHERRYWOOD DISTRICT",1996,b4abb6821b155d08b43b050db53bc7bce36dc9014e47477fa34c2cd26cb767de1d7ac63fa40ae3353f4df906202d2c85e0a91b9b038cd0e5c5e9dd0e86fece2b
CROWN AGENCIES,106699.0,564.0,Ontario Hydro,SENIOR ADVISOR,1996,d42ce742712532933fc6945012bc87415573ae0e13fd3bf30d8a29361c60213a720d1d78a7208c0c0e7fbb10208f42395aec72f410c1303692c2a1a600dab46e
CROWN AGENCIES,132465.0,7819.0,Ontario Hydro,"ACTING DIRECTOR, BRUCE A",1996,d9caa04e4adc2e87e1da4dd0797d845ee65eabfad54866dc384ca576f256b22f8bff1a7e5d75f73f6c1f3c4985a8d823b3c6e7a3ed4cd46b665d98210681c380
CROWN AGENCIES,101806.0,524.0,Ontario Hydro,MAINTENANCE SUPERVISOR - MECHANICAL,1996,45cd53ff029cdb43b1e10b17a440948a61dfd15bf428e7bf42c3858d7b824cf4767cfe70923ae1944a5c51292738453a6538f3d834c4bc079d5b67adb594d997
CROWN AGENCIES,106651.0,511.0,Ontario Hydro,"MANAGER, BELLEVILLE DISTRICT",1996,551ec0377f391df94665392d9d4ce4b6ad4ebf869436e83ae575c30466027c9a7b138b835f6132a9dedaeec20356438f5c452c660c68d9a52404ed74cb832448
CROWN AGENCIES,105900.0,604.0,Ontario Hydro,"MGR, FINANCE & BUSINESS SERVICES",1996,d6944bf321244920f238f9881996daeeb1f3789a38f28470ffdbaf55964b5ad6c4d196f8feb1b8b7537f3502cfe58bcdf5f8265019a0eaf371b4328690bca71e
CROWN AGENCIES,120510.0,657.0,Ontario Hydro,"VP, FINANCE & BUSINESS SYSTEMS",1996,a0cc1e66ef4085516b0e30f21a8af8d643a69422fb14abbcadb12fc24dd7b10e26c306a7172f64d324b3c84e40f73135f12f1802871389318b7ba5fbe18d1d78
CROWN AGENCIES,104785.0,585.0,Ontario Hydro,"MANAGER, NUCLEAR BALANCE OF PLAN PROGRM",1996,8566defd0931ef371f972430a10a52c0e8c417343729010a6bceb23b763006ed3ed96ea969862c95ffb8fe23cacb0d8f63ce8334dedd6363e957749e7f344e49
CROWN AGENCIES,139000.0,749.0,Ontario Hydro,"DIRECTOR, STRATEGIES & PLANS",1996,93bd96bef1217c9ef8a3d7153be3926a920929f724c2573793dc665cc0f802679188546ed42aff14c1a06ca675f8c4a7a32576bae9402a976cab612a1042b191
CROWN AGENCIES,116832.0,525.0,Ontario Hydro,SHIFT OPERATING SUPERVISOR (AUTHORIZED),1996,ca7c1631a04e7f3c5d8d24b29e89e48c47f6b21d1abd2aa7ff67565b85e6c07fe42ffb8ac868c6b452bdae9ed7ebc4113d36e77288c0c485d2d7b7f265dde785
CROWN AGENCIES,102519.0,543.0,Ontario Hydro,SINGLE UNIT SHIFT SUPERVISOR,1996,40eee4d0c6156ed29777363103785d0c919bed1ea69da7ce1539f566ef0ce5d24951f6067638d55b6b393a8f7c4b3c32b6324665bf20143b0a205491045b9927
CROWN AGENCIES,132400.0,513.0,Ontario Hydro,"MGR, NUCLEAR FUELS - RETIRED",1996,f0a523c8987b1e17bf63a15525adde1d22d94e524427a65eb66207ebe2d52ebbed8a0951ce0e4ed0d16a5860d5ebf073a3e032a8d263ec8048930245827c7a44
CROWN AGENCIES,100804.0,514.0,Ontario Hydro,ENGINEER/TECHNICAL OFF-COMMERICAL & RES.,1996,eec13262ba8aa213291d532ee3779e4a9602ed9df8249d116e4a0413fe08173824d1c9a49241ff6c88be81f3abb2e63ae62aeb3f361bed78661c483e5bee1fdc
CROWN AGENCIES,106606.0,585.0,Ontario Hydro,"MGR, ENERGY SERVICES & RETAIL PROGRAMS",1996,3c099c8d8f14e1a7a5db85fa2857507a8a1c9e61f11ee5bb939067831bf5f1d7b6eb991a570fa3342cbbccf6da79c02486a44e819ac4098d62cd15fc47755c0d
CROWN AGENCIES,107676.0,604.0,Ontario Hydro,"MGR, FINANCE & BUSINESS SERVICES",1996,9f153ed2e3a7b7eb05375f8087103d08d399fdf7ef8e3177108554e4fd1a8001ccb75b3ca7a2cde64edec71bc59962158da6c009052506ec78a76c76fcdfa17f
CROWN AGENCIES,139436.0,764.0,Ontario Hydro,GENERAL AUDITOR,1996,27cee050ba2faa8d00fa659d3be6eeb4b844555538ee807d87636f3f09c849d1795f9e27f352697a6fb809194a77956c16039701f887f36a38bd3587f84b5c48
CROWN AGENCIES,105493.0,571.0,Ontario Hydro,"MGR, MAIL, MATRL HNDLNG & PRINTNG SRVCS",1996,d5318b3dc1b683b8df8807ce10a6b97ec17a6e288bb59b5571b1445243b1cd429154e509bc391782d90ee0f4c0d1d84637de2319e40db81985bd2500d21cd4cf
CROWN AGENCIES,129413.0,3459.0,Ontario Hydro,"MANAGER, UTILITY 10",1996,0a55662acf268f089d2dcd7d7b21717f206d0c7b31c928a8b591f530bbb2a3e3590f78d594146f86339b9942fd4bfedb62fe1c5c44c24b1266c6e0fd751c2508
CROWN AGENCIES,104542.0,505.0,Ontario Hydro,TECHNICAL SUPERVISOR,1996,0f84704e0ee20b983194bb0c7b649932325c0761351096cabefd0b5c6264f6c089bbc924abfeac9e42d7841148207269c2cdd30280899607a5d454f900476ab0
CROWN AGENCIES,105820.0,538.0,Ontario Hydro,SHIFT SUPERVISOR,1996,6d665d28e368976e5a5018f8e7a1702e0cd8975827e394c1c462b44282a66e6958df5cc3265b80970c5dc5b763068d4e531e24f3e0861959daa9665806efd0ac
CROWN AGENCIES,104778.0,2495.0,Ontario Hydro,"PROJECT MGR, OHN SYSTM STRATG IMPLEMENT",1996,2dde458be02b7656558e02f153d56b048633e64163d84dbf515322d2dcc7ba35f0c0e4adb7badab633af0e74f418945d5721f490226881f6d304771bfdce4986
CROWN AGENCIES,104820.0,598.0,Ontario Hydro,"MGR, PROJECTS & MODIFICATIONS",1996,644d5ccd9e62dd95742740b7bbf26c56c39bb25df8afeef7c62cb20cfcde0a972c156abbb576de4cd46c644fe6f3cb658e0e6192410ad2384d57ecf16f4825e3
CROWN AGENCIES,102211.0,559.0,Ontario Hydro,"MANAGER, PRICING",1996,2a6786e403192f53e6e796976dabe647cbda78f2a7f8c7f7d2a2cd2596782356d8ce0cd644b9b6377ca49991c07d6dc429321531da1172cd4317a7f11a785d98
CROWN AGENCIES,104678.0,453.0,Ontario Hydro,TECHNICAL SUPERVISOR,1996,46b531bba59bc158a39bdad4c122d3f25ccadaa44f84376f218269c17f8112053b30de97d405750b3acc5ccfc63d837f1648d798f26fbba2ff1f5300b35ccf1e
CROWN AGENCIES,101762.0,475.0,Ontario Hydro,"MGR, CHANGE MGMT PAY & BENS REENG",1996,a21acbf5b49f299f1cff2dbca970226c93e4788cb65e74c82b176a91c14236c82a0e8c70dd827d51463e8668104d583711a0d4ea80010229d70a9bb949767188
CROWN AGENCIES,116295.0,515.0,Ontario Hydro,SHIFT OPERATING SUPERVISOR (AUTHORIZED),1996,ec3d6365d3d13cbbeb3ba2d9603087fecaa0aaac0d15c3821907765b2ab3e31302a61c8a2f592b756fe506720cc4ceb94ff719fdc9f57df34f4fc29e1f3f7397
CROWN AGENCIES,109824.0,595.0,Ontario Hydro,"MGR, CUSTOMER RLTNS & SALES",1996,eb87ee9b5d7f1950ab4f4f3ac486d00051215e61eb099d7dce7c4f19c28d8c63c31bb8bbd18a6981ac524eb7a7e6a58b8fb55940d3997888566f43638985165e
CROWN AGENCIES,100661.0,483.0,Ontario Hydro,SHIFT SUPERVISOR,1996,1ad0441cd299bd7d2c622d60f5d5f69ccb19f362a60549edf24443ddda169ba2659b0608a0a1b66ed00d463791aaa0c68a97a7fbc8d56cee40c23d6ed423ea81
CROWN AGENCIES,110465.0,541.0,Ontario Hydro,SHIFT SUPERVISOR,1996,bce49bf64c43c81aec3c6054f937952473cdb4145701f99e5b21727398e06a85dd7dcf2ac240502dd9a69417280ff0c998678eb7a43e0629cdc26eb1a6d1923b
CROWN AGENCIES,109678.0,5631.0,Ontario Hydro,"MGR, UNIT 0",1996,55b7e2f60e68447d4a44032ebe39ca839e10acefd9e77f8b9b0da9cd8abb18039c1ac339df80e6d47dd1710f4e417e62dd542535a161aba6e8384516e0d803f2
CROWN AGENCIES,109976.0,1399.0,Ontario Hydro,"MANAGER, GEORGIAN BAY DISTRICT",1996,98402a0d18531de24e71922e6713b4613bb989102f075ef60ab8874093a3a7525674436ef6a520fa3b831ca988accd23d35271162f44d17ea905839905d99b11
CROWN AGENCIES,107048.0,542.0,Ontario Hydro,"PLANT MGR, LAKE ONTARIO",1996,21617cffe2cfcb0931d6cddde183088d2c7b5b80fbd067710f68d0aaab0e71c797fe693852aa1318660182e571f92687e9d32ab5915bb9b0ef34259825759088
CROWN AGENCIES,101315.0,523.0,Ontario Hydro,SHIFT OPERATING SUPERVISOR (AUTHORIZED),1996,8d9cf49482605b5e2ad448817212c5809d40894e00f40c750db55830467bb0d8c535e503e08db8ddd638dfb1d1ba4fb098154425657c533d213ecaf1fb9c36a3
CROWN AGENCIES,134565.0,727.0,Ontario Hydro,"VP, TECHNICAL RESOURCES",1996,5e0cd23cec3eeb88542b575e09c873aa24057302b67ca09ef538e3fde0c0be092545b94e74aca7487efd25e9803ad86b35ae49b6cea4ce496b47f36a7a3f52c8
CROWN AGENCIES,102563.0,579.0,Ontario Hydro,"MANAGER, MAINTENANCE",1996,8bd88efb115d2e8ca8f853192a075e442d9f9da79ab66aac606fc52708d2c3461f5ab2719a7ef70cec9b30a3db789a9fe366db4a1cdf95825b4a51b3c0793c99
CROWN AGENCIES,104237.0,416.0,Ontario Hydro,AUTHORIZED NUCLEAR OPERATOR,1996,ff6a4c6afbd0e2831e6e9c6476b80d34ed4003d675f39684efb459e926a42f8be608f40ecea4fa16981e40bbb526bba59131b892db42b426a3e8277fb6876233
CROWN AGENCIES,114141.0,621.0,Ontario Hydro,"DIRECTOR, FINANCE & SYSTEMS INTEGRATION",1996,41ea9325d21441333586e04c3dfd0f0d1d0b538995b8864e96257da26ddd7ef11cd717161e35dd964ae0f52bad86ac006f1911470d27f4b3e8b2681f23717f07
CROWN AGENCIES,100037.0,561.0,Ontario Hydro,SINGLE UNIT SHIFT SUPERVISOR,1996,23dffaecb21ec5e272cdee447d365d8212f23854ead786cba4d2577292b9b0a2efcf8545e2b38d65844bc10df31e201eb6587b3794965849ce2f4eb9ad14e409
CROWN AGENCIES,100987.0,416.0,Ontario Hydro,AUTHORIZED NUCLEAR OPERATOR,1996,b81a2abfa3cdd82b62efede11c7214006f7697fdb474ebc0fbf3e5508b11eef06889b9d57a051a348eed4b0c34855f8a4a5ad778b66943205e10bd2c06344231
CROWN AGENCIES,111456.0,540.0,Ontario Hydro,SINGLE UNIT SHIFT SUPERVISOR,1996,a5889427a7d9d8e9a9e2c70a25519716921b3e1b7208a0ce2512f4c4dacb66ca1992281b5f4bd8f69b256dd88a96d575b4dda7376a6ac8183627cb817a785546
CROWN AGENCIES,112967.0,5507.0,Ontario Hydro,"MANAGER, MAINTENANCE",1996,be25784d03fd997c1d0ad08c867c022fa735337b24b9d4d00ee2804aafe26720937656a3505ce7e5f6f6f28e90e2a8ec83c95ec41cbfc8d317117604257329eb
CROWN AGENCIES,109116.0,571.0,Ontario Hydro,"MANAGER, FORECASTING",1996,bd45c4b13c2a5ea47ecb8e2f95d279c20213406e4c0ecf479e223b45eb2804786836fe08760af78cc3a6a8850a6e1087af6a0d53801034c6d890c20c6fd8c7d7
CROWN AGENCIES,193223.0,25595.0,Ontario Hydro,"GENERAL MANAGER, BRUCE",1996,ee5dc33047cd2eb48853af45a40b59caf93d4931a3b9f60fded7a324f29fb5703d6659af8c3ac0a479c901da32ace18635fc634b3195d49f65aed67956f68ebc
CROWN AGENCIES,128096.0,719.0,Ontario Hydro,"DIRECTOR, HW & SUPPORT SERVICES",1996,572d97678ba17b938328859c4328017382a37f21e13306d73a5bcd78b745fdec0be4cf3fcf3b00970dca4d8c32a000d0ef738b927d8d142999269611d07a2799
CROWN AGENCIES,100814.0,549.0,Ontario Hydro,PRINCIPAL RESEARCH ENGINEER/SCIENTIST,1996,5ae0694819b654ac04d8795c86e847fa2ad931daf0fc1e063b150e472475cf3859f37cb3b426d7ae53a18bcf9f51912555819a5d55dce9959d1b88753708afab
CROWN AGENCIES,107143.0,580.0,Ontario Hydro,SHIFT SUPERINTENDENT,1996,428b0a2f5a5cf1fbe19581347eb699bd71d7058ad5832c0ac97c3eba4b7fa8838a2d34a0d4f973a03e2bd7d6b4b903d154842ee1ad72f790ed658d9bb02b4d9f
CROWN AGENCIES,101234.0,573.0,Ontario Hydro,SHIFT SUPERINTENDENT,1996,a012077bbe7216300e6a040839e482f9989f5b748a9f03eb5962391bc3e7609e35c83b59a2946417280b717fdf43918f3c91899724e9d5af09c927a36f51fe8c
CROWN AGENCIES,107000.0,567.0,Ontario Hydro,"MANAGER, BUSINESS PROGRAM & SUPPORT",1996,9e7a40c2e06f6c9a6b69c18daab4efaa62640c28e4e5160291f3bcd1d09e07751e3209f56568b2cd14bf8a5f6608e086f72b367cdc90a0e38504cef3a41e1743
CROWN AGENCIES,105606.0,499.0,Ontario Hydro,"MGR, SPECIALIZED INSPECTION & MTCE SRVC",1996,121c3807bd53151dd3bb2d84f297e4d366d055f158764dfc3559c1a1c7b6c44c227f17ad66026a7eeb0468e48eac4bfad4b14b9ef5404c7da836757d7216de03
CROWN AGENCIES,101512.0,584.0,Ontario Hydro,"SENIOR ADVISOR, CORPORATE SECURITY",1996,0fb3e39843427286a4aed6bf87d78030c0c09c0e360b35e4c2905504410095eecc01cac8d01f4ee641523d3eb0ad867a146ee83a0f822ef75d98d371bcb52b29
CROWN AGENCIES,102992.0,567.0,Ontario Hydro,SENIOR FINANCIAL STRATEGIST,1996,f25bc72b6cc437a8533f5bf30dcaf982f08a06ce8b440f8a76e4950995ee0b371f3b5d910abf3ecddb40fd6ad5cac072be535ecf98e6e5f798e1a0ef6f147717
CROWN AGENCIES,107838.0,499.0,Ontario Hydro,SHIFT OPERATING SUPERVISOR (AUTHORIZED),1996,53c91e71e54f3b08e1492e4f02e5c9c29114d2ec9da62fa6a0023e8803b4b73de7394904fa166a835041b4d4d00474f0c939e2464a3a4456a3cf03d14d3cf7dc
CROWN AGENCIES,144030.0,4856.0,Ontario Hydro,"DIRECTOR, NUCLEAR SAFETY",1996,b214c550fe4dda573db39bb12ccae8f39b14091860559d7021258b8e999142f7737aed0467fa1060a78cc94b1d1852f53461a94196e598f3554b60311f0ce24a
CROWN AGENCIES,101331.0,529.0,Ontario Hydro,"MANAGER, ITS OPERATIONS",1996,9097abe3ec6b0d35f852c4f734d2663a50afce8ad794bac56158e94ff686a22c0545d5ca34e0ddef4ae8a1107e7b9d28f16430d595384ffa21e1a2f87961c845
CROWN AGENCIES,101107.0,504.0,Ontario Hydro,SHIFT OPERATING SUPERVISOR (AUTHORIZED),1996,9a36f16ddf48e13bf2596b9142966e150d139dd95722d3ce8a0c204d34ecbb6d8df7094d7ae3441b06c2b9cd618b019f146136dc5297f4c917e443608c44dd71
CROWN AGENCIES,104224.0,585.0,Ontario Hydro,"MGR, FUEL ASH & SITE SERVICES",1996,44182244fccbd6bf5218266a0d2b78fe8938818b37ec4e7f3e675fcc589a85bd568abbc56df67c4eb8249ae2d66e0bd3d3385e080abd8ebea05c2f62585529dd
CROWN AGENCIES,139958.0,774.0,Ontario Hydro,"DIRECTOR, HUMAN RSRCS & FINANCIAL SRVCS",1996,31b74fee4977988543a5da568e4c547a3f1ed0c7b71cda455e5cd77884b7cde7a3fc51d2b15b92b505cfb8ed584ad7173e968ab6646075cc4d8213370a08f131
CROWN AGENCIES,110300.0,620.0,Ontario Hydro,"MANAGER, BORROWING",1996,e3d6dc2ec32ecaf4b4d3df89da8ad8d91ff62cecdae2dad95cea0c61d0b061446a9ddc97d7f06c05bdd5a5269f2b3bea3ad11cc221f7b8eb7d9b385c67b1fdb7
CROWN AGENCIES,119368.0,659.0,Ontario Hydro,"DIRECTOR, EXECUTIVE SERVICES",1996,8a1227521d159cc6a91b681c755403a069995c0d9de3ff4040b458a2e177293825db3910fff0db686e793ea7e7fc624b8bbd2890869d0d0eb03e31c038d63754
CROWN AGENCIES,111539.0,517.0,Ontario Hydro,"MGR, EQPT & SYSTEMS SUPPORT",1996,0687818af019739305313ee399e7fcc06ad72075083aa73c192e540628d8945aef2102adc1eaa36908f05a19d1c19f1b9681e7152f7fb47000261d1bd6d6abfa
CROWN AGENCIES,101000.0,536.0,Ontario Hydro,"SUPV PLANNER, DEV & BUS PLNG",1996,97e12b16e5264def7432ac5479bdb88364baea5becfc103442917a1e8f5b32c5360e2a0553839e9d7052bb4e8431218a4170380e505561e2a8622d6778affea1
CROWN AGENCIES,108965.0,592.0,Ontario Hydro,SHIFT SUPERINTENDENT,1996,ccb5cf81c225f26a4dfe2a22eb279316799bb177752b6cf912c009e5158dcc4f990fff1b1998cad7cbcfe09eb73e443f778ca2124c4f7ee5f931be12ed2796e8
CROWN AGENCIES,114211.0,375.0,Ontario Hydro,PROTECTION & CONTROL TECHNOLOGIST,1996,60fb239197c88a42364c61aaaede71221b5367332f192b9ebd9b75741fab7a71df340186a885653b5cf2c5ec1c50f0005178b765ea943fb42763de04e5f8e940
CROWN AGENCIES,161841.0,12840.0,Ontario Hydro,"DIRECTOR, BRUCE B",1996,faeade38a5303a06df73619152f20ab5cca6165780d63d9e446025b03e826c1dd4d9f0300422ac3f4b34231e4341b8b4ede39521799d1bcc67cf3a7c9465f672
CROWN AGENCIES,108959.0,599.0,Ontario Hydro,"MANAGER, CUSTOMER INFO & COMMUNICATIONS",1996,8a3ac49d36bc3a56ef562ba91f298e6ecb40adca9210cf0f4efc4b3bb0d84e51f6bf66169267a74e60474fe8597bc8780375c42e2f40754c72b7dbda1a746ef3
CROWN AGENCIES,101164.0,564.0,Ontario Hydro,"MGR, EMPLOYEE SERVICES",1996,dca461ff80cbd14d0a448561a01f9b4ec089f617c32afcb7d9fdcf2c73b8b90d85f9c0f37db50ef4b871e3e999195b7a8137028bf68dd8dd496a2ab8136c3077
CROWN AGENCIES,105935.0,598.0,Ontario Hydro,"MGR, ENGINEERING SERVICES",1996,5080e7a0c95a3ac112de525de57adcd563cd6cc2888d53ae1769389d9bddbe8fd459bbfae306bd7cea696a82816318d58c9f27a58ba4d2739fbb25876927f903
CROWN AGENCIES,100973.0,416.0,Ontario Hydro,AUTHORIZED NUCLEAR OPERATOR,1996,9abcd1591c641fa0b9ec482692aa845087c9dab1cd1738b012c4f9ab67944f9c26dd1d8fb299b435ea6c2e9ecff69c4025f078385001a1289fcb22190417dea1
CROWN AGENCIES,383800.0,90101.0,Ontario Hydro,"EXEC VP, CFO & MGNG DIR-CORP BUS GROUP",1996,38f8216311db6143ae45f6a85024b0caf16136a41e7154366caa4316fe27bb9a632acf5404896c294c70fdd9dc4f18e353995820e6ee5ef5aed712b6f3ae666b
CROWN AGENCIES,108665.0,569.0,Ontario Hydro,"MANAGER, HUMAN RESOURCES",1996,e358325b060705565ef128a07963b58912db7d54bb9810c369a6c36dc0a30179405d3dacb3371bb0b3d6b6f1e2ec5a436435aaccbbb4e6a8adfc8408a11bf032
CROWN AGENCIES,119360.0,573.0,Ontario Hydro,"MANAGER, WESTERN DISTRICT",1996,544c8007531609bac08fafa721faf2fd8b15aa454fb5efe5b4527d39a5281d5f929171b78de3be15082ef09c4f5db20c6ba11aa831bcb5369fe1db319ca77ac7
CROWN AGENCIES,114751.0,604.0,Ontario Hydro,"DIRECTOR, INFORMATION SYSTEMS",1996,5548782be5c0a6b8bca9b230626a67e0e13cbeabd6cca0aa6bf1b3e50497657767c90d9f0b90e64346450a664d3922451d313f454559a4520d76f3cbdcb1c865
CROWN AGENCIES,112570.0,4625.0,Ontario Hydro,"MGR, UNIT PRODUCTION A",1996,7a3ddb2da41a69446970fc0a3b1fed618f91e6cdc0cad8ce1530802cf2eccc99a6e77551b80bd8d1d92f6830bc612a165fc611b7151e59fe74ca6b025c95544d
CROWN AGENCIES,121042.0,675.0,Ontario Hydro,"DIRECTOR, FINANCE & BUSINESS SERV",1996,889e95ed10b54fbb55caf17dae8a8b9a012cfea7f5c0e320e0ba52daffc7db48f77f85ec99f963bd44c262cd3c5f6bba87de9eaff920945b03cdf071b6c67829
CROWN AGENCIES,108182.0,528.0,Ontario Hydro,"MGR, COG OPERATIONS",1996,bac5987ab3ac1a97948f23560506323ce884d5f8f2847fed82c219ae8db80f27859fa6bceadf17f7f0670d6f2bae125d0131579b8fa1914072c79c59e91ef389
CROWN AGENCIES,105761.0,416.0,Ontario Hydro,AUTHORIZED NUCLEAR OPERATOR,1996,69d66622bd1b278be4e8fe706b3513d4c29f18977c4c79b7ad3ac670234d4d44dacf62b4623e6e369bf299ec5d9f601a71b0561baf18c5e98fe478e933e13b71
CROWN AGENCIES,100340.0,388.0,Ontario Hydro,REGIONAL MAINTAINER - ELECTRICAL UTS,1996,6b2f0b4756e95d2f06495bee1c0a3bdbf8334db3dcf19419be60509e7b224230ddf58f6e81dcd67b28ddc0d63eac657d9ce2ef5e9d54aef2b0db29c9f9ec25f3
CROWN AGENCIES,159001.0,743.0,Ontario Hydro,"DIRECTOR, MARKETING & SALES - DIRECTS",1996,76c2479e0048af68323b9f1a5ee6bffe13ea751836f2791a9ce32ea9e313bf81e9bf28b72373ddfed22d23ec9e4f5a1ff306f463e83d0047c8430b78a3ee17f1
CROWN AGENCIES,106830.0,604.0,Ontario Hydro,"MANAGER, POWER PURCHASING",1996,f23d43ecb95aa21fdc9d3dcf7c247db91c31a25f8386368a3ce68931633188f67262835af58949420d219092a24fdf634a01ee785cb0325f00872879b434d96a
CROWN AGENCIES,190811.0,577.0,Ontario Hydro,"MANAGER, PENSION FUND OPERATIONS",1996,9c085412385345ea9b3c7302608e892a393014eddcff3a79d04018b748006027f7964cb313fb9976259f711b9d86d43aa4d179b1f95b8989c887224c0035496d
CROWN AGENCIES,114136.0,521.0,Ontario Hydro,SHIFT OPERATING SUPERVISOR (AUTHORIZED),1996,319cf35dcd73e4533a15593cd32c4c5652e2ce3e4aca101d056d467e3591b3c804ce807b225ebbf89b43ea5a5bdf847afdb7120230add232aac7a3bd39f654c4
CROWN AGENCIES,233625.0,25643.0,Ontario Hydro,"PRESIDENT & CEO, OH TECHNOLOGIES",1996,b9cfacaa9f99608551a5676847c7e34c144c65e70b2abcdcd801d58443a35161ff552c1be9c286260f5bafa54911991a4bcc270ca73477b3bfa67468fa06655d
CROWN AGENCIES,107562.0,558.0,Ontario Hydro,"MGR, PLANNING & REPORTING",1996,53662bbcb9f49546f43e90275b7c61734fb5bd4a7ea9707194abe60f703c0f4babf27f22fff67d0f13fbbaaa72b667af1159b0c0d71c6e81a276dc8960511c70
CROWN AGENCIES,112320.0,609.0,Ontario Hydro,"DIRECTOR, BES OPERATIONS",1996,897f207834d31dff59eaa0bc65f82807d30f44ab5eb078c7ef97ab8b643ac806984680c241c3ad465ba334dc3e257d0ea8c3f51336dc4841d41d729623ea4974
CROWN AGENCIES,104009.0,579.0,Ontario Hydro,"MGR, PROJECTS & MODIFICATIONS",1996,9d25058534bfd4b58740cc89807ae262695a4e830ee1f9f828722a55994c48cd4abdcfcc586f222b6c88460dc9a3728fa2a32e6fa347f87d5e3ab8fe424f3446
CROWN AGENCIES,102559.0,515.0,Ontario Hydro,TECHNICAL SUPERVISOR,1996,3d86186c3439e4aa09c421193dff7f6313ee6b3b6b5ab67303c8e64fa10255a86699617b32cef72d0d4a0dd4880e1caa0cc7aa176463cf4e64d29b3ca90987bd
CROWN AGENCIES,115500.0,647.0,Ontario Hydro,"SR ADVISOR, LEADERSHIP & ORGANIZATION",1996,a8cc0a77a68d9818bd933bd34190cc2a2db38883519d71d1ff161af4849b99f65468b2452786298dc00a19e0f6325771c579b3012523336211be11ca901ac68c
CROWN AGENCIES,116245.0,647.0,Ontario Hydro,"GENERAL COUNSEL, OHII",1996,1bea3f8ec17667299edbfc9ca4440ad6ad6121a4bfbfbb8c3e84286d5103bcf8827831072abb990bc07e027e64e05854b3f4942a6eb6b41f995d00cb3252c6b8
CROWN AGENCIES,105928.0,486.0,Ontario Hydro,SHIFT MTCE SUPRV (CONTROL OR MECHANICAL),1996,a2d5e9406032e9355cc61815ca573bc49a46427c0fa4e15695cebdcb8c5896ee934b0cb9f9ff27e5776ec8adde74729a4a9ee74033e17a40d71cd62502bc0fea
CROWN AGENCIES,108837.0,6215.0,Ontario Hydro,"MGR, CAPITAL MODS",1996,eb9107aef899a246acdae74a8a53c0b22f09c2c030a546d6792379a2626b8248c1af515c284392b6017a99b7e6f4af326d9f115d4dc53190dc3f96cc65473136
CROWN AGENCIES,100873.0,5058.0,Ontario Hydro,"UTILITY MGR, NORTHERN ONTARIO ELECTRIC",1996,7b177d50e6fbf312bdf3fdbc2db992050473248cc17c6386a7b6e12a77595da7ca25cf0d6f765345adba30a66c5468bd1539b7ac442556e41cf3b8001e68ee75
CROWN AGENCIES,114977.0,638.0,Ontario Hydro,"VP, ISOTOPE & SUSTAINABLE TECH DIVISION",1996,0d52721bab39716d779ab578aa2b5c747ec95cf0fc11fa192e4e0a94368ab66df88878e5cf692bda50ed205e53fa1328cf80b59d19d8c0a114e49602ffa31e22
CROWN AGENCIES,136976.0,3830.0,Ontario Hydro,"MANAGER, OPERATION & MAINTENANCE",1996,5a27ef307c0b5f736c739b57df616234dd2c084e742dc66682546e3ac074a5adb47ba7c58d757510ccbf7235a11ac25e53d17f1dabb8fdddf7eadeff235ed6a8
CROWN AGENCIES,123263.0,3989.0,Ontario Hydro,"DIRECTOR, GRID DISTRICT OPERATIONS",1996,677833eaa1e329936bea903f29de82a2b09861a7ab08c1a4c0b08f6c1c534f29f5dc5a524b3efba235036d76abe9b061131a45fdd747936ef692432b28b2a1b0
CROWN AGENCIES,118832.0,1488.0,Ontario Hydro,"MANAGER, UTILITY 3",1996,8799af796e67feaa60d4d875690ade7f9223148f6671deb0bf9bcbfa13fecf14240f77526d8956eeecaff16488926afaf186fd7a631c9822673683c6b954bdaa
CROWN AGENCIES,109915.0,601.0,Ontario Hydro,"MGR, FOSSIL & HYDROELECTRIC PROGRAMS",1996,6b7e7f7c5bd18f30a08aa5def9668a609cd27c3714cdc8004c676bb0913da1f4bd1253dbf75cf5b2c368406a4e93efdf5fcbf5855dd6b4e6c1b971548f6cb34a
CROWN AGENCIES,100722.0,497.0,Ontario Hydro,SHIFT OPERATING SUPERVISOR (AUTHORIZED),1996,a89133ba405a727c6af1c124c29142fe131139ca4917ad037920e380c2873271dcf9b35c83dad34cd50a2fabd2504de1bb2484181abd56b1014e55f6705916e0
CROWN AGENCIES,105542.0,472.0,Ontario Hydro,SENIOR RESEARCH ENGINEER/SCIENTIST,1996,1eb54fd076f0305bbc9bf202c518ec7e2cdeab62398012eaf64ed51994b9fd773d68807defe2c6ba4ee6e79adea3eee4837c2c632df81bbc8feb38eb1acc6a79
CROWN AGENCIES,107000.0,567.0,Ontario Hydro,"MGR, SAFETY & ENVIRONMENT",1996,2c6453e4a2a6915badbfd3163de140851ba4d1a5221c08a544d3066d85a7b02c3c511c3c423bd062217d12460df5adb00d5b9f23e0a17a5c660c4b5b07cb252c
CROWN AGENCIES,100542.0,398.0,Ontario Hydro,LEAD TECHNOLOGIST,1996,b1cf97bd7355e79f4505f5af778f71ee634f1d161d070b0866cf6e044869da7827ff06c303bab1aaf36e3b0a3098a8cd35d1062ec8c33fb6ae5f252b39fb3bc8
CROWN AGENCIES,101020.0,507.0,Ontario Hydro,SHIFT OPERATING SUPERVISOR (AUTHORIZED),1996,d403025371206afd15e6989cc5b6e2a4cf53c3b7505aa2a9e865927022a62e3d50874d8d52caa93b225eb7c161c3b68e61f42d57e4d8039d396a6ed582bdfb2a
CROWN AGENCIES,104819.0,470.0,Ontario Hydro,DESIGN ENGINEER - SPECIALIST - POWER EQU,1996,bcaa3ef8c804c2d61b8fb4604a68be13acc71cdd1880bfd6e0545e04a25a9fa7e17dede9c8207119ed415b35d95f0e62b9de1ffacbe97e6e03d868d4a6345ac8
CROWN AGENCIES,104200.0,585.0,Ontario Hydro,DEAL MANAGER,1996,a362295201a14ef1c53774a4831a7298800a72bdaa3dca85f7a512a9899238dbe239749a419ae6ba5e348eea7f0f92b64d07ad49e2882f4e8ff8dd7fac8a62d8
CROWN AGENCIES,102860.0,573.0,Ontario Hydro,"MGR, WIND MICRO-HYDRLC & BIO-ENRGY PROG",1996,c0222431d2498ab1b08e620325a9deb39aa5881b282984ece443f4cbedd823e0d310b7f7b632986a6c0422517a93cd1e90154afe5838feed25786b5f64fc1a1b
CROWN AGENCIES,101200.0,567.0,Ontario Hydro,"MGR, HUMAN RESOURCES & FINANCIAL INFO.",1996,5d8c1b639cfac76ace9d752afec45c94209c8397e533b7794d3b643f772b6bdfd3c93b6a16f438fd81b9f39bc4e14d24abce44e1565b6d6b2d7aee442280321c
CROWN AGENCIES,123891.0,690.0,Ontario Hydro,"VP, POWER SYSTEM PROGRAMS",1996,7097cd8be0fab6efc8fb352395eb4d34917bf4fc3e16adae13b0a51b4d51b2a8312fcd9cffbe2ada904050930ac10f16837083e5550769acc72537aaeb81052b
CROWN AGENCIES,102304.0,567.0,Ontario Hydro,SENIOR TECHNICAL SPECIALIST,1996,59c2beb85e92c740a51e0b1e8e8dd1750e70712f662bc339a71dc1202df73de1bdad1c4c5cc7df10998a20bacc1abf96765c19d839a88176907cc214273cdbdd
CROWN AGENCIES,194250.0,43387.0,Ontario Hydro,"GENERAL MANAGER, GRID",1996,e391054b7ab51c3b30f049abc5998d5dd68b40fade5e6bac9d3208f8cd9e55239ac128e90c3455db7061533a0d49dbca1990fd05b7e0bba135886c0fda9edd76
CROWN AGENCIES,113051.0,4187.0,Ontario Hydro,"MANAGER, SAFETY SERVICES",1996,630e66986928c89e0238a242dde578a786ba40ac7e8ef313fc543ab96f92f13c4f662cebd41ca1a7ca9240ee88009fd70d96fbb92723ac8310ea0e32b5b0ab08
CROWN AGENCIES,109102.0,546.0,Ontario Hydro,ENGINEER/TECHNICAL OFF-COMMERICAL & RES.,1996,bbf94d69dc7d893256a7af101503c88ecca540c638d424570044ee6314942bb83eded8bb2c701fb8b9b89196dd2532ae48eac5171afe5b652ed0a0d7e22399c3
CROWN AGENCIES,110369.0,534.0,Ontario Hydro,SUPERVISING DESIGN ENGINEER,1996,f336b24f48783a13bd5a9c5332755db829e6f0b6b1583aee2e2e98e8af7200ab7563647f30ba45975d7fe51d347d4ec733011015b86f58070d41cf5cd225272b
CROWN AGENCIES,121458.0,1505.0,Ontario Hydro,"MANAGER, ELECTRICAL INSPECTION",1996,7b85535c17af2cd1e11c9f09d307ce3a9fab64bb838fc18a4d4b9d07f6e3dc21f5d5c00eb479d88b0fe673d36889432c04821847241c10802c9d5260d7c0b920
CROWN AGENCIES,106392.0,573.0,Ontario Hydro,"MANAGER, WATER RESOURCES",1996,4b06a853a27b0fd4807a6b7d68639a61c8fe129c70836dab6b9f7fea5c68b7414f6723d48dd069afd6df88ed8f9a62f788230c2b575788151db33ba816aec9f1
CROWN AGENCIES,110944.0,616.0,Ontario Hydro,"MANAGER, BUSINESS SUPPORT",1996,fb540c46c8e1846a37704343ff43edab62be3b041c9a2a5ab6be1a4646dbbb1cf8991a1e2a8c763bb129036393ab7dc51e20d33f7093b1d49010d9fcdf107ace
CROWN AGENCIES,106782.0,554.0,Ontario Hydro,"MGR, GRID SYSTEMS REAL ESTATE",1996,6eb61c3c5f209e2c241cecb66ce0968fa21b1900ad61a757614d64e8ff3b2dc361ec946747fd6298df851d4fe8e489e66c387e19b26002a7e57d2666bff3e9cb
CROWN AGENCIES,115194.0,4749.0,Ontario Hydro,"MGR, UNIT PAIR 1 & 2",1996,154e78230996d69acb585230a46ba9b2b6de6d816dcbfbb3a6a6e98dd6b1fd053743e670e1bfd237a5d275d405a4744ee6ecf0f9788c4b43ca7bfea8617b0132
CROWN AGENCIES,111967.0,591.0,Ontario Hydro,"DIRECTOR, TECHNICAL SERVICES & PROJECTS",1996,94572978c28fc35e08726cd21eb4322896f4e7a8257c1c169329a7810c1c58a620fa67292ae280404dc0de5ee88f9a348e4dfd2fe8cf8931edbb7d10d5c44da4
CROWN AGENCIES,110344.0,622.0,Ontario Hydro,SR SOLICITOR,1996,c4d1bfc547ca4462d9c1d967dc27406929fa3830c929296ec38263e10c96502c66d73aa57b18951fbe5ea215dbf50d1ef1a2f6376a5ea60c55f2000fe6c3f800
CROWN AGENCIES,110313.0,610.0,Ontario Hydro,"MGR, OPERATIONS",1996,a7c4d7ed9f45e87f970f916e494ef765f90431fbbe5340bd847c2998062b08258b61af081f20f704f7e245f3fbeaf7720b1ba3bceed21b25d2efb51dd209dcf1
CROWN AGENCIES,109608.0,416.0,Ontario Hydro,AUTHORIZED NUCLEAR OPERATOR,1996,bfe8af9eaff29afb4e3ea612ec979ce07be7c0dfde7bba02bbd6a2fa6e09d89d93d0523c0db931a2777939a077789f3eaa9038e18fc4ec7e9e4fcb95f76f353a
CROWN AGENCIES,135735.0,743.0,Ontario Hydro,PROJECT MANAGER,1996,2a19bde46d4c1eb522ce0bd12223fa283a42c3bd29e773646cbbb6e160fe12b6956f4a5019b7ab47d4116194faf51379ac748c2c0a0710dca0f8186ec83d4d4e
CROWN AGENCIES,250958.0,18212.0,Ontario Hydro,CHAIRMAN,1996,85f67799d63d263d324071a82ae6f63a41410fc341775fd7e57307adf64d8addc358bfd2c848e27efcf21f54c354b5e74d7300970a42779cc36735765500ea89
CROWN AGENCIES,108240.0,4242.0,Ontario Hydro,"MGR, UNIT PRODUCTION B",1996,4c9073e6ad5385ceded4c4098a9fadda18b1eec6becb266dd6795d0b3c300ee886eecb6ff00b230899c4e10c4e2dd770f6c1b303efc621b6d764d763181046e9
CROWN AGENCIES,121559.0,998.0,Ontario Hydro,"MANAGER, UTILITY 1",1996,a30bb7c6450da700f99ad914d4c4f2535605ab5378bdfbea14f6d222ec09015e289d10c6d33d6fa9e78950647ca0559bd49d5f9dcaea3ed8355343b4b6be1d23
CROWN AGENCIES,101029.0,521.0,Ontario Hydro,APPLICATION MANAGER,1996,15553a8cd13c74f0959db582ac2ed2b5c9a3060cbe3b9b96d8602534e56ac7143ca2e115b516ec384ef6f3d194d2d8898ab9f76edf85ddcf13bc88d8ab07584f
CROWN AGENCIES,106342.0,595.0,Ontario Hydro,"MANAGER, FUEL CHANNELS DEPARTMENT",1996,8f9ff87ebbe969e3cba4bd14c09de59df74316aa572b934abe9c5218e3313b6cea18bde1100aa3cfd32a8409eb13bb5db4dee7150d8ba9d79f3f223b24e34990
CROWN AGENCIES,197190.0,24964.0,Ontario Hydro,"GENERAL MANAGER, NUCLEAR BUSINESS UNIT",1996,34ecd8f355bb386dfdd6e8cd78458b68545f07980e80f95de902fe9103205c4dc16b2b30120c929c648369302706552a30e06552b27c6434fc55bf2d22b8e844
CROWN AGENCIES,115443.0,626.0,Ontario Hydro,"MANAGER, STAKEHOLDER INITIATIVES",1996,118fb508226977fb43fa160f4292999a6acae16bd89de2d9c6daa85ef79bdf3ff83b5ffa79f899f4d0e26a2de10cc9334f122ae9861a3ac6324bc3efed762b0c
CROWN AGENCIES,130761.0,725.0,Ontario Hydro,"ASST GENERAL COUNSEL, LEGAL PROCEEDINGS",1996,56f86da862df6c3d597687e18908877089eb3749af424db367ed3c38bb5d1f844928c61d0c089fa2d6f38a9f7f5d8131c6efc1ff185d336d48016e2105de48f3
CROWN AGENCIES,111100.0,616.0,Ontario Hydro,"VICE-PRESIDENT, CORPORATE DEVELOPMENT",1996,cfd9058cfdc2afb094c38cb5dec9e51ac0e62a8af3db87f02e94d56cb51cc904dc62c1f288549e57eed619bd46647202c8aafa3dec5b04443ae9aa48416f3abd
CROWN AGENCIES,105900.0,604.0,Ontario Hydro,"MGR, PRODUCTION SUPPORT",1996,f80731b290d0ddb2fa67f5365e3fd997537ce1c830464a9f09df4a2b659c3c608fa8305a1f378bdd2f3761b79dbbb65a09153296387c472b1a63eaec63c22b1d
CROWN AGENCIES,102860.0,573.0,Ontario Hydro,"MANAGER, MATERIALS TECHNOLOGY DEPT",1996,98e0db25c30ee2555575c882b9326270967eecfc23edd0347be0844728954e776211a9c9af3f9dae6a64efe9b858c0373b50d3bcfa3f433cc5543b85ab6aa58f
CROWN AGENCIES,110695.0,601.0,Ontario Hydro,"MANAGER, GRID PROGRAM",1996,86e4f2bc25889038c7c8257f5b05ff614013ed7c9b579efbc897040d08b9b7d2de1d91cee15b768c369b7cc4b2ae7de56179f9a78a193277df3ca704e8f743b7
CROWN AGENCIES,112740.0,641.0,Ontario Hydro,SR SOLICITOR,1996,73f62f77fadaaa2f0a7a03ebca26fdf84af6e5cfe09c777dbb6c90ba643cf762ef57c10b8793c6d749ba399078518fec3ff3f6d683d412f2d8fe241e80df9a47
CROWN AGENCIES,124707.0,1592.0,Ontario Hydro,"PLANT MANAGER, LENNOX GS",1996,165a93649f83b4ba9102acfce56ba379f81d2c33b1347c8e58764afe60adec72f08715890e220a7e88b18b5897d27dc6fce637cf8965dcaf2a076abfec7ce912
CROWN AGENCIES,131676.0,489.0,Ontario Hydro,PRODUCTION SUPERVISOR - PLNG & SALES,1996,e17963e549956a02eccfa85e761e20fe0b3d3bbac5a225c362c3f64120a66ebe48a4ff1b2379e1dccb229297fbd8ba7dddc91ac6ea4a54eeea774151efb53d08
CROWN AGENCIES,118210.0,657.0,Ontario Hydro,"VP, MARKETING & NEW VENTURES",1996,9010b407857129d88ece1ba74a759d678a32c310a9d0849179c6da047be1ff42f515e11c0d7581bd46df3c2aea07e7383fbb5c9d49888c5af1372255d8bed575
CROWN AGENCIES,382942.0,46505.0,Ontario Hydro,EXEC VP & MGNG DIR-CUSTOMER SERVICES GR,1996,9010b407857129d88ece1ba74a759d678a32c310a9d0849179c6da047be1ff42f515e11c0d7581bd46df3c2aea07e7383fbb5c9d49888c5af1372255d8bed575
CROWN AGENCIES,105000.0,558.0,Ontario Hydro,"MANAGER, FINANCE",1996,e4816f28b460aad9756c83c4f8b6c7c9c0392e761dc4614fe63eb47797bb8c76fb4f2bb638e5094e69b9b4317893d9dadae77c885ecc1eeb2c7d9e5b79a1b6f7
CROWN AGENCIES,107795.0,538.0,Ontario Hydro,"MGR, AUDITING, MONITORING & REPORTING",1996,b9e24a140953784192a4021d8fd56adf35d591d37dc86f953c0c278680697106c86a815abc6d56152ccdb0b54f9e26e661e3d887c880e3b73fd8f60f09cca693
CROWN AGENCIES,115127.0,612.0,Ontario Hydro,"DIRECTOR, WHOLESALE MARKETS",1996,957d2dfdf1dae66ffe444bd8098dfc7385f1276dd38fe3c5fd70931545f07ce2e69f01dbda549889f68aa8ace0ada8ae43314ee329a038ab65d2e782dd5e6603
CROWN AGENCIES,108061.0,616.0,Ontario Hydro,"MGR, ENGINEERING SERVICES",1996,29e34ec2357ef557d4f9618cc84cfb459e8bf58981cd9fe2228eeda58eb27a1cb0a200284f7a4d70b1d366b0841071fc9d7fe6611e698bbee1bd8263ffc16a73
CROWN AGENCIES,110927.0,536.0,Ontario Hydro,SHIFT OPERATING SUPERVISOR (AUTHORIZED),1996,b0f85e6c6b6a9f3678ad28adef57c7ccc6154121a82f15bdc098bf6cbf93b8b911bb1f3e50d114c29134dd161c1162befa852455785b58e86535ab7d05e27bcd
CROWN AGENCIES,106469.0,585.0,Ontario Hydro,"MGR, TECHNICAL",1996,23ef3908de66cac778f84de88b62c6d0c3327192dd458f715178fe6f58814b539ac924963191190fc20e13d9379a9aa1316580ecf05fa601a9a3646394b22186
CROWN AGENCIES,113273.0,592.0,Ontario Hydro,MANAGING PARTNER,1996,691e19149607ef9135d206ce415b0dc9878cb289223062b630e20ba428b4281bd977c6d935f39194f5544d86ee842e9812dd1a05de42941ae3f1a417301ab00b
CROWN AGENCIES,101476.0,567.0,Ontario Hydro,QUALITY MANAGER,1996,cb6acca17e5c74404e21b4e88ed3cb68ed3c04acfcadd2ee37d8911d3cb97ae7b1ff56e7f534ec74558b0612cbd8f9d14c42f97ff228ffbcb3d34aa77ec3c785
CROWN AGENCIES,107887.0,592.0,Ontario Hydro,"MGR, FINANCIAL PLANNING & REPORTING",1996,03997f6c42946015aaef2ea00fd5d30e1a396355ab9a6d8718d8646ebbc75d96cdffc5239bb77eb0547c213ffb217609f7015bf9b6beca0911a175d0698c1430
CROWN AGENCIES,104500.0,583.0,Ontario Hydro,GROUP HUMAN RESOURCES MANAGER,1996,94c3adb77b8632c6724f3e498ac7c313c2ad452b562df776f9c7b0692f1e7df013333c2eb0f98f403b78f6a34b278324ce40ff72e975c3173956cb5af56e4d38
CROWN AGENCIES,101100.0,536.0,Ontario Hydro,"HR CONSULTING MGR, FIELD OPRNS SOUTH",1996,6bbd3882cd6cafe4bbb6b85abc87de9963a481a430bb23604afdfca498c056660a59e65ea5e27000e8d72fc000be49487132e10612c88aec078387b7130b2646
CROWN AGENCIES,101438.0,596.0,Ontario Hydro,SHIFT SUPERINTENDENT,1996,e46ee3fbf8138a74fb4376c9a4c29650560d98cbac03e860f61f639df8dde23c360e262ecf7d9a43aada736cb919ba1ca9c1ecc2cea46778c5a4609f80c1cd6e
CROWN AGENCIES,195475.0,89892.0,Ontario Hydro,"GENERAL MANAGER, ELECTRICITY EXCHANGE",1996,94c47dbcd17d40589b972069a538378ff879550b3395f31ae39745825b88bcc3506c6858af7d8f9a3a3c20758eb8e17c16075c58fc6f1c163e2796547e651015
CROWN AGENCIES,102492.0,565.0,Ontario Hydro,OPERATIONS PLANNING MANAGER,1996,e615632d8934c820055533d9187b39d1403ef6283a58d5f63207410670a9c53d77d47643e340d862ba95e1addb729df2610bf0bc50e8727289655f4f950b6f21
CROWN AGENCIES,106768.0,579.0,Ontario Hydro,"MANAGER, NEW VENTURES",1996,71e3c5c9ecf0b5339f3fe8f8f2e8635bc862312f39b00da5d66d10d494901522618b56e0ef18e817d82650bc2286c1f16b56ed97847c422fdd39105f56e69013
CROWN AGENCIES,101700.0,546.0,Ontario Hydro,"MANAGER, FINANCIAL PLANNING & PERFRMNCE",1996,fe8a20237b2528d6cf23df3d5249017b886284d6c61ec453d02ecea4886e441fd6a6949ef00b367bd34ff5bc7c9681605033aadc8076fef272c799a37a1d9e4f
CROWN AGENCIES,104426.0,416.0,Ontario Hydro,AUTHORIZED NUCLEAR OPERATOR,1996,6d1ee17e4108d1426f8bd52c449ca52ffb26fd49cd995807c735b27a6d72074d448943900c40cb255271e04a73d34dd84db10649049b9327aa95376db235d0f5
CROWN AGENCIES,115065.0,5567.0,Ontario Hydro,"MGR, PROJECTS & MODIFICATIONS",1996,fc837f023ae80de83bd55d328bc05fedd42ea933fd93ec6e7063e3d4b023ceede334fe9c3383912da012a54ed3ba18225761e2b21c492cd7a20210d2d02b868a
CROWN AGENCIES,110302.0,535.0,Ontario Hydro,SINGLE UNIT SHIFT SUPERVISOR,1996,59594713005f9c0b1697ed94f03df24ccc3bdf1d55e18eae4d5ac90699a8ac78d36e88c2c6061674991f4d4199af30469da3e61d0f4fe7b9096a5bb4f812649b
CROWN AGENCIES,100729.0,567.0,Ontario Hydro,"MANAGER, STEAM GENERATORS",1996,46851bfe926a3b368097ae006e735dc8fc6eaceb78c15c91e0658fee5d5de3e056c2aa15455c6371da41ccc4b629c0e31a0d9314699b1bbde79d3d6242543b4f
CROWN AGENCIES,105626.0,416.0,Ontario Hydro,AUTHORIZED NUCLEAR OPERATOR,1996,2103ce44a6f6da5be6bef95358df605dbae84e5f711a230f0b9444e69fefc675244bd79a245afdb199674ba72a00a8c98f3c123cd2c7fc31617e42f305394aa3
CROWN AGENCIES,121520.0,541.0,Ontario Hydro,ASST GEN COUNSEL-PENSION & SECURITIES,1996,df6d29ea018414fa5dd306ce33033914714cfdd09f16bf05521ef519b241b0e2f680856430ee58d37d82b091f4961823af73b309416c20d73d625a6a5b5d4d03
CROWN AGENCIES,102933.0,583.0,Ontario Hydro,MANAGER COMMON SERVICES,1996,adb3f2db172db940f674e94499e5e711124ccb4297802d5eb681e4306af086173887394946908d099de1eb160d57397343329d1d2ded7b465f14194855cf1a40
CROWN AGENCIES,109779.0,475.0,Ontario Hydro,GENERAL FOREMAN - ELECTRICAL,1996,b9ed28f37a994b0ae07bb28ee33de150915c06950ec4b39511e0883d4d3a1c48b2a1324fbb2a7059fa97b68f7198b40f8feed45778557b871edb51c872470837
CROWN AGENCIES,107280.0,563.0,Ontario Hydro,"MANAGER, PROCESS & GENRL MANUFACTURING",1996,79f377b49e1a43f7a14d164a381d6150541b664b2cb97f0a8c7b96a6654971ed93d822ab1d1cb70d5f85f80ed7a5cabf0952305987d026095e2551e230f2a6f3
CROWN AGENCIES,122993.0,641.0,Ontario Hydro,"DIRECTOR, HUMAN RESOURCES",1996,5c63ca774a1e18a484b010b0cbd65532cf6eb846db804997399073f9754020c734d94726358696d342a449a5146770fc7697ca107cc74c7db0d5d0a218d813a0
CROWN AGENCIES,108755.0,598.0,Ontario Hydro,"MGR, MATERIALS MANAGEMENT",1996,eded7c347622b14fb6fa64286cce9babac6ecf1dbd322bb46cdb39a343fd1a997dbd0544bca92936c2603b5e2fa685bac64eb18c7d1dd7aa8fb4f02819bfbe8d
CROWN AGENCIES,106715.0,497.0,Ontario Hydro,SHIFT MAINTENANCE SUPERVISOR-MULTI-FUNCT,1996,cbaf15541f3b2662ca2a6da3adc3adf632d3f02be4e5844b998663cfe17f668dfc43e016bf09a51ad5d2b22b670f504f473632d325a84540d0786e9c03eb6c63
CROWN AGENCIES,114106.0,3460.0,Ontario Hydro,"MGR, EASTERN NUCLEAR TRAINING",1996,6f0fd6a4ec5167bd2ab1e6e10e1128d01618c7e3001ed9ee2e3f53c2067cda3fe751ba8705642233e2ddf03c241ea8cc3c0f297d1052a4d462996ed83db7ba6a
CROWN AGENCIES,105110.0,595.0,Ontario Hydro,"MANAGER, NUCLEAR SAFETY",1996,a097b82a01b7428967574c45d5ca5acdf8cef41fbc9b9a1a5932a49395ee34e7578e0a0eb73d4a6668cc3cb58a8c4ed0e299faf7ed9fc36630ff0ed5c6859786
CROWN AGENCIES,101035.0,561.0,Ontario Hydro,"MANAGER, PROCESS DEVELOPMENT DEPARTMENT",1996,0c2de68afd72673806868a87b92145e48a455bef59f804b16b26b23e9380eb721b5a51079fbbfcb259e48938323460db415f6c71456a2547081668b8e9bef810
CROWN AGENCIES,100118.0,561.0,Ontario Hydro,"MANAGER, HEALTH PHYSICS",1996,a26cd560ec0782541b0710d64b23a192f97b69b9a273cc1b369adee915ea3ddccdf3cf24084bec9384fac848abef30a7954dcc712a87114b963806ac3c812f7d
CROWN AGENCIES,105012.0,569.0,Ontario Hydro,"PLANT MANAGER, NIAGARA",1996,8f85793b165be08e89927615c2ace674dc298e41e82692855749ef454332081da64fd96f41e7424ae87b34ff3b625ce5175a4ad0e474c207e9e43054d9f9f3ab
CROWN AGENCIES,103208.0,497.0,Ontario Hydro,SHIFT MTCE SUPRV (CONTROL OR MECHANICAL),1996,d37ae7cf331afd8adb14c8851597329f46520c29b6a6308dcf2a78b10b2f6696ce5ba2a379d77fd2aa9334ff87b44af7584fd5eb0ee33bebefec302a65127a41
CROWN AGENCIES,104774.0,541.0,Ontario Hydro,SHIFT SUPERVISOR,1996,4c4a13b778a4b197840dfd5862aade54d8eb6dca759df2bb9734c821bf1ef5bcc19c92716a68cba6549132ed110f62d552a63fc2062876fee2b45012a59bdcd1
CROWN AGENCIES,109857.0,604.0,Ontario Hydro,"MGR, PRODUCTION SUPPORT",1996,191562f2699fa5fcf9b8a687451c1e3e82468ea2f6bd7d1a1131c6f102c1ef075449af9bca758e02fba568943af56f54e767af558fdf1a528b9a0e559253c595
CROWN AGENCIES,135773.0,601.0,Ontario Hydro,SHIFT SUPERINTENDENT,1996,88a240a621c941271d65741e90c07ac2385a8e61eb4c7abaa642315f79c96fad9b3998c354125650afc3669fa203b9f70b8556a442fe0c4fa694aafb33350200
CROWN AGENCIES,102175.0,524.0,Ontario Hydro,ENGINEER/TECHNICAL OFF-COMMERICAL & RES.,1996,7166f867844f298bc29a16ee921923c13ca6b48db5d135b0cd0100786b3dc71fa7536a36188564f40fd9727f11796eac735a766259e765783df44775bca476eb
CROWN AGENCIES,110578.0,610.0,Ontario Hydro,"MANAGER, FINANCE & BUSINESS SERVICES",1996,e0d6bbca913588161e5c18da055867554ff2eacdc45141c3fa47d054ceb2b86e7ee744f27cacc16d344ffa960ce1fe6a62e457939eca0899edeee7b86e978a33
CROWN AGENCIES,109854.0,4405.0,Ontario Hydro,"MGR, GENERATING UNIT (4 UNITS)",1996,37a92c81253eedc0200d01ba1e6ed65b9a4c2dd4c4447904b56d6982f77115627fad824d8a072b4c1b1e3c9d239ae8d586061c8caab455fbf24e3b664008f0f6
CROWN AGENCIES,140743.0,4443.0,Ontario Hydro,OPERATIONS MANAGER,1996,5074b1b4e2251e51efb394169bf971bbffdab2a6161071cb3b17cc501a9052ec1d5cd732139a0646e3b1b64a725d76e5348e21b94a1bb4d8b4dffc7595ba6553
CROWN AGENCIES,101197.0,505.0,Ontario Hydro,ENGINEER/TECHNICAL OFF-COMMERICAL & RES.,1996,3e041dad447803321e6a1323751ea8a36e2cef1351f8270c40006a0f126382da9480d24639b9c985034e25b4d58da6baa422fd0f90b810fa33065ce4387880a9
CROWN AGENCIES,106517.0,536.0,Ontario Hydro,SHIFT OPERATING SUPERVISOR (AUTHORIZED),1996,f18e7f7f33158c0729b5b3f1a3634858d890b3c10b18b12d03b2c11cbfb30fd7a6ae94999cec4923bd3240f0de251a07ffe22dfb1e92ee528a765eae61d8be53
CROWN AGENCIES,351897.0,45110.0,Ontario Hydro,"EXEC VP & MANAGING DIR, GENRTN BUS GRP",1996,9285d163279a614f08cb31d544c4cfb991af4fbac7613319ccce295701a4e0b3ad9a7b38631c99fe16b2abfcb2e31780ec10f55f29f6ac3a180ce6ddf444cbfe
CROWN AGENCIES,111000.0,586.0,Ontario Hydro,"DIRECTOR, FINANCIAL & BUSINESS SERVICES",1996,bfd8c5723115517b55e6159a89f15415351acc99b2a6d35a42d61cc3a7bef15dbaa9802ab92dd5e2b7b845848158f0ea041f0024f1a8d66e8ccbdd63a0fcd4d0
CROWN AGENCIES,109000.0,585.0,Ontario Hydro,AUDIT ASSOCIATE,1996,2e689787a38ac5b3d6c56ff5a07acab1536e84a1b1d1a935fbaab403d01e336adb5366f3625a89e59b664d02906b8c66fcfd38a291958d8825daf175b759936c
CROWN AGENCIES,118144.0,1213.0,Ontario Hydro,"MANAGER, UTILITY 5",1996,981b8774017cfdf16ec604bd8b6626003d2e07a859ec6e5ef9b286080b0b3733e429380362ab3b2fb30beefabfac475150cd9dcecae11824848571dc1e8866e7
CROWN AGENCIES,101434.0,479.0,Ontario Hydro,SHIFT MTCE SUPRV (CONTROL OR MECHANICAL),1996,57c07e686ad059800fd41654e02bfa2336865c7952960d3f0782fbe95dada0cb078cd5f3528c0e6e26ae4bf4e7675c6e9e50cd24c39b96fe0c5ab8ba59b75eb0
CROWN AGENCIES,102575.0,517.0,Ontario Hydro,"MANAGER, CORPORATE RISK",1996,29d3f557e97959373112ee3fdc30da12f22ee791f00cfa9197d82d4efe741b5d55331e2f91d3eb8223e6bfc2826c196805b06671ae26c762fea54c431a4c2790
CROWN AGENCIES,116482.0,4883.0,Ontario Hydro,"MGR, UNIT 0",1996,50bfb038bbbfb87b64df4e7c0bf951feaf1376fefbc8762578fce4a0b6116f79b35b192e9f92a833b64fd18fabfe45f326059aa021c86b9ec8deb74fad038211
CROWN AGENCIES,101228.0,527.0,Ontario Hydro,TECHNICAL SUPERINTENDENT,1996,d0b21d35ab1e4ec9fb1f56d011571bc5068b2b3982ed81a5a1034bd4d9b3c2d8b403f5241b8cf6154d297837f502bbe9da98a6dfa150d37af5aea922f59d1c29
CROWN AGENCIES,112585.0,551.0,Ontario Hydro,TECHNICAL SUPERINTENDENT,1996,ae941d85c76977f4a9f44a8157dcde37a2d8d38ae9cb283892c44049b65a76ff49f25567a0a4a7f9570bc29305ef111f6ae48373de8087cbd9ca974a0010795f
CROWN AGENCIES,101171.0,0.0,Ontario Hydro,ELECTRICIAN FOREMAN CONST,1996,a1f3822c02dd6d567482357592eb1d15a606cc50a73567953881df601b0d92feda810fd1b3ece48e19edfaeec309deb3cbd07cbe4d8e5326f226058b4f40d40d
CROWN AGENCIES,101774.0,572.0,Ontario Hydro,"MGR, MATERIALS MANAGEMENT",1996,fe1f6db15afe2edbe99502dd382436be5ea1ad2f7cfc0a91f0c81ee7fcc8358f79ddcf23fa491f171ec235a9d862b1c5e244834732f44c9dbc9ff7eea93710a1
CROWN AGENCIES,110817.0,552.0,Ontario Hydro,SHIFT OPERATING SUPERVISOR (AUTHORIZED),1996,8635b6e0bb03f275cc0f72a8653e5280b4f7062349bad1f64b7deb2ad1420615522056f21801d1b3963d1bbbfcc5b74d9672e82498b094e3b1afed7924b8daca
CROWN AGENCIES,105518.0,577.0,Ontario Hydro,"MANAGER, BUSINESS PROGRAMMING & DVLP",1996,7627ddcb8070c742c06fe3c4f2d7959ba6f17acc3d98f55c44e5cc15ac9728a03735669c3ac0b83b5fad8ebf776c1f81f4a84768702af975111c46250033d345
CROWN AGENCIES,111016.0,519.0,Ontario Hydro,SENIOR PRODUCTION SUPERVISOR,1996,671973cc18ea6d3e3862a0e0f475a6890d3e63bfd9591b311d8c09ca8cfb9900014a24de48ce449a4e9999752909776cb4277a39e5c3dbb4cd679754f4488e05
CROWN AGENCIES,110218.0,607.0,Ontario Hydro,"PLANT MANAGER, NORTHWEST",1996,450eb548c3e53858706ac9e2fac5b1971be7e2e59ca1b6295e16785a5d98464976c541c4ef13aeaa9b0c12ece9b5e5c55809ef201a6fc7949a47ff43727e61b8
CROWN AGENCIES,108055.0,501.0,Ontario Hydro,NEW VENTURES DIRECTOR,1996,d9e8771000ef07117e6c062c7b850a1cd663ae94f0fd5072115a1087aeb8753fca03ee9e00aace9553f6c825d1f6555385c195041a5c7a0559e9ad4dff2aa1d7
CROWN AGENCIES,109000.0,672.0,Ontario Hydro,"DIRECTOR, BUSINESS SERVICES",1996,8eb36a12e5c507710dfe5137918826b96896b0b3568573da04ae7dd902a433a8ed6418367b90b632d45662474539ce0826fe121f79a6dcc634870daa05d88046
CROWN AGENCIES,119168.0,1450.0,Ontario Hydro,"DIRECTOR, ENVIRONMENT & SUST. DEVLPMNT",1996,c23e65739656dbc3853f1dbee0fc5d4374949c0d518c8d4183bc1fac3c89426196ae038632f35df7d9d7a9216b4e3338b9978544ea87ba49b0a36c4e14eadeb3
CROWN AGENCIES,128888.0,1133.0,Ontario Hydro,"MANAGER, RETAIL SERVICES",1996,8306555cd0fb7b19e558eb663c4357554abf8104e8175ec8cc4a1a25be96b199520833134c871c56bd957998389e677815920f05de91e7e00f3fac42890fd277
CROWN AGENCIES,110906.0,481.0,Ontario Hydro,TECHNICAL SUPERVISOR,1996,708e11d7019dec08fe58653da207f6fd36ba0247f5cc17fe2e059d6d0368bb3d44e206b2af5d32706a1c3f7f884c765e5d8d43399d1b59de862916f2eae9353a
CROWN AGENCIES,117699.0,598.0,Ontario Hydro,MAINTENANCE SUPERINTENDENT,1996,06b442ec978f687a7924fb4450b18655bf2808141a3ef19b58b7497c09af9366809b0f7cd1eb2bfc0a88f7a0c96cfeec1a0e3b408b5ee12feebcc730e5786261
CROWN AGENCIES,104950.0,541.0,Ontario Hydro,"MANAGER, NORTHEASTERN DISTRICT",1996,f0ded84b7d50df18d101b65acfaa045595fba773c304d0987d4d8ffd2d2532513590edcdeef177dabda13c86b403e3b5ad671c6d1b87ac075c6d59c6d69a39a3
CROWN AGENCIES,502853.0,61240.0,Ontario Hydro,PRESIDENT & CEO,1996,781a5991b7439f897fb916cef2134c91311166fbc36153a782ebbc5efd0b59f404603539d9c661c0affa1f0ff364f85ba7e609e2a2fbf81d567a9436e92d0f88
CROWN AGENCIES,101106.0,540.0,Ontario Hydro,"MGR, SERVICE DELIVERY STRATEGIES & SYST",1996,e3c8b0e51b41524e42744ead5c1680fd035189c83cb9436f4070ffacce204d2a526a35fbf65789699d9531db744ab9f108d99565aae4d15ccb31afd42e239d45
CROWN AGENCIES,102611.0,567.0,Ontario Hydro,"MANAGER, SPECIAL PROJECTS",1996,36526def099b4bc169fa12462cf1d2cadc2a9c4f9d40f2ed7bdce2f1768e55a0ad6a2dce8b777d8d4cd4b9d48cb6110006586d9b51f58c41f61f4670af5d4972
CROWN AGENCIES,104079.0,3239.0,Ontario Hydro,SHIFT MTCE SUPRV (CONTROL OR MECHANICAL),1996,93ebc1474ada6803467324fd672992be3b6fae02ecb265cd39675722629618285c32a8cbd04de431c5266a12ad24d68a74f6004c8586e3a0cc91acb9af86ef8f
CROWN AGENCIES,112108.0,7138.0,Ontario Hydro,SAFETY MANAGER,1996,121cd220e824861db30b6e912d4539c9b840a6e0e3336d3ec328f328eb2054924f3d4b67b242dcb643312de35c58dd50d347f94cc636be3be1303e148d3b3e72
CROWN AGENCIES,103245.0,567.0,Ontario Hydro,SHIFT SUPERVISOR,1996,540930994bb13ddcca291381983ad766442d034c326bf9cbcef53b1dee7ee85a627ae2c023a523120acaedbc2997f2a91d02d2d9059ae0eb809c671cbc89c8d5
CROWN AGENCIES,106444.0,571.0,Ontario Hydro,"MANAGER, ELECTRICAL DEPARTMENT",1996,b6ef441ffeb1b830e25556cb7c4c09ca49a2fbed7ee4d6e17e0711b74eed4a0bd1f5244b567ab35ae89f0b268a2edc05b10f146b23288aefecdfe9687e9a70a4
CROWN AGENCIES,174461.0,68098.0,Ontario Hydro,"VICE-PRESIDENT, BUSINESS SERVICES",1996,995e23909962e9da1727620fc3ac127ee2f2580e8b5bb120917f7c260722f676f03035c27d15cd9271c5559618feaf247ca2c5a84bc481095c28bab9d1e16f79
CROWN AGENCIES,114081.0,534.0,Ontario Hydro,MAINTENANCE SUPERINTENDENT,1996,5070502f9d0e23ebdf1cb36fd45da2ea847081620343e0925ca67c400b76f0e7049833e7459328bbf24b2a396524a1d77f274762819d3e112b36bc8fa0d6a506
CROWN AGENCIES,101777.0,359.0,Ontario Hydro,MKTG SUPVR - AG & RESIDENTL SALES - TERM,1996,f5647199741d6de4c5bf40c2a25837a51eb10b459eb15a96259a4e9241062ba764986733c1700ff88f7ceb93989677a67d0c4894db1981e52e62de083a5f7f01
CROWN AGENCIES,135526.0,712.0,Ontario Hydro,"DIRECTOR, HYDROELECTRIC INTGRTD OPS PRJ",1996,9931f1f2aaf53e1b0cd15357e9886fc3881e7afb99ff67f62c13e27c6ca0c9c424538babfa9851a01758866f3f0be24ff7038dbf1eeeb0e2558130875cfc4fd1
CROWN AGENCIES,102524.0,571.0,Ontario Hydro,"MANAGER, SERVICES",1996,cd08dca2c83dabb0946cdc73d3ee86c8cf3c8a0461851e1f7b50ea4a347115fa28124b268e32d29c3ff50569dfd9b43f61fde62531fbcbbd6a54c623a07c32a5
CROWN AGENCIES,108684.0,3683.0,Ontario Hydro,"MGR, FUEL HANDLING",1996,cb6605c77b05bbf7552438f7f6a7c8a89f4e204db294731463a70f98748dd0ed4dc728b2826a7495218406959fdbc620812513f6f9e57c6b29d3c39326e65c0a
CROWN AGENCIES,109678.0,524.0,Ontario Hydro,SHIFT OPERATING SUPERVISOR (AUTHORIZED),1996,8ff2c0284a15f523011824a08cef5eea0b28818a27e4fdf097f115d2d70f27b10cff76cc2111f2730bf66a142f293bb6116cec775abd212c80d08747aa24603e
CROWN AGENCIES,101000.0,536.0,Ontario Hydro,"MANAGER, BUSINESS STUDIES",1996,54077e6cada40b3312a8d9eeeb136e6ce7b58889a975770d7a06871952135a2085a7dfaf9da311ac74772a50c35f8826872a5fe31db4ae1c819abd91da30fbac
CROWN AGENCIES,264227.0,177104.0,Ontario Hydro,"SENIOR VICE-PRES, GENERAL COUNSEL & SEC",1996,71310eec62e381523600320a8d68f999a14d78fda40d8e5a0e592eb9cd518f6c0cfcc265ea7589144e7990d04819b2469b459921d6429998e4e12c34b47d47a8
CROWN AGENCIES,109080.0,594.0,Ontario Hydro,"SERVICE MGR, STRATEGIC PROCUREMENT SRVC",1996,e80ecc256c60e928fa76eb690d4c3d410a11812c9b4c1e4133f2a07f54473a3c8d6fc28557b4559af93b98fa7ab7a74cab684f306eccb3b49ef1e4c4fddbe3cc
CROWN AGENCIES,127160.0,712.0,Ontario Hydro,"DIRECTOR, TRAINING & SIMULATOR SERV",1996,9c83860998bc2f76dad66e95b1d405b5505d5e20cd9635dcc4fffe27cb87dcfa2fd3f030c7bc4d4ae19c202c6647a2e93e1f47168b472cbb2f36b4e26b7ba655
CROWN AGENCIES,103682.0,548.0,Ontario Hydro,"SECTION HEAD, OPRN SECURITY ASSESSMENTS",1996,0fd003ad98de950b549dac072e5e386ad5e6030f8eb6cc700985acd16335f303b537b4b22ca6b936fca9c89943ec98ae00ddd887d5d10db753c064e29a596cc3
CROWN AGENCIES,108408.0,601.0,Ontario Hydro,"MANAGER, NUCLEAR STEAM GENERATORS PRGRM",1996,0ac32dd95bd2e9a8277beef469c956e7c9aaa4ed435dc036172767441f0e5548297ee3a11b3838ea6b9023fe3dd37e2e42edd11b470986e3ee73e6991ff3a557
CROWN AGENCIES,100809.0,416.0,Ontario Hydro,AUTHORIZED NUCLEAR OPERATOR,1996,99d114d6d59a0162127bb38a843806d8dcd5b5b895e1d9393ee465c40c94852ead2fd1174d882b7518668addcd6165ebadabd17db9478786457fff2045333a44
CROWN AGENCIES,104059.0,585.0,Ontario Hydro,"MGR, FINANCE & BUSINESS SERVICES",1996,62775e745003c38af59882587f54b69e1fae3664bb9cbac175b44480b5d979ccae216c2bcb0130ef0ee08b20a7aa68d9a8d4c4b050f612a079b1aa3b723528c6
CROWN AGENCIES,101022.0,541.0,Ontario Hydro,"MANAGER, REAL ESTATE SERVICES",1996,485f86b03addafbf0e6de7a2fe98ad0f712a1d4a4e9e5173e6e940e62827db793be719703cecf7d6bad34cb8c8782779d2fd170a764c69cd5909a2514c6b3629
CROWN AGENCIES,102192.0,540.0,Ontario Hydro,APPLICATION MANAGER,1996,d3217a52c111ca9dee0998d948383945d9a9b4b1ac90c76dbd62cbd4cb6b6f6b78234203fea75c956f97279a7c9e23ea9bc02a98ed6b7168e626d65276635a27
CROWN AGENCIES,192499.0,90441.0,Ontario Hydro,"PRESIDENT & CHIEF EXECUTIVE OFFICER,OHI",1996,0583216b5863f42919e3abb8cda43f40cc9dab015d00a5217231ef424f3f9bee024829685686c4e036b0232cf88008b2b93f3b60649267bf4a64f42d2afde846
CROWN AGENCIES,109924.0,613.0,Ontario Hydro,"MANAGER, FINANCIAL STRATEGY & POLICY",1996,00dac650a253b76447a5064d46dd2e67603c5a8f1940ea3fa9c1a5b2f8c2690becbf18f88d15a712da322f17f835ba1bc8b6341faaf70ae8e54be5513167b6cd
CROWN AGENCIES,106748.0,4943.0,Ontario Hydro,"MGR, ENGINEERING SERVICES",1996,d260ac61c5187867ba8d5295b7aa90e67086672a526db8fb8d40843bff302a3655efd85f4999d188aff384991b22f5c669fd7ab0c9479d59a4d6ac74759ecb42
CROWN AGENCIES,105500.0,589.0,Ontario Hydro,GRP BUSINESS SUPPORT MGR-CORP BUS GROUP,1996,6e8c1d5e0098153fec923cd853c71c942a8a337eff1b62ae37c694f3c6df669f87656d927c788e378cdc3ed7a918b09f73b82e3411db2b05190c6bb658f2bfb5
CROWN AGENCIES,103500.0,550.0,Ontario Hydro,"MANAGER, INFORMATION MANAGEMENT",1996,0ef08caa839c5102db0c9d168001c709d706598ac01d8e31517e4699421096bc9114dacc5e11ddb9eac74eaea586996bc13a9489f44303408f7bf6501ed43b58
CROWN AGENCIES,102305.0,573.0,Ontario Hydro,SENIOR TECHNICAL CONSULTANT,1996,723b99977119191f7a0082fdc1a1ccce3012aab50d63385dacb7668d34f4576eb822d7911cee9e9d5ce0aec275a214610107637e96d5d7208794eed5365d5f15
CROWN AGENCIES,138263.0,712.0,Ontario Hydro,"DIRECTOR, HYDROELECTRIC PRODUCTION",1996,6901737608b42c5c4a438e44088be8d13353bb17b1b54be6667c484417c716c52771dc3b5d5fe471bf225a544d6ad01851587e664f1c47ccc23c36f772201b66
CROWN AGENCIES,272375.0,12436.0,Ontario Hydro,SENIOR V P - HUMAN RES. - RETIRED,1996,74c2c4d52cc6f97a32a75e7a2d96f7e8bc5e963a05008efcfe6797d9f283262494456b6cffa62c8ec91764d094f7f35ecce170843fa41e1505c33de74010dfba
CROWN AGENCIES,101024.0,579.0,Ontario Hydro,SHIFT SUPERINTENDENT,1996,f386da925353432e2297eee4179a4a52972626db2594a8c4a1c6a16991cf97e035231504dafa1a4054368f21e98a37e9aa7e078b4e18d91888c687ad28901ae8
CROWN AGENCIES,111038.0,598.0,Ontario Hydro,SHIFT SUPERINTENDENT,1996,f386da925353432e2297eee4179a4a52972626db2594a8c4a1c6a16991cf97e035231504dafa1a4054368f21e98a37e9aa7e078b4e18d91888c687ad28901ae8
CROWN AGENCIES,105880.0,558.0,Ontario Hydro,"MANAGER, CQI",1996,5514eccfe89799dfdbb376eb80905f9afadfcedd8c0d264d91abcbfd02216ead85eb359394e7c470a7805c6fae08919f4ef46227d1aca86b92acdddb18c11583
CROWN AGENCIES,110000.0,573.0,Ontario Hydro,"MGR, INTEGRATED TRNSMSSN PLNNG & OPRTNS",1996,a5756eb8d66678b6e40769722d838a6190d8b974648c1b0000adddbfa965f41e592e9d71535ccd465f341abefa181703842583443a5739d31693ba4478905090
CROWN AGENCIES,147048.0,5170.0,Ontario Hydro,"GENERAL MANAGER, FOSSIL BUSINESS UNIT",1996,17f031993178aff9bc4651094e300bf2763a8b0600c735609b730ac9575ab6c722034ccf9ec44223fb8dc852631f7d3d8ce6fc49fa374a5f9f6475fe5accc1b1
CROWN AGENCIES,104580.0,579.0,Ontario Hydro,"MANAGER, INTERCONNECTED MARKETS",1996,ed3ac7fba8eea94633f0addc5c8ee2ecc8f3c6e6b33c8bec285e1c131bde10126caebafe373bf720503d46e805a2ddaf3cf6d294bf4e37c0c8a47bf1c7f66dc2
CROWN AGENCIES,104522.0,592.0,Ontario Hydro,"MGR, WESTERN NUCLEAR TRAINING",1996,95d0535471c107d6fafa2448822eb0413ca7c12af799857dd1c86fc32adadb1aa83961f197d8e5cdea0229de5be704a83ee8f07fa78a5e4b1d6dbc0d7a13ecb2
CROWN AGENCIES,114602.0,530.0,Ontario Hydro,SHIFT OPERATING SUPERVISOR (AUTHORIZED),1996,1f48d1ce8479cef5900ac1042ab6719f94d2d4b3f5bb875f577dab7a337739fa88bcaa05fb7ce1574723c538fc99bf44febdb4b5597ba497ec291c9b5de41331
CROWN AGENCIES,116334.0,653.0,Ontario Hydro,SR SOLICITOR,1996,7abc3e401af419a5368ff24b67f89c868a6791f29483a858d03c6c201e7be24fb62b53b122cefa49c704a1ae3df315e535f9d112a93158c13fcccef14477364c
CROWN AGENCIES,102516.0,474.0,Ontario Hydro,SHIFT MTCE SUPRV (CONTROL OR MECHANICAL),1996,6e1ae536161466e494d03b9751b1adfec7626d7bd857d9f35c8a46fce212945b5087ba23df8f67a08d41a3862e527f35e7a0988eda4fc22f8126ae0ed83b2d2a
CROWN AGENCIES,110858.0,2446.0,Ontario Hydro,"MGR, STRATEGIC INITIATIVES & MGMT SUPPRT",1996,26f5724c6d892b6535151882c30dc8428a25a9d22dc63a930d5c72dc57cecd8b09928a0fc478fc2f17762cab86cf1db7483a09ce33b8cb47bb0e25d2c803af1b
CROWN AGENCIES,107778.0,517.0,Ontario Hydro,SHIFT MTCE SUPRV (CONTROL OR MECHANICAL),1996,5a062deef0f268ee5f9b8ca7b9463dd9597e1892ad29c4ad1c4b3622313f03334259a17429440229809699c4d4bc04620dc93a4bacf347ba227d888fa0cd1dd2
CROWN AGENCIES,102387.0,561.0,Ontario Hydro,SHIFT SUPERVISOR,1996,427494f44e776447c96cdeee0ad5cc32409e254d37f8db24deddcf0915ef3ec7b90b36af08fba494b5e2be2465be14111e859847b2633ba3e76903330bb8c817
CROWN AGENCIES,104365.0,548.0,Ontario Hydro,"SECTION HEAD, INTEGRATED TRANS PLANNING",1996,31c13e5700a76778399be2c0fbd4f7346a4931d29a0e762e36a13ce35f6c9828da706f6624c7e8dfd79c1460074396f63500527585e1ec006b8d31b3d71beb9c
CROWN AGENCIES,101998.0,5903.0,Ontario Hydro,CONSTRUCTION SUPERINTENDENT,1996,aebd97938b61d71ea21a291f9e13462bc89e22cf9927ee157ae346c4c5c9c951710e137fcb4abfee88e974b7eeec6f812d2eb43827fb494a50ba9ea1d0de8d6b
CROWN AGENCIES,108000.0,2654.0,Ontario Hydro,"MANAGER, HUMAN RESOURCES",1996,32f90b66769d57405335ea525c04572d557ed31a27986b93a75cf435d59c0a639099fcc13088cab2a342f22224c944dc4731ecd6716ca749ea45cc2253fef57a
CROWN AGENCIES,106914.0,530.0,Ontario Hydro,SHIFT SUPERVISOR IN TRAINING,1996,b4ddc609142f22ef46e609cd62e9257d8c994d446e73e13ea7a72ec0e3606089870a1f6421cbde0ef583201348a36e863e204a20ca661495115434fd6ff286ec
CROWN AGENCIES,101628.0,561.0,Ontario Hydro,MGR PROC & MTLS MGMT,1996,315d5591904c9dc5aee90380c6a7571c869905cd964b4415f913c9695a062886ba7658d0975bf56b54ee4f8a7742d67ac9b4e32a67ecdfd3ebfe18a5f7314a1f
CROWN AGENCIES,100869.0,554.0,Ontario Hydro,ELECTRICITY SALES MANAGER,1996,60f9687ee7e38cee9998e4befef14733da8a2acf3399d53a7887639cff968b81558ecd4810230beed28031d70fda06c0dd53f056e39a9d65a2acbe7c7726f7fd
CROWN AGENCIES,111991.0,4247.0,Ontario Hydro,"SERVICE MANAGER, WORKPLACE SERVICES",1996,e11f1203f875383a89aef4ac47cbf700ff81fe48623d7be555feb1bfd81bc5cf67f9dda82ad97c549adf44f3965b7e11f52abc9f1555dd11b7fbeb3a2ce81c19
CROWN AGENCIES,101043.0,566.0,Ontario Hydro,"ACTING MGR, ELECTRICITY INFO. EXCHANGE",1996,0679edeb04cef7006fc72c12dc156f4069dad704be3a0327a5709dbc7f5332e57ac520e276c76311f8f6d0e5a844dd7d9ebf6b28f48006e0642696df1de02b72
CROWN AGENCIES,103600.0,555.0,Ontario Hydro,"MGR, MECH & ELEC ENGINEERING SERVICES",1996,7a4bea3071fc3ba048e69eebddf47346cf6468a3f9e64ad10234e81993dc581c21767c123e0f8bf34f77fcb2183a3ee0934fd6ac98c4ba466ca174215a220c2b
CROWN AGENCIES,106946.0,518.0,Ontario Hydro,TECHNICAL SUPERVISOR,1996,9fb675e9bb07eaa9fa9b3ad581d86f4c53fdb8c11a5a2eed509f10e886b0fdb8e12e469017cfd18dd14bd2b325d86a0f4a4cff2906c15abff08dba2f34a191f3
CROWN AGENCIES,113754.0,608.0,Ontario Hydro,"SALES MANAGER, UTILITY SALES",1996,3cee9bac19d7fe77a4a53d24610168b373ea63fd3140df20aea394786b921d63d2539819d19027f0db730b72e1758f6ed7fda7f6b9fd43cee73ff7f6a9218f7c
CROWN AGENCIES,107565.0,535.0,Ontario Hydro,TECHNICAL SUPPORT SERVICES MANAGER,1996,a19dc3deec90abcd00c32ade46503a056dbba54dd1ef3270aea3b63aa5ac6abcb58b1fef302583274a48fa6321609773d83c55740dd6ec48ef38a7136f9ff747
CROWN AGENCIES,123600.0,743.0,Ontario Hydro,CHIEF PHYSICIAN,1996,ff6325ff5e509ecae728ae184ba7433b37a497dcc47b8bd2b2ae6d6ee73d049e09ff6f78ccac2f578f34abba51be05bf98ee40b509923f01ef02764ecf8531f1
CROWN AGENCIES,104728.0,488.0,Ontario Hydro,"OH PROJECT MGR, PAY & BENS REENG",1996,bea018c75a33269b098d13d7e5c0874a7c4b3470bd276120353741dbf61d4c0c750f4f0ebbac9bc7d1c67fe7c4cae57ef199fba5e51bc2e8a511760aacd4496e
CROWN AGENCIES,109613.0,571.0,Ontario Hydro,"MANAGER, INTERNAL ENERGY EFFICIENCY",1996,729136ee66c533ced824a299270e10fef0ba3bd201e3a884276c05ce497b94281c8993bcf65f7e5903b95184571bc0816f1b135304c034e346e48a7c13e78e95
CROWN AGENCIES,115959.0,567.0,Ontario Hydro,SHIFT SUPERINTENDENT,1996,5d64ce8b70ba54f2b21623ded8120a61de294efdb5356969e6071f9c4b3ffb9fd8fc2fefe7e1825f85e565879fd859d8e05c86dffbfe7fb98eccfb0563634dd5
CROWN AGENCIES,100527.0,543.0,Ontario Hydro,SHIFT SUPERVISOR,1996,85b039edd3a4b5a96395637ef25ce1b4864930b137d420ebc8983f791b71ff1caaccfdbe6d754794b8af90798730cb96ad1dc224bd85c8d3464b69b4bb668bb8
CROWN AGENCIES,103145.0,13599.0,Ontario Hydro,"MANAGER, EMPLOYEE ADMIN & LIBRARY SRVCS",1996,907ebffce8ac60f7e042ec91ed441b8c084952e1f553813b2eb112c11544bd321d61430a22d06b14fc0a7a2e0185049691682f87e065ca9fd3c4fabaaf675d71
CROWN AGENCIES,107107.0,495.0,Ontario Hydro,SHIFT OPERATING SUPERVISOR (AUTHORIZED),1996,33434f1923dbbc33826baaaf807629d4004bc366ffa9629d5be7b04d4bf9708769e85b2c9b6dd6418edc7984699d592b281839b09154fc65b808d6edc55485b4
CROWN AGENCIES,108395.0,610.0,Ontario Hydro,"MGR, FUEL HANDLING",1996,431c3490404d6fd1e45238b7fd0ae478ee07c6eeb84c702bf57cf8253653bebb8fc6d71ff64b1f7600e91ab404c2f94cd2ee7c904dea1f025bd365c02caed429
CROWN AGENCIES,102234.0,561.0,Ontario Hydro,SENIOR CONTROL SUPERVISOR,1996,3250004052dcdb4b0c549fae04c241fad37f4a1d6a8758f373ccdf7a8bc1662805b5825e198198056672a6c9dde59b1136c94f41e69e0d3bfa7071d610df63ca
CROWN AGENCIES,110588.0,542.0,Ontario Hydro,"MANAGER, BUSINESS DEVELOPMENT",1996,80d2bc20c6844e23c57adf4e768d262d3180eb82a520431ddcbb8f2b1ab160e419a7cf6647b1728716ddaf8e8fd5699c32024f88c75f3e2e647f518ea9e7af93
CROWN AGENCIES,100084.0,567.0,Ontario Hydro,PRODUCTION INTEGRATION MANAGER,1996,2fe3e9d9c1e7b75848794792c05cbb78ac15c7ad68b3d0a79b5049fe04dc65c99a1138de5a4f34e96b11d203dfbbeede9e7dd3af252e18f8ad628a7ff6557847
CROWN AGENCIES,182626.0,24595.0,Ontario Hydro,VICE-PRESIDENT-CORPORATE COMMUNICATIONS,1996,e80c134404aa36c55552d1a2597abea0613401aaff60816fdc7eba20a1581b866819d041e0b8581bcb3da4833906cd3880e5c4c4741b842a9ad846fe50a9ff96
CROWN AGENCIES,101683.0,431.0,Ontario Hydro,SHIFT SUPERINTENDENT B,1996,919e5881028e59ccf393891fa8c7d7256ff1a347014f3fd57e1cec6e46aa2d0e184f18a31c87604a397d53eb244b8f06db0fc072c2c9e9b371fe257208118cd0
CROWN AGENCIES,112500.0,647.0,Ontario Hydro,"MANAGER, SALES & INTEGRATION SERVICES",1996,ba939edf72fe11a80a2ee56c5b5e6957643afe7481c5987c47214040da779a965973157c36606bc093dc9a8c26835b61cc64cc4e77fd27cdcea87bbdc48fa21a
CROWN AGENCIES,101313.0,536.0,Ontario Hydro,"MGR, QUALITY SURV & INSPEC SRVC - TERM",1996,f3c78e9c648abfa06b4a05c305452960b004faa1dfe1df75a43ce3ac31026b8ec4982fc4b4e52b19da7bea28fe8073c468d17cc19845cb893e318326c7acac83
CROWN AGENCIES,130989.0,3826.0,Ontario Hydro,"DIRECTOR, EMPLOYEE SERVICES",1996,e86f03935817dc923e81c483704cd4c03b405e2ee8131c4aab09cbbc255d931b0b6a14553ba8b7ac603fe47436d1b4d594d44880b726a76904dec9bfae2376ca
CROWN AGENCIES,110071.0,592.0,Ontario Hydro,SHIFT SUPERINTENDENT,1996,652d52943043f4357c32a76f1ee1f5e903567bfbbffa46cb9fc3c5e58f22b5f47910ee191bd608dee7cca402bbdd69030cdc241eb454660352df2a9e9a70437e
CROWN AGENCIES,112239.0,3950.0,Ontario Hydro,"MGR, UNIT PAIR 3 & 4",1996,09f611ab9c3aa854d9932fce2a81ba9f4fdb73f2c20fb3357d07cf7abec721797be3b6d39ff970f66bb0095e4d02ca53649cfbf3a428df9a71453a4dc92a7844
CROWN AGENCIES,106309.0,558.0,Ontario Hydro,SUPERVISING DESIGN ENGINEER,1996,749db66df6edb13ab67aab1648ac8d63d7cbe0fd9790d671f06568b4d9ab8c7a30419d4065f6be2b9788672d40fa4e6861b675cc88701cc1b97113f918149cde
CROWN AGENCIES,110022.0,616.0,Ontario Hydro,"MANAGER, FINANCE",1996,3aeed45f3bdc12cde47f0d43f6945b5471b97d10f3cbec56ece4915a1b5435840f1edb328d63e0179e8fbece49ca689686e258a5336843c1c2ed02bd09e33ad6
CROWN AGENCIES,103877.0,579.0,Ontario Hydro,"MGR, PERFORMANCE IMPROVEMENT",1996,8e79d8ff93d487c1369504cb913a34e3831e4beffaa0191d64bf1d67a4003ad3a44bb6c3e908f5483d5a028a559b09847ca5032dfbf935c11bda119ba73f847b
CROWN AGENCIES,109520.0,540.0,Ontario Hydro,SHIFT SUPERVISOR,1996,d0be0ea8dcfeba1720aaed71f475323a354b78782e8da5c814bbe35a4087e59790f60d50a1748ecfdb06bdebd44d4855bae917db17dc326ab096525327038d80
CROWN AGENCIES,123931.0,681.0,Ontario Hydro,"MANAGER, UTILITY 9",1996,e9bf0590d71f879a940d03f9f0203a1fce5f85cc3fefb8bb11c2c2acb57381de3cff875ae10eecbe67c97cd0a01287b2a48cf553b60b3698ec5c59523ff9412b
CROWN AGENCIES,101959.0,507.0,Ontario Hydro,SHIFT OPERATING SUPERVISOR (AUTHORIZED),1996,4efd81a17bd94b616165fc36e8524bfd6bb7a0434dbc21c92f4021be7a641711e2d4ef79052638959a5723d6bf83b4db209d912e725d1370f615800234e827df
CROWN AGENCIES,110525.0,4886.0,Ontario Hydro,"MANAGER, UNIT 0",1996,19d3ce0fa600c65127f2ea210424f79a313f9a9cd44d9a6ac2b6a97078bf000b774490ca3951122b14c1414a8ff4a3a5af6b08497057f27bfd3a46ccee30bf92
CROWN AGENCIES,104411.0,516.0,Ontario Hydro,ENGINEER/TECHNICAL OFF-COMMERICAL & RES.,1996,b3940bea6e7bf8869d4e790c34160769022a624ee5de0bb9cf7c48bf663921a2ba64a42a30a6ec1a1f649fed43e4c015f60376882b2fc429b4c2da87fbd2aeac
CROWN AGENCIES,104652.0,1365.0,Ontario Hydro,"PLANT MGR, NORTHLAND",1996,bfadbd26bf296e730de1b53a91f9410e092e5c1313448f95c2d08ba33606c25023a667a217592a314bd6181b9c8c9696e88346618da63de7772915d69b96f3ab
CROWN AGENCIES,102554.0,573.0,Ontario Hydro,SHIFT SUPERINTENDENT,1996,4a465361524db785ef1c3c285b22f5e7952e9d9c6489ec50e7d1d1e6c6ace2c3b672b7c620cd4a6ff350093457e5f66b12810a8d174e8f0b64654838b8b35c49
CROWN AGENCIES,109379.0,610.0,Ontario Hydro,"MGR, ENGINEERING SERVICES",1996,4a465361524db785ef1c3c285b22f5e7952e9d9c6489ec50e7d1d1e6c6ace2c3b672b7c620cd4a6ff350093457e5f66b12810a8d174e8f0b64654838b8b35c49
CROWN AGENCIES,137217.0,743.0,Ontario Hydro,"DIRECTOR, COMPNSTN & BENEFTS STRATEGY",1996,0d1ca788b4e5f3e01496c9b0f9459c3a3accd0083b4872d80b3c5ef9a8ecf516ffa55478eafa9e0d0c453bbebde526cffeaaac294a3a718d365cf3d2650aa44b
CROWN AGENCIES,104345.0,558.0,Ontario Hydro,"MANAGER, TECHNICAL SUPPORT",1996,7328d86343af6ea6be58a78cf2df312f66ced1fca5f612b2303a5e0cfba5ec2969ed0c8d18cc45fea999a5321756ea6579fe9105ba794cd28eb9ef934d04a708
CROWN AGENCIES,113716.0,3776.0,Ontario Hydro,"MGR, WASTE MANAGEMENT SERV",1996,3883e5e11afae1d89e2242b4635d89af7987db7ae71df80b9a0bad661c525586b628ed26f248c5467702609434b96a22f1ee6ffd20f7c0962119997bed247fc9
CROWN AGENCIES,105642.0,1748.0,Ontario Hydro,"MGR, NUCLEAR SAFETY",1996,a4f804896d5227c75d6f79032b50032a1b0bacffb67591cd8f328e234abcbc63af704fb02b77f800a2c6c76c04dfa3b29aad91e536300288b303135f9939d9ac
CROWN AGENCIES,136847.0,762.0,Ontario Hydro,"ASST GENERAL COUNSEL, ENGINEERING SERV",1996,4c23c34427230cdc0d0ee9102cd4c92b6796736fcf09e12eafdba01e11decc546003d1195defed8cfb3d6d936e706527b7d3c806b91bf652c5df3ae0daa555de
CROWN AGENCIES,116157.0,657.0,Ontario Hydro,"MANAGER, ORGANIZATION CHANGE, CIS PROJ",1996,6c160fdcbfb23d8db31ad60ca508bd8791c1d41ebd43a5763d3264f7db6bce1d08dabc595ecc884bcc38d84bdb28866df7bf454f732dffee95ee7e840b1d75b4
CROWN AGENCIES,102305.0,573.0,Ontario Hydro,"MGR, ENGINEERING ANALYSIS",1996,305ffe12f4a31446e3c622e3a06142bf3740a562fc0485bf588200d8f7a3fceb184806e361884aa486b5078f080c0f742502cbbac67e8ee0c789ba787ca70b16
CROWN AGENCIES,138000.0,774.0,Ontario Hydro,TREASURER,1996,e00ef93aa66bf76f5f9c61ca23d9a8e605db272ec9d1e1d58602c374dfe545a79367e6736b52f4ead8cd582f09c8764b07d0970e4703fbb9c5f0989af85413dd
CROWN AGENCIES,140916.0,4454.0,Ontario Hydro,"DIRECTOR, NUCLEAR TECHNOLOGY SERV",1996,71de7ee10105bef4e7c020bb6e91f6970d5403d9bbed354332610ba57ceeb497ae05c3b594fc60891526d1b0664abecee9154c9e75979035a92ed6922dd9d145
CROWN AGENCIES,106042.0,572.0,Ontario Hydro,"MANAGER, STRATEGY",1996,37622d8083a18675baeb258423bd65c905ca3f47f044c01e9314f306a5b5af397bfeae5b4f9cbb1e06ca6fb0c1c41f2fcd44a14bfeb6da85b21e7353c71e5501
CROWN AGENCIES,125182.0,3208.0,Ontario Hydro,"DIRECTOR, NUCLEAR WASTE & ENV SERV",1996,8655edb89e75cb30ed25798dc95d09380c1aa58d0cd98bd603ebae3f3089adae6df1da88e0feb9bffb44668b416f7e5e75c9cd9a0ce075168a780167c8416383
CROWN AGENCIES,105335.0,536.0,Ontario Hydro,CONSTRUCTION SUPERINTENDENT,1996,c35c5b83d72eb71dad517ef4b11d0eace9c883d631d0adbbf31906f95701f63ad70cf3b3f9be3ba06c7582ea1b732de18f01dc3e0137e0a1465b1fb87b175fee
CROWN AGENCIES,108289.0,598.0,Ontario Hydro,"MANAGER, EXTERNAL INVESTMENTS",1996,2b758ef2bebc3e9b2277396a92cfb8deea79ef6cd107a8727171a63f15e7569efc56f2e8d19be949f1227d1c1658a19f369df0b7ca691c7abb2a571a0892da41
CROWN AGENCIES,106145.0,485.0,Ontario Hydro,SENIOR DESIGN SPECIALIST,1996,2440ade684550d0f50413a4740c212ade8c0ccc8547b4dc019b71099e7e4bbbfdd13a3ab26966296777369c972a27aac9975600be96a05a2110c3ea70477b063
CROWN AGENCIES,160220.0,54722.0,Ontario Hydro,"VICE-PRESIDENT, CORPORATE FINANCE",1996,3b83b49e9a0ab8c0b338643e7f374c0ba225c7e40ce9529fcd6a55d508ffee12e84f279d241314819ee18151a79bc153e902365b88be8468f4d33d1823fce337
CROWN AGENCIES,114057.0,111.0,Ontario Hydro,CIVIL MAINTAINER II JOURNEYPERSON,1996,c68d98d9acd4cfb605ce3dd1e3b85ced0fd9426f03b0fd1a053320ea3250ce254ac9a7b96044c17892d2c914ab15a69d75501b46c93f9a69c30a206fca237fab
CROWN AGENCIES,118183.0,5659.0,Ontario Hydro,"MANAGER, GENERATING UNITS",1996,2927fba44c474bb77e07d96c1bc7f7f01de383b29c7f953944f5905d5c318d5c59fe1859fb5bc052e924e5daadeca18cf492a47ad298fdeee2c76894f2c65ad8
CROWN AGENCIES,100554.0,558.0,Ontario Hydro,SHIFT SUPERINTENDENT,1996,6ef505bdfe448736c39ae919db35dc7a8f130b1c8d9b5fa047ca09ca25242a203f8cf62f50c3777d763cb06c8626e03229f1a27a3cd4867bbc4d00cd5c1d859d
CROWN AGENCIES,106704.0,540.0,Ontario Hydro,SINGLE UNIT SHIFT SUPERVISOR,1996,cad876bb429ef228495f840f2d507170abfa66155df2c284fa85f0f05ef635b52617e0b9cf388e8ec462b80c0c4b990b4eac42974c76b4acb844693f9e30ebb6
CROWN AGENCIES,111245.0,566.0,Ontario Hydro,SHIFT SUPERINTENDENT,1996,af613395ae89f22a1d6c8a16f92b7a4f194d0f6fca7d9c9b04a29a2bc3a650f982a31a6279c790f2127da5515b53c251712d8b99ed1c572445d63e4aa7ea18ab
CROWN AGENCIES,103497.0,579.0,Ontario Hydro,"MANAGER, BUSINESS DEVELOPMENT",1996,8fac1f9d2b6340a14f5f6ada14c2e51692cdb89c496e2f4e1e0348b0447e8869761faee10b70805fa6decd531aa096d3a4f366bdcfb4d40867985610a84bbaa9
CROWN AGENCIES,127150.0,696.0,Ontario Hydro,ACCOUNT MANAGER,1996,d246862a8a6a8e289e817929f98ae0be5782718638998769850c6d1781ccdb2cca56ca98d41c11a3c2b424c5507eb3f36f929dad1216c5ac150cf1ab1e5cf103
CROWN AGENCIES,101510.0,556.0,Ontario Hydro,"MANAGER, BUSINESS PROGRAMMING & TECHNLG",1996,21d2119e66dab92019dc080c2d6a3ee80743bad4444bc827f7a82674ab1bf1c7d59161a35e7d832ebfc441d9fbd71d0c56deb314a5e15a58be9b04985ef3f059
CROWN AGENCIES,115356.0,592.0,Ontario Hydro,MANAGING PARTNER,1996,f9fc703ec28634dadd9c64df42431f0489df9ec97435a4afb64883240ec24c6a0a1720e20104c9fdfc8d5121a170334efc1cb431f1fabad53522ae2dd0cdadcd
CROWN AGENCIES,102305.0,573.0,Ontario Hydro,"SECTION MGR, SAFETY ANALYSIS",1996,e8d77e187d6a7d3e7091207c0262c83208bad4d280702eb8dc3c336c61707e746c43edfc7a9a097c6f6bc0b467082a1c9ce25d1cd25253a54e47b456ba2226c4
CROWN AGENCIES,120640.0,599.0,Ontario Hydro,"MANAGER, OTTAWA DISTRICT",1996,ae12b372feb1b64a0262475e8d5fbff982ae554c29ea8eb8b66c448222cc0b27c0d88028ba2a9f96279e3376779ce4a92f812007ca2da01a561a036ccfce2c6d
CROWN AGENCIES,107704.0,573.0,Ontario Hydro,ACCOUNT MANAGER,1996,3016179e520dbd5750d33036fc93d2faa52a528923f18187808fa2e13ef72678369009478441a152281a11f8e1dc8d6ec52fdca830b34388a3d80601589687bc
CROWN AGENCIES,117285.0,651.0,Ontario Hydro,OPERATIONS MANAGER,1996,2da989dce13213dc8a5df2c62db329b549224bbfa1de43a822e3b59f9551976078b30eb1904c8e16803a9da8f4ee2a3ab98d92f30627de76ddafdb1850d806e7
CROWN AGENCIES,102760.0,524.0,Ontario Hydro,TECHNICAL SUPERVISOR,1996,5667195ad416a4cf1dd72056fe4f782d1c74d90ee9f1733acad4872947a45140bf048b345c21aa6238b9ac018d061dfc5e3b41304cc98f263dedcedc49cf74bf
CROWN AGENCIES,105519.0,561.0,Ontario Hydro,"MANAGER, TECHNICAL SERVICES - STATIONS",1996,014bf562ee5c3858cede078be29ea7829e827b2e61c9df2aa358ba5ca4182d2154c7826e45264cfde6090831ee56b9a4d75d12f5f33eb8c8be19223064df763f
CROWN AGENCIES,107918.0,499.0,Ontario Hydro,SENIOR DESIGN SPECIALIST,1996,7e6537cde4ecd610a1a545acfd628658bd3dcaba7a37825626a3d404a981a4c948898a80c84240941bf09242044328a0c47a31a5ac4651d38a0f3ed9f8f8aed3
CROWN AGENCIES,111150.0,497.0,Ontario Hydro,SHIFT OPERATING SUPERVISOR (AUTHORIZED),1996,c0700545001023547cfe96a860afbfe9fffe35d3abe963cfe9b3bb170e37444d006bde327ed762bf71db9dedb5c20175f4a82cb0ad44cdb7a86b5ff055efb9b4
CROWN AGENCIES,112087.0,598.0,Ontario Hydro,SHIFT SUPERINTENDENT,1996,6147482a6a171339acb44485ff071ffaefeaba4e95a68513968e71e2f2d7c954f2152f1ab72f0a110b67669de8992c88b05edd04333bc9ed5ff979d3c5b0e113
CROWN AGENCIES,104305.0,579.0,Ontario Hydro,"MGR, UNITS 5-8",1996,0f823fed1ccd32e8606c9a1d6f2221bbf8dce87d8ba4f64addb271e044a9ed02570a94e49e6601e8c29833bcf67b18bf28ff1acbe7a5032f11a7370b178be6a1
CROWN AGENCIES,104600.0,4627.0,Ontario Hydro,"MGR, FUEL CHANNEL INSP & MTCE",1996,328594716a5590a5c80b0997871edc24cdc5657fe9ed9a958ecb33ade7f4554a5526fd1072a79633872572ca761af6ae75b5142ae948bf4a544ed63fe9bbddec
CROWN AGENCIES,107721.0,566.0,Ontario Hydro,SHIFT SUPERINTENDENT,1996,165f9141f8bb64f32f004b8fc847867814c48524b76bb609b50ae48617b196e95c1ad9f03c828f8d5a1c2ac118a9a703a188465d3d4f61222de2c424938f59a8
CROWN AGENCIES,103142.0,555.0,Ontario Hydro,SHIFT SUPERVISOR,1996,f0a166f89496355272901a1b49dda8c8c4a7d326dde1dba2027dd20764ba308b5a8654bae1ba93899af8a51bfad1d1ed6d73df5d1a471a9b753903fbf89a846f
CROWN AGENCIES,132078.0,580.0,Ontario Hydro,SINGLE UNIT SHIFT SUPERVISOR,1996,8895d149082168dbc3e914492ab1dd615a6a532c677e242b74f7af12b890fc8521cf90fc239484ffcc770a1eaf4c03df4599d6064533d888ac2241f60a9ca0d4
CROWN AGENCIES,103505.0,592.0,Ontario Hydro,"MANAGER, RESEARCH & INFORMATION SRVCS",1996,ec9b153c1cc3e15e5f770f7849113a0b704af375b9f70aba85456c0269d89b249ba4c3e8f3a9b754901279c8f73a43801784d01efaae280f10d7058fee7fdb05
CROWN AGENCIES,138750.0,649.0,Ontario Hydro,"ASST VICE-PRESIDENT, LABOUR RELATIONS",1996,d132f7b49db7c8d9890a395f01d1e85b34590e1810803e4ffefcea22feee5cf0755ed87320779f9fd8056b63536efff9172767508ee1c5ebfc0289f1b363161e
CROWN AGENCIES,100023.0,493.0,Ontario Hydro,SHIFT MTCE SUPRV (CONTROL OR MECHANICAL),1996,80626dc528d9d9e0822aa3c90a810df994d8a27d0cbc8f87c58f64cf962aa7293039748fb21ef83cf96a6fe7f3ee1af865266399b6e0835acf248bd5145dd389
CROWN AGENCIES,127779.0,695.0,Ontario Hydro,"ASST GENERAL COUNSEL, OPERATIONS & PLNG",1996,292b8e0aa87a39f955e73ff6b19ef960910df7e1539276e0f6367b92f12cf5d92853148acd545d6e6dbd9430e4edb75b66724d3fe49f6d69e1f141f4f494c1fc
CROWN AGENCIES,141913.0,619.0,Ontario Hydro,"DIRECTOR, CUSTOMER SERVICE",1996,4bb29c485baefbad49a063463375679620592c56c85113547a24894229bbb2d8ab783a310257108a4fc47246af4930c10527ba61a27abe588acfbeb40594b89b
CROWN AGENCIES,102833.0,567.0,Ontario Hydro,MANAGING PARTNER,1996,3198cddba68f364e183bbecb8d3e2c17489ee0279c591f599e68683e2256ca9da7be255afa0ab4b88abaa71f7b9fed2be576ca22f01c101a0c82d7e1ff4ecc97
CROWN AGENCIES,108074.0,526.0,Ontario Hydro,SHIFT SUPERVISOR,1996,8c7f699d147783cbfeecd3d18a18d9a1274d4b4a502db47d705dcf5907f7f345af224bb67d2760f3a82226d78ec193cc08388c33c34605219135bd562469432b
CROWN AGENCIES,108896.0,483.0,Ontario Hydro,SHIFT SUPERVISOR,1996,dea8f25d454fb7cf0120217ada1ba7116bfe8db26a1fca023bc1ebd63ab57a700ba3987016e0fb36c5ba099d9d82e3978318ba4b8df89b95397bebf3f2770a3e
CROWN AGENCIES,122064.0,4378.0,Ontario Hydro,"ACTING DIRECTOR, BRUCE B",1996,ebb4e6f63094c00cba0724f77e5f2d8708037345e53e25f249e4c77acd63b6739867ee5ba822900d8ade9fbb4bb9bff90a61ade2f7e708731ac45af3e7aff07c
CROWN AGENCIES,104500.0,450.0,Ontario Hydro,"MGR, INVESTMNT RECVRY & WASTE MGMT SRVC",1996,5a67223eeb75ab657f5e3444735e6ba269c8577682919212e01b35884a3a05c07fd7d6fedc8ef43155e6dc312ce24cfc2011facab9fa8a81a879e46008a3c167
CROWN AGENCIES,105744.0,561.0,Ontario Hydro,"MANAGER, TECHNICAL SERVICES - LINES",1996,74ff050d0ac82308d5a50f8214eba069fdd41baa5ed70f11347cc84bf236df3629f7c8c1b4991c73a0c128a3a5e10b7d23bffbc18efa9ff7834c48a2759cbd33
CROWN AGENCIES,170192.0,561.0,Ontario Hydro,SINGLE UNIT SHIFT SUPERVISOR,1996,18c78e33ca7e239d88e482dcb4dc367b840842ae33c13d040d917ba7fa7782171d5310bb4f0700161294fa7020d088f12bc92d46486bcdabd9e5714c64498cd5
CROWN AGENCIES,194163.0,97220.0,Ontario Hydro,"GENERAL MGR, HYDROELECTRIC BUSINES UNIT",1996,569584133bb3a7bc0c14fd0db6385c7d1f4f809f273c74f015d6bf71cd581259bb0007241f391c322d9291116f9a42ffa56d1b06511bf4c7ff0eed7c11d54b36
CROWN AGENCIES,104696.0,515.0,Ontario Hydro,"MANAGER, HUMAN RESOURCES",1996,921e59bc705f0746725d9a8a6456ff2600c0b5d15895343cb3bcef2702660e691053024503b17e43948248f6d7e2e4bdf77ef3ab9730b2af736f7d2c38165d8f
CROWN AGENCIES,106325.0,610.0,Ontario Hydro,SR SOLICITOR,1996,83ded5b83b3370c09550e4f98bf1e5c9df9dfc4ff6f60c73f3d9d9b4f7ce8250d4d74c5ae92f71dc0782a5eeefcbe667a00a72ec200cd268e570a93c96e51855
CROWN AGENCIES,116436.0,885.0,Ontario Hydro,"MANAGER, UTILITY 4",1996,72d012f3ab216e6f355b084bfbd96620bac8336abe717b5585bd801ae9a19ea34b20eac9ebd6db4273e46b03f4a7a68f35f0fff0c8335ca7ff6d11f634d5bc39
CROWN AGENCIES,109116.0,573.0,Ontario Hydro,"HR CONSULTING MGR, FIELD OPRNS NORTH",1996,25038390b13faa4506d338a575cc60830b47bd6efdd7d9f3aeff6aed38c318feac2323a613c9da0bdc1ac794d70289167b80ad8538a9efc13bc47827ea77681f
CROWN AGENCIES,101386.0,416.0,Ontario Hydro,AUTHORIZED NUCLEAR OPERATOR,1996,6c2ab733b3098e0e122786d870e2f186ee74310f9a59c533eaba1b7b6c90a980843aee06bd39c0941ad166517205e2c0f055c40b3f0ba28ad4097754e47511e5
CROWN AGENCIES,103298.0,455.0,Ontario Hydro,SAFETY SPECLST PROTECTVE CLOTHING &EQUP,1996,e6678609860d686b75456694476192747c2ba098b2b5763678f66d615e67dd07e8d005da48b985288b322a7accc6065fc3ec1c6cef6f78a8c9add1101dbbc9c2
CROWN AGENCIES,121750.0,634.0,Ontario Hydro,"DIRECTOR, BUSINESS ANALYSIS",1996,f8798b3cba19ffb1de6db620f860f37ad42c27051837a311f3988dfc7fc01082edd2b475af75b89d89568e8b28a3975e9680aa35ff4f5e8e351ce898454fd48e
CROWN AGENCIES,105909.0,585.0,Ontario Hydro,SHIFT SUPERINTENDENT,1996,272353643127e33851942cde4c1a320ad488a67e963fe984dd12146cda94f094a379d4275bbf31663be42214ea0a33a831ba3f8bf8ab8e0d0b94c2c22d9f7d0b
CROWN AGENCIES,112933.0,569.0,Ontario Hydro,STAFF PHYSICIAN,1996,f1167861d01ba680cc1786520233e8943569b4521c3ce69d048732400c9fc536d70d9b6763dbc3c23a0b573da1fc6bb08cb4102c0ba81e073c92883576931720
CROWN AGENCIES,110850.0,399.0,Ontario Hydro,PROTECTION & CONTROL SUPERVISOR,1996,990b2aa681d81c9c24cd07878657c3a59ff707f1f308d256f7970c51bab57e83796456cbb0dbed527decc23a78c43807b1a584eb588a2835ebfc4a867cee27de
CROWN AGENCIES,197575.0,124327.0,Ontario Hydro,"GENERAL MANAGER, DISTRIBUTION OPRATIONS",1996,61280c782ba54c6b83f18b565981e10b813b3fdbf49a4271cb483141d1f061e5c2fc773c942e341d27596985968b0192127966f1daa5319cb2ca8247b3ba5b75
CROWN AGENCIES,110976.0,616.0,Ontario Hydro,"MANAGER, ENVIRONMENT",1996,cfcbfd140070939fbc9b6caffd78a1963644fa8c887df157d52c57c5fd74ef56804f31a024eab4ce9dfa4944982772883f04afdfa3f516b133183cda0e8f7bc4
CROWN AGENCIES,107954.0,542.0,Ontario Hydro,SHIFT SUPERVISOR,1996,ca33bcc88678f315bfb66dd3e0f6b91db9925823cca0d4bd7cb21727dc0a5644e516088c341b7842198d084bccefa11e0a2fa6f709c89250e9eaed3c6f2ebccb
CROWN AGENCIES,316531.0,885.0,Ontario Hydro,INTERNATIONAL ASSIGNMENT - PERU,1996,01d01645c2574d105585cfba44560f94400fd0ef85dfbfd548d79d92906bf139b3224e99aedd19fa27b217f380dc1290c65051e4b4941c110abdb1beda54c177
CROWN AGENCIES,110429.0,540.0,Ontario Hydro,SHIFT SUPERVISOR,1996,0d55a95bbd1841eb35d33dc4d9c07941b745f52e21fcf72450cb5fbdcf1fbfe7e75f7a717c2a911d4e2478c61329761d9da3c75c41e4a09ca6b76f1fea496cf7
CROWN AGENCIES,103578.0,548.0,Ontario Hydro,PRINCIPAL RESEARCH ENGINEER/SCIENTIST,1996,99a39ab082d45110e5e666cda698446d9f8e5d94ad1a597006a150046ee502d42ffd728b6981d6d722d19f87e91f7b8798fe8fe2a95dd173d35341d4099a2902
CROWN AGENCIES,118219.0,542.0,Ontario Hydro,SHIFT SUPERVISOR,1996,f2d2041db54db2c895ebda70fcab0ab9eff80b40a9c2909fe77ae2a0c7cc651364fe09aba04c31b21771904a2bb8d547f2e820dc41d522b3e1764a9ffde4d2a1
CROWN AGENCIES,107397.0,559.0,Ontario Hydro,"MANAGER, FINANCE",1996,95a8e2f4c2c579503f72ea4400cbf39d8d839aee39ab741e4d1a80422b5af85b0c696190089afb0654d8c74cc483930f374122fed5d9eba3ec46c564f1e7a432
CROWN AGENCIES,110242.0,561.0,Ontario Hydro,SHIFT SUPERINTENDENT,1996,7b483d42e41b4530b15fdacb1f44ded5e1b06ab405127daaeec1f10d9e73af4574c3a9c6064095ec7592c6f2cd446d86c505021f45b33d7dcf27e92c1b5ef5d8
CROWN AGENCIES,113388.0,522.0,Ontario Hydro,PRINCIPAL RESEARCH ENGINEER/SCIENTIST,1996,9f7b69e4269a4e6827f777aabe477a05a50584fc90bd27071f0bfea63f51bcb6810d169be4b9095d872f42c458f6c629e1331d46a9661ee5027c9bea841e9f29
CROWN AGENCIES,218730.0,489.0,Ontario Hydro,"MANAGER, U.S. EQUITIES - PENSION FUND",1996,011edaab0fdb633c70625c4692fea9d7488281e9e3e3ec2d1e4bd3f8ffe5cbe998991d61bd8b74eb3d0e7763f8597c7c8ffca4cae687c53eb53ee1d6677fa95f
CROWN AGENCIES,101923.0,416.0,Ontario Hydro,AUTHORIZED NUCLEAR OPERATOR,1996,b087006001a288a8707290bc2e1dd5f3a57b28f96236dd17aaf4aac6be7def83bccdd9e8ac26d2b433ce32f330da4038600f9778bbdcae0349757a07ed1d7fa6
CROWN AGENCIES,133950.0,6316.0,Ontario Hydro,"DIRECTOR, NUCLEAR STATION SUPPORT",1996,dbfbc7c59121ef3a2005babb561a951117cb148164c1ab00291bd08a0c94333d5b7f92ab52b0b51d557788d82078927d78370c6b244db182015a50531803bca5
CROWN AGENCIES,109163.0,4454.0,Ontario Hydro,OUTAGE MANAGER,1996,ed9377b992236ceb66b701431d8a467592341835102f59a0d4ef3525274b7617ec283982e5391c9d85d978004f8089e5f3c0f75ac6b4200e8d03c04839c8d29e
CROWN AGENCIES,103486.0,574.0,Ontario Hydro,"PRJ MGR, REDESIGN OF ACCT PROCES & SYST",1996,0102b614d458e32dd30efdb6550a69b3a2cb7e1e7c7b29afc2598ccfa29e06b0257df7f79348be8ee0abc813bd9018cc9214a6bda7e5a69ff635f9ddd9963f10
CROWN AGENCIES,105458.0,497.0,Ontario Hydro,SHIFT OPERATING SUPERVISOR (AUTHORIZED),1996,33a8781650fb3ab8adc61da08829141e57a7c18d8f017d2917d55c77a12ff6b883239f9d2f09e0656d51825a7126373173e665b46c4f3cf8a37b290c4af69165
CROWN AGENCIES,104190.0,537.0,Ontario Hydro,"MANAGER, TELECOM SERVICES",1996,33a8781650fb3ab8adc61da08829141e57a7c18d8f017d2917d55c77a12ff6b883239f9d2f09e0656d51825a7126373173e665b46c4f3cf8a37b290c4af69165
CROWN AGENCIES,105805.0,496.0,Ontario Hydro,MAINTENANCE SUPERINTENDENT,1996,5a95fe0bacc99e4ebb583c7805a271e7fef0d9e49347362e1bef6bb7329c106168fd844a1fd2d9850cd481a2221339d023547c59cd386f025eb5be45b1f943db
CROWN AGENCIES,144944.0,657.0,Ontario Hydro,"MANAGER, UTILITY 13",1996,5c024a6b4e4734eb81ef196cb862d51a263dfe2ded2458bf788edc70f5ac9e0fa161b0b78d48251eaa99420d8c3ea5f32a92c13847ba9367a8366f3dd76d9a14
CROWN AGENCIES,120967.0,554.0,Ontario Hydro,ASST GENERAL COUNSEL-EMPLOYMENT LAW,1996,91917273fc3c0ec2a3c3cbf822ee27b510e9b90d699352057ac6e9ebeea084d282c1ad36f53c2c5da1ff4db5ba93d34146d89bbb15b51f6617c54f85844a3f7f
CROWN AGENCIES,111000.0,585.0,Ontario Hydro,"MANAGER, GRID STRATEGY & COMMERCE",1996,f419838753202b4256c2c4ed70a740d3717b67859ae559fa4248cb1c7caf89bbccaf144b472506cbf1e94b1731482ab6054864d12437c065e718235471130b9d
CROWN AGENCIES,107300.0,517.0,Ontario Hydro,"VICE-PRESIDENT, CONSULTANCY SERVICES",1996,3267f3a496a133669c18fdf6fbf3461057c28d8abe5db08c317f86a5d41dc1a0abddbbb059b8dd2a852a2893513998e1b2ff27a4b1e869ae18a92c3a688be515
CROWN AGENCIES,352003.0,687.0,Ontario Hydro,ON ASSIGNMENT TO INPO - ATLANTA GA.,1996,e158022091a69f97711c7fbdf824018cb29151ee0cd21f9802e56cf8a91bfcc1f6bb616cfe062663316eaf406d848131285f21ae0593092e071f64e7d2439b84
CROWN AGENCIES,102100.0,531.0,Ontario Hydro,CLIENT SERVICES MANAGER,1996,d1a6735d25d5115ab8ffb82c37a2f256f7894618992ded2b6bf1bd5836d4e5a50335dfb170a4a9088d5726d06b9e56b937700fdbbb99431558a762615f7b3a74
CROWN AGENCIES,109671.0,2905.0,Ontario Hydro,"MGR, MATERIEL MANAGEMENT",1996,ccfd84cf6ce2f955748bedb84cf28b5c14f38d6ab38a987b954d3548087652b6d3ef2c1c176d1915ebb2a40703e1145322c8a6c4bffa2d619d8b65d670d8cceb
CROWN AGENCIES,138243.0,3451.0,Ontario Hydro,"PLANT MANAGER, LAMBTON GS",1996,99db3b0bfc776b48570d297d11f9317071c9e90addb75395a1f6378a637c9224c8d82999484d79b2673fef8b77f5f8ea3846f43eacaf20a4870883e53057ad4f
CROWN AGENCIES,109805.0,528.0,Ontario Hydro,AUTHORIZATION TRAINING SUPERVISOR,1996,cd5c672a7f4edf7b8c86b865d0e116cc992756c7336e435826bf6ecf3ab5a12e72729ffef2227141a43463c80bcaf406d178bedc3bc52a7f6b81cdf8249b7543
CROWN AGENCIES,106650.0,572.0,Ontario Hydro,"MGR, INFO MGMT & ADMIN",1996,096be6fc6d57ffbe580ce8ecb41016b3e446bc7a7eff0588a4c5a46d1fffcf0c23fd8cef511c970d735f1f41640e9d3196c8ccc5427e6a16d25778494e941618
CROWN AGENCIES,100800.0,558.0,Ontario Hydro,"MANAGER, NATURAL SCIENCES DEPARTMENT",1996,fea8bb4ba5629dc6426331d9944d49de9cacac27a2fe0779fdc6dee53ccd41d5e136096ae8be370caa1ea589154bf4ae46b0061b4ea3f3d0e954f39f04ce6018
CROWN AGENCIES,114771.0,641.0,Ontario Hydro,"MANAGER, HUMAN RESOURCES CLIENT SRVCS",1996,f9c2b7cbb444900b9458f49fee416acd695ba9c7b829f9e9fec43d5a98802f4b08c7a0ea6d2b693bcdc63390a79a75982de21946b216db6130b3b4cad077d1bb
CROWN AGENCIES,120705.0,5827.0,Ontario Hydro,"MANAGER, TECHNICAL SERVICE INTEGRATION",1996,dbd942a6de429dbf21fc4392421cb865c87ca16cab86f1aaedf3f5e53609b24a162e0b6899911bf42019be8224293f973246c6de304b97fa1ad604d5eb1d0d31
CROWN AGENCIES,111565.0,2916.0,Ontario Hydro,"PLANT MANAGER, LAKEVIEW GS",1996,b91973ac5e060e02c6fd0b3657e3c961ea9909fc8053b4464d54f6bfd4bd31ea20cee83736f20b40b3f89ecdaab449f75eba824c8f68e2513a0e5038ff6d8a5e
CROWN AGENCIES,101879.0,504.0,Ontario Hydro,SHIFT SUPERINTENDENT B,1996,438951a7f922cab4f2ad7f9490b50bf79f26c9560fc3a86190f1ceac812a9ca6d9476666ec0000fc85602cc4d4b4980d7e4cd1a26b82fee5ee2203622b698cb3
CROWN AGENCIES,108090.0,573.0,Ontario Hydro,SHIFT SUPERINTENDENT,1996,15386ee5f20a5416755c81a82d9bfea29c084158ddbe5b951f6b56552c4ffa2708e07e706b530ca09d164f27c8dd4c90c806fa376facb1c0bea7cc4e13485424
CROWN AGENCIES,123537.0,678.0,Ontario Hydro,"MGR, REACTOR SAFTY & OPERATNL ANALYSIS",1996,76a335cfaa75c84f5dbad4903b87d5fef34a1add47771a82298821cae74c6e6ac108ee4d8fb3b40a616d64eff9f090a8da67c07f2ebf4ac8aa995e68334c5819
CROWN AGENCIES,103739.0,595.0,Ontario Hydro,"MGR, NUCLEAR SAFETY",1996,899e2839304477c94acf968bbff112fb2e42d8464fb94f77f0f16228cf5063789553ec92a5eb97a38d2ec6bf142ff5803d21446140f81219d6544e3ab66b109c
CROWN AGENCIES,106522.0,561.0,Ontario Hydro,SINGLE UNIT SHIFT SUPERVISOR,1996,f7145e72a3d2081b008ffb3db7381c150f866e5ea288f0be789fdfc7dd4e274f7328c1a9115a59e2351f0905ce7f86706c9a822c05765b7fd7b2c0a123337dd4
CROWN AGENCIES,105782.0,555.0,Ontario Hydro,SHIFT SUPERVISOR,1996,3f05cd4b4de3ec38f72d00b0b10547b8b55f3ae6b35ae29e92a82fb2842ca1ee93b82799e3c588867636c85230613757691adaa684b4c1e927f30d55740e9bc6
CROWN AGENCIES,106221.0,349.0,Ontario Hydro,AUTHORIZED NUCLEAR OPERATOR,1996,8cc38702c7c77a45c0d0782ca9857a26441fa01dba3449ad623f8181ab98250e7dc79cfdb19580f1f97ad3889e16a210f593a4d1b7a3f571d6e69039bc5cdff0
CROWN AGENCIES,103546.0,552.0,Ontario Hydro,"MGR, MATERIALS MANAGEMENT",1996,9855fee8617e384d6929cb003dccc4824142b7dcd8257c44379edfc995615d076a5c7f8ee054f497925b3ef24052a8e4f5c8303cfc6ec709a044d7aee8ab337f
CROWN AGENCIES,137370.0,1277.0,Ontario Hydro,"DIRECTOR, TRANSMISSION PROJECTS",1996,3433c833614042afcd01b15c7c8d43990e2b32f5dcc0aa6e1df58b123a82e88027e3073b8cf0fe351b46245c0e3962585457f24c49f60049a2e4777de1b5860f
CROWN AGENCIES,110435.0,604.0,Ontario Hydro,"MANAGER, REACTOR ENGINEERING & SERVICE",1996,5bc55cd8d917bda07d21364f926b16358faef8ba52fca599af34508e5ffab0703c26501646c073e16829dffb8b46d0f568ca1527028ab239d788bf5cd9664b38
CROWN AGENCIES,104974.0,681.0,Ontario Hydro,TERRITORY MANAGER - INSPECTION,1996,11506df18974fe6e87606957d0ef3447890e7213c2935581c4ae3916553abab128d5f6f6c4c3773b68b7c65d76ea7feba4ba5ab415436b3c3c416adc2319e091
CROWN AGENCIES,104506.0,585.0,Ontario Hydro,"MGR, CHEMISTRY & METALLURGY",1996,019d5389dc50ee7c60a671a656b2a5912903204ec132e5f02cabbc2624e6370cfe3d8a973813334304565321232d954c558e65d7eef17ad906b25cd50aa96387
CROWN AGENCIES,101288.0,586.0,Ontario Hydro,"MGR, ISOTOPE TECHNOLOGIES PRGRM & CFFTP",1996,40aba2dd3adc5cc1fd733362a0a77d875e1ca3d5e58ac732d414a34e35136e428757bdfd6fbeb61cdb740503230eb06a51e9c1b53ab0a751a6c9ade297345837
CROWN AGENCIES,103840.0,579.0,Ontario Hydro,"MGR, USED FUEL DISPOSAL",1996,3e0322bfd36dd52f26cb260135203dd093b1f3f0e502c884ae277b2fea84801c9e1703c328e3bdefba536e8a1c72dd781bccc11ef1a214bafc8a39be91ed9049
CROWN AGENCIES,205110.0,134634.0,Ontario Hydro,"GENERAL MANAGER, CUSTOMER SOLUTIONS",1996,7cff0dd955f4ed74636b80b06234486c494ea96a96e32e9998e2ea129d9751eddd49d401dd0cd772477c5927d5bd78adaf3d7801f9085998fff118154a52b79d
CROWN AGENCIES,121754.0,2628.0,Ontario Hydro,"MGR, ENGINEERING SERV",1996,233cd88c1dea4828c1e31311ce71d2043001678f90697f61874a2086949c2bbdf6bca0719b7ec44ac20ff2fe4e4368c2ec9d93c5df7052db7347a1fcbbe07037
CROWN AGENCIES,113423.0,610.0,Ontario Hydro,"SENIOR ADVISOR, HEALTH & SAFETY",1996,502eaf379a11bd19ce9d4c125909fa57883b075252f51b313fed23ec84ccd3c49e3d8c3b11184162ef3e48aec83d987134635d678273c6aa282ecabeec6c5485
CROWN AGENCIES,284955.0,694.0,Ontario Hydro,"DIRECTOR, INTERNAL INVESTMENTS - PENSION FUND",1996,95b015faeb439509c50bcd2b9e3ff9b2043efcb53775eb63dc7f846fbdaa2c89340664b246d70a72b994e4f6ee803930f965308511e6c18183fd7923ce2194f1
CROWN AGENCIES,160723.0,4631.0,Ontario Hydro,"DIRECTOR, DARLINGTON",1996,6a9a95a05322158f1118f2b0b4b1bf5cabfdff18fc7ad2a80fd6b913024da4658db4be95696cfb9bee79be547f3bc50e4ac9aad06c09c6038aa5807e069d4257
CROWN AGENCIES,107650.0,841.0,Ontario Hydro,"MANAGER, UTILITY 6",1996,409496a804a5eb662f08d0452e91198d8b0566164bde586d92be0c56c290cb5212415b652f3de42d44e90d279b32e30b7b037406ddc449a233694c0db8acf7b0
CROWN AGENCIES,101003.0,567.0,Ontario Hydro,"MGR, INFORMATION RESOURCE MGMT",1996,65002bb9e914bcc3d4ec80b3315a2ef77ab40d27717abdf180595f3c88506983aad02a24c2d2c529d91e91236021c4d725d670a83f7e0c5f62c1655dd63aa197
CROWN AGENCIES,108580.0,620.0,Ontario Hydro,"MANAGER, DEBT",1996,ed67ed063f409da856e6ce2e928fe2f34e128f94d102ce95288ab5d1a55915072dedb01b45aa4534dd0d1dd34811173d01e2ec09935f00c6e488b185028dd827
CROWN AGENCIES,142070.0,88938.0,Ontario Hydro,"VICE-PRESIDENT, CORPORATE SERVICES",1996,58912eef12efe8830f5bced8e3cec2231a5e5a8a688db9f31717e97eb69f21d1d81d28fd81169a27dc539ad7720465018c80b4061badb06a83bb9dd577cb52da
CROWN AGENCIES,103475.0,563.0,Ontario Hydro,SHIFT SUPERINTENDENT,1996,9cce99bc63ba2f37007e602181f79a162e5ffbc0642558af45873f7fdb71658988e89360c01474d508cac88759ffd91d2cb8f4289369fc1c61f747cf91fd2ea7
CROWN AGENCIES,241428.0,5936.0,Ontario Hydro,"DIRECTOR, PICKERING",1996,ac80b651b6ef566088258d53c98385c5a1ef0a00cb5832f3c19b8d9a965499e23f9edca8a494f1eebb0d395f2e92ead055a03d4022403351642d4b84a8940438
CROWN AGENCIES,102704.0,542.0,Ontario Hydro,SINGLE UNIT SHIFT SUPERVISOR,1996,bfa1649f6d30cb65d50b70b2eb1bdb409bdae6fe2b6fd3d74f849841507f35a9e7526e4049f8b94197fdc130667aff1989842a627cd8ac666c9aadbbf3de805b
CROWN AGENCIES,101980.0,6593.0,Ontario Hydro,"PLANT MGR, OTTAWA RIVER",1996,e71aef4aa920cd593508406503ea804caef6528225f1fbd10421364ee9b3c111dcca618dd3ab2ad786d7b49b52e1be025f840f73e1b13c5589a3d15ddf4a31fe
CROWN AGENCIES,105371.0,567.0,Ontario Hydro,"MGR, CIVIL ENGINEERING SERVICES",1996,0a587b8f8178987b03edb48626c4ded72dc112490ab6a05c59f9eed6551961ff510b95beba88c9004179a6b4f9723ae6aa6bcf8060e0c925f84fbca103f41009
CROWN AGENCIES,122397.0,6681.0,Ontario Hydro,"PLANT MANAGER, NANTICOKE GS",1996,aea3f32fd9b48f150b1eb773151ab7c043d91cb6093e0cf0a7e71b4999f91290d7fe3fe87b45970e420d1ac723087e69d12e8625845cf085ef83dfa889d012cc
CROWN AGENCIES,185856.0,26497.0,Ontario Hydro,VP-CORP STRATEGIES & SUSTAINABLE DVLPMN,1996,7310233d0b592ece07f1da46769daa25347b688844185e6baed0e38177a221af69c6a82bf273e4b4806aa2743f1d4a13ccd44ecbc8bf20236db09f99602f7e9e
CROWN AGENCIES,100508.0,571.0,Ontario Hydro,"MANAGER, COMMUNICATION SERVICES",1996,da5923991cfedec73b2350ebc0cf73873493627704acdb7a5bb2bdc38ecfca23fc575a3ef85ef1c6db4ff45894ff7212ac7e510b54f51484e36dad4bcea1e725
CROWN AGENCIES,105700.0,416.0,Ontario Hydro,AUTHORIZED NUCLEAR OPERATOR,1996,00141636c7c231f01f80184d0de68b57369adb8c7dda6e4548752f149dd2a24cadbcaf36fd4aa5d2d01fbbfa1f7962886bf6d92e5737ded1f2066e4254c88664
CROWN AGENCIES,105159.0,3148.0,Ontario Hydro,SR PROTECTION & CONTROL ENGINEER/OFFICER,1996,fd4723e380f9cb574871cc19f89fb93582d5fe3ac233e9ebe4c4237bf728e3538cfea08c687e86d2cb0fcebd0bc4562035e7564151fda3c917a810c6e26e688a
CROWN AGENCIES,103106.0,572.0,Ontario Hydro,"MANAGER, SIMULATOR SERVICES",1996,50d56b397393e48ae77d273031d14fb1974ba3d805b26098fe326be0016df3932da69fc9ba9356ed6ee1532e8c67957809c86b51f2ec58d6983795bd677dbd9c
CROWN AGENCIES,108354.0,604.0,Ontario Hydro,"MANAGER, NUCLEAR SAFETY",1996,bb50ba1164a6e9284ba5d54cc3b7fd51b826fa7fb4fddcf9b6b906f16ac08dbc5ec028a00c014d14d3ec578bb419adcfd8844d1b935953b740c1f63efc2c84e2
CROWN AGENCIES,107934.0,574.0,Ontario Hydro,"MGR, SDS ENHANCEMENT",1996,8078698b5ae9f960b66c7c6df1359a4667d459bea663681b5e9e5db9b2d39e733c83880c75efe7401bf460952b86b091661731b0851bb5dc7907970ad2ae7734
CROWN AGENCIES,106355.0,558.0,Ontario Hydro,"MANAGER, BUSINESS INFO & ASSESSMENT",1996,ae61579af56bec5a6187947510f1f9e33f2a378a687aeda2eb6a06ec064d60cc656ceb3a90eef98905cef0fca8a213a6c587d083e37a5770b724ecc4a8a32f15
CROWN AGENCIES,100116.0,548.0,Ontario Hydro,TECHNICAL SUPERINTENDENT,1996,ca2ab0c69b2a72992a7904e77b5c83b301e5224de42a980c4c32e32c9434161949e0beff422474156f7951f111843ba1f1771c55828a67c7553496d802ebb4c4
CROWN AGENCIES,101211.0,511.0,Ontario Hydro,SHIFT MAINTENANCE SUPERVISOR-MULTI-FUNCT,1996,674f6bb7169cb23e53868dfdca95154885ad663659c6964bef47a20254705f2888aea793279a205c3d8e3682729492e0bd7dd95fc6a228d7f25578077be5ecaa
CROWN AGENCIES,110000.0,579.0,Ontario Hydro,"MANAGER, COMPUTING SERVICES",1996,fd4e3517839de3e80db1b8f371c779d2d8245ce5ac3c1837d64b5fe4d4930887ffc27cd358c59d25fe697564603bcbcebe2dfe643fec14a90eba49584be3eabf
CROWN AGENCIES,110069.0,573.0,Ontario Hydro,"MANAGER, CUSTOMER SERVICE PLANNING",1996,8cf45ba2c7c197b4f87a41b7778d11672fe830170776b806c8cbd9efcc4df301afc7c02ad31b8a69f727783ff9c201740e170d9d8042a6db1927279a6d5d1e98
CROWN AGENCIES,105038.0,2302.0,Ontario Hydro,"MANAGER, MISSISSAUGA DISTRICT",1996,0101d83727743499f14eb5aecde005b2c79d38a8bbbfe2d47241d04287d2bcbb5fa97cf9ba8bd50d0c008eb15690b2fba87c490dfe66b5e0bb0352bab0ed4d8d
CROWN AGENCIES,109383.0,616.0,Ontario Hydro,"SENIOR ADVISOR, HUMAN RESOURCES PLNG",1996,5db6573233b241d560f53254ba172d09b48b30c2293ec9a0f9a60477fa6b4fef3d03302c694bb2f311a69ea4f22e8b1462799f02e384deccad278662ccfd0a47
CROWN AGENCIES,119390.0,525.0,Ontario Hydro,SHIFT OPERATING SUPERVISOR (AUTHORIZED),1996,c3426f00a04337b588d8171630273a3eb246ba10247f68f3579ef53787aea9a7aabb08da07cceb802a038727c58e77f82c174de4293019ea510f14f376d94cd8
CROWN AGENCIES,100770.0,558.0,Ontario Hydro,SENIOR TECHNICAL SPECIALIST,1996,9a8851827fd721cb78034cec0ee47ff49e3a1be15ef4956ebd33f3947cdc4adb29406f21c249914feb318588b259fe067cc14bd5f12fec2d23f12e3695449870
CROWN AGENCIES,105448.0,579.0,Ontario Hydro,"MANAGER, CORPORATE ACCOUNTING",1996,740ae9189137106b07750c36b356130d5bf8c57ed926dff9fdbf70707d84837a938c584062bee597b3680159f3a8c7f9b45d77cf8a1e3cbd960f5b7657e910df
CROWN AGENCIES,104327.0,573.0,Ontario Hydro,HUMAN RESOURCES MANAGER,1996,6b48a576c686a9ae756076bd5e25f8a6b1e3594df3c36fd6dca4694fb50ae40bfd70575377231aceb71c5db155442a27a8bb3cdfb13e622a244dfcd79f3c6e0a
CROWN AGENCIES,172382.0,438.0,Ontario Hydro,PLANNING ENGINEER/OFFICER - CUSTOMER DEL,1996,398a92008f6a814f58f33448ff75457d4cc56ada5e8ad10248254a9bb3798c3af024f776e6f997dcf11ecf75e7658c776d747877d8ce86e85fb8858dd7696334
CROWN AGENCIES,102436.0,583.0,Ontario Hydro,TRAINING SUPERINTENDENT,1996,cf4d9c6b402ad15d998d7d0c21e43192d43f520f4a65d8bb4223f14df82c539c3a71835ac365a9164905e5e6e2c731df60b2aa74b3e2e1f373944c68974507f7
CROWN AGENCIES,105347.0,561.0,Ontario Hydro,"MANAGER, HAMILTON NIAGARA DISTRICT",1996,07b5ce33e93021b4b0cebaffa30e054c21a257c89ee39aee874ac117023b4081f17180ee1e666d50608b6e944cee02109862900c1a877b7e437d1857c954c0bd
CROWN AGENCIES,103850.0,416.0,Ontario Hydro,AUTHORIZED NUCLEAR OPERATOR,1996,baac4101c61b390dc52c287da9f8e5514dd186b17785129ab5791e4aaba4780588d4c081d6a007cbe3884b46138980105117b223cbc37d3dec01f84ea6c2b7eb
CROWN AGENCIES,112519.0,536.0,Ontario Hydro,SHIFT OPERATING SUPERVISOR (AUTHORIZED),1996,baac4101c61b390dc52c287da9f8e5514dd186b17785129ab5791e4aaba4780588d4c081d6a007cbe3884b46138980105117b223cbc37d3dec01f84ea6c2b7eb
CROWN AGENCIES,136763.0,712.0,Ontario Hydro,"SERVICE MGR, INFORMATION TECHNOLOGY SRVC",1996,53ed98a58b7734a0712badee392549f87c35a4b062dc8673662ef30cdd57d9215c2d274f2d6bd4bd0777b8373f435986752ca27c1186537e4d2391724aa4d623
CROWN AGENCIES,101097.0,558.0,Ontario Hydro,PUBLIC AFFAIRS ADVISOR,1996,e39023e82a107313e5f539cf8469fa701b0f9fd6cb94d84dacbd77b5aeefffa7f955134b4bb89d26566189f399adb247229e8f5d0da85ddc298066560e247e6e
CROWN AGENCIES,107027.0,503.0,Ontario Hydro,SHIFT MAINTENANCE SUPERVISOR-MULTI-FUNCT,1996,22f696a6eeff73d0a74d6e9d9df0baa8d0fcee3314b129bb4f8e4377c17272d32bb5511b386f6e242b2f97b3536ca6271e3903cdb01b8a73be9b378021b4aa97
CROWN AGENCIES,109409.0,470.0,Ontario Hydro,SHIFT MTCE SUPRV (CONTROL OR MECHANICAL),1996,e9d9cd4a04dd6b8e5974549457a8120a05d45a6777e7a50082673d2767fc98b88345d776946c0585e876d02bd83bd4baeebfa464242f2bff3b806ef2c48b5cac
CROWN AGENCIES,100626.0,532.0,Ontario Hydro,SHIFT SUPERVISOR,1996,9b63b3ba46f5b2cd0792156ba2dc0b700ecd3893a59508cc6e32c2f6232ea8e8cd57fccaf7c15883281191e97132f093dd5b56ac2e00e52c8491367e71295cf3
CROWN AGENCIES,108079.0,2250.0,Ontario Hydro,"MANAGER, SPECIAL PROJECTS",1996,3f9db3763bcd2c0b4ea3460f7b5dcd150b5d129d6dacf9baef2a0be6953a96a189efedd607bfc61ac25dfcc8af882142ea1c02e1fb5d5baa560bf8b6215766ed
CROWN AGENCIES,103421.0,568.0,Ontario Hydro,SHIFT SUPERINTENDENT,1996,5dd0b561dc0cdfc9e7d9ccb1fbab67164605989ee0203408f7c0230fc71f7060adea7b4a83717eb95b4eb6420a199c88bb2b928b3dd863c28503e3f33de3a450
CROWN AGENCIES,101552.0,1957.0,Ontario Hydro,"PLANT MANAGER, NORTHWEST",1996,77c3e6280eff2146f6f3bc8c6a0f2bd4876a4ef8df1b25b15de410c7b1a1407df343a6898d06f868f8729206f153a002f1562d6f3ece925f5d00a2b032660f13
CROWN AGENCIES,144600.0,811.0,Ontario Hydro,"EXECUTIVE DIRECTOR, PENSION FUND",1996,0b6de6750d5856e0a2eabf6d20a8224e0ab98bfbc8bf0aa3ff13a35064a0fd7eff50e389f897f8e5e78de76d8aedaa844f7b0e5e014250320bf7ebf9f963bd8b
CROWN AGENCIES,118589.0,5450.0,Ontario Hydro,PROJECT MANAGER SUPERVISORY DEVELOPMENT,1996,01c35f4ea85ac3d7fa6039ad56b5977e0299d29678ab2702166e9f074a67926c2c00874f59d2900cb009495965629a3528121aa30f1f23fe57f596458d4c0283
CROWN AGENCIES,125951.0,667.0,Ontario Hydro,"DIRECTOR, HYDROELECTRIC BUSINESS DVLPMN",1996,5d68099ae3449ad51a55bd623c3c4164b323dc9672951f323969637077885b83acda97ed5b15e64529e89a8e21d1dece0253ecf40b3472dbfe1f973deb2b8836
CROWN AGENCIES,102701.0,561.0,Ontario Hydro,SENIOR CONTROL SUPERVISOR,1996,4eee97e393843714f2ea2e73e69492293d6973b41ab0a87689acdf96a112eb2017bb0efc8dfe5a8995bb207a088edc5100b04366f8b7f61619df5bb921ccdb52
CROWN AGENCIES,116781.0,614.0,Ontario Hydro,"MANAGER, STRATEGIC MARKET PLANNING",1996,cd3cce0fbb44a335fc9624575b31aef89c92853e70a1aae565763117b8e6311dfeb71d07a7f2eb69ef059f612701de10a9f5c103fd7c24fa9de0c2a750e95e28
CROWN AGENCIES,103249.0,505.0,Ontario Hydro,SHIFT MTCE SUPRV (CONTROL OR MECHANICAL),1996,d575842201ce12c3dfd2979838eae141587331575f19e9347c1f901669ce11666ac69dd86c47651a4bf8f29b1f5d07da53fda5f7c3b11ab7a9f7d147b7f47177
CROWN AGENCIES,122665.0,516.0,Ontario Hydro,SHIFT OPERATING SUPERVISOR (AUTHORIZED),1996,db259d8d43d2c6eeb555e4d55c3f007b135efab1eddbd32bc627ce3256b81bc13f68fcae189860af5f6260165284d8d2c57312ac565c1cfff0e3c4206cbd04bb
CROWN AGENCIES,110937.0,487.0,Ontario Hydro,DESIGN ENGINEER - SPECIALIST,1996,2696c87d6cd3d441f5f3fd896dba02c601c9695b7ef247c9878d73be79332025c51b81b19e15d94f0d21d738b922a624b223ecac3e91e50a7ad90fe1ca23e829
CROWN AGENCIES,105903.0,557.0,Ontario Hydro,SHIFT SUPERINTENDENT,1996,37a90fe8f8b32a4b92c5fa5f06dad54a11ad16484ba2d9771d3a823302aa4259089e826580d6727875a6c974e10fc987c9760c2993d27b284e58c1046ac9da16
CROWN AGENCIES,120873.0,4344.0,Ontario Hydro,"MANAGER, CENTRAL/WESTERN PROJECTS",1996,900a8c8a499140ddb4f1a303536a4da1cace7a4922be8155300ccaf0dadb1ac9efcc3844de8fe3c7b823c6a4ad9400d4f7970372aa8b030479783ec79f9f806c
CROWN AGENCIES,159750.0,35215.0,Ontario Hydro,"VP, HUMAN RESOURCES, CORP BUSINESS GRP",1996,5ccdd8709b359c0019d3dee4cb0a7fd1a3500be33e4becb84f5c2d322ac7079cf49da78f4a98f64517c938d0d23efdff9fa261bb751849175cf99c51de053fbf
CROWN AGENCIES,106541.0,585.0,Ontario Hydro,"MANAGER, FUEL HANDLING",1996,e08957292433b5ab86ec8226900c2000fffe900d53e7025f4b1f9ba8eb1ee4674d0c9fa0f816ee750cc021cafcc6b586a8ff1810b93a2fc8ca8c764b5304571e
CROWN AGENCIES,101244.0,548.0,Ontario Hydro,"MANAGER, INTEGRATION & PLANNING GROUP",1996,78800e76ce396f2fb00fce61b301dce73efa666282fbbbc23c43e6b0822026f549d56b74a93521f87fd337fb38738d2e43642c4401e1a3a74a761e4e51ecd01a
CROWN AGENCIES,110660.0,592.0,Ontario Hydro,"DIRECTOR, BUSINESS PROCESS INNOV & PLNG",1996,7ef90601e6c1a078cab691c953ebd3d57f5d7da2d0c501f81d26a5ffc3a9cae466979f5114d20f65c46d199d9aa114064aef66f1f9c831918a57625fe26283c3
CROWN AGENCIES,102944.0,567.0,Ontario Hydro,"MGR, BUSINESS SERVICES",1996,0d5f58dfd1dce89554c14bd3b0e44173ba775efc308893972d6def1377605c23ea23fdcdb955a5f5e329edf4d59053e62ce52fec5a2bd60422cd51776553f9aa
CROWN AGENCIES,103760.0,585.0,Ontario Hydro,"DIRECTOR, EXTERNAL RELATIONS",1996,6e07bb2c1a50f9f91c41bbfed7a9337c794728ca30d347d1d84e5686f7d663ca0b7e05147aa50005fe3307b5e6ed381c8e16cb1a6fa07463c2b604d68031b9a7
CROWN AGENCIES,110344.0,608.0,Ontario Hydro,SHIFT SUPERINTENDENT,1996,cae2915d14d2196efac66d5bccc25536d948bb78e09ecdb3457d5c4cf9ca9e4f52874edc3ee27c26de6d830839228c204cc83053e2d51188c3925c7f5935fd77
CROWN AGENCIES,133713.0,559.0,Ontario Hydro,SINGLE UNIT SHIFT SUPERVISOR,1996,97512a406f66f7f01c787b8c37234a9b7bd51498fd70e4cb2ccc5a35264a21dca164325fe61cf1ec3bea3c87486d80e144d523dedc326f5de5cebef37ea77376
CROWN AGENCIES,106309.0,479.0,Ontario Hydro,SHIFT MAINTENANCE SUPERVISOR-MULTI-FUNCT,1996,1c191124f6a331f89890457f95015efdaa086356583c9313b01767660de89ce942180b04b754aeec7bc5295e4ba492c882b2b2e0f60456b0ac9b1bda81d8a059
CROWN AGENCIES,103515.0,558.0,Ontario Hydro,"MANAGER, BUSINESS DEVELOPMENT",1996,18cc4746214768fe676cb6453a2fd202db6baba3d4dc21f3b77e7bd8e98a66d0f4969e39ae15c0f10ead41e45fe48c5d0f6e7cf672a011e10d67323e724620a2
CROWN AGENCIES,104672.0,601.0,Ontario Hydro,SHIFT SUPERINTENDENT,1996,311ac9fb2d50c7940b5f70a0f85cd967b3e7716fa366c5fa0d8f2012ec10e3246fa7417b069ae0ce2d6c97f95cb1431298855ac646df087a555e43d46a523ca6
CROWN AGENCIES,103353.0,567.0,Ontario Hydro,"MGR, BUSINESS SERVICES",1996,4d090459497cae631b2d3489dc1b492f9d3e9c75602b4ee54b1d1f7b9198c283803414ae4a77bcd4e6a70b17e72e3216662a2627d5194790b844388170a8ca62
CROWN AGENCIES,111269.51,7840.74,Ontario Lottery Corporation,"V.P. Finance, Adm. & System Tech.",1996,08fbf65915a7979a69bea10e67fce5344542c661236dcf50bada1d1a367a0e64604f989cfba6dd7ce17c0353c8157f38ca72cc3560b7b6c8a47e63ba4d5f3bc6
CROWN AGENCIES,100952.45,8663.09,Ontario Lottery Corporation,V.P. Sales & Marketing,1996,5acb077659dbf4621555f42a47a12c185f983175b448604d07efd1002e89ad948bbad87695c90a45e3bec6bab9d54f96557f75ad009ceef0813c967fffd94487
CROWN AGENCIES,129487.8,1263.68,Ontario Lottery Corporation,V.P. Sales & Distributing,1996,3b407d67e6ca7912bd19f89bda1c29fbb8642ed35f500c8cef4b9c0b73fa771d682e8f5c46cadbf30ac55ff3f57c2df00429a915e47db56727960d4817da8e57
CROWN AGENCIES,133966.47,14098.35,Ontario Lottery Corporation,President,1996,dd423c2098e0b0160d7ff83648f7ad1d12856ec6cd0d0c197d70d224ea7992fdada1d1e727c0948c368255f6c784db7176bdae259b0435368d3405a13c51b8b6
CROWN AGENCIES,119013.18,8721.36,Ontario Lottery Corporation,V.P. New Business & Technology,1996,161f85aea953acdea758483f0d0df358c96ea33d35d1d8931dbbd74c60628d8779f9ee09387bdc95211824856c7b12ccb369abb2ec78ceffccb411841f294daf
CROWN AGENCIES,104977.67,7370.56,Ontario Lottery Corporation,Project Manager,1996,76a5f0f21101c8709047961a90130c31bfa38449692097984cbab856d181b168c1f1f833230a14eab11ca04b282ddb19eb797ca4376db94969bf891bf7d76026
CROWN AGENCIES,101148.85,6752.81,Ontario Lottery Corporation,V.P. Corporate Communications,1996,331ff75d435568e0deb0595631aad31ceaf364da9cc49256d694cf658e86dbc8fbda6db8fefb06ae12491ff75bbaeb5cc9b31b9d5873738d5d14d02291223a6a
OTHER PUBLIC SECTOR EMPLOYERS,106776.0,8049.0,Ontario March of Dimes,Executive Director,1996,794795903a062c524880f276addf64a9bf109116342a139b51623eb68111c81d1d4db5056abc56f89f34fd41f9c9aa3025b5d3cb3a2671c0a949512f9fc8156b
CROWN AGENCIES,105911.0,1126.0,Ontario Northland,V.P. Finance & Administration,1996,5e81da13cdb0ecc1fb311c761106bb1d36a05878789fe7f12135ea832b6605159b537c5fdc273fa490cc6d60f1e88355da219b0dc26404609d17db83d2d0a961
CROWN AGENCIES,108758.0,1199.0,Ontario Northland,V.P. Telecommunications,1996,461b824c9e861fc78efdcd881c0ccbc45aae45e84f8bdd049802fddb3413a9bc7aad2000612c95ac93c211d18efa7b9a5630731345184a5e0ce285cf81de099d
CROWN AGENCIES,105412.0,943.0,Ontario Northland,V.P. Rail Services,1996,23e35e090c902c6b9ea08d8032ac0af8931782c825e3c5e13fac3dc21a0b3b37f0ed5ea5a06af8c2b0341df8b082d206717f0717364ecafe7e6cf147ee3e1f8a
CROWN AGENCIES,139205.0,8423.0,Ontario Northland,President and C.E.O.,1996,33aae5e4fc99707e822e1b57f9a7b43a39346e9ec3485573b2401d7db77f1a062451ebded4e64ac1e75ab1ebcbe07db395a84b5839155d00a84657c1450b1551
CROWN AGENCIES,101196.99,291.84,Ontario Realty Corporation,Vice President GTA,1996,05ec2ae6f982541a6b449dc5697ef036ecfacdbb125589c7fc7d11f8ba2ac1b07b5b30d4b97eee42f68236655be377c8e28829c42c31412fba71ed5e879b35cf
CROWN AGENCIES,103402.37,298.2,Ontario Realty Corporation,Executive VP Property Development,1996,98dfc0b309a0a957b60063fd5c7d5b25ec8285e3bba61e163461467bfe291aaa4276e2866b72318411709f39a94f93014101dccfa80342698ac0d8ae5ed9bb5f
CROWN AGENCIES,108000.0,6809.0,Ontario Trillium Foundation,Executive Director,1996,b51dbb816f5ffc016788a5f17adcf972160e01cc7bb13baa13e8e0561a99f8ce49d1c08131e8bfa7ca8e3ac0e4ace6f3adad5ad8ffa59d61cc74a737095a8acf
ONTARIO PUBLIC SERVICE,110682.01,319.2,Ontario Women's Directorate,"Adm., Ontario Women's Directorate",1996,223a9b8914b2e8a494444393cf066d2548c7cb1c7f3ca67a1a580bc68b2e52437fb1f2dd52838b9959f0aa1ecfc3ac8bb2b2674052193f64360b6cfdf1bb87f5
HOSPITALS,104483.58,431.28,Orillia Soldiers Memorial Hospital,Chief Executive Officer,1996,e1b331a876b17f3398ed960517639781c673fb4a5edc7935a3ab008cb6dfc2ee484744526ca6411455d990f171e7ed2e537fc483d336e34c37cc2dd9a316635e
CROWN AGENCIES,112200.0,866.0,ORTECH Corporation,General Manager,1996,c8ccfe9355ed25fb20dd7f9afcbeb4fec70d4800d2e4f0b87de1c06f32333b51f5f0705caebc65e83d6349b88bb07d686f8f53352b75ced08abd922037ac6696
CROWN AGENCIES,148324.0,21142.0,ORTECH Corporation,Area Manager,1996,a0f7c4f6276e251f31644b739425b39722e500f3454db7c6453646a997f4f7c7b178e0bf34442dbe68a2f0604716aeba534ea7f27d3efe77e3e2d9661da08efa
CROWN AGENCIES,107835.0,832.0,ORTECH Corporation,General Manager,1996,7b5e5e6ea5ce37cc846159221f860a8b1f9a1a7f2982b98516a2a8767cb34ba5c1044489e28e776d29b953f29f0f7f0d0befd07048f55e569539ab0fec1e94bd
CROWN AGENCIES,111232.0,8869.0,ORTECH Corporation,"Vice President, Technology & Quality",1996,cae23ac2bcef51ae0f31eccd8d5de6021ea0c9357c4280dad458c5aa97b022846bd8f57e118def328a50cf821cb70356d197046e4d8e15ad52ae06c4a7d9b7d0
CROWN AGENCIES,140871.0,9842.0,ORTECH Corporation,Senior Vice President Secretary Treasurer,1996,7bb0cb1a59aba7649815e3b4bd12ab361561e35565af04079a6728b97de19d6c9ee5783bd68b6e6b5a1fde98123235d2c661a34be1cc4a024bad09bd0de84873
CROWN AGENCIES,166808.0,10130.0,ORTECH Corporation,President,1996,9b82e19447a9757080514c36234c96512caef2861dfad84036e23c0969cfcd0f99c3d37f39d0f7a4d4dfd1f8a842e239b489cdcaeab9e7346f23798f4f484bd3
HOSPITALS,126403.0,5766.0,Orthopaedic & Arthritic Hospital,President & CEO,1996,cb1287c9dbaa79c112982a28e2338004627c7c450684e06ba07e9ce6fe5d59617606b6c3603a497b2290591ecd57227bcea72d9468b1d2206f26af76d4554554
HOSPITALS,110800.0,9723.75,Oshawa General Hospital,"Vice President, Patient Care Services",1996,32fba2767527766c37a12a313f4b9e1367c45c8f5f7603441316d9e4e6457cb5ce961499404d240acfd1c0b63ec706d96c35730412bca7d6785669a7544ae478
HOSPITALS,146300.0,17975.21,Oshawa General Hospital,President,1996,a366c0e49fd5c53146845b8ab88e6e0fcc87b9b8e6d1e2b674d95fd608eb9b4df956205dbc3557bac85b01b0ad88ee97f2eb010034636ce2e16598c02d8ef483
SCHOOL BOARDS,116376.95,86.88,Ottawa Board of Education,Director of Education,1996,83d588987a80cb86d63e31a8314c7fcac88b7bcbe162016ee7d73a78ee442a990e5cacd69e55e6fd18d90320e63bb3aa819454c491daa9f94069d6379285ca03
SCHOOL BOARDS,116133.73,86.88,Ottawa Board of Education,Asst Director of Education,1996,d8a3e8817899c10c506d722d589a6865c622410caad99edd9f34660911e3b9850fa0ab2169d66301b65ab5b80b040f0d596a4644a5896471f44a23d0f3457469
SCHOOL BOARDS,106363.69,86.88,Ottawa Board of Education,Superintendent of Education,1996,e96d293a7de8708a91ce30d7a08cae865fb88ce6efe42624f5341f4dc7fe399cb19dc4281817b4b8c5463eddbb96bed1bf96e5188de447316e0f3745c34107e0
HOSPITALS,114875.0,658.0,Ottawa Civic Hospital,Laboratory Physician,1996,fb3d1725fd6be4427f9021659e1bb7210b13501904c77b4d06b47f7dea98eaff275351e01fab3b08c21a12a65f683a7edfb0df9af1a4e44154ac268f50f6c5df
HOSPITALS,216002.0,6630.0,Ottawa Civic Hospital,"Snr VP, Research & Clinical Adm.",1996,33f7edc0bf0ec56e82f1d53563c54f0aed73276c8ead35d50460b8f2c4ee2ae5740a3772cd90e278744cecd7eb41e19861d2590c8c8543936dd655b60fd53f41
HOSPITALS,108557.0,622.0,Ottawa Civic Hospital,Laboratory Physician,1996,95ff4dda2ae422b8edbb940ba892de79c33aa4fc63d5cb5ca20ce6bffc263c551e9edd3528b39235e0e3447646d30dda92c9224616b09e1714aa75dbff1ae70e
HOSPITALS,240006.0,8809.0,Ottawa Civic Hospital,President,1996,15250fe6fed872fd632e90814e3e5e9d1a356a689e560b22daafba6f21e7e2aac55939a574ba00fc81652009e44dc838eedcba3268bf697535f1a40c37624a91
HOSPITALS,114875.0,658.0,Ottawa Civic Hospital,Laboratory Physician,1996,8b8caf83a976a58cf67677d43bbe5b1270f433011cab83d1cae64871153fd13e154a17b10dea5f915ff6cd3a443a804388bb304381f0293eeed0a768827d8895
HOSPITALS,137259.0,73.0,Ottawa Civic Hospital,"Chief, Medical Division",1996,cd264faf68e5b8236c6504290e62d3129cba17365c0ae32150c345b2601d4bceb8d1bf84130b039d731c161fe84e3ac35a8df60c37c34098d7d747411041d223
HOSPITALS,146465.0,840.0,Ottawa Civic Hospital,Laboratory Physician,1996,310938e52199beb810cbb75970d654ca878fcb5a63df80daa224fe2a9f29d53bce4b351cdc6e4d689c2008edff8254c1bbda53dc8c1a3d7047172ccd18d977cb
HOSPITALS,140428.0,10380.0,Ottawa Civic Hospital,"VP, Finance & Corporate Services",1996,561f4716910c9a863c5362b9c776230cc6ff438a8ba46b1a07dc466b10232559c631a902e548026683f7710f8dd8c9956ad7b4d329cf4ba7e8042ac119a0fed6
HOSPITALS,113621.0,3750.0,Ottawa Civic Hospital,"VP, Foundation & Corporate Services",1996,d3ca066b455b6fbea3c8b4b254d815039ce1eaa1d4acf2a04b3be506520a7672c40846419b6e0957f3737a133ed381501c89c660b5cfe7df974bcc4e894a9748
HOSPITALS,152510.0,875.0,Ottawa Civic Hospital,"Chief, Medical Division",1996,7a822ed8c6d98e2bb428c1689d9a0e93ba85286503783d8161d9b3a3819f19ae0e33910ef82fff3d498407a25b3fb74b4866c176eb46c6971df37abb0ff6491e
HOSPITALS,140147.0,804.0,Ottawa Civic Hospital,Laboratory Physician,1996,938247ae58ed0df538ae9d663a8512dece5410fec77b7b67f04da9180160a228c084a77f6dcf748d533b5d565826867f6c6ab1c03d3fcf81f5620ffa6c2199e2
HOSPITALS,107348.0,5037.0,Ottawa Civic Hospital,"VP, Human Resources",1996,50ec6fa0f61852baa703d392f32956d3adcde70b2a0d7b03efe25317ce56506b21febcfa0bb53de2b7d45808347357503409cf6cf260169e13b6fdbb77892947
HOSPITALS,140486.0,6947.0,Ottawa Civic Hospital,"VP, Patient Services",1996,2b395e583ef1ad7fbb0888999eb398797766020e9dec45bb7d9ca6455b2afafe419a2fb642ebaae79d507b0b581028e719e8e7498838448fabef7515f025ac19
HOSPITALS,152510.0,875.0,Ottawa Civic Hospital,"Chief, Medical Division",1996,09c81ba4ee32f62b1afb307c66bca25b7a8373b6af9e5b2946711ddc1b166c0246a17e5a095e6931dfa7ad33a7f3fc53d486ea92d34564f4e71d42770a4c2cb7
HOSPITALS,152510.0,875.0,Ottawa Civic Hospital,"Chief, Medical Division",1996,4f1c4f6b81fe550c907d969c724fd735c3322d5ed3d4ebceb9a9efdd4534aa49fbe937b4889dc663ac1986882d50476de93186d507f5c92e1166298300e642b1
HOSPITALS,200377.0,4022.0,Ottawa Civic Hospital,"VP, Medical Affairs",1996,2f32d369adeba022a994e5207f968858f5b4a9c8c01e133b8e51eb51224b6b4540e09dc83b4f4090ac4690596b9ed9f607bf089378dbeea3eac7995edc0f52a1
HOSPITALS,145896.4,18746.43,Ottawa General Hospital,Pathologist,1996,e98cc51c3b73ecab31f1628fa5e3b1277674b1ecedc8f53160450d431191dc5c81365669b01871dcfc15fc25d58535ac21fcce1aca288ad394e71e54ec58e8fa
HOSPITALS,117313.9,10479.28,Ottawa General Hospital,V.P. Finance,1996,a7d0f5135c9ee289dab2964376eb723ab8ebc359228459d0e62f8f3db42c81382840f532cddd03e814e761b9fdda1eb7f275fa923c591014e204aad01ea719d1
HOSPITALS,110913.48,10401.16,Ottawa General Hospital,"V.P., Human Resources",1996,aec61de662bfe0ce437dbeec5fb4daefc341d77cf5c3c5f10118b3e4ea51bec0d3ac4f44172216c830da70f24ba4184c937e38fd1d1a6c64c2c193cb3bdfdd81
HOSPITALS,117313.38,10066.0,Ottawa General Hospital,"V.P., Nursing Services",1996,40ca545b70ce08e81986527db793983c55bf83ceb15787497285e06e710494a809dc16532abd1cc4c06432f41bb00fa94ff0534b4e4e02fe26252990f60e7489
HOSPITALS,145896.4,3098.35,Ottawa General Hospital,Pathologist,1996,1997859ae6dcc9369d18449ad826040755d26fc656c98c97aca712da66288eeb41a32886ada0ea76f03f6309ea086e05decc6aedecb66068ed225d79798ead62
HOSPITALS,140563.6,17355.63,Ottawa General Hospital,Pathologist,1996,bf64d0f41022ed1107d982dbb1e296821a2aadbee54b714cba50176e1631a95eee2e9d376ca7619b281e9f39a9e4d5db413449c8f3c6e5795c0fed31ab067c67
HOSPITALS,145896.4,18097.23,Ottawa General Hospital,Pathologist,1996,383331d94bca28089344188632c9057f6fd1ff434971bd20602d653d5f58f8dd9e0e2490f872394e7f52263f3f68453fe2685febfa449e9d99a5dacc78e5e53e
HOSPITALS,145896.4,570.88,Ottawa General Hospital,Pathologist,1996,bc03f881885cce2a28d3db71b4513132a084298a5f3bb0f1db89a89f51f6f693c90c12951834ddcc74ab7a479680c2f57e972c958d8d300ed3b84c1210515b13
HOSPITALS,232668.84,12461.16,Ottawa General Hospital,President,1996,aaf9b481f2a7ab28adbf42aeea4b2b15a680bcd0c16accd0e419bc4b65556c3c48a163f6a0a60f641d1cd597910322bdf8be3cf3c671fc831dfc42f3c8aa0ee2
HOSPITALS,145896.4,8070.88,Ottawa General Hospital,Pathologist,1996,1b92611731ae7b67ed157fc0297666e96e91e4869ed383fa02574876ee79036a7488cfdd0ec9184ce63e7b60637f7bcb2fcc59b7104035c0b2fc443777d3d32f
HOSPITALS,145896.4,10876.61,Ottawa General Hospital,Pathologist,1996,720292cb00b7b6972919cfbc4a82a20db5b8938066fda9d68f203ee2f97e4e9b1ac441753619ec05f4c24e38c501929d6551e8479c65c7b1a11004778c0fc591
HOSPITALS,110913.48,10401.16,Ottawa General Hospital,"V.P., Services & Material Management",1996,8795f577fb44887759fbc37604915c2ad53600e4a726fdfa573c4355807e6c98bfd48ad43970b13261869cfd5b59dec43b0f00d995ac036ad874b3aee50a84f7
HOSPITALS,127939.92,16285.0,Ottawa General Hospital,Pathologist,1996,74b785d678088eeae4af625e5c056f1e9358dd503c0bdf08cf066fd8a4f4beb7bb1848da87e90471452638046f869bdd051a9186b389aeb48e0ecc0693f0b046
HOSPITALS,111679.7,10066.0,Ottawa General Hospital,V.P. Professional Services,1996,cdfefecbd9f5d4b5be0993b92c36f2e9daee0c78795068f4def8ba69d6efad54043f5600cd33c93a8cafb488cc320fb4f3c90a9c13b73bc450449650fa61f194
HOSPITALS,145896.4,23750.72,Ottawa General Hospital,Pathologist,1996,7bc4233f98643949629563ef589f14deaf581dfe2041c0de092e7c64d685224cb9e1f9c8d7f2ff0ae370b9d55aae38bbd25f7ddfeb9dfbab7342062397b1d8ba
SCHOOL BOARDS,120660.79,583.37,Ottawa Roman Catholic Separate School Board,Director of Education,1996,c64b1eab3b738d11c4ff3bece0e6aa305dfc20523dda01cdba102e343821ce5aa08d1bc85e497c14910f67e5fc68d2d8d475eac909ee1c2e1b2b3b9295c1d104
OTHER PUBLIC SECTOR EMPLOYERS,113698.47,995.03,Ottawa-Carleton Regional Police Services,Superintendent,1996,19cc41a7b52bf05d8743ffa8330350ab5c4cedc3f58dfcc108ffac2250054e8e12e1136469d6bab9cd2f8f274bb4a901a842af5d7881c68d1e35dbe9f50b1480
OTHER PUBLIC SECTOR EMPLOYERS,131787.56,594.01,Ottawa-Carleton Regional Police Services,Chief,1996,4cd05f8087e456b5f1e07a828316952b91ede3bcbd71d548b181b957a8c4babce6989bfb0abdc3b9904da62bf612f4ac7e697aa6dea293a62facb434dd2e8ac1
OTHER PUBLIC SECTOR EMPLOYERS,117226.79,555.94,Ottawa-Carleton Regional Police Services,"Deputy Chief, Operations",1996,53c8a4b524ceeacdbf96cb8fbabfac0c5ee218652d9b63a7d566bd114a06c7d145ab9bc4894bed6352bd7d1d17aa0a5d6730bc7ee1b49e54ce82cf5137b6376f
OTHER PUBLIC SECTOR EMPLOYERS,114544.54,564.69,Ottawa-Carleton Regional Police Services,"Deputy Chief, Operations Support",1996,84598f9d95f9d9b972ab6fb472e0aa35f2350a8643d5aed76244479569f4f04cfe811d1bc8732ccc5bbe33052974fb613b7e8ec2dea4dcf6f84bcc13c0b8d07f
OTHER PUBLIC SECTOR EMPLOYERS,110441.18,974.58,Ottawa-Carleton Regional Police Services,Legal Advisor,1996,c444f0b1989038cc5ee66c32f884ea716ccce53632dd9441ee0dc728d764705879b721194b943ddc7157d9f6e9a69da9959c31e6f3a978a3b92f68c429b6b116
OTHER PUBLIC SECTOR EMPLOYERS,101123.0,3157.0,Ottawa-Carleton Regional Transit Commission,Treasurer & Controller,1996,d8fd827d1464a4cdbd315367a5608bd8e1071952d6b22861f31ea05edae526eea1f98501db1bdadece1c70232f8d0249f8916725f0f015523533a5218152bb8c
OTHER PUBLIC SECTOR EMPLOYERS,101123.0,3157.0,Ottawa-Carleton Regional Transit Commission,"Manager, Equipment Div.",1996,826dc14bf24e2a8d656e931c2df9b67a17551e9687a63f7393df9b8e1b146b3ccf332fd8859c8c71a921c1d54ebaa2ac1b8f7f7b6249cfb5e588489bb994b50e
OTHER PUBLIC SECTOR EMPLOYERS,123368.0,3493.0,Ottawa-Carleton Regional Transit Commission,General Manager,1996,2f2ddb8088c035907570109b250d003fcb0842bc7aa317d99e69a100d001e360d6ca6001cb9177132c2b935e04fd6d1e3d3ce8e269541e6b65dd763df92b99a5
OTHER PUBLIC SECTOR EMPLOYERS,103921.0,3079.0,Ottawa-Carleton Regional Transit Commission,"Manager, Transportation Operations",1996,18c91dbf51082857963e6f1bd66c4a6cd0f291db765c5d84613bcf8b0a7a9199a94fbf74a0460f0e4182499de8e21bbee7cf0863f7524315854442934d54fbb8
SCHOOL BOARDS,102548.31,376.24,Oxford County Board of Education,Director of Education,1996,a8f5cb0a2b41e2c86501c0d7cc0470c1da49d44ec1bbd514104e999a44f0b5d39e4c79825c464942a04ca1c759c3db1cfb02dbcbc90b79c1327f17719b5d31e9
SCHOOL BOARDS,108657.0,872.0,Oxford County R.C.S.S. Board,Director of Education,1996,20dafcc3b8c5ff90631b943754e12f72538efc516218edb826dda978d37e88ebbbdc4a4ef342571030fe1676ae8308414c346f550b26ca05bc520e5e10c0b8a0
OTHER PUBLIC SECTOR EMPLOYERS,102599.0,3713.0,Parkdale Community Health Centre,Physician,1996,b1c1b329d143d07f63aa19d39689159148ad10ac64db8330088dfbe20186e1ff428e4a4471832233d09c645dde121d8ce396144132dd54ff91bd3b79d63eeeee
OTHER PUBLIC SECTOR EMPLOYERS,123119.0,3663.0,Parkdale Community Health Centre,Physician,1996,8ef30be826a39d84bbf1ffdd5fcd3829b9a36f116a7d5cf05eb7ccce469362c2ea376cb8a0b98820d2b28f8c15ee4cac9d4aa1b478a3a98a0fccde819b922e31
SCHOOL BOARDS,105517.0,367.0,Peel Board of Education,Superintendent,1996,fee0e08fe7f677afb60b6be37aa67d837dc1e2360aaad09c5345df06fb6c4baed6430e781f99c7449f3500d8254aa8fce76fa3304cef81ffc5205ba3be536635
SCHOOL BOARDS,107295.0,374.0,Peel Board of Education,Superintendent,1996,b7809bb70cc6fa4864ad286de4fa41ca1a4867fb32b2df360850e4d977401c079438abb059f34fcbc05db386ec6b2b55038fa524e0b26ceab85bb9970a2f1661
SCHOOL BOARDS,105517.0,367.0,Peel Board of Education,Superintendent,1996,1e16159afb1c1a50c9b6b2b9fdc4c46d3be51944b48aed6fb2350fe62e59387c08c4cd85ff78fb7febcf81fc5b90759d5c49864a7be61593d86db416b380ae27
SCHOOL BOARDS,110536.0,386.0,Peel Board of Education,Superintendent,1996,824b506dabd954b66f7673fbb60901239496a8e0bcbd9491ee7f0f52969a7b64bbc7bc4193abe5eef83ca7cf64182b0293b3a38a727b1d2dcd5175dd9db12771
SCHOOL BOARDS,147020.0,9485.0,Peel Board of Education,Director of Education,1996,5f0a041d333ccfbb17edc95e6dc019ee40850bc27abd49bf9a7b757bc6705a9a425b1a7e25ba5bf2f1e932e8334289341340dac2e4afaebd481d37587ec0855d
SCHOOL BOARDS,110530.0,386.0,Peel Board of Education,Superintendent,1996,ffa4147e7b901008aed1e3f4f1db191d7c89b9a44e4d7c95dd358c75ca2d691673942a1c9c40677ad6c3350eec4353670fc4dd31fa953bf51ddeaf02d16c3fd9
SCHOOL BOARDS,105517.0,367.0,Peel Board of Education,Superintendent,1996,5f264a098d4e26e1600150a946c7af68aa6060aa873c26be9ea0ded6ede377ed3d1e7a617677e406c284343da45017872eb32f83e81c2fd2f37a70b5841308f2
SCHOOL BOARDS,105517.0,367.0,Peel Board of Education,Superintendent,1996,0ab9042a1d4a0a09bfe6b94f25c5d22361cd878248a581406228e7ab5d034b92ff34b6bdf8f8baf506df95a9e9e3ed48dae3a2347bd0321fe24fab6a5ac320e9
SCHOOL BOARDS,105517.0,367.0,Peel Board of Education,Superintendent,1996,d790564f0a9cb46a6e221318fbb25e9df2c274c61006d7c3e90f9c220ba8a844c9a4d4ee1c032f60387f85aff1a50dcf273eaa10ccaba0d7422815e6614ebf50
SCHOOL BOARDS,110536.0,386.0,Peel Board of Education,Superintendent,1996,10e85cc56df95477d445b6b1ae027add95213cb68af6a07edc9882bc7fa64b87d3df93397a3dbe5beb98c5974e4ed6d44550055b2904edc8531d98a5bff6d2fe
SCHOOL BOARDS,105517.0,367.0,Peel Board of Education,Superintendent,1996,28775bed93b781046ebadfa12b8a5f24e13dea2394fa9e47784496279e08a9f54a7e425d1d6114e65decd01dbb7175435b53232cd3a6ce92847d3df4cbe61df2
SCHOOL BOARDS,105517.0,367.0,Peel Board of Education,Superintendent,1996,f8c2b425a2f42b429d9d517622fc14b6b3fbe779976dff2bf3baaecc03253578ec5b100fd8d9beeb7b515f6004365c91ae1bd0f38d250b85657456d3025e8261
SCHOOL BOARDS,105517.0,367.0,Peel Board of Education,Superintendent,1996,c226447aa39345ca7d1497be570b0401b1ab1936e976686e23421b2d58139c9ca481ea5c0e66b05d91076dc800437bc95df211f08e8bf18014dafe8627cf35a0
SCHOOL BOARDS,120269.0,419.0,Peel Board of Education,Associate Dir.-Educational Serv.,1996,e2b5c0930f87e580bd567194683d946f40bdc5667150a8e514b5a801f66f9343ea23497681482f370bd374f245d93f5ba1b574bfd015ad7f7f23c0ed821ef755
SCHOOL BOARDS,110536.0,386.0,Peel Board of Education,Superintendent,1996,cac287f4c78f5133bee5cd0c2b8e0e74a1c50e0f4002c75805d52599c5c22c4b6e632f9d63a0016925552dd64435b7c2af785d804eea75c02e8e4f25945d9c65
SCHOOL BOARDS,105517.0,367.0,Peel Board of Education,Superintendent,1996,732a14fb0422c140d5f5a967c83dd25b7a08b5207e15a6646f16ec4ea8eb121e4e0035b448276e9c5c570bb0621772f54471aea5a7f47dc48eea3216a6030397
SCHOOL BOARDS,105517.0,367.0,Peel Board of Education,Superintendent,1996,7314bc5c8348a83e85dc48241204c83a04aae014aa24fcd3d3e13d9104c084792171316b63173506dcc4c8f2ac6c158fc8bfa95e690d701a866084af5eae41eb
SCHOOL BOARDS,135001.0,454.0,Peel Board of Education,Associate Dir.-Corporate Serv.,1996,e6456087178e1208dec31e37379ed3d7c9588a445bb8ef4bc97ae3f124f65b659a65ee2a3e36b8d34dc4e8d9e4420976751dc00d7a24483ad5641d8984d1d30e
SCHOOL BOARDS,113536.0,386.0,Peel Board of Education,Superintendent,1996,341e2a5af777fb85e64a5ee8a8ff0d1018ca9c8384bc5f5394a1df4a718e61aa94ce584f5558bff1c9866e34bf9b828346809298ff790153156820cfc4e73614
OTHER PUBLIC SECTOR EMPLOYERS,106527.0,16619.0,Peel Children's Centre,Executive Director,1996,a64d03e8513c4b8d07a0022b528953fd61e271a1138396983bedcf4b9343253a5431f0256b2a7848000ddd869394b1941ca47d7bc029912229033c8d160b1554
HOSPITALS,176419.55,4849.8,Peel Memorial Hospital,President/CEO,1996,ab4022941cf3748ea6f60574544ad31cf7f1afe4305bcd83bf580e6f601a92311c3e52f5a24a20fcb04fa3b13ac503a4cd1984c9424e299f8431f1ded9b13dd3
HOSPITALS,116008.8,611.55,Peel Memorial Hospital,Pathologist,1996,ea2b33e41f37e248aa49899c816ea5d746bdce6c9b8ae89909215cc5d608285b74d3496e9a8aa5e3e5923c5254a9b15b471597c7ca060cbeadefdfd8c16bd29d
HOSPITALS,100678.65,582.8,Peel Memorial Hospital,Pathologist,1996,703a1b9fed0a863c1b71699b6c0d07fbc25efa408e89c3c44bd159acd935b5ae6cc94ac59691e14aab27ae2efab3a18ffa68591ffa1fb67f733d4242ad058cd1
HOSPITALS,169523.78,806.05,Peel Memorial Hospital,"Medical Dir., Laboratory",1996,b0740a8400e91e5a8e88bf73a727c5817495ced9f6c9684e4f72e80abb069bc6fdb4ee22696c970299bbf07c06b41fe42df3ee2d2b1185ddd1b723f00819bceb
HOSPITALS,246245.0,589.0,Pembroke Civic Hospital,Executive Director,1996,ba62846018ab2eff4a34309d2fe82e2779e29b9fe2e01ed0c67bca9a5ca5e90e4c366cd6a255f34e81e2856416864e260202c02f0edf32b74766d645d11e2fd8
HOSPITALS,105762.0,593.0,Pembroke Civic Hospital,Pathologist,1996,ab53c99793ce2250db76f5082482d33cd6128ba6fd89db6411cc8e144402115396f71ad9a04626d2dcd87de334be4481f95983ca5c4cff980980030e17ce9501
HOSPITALS,108832.96,667.0,Pembroke General Hospital,Executive Director,1996,f31ca8dff234d26a779fdb3da5efb116ae53291e10b7d7b2ac19b663bf1e717f9ea11923f58d38fd2cc3c063f0c4ca87933dcb75f72257cf70855e7e9729af93
HOSPITALS,130001.0,997.0,Perth and Smiths Falls District Hospital,Chief Executive Officer,1996,75b01d12b1757ee4be678d8122656ae9c3a1d789c782612ccb1a0aaf7e0dca7165550fb08a446fbb48fa21b71452a055e4ea67b784540c2935266163393651dd
SCHOOL BOARDS,108426.0,0.0,Perth County Board of Education,Sec dept head/teacher/cont ed,1996,a8dc0ffc83ab92696aea79ee12dbca1d1b90ac6450caeac44a178681451bde75ece91b519c3f900a4d5ec8b5f1433e8dbf8cd6ba389d3f5ab9c9f8c5382dc961
SCHOOL BOARDS,102037.0,67.0,Perth County Board of Education,Director of Education,1996,eb99c44f25ba2493bd20575e10c743f76aef02a8cbc5da807e3f6eaf21312db9435ec8a0c433f212274b641fa9cdec5890b846bc7e555ccc18265150cc66c328
OTHER PUBLIC SECTOR EMPLOYERS,125663.0,558.0,Perth District Health Unit,Medical Officer of Health,1996,a15e86d878abd7c8eb033f99fa6e826ccd5fca7df668efd1b2fd02d480a68eab60c52b812afe917a522f7f51df7bd8b246e3a216e763a153c8189c692c4b1e02
HOSPITALS,126519.5,782.44,Peterborough Civic Hospital,Executive Director,1996,323f93aa60206ed01a7c7143be43493a3d6d8871310bb856afd2b9d48fdc351eaf43dbcac2a1e0a4fedb96eb9a3281d8ff5c8a13194bd7bafc75ccb18b95084a
SCHOOL BOARDS,114869.0,14211.0,Peterborough County Board of Education,Dir. of Education & Secretary of the Board,1996,343e384a791c9abc7f7e0e33f16575316dcfa2b10f3d25a812f8c378f2b80cbccc40a9039a6ecbb6a263540fa122e386723a4bccea3fbba1455e253c80fd0f9e
SCHOOL BOARDS,101615.0,5440.0,Peterborough County Board of Education,Supt. of Business and Treasurer,1996,34413dd9c2cf4b44d02e698557af64b4043776030c333da34498cc0012e3bbdd7e84e61c150740cf9b66fc1ce684adf493482e10fd843f54cc63de49239d6f68
SCHOOL BOARDS,101615.0,6980.0,Peterborough County Board of Education,Superintendent of Education,1996,c39a1150292d850cfe274ee8e453e1437a89a6d9775ca25002a4d88489bc07878c3b52b389276848730031759e5e089d8dcb66bf767a974009049e2e092dbbce
SCHOOL BOARDS,101615.0,5480.0,Peterborough County Board of Education,Superintendent of Education,1996,50e1f599d8c70d07e2beaba0368b10309dd216537308478c86ed53d2b38d4f2f28523ee07791a85690cf4af9642419455deedca0711774bec5a2f1c326a17d31
OTHER PUBLIC SECTOR EMPLOYERS,135340.0,385.0,Peterborough County City Health Unit,Medical Officer of Health,1996,f03161a5e660a8122af5012d186e09fc6c38d1f7fadb228e54ea5fcbc7d8c64d78fdd04ae10397366f152881be9e22e4b8cb2341213a307dc8647dc1b529297f
SCHOOL BOARDS,111604.0,2046.63,Peterborough Victoria Northumberland & Clarington R.C.S.S.B.,Dir. of Education & Secretary Treasurer,1996,e6f2a5e5c105fa988f5f0ed5e87eb2a218bc107a73458742a05023ecb04511cb40040afb926cd211736356aa6973c8f1f8764b4a7a9ea488d9e31c34551306ea
SCHOOL BOARDS,103680.0,807.0,Prescott-Russell County Board of Education,Director of Education & Secretary,1996,57258469bae2efd55f56c4d61c68ea370d2ea373cb285e52c6c7adb27581f0daf5a78e6277769b633189757fed2e883d09d9e104e9375c9d64c3b5df29aca4c2
SCHOOL BOARDS,101838.0,258.0,Prince Edward County Board of Education,Director of Education,1996,9b7b868e864936795e2b6fae80f6bf1061e5e4ebd93cab92c1a7b45605ea988e50aa08c3287bd5fc65da9530a9a327077a13d82893e7349e712e6fe8218e46f9
HOSPITALS,166103.0,6102.0,Providence Centre,President & CEO,1996,69cff9f13fc32dc2537b70bdef98ccdc741587910de5b8d495d71d3ca2ca4dd140b98cf241c1cac4542e140cc21ba06a19dd5e6a57f1e62c2b3baccee5f0bcd6
HOSPITALS,156348.0,3546.0,Providence Centre,"Vice President, Med. Services",1996,ea8e1fb0cf5d712e12a21e66c0a890226ca665417b3d5de587077816fd3b922f3844fcd1b076871697e416328a597e97895498be1bdbf50985060d7fc5ebc5b3
OTHER PUBLIC SECTOR EMPLOYERS,130941.2,786.0,Providence Continuing Care Centre,Director Stroke Rehab,1996,f28f4d98b9bf9b8fcc7c06eb797127dbd4662ce3a93b5502c15af4361cd6260c14a6bfe227ce48a205d95f92d67edeb86b3d9577c5aa0e559922bd39f62b631f
OTHER PUBLIC SECTOR EMPLOYERS,103038.12,4155.49,Providence Continuing Care Centre,CEO & President,1996,24ab5805d05f4b95d132eff86217d19e4eeea1c02aeebd28851c9dc4c23171674d4a6ee29d4fa7afeb82c71c7e964aff60a10d0bfaf579ae461f1f25b5e9d048
OTHER PUBLIC SECTOR EMPLOYERS,134999.8,810.0,Providence Continuing Care Centre,Head of Rehab Medicine,1996,5661c54bca17191839abf95a8997c2e8c731dc7c967a7cd3c9b92061da81e29dd9dd5e850a3642c39438dbc7a3deae9a0bf6169ca286e9d83357bcb4927af421
UNIVERSITIES,100791.62,270.9,Queen's University at Kingston,"Professor, Electrical and Computer Engineering",1996,4f1ad46835e441131584b16e0f8e6364055dd6e89f9fddff6aae57c8d39f893cfe819a79ceb8d024187efd4728772b3f8d94b70bb58981902d09aa647ed514b0
UNIVERSITIES,104504.3,270.9,Queen's University at Kingston,"Professor, School of Business",1996,c7a568d2acd54ae8c37400f0ab5e0b6b028cd7097fa1ed47bea7310008fd3c87b0302c95edbbf667e1dfe0bcd64ed62efea9c96e084b29f0b128f4d90d9fe964
UNIVERSITIES,117698.96,270.9,Queen's University at Kingston,"Professor, Chemical Engineering",1996,84c55960082fdaa6f595bb11cfee3a29aca2aad2a4b48cebf8238a2a693b81ad215961777a8e405c100fe778257908adc7d075a609b9d283c5923810b3ca743c
UNIVERSITIES,110126.64,270.9,Queen's University at Kingston,"Professor, Political Studies and Director, School of Public Policy",1996,431cb66967ac11a42a37ad9e1af9c0fe531c3155a8ed5789d267163bd901703dc23029eb5b3ded0ce4db5d65c31a7eb1e46dbd95cf663fb20928ccbb19d410fc
UNIVERSITIES,131284.28,239.46,Queen's University at Kingston,"Professor and Dean, School of Nursing",1996,0a7e4f07fc7ea6f3a545716771a3b96cc70a89ca7a88b42c30323c8123a0152ee185a58380f85dba61d8adcd62f7fbb0dc3d69c03c44abb51297e0a677f371fd
UNIVERSITIES,106338.0,270.9,Queen's University at Kingston,"Professor, Chemical Engineering",1996,ae6ceb45ca71814237748540b6fcbf6957993feac2930f082ed33dca620b6f007944657f1b59e29139419cdeef0b7040def7c4fcecc0c83dbb1b9e94860d9aa9
UNIVERSITIES,112149.76,270.9,Queen's University at Kingston,"Professor, Electrical and Computer Engineering",1996,3b7a9f084acc3d2f5fe5c20dc4c3d93dc137a944f8ffc052b58564d671f083b569fddf4d4d6ca180d2486bee46c4cdf213c8061467911d962a86acd0cac99ddf
UNIVERSITIES,109164.64,270.9,Queen's University at Kingston,"Professor, Department of Physiology and Department Head",1996,9fe737e5310aa69d3d0de8d1230edc6f52c97ef09fa22fd43e490f0343903dc32f0a228ac276f11f988c4f02c6709315a43c88201d0dab1c17caaca76767df04
UNIVERSITIES,109614.96,270.9,Queen's University at Kingston,"Sir Edward Peacock Professor, Economics",1996,ab0c10fbe4c6fce357931f1ee4f4d6a3dacc868fb080e806ceba8208844ea4653a33ac311061300a6e9b156fcbc0658fce93cf7af384bd193e5fd0305007be07
UNIVERSITIES,105653.32,270.9,Queen's University at Kingston,"Professor, Chemistry and Department Head",1996,f218e9a186fb00b94b2918941c32b1be39cae94458cac8877bf22f4bf4998e2edc3f721ee4804ce403b5c4ccf5e67eac3772f6e8aef7f3b2902079a54695891f
UNIVERSITIES,164127.32,0.0,Queen's University at Kingston,Vice- Principal (Advancement),1996,2b044ab9301c569f932c7f9f1270428b5bec1cb2c095373199f2437e2a29ae404a8bd48416b2f58d3d518e5cb16aa01c7f08c8149ae72bf9465ec96ed8da5e34
UNIVERSITIES,120686.32,270.9,Queen's University at Kingston,"Professor and Dean, Faculty of Law",1996,129948420205d130d51dfe4e27426835703c2c6b9868b31d063e88d7bf8eee6daf37d3903c178f1600e7e26105769f4a98fd92c20664f5b5a9184db604fbec71
UNIVERSITIES,109975.0,270.9,Queen's University at Kingston,"Professor, Physiology and Executive Assistant to the Principal",1996,dd7ca8081a2441ee7d65994fe024f50f72967299801ccaecb0d86abe2f4c73ed212a5f5ec5e9c33d7ef36165f9ffbc03a2e01a220607adbfe9c9ed558d55b288
UNIVERSITIES,119545.0,270.9,Queen's University at Kingston,"Jarislowski-Deutsch Professor, Economics",1996,3ce2324dfb920c464dbc1ccd8d13f97bc33aa09b12911afeb1daf9f6ed0fe6f4cdf80e25fbd5514da29a9785bf47609bdfb26f016989f2166fd29f8ba07a8108
UNIVERSITIES,140799.92,1707.38,Queen's University at Kingston,Vice-Principal (Operations and Finance),1996,d087766ec07b1f40ccc41e18e1c4aac9e9255c2817a683c8ab6653c4f173ce9e3b85816a3a39d5a0d9fcabc485cc383b91d83b39fbcf9d64959f79ed25acf273
UNIVERSITIES,111513.66,270.9,Queen's University at Kingston,"Professor, Computing and Information Science and Dean, Student Affairs",1996,73fc171fb7295ef207111e124d15d898d9fce0eed97199cac7eac152cf53a355c25ffc5c7048e10c7ca429f24d003fcc8353101be02c4e137fc9e603b2e0e0e1
UNIVERSITIES,100961.58,270.9,Queen's University at Kingston,"Joseph Stauffer Chair, Pathology",1996,612eeab163defcaf8010b9687639af25727cb80b5be701d4e2a474cc16ace5ab9280f1ed840761b2c0bb53bbfe47abb44b2a515156c7982eff9dc80f7b09e818
UNIVERSITIES,102796.98,270.9,Queen's University at Kingston,"Professor, Department of Medicine and Associate Dean (Research), Faculty of Medicine",1996,32a6213abf4df52033b25fa3d447b8785b2e39dfeae8e0c4807a577af9dacb4974b1133632adcb76b443e019758259347495a7a4b23b805ba0e2903e75e5f089
UNIVERSITIES,130509.98,316.95,Queen's University at Kingston,"Professor, Bio-Chemistry and Vice-Dean, Faculty of Medicine",1996,af9bc5eefbc281ec3bca2876da7eeaa806862ffca87752c52b1a029ab1fdae37292d8ad3355592352dc12995e38ee996773b6b75cee014c95bd4e45e4f31b75c
UNIVERSITIES,120165.62,205.62,Queen's University at Kingston,"Vice-Principal (Research) and Professor, Chemistry",1996,ef86946466472dd28057ce8a9f64b68c42463a3c929d47f696fdb0bb19f018689a5e8fdf0fac32acab1e94a32a255a87263d1bb1737ec88a29685b1d4acb89aa
UNIVERSITIES,119600.0,462.18,Queen's University at Kingston,"Director, Development",1996,a67a5d9907d2c6da762db77027233e12b95f5400f89e3b1089c4ae6775df30b9627d92d8246a5299834b804413c86904fd47ac0558fd320dcd1dbd94202d1690
UNIVERSITIES,118813.62,270.9,Queen's University at Kingston,"Sir Edward Peacock Professor, Political Studies",1996,6ad9032d84fc88e010f08ee34a26347e3499f0d3c69ff7c59883ca6e3346805ee0bc51d3f30b8a5a71d56243d61fbe134150ccb4b8525f2df1c38eb373991ab2
UNIVERSITIES,135737.12,270.9,Queen's University at Kingston,"Professor, Electrical and Computer Engineering and Dean, Faculty of Applied Science",1996,783ce813068474d8fab46b1e6ed4a624508069e2c33b4421323955c2ad63c6ed9767582239517a277bc6767c2fc630ad095ff88542d5c056e76ace93908f0eb4
UNIVERSITIES,101253.96,270.9,Queen's University at Kingston,"Director, Physical Plant Services",1996,7afce597f9b8a3ced21d067b3d97c726a1843a51cfdcf2faa88788d98954c6c29518e5d5812eb46fd0daa7579e449d3ee7f3c55481ad7126882722eb338fc7ec
UNIVERSITIES,123150.28,1959.26,Queen's University at Kingston,Associate Vice-Principal (Human Resources and Organizational Effectiveness),1996,4c35e76be0195d0c7c4651ae34f27e098d32edc02b8f4790e4add59bee745bd6a32fb7a4ca22601ae3e118cd77f268e94009597f396b34761a2ffb4242cd2379
UNIVERSITIES,103468.78,270.9,Queen's University at Kingston,"Associate Director, Clinical Trials Group",1996,ea293e1428c14aa1fb09632f8353c5bbf57d85e06df68c1d5f91a7060cfe7e431db4900ce999b425290cd9e7f4b837a10f219fdbfeadf4fd84e2f022399877b3
UNIVERSITIES,101829.94,270.9,Queen's University at Kingston,"Professor, Anatomy and Department Head",1996,36525f02f98ef9dd3ba2a32aacafabaa1632a557fe757d401fd54411a68cda331033c19203290ccb2fa328ae49f57bb603296c1569c030cdb3742667ef858375
UNIVERSITIES,105386.3,270.9,Queen's University at Kingston,"Professor, Psychology and Department Head",1996,5cbcc6d7b4b206c95d09a514627d62f1b6280068ea87d1c91fe9cf0f3f8b9faabba7a8100b99549031d28ab0be6da1ccf0b65e5198531ac188ec0bc3ab99ed1b
UNIVERSITIES,107842.62,270.9,Queen's University at Kingston,"Professor, Psychology and Director, Instructional Development Centre",1996,f60a69e533b36961612b181ee2b9738c01f50dd75659fdfc8d505753b4884bffe5c47dead2c678634c1c725a302b8e922462114d365222a5a76e3959ad3cfe75
UNIVERSITIES,104585.96,270.9,Queen's University at Kingston,"Professor, Community Health and Epidemiology",1996,db01cc33c93d8d33eacc39d91b140dde9e6117922cbe9ab49a6f0104a80cb886e45f6551b4296f30edda90b588f5c269ee667f7067e6b8efdc375bd3878ba2f2
UNIVERSITIES,196633.26,870.9,Queen's University at Kingston,Principal and Vice Chancellor,1996,0f4b848f9e699400d39eaf80fafb788b63c0f06630eefccf6ffdd43d34af8ee99c6514db7bd420812b2735b96eda5aba25bdf953f5491b6160af76963f3edc40
UNIVERSITIES,115310.0,270.9,Queen's University at Kingston,"Professor, School of Policy Studies & Dir., Env. Policy Unit",1996,c8817446dcc2c511906ae2535da6daaf856c24177f79768d9ad3eccc17900be1149b098f1ef747b9ee6b16c9e166c1763ca230730129aa0196a98869e078c7d0
UNIVERSITIES,109421.28,167.22,Queen's University at Kingston,"Professor, Geological Science",1996,ffc6f79e0e29174db987868e55d7e6bc3ac4dcd1ba7c5e7609677a82aeb6d16ce59a14e8b7f8e5163266e38c8e1c17831b073007fe3af2c81c122a88b5e3270e
UNIVERSITIES,208547.96,245.1,Queen's University at Kingston,"Chief of Staff, Kingston General Hospital",1996,2d5a89c7530fe1c26122cbba67312a231028b05f175c3c8ad7ec487a81590a9eb54520574184ec2cdc3b90ae20881732c89b5fff65d9271a1fcbdc59bc2fa6d1
UNIVERSITIES,100378.32,270.9,Queen's University at Kingston,"Professor, History",1996,b80debc77cd0d4a182bb5b991bc5d952fa5dbe075c99db79a4c4b9032e223bc983d135170d1dceae874d8b6d92109e9356df9bea0e9ec9f02bb08253d1004e80
UNIVERSITIES,101891.62,270.9,Queen's University at Kingston,"Professor, Physics",1996,e1e6f12640a4500e6760e7acb0f33dad53fb85c4d64e82cba447abd0aa869f4bf77b850fe7b769c6f093c77b2d99749df1e9e8bdff1d207cfd6344c9d729cd00
UNIVERSITIES,107380.91,0.0,Queen's University at Kingston,"Professor, Electrical Engineering and Department Head",1996,7d1f8e76d03718cdf9cc2b611d99438e21249039278c5ae850666bcf0e0f3cfeac6c63eb2c9014375c60903bf3d2864576483433b88f1ce08cd9758f5548bd79
UNIVERSITIES,147125.44,270.9,Queen's University at Kingston,"Professor, Physics",1996,991f5e5ef02675cf1754666115d12b175cc2170e1652c440a008d99a60343d159871b4da425c68472af3066228457a7c10f7bc2468aff6b6aadc60f48c8897f8
UNIVERSITIES,100426.32,270.9,Queen's University at Kingston,"Associate Professor and Associate Dean, School of Business",1996,f266dc13d6e7f1368a47b4b54425a3f40b65d7bac9ec92d7a30fe8f6c9d813ca961fc86ad7229f16509a8bb7d2113151907bce84b7094ba659b077bad84e1501
UNIVERSITIES,100726.32,270.9,Queen's University at Kingston,"Professor, Economics",1996,f8c95764eb38f50c381e9c8c9a34b77c7b75b655b3ef499b226ab7121118cb20a9438f064c8dcdb09e02c2207ad260b6aac5f9a4b64d5617669987bc4a14eb85
UNIVERSITIES,112291.62,270.9,Queen's University at Kingston,"Professor, English and Associate Vice-Principal ( Academic)",1996,de9bf70802698b4653dfbd2d2c420795c2586c69753b304a6e693037aa289adf4618b9ce9b90b6ed677b366f8c618386da0ecea9ee02fd9bcd0823af1ca6d98d
UNIVERSITIES,102889.16,270.9,Queen's University at Kingston,"Professor, Geography and Associate Dean, Graduate Studies",1996,5878da9b1132e2b7a06d20acae445acfa44db4eb6dbbb28421d81db8b19dd7e3039744e94c04657be8488b561eb4c5bd3242375a45faa1ec26e9d0f1a12f2f6b
UNIVERSITIES,127047.0,270.9,Queen's University at Kingston,"Professor, Medicine and Department Head",1996,0c07bea3c4c67b85d1e08a8e973e62ef5b6fc845623d985a6080b8c052cc3f71d7222132f4b9f3fadeaf1583951d0a60d0cbf034351e1343ff371e0d6543e38c
UNIVERSITIES,107609.12,270.9,Queen's University at Kingston,"Professor, School of Business",1996,8794dffea652d1ebba8f6d521de3b0f99ebb11db975fd0dd8bc73b1fcc2b36a99261e38d61f2419c78c9b332078763333f6ac5515f866e6417ee3a09bd86c640
UNIVERSITIES,148401.28,0.0,Queen's University at Kingston,"Professor and Dean, School of Business",1996,6087948dc4d752aac268c617e9518fd04691292f087e52ec01ed79a91925a26807b050fc8efdcc08205572ede93a9eaaf866219848157d0e1935e734af471780
UNIVERSITIES,100349.92,270.9,Queen's University at Kingston,"Professor, German and Associate Dean, Faculty of Arts and Science",1996,4e04b5d56bca74a75e818ad10f8e7a3a6ffad1b4b0ba6f8fc200dc0f9e937eb4d35890acff40544f3a5eee565832cd40072862ca859dc4cdf8bc44170b87bbcd
UNIVERSITIES,122263.96,245.1,Queen's University at Kingston,"Director, Clinical Trials Group and Department Head, Community Health and Epidemiology",1996,b229c7a0f43ca825d654a0f6197929d1e5698e7f28734bbe920e984d4b1759fb6a7633427faf0cd9582140624864d8bd12c46dcc44da21958d8a725ee0156519
UNIVERSITIES,109662.96,270.9,Queen's University at Kingston,"Professor, School of Rehabilitation Therapy and Associate Dean, Medicine",1996,acf85f24699801d00826c9e899574f585cd24d12d3c388689a8f9acdddf27491c1f6dec1ca9c39a73c4dae6b606ac45608e9d6208580980694c33c0f8a6c2d39
UNIVERSITIES,100622.64,270.9,Queen's University at Kingston,"Professor, School of Business",1996,f48bf76c963963be8e5904063456d7b988986876b485ccd175cb6b3a3a974db53f0b9c6932010d7a7f28ddef7600f9da6984e370c8e41ec9d4aede73330dcfa3
UNIVERSITIES,100530.3,0.0,Queen's University at Kingston,"Professor, Law",1996,160eec819a04149b8bab37ae550401d72ea4f968a3798c533cac98743dde00c641fc2785e0f6360318ba699caa164713204ddb919ca457460a7ca9d59c7d0f82
UNIVERSITIES,102625.0,270.9,Queen's University at Kingston,"Professor, Physics",1996,e954efa42387ad2d692e67a8bf386fd45cba6071f3f774b893b12b71852c103290ae686b214b7791ca329ee7cb6898cc9a7c1ff5bf5eefd61157b234c38e0f2c
UNIVERSITIES,125866.68,1042.02,Queen's University at Kingston,"Professor, Sociology and Dean, Faculty of Arts and Science",1996,1ff285a2876d2511a32660c8a076b35e4b445057b9c1bf86d17919a0334f0a284e4f2f459e6066d88263b1806c082d91d431e10a9b7ea82a68df5f3dc74ae957
UNIVERSITIES,144312.65,270.9,Queen's University at Kingston,"Vice-Principal ( Health Sciences) and Dean, Faculty of Medicine",1996,4cd88c24a468ae19ae0b401dc5a9a2b06a17ef5fc85163da2fa4125d9090709c89fa8cc1f04ed24ab80ce25d2dd6deb9e84e20492835b310e82ebc56fb672669
UNIVERSITIES,115690.55,116.1,Queen's University at Kingston,"Vice-Principal ( Health Sciences) and Dean, Faculty of Medicine",1996,9f1160a3896ac91b0112c9f70dfebfabddb1319e6653c3705ae1b44ae969adb186943f44c1ac5c50a5d62c2c0675d0f2d21c5b5c6027f813bc4a5c98f6244a15
UNIVERSITIES,112670.3,389.7,Queen's University at Kingston,"Associate Vice-Principal, Planning and Director of Resources Planning",1996,c4e6576a94aa25a85666472704c7b8865a35be149b4130a7ed60be63e8cd372a520bc21f7e021813672536633dfd54b98006037ce0c214e7cb59f102b986239a
UNIVERSITIES,113704.62,270.9,Queen's University at Kingston,"Professor, Biochemistry",1996,b5c7661cc668733c1c84cbceea2ab43ae8da366efe8088382040b208c51091f8a36148b91894ef71d67814d0d4c5e1745414eaa85b18c2ea31c521d35075def3
UNIVERSITIES,104941.0,270.9,Queen's University at Kingston,"Professor, Physics",1996,25188592e815ed1752ed52074f3ab091d83236dce24d0246fc0901dbe831e89b363f05483200eae8b0d891025c091238846616ccfc2025b15800fade123b4c29
UNIVERSITIES,126895.34,270.9,Queen's University at Kingston,"Professor, School of Business",1996,0ad0d32cd4dda057f13d38f35f4ce07d1f9d26fc81e4f3f296c3e26e6745019776d0d97c712c0b8a29f94a8af78793942d4a062818b8e40ebabd977d81bc8c20
UNIVERSITIES,130212.62,220.62,Queen's University at Kingston,"Professor, School of Business and Bank of Montreal Chair",1996,d99fe9df6f78bd0d8423eee33943cd86d310789a0e45b64b705955f4a44c235aa331153c539c69a136861534715d4fcec6d5a6bfc136761776fcb289c314842b
UNIVERSITIES,154911.92,270.9,Queen's University at Kingston,"Vice-Principal ( Academic) and Professor, Biology",1996,987d1ec55364e42be6d1c6e759d3d251a86779bf515a27e14317c234047b1d730ca2b8acdbbb0f4a60194ec68c0a112ba560a72b0ecdf053df56e0d500394ebe
UNIVERSITIES,101430.92,270.9,Queen's University at Kingston,"Professor, Economics",1996,53a6b7c0788d08a50c82e587f4772e23abb9a8292022d3dd6b8b6827a235eb84e324616603da26cc1a01071110e0a0c137ae02de3c3ba3d452d8ef3b1490b765
UNIVERSITIES,115104.93,481.34,Queen's University at Kingston,"Professor, Emergency Medicine and Associate Dean, Medicine",1996,0c61467bf0aa2cf72cd2990c068e7e418a34a85457daadf4a7f5358a97b14a40c90b55376d989672288738441ca9b61cc2a2a9f2e5d931e8efe82ab145a57746
UNIVERSITIES,107534.3,1707.38,Queen's University at Kingston,Chief Librarian,1996,6432fa3014270af038ed4c4cdc88c07cc21dda57cd2cdc760b8e46d1305d6899313900d550cd8bd1c76ac165a3eb0bffbf403478edd16190d8fc675bf7b6655a
UNIVERSITIES,147840.78,270.9,Queen's University at Kingston,"Professor, School of Policy Studies",1996,c144d2e57d512581fafa6318d7f4de9b067361b5de7c50e4400711eecf79fcea123f8ed718d97456e34cd34572a672db9e5ca774d1e59cf5faa93654e46e6ccb
UNIVERSITIES,104238.0,270.9,Queen's University at Kingston,"Professor and Department Head, Family Medicine",1996,65b83f188e24f35755e8d5ecaa83fd98810b534628c1b095aa3cd8d93fc646743079d08a27665b0a90b2c3379db3e62ab0161b2d3987e1c7907cddc7f06713d0
UNIVERSITIES,100966.63,355.02,Queen's University at Kingston,"Director, Computing and Communications Services",1996,a347a97751f3f3c6a47719d3ce1827a35c3a730810c489e27c48099978ce8443a3dbe4b1db2feb1ebd0d1e49bca55af495acb5457b2a3dd9816bc7d60f564d0d
HOSPITALS,133251.0,937.15,Queensway Carleton Hospital,Chief of Psychiatry,1996,fa3a3598294d22f6ee5ac573587b3df30d1596f7444688b75b8840145156d64181c1e30ded08dbe50d96d7719c878b173cbf19d6466ca0dfa4f3c232a43083be
HOSPITALS,110000.0,9582.64,Queensway Carleton Hospital,CEO & President,1996,7b9ab52a03a244b89be585b283f88b15a04774a23360fd2c037059b9e9f42fc928b7ca023314c2885b8e0f473315782542bf04c8fe83ccd86d388a5a3e06b59e
HOSPITALS,129537.1,606.59,Queensway Carleton Hospital,Psychiatrist,1996,b03bdce84f3df46c8f9051452d9ba4e3c2b848d3ebdd4c43d3007dd797e2d9047af720b5e46d5a4fe6c9ea3782be2ac42a32a6ce2be060dfa9770ef056e7f806
HOSPITALS,107576.1,504.89,Queensway Carleton Hospital,Psychiatrist,1996,b146efcb38fcaf937131b7278f7b47ba839f0bd831f9e03f6ecae808255d2baeadd25cb4a2e469973da600b27c6a995a604c415136878222d36587287b2c6733
HOSPITALS,104613.95,2629.19,Queensway General Hospital,President & CEO,1996,63a011b3ff5de0ef27bef36f9b85fed7eb8a1ec4f36b3324b8e95f00ad7ed4b465c6382df69ea85ebf1e278452504311c1ac7c4df220bae96f081980f8828d35
OTHER PUBLIC SECTOR EMPLOYERS,116695.56,434.52,Regent Park Community Health Centre,Physician,1996,c736c576e7ab18ac00623327c41744b1976c1145dd312592de3448fb4879ee5d1f86be189bafee9fc8642eb5cfbd57b86b125431a14f25a5301606b83157072b
OTHER PUBLIC SECTOR EMPLOYERS,116963.04,442.68,Regent Park Community Health Centre,Physician,1996,4e37c560909d62dc9a6a77839c99657872a3e0dcca437efa2dfec3bb3f18ed1b687f090845f83fb16f242e3833af42fe40b9e40be73c46d7b30832ec7f8e60c0
MUNICIPALITIES,106933.68,943.16,Regional Municipality of Hamilton-Wentworth,Act.Treasurer & Commissioner of Financial Serv.,1996,d9d0f12860c2bf9354f2b5e46846030721e3bebb7081eb6c9da8406fb112e2f91d5a64cff34f50b7c5e584f1e162db5973f9470757edc3451bb234131a7a0f71
MUNICIPALITIES,122279.23,495.24,Regional Municipality of Hamilton-Wentworth,Chief Adm. Officer,1996,cfd9bd1d4a451b3a242dbc9783029d6b54e93a21706cbac2f2d212cdd23bec3cc732b566800ef10b79b3eea440a778b17e270a5ae0566fa26c118de93857d2b2
MUNICIPALITIES,122301.48,8942.23,Regional Municipality of Hamilton-Wentworth,Medical Officer of Health,1996,94ebeffef5469dfeeaf836b6b8224f204e0801dd71f9b01e0673defc0715a9c75b7839e5909695078793699a838d36d99fde36d8d597bbb9df719ab190dd15a7
MUNICIPALITIES,112301.48,473.2,Regional Municipality of Hamilton-Wentworth,Commissioner of Human Resources,1996,cf011ff69a42ac47b46cbcbb782b3b40c57899a58c51d693f1740a1035c5582563e78333b558d37f8a19d0383a0e16f11514d594facd25c3f96819447de98c40
MUNICIPALITIES,139132.48,7929.65,Regional Municipality of Hamilton-Wentworth,Chief of Police,1996,3ca759c24470a5e586c85f5540cfac956540c79aa335e21c0c34f81955d29ad6b3572587d859f9c03eb887ee33c5a5886b8a089c2f24bdd7ce71af7ef68db062
MUNICIPALITIES,125496.89,10080.71,Regional Municipality of Hamilton-Wentworth,Deputy Chief,1996,3a89d9e19dcf61c7b51b7cd5f9693ae18792e8d4765e4b63b8618ef857a5fb64cdc560ded53b70084ca0848dc4999b3e9eb6f8f3deccd56d26f0536fbb2322a4
MUNICIPALITIES,112301.48,1431.92,Regional Municipality of Hamilton-Wentworth,Commissioner of Legal Services,1996,cd9129a0d4da2046ce6e785effb442af477db5e044706a28b71c96d184351b551154713ac078d5845ec1db287df771e93177f60949d15c939704d4e044c8f423
MUNICIPALITIES,112301.48,473.2,Regional Municipality of Hamilton-Wentworth,Commissioner of Community Services,1996,5c6317d8befdfc8d832ae3cb15de48733b944a7341590059da03c889dbe5c4df4098bc1fb611b96f229266fc25922e49c181a0b071c0f236d0a57179665af997
MUNICIPALITIES,112301.48,4593.03,Regional Municipality of Hamilton-Wentworth,Commissioner of Environmental Services,1996,7ad515fd0d8c3e2bb8caec236c6bbd8137e4eeec4a197e0c96beb49571d14938a32158cce30a12539185922ac1f0937b4e37849a898448bbf76d6ed7345c1b6c
MUNICIPALITIES,117585.0,16717.58,Regional Municipality of Hamilton-Wentworth,Commissioner of Transportation Services,1996,44c4e6aa269e99034bf0c1c9790012bdf177cfc9b4a86e83005cd0a33a459922ed461fcb8783ca24a2d3e46e2b117dfb7f99b51b7906cc2b194197b0eb305cc1
MUNICIPALITIES,107172.41,8318.58,Regional Municipality of Niagara,Chief Administrative Officer,1996,357ece9b50f8e875721ce502d48a253de40c472a25886a7c5e002ac64e9a1631582394d5db978c8b157cb687cb64e35c1b34c5895cdcb4b78f7f1845e2db1dda
MUNICIPALITIES,101220.05,1742.97,Regional Municipality of Niagara,Director of Public Works,1996,3fffce33d5cee6631c298619aa51a83dab6a2542be766d9a2b2bba232f08f43d80876cb83b10bebe399ad18b914cf3250947c9f79c98ec2c2196c2f1d6b74fd1
MUNICIPALITIES,136501.81,9300.6,Regional Municipality of Niagara,Medical Officer of Health,1996,34cc64736f94ec78085196c91f56be7ca07243dcc2e9c3015ca77dda06551845f53daf05b735d3af609d0e5d1053b2773852cf0787f1bc9194973acf624bf5df
MUNICIPALITIES,110845.02,7034.34,Regional Municipality of Peel,Commissioner of Planning,1996,a265f8251757cbd277f6648ef622c9b2c7997a298bb849af073d5717c45e0344f97a3965596317818757e5bebc810245b0c4db07f10fa40e9c74ea814ebf63fc
MUNICIPALITIES,112458.16,4889.4,Regional Municipality of Peel,Superintendent,1996,e1a492b8c89ba55c37bf87181339776f75eb0dbfaf259fb8f4013b92fa659b8a93019da8da19de80217adf99eb3ca93862a31b13b1b3a2caa8684b1401753887
MUNICIPALITIES,122125.96,8893.24,Regional Municipality of Peel,Deputy Chief-Information Services,1996,848eb0c8cc8dcd0a09c43b530e70540d612ec45c75f41a62df1ed15cda856bc68843df609dd9e7faec5a6fe97b0a8c0a94ae3f79db6f24f8437bdbbf2d31071e
MUNICIPALITIES,140200.06,7709.09,Regional Municipality of Peel,Chief Adm. Officer,1996,56c32556c088174cbb829882f513999a21a539dda34c87b30f5572f70758b980bc64172304209b895dfa223476896a2279cd74b6c384518053aaa1ce0886638d
MUNICIPALITIES,106807.42,7611.17,Regional Municipality of Peel,Reg. Solicitor & Commissioner of Corp. Serv.,1996,644b0f17860540e65848e85971dc684e8dc37192e727fd54d55043356128085b68d3812df8f19c3e8c5337ff93810f66bd6da53813afbe59295562e136bafeeb
MUNICIPALITIES,137136.0,7847.64,Regional Municipality of Peel,Chief of Police,1996,3b1440f91343be7664cf47292f975d59b6d0b2bdab478d8b10abb074c5335b23a56490b5144c4ff9162975cc40d9ab5b7a8bdbf13cc88ff5e06bd04e733a550b
MUNICIPALITIES,110845.02,6180.18,Regional Municipality of Peel,Commissioner of Housing & Gen. Mgr. of Peel Living,1996,f4876b2f4195fc8ad080c835562740e4c986111e365722d227147a79c348f91987f883baa83650a5df936e03ed827e6ac58385892b0617f20a88d356354cbc1f
MUNICIPALITIES,106292.28,6999.02,Regional Municipality of Peel,Treasurer & Commissioner of Finance,1996,30d89e523a0c419efa9c21fcaec2241b878b24d9c0398de5ef8396f79bf570a43777d9d460044f3794653ecd8492c67d30dde670f0cc7a09ec2ea125aa6226b0
MUNICIPALITIES,110845.02,7613.8,Regional Municipality of Peel,Commissioner of Social Services,1996,49161efc7ca320886e7a78a4dee409c4b8042f0518776c5fea5f80e495e7518d28aa1ab5c2a5d3522d378c680f66661298cccd9187a169166ddfcbd0edd14149
MUNICIPALITIES,102893.04,2357.84,Regional Municipality of Waterloo,Commissioner of Corp. Resources/Regional Solicitor,1996,4e10a7e0b78077f9220875ff12456d29300ae293b5f2bd421165eb161e894f659f969fedc06e5ac70d0a30ad755d91351d0bb28b2cbb3063e2c044d5b74b688b
MUNICIPALITIES,102893.04,670.45,Regional Municipality of Waterloo,Commissioner of Finance & Treasurer,1996,5bb3eeee79a706bab8e6c6b3bbf864538fcbf5ce4680e330a61cb054d145556a7245b2d38a70f2917ab6d8d9299abb9b92da107cc1bb1fb321ea504b5a29aded
MUNICIPALITIES,102893.04,713.4,Regional Municipality of Waterloo,Commissioner of Social Services,1996,f95e96462d608582cb1b944d7fab87c8d1a913ea9bc6a4b015e92b96e3ffaa7a71db10eb3ae5d76379ea12a7abea5a865f0382a413a7bae46f034f1aeb9a8454
MUNICIPALITIES,102893.04,440.4,Regional Municipality of Waterloo,"Assistant CAO, Human Resources",1996,256acab4363e1f9ace98e3abe810b8a570bd8c1e308d39a8aac7eb7899c8e0299d67430d50301be5d344ecdaa1008be6dbee0c8f8132397e6836f35b7e8d2c55
MUNICIPALITIES,102893.04,570.4,Regional Municipality of Waterloo,Commissioner of Engineering,1996,0556dbd97815c6a78b76be5d7efad32dc4d116aa60672ab7d9206614492cf314d822c12fa98450798980ef18351938e1fe8756ffbc66741b7775dec47d5d9b27
MUNICIPALITIES,114587.01,1891.76,Regional Municipality of Waterloo,Commissioner of Health Serv./Med. Officer of Health,1996,5abf0851ad3f171cfbb99fdad3fde764aa1b144cd948b130d4d9b710e57df9a3d34a706f0e0671e3340f56fd925bdc6c3886ded0a27958cc41e0e68889b593f3
MUNICIPALITIES,104390.74,1133.38,Regional Municipality of Waterloo,Assoc. Med. Officer of Health,1996,68553acd456260a639e70c14ad157ad52cf8d1c273a716ae8dd596faaee0c7591ce86ad84593f08d441ff6aa40270a5eefee44aa0227516693a0016671a82fdb
MUNICIPALITIES,114531.84,6388.34,Regional Municipality of Waterloo,Chief Adm. Officer,1996,bb57f444a261eafedb34a3502393c9e97dce593a7c6c69d57300e07bdc642d77144e3d148a2fe4a92cdb135c74f7de50a180dd733778a19f0da411e70c6d4d4a
MUNICIPALITIES,102893.04,723.98,Regional Municipality of Waterloo,Commissioner of Planning & Culture,1996,e10a7e38c5aea30881c3f6ae549824189e979b6ec8b686116855a17c275dca426eacb3d694044496cb94e8790712261c01b2e3bc6f9b68f427b2a37eb96e95d5
MUNICIPALITIES,114600.0,7371.58,Regional Municipality of York,Chief Adm. Officer-Policer Services,1996,ef028222e8a837fdec7730dedcd24ed542fc3ca221616a979b9aaa8f51ff5f6acf3b3add37d947c567ec95bcc4a1873b7cfbd1392bc28d0294f38879f116d245
MUNICIPALITIES,102560.15,5216.99,Regional Municipality of York,Deputy Chief-Operations,1996,9dc44cb12e47b1907d9056ee92e6bda50d8faa94d82e39bcc35f7a65a190a0e4f43ae3679da3cf66dbde937e79957278a9a8181e5edf9832c379d82a6af71ca9
MUNICIPALITIES,120845.02,8306.11,Regional Municipality of York,Commissioner & Medical Officer of Health,1996,641a5d0d235fd9e0a33f15a31b6032cd2f207c99fa87e2734c3937820c65e250b2735d69d00fa14e60ccb2c1735817b1de045b68f375f75226f93a1a0480d5ae
MUNICIPALITIES,134421.0,334.0,Regional Municipality of York,Chief of Police,1996,648e5b4f85b1943a41ac0f3b58c5eadc00bd342334e108980f8099e16cafa7f3f18e8ca4ca28c8a0565e0fcb7127b497fb995489dd77ebdf6bb75c3781efcc51
MUNICIPALITIES,117497.0,385.0,Regional Municipality of York,Medical Officer of Health,1996,d3d7ea7c7bf63c10ffb3cf7ce78bcb973c5cddc726b74b1b09909c3a2865bc6b50a0c93fbf293ff82ca7adb6c352916eae7435d82ed9303a7887b1f22df31916
MUNICIPALITIES,100646.0,333.0,Regional Municipality of York,Commissioner of Planning,1996,e305ab963e2a3438d0088ddd62846c70f5dd034f469dc16ecb7fb8f283bc11e0edac6d6c68bc9d69e2787f8343c1b46ccd5547fe71520e49870b78a310bc4a86
MUNICIPALITIES,124099.0,2603.0,Regional Municipality of York,Chief Administrative Officer,1996,217164f73b4631391cc9a44c381461fdc46bf255ed849752d26b63879f447f2f892bb5b12c3c182fd53be386694cff2fb5ecbdf8ba9114b159d734a1945598cb
MUNICIPALITIES,115545.0,334.0,Regional Municipality of York,Deputy Chief of Police,1996,df8edd3e12a97a3976fef20abbe1b9ca0ba31229602941857559eaa4008472069a0465ca87b013d914573a84e8ff54f6dce50713c4956e82dfcbc82d9f1e32d0
OTHER PUBLIC SECTOR EMPLOYERS,145670.0,202.0,Renfrew County & District Health Unit,Medical Officer of Health,1996,829066ae1c64ba55d1d248bc88215c0f8ad0fdab0ecf93928a99b4ad7618353480a6771671ed2d7383bb8ae1b9af2ff3dc9d0c11229375ec1d8ac99949c47be5
SCHOOL BOARDS,103197.0,1086.0,Renfrew County Board of Education,Supt. of Business & Fin. & Human Resources,1996,c65c0033bcf1b093d292d19f606d3b2d701a3035c7c1ec867539eedf937699552471b8eb30c4ee0feb25bfdf07b6b8b310c9a90b36eea39bf5ed1a08f40a2eec
SCHOOL BOARDS,122555.0,1086.0,Renfrew County Board of Education,Dir. of Education,1996,f6da0825843cb798cdb2f820157babe7a5169cae40127d1d937477ff93895645ce87297bdcf83c9749e6bfaee92cbc78cec5b97dda9fbe2459065bb810d10cef
SCHOOL BOARDS,103929.0,1086.0,Renfrew County Board of Education,Supt. of Education,1996,7b4ea7ad16ad7e4e32140e76a1be9e2ac82f22b593ffa7cc93a951d57a54d02a9588ea9a289ee8d975fec216e1d246d5635fd40b529690a614fd86c46dea9942
SCHOOL BOARDS,103929.0,1086.0,Renfrew County Board of Education,Supt. of Education,1996,919fbe1ba67620eff66901a72e4fe67b47674bcfddc12defb038001e41d40467c5dc4c72fa199ce78b2645a5241cbf7775c0567b480d0df0531ee932a7bae68d
SCHOOL BOARDS,103020.0,333.07,Renfrew County R.C.S.S.B.,Director of Education,1996,f5a592bd5d3607d86bf7189ecd3908b6f73c2925f9d5a6b6dd27ff41d1b6ca044dc2ef369f21f6d87ca0c95e6a1b286fc14dc012743e09f841ba68764174d49c
HOSPITALS,135000.0,7815.0,Riverside Hospital,President & CEO,1996,08d3678c92ebbe394184242a45f2259eebb825bce8abce784d70c01774bd9a02e95ab0cf1f3d61028b749dda2250d551cd1b98f6f6c5ee5a5f47882b47b8f3d4
HOSPITALS,128685.0,1371.0,Riverside Hospital,Pathologist,1996,a843240b2c091983908863ac65673cfaf3c0e556b2ab32c5e729bc527ac4196329d28a8023bb1ebd26debd22d9e71c4e2382d6654c542e30bf1cef2192b9575c
HOSPITALS,133685.0,1401.0,Riverside Hospital,Pathologist,1996,6de75768e62458643a7b274bf3032bfc568ea01fa61dcfd3f9876fcf4bf67ceb09c2116bdae3eb9802b90d7ba2ce10e81dbf99614e2fe848c755c90576ad8e3e
HOSPITALS,120287.0,716.0,Ross Memorial Hospital,President & CEO,1996,49c47aadce7007b15a36e87e59c456837923973a2e5df03683d762e0b82318a5703a318b5eef094d2d3104e1845b31a85cee16bdd75796c9281b72b08ad68ea5
CROWN AGENCIES,151473.0,600.0,Royal Ontario Museum,Director & President,1996,7c516f9dade7da2691a45a71672273c8131fc256ab5986e98298e646afdac9d3267eabef25140d5b4dc80b3ffbb8d4ae2cc7de3e7967c17162fff7256eac977a
CROWN AGENCIES,114550.0,400.0,Royal Ontario Museum,V.P. Collections & Research,1996,10a408cef02eba2fcba06e8d353744e75b1c080da3fcafb933f12451ad9c8df977d3387a7d4d02cf9a82b19b6fb51829e5664fa09c81aa398e6a40d257ed1c50
CROWN AGENCIES,120582.0,600.0,Royal Ontario Museum,V.P. Business Affairs & Operations,1996,f28768aee2112396cda89554f1bdf06aa799b3c1691c126be412000cb885355cac722484439edbc5ab6ba8a1f3c74a0d8ccde9a5f1cfdde420b9e7891f8b6774
CROWN AGENCIES,120582.0,400.0,Royal Ontario Museum,V.P. Exhibits & Marketing,1996,0e54347df9681f1682cad10c43ebe2b2cfda8dbea7ab85f3599ea0deb51b25a6a38225f654ceaa105c81731739348793dff3696d21280d96d1445382a4a7e0cf
HOSPITALS,150702.0,704.0,Royal Ottawa Health Care Group,Executive Director,1996,5340976c4defaa265b4f3cb36da5c7451cd9ea718db957443efd37f264eca13cfc4cf10f6a6adb4983a8ae68c36ba41c571de4406415f98fd5f5eb5ea0d783b4
OTHER PUBLIC SECTOR EMPLOYERS,150702.24,704.09,Royal Ottawa Health Care Group,Chief Executive Officer,1996,5340976c4defaa265b4f3cb36da5c7451cd9ea718db957443efd37f264eca13cfc4cf10f6a6adb4983a8ae68c36ba41c571de4406415f98fd5f5eb5ea0d783b4
HOSPITALS,169789.81,14399.27,Runnymede Chronic Care Hospital,President/C.E.O.,1996,b73528f111661e99ce913d54a928901748e53511129bc7870499f9067d4adb1bcc17f6964b68a785b0f3499be872ba292576e9f35d4cf7e3affc0579a14fc59a
UNIVERSITIES,101734.0,522.0,Ryerson Polytechnic University,Program Director/Professor,1996,55796f564e37968496332a119198998a9eb80f42428e370508e9ed0cd699a9db933c024eef0cc8fc9a534b0a8710ce6a1ab68f817dbd43d7247f8d44e599a89c
UNIVERSITIES,109717.0,509.0,Ryerson Polytechnic University,Professor,1996,845a704a7afa88008b283eba85aa7e259f35fe3c8acd194ce2110137a07c3d0f1df9604f051ef0081438e76e22fbbfc298a04491aeef5ec4b76dc1e7d5c11702
UNIVERSITIES,113546.0,782.0,Ryerson Polytechnic University,"Vice President, Faculty and Staff Affairs",1996,5456734b44b47194bf1afb2825fe1a09d662466d398028195619a0e60ef9d74f5000630a283f0c4b6d6c6f5898ed8055a5ee4905ee0c39ff2a7d91c6ee7c09b7
UNIVERSITIES,113546.0,782.0,Ryerson Polytechnic University,"Vice President, Administration",1996,38a588439ef591a5258b8958b131a3484bf3ff01d9f8a3d687e123c3e2234022cc0d9e8316c21d885593e285fd7add03bbec6b4301f0e160ba6011cb335c73b3
UNIVERSITIES,101705.0,535.0,Ryerson Polytechnic University,Professor,1996,b4d81cf502ef277e7c9a71654cc241503c6e3191b4fb52ed8f30182eff0f7ba3d57e965e5fb8c942a9fd5edab6a2c2fb6cbebe72b78097025a0b545a63a8c864
UNIVERSITIES,133803.0,632.0,Ryerson Polytechnic University,Professor,1996,e1fde757baf93a0c9e1400c79d980c8d56b9b31fdc8a2cc051b711a3e25504d64854415e53ad1dc7137b5f5722dd328aa3db029d9bcb9f4aa21d666b3b025ae3
UNIVERSITIES,100649.0,522.0,Ryerson Polytechnic University,Professor,1996,1ed2eeba89960c2d0c5725f019702d424b2d77ed3630e4c9992d7a912cda5a12e4c028193f41a65f1b586e79784d3d618fb0bbe0aeb64aac76af4237e039874f
UNIVERSITIES,155973.0,20268.0,Ryerson Polytechnic University,President and Vice Chancellor,1996,c004048717fcb68f21b6fcd5d7976269e1dddbb16939f53d2ca07aac540729c2b1883cfebd2dacc3725ec7872e369931789f829d2c3a232302af8f2b166636a8
UNIVERSITIES,101961.0,549.0,Ryerson Polytechnic University,Professor,1996,34e549cef5ba7281e8f7b701113cf4494e3c257de2dad993c80e78e63d73ac3196f58fb24bc69eb190e126fe4c4ad25ecd36e415bd15c12426313f7cdb84e79c
UNIVERSITIES,122323.0,829.0,Ryerson Polytechnic University,"Vice President, Academic",1996,2b9d5657114848581ff23e379e3de2015f93f4234a3bb23d81e69f6340816302dd1b6cf9e39873c0ad2602739d73ad5f3195ccb0ca7871e8f15aa751da2199b7
UNIVERSITIES,150000.0,1011.0,Ryerson Polytechnic University,"President, Council of Ontario Universities",1996,381015450c1dddaeb853577aad26427188d4814afe38a505d9ff75901342d62242da859002798810bd351541d0a36ebd33087f56489a1d72eb2d2259ce7b93bf
UNIVERSITIES,111128.0,549.0,Ryerson Polytechnic University,Professor,1996,d25fb5932baeb51f397154b0bb1b8938a5c99c19d0678d3253e2fa4f5dbc59dd7e298a8b25826f0cf212704cd2d58ed12277005719ebcf9f5abcf2d07ee61d50
UNIVERSITIES,101357.0,129.0,Ryerson Polytechnic University,Instructor,1996,043b7afc4bae642eeac2d7c0994e9e9403ae035ce439901e8c7aae38e0ff78db4fa56f4118d6f733fbb95cb3fca16179c96049ded4055de12ce15f86d8955fbd
UNIVERSITIES,113030.0,578.0,Ryerson Polytechnic University,Program Director/Professor,1996,52d9d6247c22754262f74f35749703a468046aa1dc3ab6534d7c425488f1a0c3401c75e06f28f017aa63211d9ebef1d2ed278bde441fb1cfdf9e2db32b06d2a7
UNIVERSITIES,115632.0,762.0,Ryerson Polytechnic University,Director/Professor,1996,9bce804d4fc7940b22e1ad3603c93f07e1f7277dfae2cd4bffca1250e32b9dda93b51770acf63ba88ef411c07c3b34302cec5087b6a894cf0085fb27bab4afa7
UNIVERSITIES,104216.0,508.0,Ryerson Polytechnic University,Professor,1996,105d42bd3adbd46427a39dcc75c59b2d958a8b87ff7a26dd4dabb951b633864bb01d4a0e19a1a66e842aa9e6ad4fd697a292890c19419ef02e13da247c179228
UNIVERSITIES,110621.0,508.0,Ryerson Polytechnic University,Professor,1996,9c7aa3766bbc0c44f75cc5eb546991bae148563f01861a5f3faa6a1be8170528fe5f1336baffaceafa781921ea69144910c274933921193ae9d5d9f25d039681
OTHER PUBLIC SECTOR EMPLOYERS,122006.0,8037.0,Sandy Hill Community Health Centre,Physician,1996,d18a9ae0ceaa226e251093bd7fa7d6c2785252fe9aeb2cc148a11df961c46793710291893e3a068557bd33080e27986274da0e461e18b9161276d3efb4ff276c
OTHER PUBLIC SECTOR EMPLOYERS,122356.0,8086.0,Sandy Hill Community Health Centre,Physician,1996,408d898aa9e221c2016dda60e5ec6368818dba4766153cca283f7b85e528df768d03423ab535eaafe5009cc1fbaaed9142234669984547dbaffaf000157b1661
OTHER PUBLIC SECTOR EMPLOYERS,105582.0,6944.0,Sandy Hill Community Health Centre,Physician,1996,3cd64ed1e5c8768abe8ff44f8f39537517d5c6cfb6d6419cac902d551ba000d54f4f0b04e73321993c37bb212a811837a1332584779b3e932ead317487c3a752
HOSPITALS,107756.2,756.2,Sarnia General Hospital,Executive Director,1996,ac5bcbf0136577bde5c1d83ad70885191d99ca7e41ce88501a13676740fe78f5b1cf976b852bad735d542537681154b38df76648e02a6275ff91044a3c2577d0
HOSPITALS,150014.0,671.0,Sault Area Hospitals,Associate Pathologist,1996,fa3b2412c3f7301b0c1cd61cce61d29daa8f14ef3a2edd0317f6dc4462cb618c1203f97c6243e324e4dbef58c5dc95a350642ac0ddc320898dba69070193a217
HOSPITALS,125000.0,588.0,Sault Area Hospitals,Vice-President Medical Services,1996,094bf95b126827c74fe537f093b95756bfdea663ab12f813aabcb444dd57a59938a6ab12af1a0ccaaf2ad0f2b7eb115f8f3170b6b483366d7cbfa461fc5662d5
HOSPITALS,150000.0,3735.0,Sault Area Hospitals,President & Chief Executive Officer,1996,52f4f77add496b8f6344f6f1ed901e1bb419e7aca4e84928beff9716ad502cb9995d8e617bd4995dcadd04c4e7e9220dc119b1712ba0fd274b8e4a169fc264be
HOSPITALS,127144.0,570.0,Sault Area Hospitals,Associate Pathologist,1996,02c02b83d8fce0cfbd674d85300d2ed70990311cb089893b52b13b1d62755a848062dfc533490576160a19c3802b7bddba5417f3d9fbd6e9907ad44f0f033a5a
HOSPITALS,163084.0,685.0,Sault Area Hospitals,Assoicate Pathologist,1996,5e32248062611214f4cf97e10582edc225ab53f17e873995c60b013386ea5be8d3c2ff9be7d541e94f2bffb26982958c82029ce209333d6632369de67729dbdc
HOSPITALS,188503.0,801.0,Sault Area Hospitals,Chief Pathologist,1996,99f8340df51667ac5073e4d32f3098e00c86eb123bce5ad3c01853d062210be0d649b282b84f32e39f257cf6763648bec676a244cdac3c6c8a0679ee4bb72f8c
COLLEGES,117403.0,782.28,Sault College,President,1996,c9f28ed5bbf2463d8799c336536987e9b8035d27127adb0226568fa3b537486768f2d6e1bf339ef0986c8e33eb73045a43cec422bb95c7d10a9ae0808897a5fa
SCHOOL BOARDS,104821.0,5196.0,Sault Ste. Marie Board of Education,Director of Education,1996,741cb9484777c31ba3858748374409e05a93b2461cf72d4f2e7c37b540c685e92be3c61a88664466b850aee04fd090d2d722678bee4c72076cd285a06705400f
SCHOOL BOARDS,102704.0,325.0,Sault Ste. Marie Distirct R.C. Separate School Board,Director of Education,1996,844c607e9a330479122bf92bcc6df964acb438817f7af53733ccbf287c3a9b356bcdb6ff5de1a246bb3e4d5601ccf29b035199463f56e9ecacebb62a14efb1c9
SCHOOL BOARDS,112177.0,2873.0,Scarborough Board of Education,Associate Supt.,1996,c4b706fd4a88f000b98ecd8368b31b1d24b33663af57692bda1636e57343f118da9ec48aaa945b40b91f4a94a739360339c06c11dd71ab5b82ed8aa621ee0863
SCHOOL BOARDS,107507.0,2783.0,Scarborough Board of Education,Associate Superintendent,1996,71fe389153596d947591e761b1c9d5b1a798c0f51b52fa25ac5d4250ae928a311701f1d0d8102f767798825cb64d8a16cdb41b64e47499cfa2f82016321f91bc
SCHOOL BOARDS,102827.0,2873.0,Scarborough Board of Education,Associate Supt.,1996,0814de9a36d27e378988daec7d64d2bda39af4b1c3bb95bce87f293078ef96faa8f0184b3fa36562efc2ce6be96e169725147bcee4c6e1deb6dc90f35fea36cf
SCHOOL BOARDS,148855.0,4793.0,Scarborough Board of Education,Director & Secretary-Treasurer,1996,54f776ab26ccce4a62155ab85936841656c437f719ee18f2f527b4632921e63c2e095c06d2a321121f5c24710ba95520a7b53b5f634248a99ad10626de3bd95d
SCHOOL BOARDS,102827.0,2873.0,Scarborough Board of Education,Associate Superintendent,1996,2c7e00adeb58334dc26eb268a2f82b78eb833aa3361f90db55ce7b53b3f1347537c74ae99eb71499f5db98fcba4055b44b4b3af2a2f084ee71da133690e966d7
SCHOOL BOARDS,112177.0,2873.0,Scarborough Board of Education,Associate Supt.,1996,93014900a5d0180298d8ae87a8ee4b482a873485773190da033b11961865235895bb1e101a93fce299fa79313f0e9b03bb1f38e8fe46f53f85f00bbe4175da28
SCHOOL BOARDS,112177.0,2861.0,Scarborough Board of Education,Chief Psychiatrist,1996,1b9151e7340d074baed96ec2fdc9c130abaa1d721840cda5df167efca810e1488e21a6e574ce676b15087316d4f627eb71b4e6dc0eab21a073ce45a820f7e6f4
SCHOOL BOARDS,107507.0,2861.0,Scarborough Board of Education,Associate Superintendent,1996,d4789b698750d6d23b6f4efff357bbf4fee4188c891e1ae0ed8edd9508df1a8f8dc18ff7d9e4409bd422a33bf88a20e249c64da66bf42d6f1454b0a751b74092
SCHOOL BOARDS,120051.0,2873.0,Scarborough Board of Education,Superintendent,1996,d5457318248589002e26959a68e48bce0330637fb43c9fdf243463102d40a8cbb978169071c8341bf91e0ab272edbea270c04ef62697e1b766b0ca0c55601405
SCHOOL BOARDS,112177.0,2873.0,Scarborough Board of Education,Associate Superintendent,1996,61f58ee0e2a233bb3b321a529d34067c60a335e68c2d803452ac4f647b46b05ebc73089b1332ad50026614e9dd0bbe1b2e12ccd0743d1e4ffd77a15e822cc6ef
SCHOOL BOARDS,120051.0,2873.0,Scarborough Board of Education,Superintendent,1996,18b99cc40ae33f46b257a37f5b085c6826a48dc15f831136929b03e2a2bbb55a8945efd23efbb45319ef39eaceb89701ee3f6286646c7befb90238e01351f6dd
SCHOOL BOARDS,112177.0,2873.0,Scarborough Board of Education,Associate Supt.,1996,f011e41cdabdb4a8a384a28e18628b0073d2b38fd7bee1c2ae3d2fbfaf4c0f2f2365102886b938bcd39ab37cfe6dc63b2f29c60904c9bec91732fe42f8c1cedd
SCHOOL BOARDS,112177.0,2873.0,Scarborough Board of Education,Associate Supt.,1996,8fe29bc32f0a0231989e8e3645b7e133a653d614eb9f652aaca32bce168d49a3d8cead3aa401c82f53e872b5120401bf0f12a99738c26d0bce3eec71aa4f064f
SCHOOL BOARDS,120051.0,2873.0,Scarborough Board of Education,Superintendent,1996,c08d51663a0a4aae952bbfad13b03308268a90b5b5aa079dda2bec52344d9b254b370010384973c926cd805fc69ec7585103a3e8890594d354c15444f150f09b
SCHOOL BOARDS,102827.0,2855.0,Scarborough Board of Education,Associate Supt.,1996,d72fed250653c2143cf8708532497bf49351f28da6f5767fc2fe09576f0678f44dd73a73278438fb72515723467f8a74f0b1e5c9625363728c3fb1d5d6d489b9
SCHOOL BOARDS,120051.0,2861.0,Scarborough Board of Education,Superintendent,1996,461a5b0f0323f5941036803c8b0e181c6b9f07aa12c2bd869fb58e95d4f60ecddfdcf0791e5d7219c8d09f36a06f83daa76294af20de81ae0913d925b85e1579
SCHOOL BOARDS,120051.0,2873.0,Scarborough Board of Education,Superintendent,1996,92646a780ad6719c899382363b78846237101d6164aefbd4c206b009ad1ff070e56c544c31228873f66bfd25dde21b5715f60f462d299bfc6e5acafa6d6c0938
SCHOOL BOARDS,112177.0,2861.0,Scarborough Board of Education,Associate Supt.,1996,8de38f438ea91a5bb4e67fdcb3140378d3ab11e8c5421317c523e033795d8fb418b5beec7da8c79f17b301b4fade5ad91227e9e5ea54c7d6f1c1536fbae6b665
SCHOOL BOARDS,128481.0,3821.0,Scarborough Board of Education,Associate Director,1996,49a4a45c135111e76710ee6e495ad1b64fd2580dc92b7b922864913a8128dbfa62d33544a55386520462bae1a68b900f90fceb50bc5178841f11588790efe73c
SCHOOL BOARDS,120051.0,2861.0,Scarborough Board of Education,Supt.,1996,42cd5c8a76b19acd0150d9cb2b6bc03d6ef22d4e8b8f2a31d91db07345ff42c1ff22f38777fc8d211a5984f061bbbb08835887a1f2c451c97b524f1e94720195
SCHOOL BOARDS,112177.0,2873.0,Scarborough Board of Education,Associate Supt.,1996,64c1e9c53bd44a87bbe34c6a107d1911afa1b3505384ea0d794894e86b597d80cf3cb6d684f05f40666ea31eec7c94cf8b122a9f040881c70883cf34fa869661
SCHOOL BOARDS,104819.0,2748.0,Scarborough Board of Education,Psychiatrist,1996,d0ebe8cd550f9480b4ed3b73247736e1ca96006b6d21c52b070dd1b0d5ae603df5cb69edf9cb37860da8805ccd32e97b82ae611eb8e82a364676d607648a4088
SCHOOL BOARDS,107507.0,2873.0,Scarborough Board of Education,Associate Superintendent,1996,7cc4e446bf4df865b01403a671562f783188ba0e5d5b903f1ab1cff04501f9e8e90c49731b8b3d07ca88189e6c9f39447c6b8634c62ee0351a0bbed9c032e16f
SCHOOL BOARDS,112177.0,2873.0,Scarborough Board of Education,Associate Superintendent,1996,31e30c3a817e2e80b1dfd247e61a77529efb771e23002f4ba479aea59d829c77189306ec08d47a53c7922d9f7b7a8e663d4f69c6ad336c2f0da4ff2d262eb971
SCHOOL BOARDS,112177.0,2873.0,Scarborough Board of Education,Associate Superintendent,1996,7d795f5a7a71bcff4cea9b94803c62d662fe2807be4483ac5800c3b4cf942e76a873b6cb58d0b2e2a57fbd0458f2fdd67fe9d677c146928b86b915e9823ac7c7
HOSPITALS,178852.0,2876.0,Scarborough General Hospital,President & CEO,1996,dfe9835fd234c7bc2c96d62f90d9d2ccbd12afa61861c4cd7318be842253bf42c4a92aac25834d25eea6042388f782f1503476c49d1644a2633bbfa38f23ce1e
HOSPITALS,123523.0,683.0,Scarborough General Hospital,Vice President,1996,2ed4d9425e85748b26bd12446438a3c2e52ef1df7ef25650996d7fd74eab5ee011205c685c60ac17df9fd4388098ceeb6886c311b55462d4c0cfb098814d0387
HOSPITALS,162396.0,901.0,Scarborough General Hospital,"Medical Director, Laboratory",1996,97e2b35b8f114f9dde0a9037fdedbb7ccdad9c2e928b77a70f590dc1d64134ca5fbf3481a11d303c16c55d7ab63f31f8d58c3c4c37fbc01e0e27b52b4d26790c
HOSPITALS,143416.0,795.0,Scarborough General Hospital,Associate Pathologist,1996,ad87a771cc9dec5115739b675daf6f46a716a5e580413efd3ba36bffbb9b0a470e8d6c5ef3b89f253ede541959505ab9defcf057ae39cf139f1fa35e62dc0ec3
HOSPITALS,119076.0,657.0,Scarborough General Hospital,Vice President,1996,7dbdb1112f751e5fa962de22f4e40cb6b0cc57e91d57483586119763c820608f821564050de1a3c8e7c10072eaa70af8e86f9e97b26b428af74c77313c4bbb9e
HOSPITALS,121735.0,683.0,Scarborough General Hospital,Associate Pathologist,1996,af37d22811db0884dde696b6e05f1c0565e0001aa5d09f11d1539c926b0a359a1046b693f5c704d7df30af578e47bc3b317a488a0f40c73dcc2ffff1889bcee1
HOSPITALS,119076.0,657.0,Scarborough General Hospital,Vice President,1996,aac47d10994378a423c673c4c3f8c073e281fe77babe8939fd85abc8bec19448d19158f90e199c0fa3024ff153b71eddbff0c84d94c26699f32f9ddaa8ab2239
HOSPITALS,118077.0,659.0,Scarborough General Hospital,Assistant Pathologist,1996,4f2b20b7768a7d71a841936406b29de882c768807f693f071d2c607a1efe719590cf7052c65aa0f0358a481c7a78e58adc5b0437e600ebbac36e357c59c169b5
HOSPITALS,171575.0,493.0,Scarborough Grace Hospital,Chief Pathologist,1996,c2f77d5467af773b74a12e762cb1d24db602bda2905403d4740367343094681432ca0c26c8fb7aff51554b11d8eb703fa2488a6fcc81d01323fe123c8f001112
HOSPITALS,112810.0,216.0,Scarborough Grace Hospital,Pathologist,1996,56f6b308a35873e34e7a60a66194d1e017bb8e01ba7e521cdb6af8dd21a3a284bd073fb01e169d0c8d05cb2cfb63c95a90713afd67917b65198ba2ffe5d21d3f
HOSPITALS,169770.0,10547.0,SCO Health Service,President-Chief Executive Officer,1996,8fb4dda9963dca20f275589bf2161ef8563d246c0f0b19d3ce54d414e62931754c45bcec30451e814015abc02e20c79be1a2eea06f67d658682ef45662fc60d2
HOSPITALS,106550.0,730.0,SCO Health Service,"VP, Support Services",1996,e7788beb852a1da2c8242fb4bdf77832fde333209911efb7fa78e1d716c2ac009fbe6ae8173600b1dfc635b4b5223935418606e47a2140bd8e309ed4e2dac2c5
HOSPITALS,130555.0,4638.0,SCO Health Service,"VP, Geriatric Rehabilitation",1996,855a4d493e18eac034d27a534227a40c60e0d6743936585ed15de5c6326a4f9fababf264d1c6534f244bcf2a6c90ae49a172c02599bf93c4fe38efe9aa5dc25d
HOSPITALS,107448.0,736.0,SCO Health Service,"VP, Ambulatory & Outreach Programs",1996,be27d32dfe80c1d34ddda7e9a6194e68d4148c09f0eaeca1858edc3791eaa7878b828e7b604e99eca5f0af43f0abb08606de8eb627bef110db559923e8e66b06
HOSPITALS,107060.0,730.0,SCO Health Service,"VP, Finance",1996,2bffd48ce885d66d3e5561edf403f3bed779f4ab88ef43c0a2b385690e83e1168f8c26c07f22aa1cb92033f745e4f2be9238e31cc281994f9e455ec498c4814c
COLLEGES,123988.0,3123.0,Seneca College of Applied Arts and Technology,President,1996,6b65997afcaad211766dcd85bff10727839ad71a62683f83faee11556ff52cb50ef870fed3dcb5a3b55879f6828d85cabbd51c687d67889f8ec77c69d0f8790c
COLLEGES,124646.45,1993.2,Sheridan College of Applied Arts and Technology,"V.P. , Academic and Student Services",1996,f0154910a4841e9e66ddb945aa9a445f87ddecd5b5bdddc718ceade904ca62d531a7aae2a82dbfba643aa33b1eda24086d2f0d92c6092c8f7b6e34a7616489cd
COLLEGES,101674.86,2482.44,Sheridan College of Applied Arts and Technology,President,1996,2633a578ca7abbe66483eb30478f660a30558dc2a70cae4ff169bc28b7614808bb7edd1e49772d75a950b5423edb49e9e14ce5c9e1ab5522657dbb6854421370
COLLEGES,115579.15,1989.84,Sheridan College of Applied Arts and Technology,"V.P. , Community and Government Serv.",1996,04a8e637b544661e5139ad01b94244831e236ae9b1efc629b7addae63e99dc7a36f36e5ecb628672f8f7ffd6be7611223ecf83ee1015881010ff61d1cea34aca
SCHOOL BOARDS,107438.0,82.0,Simcoe County Board of Education,Supt. of Operations,1996,a4ba52d56264c46c99e880295fbb29d114d073a396488dbeb0c88371d916f03d8ca894238fbafd75d0cd1e4d07bae5ca23bb42c1db1b7602b0f359977368d1ca
SCHOOL BOARDS,107438.0,82.0,Simcoe County Board of Education,Supt. of Administrative Services,1996,045b2b539505b6fb6d86864da5f5b8100f6c4e5ba4dc7abf1c025cbf39be9f591fb5c9a71a4d33761106c6ad83f0661e5e74a110dfeec51699266ef3380752d4
SCHOOL BOARDS,138119.0,82.0,Simcoe County Board of Education,Director,1996,a45b4cd37bdafdf34046d3744f9104566de54b8d44e3af7782d601ac389ac2b42ba3b26eba75e6dc3a4ffb8d548ebaea0f6d78723dfe34e74e42481dea3c2303
SCHOOL BOARDS,104270.0,82.0,Simcoe County Board of Education,Supt. of Schools,1996,ef3df4264eb6ad4f00243aee585381f7bbd8ea55a1614c39ff6b37551557d39c3dc441e1b3e35a912c581debb0686a99ff59646313572f363f7ae5b0dcb7b38f
OTHER PUBLIC SECTOR EMPLOYERS,100256.0,422.0,Simcoe County District Health Unit,"Director, Dental Services",1996,22f67c272f6aa2d8a56b8f356735961fb1471533bbf7e3da4b04fe4715547792370f080176a3462c6577008980eadc58a596667a18a0185bf5709e1fbda3b95e
SCHOOL BOARDS,113033.0,176.0,Simcoe County R.C.S.S.B.,Supt. of Business and Finance,1996,4d3e1b15284af6de0912c70eaceadb8300b3daf4ba7f705b321bd4de27484afd5d9de75cdce329beca2c1dea1cb3d5d0aac8af80b108dd051228f7ead07e11be
SCHOOL BOARDS,101586.0,176.0,Simcoe County R.C.S.S.B.,Superintendent of Schools Services,1996,d56f0def7f117fe3e744642b63cec6b897d6605d20c9fed714591cf4d5d94d5fe69e8789cb042fd39ff1299bbc43156ebda12c9bded14251ee334e1bca61dc95
SCHOOL BOARDS,130600.0,176.0,Simcoe County R.C.S.S.B.,Director of Education,1996,20cdaeba2c6cca462e8147dbe5145526d91c11352bdb6940478ac7a25d4e2efc23bb2bd7217db1e7152558826538c46e3ee6a5f662d0144e1db4af7e4cfe81ce
COLLEGES,137001.0,1150.0,Sir Sandford Fleming College,President,1996,60583712d2f5c8711f5b66b062f1fd279971e57ce71b56388fcf9a0fb295fac315fecc47d99b0af2d5d14589048cf87d5d2148883133b1545e73ba6580c0dfa9
ONTARIO PUBLIC SERVICE,128312.11,369.36,Solicitor Gen. & Correctional Serv.,Regional Coroner,1996,103a9faef010b72b5b4eae2c8bfece9be42329e72a78b45235c3cde6ade781e62115d7c82674446b172d8f8e7733f8e74dec3348b1aa40062aa80e7fd37c98ed
ONTARIO PUBLIC SERVICE,128312.11,369.36,Solicitor Gen. & Correctional Serv.,Regional Coroner,1996,085753b19b6192a26f5c7363ad87f7b825340baf34144fb423f140d9ef04a418b24dfe073acbc26828c4843eeb50a5572a44eaca95ca5710ce4a1f32ff7764a6
ONTARIO PUBLIC SERVICE,145524.4,419.04,Solicitor Gen. & Correctional Serv.,Deputy Chief Coroner,1996,807996d4520487844b4c40b163664cea28cfd74472961918f6601596c1a05268bfd427a4f7500f0ccc1ee3f33d03cfce986b22db314302534124fb5e0bbd4aa3
ONTARIO PUBLIC SERVICE,112100.88,257.16,Solicitor Gen. & Correctional Serv.,Bureau Commander,1996,3e19b197070e42eaa79c5598b5eeb82eed686a27f9dfae64e4c5866a6cd0b1692704de6221a08e8ce1769ff597c041341b40beb1b6d0e94b3af105efec1ec95a
ONTARIO PUBLIC SERVICE,156790.94,451.44,Solicitor Gen. & Correctional Serv.,Chief Forensic Pathologist,1996,8d3c60966d6bb313c3870497bce38d8f7e64bebe74c9b1e9fd678d046d61554292a1622ae45c20ab614a96c627f93b2b720c6411ee5efed80f132f7fe163c0d2
ONTARIO PUBLIC SERVICE,119319.05,344.16,Solicitor Gen. & Correctional Serv.,Chair,1996,369536fabd41ae508abae451ad907639ef63cf4be4f6a391a4c59bb43a975a1f4d23c6e80c6f86ae785cd8fbcdfdd02db398c01548598722f29b98133a613caa
ONTARIO PUBLIC SERVICE,134684.3,387.72,Solicitor Gen. & Correctional Serv.,Regional Coroner,1996,8e7e7e4794d2387fb5f7f264cffbfbfe3c15b0d100658903d5a5cdf6681e1e79d3da215d3c507bf5c2cc40a0184ace6b0bbf30e0aa1c2902a94ac918299a17d8
ONTARIO PUBLIC SERVICE,108852.33,187.3,Solicitor Gen. & Correctional Serv.,District Inspector,1996,6395de790defa6168ba914d61f7ac182932fcce65cebec22da554b7e97f9337b3edad96f0670550a336e27174b26bb9ea4b38ee745271169d9d58ec8691b574f
ONTARIO PUBLIC SERVICE,100298.57,216.0,Solicitor Gen. & Correctional Serv.,Superintendent,1996,565406528fde6cf63887fa2e77a84e93c74c1994249ed05b81324158d97da26d46927e078a445f702a0b390ae0747270a50486e52bb33edfd0d31f5357bd8bb2
ONTARIO PUBLIC SERVICE,121072.5,0.0,Solicitor Gen. & Correctional Serv.,Forensic Pathologist,1996,22db1a0b3bcc3aab308afe4e50b86efaaecd81294e8c4083bc897bcd4c23621f8ea2210509b137b73c21cd8906878594ea4a5acd7752e968d24f79ec1405c6f8
ONTARIO PUBLIC SERVICE,100107.67,162.72,Solicitor Gen. & Correctional Serv.,Emergency Response Recilitator,1996,85e6edc491c5d62c40e74d314fa66f499e969b949ee1d5d7f1d9074189bcabe48d246ab09db6b9893e3b45af0d203d23010434a9d1255700ef33e0df03040483
ONTARIO PUBLIC SERVICE,100534.13,20471.25,Solicitor Gen. & Correctional Serv.,Director,1996,ad8992d8ab69c479145d23651597cdaf7a9a98b0673235aebbbcc6ac7e95fe8dad007c30c5b86a1433d0068ef88c9d8616ff917515ee6a12b711ea247c819df5
ONTARIO PUBLIC SERVICE,102422.28,216.12,Solicitor Gen. & Correctional Serv.,Superintendent,1996,248b0b65d89c951001ade8ff18356bf113990e77a45eb69eef66aadd03792771227dcf48207e626f872b94e6296555868125049164be443a6097ded34c050e99
ONTARIO PUBLIC SERVICE,100370.58,263.16,Solicitor Gen. & Correctional Serv.,Director,1996,a99128974ce4f51835d03dd5985c9b174b1531d97d33d12f001f55e7059c1004424603f6430911d9b51282a0faf3714863727c41d79ae47b1d1e3e54d462afa3
ONTARIO PUBLIC SERVICE,159131.06,388.2,Solicitor Gen. & Correctional Serv.,Senior Medical Consultant,1996,5e56ad55de20d9cffbef726cbf2f614ab34625f98d00a6ccf71f5c2e03423c9efb37ad6b3bbe45a5317fbc0d0b724702b72dce00ff9553d63a0bfd2f3b249b64
ONTARIO PUBLIC SERVICE,159814.91,0.0,Solicitor Gen. & Correctional Serv.,Regional Coroner,1996,de08ef6fe073549d6574e4aa57b6bff88915ddfd1b5c4a72762008b62419d6bb4cb918ea86414e3acbb80d5f4e2ee81d95186a3db0c6f882af09b70d0b92d3d0
ONTARIO PUBLIC SERVICE,104245.5,299.28,Solicitor Gen. & Correctional Serv.,Assistant Deputy Minister,1996,55bfa80162bef6170aa9ff0402562bd4c17cafe62d69c885363e70aa637e5bdcde1be13781574ba78a06272a9de2d31763a1e184343c33652749d8bc246bcafa
ONTARIO PUBLIC SERVICE,100108.35,220.56,Solicitor Gen. & Correctional Serv.,Superintendent,1996,5221515d9ea990d29a0387537783dec9697854df6382ba5b7cfd80bc824b1854821417aa13cd77643f9ff129670a3da725e004206ebb159f6f32de79e3bf1917
ONTARIO PUBLIC SERVICE,118089.28,337.33,Solicitor Gen. & Correctional Serv.,Assistant Deputy Minister,1996,7e35e002e2bd75c37de1bbba684a15ad6cec8ded8be534c0b6ab308aae5dedf85ae5bc6c42a06e9282d55aa6d55adfc7e491f2783051a44ce58cfe705dc6b01f
ONTARIO PUBLIC SERVICE,101815.08,293.64,Solicitor Gen. & Correctional Serv.,Fire Marshal,1996,08cc3232f9c7faa339848b054d67c9809cf04101d5e37e4083d22efe65c86a36bcd0fac3a9a050ecb01e3ef2c703870ff17258063b7c173bc5bb150b45c81c7b
ONTARIO PUBLIC SERVICE,100632.16,250.56,Solicitor Gen. & Correctional Serv.,Commander,1996,0b90cf05cece65f3c6986dc209f96e35e01758ad753047aaf2eba6229b9cd3f21dd79b796248b348bca9c38c4d8318f2ae6dda21e3a8b7b911a5e4d9700be632
ONTARIO PUBLIC SERVICE,109691.68,243.6,Solicitor Gen. & Correctional Serv.,District Administrator,1996,2c87c0ddfea6d5ac1f2025018e9b08dd992dff3ba4a930e662a813981ca60681a6b43321b251a815e161bbf68253ca5325483481ecb27f2e03c87fc1e462a093
ONTARIO PUBLIC SERVICE,113493.18,281.16,Solicitor Gen. & Correctional Serv.,Commisioner,1996,88aeafb123e10b80bcd90eb8a66716d2e77a20ff558fbf8cb1b5011b58e397112a43873747f2ba316d2056b9c4efd01a90e3817be239f7a2a74e1aa2bdaf1ba4
ONTARIO PUBLIC SERVICE,117305.18,255.84,Solicitor Gen. & Correctional Serv.,Regional Director,1996,79a359a86dfc464f06b422eafb17e729493c5d9586ac651fd09bd55c8f3a00ef8609b320d0201c514c8481a933b9813d897e501c8247c245ab5a38fc6611f15c
ONTARIO PUBLIC SERVICE,114061.28,329.04,Solicitor Gen. & Correctional Serv.,Assistant Deputy Minister,1996,5e6542e46c4358eb4958a7f14cb72dcbec470c5eb4d99c7b3643a2b22e4565cd3ee2ea5ef95392e2164827f31ec61803fcaef333d06d98ad219f7dfe0bb0084a
ONTARIO PUBLIC SERVICE,105826.79,231.6,Solicitor Gen. & Correctional Serv.,Superintendent,1996,f40943bd080a381f0f847b33c989b9d1fe773e5a65a8f55c4a0d56f679b51cdd6aabb200e1c5b2cd5593a344778fa548211cd03b92a37280b02c6accb980f192
ONTARIO PUBLIC SERVICE,139103.72,399.48,Solicitor Gen. & Correctional Serv.,Deputy Chief Coroner,1996,da520bdd10fa7b45e3e31492eb36569b1229105094b27b7ba68857b19933aca8bff41c6b83d7e3f703e19e2f37d2247a871e36aa9fa614d36211de97aa38eb73
ONTARIO PUBLIC SERVICE,105351.46,8736.68,Solicitor Gen. & Correctional Serv.,Regional Director,1996,109ac072d5823671eab1c1ef737798e5faa572558995e3f0d443b8e81561fe660405475903e8decae89c61f525e38fefc22109a7644fb603d3a841448b5a981a
ONTARIO PUBLIC SERVICE,102652.48,216.12,Solicitor Gen. & Correctional Serv.,Superintendent,1996,de7c4d240e0c1c5ee0dea1b213d491100660693b9fcd8453627244fc23ae11fc5353ad528e585e31298004a7571091f9073ac412848696c8ea2e9dccd9053911
ONTARIO PUBLIC SERVICE,137452.78,1488.7,Solicitor Gen. & Correctional Serv.,Deputy Minister,1996,217e925b82e3225a61f1e0d2586a31088faacd0f516247944893aaaf6a8e42b0fa757765b5a66f3fcc0bda4089b3257f5950638200364c979167e8023cae483d
ONTARIO PUBLIC SERVICE,134684.3,387.72,Solicitor Gen. & Correctional Serv.,Regional Coroner,1996,6103b91d7686a1442ced1c4bed260caa71690996b43399ab7443e5d218b1fdf74ba0c7ff152d5019b0a3bbbd6f4683353e1d50fd8d1468b5a69404845dc067e6
ONTARIO PUBLIC SERVICE,115524.44,277.02,Solicitor Gen. & Correctional Serv.,Regional Coroner,1996,6de4dc968b59753d8f2e94e0cd07f2add230b874a25b1a56ab4c2647868d82d637b20d2f244bdd5425b76207dd5949e77133a9c24511c77dcd414e7ed8a3c2b0
ONTARIO PUBLIC SERVICE,156790.94,451.44,Solicitor Gen. & Correctional Serv.,Chief Coroner,1996,a70b7c02fdd5ddbf74b5a0d15ad609dbc25cfb79f59e6617f3667749b9ec15d11eb7904058df3bc0bfdb9b66b6cc2441b5e7f397a509565e37421d1ac5e3e5f5
OTHER PUBLIC SECTOR EMPLOYERS,123628.9,7660.27,Somerset West Community Health Centre,Physician,1996,08dd222e292dcb35902b23e9c4e9cdba4f9480ebac9471d8619bb03b39b2878a24521bb7b1a3f547d22539dac380a261eca5c350cb415bdf12e5160cc69ed986
OTHER PUBLIC SECTOR EMPLOYERS,103285.93,6393.21,Somerset West Community Health Centre,Physician,1996,9d3a2e31a1f17d278fd1cd082da7a4a7ee9de93544de27f13f2b3806c090a04adb6ede0af028b0b4ca53d175a1ab35c0a34682452005dc2d1c84a04d98950c87
HOSPITALS,100000.0,674.0,South Muskoka Memorial Hospital,Chief Administrative Officer,1996,46d8cd7bdc0ec53cbc92f16bcbe3fa4a12543dc13edfa6861e57eb8803a73d2cd045af7cb789abc4f6576f4e218246c28494d9e4753b880e597c5740340ec649
OTHER PUBLIC SECTOR EMPLOYERS,117873.54,5406.88,South Riverdale Community Health Centre,Physician,1996,6b9a4825aeda57ad04af6264d3e0523d5cf584f6112a48c262d76a93ed6eda976d35c988dbc9bb01280a5760bb0665d7ba17b95293d8545222a1854ece0a2cf0
COLLEGES,101481.93,635.28,St. Clair College of Applied Arts and Technology,V.P. Academic Operations,1996,7aabfee130ea0e2b99ab75486ab9b1c7a9f7147f25ffec174c123e8a3bbb40ed77f767bfe93c4565576a20dc8d457bd932eb5fb11b3f1524038fa3926b64a1ff
COLLEGES,120711.76,893.28,St. Clair College of Applied Arts and Technology,on Secondment to ACAATO,1996,27b917b2ad7c85ef096fa7c36f4e3cdafc965a35b66dbe3d62be0b11d80d329a8e15b5eb5573d6be8618dc9f6cea8d606562fc2944fa28a01f2c85fcfaf60613
COLLEGES,122725.86,901.55,St. Clair College of Applied Arts and Technology,President,1996,66b3b1e85e2af1e3dbfd91d9478a1d42431932881e010c73c47b3e0ae691db6ff67491e969d452ca1774550d64257ce16eafd278a5e26c3b9d1491b354782f95
HOSPITALS,109997.02,0.0,"St. Joseph's General Hospital, Thunder Bay",President,1996,efbf0ec553b3b221fe3dc627f084cc6216888f43544c0d7babef515c01041b3feb1fb7be904a230aa1d174e797dc57734089de91f377113a7f3d692c97f51758
HOSPITALS,114991.64,774.26,St. Joseph's Health Centre of Sarnia,Executive Director,1996,aa56af1cc05452ae8463debaa43275c4ba47e74e5ae286694e8abb08bd23c729147f9370192250e40a8ba50cc0761359092ff5661655da586ee7b88ae2201a58
HOSPITALS,160270.6,799.36,"St. Joseph's Health Centre, London",Physician,1996,ffd54a36ac828be7dae2501c12d8dfffe4db1e50def42c5a8bc52ed8b0aec1af4e6fed6fe7ea20ac5c49758d85fec5f6debab3828dae73bd53cebca547f0dcf4
HOSPITALS,110003.4,548.68,"St. Joseph's Health Centre, London",Vice Pres/Physician,1996,d08868c0629ca27c7aaf6332291157e6848b3540c948806f3c1bb98e61a6c50c5645aea6d54be40b631b26a1ada03ce726a5b14f0253e267632008ac919610d3
HOSPITALS,107991.0,538.68,"St. Joseph's Health Centre, London",Physician,1996,589d33eca2b4d7b338feb8ec9db3dd7fee11501879ea178bc717a4539509f615603cefb9564d93461f8584646806b6f76385d7e61616f70935b37660f6f98601
HOSPITALS,105023.42,133.23,"St. Joseph's Health Centre, London",Physician,1996,4744dc121a4e5fbada868590784537e773bb969f5da13772abc8e07f20de908d9b42a8f88b256175bca493c400beab0e593ca850417e166e93067d7e4ef51f57
HOSPITALS,127501.07,8928.44,"St. Joseph's Health Centre, London",Vice President,1996,4c9d69870e78d989233fad663f4d7e3cf16c99385209109d9031e656424c45a9a054b459febdeb5480efa542285c1f0f42e4564c3b5b053d1c5ed3edca6c0a98
HOSPITALS,119004.87,614.86,"St. Joseph's Health Centre, London",Physician,1996,59e20aab59e63963aaa1d61801d607cd313eaa5f9fb6e94913e27712e98e32e2583d135ad2d33075979de3baa4c36f428fbc3e8513fff0aec689f30034dbff56
HOSPITALS,264000.0,17530.45,"St. Joseph's Health Centre, London",President & CEO,1996,a2238263a6148ba7b19d9f6950d141c1d343d9f6739238f0635c0276e85727759ded4579f5e6781023b56324569e503794d1f50daa1c2a6ffbdb8a0d30f6bbd3
HOSPITALS,137007.01,683.38,"St. Joseph's Health Centre, London",Physician,1996,fc65af7af3aeed37730a0e4f388b381254a076b846ed142d997cdb171400abb20259c96a3982aae3eef53a38803314c37bd372528b6c79b6a03441bd3d218640
HOSPITALS,122460.0,611.04,"St. Joseph's Health Centre, London",Physician,1996,bc58146cd58e4e61c23d7627dfa9d804c68c8601c4b1d05f8e8c2c37e0acfdff92e3bb08288c03c44a57bfaa4da5cd3dd543d3f73b83400d9d3a9ead1e448843
HOSPITALS,115001.49,9016.92,"St. Joseph's Health Centre, London",Vice President,1996,795d1a500ab8e5725b385d14328c498bd5bb12e230b754c9eef6fb5164aaf0bcb59b9b6572bb243856f68a049661fb1be9edc6fac9967e79b71b0436b28d5f10
HOSPITALS,131137.59,654.68,"St. Joseph's Health Centre, London",Physician,1996,34d9705e8bbd70d1d7e6887949c0b2e9241e1b292af0acf926a36f8d6f27728f41ae67a2df39a9db0b950bab7a6ab652b4cf6c2b29265b3e1b66f79df91887f0
HOSPITALS,209277.48,899.12,"St. Joseph's Health Centre, London",Physician,1996,2e0af3f24008161b5be6b498e432be39d2ac83370e108a0adf48c6f13cf4c1bef2f2e26856501b3d4069e908ede0b5b8ea899ef0c8303d3e36dee8450d0d3fc1
HOSPITALS,134335.59,669.62,"St. Joseph's Health Centre, London",Physician,1996,2f7ee5590b2ae76aa0c934038956ad8f9123704210a91aab678a898aa9538e62a61c9076c7222c7df7c0152aed2ddf3472452af437fb589287b50ead02e46dda
HOSPITALS,160270.61,799.36,"St. Joseph's Health Centre, London",Physician,1996,f22beb3c61208743cbb0daf506ad42349210e52e7b4b34ffb4e529cda2bb1b86c48240c4663f7885943000179fc6ac87b182d149e1455dc9e8b13e6481fd0b2c
HOSPITALS,108069.0,538.68,"St. Joseph's Health Centre, London",Physician,1996,891f1f6f541f67b1c64dd5413fbe4eff6e49ed9f59dd26a7f629775bcf469249dd9e6a990cb545a92f5fe679e44f703f09f27b5da824ed45a5527b0edb272062
HOSPITALS,160270.6,799.36,"St. Joseph's Health Centre, London",Physician,1996,03217cd89f1b8f3f908c25536ba6291dc8f8b0158adfa789c9443449ae7584f4d8814a369e45324e0798aa2c5a1842bb4ca4ce84144eb48dde8d6380b89b1c51
HOSPITALS,105000.01,9379.3,"St. Joseph's Health Centre, London",Vice President,1996,3bb73a5bb83e12f321df18a69927b11010cd55abe3ffeb8e0d7cf9e1de2d909288666ab562e7b570ade48a6baa75efc319a5d82c2d2b786934b3c2a423db3e9b
HOSPITALS,128427.0,640.92,"St. Joseph's Health Centre, London",Physician,1996,91234a108ceb862100917518d1c444abced90eec1668c13a0ed984a3d3e54ed3c508101c8c9c4365f1c77fe7fa431e19912cb4208ff0d5671ce0f2e16f241b61
HOSPITALS,133010.0,1600.0,"St. Joseph's Health Centre, Toronto",Acting Pres/V-Pres. Corp. Serv.,1996,d3fd0853714a00b8b4d1a320c3bdf656c87211279cb9b295627db0cf95fc53597a4c2f8fd92ccc460647942f9133e06e420f1101325c7e7459e97a81f746f5cf
HOSPITALS,127391.0,4892.0,"St. Joseph's Health Centre, Toronto",V-Pres. Patient Programs,1996,a6e82ce5343e357163e31ae6720973c4a81d3ace4502e4fa7bccbf6262d3471f215dbc906a6854e362970a1686feee0f3d86bc29be663c0d0a15afa21fd9ac88
HOSPITALS,150000.0,1600.0,"St. Joseph's Health Centre, Toronto",Director of Microbiology,1996,dbbc4100d383447c0679db534316f5abb629b1f5f8b7535145163bb4bd4075e0f2a8bd3c835bee197262b6c694e57928c4c454bb27a4eb8f2422641289aa1f09
HOSPITALS,150000.0,1600.0,"St. Joseph's Health Centre, Toronto",Pathologist,1996,110cf0959bd40624647c60fd1b082031c96a723fb624e9f81d2574df45d8302cae1b32a4862959568a69274eaa735d1740aae98c06248dd63237628b677508c7
HOSPITALS,150000.0,0.0,"St. Joseph's Health Centre, Toronto",Pathologist/Assoc. Dir. of Lab.,1996,de60a5f459d9fc6c1370f316433924f1f2d71c3b475009e8bd71ba4d141753a899bb4f9681f026cc09a007c6b5e6281ef22941e0e30ba69eb6f1bfabdc563d96
HOSPITALS,197000.0,0.0,"St. Joseph's Health Centre, Toronto",V-Pres. Med. Aff/Dir. of Lab.,1996,984384939ae055dfc0064b37eeeac98e078fc3242dd2f9bc4014cf5c19d41d1c5d20a914ad4ca431689e3b93851f1b4db6662572a5586734b55f4ab46c06d8dc
HOSPITALS,205434.0,6617.0,"St. Joseph's Health Centre, Toronto",President & CEO,1996,962221a4de1231a5658a9dca2750b527ed475a24fda9c869b31e5d128b72193c88257f501504103c1d6d7b93f538f33aebe54139f76e19ab5b6bd70f2cf3aa19
HOSPITALS,150000.0,3410.0,"St. Joseph's Health Centre, Toronto",Pathologist,1996,d45eaf28b876a25e15f5cc5914e589a2ac9bd336c68ccc317045633184e400c603ab48466e867198a68cf6f4a8662a341f4997f0cf6250bb8fc23e9e8dc3e289
HOSPITALS,107244.28,653.76,St. Joseph's Hospital & Health Centre,Executive Director,1996,9ec5ca451249496a35fc5ab76a428133bb3a16511ae960357205594993a5e4dd5e6118324bd59edfdf90cecacca00cdcac10ccd7e06eecdcee44a1879eef19d5
HOSPITALS,134999.0,831.0,"St. Joseph's Hospital & Home,Guelph",Chief of Pathology/Dir. Lab. Medicine,1996,5e8c293c569d534843d03b165890becaec4f9cba8045a9a2b281a361e623853f3e5f5aa69c1eb570efb58a7b7b048a4c5b72e4b11e0e92952ee5c305b54a8fa2
HOSPITALS,119175.0,7363.0,"St. Joseph's Hospital & Home,Guelph",President & CEO,1996,3d9cc3361eae3e5b5e40eaa9260ee3aba030162b00a8377b6bddf0af0ce1fa1227e9bdcf642535f80e9aaf451faecc0e441dacfe48685a3d37685f57f6727885
HOSPITALS,105826.0,985.0,"St. Joseph's Hospital, Brantford",Chief Executive Officer,1996,72bc98d69be92a2ee2607037e0f28e599707d25d7e37fbb3053f29a4a628f5e133101d72b6d99fb76cbd744b72ec1b207aac3f5aaa404608e12f45978280575d
HOSPITALS,146356.0,866.0,"St. Joseph's Hospital, Hamilton",Pathologist,1996,90060e1f267cafe8ac210e7d42be6338acaa89a3ac2057fb461ebb34387a4d528b987b12e52347dfc7b262a4bfabbbaa46ab0cf33a1ecdc14befd9485e6e000c
HOSPITALS,182259.0,1084.0,"St. Joseph's Hospital, Hamilton","Director, Laboratory Services",1996,46bb1d6d746d8901fd7093c254613b7f2ca4199dd0d1210c613839fdbcdc81a1b0620138999b097721422b987133e08f35373b0c7c2bc4c6ae415770ca96d120
HOSPITALS,120335.0,714.0,"St. Joseph's Hospital, Hamilton",VP-Finance,1996,313b89cd612cf7e5afbd73053b7fea268606b05eee4ab88f0f3cb4180b17f1d49156425a77688f1d15cf516dc1530dca30728706e8a550c6e76743a69453ad44
HOSPITALS,136628.0,809.0,"St. Joseph's Hospital, Hamilton",Pathologist,1996,8ff9d7f8397164044a1a139c0c443ba817595f35a6b94424fb375c174deb997f755c50c052897a58b3f981453984924316af857bb6aba5251175689724884514
HOSPITALS,110948.0,657.0,"St. Joseph's Hospital, Hamilton",Scientist,1996,f3264b56e6b4af280bba89db8ba0d34bc967a84a8a844dd072cf47a5efb4186477e0b5676cecd45ac493aacb35550fb5f934bcf281274b7d24990fd0070b276b
HOSPITALS,212946.0,3619.0,"St. Joseph's Hospital, Hamilton",President & CEO,1996,4c232608fb88208b70c150d9a2faedc6926d60638deeb5f16f2438bfe9bd1808de72ab37a87f5d02f1c9cd50834d64f63eb506a6fa4246ba4d65a43203a87a67
HOSPITALS,152828.0,906.0,"St. Joseph's Hospital, Hamilton",Pathologist,1996,722117abfc4add70c5917455b74e44167289cd726158f5c1438613de680915daba0b546e2554dd4a1035935f49837895d51fa0c125a14460b67f0f16b84fa2ed
HOSPITALS,141581.0,838.0,"St. Joseph's Hospital, Hamilton",Pathologist,1996,99e8db3edf68dc8341a8ed5f3b795e741bdac3bfaf0f0e5f170c61e5998e70c30ef0275afb920bf3219ca7e46f395d9cef778134fd47f2fb451afa8e81f3fec1
HOSPITALS,111459.0,661.0,"St. Joseph's Hospital, Hamilton",VP-Patient Services,1996,dea3f7a9c628fdf72c960f870619ab43250386ae9fdb35d0ab3dee2af0775fd26e5ee7afa71af69bcb91e550223dda3861a2466ecb4cfc4ea44df04261e72f9b
HOSPITALS,144989.0,864.0,"St. Joseph's Hospital, Hamilton",Pathologist,1996,45dc48e3d9364105b3be874ca5fc38ad172df9260276e194c21fea7e8c05095ae29fbd57172f10225e685941a1b83180f5524599234a7c84651837de9a622595
COLLEGES,123525.0,9695.0,St. Lawrence College Saint-Laurent,President,1996,dc468cf12f74e450c250fee42883cdea2c09c7ad07d90a0e1a072ad6d8e0c36330feb756d8cda37a8b5d8d04bb11ed5a15a900d6f8c0896c97462f5892ced3f9
HOSPITALS,131480.0,6027.0,St. Mary's General Hospital,President & CEO,1996,68736c56c8c6bf6b2a876f0689936d1604fbcb2bf73495c36f2b3a383660be83e334a35ed4235a6a53987e74ca917cd0daa642f0ef20321dd98ee8d0f8855428
HOSPITALS,164583.0,794.0,St. Mary's General Hospital,Pathologist,1996,5da4def2d8f80d60f29a9f25e4948f03065c38d7d54e1eb01925c89c138082b36a94399ae98b838fe5fc84ee71e44c6aec4a611789a2d9729731fb6849f61421
HOSPITALS,164816.0,795.0,St. Mary's General Hospital,Medical Director Laboratory Services,1996,46325b387cf0d0ce0fc67d778b05a3f9a6cba68408d5322e6fa8e0f318dd330b9c9c1f11550ecbc8ee5d81dfcbc76f41811457ae15a37345af01e7cc45520915
HOSPITALS,209800.0,14124.0,St. Michael's Hospital,"Executive V.P., Chief Medical Officer",1996,73c03c15b25d1aed4a223a25c6881e1f2c0d6b0cdcfe09bf8a097d0c07be840bf0df79a85eba09cbb4f726900c2c0a1754adf9cee5d75aa68cfbb3e61dc6f66d
HOSPITALS,107153.75,350.28,St. Michael's Hospital,"Dir. of Research, Obstetrics & Gynaecology",1996,56d7f5c5ff0bf3ccabf3a99f542f223841e589cc00fe2977d7510a1bfd40edefaf726b2effe6c513c8cd5e0fc2fb5d82805b423953d96993037efe6505e179ab
HOSPITALS,141200.74,461.4,St. Michael's Hospital,Neuropathologist,1996,ef201cdf9b6f297498dcc44e9c26aed8d79dc9746211064fb7415bacb9cb147a5405e7c31ac4333ed15c0943aee8e6eab6d6b4d48ed056e5162181fc6f9faa86
HOSPITALS,148434.0,202.1,St. Michael's Hospital,Pathologist,1996,69f0888e2e02499f3b985ab339efdc06848dc222d6b41450e88da83d099f192ac5443de54f451810c7aa4694e1b8ef6708b4652618cda26957a83ad111c0c113
HOSPITALS,141200.74,461.4,St. Michael's Hospital,Pathologist,1996,f3e44a3cff3be53353385a1a092b906feaad4b4671d03f28098e53175d9c16e7be14c231b6bca00c239b637b26d3f3a1cac493a8de1d1059a1e26decbab93e19
HOSPITALS,119859.0,389.39,St. Michael's Hospital,Pathologist,1996,fb4626f47824a65ed8ace43fe8990566f1544aa89e52cba2705519fa08e2944ff8fc16e36105485f37f5a9a095d0b2b930d7c6b0238c6e4286551be70b3d862e
HOSPITALS,148434.0,485.04,St. Michael's Hospital,"Director, Blood Bank",1996,f137ba73b8d14b28b240faa4319ce57e869a39b547116f1901537a61a6a40f22a70ac57a4e2d60cb4967f0fe9b8aa923e458fb8455f076e55be8787e607d5e18
HOSPITALS,141200.74,461.4,St. Michael's Hospital,Pathologist,1996,c6e57e448befdc99048b7a1c1ed1f39cb78d6e86144abca113a7542a6130bd263365d4be1bb3e7ab91b3cf4ef197dc36d026463d3906305b52f9d5221ccc7881
HOSPITALS,110438.23,0.0,St. Michael's Hospital,"Director, Haematology",1996,58ec1cba2cdd2c3d4a685cc88e2745d97752e10e6488b6663e9168ec6fbf0b6eda9676108c6487590183b2773424dec92b21917300bfc00002504bd456414288
HOSPITALS,144615.0,8653.0,St. Michael's Hospital,"V.P., Corporate Serv., Chief Financial Officer",1996,1f8882d54076b60e497d94bb208ec538dfbc8fd23f10262cc4c88767e58d71a7819da9ac6a5960474068c7e21a57b800b82f7b4166a56cef613e01231164f8ff
HOSPITALS,141200.74,347.88,St. Michael's Hospital,Pathologist,1996,e1b7627c3fb5b08527ce9b649573532a37c4cc392294614c0dfaafa0053e05bc6895b530b2750d3df6113438d1af214e4474f0c4c79a55dba93f47f76447a3a2
HOSPITALS,243269.0,21286.0,St. Michael's Hospital,President & CEO,1996,c58f1c29c6be19c6e07b203316edd2c08a7a846e77e89c68fd837808f8e6f7ff092605550f1fd38fe5f35b937183139da4abc4351ac893cf70b8bc220195b234
HOSPITALS,120587.0,8438.0,St. Michael's Hospital,"V.P., Patient Care Programs & Planning",1996,ca1f8cbbae2d529bf3f2c068afedc5dc5812c11fb4aa988a600a930c6a2c4ddb50a61c5b929bde98718240a977d56f523e681a04ff2caa3d853ecaa4048938ec
HOSPITALS,126827.0,9958.0,St. Michael's Hospital,"V.P., Patient Care Programs, Chief Nursing Officer",1996,53b25799c41fe8990ded486c2f99a8233461c7a45dc5f4b162adad91440ac8e0a89924b7d20128f1487eccf3cd872e67b2cb72e2d318086af1354f610af50fd9
HOSPITALS,141200.74,461.4,St. Michael's Hospital,Pathologist,1996,27740dc37675e247fd6cda5006a055ccef4c1e37d7d838fc73e3ba0aac5cd85a87c8b82b31d927e4e7719272c6cedb6001b05df5a2022e7f21ca46a916048ee4
HOSPITALS,159600.0,0.0,"St. Peter's Hospital, Hamilton",President,1996,30093eefa9195797ab8485ae8f6ee43cf564ddae533feba0a44344b948dcfb58a12f1fdc0d9d5599f8e91b00c15e56537ceb71f8d173cfe93252ed4a1b1d20d8
HOSPITALS,122493.0,644.76,"St. Peter's Hospital, Hamilton",VP Clinical Affairs,1996,7d434e6d400dd95535c95fd024a46b134394823c593cdec5a37a55b6860eee62993a2e8e1eafd06a9cc36a6d4a6121a81583d3d6ec1de15c895dc5e988780b1c
HOSPITALS,148495.0,811.0,St. Thomas Elgin General Hospital,Pathologist,1996,538f5786951fb45d2174b75684d83ba8f23e50b27a19f035dd60fa2dfca35294a6a9a1412de84373f24f5c2743304eb52de0ff6aa9d77d7ee70ff0ca75864033
HOSPITALS,141215.0,1493.0,St. Thomas Elgin General Hospital,President & CEO,1996,1b0bac97b1db479e78bbf8e40408566da52d9f96818c74932191571a3b944541b8a32abb87df8b3773a71e6c14130c362e18c2941d409838bfa1d98d05ed0443
HOSPITALS,148495.0,122.0,St. Thomas Elgin General Hospital,Pathologist,1996,a970195a21beebe6f2c680e1ac65df97b5f1aeae32290b2a6fafb68c2c5528ceaf7b02619b7ba0adbd09443107b831fd6c513f595d63257f312838000d09bdbb
SCHOOL BOARDS,105660.0,6670.0,"Stormont, Dundas & Glengarry Public School Board",Director of Education,1996,49482475e5e53580992972084a0951c275daea6f078f17be28ba000c25ae47f585ea7d5fe8c0fb93f98208018417650378d9c37ac60c0166e5f6f72c5c206253
SCHOOL BOARDS,101186.0,668.0,"Stormont, Dundas & Glengarry R.C.S.S.B.","Deputy Dir. of Educ., English-Language Section",1996,a49e387a89c78240a7bd6f821544fd22224fedee76533426bf09765ae8e9a5d9b237fd45f1ba9d307fd969c0d5c352af74d9677d7de44042144577fb5e97f8d9
SCHOOL BOARDS,101186.0,668.0,"Stormont, Dundas & Glengarry R.C.S.S.B.","Sous-Directeur de l'education, Section de langue francaise",1996,e9f4c01b3e351cc92ddab52525f44f1fb9dec46eb406c39981bf13adf38093ca769500bf9e63f905970f73e5b6d27ae70a4ccb7a176587adb40e4b49b7af5008
HOSPITALS,115769.67,1592.88,Stratford General Hospital,Chief Executive Officer,1996,a700327811c8db7675949533e206f3ea90a53071b2a7b1558c711e3113de5cc9fce183ba40df4c6d873000201b4ef9af7e92993334ef1548c27c777e0039bb6a
HOSPITALS,108518.0,554.0,Strathroy Middlesex General Hospital,Executive Director,1996,b12eed798e3a95ed690938ab2ba57fcafc1c72d1fe57e816d01da7e19b5c5c44e86476a57ea18de3d9c3183c4ae8cfda375f177e05013f3cc03b5539e55712a0
OTHER PUBLIC SECTOR EMPLOYERS,141338.0,521.0,Sudbury & District Health Unit,Medical Officer of Health and Director,1996,44998f77dff60e80846c6eb483a04605b657e5df692fcd7532886ffd6a33c7c8bb8e86a5072fdb558a7a4a49e20385067ca105c08eb46b3d1a43480a80bbaeac
SCHOOL BOARDS,105315.08,497.64,Sudbury Board of Education,Academic Supt.,1996,f95694a6ef531eb47bf522c4cefb4757b256562ef62f73e1709c95c6436eb1224833b143aca839c80237bf782d3b0a895cc32613b968612bb1f0981c09812e96
SCHOOL BOARDS,110420.96,520.26,Sudbury Board of Education,Supt./Sec. of the French Language Section,1996,ff5501d1196d8e18132e4a6114ae2b58f80c8d8b7b0d9937c1202a741939abba4c0152bb797b459c840f54968048ebc09e2da43285a85c183ff34860670f4373
SCHOOL BOARDS,116263.94,542.88,Sudbury Board of Education,Dir. of Education,1996,0581f502a6c622abc4e5075fabfbfce3d8e61fce7afda09d81abb345bbbc468428fc444280c096cfa7c864bd5db087c0e545863f8b27b197222f0feaa9598840
SCHOOL BOARDS,105315.08,497.64,Sudbury Board of Education,Academic Supt.,1996,4a446d9690ce6e1dc1ffe910c501e927e8bd9012401d5b9901430bc7e71972047b2a602ba21bf29279475d3e9d6e71a945d289551631a62d154f9889f95768d6
SCHOOL BOARDS,110420.96,520.26,Sudbury Board of Education,Supt. of Bus. Adm.,1996,10b816966683e2ac459fde341595fceb225e9b4396f5500c5620aea3d1c45f76ca8df3be7f7981352560019ab2b8af0385a4b79fde114ce3a21f990061f43db9
SCHOOL BOARDS,105314.84,497.64,Sudbury Board of Education,Academic Supt.,1996,b3520a1342d4a273cab06add52792da3706acb5a5d684978a773b0b4e9c4984add5ad2a61ff35f4ede6433ed656dd6761eb9fe29b257a8fed54e8d65b3320eee
SCHOOL BOARDS,105315.08,497.64,Sudbury Board of Education,Academic Supt.,1996,40c62be1bc4bec0c93fc8dbb6846ac468423c01ce83b6eb4a04207de8ef757a376bb88d224154c03a4bb7ec4f486438f2a040aad3bab9c18f4a41f862dce4595
SCHOOL BOARDS,107635.0,5317.0,Sudbury District R.C.S.S.B.,Supt. of Bus. & Finance,1996,238d4fb59551f2e6c3a8222750d4befd399d1cf65b4d1822cd7cb4da7b14fb03c67124743b8e3a8cb0f2406890c2f2f71babf29cfbe768b135a4e6a6b57c5a78
SCHOOL BOARDS,109473.0,5209.0,Sudbury District R.C.S.S.B.,Area Supt.,1996,1f7286f3445ec5097f4bd31260f2fe2dda0c4502de078e3787bd62f29c245e1eb878b968d44f56ad65b14f53affa79357c80046b2bc2e4dbce2fbddf236e4564
SCHOOL BOARDS,101083.0,5270.0,Sudbury District R.C.S.S.B.,Area Supt.,1996,2f9b3f4091428d1cdab2ed465550ef4ab0266d09422c54012d80bcfa98a8f2d19473c83864189f894dddacb0296e56e25713f45adab0ca3fdd8b8dece061f0b1
SCHOOL BOARDS,101083.0,5363.0,Sudbury District R.C.S.S.B.,Area Supt.,1996,2fe1f01d6af0f650c1acc2421ef0bad42da2a3f192a7fa3be8e7866ae4c9cabc426dd2926b6f6d672dee3c287e7ed7ada22c9307ec6adce45e8613a9449b37a0
SCHOOL BOARDS,101083.0,5270.0,Sudbury District R.C.S.S.B.,Area Supt.,1996,c6e5cdd8634bc4da1accce1354e16c53e68d2743bcf1f045d09a9d6479595c10d59fb1deb1b9268fbbe225a862056e16b8ff6bebab6deb56a902335889b322ae
SCHOOL BOARDS,130415.0,5364.0,Sudbury District R.C.S.S.B.,Super. Eng. Schools & Assist. Secretary,1996,9717fb3f1541369b73cdbda6a7562d7262d21b4c9e30ffa8c5a650b0fd21a20a00da4740188067722d7990d1d88bde8cda29f80575491162c9d47cb5c63ec694
SCHOOL BOARDS,120903.0,5415.0,Sudbury District R.C.S.S.B.,Dir. of Ed. & Secretary of the Board,1996,a5813024595c3ecffe36539e08517ef2c57de803746c72b0b5258a9744bd202d09457af78debc200671484cc0298a693c81b9869c6fba9e3f669eb92a7612dc4
HOSPITALS,109579.33,1724.28,Sudbury Gen. Hosp. of the Imm. Heart of Mary,Executive Director,1996,579cf797badd42bfbbe03ae803a8c1d9652475c53244e0283c3f19312cf63c5dbe559315a353ede051d18b812a10070ed14362d164cb6451d52c42211f15220f
HOSPITALS,103213.8,1664.76,Sudbury Gen. Hosp. of the Imm. Heart of Mary,Associate Executive Director,1996,4792a8592b12c56ecd31c41ebdce949c850fc6e86c378bd2b25af66ccba70f4e52296f28142d8bc23ad2ea44eb28cf7fea2f614a0785ba739699b834284b35fd
HOSPITALS,113035.0,677.0,Sudbury Memorial Hospital,Executive Director,1996,eb2217c7bd6c69485f56dd89153a0cb8fb72756188f363bc504a421d64735bf94f7e22314005003b7e0c43775858a14e4f4d67d753c5aebaa621c375b34c7364
OTHER PUBLIC SECTOR EMPLOYERS,112144.0,983.0,Sunnybrook Health Science Centre,"Director, Research",1996,394ae4e9cfa99b853accebe6cfcff64f4d09fd7f5619b48d113a59a2fea9f5d9438bb941fd7b78916b92820bb4ec5e22f026bb8608c9e0e3bae9a90a6b0c5877
OTHER PUBLIC SECTOR EMPLOYERS,226451.0,77173.0,Sunnybrook Health Science Centre,Chief Executive Officer,1996,0f2a9d8670b61f651350c85fb1820416c81ad3a264c9ee246e813e35f535df61bd61952d330e1016fce21d732f7744f3c1be291e10a5e5d6698236f297aa90f2
OTHER PUBLIC SECTOR EMPLOYERS,200000.0,7123.0,Sunnybrook Health Science Centre,"Director, Laboratory Medicine",1996,337376df7e19522f8cb2120eaf5791b3f14fbd98003bb8fe62fada14871067c130667731195caa7a92822daef14ecac106ef5dde46e0b4b30b735709b9e40e98
OTHER PUBLIC SECTOR EMPLOYERS,130811.0,1046.0,Sunnybrook Health Science Centre,"Director, Research",1996,67cdc5bafdea81e067cc41a3305992833696b816e6e61f329461a719cafa4df3dae4d7fc8fb9a89ed7c4ecee36ccc97431019c0bdf594767b67af620fb424c07
OTHER PUBLIC SECTOR EMPLOYERS,152024.0,46900.0,Sunnybrook Health Science Centre,"VP, Research",1996,b2ed29461288f15e3558a4b722bac72ea8320c86614270311fb0ea169c2f136f8db39fe42e18f84912bca4b5bd6a877ce4865b12a319e42572c6ae691585bd73
OTHER PUBLIC SECTOR EMPLOYERS,124570.0,1021.0,Sunnybrook Health Science Centre,"Director, Research",1996,885dcefe522dd7b40b3a59f5b9fb8ece2593060dab0bf885a753068bd1ed9b544b8bc44f4bb92a113a4a68f2ef257b08e3478c430e4fa20a980b4361e812e443
OTHER PUBLIC SECTOR EMPLOYERS,112820.0,10351.0,Sunnybrook Health Science Centre,"Director, Info & Materials Systems",1996,c0ed7886ff86e5b03fe08769b4d1f6a3e7e04fe1b931dc9645b93f14253af3228ff6014b50b4c5894619ab1f7b7c6e9d6ccdf134b251f9ce63e0651daf3c3771
OTHER PUBLIC SECTOR EMPLOYERS,137791.0,40283.0,Sunnybrook Health Science Centre,"VP, Operations & Facilities",1996,35028097bb44820273b18b55f71ee6a0ea8cad41277059e2e7b544cb43e28fcea48e4328f1a7bf2887f2a9af5c0db150309ba9558de7fb76cb76f35425f931a9
OTHER PUBLIC SECTOR EMPLOYERS,109860.0,4345.0,Sunnybrook Health Science Centre,"COO, TSRCC",1996,354b29454f1095ab21e7dc47cd810d03369153f02fea2cf8748ee2cda0df7c7fd9200341664f85dbbc332b37c417ffaa82e7c89f1c631ed3ca31e69ff17d3c20
OTHER PUBLIC SECTOR EMPLOYERS,109860.0,11345.0,Sunnybrook Health Science Centre,Chief Nursing Officer,1996,509199381223dbffed4eecbbd0e62bf702ac36a1da566c4d560083d62d9cfb63f0468292dbfa2a9ee637b3618cc4c5fda746f239626cb43373e7673e507687a0
OTHER PUBLIC SECTOR EMPLOYERS,117710.0,45028.0,Sunnybrook Health Science Centre,"VP, Operations and HR",1996,75a37b68ac2380673eb50865d141729c4616e0f800dc67822ec52ef61a79b8a41ea073a6f0b09a7d079bceb3d3e54b9b46ad38a36ed97672a0f54739d2b48241
OTHER PUBLIC SECTOR EMPLOYERS,135676.0,39186.0,Sunnybrook Health Science Centre,"VP, Info. & Corp., CFO",1996,5ac587c0110bb95e92698ac7e95e986118f37529b95c3071d452f780cde0bd88c3f7f5b09833427de25f03bc1c5a7ac258e4c219d2159f31363822e135d67ff3
OTHER PUBLIC SECTOR EMPLOYERS,103109.83,207.24,Surrey Place Centre,Psychiatrist,1996,c25ff0c98a4e3eb6dd5e784442fdffb4b85e5ac18fd3bfba0b8528be27f1b720ff1674d6445909418f59e8dcdc76eb8b812b3964d0cd87130691ab7b9233d0c8
OTHER PUBLIC SECTOR EMPLOYERS,149909.83,300.24,Surrey Place Centre,"Dir., Biomedical Serv. Research and Education",1996,f3f20a447d1615a069dbf3206cc53169236773162c194fedf50c9801dc296af963fa0b1f1addbd7ab91bfc92b6d054d3dd3456530db00ec711238147b3e9d0a0
HOSPITALS,104475.0,655.0,Temiskaming Hospital,Executive Director,1996,a2103a44e0ca912345126ffbebe62ba28ca96494bc598ae8468652deac9ea4ba764e6680777be251bfdea9c854ccee494674d70417018e111559033dca826486
OTHER PUBLIC SECTOR EMPLOYERS,103382.0,10334.0,Thames Valley Children's Centre,Chief Executive Officer,1996,7a5d235b7557124580582c391039a901ea01f7146db151017b9dcee90621ae6db01e61251334e24732db352fb76da6e83d46c95e7a0830a89a69f71f074cf574
MUNICIPALITIES,107185.0,3701.0,The Borough of East York,Commissioner of Development Services,1996,0f0e0adb545d90b7702133cb3e16ffd13678c869d1d806b652230cb6d45a0d7e91858aad95647093cfb52f3e8892fce93dffc7deb814f5d11ae7c8f5e8a69da9
MUNICIPALITIES,100896.0,2563.0,The Borough of East York,"Commissioner of Parks, Rec. & Operations",1996,d3963aad71d3bbd2ba1b055acbc66b50960e4b7a8981f218f257bf95a43fda992795375e62129841ff21de180df8470f8c33fcf20fd7b07ac63db623cc6d6122
MUNICIPALITIES,120000.0,4394.0,The Borough of East York,Chief Adm. Officer,1996,0792b20133527df4057c62436cac50b3fdf2d21dc3b99493540dea8cecb65dc3be558d3db70f1766e11ab84c5d145520499eb705f711f68c20148baf95c08034
HOSPITALS,128268.39,0.0,The Brantford General Hospital,Emergency Physician,1996,5501d14ef030430436b0669933060fb82f69e58c5153178a58fd7fab998b0eeeabc4e5b68a6417e35e51d1d641f8b6a1244f2cd4096be8d95c5f8e2a702fd041
HOSPITALS,141446.73,0.0,The Brantford General Hospital,Emergency Physician,1996,2843e3405db4ebb3efd3f63f082a4b922802fed9645ca0a830ebe543516582e68303afe30c90e5a288c53ac865f3716d7c5856b2b01eec71bc3dda431caca299
HOSPITALS,198108.02,11675.41,The Brantford General Hospital,Med. Dir. & Chief of Emergency Medicine,1996,a21425333799673838d0a59c43c4b8181ee5f55ac244f0ac9c70284a87791de82dd5ae089f3272fc16afa089d0815cc3ee8d3de7e905baf172910f35b8cbad28
HOSPITALS,127947.41,0.0,The Brantford General Hospital,Emergency Physician,1996,897dc018b0e4b9a9b6679b36099ce756f603a445d95322f2077a514085d0390b03ddd0893bbc6e40c32077e03e7d805559070cafc94b8da5335224d8ffe9f955
HOSPITALS,125276.93,9243.45,The Brantford General Hospital,President,1996,cf657f2bd047b607d8440b24c63f67f2275a1a8e9da6e76d746aed5462f43b22decaff6c0ab325506d10cc363140bdf3fe5768862cc6fea7e4c5e9223947e640
OTHER PUBLIC SECTOR EMPLOYERS,108771.0,309.0,The Canadian Hearing Society,Executive Director,1996,2a4589b14e814db205e991eb4fedf7e0258935737dac3f5db51cdb661de7ce0995f197926928e966e4fcdf8541e62379ef16165009d7a1ffda6c342d175a10e0
OTHER PUBLIC SECTOR EMPLOYERS,114950.0,314.0,The Canadian Institute for Advance Research,"V.P., Development",1996,02976a7da1a644cfb28fcd635a837699bc8b08aed19ef70aa672d2c41a9ee48125f0b01601befe01ecb3d131da1440fb6adfa8cc4dfa77f59d9ae66795eb3eec
OTHER PUBLIC SECTOR EMPLOYERS,106574.0,5934.0,The Children's Aid Society of Ottawa-Carleton,Executive Director,1996,1028bdf8f23381e9347f5a5739498f7da54e6779fbfc0d52c1efb46eccfc2d3e85d5072e5ab8fab05ce9b183aa9861dedf453359ae6ec4c1ea27f901221530e2
MUNICIPALITIES,128037.0,4255.0,The City of Scarborough,Medical Officer of Health,1996,c1b8654e9e28175315906f23d4ff592b1c2d5565725fb082e6502657315fc31c5c0a86e9734080c6d0fed99a4b7b533b6702555c533618404520e74a53e5ce47
MUNICIPALITIES,116919.0,4213.0,The City of Scarborough,"Commissioner of Recreation, Parks & Culture",1996,b2fe2161ba8f7ce9e4f79aa71e692d7af36c2d7d750c221ec75964fea1f7e229f740e54df5fc194a2c4576e9c47d5bbacfae34cb40210677278ae59f3a9d6564
MUNICIPALITIES,105061.0,668.0,The City of Scarborough,Fire Chief,1996,6fc810e913e47a7e121b8c17e66036d67d27ba43e89997ba9191c146fa0b751822e0eb2fa62ec6d51dd7de515f1c3c7ac9777bd827bae269ca4cc2bc92212587
MUNICIPALITIES,120819.0,3889.0,The City of Scarborough,Commissioner of Works & Environment,1996,3628c1d5a544309e523be10e31418e75408b3b33186eff7b908cda588767e3c16a70829b17f30f9f40dadb9e4cba6aed8fadc27d97c6bba8a206dea97a65c0aa
MUNICIPALITIES,105884.0,3500.0,The City of Scarborough,City Solicitor,1996,2f9be9c0712620932552b77160e10c6878a962852fa59b7ee8a4b697d74996c5c45a518f38099f7fb0da2a5f5949d7ea276f440a5fd4e592fe679659969b4dd4
MUNICIPALITIES,105344.0,637.0,The City of Scarborough,Commissioner of Planning & Buildings,1996,5f54bb523f6a2e0ecab61bbf607dc4360aff04d130a6cce5a6b2f4fda1b21514b7f382346344b3af48d55134286e064060bf509f870c17bd7e979e4a3eb83603
MUNICIPALITIES,103410.26,1370.0,The City of Stoney Creek,Chief Administrative Officer,1996,e548fe5201ab5d4f83f823ffca6b17ee88b19a77eab77c3982ed7911c4bdd25b48f772b5a123014ff7342a00f98827faacd9dc7597f738b53a487c8e5b8bda53
MUNICIPALITIES,139351.33,6853.0,The City of Vaughan,Chief Administrative Officer,1996,32f8810447d3cd7cf22572082db8c9ae140e34c15bd056f06fb04cb2e06a63604670cdc2301d5faa91cc03c31d055de6ef90d80e18a9f6eaddf6690afa5eb2e1
COLLEGES,115875.22,13997.78,The Confederation College of Applied Arts and Technology,President,1996,ece42a71b1bd3568873ce03859110712a386a4ffd21cf029c1675cb632d73ffb57d8aa3dc802bb3cf7511196341baba040d7a4e20daacdb4f65621c313917556
MUNICIPALITIES,102011.0,2137.0,The Corporation of the City of Brantford,Chief Administrative Officer,1996,77631c06d71a81edd2f5485ce6805470cafc4b2f034a3b77720e114261ffbce2572a6348888a35c637df9f4794ab4adf176a0a1efedf1aa807fdb926f70459a5
MUNICIPALITIES,100438.0,740.0,The Corporation of the City of Burlington,Gen. Manager-Business Affairs & City Solicitor,1996,5e4efb99dfbc226b91c4db9e534bf6fc7dd5076997c619e8ef7021d43bcb3bdb16e641849bbef6cbd512737a0a47e4e05a9c28d8f892b85a87340bf5358ca5a1
MUNICIPALITIES,107291.0,783.0,The Corporation of the City of Burlington,City Manager,1996,7c75c91ef9c969e7b5563abda663ddd83fe4c0191896ff030327337851cfb1e8b41a236c3bb19eef547063ad48589c00c0b35454638795321bf4251dbaecf5b6
MUNICIPALITIES,100936.0,740.0,The Corporation of the City of Burlington,Gen. Manager-Community Srvs,1996,512f9476254cf42143f45c5a22b1b68ba3e3b86211cd9b259e453f3ca794ce689735f419809bc2ddc082018884338357d3fdcff2cff51474c6308589a61fb49c
MUNICIPALITIES,103801.0,1660.0,The Corporation of the City of Cambridge,Chief Administrative Officer,1996,c41fa44ce898359b909156672f2b3033677abac0ce870f9010d019551a473d2c394992137a7556893631da60aefe40fb604310a3fbd788c9d39848a65880a1b5
MUNICIPALITIES,110655.0,3147.0,The Corporation of the City of Etobicoke,Commissioner-Urban Develop.,1996,9f995c48cc622b0243526bb209e0681cdeda423d8d1532af07dcaa88d905f55345a14d7aee5760a9418130029012935df957a138fcb3ad4a63205b600a4eccaf
MUNICIPALITIES,101350.0,2883.0,The Corporation of the City of Etobicoke,Dir. of Building Regulat.,1996,3f4377ba98e3bb34cc5b7783f5f96f05c9a2b3969f60ba8ec323a59f98e87d7ba1b1406c214bb97d6b5f2fa01efd6922d353a89fcc9fa2995f1732042b4e16e5
MUNICIPALITIES,103433.0,952.0,The Corporation of the City of Etobicoke,Fire-District Chief,1996,cd6da3c6b21ac00dd24137f86cbaf69ddc2f4114cec35342eb98d8af4636c5ea1d1077a37b3c215b8c0aeb2b64ca135b9de069a36db06ae01528461519bbaa1f
MUNICIPALITIES,128800.0,3664.0,The Corporation of the City of Etobicoke,City Manager,1996,7abebee50b1cebdb2377018dfcc94043d8723eeec3ab0fac4df1c2b02fa0b3a4619e7a312cce7cb98749a79c1a9aa0b2ace2a52ca104779326ada76d4fc5fb8d
MUNICIPALITIES,110655.0,3147.0,The Corporation of the City of Etobicoke,Medical Officer of Health,1996,6d0ed26b951e508a3e53eb4ec101ad36112bb50a69829e5f3d4e0b68b21d8d3016de187b53990dd5c20284e3217d71b5c3b61d2e961f3da25084495be4893cd3
MUNICIPALITIES,104475.0,952.0,The Corporation of the City of Etobicoke,Fire-Distict Chief,1996,64f3690dbb2b3bb828a09efe5f862ee3cf4ca4611869817c12f176f7a94509c900d03a5d6b3a53a083717a34f44fd54dc77479592bd56607cfbc517243504b9b
MUNICIPALITIES,110655.0,3147.0,The Corporation of the City of Etobicoke,Dir. Business Dev. & Corp. Aff.,1996,b6bdecd60fd5e4d776acd40e4134aa981992175e10cc8d12bcc602d6bf6fa87a46cc2bfc921eaafe92d7e08013d631b99e078905d1bd46a5a0c3264a093888a6
MUNICIPALITIES,109985.0,1015.0,The Corporation of the City of Etobicoke,Fire-Chief of Communication,1996,66449f5b9e2e014c439880e364fcfe5777cfd1ae29ceabe57778ebe82b05a0248f93783bc7c7c21c93372af63ae8db9e8f1476ffdd759b4cfd9958746cdb3146
MUNICIPALITIES,103928.0,1015.0,The Corporation of the City of Etobicoke,Fire-District Chief,1996,7cdb90eb42f69b94c05e8d783d1939d0e8286e1e641cf588aaf47e1702dc027c3e682ebce1025f63c0512b861e58dbf483a5ed7c0180f870eb208db107515c00
MUNICIPALITIES,101350.0,2883.0,The Corporation of the City of Etobicoke,Fire Chief,1996,684d478bcefb37fcc9bfd3194efb95427a5a3820277a509e1e2dc2bd90d0d6423ac284d727966ff6dd49907795ee413f2318e37a998b1f6325a750015e95f517
MUNICIPALITIES,110655.0,3147.0,The Corporation of the City of Etobicoke,Commissioner of Parks & Rec.,1996,2cfa6a46e124516e70b12c6d4546db3cf7a5607ac1ff48ec94239587fb5b676929e2f6ab1e1072c7d4b71bb7db5d597c00e6b047bd685743f5334f97edd40f65
MUNICIPALITIES,111282.15,1017.0,The Corporation of the City of London,Commissioner Legal Services & City Solicitor,1996,5ee95dee4a3d59823a855f1d755f6eb6937df31269fee07e4ac4028bd4f7c13f1a580f26ac841cb53a419e04e3a3661a850cb3f6e3e0eb3655583bfcbe110001
MUNICIPALITIES,111644.36,1021.0,The Corporation of the City of London,Commissioner Planning & Development,1996,beec72373237d8e8238e1bb02914e46a8a9e9033df4144f2d026b7e436b02069c3627fffe7dc385c14c3b99f01392e8d0f559f715009e516eab89d1df8202377
MUNICIPALITIES,137979.63,1264.0,The Corporation of the City of London,City Administrator,1996,43fdd8daa2aea0ef1a3ae801b7db7202d6293f06cd0944e99ed5d72e6186f5fee93ba826045f5b988a3ea8686f96b529f7d17b0fb219a61466e32ab962fc3d9b
MUNICIPALITIES,111282.15,1017.0,The Corporation of the City of London,Commissioner Community Services,1996,5fd842f2e7541ca6ab42f6d2fab4702d5b2229bc2fe445224c2eaf4abcbd2e26d414a75073d6de986ca8728e3b575aefcd771c4f9f5c5e522cce8d4fc766a7ff
MUNICIPALITIES,111283.97,1017.0,The Corporation of the City of London,Commissioner Environmental Serv. & City Engineer,1996,704c1c8cd9bad50efe92ffcb98808aadc029b2d1b2658782dc586f88c817631ed76ea6ac3ace52fd7a7a8568de52106b50b1c90b89a91276dff716fe1f35de50
MUNICIPALITIES,109422.14,1014.0,The Corporation of the City of London,Commissioner Fin. & Admin. & City Treasurer,1996,29df7fbb5e4529c5168c820bf53a8ced6df19a91f12078533da7fbc45be0352f5793f11437ed1ac949a6181240fad606d2c617fbf4ae58439421f8e37b30ea00
MUNICIPALITIES,111282.15,1017.0,The Corporation of the City of London,City Clerk,1996,9dfb37cb16312d604788472c0a1f1ccbfb57be29e203c39ac51fb46b5da48fea228687c9d4a1b93579befb73965529594f830fb2a390fa5165cc05fbe1b710f5
MUNICIPALITIES,116286.78,13480.0,The Corporation of the City of Nepean,Chief Administrative Officer,1996,58289e3657ad8a9786661ea61cf96d38a638f3a73b70d0a6664ccf1369f8092d5dbeb9a28a6073273696fa967c5c90be2f44928b1b368aa9d4002e8eec71d294
MUNICIPALITIES,110219.0,835.0,The Corporation of the City of Thunder Bay,"Gen. Manager, Protective Services",1996,43fb6ff7649eef40a0fb6f4b6f3fee8a3dde2434cd247f0717f8e55ee7a94e4668d46b2e6a3b119f6b2b174c67df9f043e4ffb05137353c185bd1e159102e0da
MUNICIPALITIES,110215.0,820.0,The Corporation of the City of Thunder Bay,"Former Gen. Manager, Protective Services",1996,bc937448a6264f9ac3fff1b86fe485f35c004c3d94c58deb6603aa5a6e12ee5314fd1e2e23bcbd240b2fdf17296d09eb28eb651629d056e2db72a1943cdd120a
MUNICIPALITIES,112461.9,2113.94,The Corporation of the City of Timmins,City Adm./Sec. to the Timmins Police Serv. Board,1996,f63ef0b2967e9f092fec7305a36059791a76a46b517f70875471c9535fe7b355837296c513e428df5904ef57273c78896112e9e0516f0633457ca606ff92eec2
MUNICIPALITIES,111119.82,1261.44,The Corporation of the Town of Markham,Commissioner of Community Services,1996,4890e653041e64dcafab918052e54c4594846dbbcd6810faa5d1a76582e5f68ee3fb5cfe18acf0796c04823239cb58be398c674bcb0718be4ada5bd6f955a588
MUNICIPALITIES,128935.59,9666.84,The Corporation of the Town of Markham,Chief Adm. Officer,1996,e3e8dee2352edee8f316057d37304abb214e05712256105db3d903d9beeb15f334a1b7c720a89bfce6f18d47e2528c4529bd3a70a0b355a5b4eee82eaac91b2e
MUNICIPALITIES,111119.82,8511.0,The Corporation of the Town of Markham,Commissioner of Corporate Services,1996,285a3affcc7db90dd203966c9bc7f51be814e246c84081a910748f3191fe44cbc62b7198f613f26d5b245dc2e6af649d2dd1add5b381cf3077ad18559f9b008a
MUNICIPALITIES,108125.32,7613.01,The Corporation of the Town of Markham,Commissioner of Development Services,1996,5a1192f14f6756f9a66a9e3b06db962eaf52183c5fa9b8f8c97693ff935d5d531658d45b9b96e5ae55c6b611ab6a4a2fd94312a6023b9bb1acae7fb7d71e126c
MUNICIPALITIES,100595.04,894.0,The Corporation of the Town of Whitby,Administrator,1996,e041e60e0951b6a1aa7245e2a003ee4ec6272aa3957fdf5c36fe3b9d787cc8c7d2787c9a8794f6cf60e2fcc6d2871ccc10b82d7b49d0e826abf3339a81a8ad37
HOSPITALS,158570.0,257.0,The Credit Valley Hospital,Pathologist,1996,bfbabee2151e392d6ceb56d07698f41f55f21a8e92e7972346bfbffe265f6285d9b6a0408fa775ebca39568b15e7b1abe1f663c3ee2059b6977d6d03e477b708
HOSPITALS,158570.0,257.0,The Credit Valley Hospital,Pathologist,1996,da45b63864865480bf42ef8d103414d63a69688ef990fcece85d7877aeeda6c4ca7eff69d91c062c0d40ea1190c14591039882cddd02b189b60ba226d7060c56
HOSPITALS,172380.0,7211.0,The Credit Valley Hospital,President,1996,213d69d1b832256a5140be8d0e8aa77e30ccd40f8fc33ead3a6771b5697a5ffe69ed67513b9bf53f67aeec9591a39c3c4c26eeafa8c5834dd877163c21a315bd
HOSPITALS,158570.0,257.0,The Credit Valley Hospital,Pathologist,1996,59522642a9d4555847697a89770d53123d671ec4225038b021a66b789de549d0f8a983d7dc9b73b713d258d4d37e668843cd31a6f5b6186c9c901cbac97a9d1e
OTHER PUBLIC SECTOR EMPLOYERS,100695.0,428.0,The Dellcrest Children's Centre,Executive Director,1996,1e12f429fd6957e5996930e61b9003a389e3a7d7ff6823b0da0ec6ce75fd69d1ad065ec903275c8ca249cacc33572afbb6c320756bac824a48feeac5fce41cff
HOSPITALS,111059.0,999.0,The Doctors Hospital,Senior Vice-President,1996,a27e63aa55b0fe3713364fc8f972afa51be6b0170b75992e07fa7c9f3ef39cde80489bf6217c41e43dd674f58057d85574620d4c61168befdb21c3fe9e672227
HOSPITALS,213276.0,12572.0,The Doctors Hospital,President & Chief Executive Officer,1996,103e03f2efe7a8bb45b9de32a964c7caca5c9e7cda3d1c3a256d249cd1c75aaa72954c41cc434959da5e1406e4f48e035178dabac95bd20b7716cf524c775816
HOSPITALS,195000.0,31222.0,The Donwood Institute,President & Chief Executive Officer,1996,aa285ca89a25d8f21785485be6a99180d77f493d5b17274ee5045467a293adf1c69cbbae2f4a2ba60f052db1b47af02eab189e48f3bf9c865a67ef31c9343503
HOSPITALS,130000.0,10483.0,The Donwood Institute,Vice President - Medical Services,1996,d067607d488601d90ffd088935075dce19f6ef8ad2cbd0a8e2e6f94311d1c1ae8b1cb0c1778997c58a9be7f3ea3dfbd2ed77a3c9bef60ca217efa562d6d806c4
OTHER PUBLIC SECTOR EMPLOYERS,152336.0,668.85,The Grey Bruce Regional Health Centre,President,1996,9c271ccbc94f4be20bc4ee4a05111939c62ec78226d5a0055b815eb3e48f38037f09cf828b9d05a1fad7d8339bac830fb29c36035057bf22840a475746b23b7b
HOSPITALS,118992.0,465.0,The Hospital for Sick Children,Physician,1996,1efa42eb7bb71aed14ba1a08ec1bdd9c23f5940885d6e42b0162d70afd1425e9e821f1e37499160f9107c6895530628327fd83dfb58bee3dccd68e065a9666cc
HOSPITALS,150952.0,516.0,The Hospital for Sick Children,Radiologist,1996,1ebc8829c895f9d57b0751beadea608e4476352175fe21ba390b8d4496ff962a012b7cc6940a3c4679f8d3e65a5203129bfc915110711f8bbdc9108dcaffa344
HOSPITALS,107116.0,26.0,The Hospital for Sick Children,Chief of Public Affairs,1996,c148f73729a36dca8cf5d567de2f86dc004e32478dece071b32e6c7970f472e8f08c7df64a6debc35552eb671d0ab1ea84a05c7534f4734f0d5a58294020d244
HOSPITALS,159487.0,516.0,The Hospital for Sick Children,Physician,1996,21a26d27960ab8012f0591c2471b071d8710299c7d8ca21f6d124baf782bc063249b600b5ee0376443b022f407e66dbe20ae0c5bdde7859d6850e7c8eae6e8b9
HOSPITALS,149659.0,516.0,The Hospital for Sick Children,Radiologist,1996,69c9e148fb47c1eb78c87795bb1aa676b33b1be614d0c6a3b5069a73fe768e22cf66d3b7169e12c0166bfbfaa26cab98848cf62d50f49c8b247c6dc92467c247
HOSPITALS,137137.0,516.0,The Hospital for Sick Children,Radiologist,1996,f4bf4df713edb4f160a18c97ac4b90b1013d80f7c6fcd91d2561104195de46b4d04fc5a6d0df5f1270fdcbe41483b1294d34e24b4e23c8060bc52e1f56bcf7fe
HOSPITALS,169613.0,516.0,The Hospital for Sick Children,Radiologist,1996,d673c10c2e4a5867009e9a8c1ead4804f6c667673ccfd70dd599450be4200ece627c7c7fbd696bce87252f6cc5dfcaa243eb4cc782f40277739b7f88ad1719e4
HOSPITALS,262608.0,516.0,The Hospital for Sick Children,Chief Critical Care,1996,b1209092b4844103c69d8524b28979fc0b9303f891df9c49a8852ab7396e22171909667e0cac85b32175f7f249de3d3a21cff18e648cf56ff8596a5897fe46e0
HOSPITALS,248084.0,516.0,The Hospital for Sick Children,Chief Paediatric Lab. Medicine,1996,731f79dbb31fc42824edab116dcd06f98473b14b7713867d9327a116a9a3eb188ad91886c26efe89da2d5fd031232443c3ecbf61fbf856b6ebc6582a57ae2c87
HOSPITALS,113404.0,468.0,The Hospital for Sick Children,Physician,1996,b111c700470bb4c4c4a6be20a977a980f41d7fdc867b57df6fe167a9b02f6922daddbafa5cd4f03939b4867e06c64c7479ff469d3fde9ab577e5c809f4095e78
HOSPITALS,130310.0,516.0,The Hospital for Sick Children,Physician,1996,a3a284c8597114fd5f1512897dc6a44ec6b502772deb3553f2835a10bf0567eab92fbcf25c9e05dc626a96998dbf7d184b024ba65660159c2e95dc8cc29029d7
HOSPITALS,170538.0,9686.0,The Hospital for Sick Children,Physician,1996,a96f77ba5ba1c256a59cf5b850c64f75424b7dfe2c42a571a7816d476f39ed3744c9c14e0d95d7276feef01f0af0b8fbaf9af21f8f91f92adaa9cd0ec6965d86
HOSPITALS,119691.0,498.0,The Hospital for Sick Children,Physician,1996,b07f0bd46d7a9283ec911ebbc4e8da169384bd9bbe17d10f1c567579b5b97ff3c792b9e825e8255b0a8a26b74040d490cca6a4c75ea0f669bed00b131ce6f9d5
HOSPITALS,132660.0,516.0,The Hospital for Sick Children,Radiologist,1996,a5a2e7f08e02bbd897280f258c92925f24e41d7fdcf7f3dfa68ed55ddcf06114028a43d4cdfd84cb2d005e7f1ee5264822e440077ec2cffcafbd004218008cf3
HOSPITALS,162625.0,516.0,The Hospital for Sick Children,Physician,1996,a2a40cc46f51c1d987625861067d80d3198133699004e99dffe4365b333c7a08ef142f4c195bca427a84e514cc8b217c44fcb334e57a59b192e91cba87b1f2a9
HOSPITALS,102813.0,428.0,The Hospital for Sick Children,Physician,1996,acc5c6e8b2593c2f1ae80db7d62fa98e8e67171b055c917f70a0a812420ef2892b4ad8fbc4aceb2b9d8c2f53319494a1bf06b5ee7c1cb3baaea37e74b15d0136
HOSPITALS,116143.0,516.0,The Hospital for Sick Children,Psychiatrist-in-Chief,1996,4c3dd31f4574ab5c0d76409bc83628cf6577c1730bcedad435238b760d6151690495c4e2c4d85920fec80af112e51afe9fe416c87217b4da85d9012f547d745e
HOSPITALS,193541.0,516.0,The Hospital for Sick Children,Director Research Institute,1996,894bad8db05def9947de0235e3f4dd093672e5fcc085911e5950d15fe44411591cd908919841028d1aee0cd86556af128d128c67c38c7444346a5e5a8d573c0d
HOSPITALS,145191.0,516.0,The Hospital for Sick Children,Radiologist,1996,a15f427450c771c6eb3b835304a9b51ba2444d3d96d06096b5fed51f28d45c0feed74e0bb87bdfda02359e3fca9d72c02e8eb0cae9790bf5b12770cd1880875a
HOSPITALS,143563.0,516.0,The Hospital for Sick Children,Physician,1996,b81c7e05b062268d2050f798b874947998d346384ed75258097a88675648ee9983054a4b8bee58c558030269fac9af73a960261dd109532cbb4b919e97aac65d
HOSPITALS,142415.0,516.0,The Hospital for Sick Children,Radiologist,1996,5193d8e4c93d894f0672e13680d71e7058e21fb0a6e4eabeca56970c5036e2fccefe8ffa6e6c4b0c6c89270d3232b50d3797e2116b9eba10b622b6da986f5e7d
HOSPITALS,143928.0,516.0,The Hospital for Sick Children,Physician,1996,dea97437e795415f8a59fd8eb9fc4a2bb7ce11ff843333c5929b6a3548a642163668da170c95bd9b3324a07da44e1699592a15422898938f216fd82a411f1547
HOSPITALS,129366.0,516.0,The Hospital for Sick Children,Senior Scientist,1996,846a375932221216c8f835368df9d443b01302e3f0cb630d5bf46b7d41fd1ad585a35107102885d43c2812bb339e9b67fbe9284ea3c95935e46105afbccb6bf7
HOSPITALS,186004.0,21042.0,The Hospital for Sick Children,Physician,1996,8d5b343de47d5eab7f280ee477d73f1561be1d260bae03d2d7b88f0d9552ebf0109e98052f1b2461890a8f0e75a15407e36bdb94926e84b9d9affddab9ec9a5e
HOSPITALS,158115.0,516.0,The Hospital for Sick Children,Pathologist,1996,91f691a506a1a4d7bef916d8f92c9f6e56128e6e48feb71697169d81d091bb6cf6a249a77eb3c38aca2dce17a6abda4861ae7719e94443d3f253d862b17321b2
HOSPITALS,188734.0,516.0,The Hospital for Sick Children,Radiologist,1996,9fc3c484980e7f7f290a13ef0fbc9b59d419f87bf7353995dba26ca9611176f21324cbc36513fc5090bd00825f9259fb3a575af45f3c4aa41a491879bfee169e
HOSPITALS,100810.0,13356.0,The Hospital for Sick Children,Senior Scientist,1996,f56ae3ecf7c2b0b2a527b00a53e151370459bceef3214b0d1bda1295122ad7382301b7ae7d165fc8f02f253ac0c3332d3977af1e2c9a1350d002c1fd525aac74
HOSPITALS,103631.0,402.0,The Hospital for Sick Children,Senior Scientist,1996,43cdf0f2c525f9726d567b822d7dc1da1470b5e85ced41aa2a4e89f11800fc25d135a838a3d464c707b1bd5ce8e875410d573c38cc11f44f038b80b9c6b4abe6
HOSPITALS,135360.0,559.0,The Hospital for Sick Children,Physician,1996,c8f7cdf46f90a1e9c681ad0f38ef3b2ac07b30e4f75b5271408de5a6f52abb009b4f8f9c76759997b1f737f90c355209d2f14f371667b8ba0dd02c1c391d1450
HOSPITALS,104904.0,436.0,The Hospital for Sick Children,Physician,1996,61cb9ead4c77e9263b707846f040b0c885474541c7d21041e45d54692db4d33dbcce0d3fa11db96d2fc1adf4ff88902f59822763fb91571f7d65446b74a0e69c
HOSPITALS,190845.0,516.0,The Hospital for Sick Children,Physician,1996,56f5cfa9e1e04716fd39aea6f4a9c286876f927d661aca62d8e4f310812ea6e681c8cdeb2f4312d69205b14a8267fae2a83f415be2f8918658c13a620f71872d
HOSPITALS,206250.0,13983.0,The Hospital for Sick Children,Vice-President,1996,d893e37e8f61784d67f498f6a1e3086bf006b1b0ec74ac3fd11debf83521cb8865b67b622c0963dd8ffa35cf52d03db13c405c502423025825c47ce0933ea79c
HOSPITALS,157290.0,22483.0,The Hospital for Sick Children,Physician,1996,a0504c20bc15e79821091c478cf421e3857a76044df83c135c9af2c881b44cb3ccbf9f24ec43d82b6fae7d60aa810b44ffec04a991c201821a2eb5b4e9a8ecd5
HOSPITALS,348704.0,39379.0,The Hospital for Sick Children,Medical Director External Relations,1996,569931b1403fbe3f55cc8893aaaae9114e6311805e26d08fcaa25fb118ce1d5b4956b7c1ba7defcff1960ae75458bef8a3dbcf0e08370a524e44d807eacfe81c
HOSPITALS,125398.0,516.0,The Hospital for Sick Children,Physician,1996,519b62cef50f656f63cfd3376d100f3b005078ef017a733eee27db4165c5c6a6d76591e97bd17c27f96f073e9aaf618fbcc6d8fbddfddf3856e6acb019181615
HOSPITALS,149856.0,516.0,The Hospital for Sick Children,Physician,1996,b42451a8feb6bf8afdaf198c9e679b09307e9efcb9278b401e3eaadd055286f8d7b184993fd0497d05bfe6935417312fb9c597e608e972f737693ff280d412b4
HOSPITALS,181818.0,516.0,The Hospital for Sick Children,Physician,1996,ea2b92935836be2d9ec873cd533aa72c08924468e16cee8f1c6735058f861a04947cbc9a264f7db98550f96e16e5e5f6098400f6f7ab18ed863d2e70e5c9c4f9
HOSPITALS,169966.0,6258.0,The Hospital for Sick Children,Physician,1996,be990425b47595f58eb827842375e4c0216a697eebdd9c7de9287caff768bcdd482781416287761ca02fdd1f6e8c7b0782cd25cad31f6209f5f6aded1e4d71f8
HOSPITALS,107999.0,446.0,The Hospital for Sick Children,Physician,1996,92ca3a08efa5defc01db4daf5e1c525c9a0a32274a5311ffe20744b4af7c5ae33f8afbbd42d7d61878c076052ade5ed20bea9a65f599fdc7f234986f68bef1d3
HOSPITALS,150000.0,0.0,The Hospital for Sick Children,Senior Scientist,1996,6a54859af769a8059a2c8846312dc5d72f395721d93cb252051a0f0adbc2d91e808379d8b0cd7fc3585c01623f668804cfab236e911444abfe523bddc7d1d153
HOSPITALS,112231.0,511.0,The Hospital for Sick Children,Physician,1996,0ffc8c3b55229467cfecc9934fa27fb951e43c9957a72e9c5580ddce33c702f1537ae46b804ac749b3fc1341b6c637a59532aac591e05924fbe1add9a59a106d
HOSPITALS,141105.0,516.0,The Hospital for Sick Children,Senior Scientist,1996,50dd4f332372adc7fc90d26676cef152b8bd3ee208962210577ce760e5d64bb26f20b612337fe214e08b75a5f05e02c8afd6ce15eef43f98e1b97ce791e24d3c
HOSPITALS,158732.0,26.0,The Hospital for Sick Children,Chief Info. & Support Services,1996,14f7defca768c19bfd3e6a4a1685add06079d56772707239d91bca899ab2208dd51a1a32112ac88b9a089693d82dd74a3f905ead3db051d725dc207310a46010
HOSPITALS,189735.0,516.0,The Hospital for Sick Children,Radiologist,1996,6401bb78cc26585b484ac4df6f1163fc88d546b0735f1ac5a86e00e10eca2b6312d6d19d763595828ec7c5e9396bddf2dd251625a6f5d8fabdab324f410dfcfb
HOSPITALS,206590.0,40838.0,The Hospital for Sick Children,Vice-President,1996,5c322d792b9a94d1f0e39a2f60415f677211025e3893a10ffd126c27cab607db04a888168d9038d6a66a5bf690aab3b6af989a87e9c967f8495535df59330ac8
HOSPITALS,149999.0,516.0,The Hospital for Sick Children,Physician,1996,e7926efb0148ca4848bd781b09475011848df1b48e3b64e2aad5d3865adf57ee716db5e17e3e219eef706445bf98a67fad692fcfb48981c782973e65a7c65f96
HOSPITALS,116884.0,489.0,The Hospital for Sick Children,Physician,1996,ebd37a55e2fea7b94d01c601e3f1dc6cf94be3274885d910eca82869be330dec3daf434b66d55fbe6bc1e0df1d49155b1d8ed81e97cddc61fe7cfbf456f452cd
HOSPITALS,135390.0,516.0,The Hospital for Sick Children,Senior Scientist,1996,e3243ed27a2076328f2b23f0637d58a6e4fe48e6ddfea8e9a26ba1ffec3cc784a0f2155d867f7626dde94b3b3e39d58fc0c236942fdb81f60d7aa8a4c3563bce
HOSPITALS,103510.0,26.0,The Hospital for Sick Children,Director Information Services,1996,e29a3257bc2c4dbf42b1d6c78326b80faad26885bc1af5e3952b71527a85304cd30da5f5e0c372137e0d744923beefe11ec83e073944d0bc10db4608eaab3fd5
HOSPITALS,102867.0,62.0,The Hospital for Sick Children,Physician,1996,a3c4ca3bddcf9c4b21950b6c0dd1438ddac13c08601ced90ddfb525fee4bce22b7975966d72ac1256f747f8c78819d671f8b3463b52ffba4e6fafff4af73e1c8
HOSPITALS,167551.0,430.0,The Hospital for Sick Children,Radiologist,1996,576fd7e5d5d879af6eb95aba90781d2dc25f3a20d66f42afb47ae05807de88186f85e342f0da308016edddf75572ff8a6d5992d5ac28fad078efda6403c0df09
HOSPITALS,309605.0,516.0,The Hospital for Sick Children,Physician,1996,dd8aaa8fcbba33908dbc686c97581cc4d33a560b7f8eec5adbb9f8c333fdbe56a826eaf7b090e1d34e208db22eac458a06252e38d351d68c4b699b7c9c2c5515
HOSPITALS,103867.0,429.0,The Hospital for Sick Children,Senior Scientist,1996,948b7094cf435b426dcb5ef548924384c2e8aec7a9513b79a33a6730900335d6e6d16a0bb3847ec26446772cd9598c9f4382169e347c1f3a59aa4c2fd5ee398b
HOSPITALS,116694.0,484.0,The Hospital for Sick Children,Physician,1996,78cd4e8cb62dcd1ccf8a36fb79a047c2a073132a3d758ec8ad3a5db3bfff474fc82044de75d37ac6d6d95ff79ae72f44b53e61bd007dadc5540ca121cf7876b5
HOSPITALS,113404.0,468.0,The Hospital for Sick Children,Physician,1996,90206ddf8ba90b229222a6f5b62fe4fde576b25fffb298a5ec3749a676af65c21247f0e2f13486c156e6a2dcfe3010c930a2ed207694fdf189ef795bb45c5600
HOSPITALS,115006.0,475.0,The Hospital for Sick Children,Physician,1996,0ce338fb5cd8e80b9f3bc8aa6aab43694431c0f0ec44f9febaa9c5195beccf6c5945c82842e146d8af926c8b84e2bb44b3b2821461864c86cb0f84b503e8ea2e
HOSPITALS,112578.0,26.0,The Hospital for Sick Children,MIS Special Projects Director,1996,cffcb986b40f3db351e67ada7df8111be8866f64acdae97ff7d58b8c7cab7402ffb1ab1ce2f4e98466b92215a3590aba0b5f7bcb24cbda04ccd01c25231edcb5
HOSPITALS,170728.0,516.0,The Hospital for Sick Children,Physician,1996,71983f76489415ddda871c6cc34968004e14f7f5e6eaebd235fe7cc58044c3795954de4397e026f0e268122b10065e0fddc6443151786dd3abeeecec546ba8d3
HOSPITALS,146209.0,516.0,The Hospital for Sick Children,Pathologist,1996,f222c49b81862480bd8f7e7a8753d646b94fc39f27c77f0cb8f2e4ae290b5cf63381b36a178bcc624fe1e2d34039de3e0d311e3a871d102e4c7b337b755abd48
HOSPITALS,121339.0,498.0,The Hospital for Sick Children,Paedodontist,1996,865b9a6b5ea462ecc30584f0531305c22e03a3218d96ae4714c7c8934ce661d14f94b6f5d1d27de14efcc66c7c3252fd48caa5acc5eb6ab2f6d7a6114dd98630
HOSPITALS,171353.0,516.0,The Hospital for Sick Children,Bacteriologist-In-Chief,1996,4e13a55ade3db3b5d7823aca2b244228b5b10642790ab922ee4e07d7ca3afc6d19c5b9cddd43c3c8b476380f58aa7dec023cd19e478fb1052479ae4c76345bc7
HOSPITALS,150011.0,516.0,The Hospital for Sick Children,Dentist-In-Chief,1996,d58f85b2a88c551d40d04999953b1dc08bdfe4f2929fad750345cd6336a50e82db3a7a40259ac35b84120e4c73bbc03efbe9eef7a41bf8305bbf368cd9870e6f
HOSPITALS,115588.0,477.0,The Hospital for Sick Children,Senior Scientist,1996,ba1f5a105cfdb1cef08a2473bb95827d8c50b7284d4a55aaf7651d3dd417b5788a01ea47df5bfbf2e86cef9ea8906ae86931b0cc2992c35656fa86c479922106
HOSPITALS,111552.0,423.0,The Hospital for Sick Children,Physician,1996,14f88c8a5770ee7ed79e7c53e7cbf2f6da651d017f3153973ae0509b9720fd04ab237de38dee368c8d071b6022a84521a9989c0c0fa2fe418f4d1f3ba8e371e0
HOSPITALS,171280.0,516.0,The Hospital for Sick Children,Physician,1996,7a49d333b2874481fb96a4f9a5f2b50b1718fff9617508b2ed9854f713ceb1d8ff690559115985ee0e64a202e4e91333e5114793fd58f4b85174fa37cadcd83d
HOSPITALS,113852.0,458.0,The Hospital for Sick Children,Physician,1996,9ded5155013428284c686b6777d9fc37f76f4a8196ee76452d5e1f8946428f08b8e2c90496cbadf7f5deb862e5e185ab347d9515bc38116297866ae19f8edaf9
HOSPITALS,113404.0,468.0,The Hospital for Sick Children,Physician,1996,3e9dd2f7fb74beadf9152e607d33912e8ce3989e10db142422d3413c73a4ce1a43a1c909bdbde17483a2acbf6cb88c42ac49486f97a47ee278de376d3a5d40ec
HOSPITALS,104850.0,433.0,The Hospital for Sick Children,Senior Scientist,1996,9ffe2881412a40b716aa0371e96809f674199ee075968549d906eb946f771b6e0fa1f47d220280becb1b5c1cc0bb2266dad0ecebbd5ac8b125acf1ac544201af
HOSPITALS,106472.0,258.0,The Hospital for Sick Children,Physician,1996,ac1d665e568408140c39958a89991ab674dcab262a7ca473eb14f48a1611c51b52f2376ae33df750e24f52cd58254e617566c78ee7677e6e38e1effdafd5626a
HOSPITALS,112258.0,463.0,The Hospital for Sick Children,Senior Scientist,1996,0bee29cef646c2f24225d70667c410c6f156edffce6d6e912bb11798c88dffd6171e1804aabd6b53e65b7a92b9e77e1a5b0102a317258d689275845f6f866b8e
HOSPITALS,133600.0,516.0,The Hospital for Sick Children,Radiologist,1996,141da36f5e7bdccc1c76a15a1df2ef537038f2d234a7534c1c933fcd884062aca1e38ab89f4ce6772ae278cb88326104b135bb68530459b07bca1fcf5175119b
HOSPITALS,147638.0,516.0,The Hospital for Sick Children,Radiologist,1996,9002c7671d8c6710ed0198e0eb4f8b18cceafb13b4d7bfd19182507bec958efb7d722f368d549e645f60722df4d1849291848fe3732d5ea68c059dd023a15e8e
HOSPITALS,105486.0,439.0,The Hospital for Sick Children,Physician,1996,dfe735bbe85c6055ed3c5db809a30decea6f4cca1abcb175db9e6f1c73a6794bc291e10850a521c7543e6e7a882f9e445bd43edff2015bc76dd21142aaad2e84
HOSPITALS,121908.0,503.0,The Hospital for Sick Children,Bacteriologist,1996,daf65f02d7eeff9afdb818fc39f13968deda2f34233ea1b20fb46ff3ddf49887bb3450d6b7b8812429a9f8dfacbeaad58388ae4649113151ad0b467750a04022
HOSPITALS,148688.0,516.0,The Hospital for Sick Children,Radiologist,1996,840ef42222d91c77779412ce846fb4ef08983d2065689ccde9f693c7973670896751187f09759effa872f005e4720baadf698c51f32d26e22503e501c881c08e
HOSPITALS,118336.0,492.0,The Hospital for Sick Children,Physician,1996,acc3c4b093aa7fd954155aebeca83ce1d5383e17903f626fae10955007511ac43b924458b4c394d30ab14346af279e8b703cb916108a53768fe67e870aec04b1
HOSPITALS,128946.0,516.0,The Hospital for Sick Children,Physician,1996,79bab31a5e6f1fe178503f6d2b6c3010b7b0cdead8721eaaafd464a8a7a39547b26dffe20427dba4192720a1b761712294d78a3fcc2b06f22305a697019a12be
HOSPITALS,146768.0,516.0,The Hospital for Sick Children,Physician,1996,f32cdb555b97a84f9902e5dd6c6b643ebc55f28ff239d9c63e1988fa1fdc3e76d476d399b2c3874959a07549d0b19de60e44cf7551ea8b8b01ab2b3415a34ab8
HOSPITALS,102376.0,424.0,The Hospital for Sick Children,Physician,1996,29c70007194d3b2595abe3ccd092ca5bf4745a3585648321628b2f826522724ca2767caf3b66881b88bfedd28cb70cf6c6913ebcec1a42ee3409686eb885d97e
HOSPITALS,134834.0,515.0,The Hospital for Sick Children,Physician,1996,4768a599d2684026e1ef1d107c4fc292c9097c89d8d5355bd07c9a545cea534bf79ed90c9162ec6b3194a7ac852658cbb8d00582b40c5b94d2d8971d4caeeabb
HOSPITALS,113927.0,484.0,The Hospital for Sick Children,Physician,1996,c3fcc048e739f375f53ce072a4b62bd1ecd22ac2b028a055b2f9200d80424aafd40004262f203dc3e1faf03084d5c24aa42e341d9ea71b3cc0b09d2685d2b435
HOSPITALS,215153.0,516.0,The Hospital for Sick Children,Paediatrician-In-Chief,1996,fb44b99fc10fad662015143c0aa5dadc11baac7ef04a3e188ed9376782ca91799449372ac66cdac473062789e554748dab40e45d98824ce1950fcb806cc9a6d0
HOSPITALS,113878.0,472.0,The Hospital for Sick Children,Physician,1996,aa4c9bcd905ed864c8c5ec623e18063ecc23eec597531c3b38e5e736f24ee7f08e434352672d05d70d4d1d977fafc58c706f18a201568c3ed5eb3f1a0f1c6416
HOSPITALS,120000.0,1201.0,The Hospital for Sick Children,Chief Human Resources,1996,16a5c6bd9bbc5fa04459848d0b376af8e37fe78b6cb3513bdb0820954a4576415f25a600a57573f4048a753b39f116d6cea4fd4936131dd83d71b1477a2bdadc
HOSPITALS,110638.0,457.0,The Hospital for Sick Children,Senior Scientist,1996,857743100291fcf091136db88e761d658f7b20de872d5f2b558e1ff7ce04dafc0620c3473c5c16bd82d77cc71ef2e8bba563ceec2784710ff928bcec06363bec
HOSPITALS,114629.0,479.0,The Hospital for Sick Children,Physician,1996,9e92630d2d620f08825510f447f822b31b78ed8f6fe0e9dbd452bacf8edcac0c5c6878f9ee166d91b6e2407f360d07cadbb8d06363bb8205e68f42b036d5005d
HOSPITALS,104996.0,433.0,The Hospital for Sick Children,Physician,1996,b555b194841b693e139bc8d2e3fea1c3c40c1136fa4eea937b0c23041492e220aca0bde8a5360dd2874128961f6980ef3e49f99b903251425ee7471720dc59ab
HOSPITALS,147972.0,516.0,The Hospital for Sick Children,Physician,1996,8785517a518949a224d69b6791c30a699898beb3b95d97c014739f780e9fa819b378422d9ecd8716ed5c99f06c7938502e82b0aedb2d6f1ab68a4a4d8eacae27
HOSPITALS,104723.0,430.0,The Hospital for Sick Children,Senior Scientist,1996,6113dc9723cfea0d76f0776c52127c24c7f86ded92042342c6e299a1d8507010eda5c9f34e2bcb1288ba7461a9e330ef878cc816fadb74e1f0cfbcfbee4a7a43
HOSPITALS,122494.0,232.0,The Hospital for Sick Children,Physician,1996,7767965fbb90384ff16d17c27871e31d95074c52c1d9acdde45df3c8e8731dd69bf61fb469cfb5872749ca5a5e7bda506c6ffb89b62c00deb97e8527107c8535
HOSPITALS,179679.0,516.0,The Hospital for Sick Children,Physician,1996,4b3e018f1f9709496541ba63aa0f46e2982b1a3afb4ee7ab1ca8455326dffe89c24a2a1753a6b60228716ed14cd9bd2d7ad70e6bc09ce44a3230d61f5b04ea21
HOSPITALS,103649.0,464.0,The Hospital for Sick Children,Senior Scientist,1996,5bfff92049f2d7142bc2e4e42e1804c3f5c56b0fcdfeb2758e83b836ba4fed7d986f72e58d4f812b131f2b606eef230c07108e728050400fbdad9123b8a145c4
HOSPITALS,147795.0,516.0,The Hospital for Sick Children,Physician,1996,e084fc62212d41f6fe73d12a06bd9899114d4f3da8b1a7258bc8a51bd9c9ae359ef93d896ba62c5c02082f946487fb5624540213e56419f61acbf41fad4e3f01
HOSPITALS,150004.0,1406.0,The Hospital for Sick Children,Chief of Nursing,1996,28ad7958c731cebe6264c7b7b565f61e4db7342046926e98e3f11b939c12b04f407f6449b0d0ed7fd93733f2f8498f74591897de38b2ed20b797afe65a835334
HOSPITALS,112326.0,464.0,The Hospital for Sick Children,Bacteriologist,1996,69b328f98e0d8e85f54e1b6732657fd111ad4e0acd8fb9a94583d2c56a6c6cf1e973102b12b31c9af2a030fa96a2499f3045bb7d61d06cda3a9e67019b381049
HOSPITALS,112057.0,463.0,The Hospital for Sick Children,Senior Scientist,1996,1c1898cd8bc97e9613b44532c82cabfc07fbbe65acfe1c451530274dca8827a9add2fb2a960e3ce8c713c396174d7f14a04c36504b7cefe47fd4c5e697c6aa00
HOSPITALS,135023.0,29648.0,The Hospital for Sick Children,Physician,1996,8653fed1f858f62ab1e9bc6ddb3354ff3946bed176c7ca0b4017d2bb4106a4ee8e3ac650febed25f7416c25625cf07372e2b3ef1a81762e956fa09eeb8897d19
HOSPITALS,112628.0,465.0,The Hospital for Sick Children,Physician,1996,d6efd9a30f74a6abd33f9c65bf4fe81c935c32eadd3735e89bbc275243e9e5fc3d2736aa624fd4642aebaca2cae8f290b6fa42d904811a3d71e22519276fa46a
HOSPITALS,101793.0,420.0,The Hospital for Sick Children,Physician,1996,8250ab9b944e87c24fb33803010dca3c9834f76de99f4b6fa56455c9954f1c40a85aefe1e1b4030f39c85fef84f03a570b86b3992ed418b1fc08ff367b2377c5
HOSPITALS,120593.0,498.0,The Hospital for Sick Children,Senior Scientist,1996,ab87c10bef89ca24a28eec29ea882f922e218426d24cf8df97efad6e2e6dcdeb77e18ac749940a587cc891e8449b539297b2bdde0475b35c99ae5efdb685dbf5
HOSPITALS,114414.0,509.0,The Hospital for Sick Children,Physician,1996,8bd6e55d764b388b6c86ccc5013c2294dfe4dcecf20389e94af2b2a1e7047c46822dff22e428bcd8afa3334bbef470323e11f4f4939c413b735568f7c99b57ea
HOSPITALS,140977.0,516.0,The Hospital for Sick Children,Senior Scientist,1996,c0c33a60fad05a5961e7fea6dc0e262b52132b723e21fe9a7faa0b576355e754c7b76c1afcfec3efb40b168dc68e035adc550f77bf2d2c525064a8051991e103
HOSPITALS,122420.0,468.0,The Hospital for Sick Children,Physician,1996,d73d02b1c8d4ddac3aa3bf769f1ed0c82028e10c98a709cb9e9047b99738d5bbbae34890cea4f1a3bce30fe5a2b71f0d5b8b3bb18b3c38c0f4e37c60f076cbc6
HOSPITALS,133349.0,516.0,The Hospital for Sick Children,Physician,1996,ed29ab7543ed0f4ead065574678940bd2bfd46d2dd19bb813a3b864ba028bddaccdcac0ea550cc2405d276ecf878652c3acc137dca4b34345292c8047020b3ed
HOSPITALS,144729.0,516.0,The Hospital for Sick Children,Radiologist,1996,bb9a2d81675c7cf0486f46bad4612e1384ce388e7e90080ccd7864732925a17d36e54e0edb557c6fe40f12a205e45f3b9ad1c9d64d5450fda6fec7bde256a888
HOSPITALS,162180.0,516.0,The Hospital for Sick Children,Pathologist,1996,6ef6299ada4b21923fa2267cb50290723863bd19256321ebb9b71c75957445209104c7e3a35b42b9317a7ed764848f74c5a20afe1da6225f44fa1de69f0bd8c3
HOSPITALS,108349.0,437.0,The Hospital for Sick Children,Physician,1996,cceb029a7d3c209a19a1bb43ca9cce445aa1e379af74dd92456ca4ceb38c7af2ac76b78c45f59e681178031e545df7c936585672cd1be13a31ccbcc77462a5bc
HOSPITALS,164801.0,516.0,The Hospital for Sick Children,Pathologist,1996,b4589ccf6100b3960a51107c5288f9637753fe9edcb4df789b79c0c8eee0d026a7a3d433540ab223f51aead9ae133fde1a297f91b43e7029978440fb9dd1c34c
HOSPITALS,331847.0,28962.0,The Hospital for Sick Children,Physician,1996,a6c1857a7c78d78bbd69ee12f498381bd6c744fee0069300eeb4152beaabbdee21751deeb2647ac4c848cfc321460b5b1299c576bca6c9dc10660be522351043
HOSPITALS,134989.0,516.0,The Hospital for Sick Children,Physician,1996,58d0756d1cdbf9246bf8009e5bc9e2771152b0f5411b3a3b3ead5549080c5a13794b374d1ffcd98b292f129ad74d4464193ceb238d481663466aadf3fc9934d9
HOSPITALS,390000.0,86149.0,The Hospital for Sick Children,President & CEO,1996,7380c6b761fc5d275863b79005783d91a3f44aae15e47753f2caaff7ac05279721a285b2e49b7f301c657cb6b73486d2a1f65d2405880eabeffcf68d8dd0c08f
HOSPITALS,119993.0,6254.0,The Hospital for Sick Children,Physician,1996,c18e9144e4531b8db2286ae80bc684030c35ff17cdbb7f1fa77edab457094d75afd29bb2d6de0e7d19d8454f3ea6739d4d499c5f9812a6a27cd0db5006533820
HOSPITALS,104009.0,26.0,The Hospital for Sick Children,Systems Manager ICU,1996,9d246650816071d4b0fa5585d6dc44b3c350b393aeef4cef396ffdb490b4eb41dc2646faa3a2764a00f35d1a776036aae91484a2572ec2c8407aa4820020e70a
HOSPITALS,130758.0,516.0,The Hospital for Sick Children,Physician,1996,71c8089c6084eb090117402c5d12c1ad1c5e7fbf444c4dbcb878f6537422656c896149696276656ca937ed3c104bef47b4931256c03fa448615e95257f53fa74
HOSPITALS,168004.0,516.0,The Hospital for Sick Children,Pathologist,1996,a3b1a3c43dcb43fd9f3e42718db3d4e0a4f9cadaa39964f8fa4875e2942622ac6a8037b8c0a804dbbddd1b5220365d97c8949e9c737d9f2ebb2c817222c74421
HOSPITALS,102215.0,423.0,The Hospital for Sick Children,Physician,1996,7e3a8b6aab569432265239617bc71dd6f79b791a3af2f5bee0c6009a5f0e28c619797b8a552fb4a35b8c101dc051c8853b938142283ec6111b05fc2b7028a0a8
HOSPITALS,166184.0,516.0,The Hospital for Sick Children,Pathologist,1996,e90185c338c317c1ce8d15a65a556e01b6e48ee7c17a200e4428a7b6608d7fc4508ab521a2b1ffd7f4af1c2706ad4cf2af8d1b529a43636ef3bcb4c94aa37c63
HOSPITALS,110237.0,455.0,The Hospital for Sick Children,Orthodontist,1996,0fbb0365bdc025da3e4b38b1aede6b117bb80d39a236131e262e35d29480ffddbfb6f4175b22551a714c59b5f5b2cb7985a638c52655e87d709f3c64e56af2fc
HOSPITALS,168087.0,21938.0,The Hospital for Sick Children,Senior scientist,1996,8cd14388f27082ab2e4b66fdfb0e79122ef6f59e2cc7265ff0894e0818eaf9055c8241ce4dbff534a67e747ed7794d117cf1c530830d78dc3dbd64c74575c32e
HOSPITALS,102064.0,421.0,The Hospital for Sick Children,Physician,1996,3789bd7b947572576207b0f48781aa03bca3a2f090898064d38aef8d89aa849dc54e5a6eadbf08029011b6da7c8eee5912ab36b343ddaf0c8713682e71a9e6b2
HOSPITALS,104434.0,434.0,The Hospital for Sick Children,Physician,1996,70f5a1f13a9011531a6da8bfe515090c670597512e3d078de4ff1fcad64be2e29d69d96cdef9ead117ddc1534d6190544f2cf7fdb17891a246dca29608503642
HOSPITALS,350004.0,64877.0,The Hospital for Sick Children,Surgeon-in-Chief,1996,a656aadaecbbd032fa6f4e1665840b0b4a96beead4b8286a3bce1dd236479b5d707506c8d894e8598d818d771dbec6755ec8b2e9a71d7a8de56f2c057fd73bc2
HOSPITALS,115916.0,479.0,The Hospital for Sick Children,Physician,1996,96952edc0278d765e29ee1c7ad5309928fea7a72ef56c1f0ac322e8fada09558e62242f15b9cc495c4165937c66336e245fc27f88b6864e419cdcf183c9ad22a
HOSPITALS,105144.0,438.0,The Hospital for Sick Children,Physician,1996,aa11b64a92ac3b87726d474d0b4db2a80bfe9b69b7bfd7bee1551f2a7c6ccbc820737c594309c551ee8ddb4ca6e138b2fa083f291de18705dd0bf4bde58c70c7
HOSPITALS,118609.0,489.0,The Hospital for Sick Children,Physician,1996,82dac5ac7a2f30f517180389409d957407d2479c2ae22147a9f0c912bacced8617a1572cad1f1e6b4111c73c790c2e581122e3c598f6d3d5a8b627f3c2ca4544
HOSPITALS,161580.0,516.0,The Hospital for Sick Children,Pathologist,1996,d3b60e6322c096fffc02bcc188e7cfb8c297654ce37fab1fd07aed6882dd64c8a243d354994d9bdc2de952379ed6d7776714bc7cd319cad73913f889fe3cfeb7
HOSPITALS,122328.0,508.0,The Hospital for Sick Children,Physician,1996,cf9ee0b9d0e0bb3f5a06a87a49d7f1787e1ada3de5d6cc5ccd9331316104d57ba49933d0414d241a9c6f9a8595f6b6eb5ddd28a8448a03d06386135a331f7b7e
CROWN AGENCIES,119656.0,996.0,The Institute for Space and Terrestrial Science,Executive Director,1996,cf20a64dc60b9dd60a34e9fe3807967e927735b7bab8ec6faa4b47b1ff20bd0289c280c94e715a532d846c48522c9af0e3db1ac4cc47505b87e2f8acc5b40899
HOSPITALS,150002.0,9098.0,The Mississauga Hospital,President & Chief Executive Officer,1996,a33270bac3ac83c035aa1c3fcf12aa82e390db6205bfef7b3f8d56550cb6948f98754efb4d9f70f4904aa92232537fa8ba40c438e40db42a42f1dabfdba8ea8a
HOSPITALS,155089.0,0.0,The Mississauga Hospital,Pathologist,1996,dd46f9e5a0794aaa571d1b3827a9e07aaf2fb7eeb5b00a27b7a196341f21843a5230a7a1c0767639e5bee532452e26ce68a3d154ef2d95611e609c23a15528a4
HOSPITALS,138360.0,618.0,The Mississauga Hospital,Pathologist,1996,ce0537b11850707be1c935beb52f6e6dd7eb448b5c5761070685e869b4080286e89db155ee3c9c1f472e31bf2f69a54149a02553ac646e8a51e2db57161a5163
HOSPITALS,140831.0,629.0,The Mississauga Hospital,Chief of Pathology,1996,1ee08935f321e952a9bf466df28ab5b3940ef089421df56aa790045a6bf2bb05b2f9ee5f8d5ce625349dee313d7fc7b2b942ff9196ddfa9095b2b2868c63fac3
HOSPITALS,100000.0,447.0,The Mississauga Hospital,"VP, Acute Care",1996,a3672b353d9f4441b247d633923142f039890fa666591fec31d9293a5acf1ed09326f787c99396f8eabbbaf1a7f51bd5f1da7e396814dd097d9cfe60b1eeb3c5
HOSPITALS,100000.0,447.0,The Mississauga Hospital,"VP, Corporate Services & CFO",1996,2f0e4864ca15a56844e71310635684a66d4d40279e4564c3658938ea19aca7f7d45999afa4df07dde669f63329343100677112cf463bfb91e89c2786315f752b
HOSPITALS,105027.0,469.0,The Mississauga Hospital,"Executive VP, Ambulatory Care",1996,ca03ee87cea60ebcfc4fce0e195f374413781e57f0c0106eef888ccf92ffdceacba45fe588ddd7f6b6fe9bd569c2b2b81d8c68299ff70316fc726f60676240ca
CROWN AGENCIES,118061.0,2612.0,The Niagara Parks Commission,General Manger,1996,131017dda3d920fbc11abf97762721425eba91dda5153914fc7724eaa7ec8d2fc01cc1da359698a37a8fdde72378771566da077ede0e5e1cb436e877928fd9ac
HOSPITALS,115644.0,446.0,The Ontario Cancer Treatment & Research Foundation,"Head, Systemic Therapy/Medical Oncologist",1996,e062e077906a8a22e4880fce7b6122e38490214c3c27488ec0f74d85969a2271c2a3b7b432f2b9ab96b0f62007402615f29eb8190cb6a98f8b572a1ab3ef9c2f
HOSPITALS,103833.98,426.42,The Ontario Cancer Treatment & Research Foundation,Radiation Oncologist,1996,4934856e88cb8ac68712ca552040dfebe39be5ad626a2a42675dbbbf94243173469fe6777bbce1cedd3076eb5624200a1a20eb72ae00e36b0e564e1dd6c7254f
HOSPITALS,103836.67,426.42,The Ontario Cancer Treatment & Research Foundation,"Head, Radiation Oncology",1996,ec7596c169d677a09118e9bab062520a3eee018f1e4e336caaf8a39c6dfd984cab0502a1bff657919a5f70dd4ac3cd340c7a4cfff5942f305464d2b1860ffc2b
HOSPITALS,108375.46,4068.69,The Ontario Cancer Treatment & Research Foundation,"Head, Radiation Oncology",1996,cbb6fa82bdf35f7abec22547deee072632223b0e699bdf64556f5ae7708315fd033acad18538263fe5d66466fde141fedae32f1a67bf88622b1fdab362cb6450
HOSPITALS,159272.11,364.08,The Ontario Cancer Treatment & Research Foundation,"Medical Director, OBSP",1996,4f7e8820ea31ade6b576c4557702054d5f15ea6ce6e81850f1a5972380473f5022d789875b289ef463fdcb5d84fb599eb1c0bbaa7c6be612f61fc76d94952b0f
HOSPITALS,119061.0,454.0,The Ontario Cancer Treatment & Research Foundation,"Med. Oncologist/Medical Coordinator, OBSP",1996,40a510e703d4384ae588fef68ef8c416390c9b98bb6400d3cb658d0ce95328333956b6cf029ee2c2c4fde4aca4c5240902d46c9a10948ab5f7a821a272276339
HOSPITALS,117458.37,446.1,The Ontario Cancer Treatment & Research Foundation,"Head, Medical Oncology",1996,a657efbe964cffc161b36bdfb6d2e65c6739103c99fefc2c862cdbbd0d20da35b8b04bafd14d6a001bb18961187547b2cf94021139b163390ebed2103c918fb7
HOSPITALS,103833.98,0.0,The Ontario Cancer Treatment & Research Foundation,Radiation Oncologist,1996,f0fa8e8f998931e23c38714e1eb9024b0b8adca581b95a117583b5b65a5eb0642a37b7de8d4773a8a1b2bf08543070acb150db8dbd557f3c3675272f9837c65c
HOSPITALS,100741.34,288.86,The Ontario Cancer Treatment & Research Foundation,"Director, Physics",1996,fd122ef3800d05d333b4251dace094825753275ba2e6dd8e704d8a1e1c840829b229f416f963bb91f46ee4e8a3be263307027ad5a816be7f54739b9d53712c77
HOSPITALS,103833.07,430.14,The Ontario Cancer Treatment & Research Foundation,Medical Oncologist,1996,3cc86eeb3dcb66ae489484e42e753e1c3c566dd3aa3776c0aea0e6be905247367c36877634a37d56d01226e885ef4a809f2a24a6aecaf67b1785def1ed97a2eb
HOSPITALS,180042.0,808.0,The Ontario Cancer Treatment & Research Foundation,CEO/Radiation Oncologist,1996,a40e7b8ccab3c3a48ce4e99c209abf6a3e2be0bd7fc3ee07e4888948898e24696eb03a8354294e4ebba2daf46928a1a8fcbc7b080f2c10228417bce1faeca2f0
HOSPITALS,112916.36,443.56,The Ontario Cancer Treatment & Research Foundation,"Head, Medical Oncology",1996,86140acdf01f8e2e405c70210fc2fb813ea40185a3615727e5c355b70d61313aa2017831f6d81c14e762b2994ac511e03d2f7011cfcfcb618432a6a46fb5214e
HOSPITALS,103833.07,414.67,The Ontario Cancer Treatment & Research Foundation,Medical Oncologist,1996,12560e4f7f182f4a086c41f28672959b88c62b6c3f75b0ac1501cda8169004707570abe3702bdec2f8f911ae0848bf8b6326196894e163e86b42f8cf2055d3cb
HOSPITALS,103833.52,422.24,The Ontario Cancer Treatment & Research Foundation,Medical Oncologist,1996,0769738305615896689d49a065d28769758aa9f3cefc2f5c3e345a957ced930844038f27a1917590dfa6ce0821a3911c22579ab196a93f8676427cc1db812bb1
HOSPITALS,145367.65,414.0,The Ontario Cancer Treatment & Research Foundation,Clinician Scientist,1996,6687d53f8a904d63e31fc1d9487350b62dca13332a00157befbdc038842b22eb08b2a14f0cdc61162b6787c0d0ed1cfeae3f833e047d0fec73ec4c1fd45359b4
HOSPITALS,125868.0,671.0,The Ontario Cancer Treatment & Research Foundation,Medical Oncologist,1996,eba3e2bed70d8bcd3c8394c9827f6047cdc8ff2c9f7c33ef83a1ef10f1e715be78d8201d30a56a594e013fce59c63b4950c527c278db0dc697b8bca8cead0e66
HOSPITALS,102173.1,310.32,The Ontario Cancer Treatment & Research Foundation,"Med. Dir., Preventive Oncology Program",1996,8d0232960af174946f7af06305a8639a980518a66e693994392bf1430c655b32efac7a3d3cd09c9b7e1e489b3c92298c00552a6b27bd2e4eadb7d51f8aa685bf
HOSPITALS,103833.07,426.43,The Ontario Cancer Treatment & Research Foundation,Medical Oncologist,1996,d26ad63cf317e09eaaa5d16eda3074763bcfdcd769fd344a82c769d35fe5038a099a7b3e54c6bee2d6580c6bc50de779d3f99968ea3ce0113ad6f89005bdedf7
HOSPITALS,154750.51,449.52,The Ontario Cancer Treatment & Research Foundation,"Co-director, Cervical Screening Programs",1996,f3c021a57c924d6a69c263fb7c08c6f963b04f1b90964d12c76c581d48a96a1837887b732797db9c3d98fa3d26b3ddc9fbe7015c88fbf6b5aea4b2b2bd1a153f
HOSPITALS,112917.08,447.72,The Ontario Cancer Treatment & Research Foundation,"Head, Gynecologic Oncology",1996,6177d1f6a556a5da1d2151a8cbd92eacb9b7d8e6d71720b1bf706f6d3ca2629ea529820b403eb289d691acf12f30f5fe85e84221f0f8271ba0e5db3bd7dc4489
HOSPITALS,103836.67,426.42,The Ontario Cancer Treatment & Research Foundation,Medical Oncologist,1996,8480d08ca5f733444b7431bf7e4db32b3b21c5776aba54da988e0e368d8bbea7f367202c8d77691e790af56b7bc6d37fe0c91610f5842ee533c425c4c59a637d
HOSPITALS,103833.98,426.42,The Ontario Cancer Treatment & Research Foundation,Radiation Oncologist,1996,39e04d35c18dd0cc91ed76ce4e58b76f436891afc9c6148230d3d7b9717c853d29b9532139afa99dc9532ec5fa75756ec759ad9beb8dc4f497de1e5ccfcb51ef
HOSPITALS,103833.52,422.24,The Ontario Cancer Treatment & Research Foundation,Radiation Oncologist,1996,8e30dbbfe0b519edf441e68264489f69daa460e863089e032753ad166514485dc957e1918865567fc7108356f5e418592dec15c2e0df645bc3c2e030f41ac27e
HOSPITALS,103833.98,426.42,The Ontario Cancer Treatment & Research Foundation,Radiation Oncologist,1996,e7749eb6250082f315e5894e506c8ce6c70600d2fb03fd969501b2430598add5ff3d0ededc48f7a33117d2a0cd593097d2157765de4adcf579569346b043455d
HOSPITALS,176244.82,474.72,The Ontario Cancer Treatment & Research Foundation,CEO/Medical Oncologist,1996,6641ce065a606709be463f594e779298f601fc9983521e59a11a3b80bf4fcfa9f8cd27e3e7783c608c488ef03c7e0a33b79cd2caad42957bf8e348100a603b0a
HOSPITALS,106833.57,414.0,The Ontario Cancer Treatment & Research Foundation,"Deputy Head, Radiation Oncology",1996,550af6de8f88afd478f12e48d4864efe500ca89b4ab7554166a8ba722ddeb6d9ace290c425a247f5d3ce13d1906bfc19fc9dd49cdea265a05c2235fd11b313d3
HOSPITALS,103833.98,426.42,The Ontario Cancer Treatment & Research Foundation,Radiation Oncologist,1996,b69bc7be8fe17b9306a212cabe9b7cfd48b862562ece9880250ee46f073f422fddb374ff1c89d58600cc71af43291782e4886707533deffa4b2e30fbd9c4d74b
HOSPITALS,121201.0,293.0,The Ontario Cancer Treatment & Research Foundation,Chief Physicist,1996,04e7ea72be693399a1f2de87cc5492ad824404c43e7c9acadb52445dfcf2427bccaf408dc0f6da54c70e897715cb74f600cacfb4c1132ef8c4ffe1bc5c68297f
HOSPITALS,103836.68,426.42,The Ontario Cancer Treatment & Research Foundation,Radiation Oncologist,1996,10a79899bc674f8cbee6bc1d2529f54a5e836b5b04efe6495722f3b4aed1b59b7da40b5f2da3f688dbc9d209faf43d60449affd97dd5aeeb5f9dfc43888560f9
HOSPITALS,103833.98,426.42,The Ontario Cancer Treatment & Research Foundation,Radiation Oncologist,1996,ac24236712ee1a1e19f94732da53344e1b80e4d054339d8c32372c9f368acf64b4fd17ab1834a5a959c5fe6e62e25ceab51704bbf376b8fedf16608c38897625
HOSPITALS,103836.69,426.42,The Ontario Cancer Treatment & Research Foundation,Radiation Oncologist,1996,f6a87f3becf4027dd6e547c76061cd101e377ec7d5180b98670a1387c85c5041806a1458d76eaf59307daeb621b52f151045e173058850689301f0383b0fff1a
HOSPITALS,131955.44,491.64,The Ontario Cancer Treatment & Research Foundation,CEO/Medical Oncologist,1996,ebcfbfba5186577c83facae6961bb1fb44dd46bf25eaebffbb49b65e5046d4af1b3c638b6ba1a56d797e6bb64cba8d1e07daf47dce7f6b1fcb95a7a307ad89cf
HOSPITALS,103833.07,414.67,The Ontario Cancer Treatment & Research Foundation,Medical Oncologist,1996,2069672930a0cec883679ddf7a501cbc2549c370a45dec858ae18aaa77f51bcd65ec56b4c822dd16828e7683ef482bb9640de99e60509425ab47a4b6e65da6ed
HOSPITALS,103833.52,422.24,The Ontario Cancer Treatment & Research Foundation,Radiation Oncologist,1996,505f77bfd5b683b86952037e5635a632f46d5f36790c306cfaf902bafec4f062a46fee2350fe06b56230fece61ec3280b36ecefde372fc43f7eb3d78d0b48b29
HOSPITALS,166790.0,783.0,The Ontario Cancer Treatment & Research Foundation,"Head, Medical Oncology",1996,c7e50b72d5b34f2ed0c2e91713841981ec4eecd69596af69b66d529425bfb29b694a366742bc4d04b323a82a7d8a1469f383a4c31a5d4e0bb9ac23db1d5b98be
HOSPITALS,103833.52,422.24,The Ontario Cancer Treatment & Research Foundation,Radiation Oncologist,1996,9d6ba1ec9e77a728d9ca29924b77713ca86e828f17fe4df47bb6f74e47b5b973f434a07412028cb6b3cff43c38af76589b3a3e68de44d7f7931caf8b6bfd3201
HOSPITALS,103833.43,414.0,The Ontario Cancer Treatment & Research Foundation,Medical Oncologist,1996,677dfc6daa12f6f4e731e2c8fd0fad8b6a4ca7096e3eda1c182bcc9328818c9c5663a27326d99ebf686d69c8939460dfb6244d08442f9d30214948579ddbc6b3
HOSPITALS,117867.43,457.92,The Ontario Cancer Treatment & Research Foundation,"Head, Radiation Oncology",1996,bc903a3c0060904cb2a73577f463f6760f0a2036b95bdfe080dd9ba24dd31622f0199f4162988e149c6d4d6cb8ce56999ca6585275fe01f08166c6e2d4fc7ad1
HOSPITALS,208324.0,783.0,The Ontario Cancer Treatment & Research Foundation,"Director, Research/Medical Oncologist",1996,043381e82392e257e03c6fb754db1e496537a6405a8d9db2debf4e5d4fe4522edf42cbf830ec4ab2b23bfda19b1af45c76acb8816fe7f5b01beeed0b5026982b
HOSPITALS,103836.67,426.42,The Ontario Cancer Treatment & Research Foundation,Medical Oncologist,1996,6ec7b060242591a6a65026cb5c72a1df65b1dbb48b5a6c8f9a021df1332fa4591fdd183befd7ffc7102fa9c5ffb23c60388d98a312a52cf0b1f98906fd3a19d7
HOSPITALS,103836.68,426.42,The Ontario Cancer Treatment & Research Foundation,Medical Oncologist,1996,906a03aaea3336e6a0f935f244e5efefb550995dfbf797503d175307261d73733528e23756ebce050435a36bbcc59ef2bd125701e9f1f92875f077d94c0f59b9
HOSPITALS,103833.43,430.8,The Ontario Cancer Treatment & Research Foundation,Medical Oncologist,1996,3025368adbe8063152f5518777810ef8cf65ad2a7dbbd62c009a49eb48593efd1584a39b27407bae29740add74912a10897b8a74cc0b135b4bc3a2f3326108f9
HOSPITALS,103836.67,426.42,The Ontario Cancer Treatment & Research Foundation,Radiation Oncologist,1996,75afce81e47f730393d87d93500d3bbec29b60d566b13a0b05288fe035c8617697b7602722861e78ed7732c34aeef4351266d3d18b43cbaf961075b842052b27
HOSPITALS,101393.08,0.0,The Ontario Cancer Treatment & Research Foundation,Physician/Career Scientist,1996,9001fdb36727b7503ebb1590d64f6944dcb122ec2be8f54e7cbe935992a8462813eb52a7bde4c02ef59a1d47615508f9c0165677619f3911c7fe31ad4bdc0c9c
HOSPITALS,178562.27,430.8,The Ontario Cancer Treatment & Research Foundation,"Head, Radiation Oncology",1996,8152ce4f12cf118855cb56552d14ed15c02e16a3d6bc61f6a377d311ec7a09b37c47c1f38728b642ba995672bb51d61a531e281168db2d4009ef1e7f953b8b26
HOSPITALS,118136.49,261.84,The Ontario Cancer Treatment & Research Foundation,"Clinical Assistant, Medical Oncology",1996,b40a77b8c034b6051ff933d592d26aa754c045cce0649f01de1911a67d1d700d11c1ea1ca336065c303401b77cc880f9a3e6788d97dd1143023719ee3e27a30d
HOSPITALS,101039.0,307.0,The Ontario Cancer Treatment & Research Foundation,Dentist,1996,69bda01d57d1ffcb958624f53bd25358896d6d1c934026b5349c1ff24ae87d2afe5c5f314f28aca810d10367be600b7fea9d1e3ae9fca55810cad9c461963444
HOSPITALS,103833.52,422.24,The Ontario Cancer Treatment & Research Foundation,Radiation Oncologist,1996,848a0e24f71cbb5aaf9548fa97db20b076ab3005f2acb9c2a700ec64e7468778a4a5b4a6e338cf058f47e91f33b0af3f3ffb59f6971bdf8ed0c03edf70f4b989
HOSPITALS,145366.77,414.67,The Ontario Cancer Treatment & Research Foundation,Clinician Scientist,1996,88dcc4a4ed72ff264c7b637efc65eba4991316183948f514602383af19293f04092cca68d066db54030a2269ce7a80ce3d3ad30f2d0c5d6e20fa399573bb052b
HOSPITALS,105038.04,318.0,The Ontario Cancer Treatment & Research Foundation,"VP, Information Services",1996,ed4129e6109303f7d4ef3fc86935d4664443e648b7fae09a01624cdab11d3ae518508f0fc0229efa67a0438cd6c366425dd1d8dee168070fc70c5324697fb691
HOSPITALS,103833.07,423.49,The Ontario Cancer Treatment & Research Foundation,Radiation Oncologist,1996,b0588d89c44b62b5de55a907c4e7f19783d5d123da69133a1f7011fbd405a2c0febd538765661cb30f62e724f5740567e9fc041dce6fe534f3fd851b52402121
HOSPITALS,186036.1,265.41,The Ontario Cancer Treatment & Research Foundation,President & CEO,1996,8ff0942557767716b4b2687999c93654e2c034b5b7c34633435f0639ff0bbe3951379e32247e90cbb79dfc2b941033065b543e06fb9c62fb6c7cf268405cf87c
HOSPITALS,101745.14,308.88,The Ontario Cancer Treatment & Research Foundation,"Director, Ontario Cancer Registry",1996,221e83f88365ebc3a09986eeedf7a8c6f5c25d01067aad76d84885588ae2e9c1f31c0f5c37afefe8fefd5c840583f77f6faddae3f13a8669662081ae88558977
HOSPITALS,103833.98,426.42,The Ontario Cancer Treatment & Research Foundation,Medical Oncologist,1996,e25bc75a95316e6d75945b056be468a7f72826d8f39dbab2c95a1e0b83665b41957bfb61162fc582c533316dfbf75a1c8d9a68fe5d245648549753f2ea279b90
HOSPITALS,131038.04,415.0,The Ontario Cancer Treatment & Research Foundation,"Deputy Director, Treatment Services",1996,6241deed3704477dc9282eaca29eac602410dc1d476aa3118429016f78579a5b0ff845a1146ba08d552b0a1e4f469b958bf83af6e3b798a739a7d0770aeb2c7f
HOSPITALS,103833.07,414.67,The Ontario Cancer Treatment & Research Foundation,Radiation Oncologist,1996,61be3c9d63e0e6a391aa511b31119a9b059caecdbbde6e31329ee8fc1a10489d7178540f42ee2bcf864e1d52a3447acb45f870967d5c4ae2e0eb38e9a5f66ad0
HOSPITALS,103833.07,414.67,The Ontario Cancer Treatment & Research Foundation,Radiation Oncologist,1996,6278c64223ca637f03b9101b8a6c6d7cbdae3e789db0c2289a8e3662d8a22b271f58352c08000a31333a7c4ee5e82bb4d8abf2c06c4e65efeac99c9e1ae41f62
HOSPITALS,149348.0,734.0,The Ontario Cancer Treatment & Research Foundation,Radiation Oncologist,1996,ffd05eb756685f6496a1170cb4ba3b1d364e3d55ea1ca3484f0287ad721d892be808956590d2275b59c660e642e98ed5ccd2f514aeae9fb3d0c9bef76d590842
HOSPITALS,103833.98,426.42,The Ontario Cancer Treatment & Research Foundation,Medical Oncologist,1996,638508ce79eaea773f148e7b411b5cec1be9aab24d61880c59e9f5f4b4be48f50cbbfb57234bfe453c512e46d67c866204788f9e9497290abd5aa4279d912a51
HOSPITALS,160037.94,423.84,The Ontario Cancer Treatment & Research Foundation,"VP, CFO & Director, Management Services",1996,99b51146567bb7fcfd79d672c7e0f4f1781873ae7ddc660069014f6e02401f61b331e495786f26c144067ec96b4bce476ba196490774c92e0fa921e40d353893
HOSPITALS,103833.52,422.24,The Ontario Cancer Treatment & Research Foundation,Medical Oncologist,1996,ee7547b35ce7fc46c61331a7a1697bf994877f9ae158811bb7bce1f53e89a9fddc1c22e9a350a8a6786a832a1c723b5d32f1f32ee473c39e6bbbdd0ed9234c9f
HOSPITALS,172334.75,430.8,The Ontario Cancer Treatment & Research Foundation,Radiation Oncologist,1996,cb641f034e1a1a0b0c660e3a2b97c628da2cac10ca711f9fe216f41cab470051517f4fc3a38f36917609c4dd2e0ecfa5a5cbdeef596bd6e1ec584dbebfed728b
HOSPITALS,109138.21,240.6,The Ontario Cancer Treatment & Research Foundation,"Director, Etiology & Primary Prevention",1996,acab7eb5a30f60098e376d2577d1b38ba64649e3924a1aecb25fce681a41549f19feeeba8a895d275305d1319ce88b1acd58c9ba1f3c70a35e01edc670382a33
HOSPITALS,166790.0,783.0,The Ontario Cancer Treatment & Research Foundation,"Head, Radiation Oncology",1996,9a140aaaec7e0708f72d1ba96add4d0847da27245029528148d226ff1146f4e35b140082334fe6641cf0b4e2ba6c96b02d4ee7e010359b44596c034fd11a4ce9
HOSPITALS,127478.52,0.0,The Ontario Cancer Treatment & Research Foundation,"VP & Director, Research & Education",1996,1994ebbd0a8939e709816ac7d88a8d7f5438d7dc77f0c2a95367a64f28bc7738a7a10f569ee532a66c4bdeb711dfeeba0e7844e7c59f4c9b1d3d0b9162fcdd2c
HOSPITALS,124303.0,472.0,The Ontario Cancer Treatment & Research Foundation,CEO/Radiation Oncologist,1996,727eea0bb47f158b3ac5dab8581969eb5fe14144f79c250f8972a499efd2fbeac88ee98a5396f1460ed636da3fc072514632e7710d094e6c294e626fa19b2cf6
HOSPITALS,146082.56,484.51,The Ontario Cancer Treatment & Research Foundation,CEO/Medical Oncologist,1996,a9a63a02b74888507d4483230b2e9170b88cf6e4460296da6f29d52de6a08b4b435c0886e097925909d285cd061da9529273ae0ec0f2083bb9c309a2126a96a8
HOSPITALS,131082.37,0.0,The Ontario Cancer Treatment & Research Foundation,CEO/Oncologist,1996,799d554f73727bc5ef1de40fedb47881fe06ea4bc26b4c44b620aaa5b06131ae76642bfe13f3644ea9c81ddde0987bcfb9e436b952c041dd74be1f8bf1dfaa03
HOSPITALS,112916.79,435.12,The Ontario Cancer Treatment & Research Foundation,"Head, Medical Oncology",1996,8e8e61eef5c62707fe8f727f5c2c2eaebeda8c687721713b03bd68539468b4b3066195c4d831000ae21c1b6fa8235dbe874bbe615d46f098dcef7c80c77c210d
HOSPITALS,103837.43,426.42,The Ontario Cancer Treatment & Research Foundation,Medical Oncologist,1996,855925353514cb50bd2787bee7afe7b056dafcfafba20d3c31f0ba1b08204225f4fa7530033be953403656228cc05b91e63fcd8e24f6205488a57669b9384c51
HOSPITALS,102797.14,420.03,The Ontario Cancer Treatment & Research Foundation,Radiation Oncologist,1996,8e62a9b18e7537ca3ce8907303268faa238fc8f39c7770e43c3a0389b62a73781374e7ce1d66c76c8ca982e1a860bca3f87882065b63bdea6b14092a81261e7a
HOSPITALS,136834.0,762.0,The Ontario Cancer Treatment & Research Foundation,Medical Oncologist,1996,2c4baadb8a47415e84d472f5e905e55271303953e6472d9bb682603e0520ba594397c888bff07e3dd2ae29f0e4a10282f6de80377edbee97c12cbab60321d654
HOSPITALS,103833.07,414.67,The Ontario Cancer Treatment & Research Foundation,Radiation Oncologist,1996,f4b589d384a692ac5822255d2091542bf06da4d3844c7637743965c59244e616ab1d6cd7bca8676cfafccd2cef09da2feb7ed38b2ee894e2e8cb7de5171fa135
HOSPITALS,103833.98,426.42,The Ontario Cancer Treatment & Research Foundation,Radiation Oncologist,1996,34d9705e8bbd70d1d7e6887949c0b2e9241e1b292af0acf926a36f8d6f27728f41ae67a2df39a9db0b950bab7a6ab652b4cf6c2b29265b3e1b66f79df91887f0
HOSPITALS,112916.79,435.12,The Ontario Cancer Treatment & Research Foundation,"Head, Radiation Oncology",1996,305cb149032baa77112af4b1d5944c9628010fe8c8e16076c1bff969e32d5825ed0dc9484aa634dc6de0f87aa8af4e3a558223e6b950f00e1e5a133622c6c2ff
HOSPITALS,107307.51,318.0,The Ontario Cancer Treatment & Research Foundation,"VP, Human Resources",1996,1eaa6b62ba19f1362a4b0332bd7466378c051470b8045590e8ae1d75fd3b579104291a12f7d95e4ff562fc26fda15753f72e750542d61b422793c41f2a03b479
HOSPITALS,142334.75,430.8,The Ontario Cancer Treatment & Research Foundation,"Director, Research/Medical Oncologist",1996,088f303658a19fbb61c70855031ffa5575b4dfd99e787059fd181d6ef8896b89f01e2fb1cd7fb902d9c50592a14e152aa947bf717d41c338204ad018d5dc74fd
HOSPITALS,117867.42,457.92,The Ontario Cancer Treatment & Research Foundation,"Head, Medical Oncology",1996,b6e51529612bcfd1a70191bec744fb72ca082ee9627cf1d1687872b3742ebd85d05c0fef61c517c08b251c7ebb4df1ac11d53363d92040c43544d25fa9321dc3
HOSPITALS,104751.31,252.84,The Ontario Cancer Treatment & Research Foundation,"Co-director, Cervical Screening Program",1996,7746eb33f80102d27fee1cc7fe52290e2c764ca1cbc0977a716ed983eff2b3eb71521e3ab5a758cae86754a071ff490571b8905046296b2455f81809e7e39097
HOSPITALS,103833.07,414.67,The Ontario Cancer Treatment & Research Foundation,Gynecologic Oncologist,1996,728c8d181e54cccd21c947d97ae3a94dd12bc49b3e2fc38e1649539fc5a2ddc05c7fd2a764edc3e586db62c252eff10d9e5e8ec4c83ab94e92a440f5b8e0a13b
HOSPITALS,103833.07,414.67,The Ontario Cancer Treatment & Research Foundation,Medical Oncologist,1996,b47a18f4de4ecd0cc386273cd7efcf9bf8a781da020821e97e32c6edf61a09e44a2f58f8565aba1fb36a323385b817c43c4b152dcc3b4b760c7ae82921bf3ffc
HOSPITALS,103833.07,430.14,The Ontario Cancer Treatment & Research Foundation,Medical Oncologist,1996,85ea9e810679cd0a5ba07424fe13fcc1ffdae8ac46c940da069a32896d39ee0718472ece3786a77d49c456296a63b0a313df3adb7df8a9968ea774ef0ab21088
HOSPITALS,103833.07,414.67,The Ontario Cancer Treatment & Research Foundation,Medical Oncologist,1996,e74bd1c48bdd022bd46529562c31a075b51b210ae89fb8abc1d0dcd0f336c1cea0b1401382815497f9af271e2e18e42d058d2c9e4149c4843a983f8151ddbfe9
HOSPITALS,103833.98,426.42,The Ontario Cancer Treatment & Research Foundation,Gynecologic Oncologist,1996,cae5f9df17823679e45a8c5e3522be26a211e52299c121aea4f724209ddc716fba1d5a83ddd47c53956a7e73e51bdfc9f6b684e8443d1e18cfd902c356e60819
HOSPITALS,126541.57,465.6,The Ontario Cancer Treatment & Research Foundation,CEO/Medical Oncologist,1996,1f02b1d8dfc375e5cef80d31b3f7f3972417409f08b8297c559c1a70742b33db538508d1fdae3421b10cd1a4206aca1354a2281de29929fa0044ce9eaafd8c7b
HOSPITALS,103833.43,430.8,The Ontario Cancer Treatment & Research Foundation,Radiation Oncologist,1996,a0892ea36e0c77ea6b6520f183a5b713c951fc4cc7f59097e9b6ee5ed7924cec72a58f31914054e7df96a5863e7ba435f586521f9f48d78250044ecb42ced619
HOSPITALS,103833.52,422.24,The Ontario Cancer Treatment & Research Foundation,Radiation Oncologist,1996,c3e2c48f7f53ca255d616bfe5ad0a47a7edebd3fcdfb2d90b4afdda8fef7b913f46b7d70c4b7a7e6d55701e56111f4c2e601f3d04d93994952139e803c4d0883
HOSPITALS,142334.0,427.0,The Ontario Cancer Treatment & Research Foundation,Radiation Oncologist,1996,c8906251d36e47dfadb3a593be3bef3c3aa53d7e174f218783eb6c27e46e34ecec61eba0ba83829f9ce64a0134683bf51ec52c550660bb75f631f6543593e1b1
HOSPITALS,118016.98,458.28,The Ontario Cancer Treatment & Research Foundation,"Head, Medical Oncology/Hematology",1996,8321302ed3580540de54176a7941af4249a93d392b6ed2f124d13fec128c4690c65003122b885700d9ff1facdd40506f566a71590d07e86ebaf5eae53727d052
HOSPITALS,103833.07,414.67,The Ontario Cancer Treatment & Research Foundation,Medical Oncologist,1996,ab4bc11ff6a5015357ea6941d380f9925cc96ed3ec81af32176d8a35c9c292dc86db69a659cd6e7a401ed9f89e15161c511ec833578b7305b749e35440ce9db9
HOSPITALS,103833.07,414.67,The Ontario Cancer Treatment & Research Foundation,Radiation Oncologist,1996,415a61f8200f8469412a4f0d5daf0517f8ad648564890f303a7ee43eed5b31673de73b54248eaa9c551dbace6ec87344e758e7e186666771b15d3aa14b11ea58
HOSPITALS,103833.98,426.42,The Ontario Cancer Treatment & Research Foundation,Medical Oncologist,1996,d7a4f0fcee242b25fc6d729706c0385ba8495ee821aec81a194dfbd820ce1fd6458df1d2a0d00773c1b7a87e43ce5c927c0658581ed9c52f820659231cf6d66f
HOSPITALS,106562.0,425.0,The Ontario Cancer Treatment & Research Foundation,Medical Oncologist,1996,7d879280d55c956cdb6202a7b5798a90ef15c4b66879b28897628e4be2fdd2b2baeaa6ac0b2cbcf6ffd3270986119f23a04721d01022a51a7e25cd3112c6df20
HOSPITALS,106193.14,283.16,The Ontario Cancer Treatment & Research Foundation,"Director, Research",1996,5c89819784c1a441946bdcf7852c70fb68f79c0e5436105a1fa8c4721c5f7a729f767bb3a55d327938ab1c642614b88c2227652e1668edbc9e1bc3eef8300772
HOSPITALS,104078.12,432.9,The Ontario Cancer Treatment & Research Foundation,Medical Oncologist,1996,d27217dc2b84239242cbc5c04f96479c3016600f4230065a72846ae91f70da66ff1e06c01b2b49941bc24a87a4c66483925565553b35085550d12ab81af0e1d5
HOSPITALS,108832.0,431.0,The Ontario Cancer Treatment & Research Foundation,Radiation Oncologist,1996,742e8bf323c426adf53303110a1bb2ddc9d352dcc6fb37c76120f8d2fe6b415454c468e46d94ef84a72979a4428b3f09a1dcb6c2d32d53131cd18f5d2681f450
HOSPITALS,103836.67,426.42,The Ontario Cancer Treatment & Research Foundation,"Head, Medical Oncology",1996,ed7922740b0466e92459cef99bcd83e30cbc94cd8bce99b637bf0632a7882e1bc4be7a6168ec06fe881b7d635f646693b52ab260e8462f6eae3a11a8b71d94c5
HOSPITALS,103833.98,426.42,The Ontario Cancer Treatment & Research Foundation,"Medical Director, Oncology Patient Service Unit/Medical Oncologist",1996,25e76b7a06d6715829dd94a2a436d352817808302244bb5b506190573bfa93dae9abf823798ce16aa3f356d2cc276804151829cc7e60c45e2eb0483a2eeb53a6
HOSPITALS,130598.9,487.14,The Ontario Cancer Treatment & Research Foundation,"Head, Radiation Oncology",1996,3db53fa42d41be258e17dbdae191248e7d732f2dcb115a281305052c55b5387a8b9bb79aaf755fa46a766de5a062325342b4d5bcd9a0884724380f8b230eda4b
HOSPITALS,103833.52,422.24,The Ontario Cancer Treatment & Research Foundation,Medical Oncologist,1996,6f2371753469275fc67ed4041d086507a0461e32da979e91b484ad4327ca0d10157588a331b9fe29baf9e5f6dc05c2e392eb2fd39f0bfc4ef811b8e1b43bfa44
HOSPITALS,103833.52,422.24,The Ontario Cancer Treatment & Research Foundation,Medical Oncologist,1996,5aea3c76f764df59d7452a7492e4dacf39b38d15444188e6ef561bc357999b32249a1fb5e7def4f81f272942c8f9a1bdbf1e04b0ad0bb5b3e223224494299fe7
HOSPITALS,148562.53,430.8,The Ontario Cancer Treatment & Research Foundation,"Head, Medical Oncology",1996,466546651529f55744f9fe8e2c1cd9ecf4e9595429d3d86adf96a4e04fe3cac19d3baa088ab18722bd0f9057f0cf1ad1a7559b08febd16acbd5528a9c0b81a4e
HOSPITALS,103836.68,426.42,The Ontario Cancer Treatment & Research Foundation,Medical Oncologist,1996,0f55cffc241636bf42066ebf309ce4c45aa6c766c68f1020f68a5b03f95b9e71dd803bb18ee73a98985ad1839b4cfc7e113e23655098a02d8a3b285dd8cbd38b
HOSPITALS,103833.52,422.24,The Ontario Cancer Treatment & Research Foundation,Medical Oncologist,1996,1ede1b19ad1ced1fff4fe1843843d2b609b6145a9a23b27bf073989e70ba3be0019e7b728e64fdd887ff6440683a560741db6ccc00100f200e458fa047d12cc4
HOSPITALS,102493.96,304.8,The Ontario Cancer Treatment & Research Foundation,"Clinical Assistant, Medical Oncology",1996,20df4475583eb2870a2d7db0ca97a10cccf32da3814d7211876313f48787b8cacf8428e20a46946f35f3b9f4a2848a324b85018c1d5bfb3bd5ef1f649bb57b43
HOSPITALS,117458.27,437.38,The Ontario Cancer Treatment & Research Foundation,"Head, Radiation Oncology",1996,d5dd723a74bc7c38a90833c95202ff970f1b26442652ac98477f54b6bc54a0a91772482cec8865fa1dc01f9ff5420296949ec38c63b563630c560454e2cfe559
HOSPITALS,103836.67,426.42,The Ontario Cancer Treatment & Research Foundation,Medical Oncologist,1996,b1f647932cc59dc4e17152ecc9c1f6f229190e0b725d4329e41682009de9933f6c707d62b9b1717b8c1e9748c3016167db431d0b463ced115f0e8ba1ae4e9e77
HOSPITALS,106562.0,425.0,The Ontario Cancer Treatment & Research Foundation,Medical Oncologist,1996,c7ddcb1758f8089ad0c3665a2612eb867acd09fcc04c96878146747292921c48f8d48bb005cbe6f88641fda0f0b0c5523de474ec80da077f45cce36689b0c12e
HOSPITALS,103836.67,426.42,The Ontario Cancer Treatment & Research Foundation,Medical Oncologist,1996,9549b012d04cbf865ea0fccc77796898a1367062f8fa8e6ce10a085f22fca602c6a2628f92d33ed93009c263ce5970a8280660c9e9abb8bbf3a96a08ffc1eeb4
OTHER PUBLIC SECTOR EMPLOYERS,115000.0,675.0,The Ontario Legal Aid Plan,"Deputy Director, Legal",1996,987e4e9d06d6d87313f9d8d20744bf2a5854046244233a4ae3e83db6810189e7969b052d5bb4f4cd5770d3e51154c1a284a19faef322d8ca87a225d4d0ffd168
OTHER PUBLIC SECTOR EMPLOYERS,129888.0,760.0,The Ontario Legal Aid Plan,Provicial Director,1996,9330122a393bfc9747b4ede2b28b08db6b4e5f087c24762f1cce728ced29c7e31d3fb5194ea7a7810d9a1f8ae5815925bff9447ffbce1037143ddeb7424af42c
OTHER PUBLIC SECTOR EMPLOYERS,103000.0,605.0,The Ontario Legal Aid Plan,Clinic Funding Manager,1996,e06658d2abab3a119bf5be9dec209ea2b37c5dd1769dac5c62aa118e65f4e566aa6a06b456d8015346a59687ac8b733420168917f0f5fea2d6d7fb053785f83c
OTHER PUBLIC SECTOR EMPLOYERS,110874.0,646.0,The Ontario Legal Aid Plan,"Deputy Director, Appeals",1996,5dd270765f130abd1454a63a12d5cfbf90707854193ff9191b4ab4354ca9018435ad128f9faee5f1685e1158d384c562e5035e7f5870ac3df3539be75e3b1801
OTHER PUBLIC SECTOR EMPLOYERS,111175.0,652.0,The Ontario Legal Aid Plan,"Deputy Director, Finance",1996,4eea621e367a12707ecb7b997c01a24fa4b2dd7e1353e816503787db2158cb4dde065abe066cbb4285ff94ddd0d4650fe2a31b5440d71b8be12637335b469ebf
SCHOOL BOARDS,109733.0,520.0,The Ottawa R.C.S.S.B.,Supt. of Education,1996,ef86f8bfb62a7fcccd49038f6447875f9862b0d44446b0e4ad2abbe03c2dce706db89458c430d688d1bd461a274a5a5afa05f7d7d885659c20986d417f341b2b
HOSPITALS,112915.0,0.0,The Perley & Rideau Veterans' Health Centre,Executive Director,1996,5b0e190167a49ce1f5ff419704cc13895f918116bf0b2ac9854ed101e52ca6bdc93385a84d22364b28e2777b755fee6e354bf70a488816667f5ac25c4afc5b78
HOSPITALS,201312.0,9407.0,The Queen Elizabeth Hospital,President,1996,88596005268cc6a5e115d9432bead74c173fe61fc93c6003422ebdb5ce5db638184bbbdbc094df54bde971dc1f4b725c2d01b7012cc64767733b333b1c4cbfe2
HOSPITALS,105623.0,529.0,The Queen Elizabeth Hospital,V.P. Administration,1996,363d25ee0b9882c3b493811ecfb95bf6820e33ac059267e21ec2df5637e2f8d86d6da92b85d6462245f459cfbcc9cbf6d1b648e5c8839df453c6de6b182321cf
HOSPITALS,100623.0,504.0,The Queen Elizabeth Hospital,V.P. Programs,1996,9d14a183e4afcf09ad1aeae9f35b128a07e205a28672e0c4d354207efd6f65e7da75eff7464bb103d5b89a73cf23b24b04f97b4128cbc2a11d70ade49fded028
MUNICIPALITIES,119745.0,1138.0,The Regional Municipality of Durham,Chief Administrative Officer,1996,fd789a1a2b687a4576140cb4844082fc92171099637242cca1af45ee8bbfd98b44c7637bcfad51baff476821c779294d8db4726b7b8979d71c8c0f810409039f
MUNICIPALITIES,106290.0,951.0,The Regional Municipality of Durham,Commissioner of Finance,1996,6ea06bb5610262ca27c2d33fbc883085ed9965a0bcba9dc7982a05c15cedd515cd99f22d720dbf5f20ac7fd4af86a085b04950967eb9c5357059cc83606d4456
MUNICIPALITIES,105587.0,712.0,The Regional Municipality of Durham,Commissioner of Planning,1996,b3c0a6021ba388fc8e237e7eccc0ddffccbdc9476d7aed05c44cdad138f7a52162221a148444533ce361e514825c13d16e41e272de7079b48d7b699bf8029224
MUNICIPALITIES,117252.0,751.0,The Regional Municipality of Durham,Deputy Chief,1996,9afe4223adc93f508510c9e1cd39e44f5215a467d2e964a8d8641b2761a67784785c1fca9f45ddca5b8a5698571b3e1b4a8bcdbc1c440bc90a4f144e15487b68
MUNICIPALITIES,143197.0,805.0,The Regional Municipality of Durham,Medical Officer of Health,1996,7842d7ade31eee67172a7b8fcf3a2053a9c3422d866e209b0c93cfb53f879d20a3aae1af543227e50cee61a5622606c23e0aa9a390774ce700fee4811d2e47f7
MUNICIPALITIES,136333.0,670.0,The Regional Municipality of Durham,Chief of Police,1996,9f95b4f8053938b62a1b9fee839a81c910f72f60e327fd6126bb1fb7b44e9af2cb71262dba3381797b233924cd687c9cd0c3979fbc371ad5f5d313cf6f17a963
MUNICIPALITIES,111009.0,670.0,The Regional Municipality of Durham,Deputy Chief,1996,2fd7ec40e6c80bd4c57bffc6c2ee9088ac57a8bd3e1f7e3d2ab143fdf9a0be32294bc02251c728f29991d0d2836fcd5309a99ad3b812e223c9d8f1abd9d72938
MUNICIPALITIES,105660.0,714.0,The Regional Municipality of Durham,Assistant Medical Officer of Health,1996,5ec3542955582639cd27a7f99c0fe6b04fabafe4dac761082015bd333db9b45ab5fdbf4f75c8acee5eba4f3e11207b0226839facd0151d694b65b47c6bc6ec9f
MUNICIPALITIES,106290.0,717.0,The Regional Municipality of Durham,Regional Solicitor,1996,4711fa5f8a4c2eacece5d598bdc594b946560cfdccb5de7c14f583fb5fa77d8e7fb0d73a20caa06dd1cf11c5398ee59e21cb05dc62ca553804b055a35f28ca5e
MUNICIPALITIES,106290.0,717.0,The Regional Municipality of Durham,Commissioner of Works,1996,fe041af9cbeca09e4e4d1b3cf17e55c7df4eef500e3b536357908144fb0b7c2a0b9d2e0ca022e07356d0c5aa4de4dddc04d32173017a7b5ad52f92a618a687ff
MUNICIPALITIES,106290.0,721.0,The Regional Municipality of Durham,Commissioner of Human Resources,1996,5e83a77a50b338ca2dd387f9a97370646df9f4216eeb0d75db2cba06d63205aa371c7e3c2e35c104875f3c04292312b06fd7386c6d044658cf6cf6642785fc32
MUNICIPALITIES,100916.0,5992.0,The Regional Municipality of Halton,Deputy Chief,1996,517e2cc4ef874c328e15d4c6b0f5adf6c11283b419cf803714b2939888bde754d271166a9cf24384f5681c56b2a4b5abffb80acc860cdb86e71ef9ae55fddf6c
MUNICIPALITIES,128000.0,3442.0,The Regional Municipality of Halton,Chief of Police,1996,6d5b876f3d1bd0e7d6f2efcf64c719420d5b8b5668197a7db05d985f7ce49719a2eface7d09e7478a6028d037f4a608367818e66da1a2d38869ee6940bbefbc7
MUNICIPALITIES,100358.0,7703.0,The Regional Municipality of Halton,Commissioner of Social & Community Serv.,1996,3c45a3bb1ffaf307b0832cd40c75150382a6c7411c1248ea180cbc2e4b3cb284989cb6fcea3a07d8be29f9001c5f4b3e3d687ffaf811fa74df961cb4e7d353ca
MUNICIPALITIES,116146.0,7807.0,The Regional Municipality of Halton,Commissioner of Planning & Public Works,1996,ab57e8acece506514b5857680c1390b94e1d2cccf8facea3227d536659944b442d0bd3f351c282f0f0c18bef1f39ebb269dd8fb95a44010fcbffb0d3ad3f4f70
MUNICIPALITIES,100358.0,1617.0,The Regional Municipality of Halton,Dir. Legal Serv. & Corporate Counsel,1996,eb83066d9bc5b48187bbf5c775b6369ee5e5f3e9ad2f66595a085132cf4b878d4c958b978d5acdff0ad292c626d9b9f33c5be2b6a3f3678b83c967c8f7380ce0
MUNICIPALITIES,100358.0,314.0,The Regional Municipality of Halton,Dir. Planning & Development Serv.,1996,1d3757cde2b8d0317388f860af3fd79293ca94453121460bbdaa36a7015424ef618817453e6d8ffe428e66505a1a911ebb06ea69820751e20e182c47f28c2d99
MUNICIPALITIES,115438.0,740.0,The Regional Municipality of Halton,Commissioner Health & MOH,1996,ee7d49fe95a653e2af2a2e5a442fe4c8fb428919dbf2ab69dfea5c12211ed059b06e5b9ee78df665a87b483c517b0808920b6248849a9a2b22799de836d06c89
MUNICIPALITIES,107885.0,8882.0,The Regional Municipality of Halton,Commissioner Corporate Services,1996,2ed7fb002eceef070e734251ebc465ee7f323641ebe367c719ffac9ad94eeb32ff0eaac042c42ff5d46280dede5b8e7ac1f3852ad84a1b97c7dc4824d974d6bb
MUNICIPALITIES,107172.41,8318.0,The Regional Municipality of Niagara,Chief Administrative Officer,1996,357ece9b50f8e875721ce502d48a253de40c472a25886a7c5e002ac64e9a1631582394d5db978c8b157cb687cb64e35c1b34c5895cdcb4b78f7f1845e2db1dda
MUNICIPALITIES,101220.05,1742.0,The Regional Municipality of Niagara,Director of Public Works,1996,3fffce33d5cee6631c298619aa51a83dab6a2542be766d9a2b2bba232f08f43d80876cb83b10bebe399ad18b914cf3250947c9f79c98ec2c2196c2f1d6b74fd1
MUNICIPALITIES,136501.81,9300.0,The Regional Municipality of Niagara,Medical Officer of Health,1996,34cc64736f94ec78085196c91f56be7ca07243dcc2e9c3015ca77dda06551845f53daf05b735d3af609d0e5d1053b2773852cf0787f1bc9194973acf624bf5df
MUNICIPALITIES,124934.73,4347.31,The Regional Municipality of Ottawa-Carleton,"Commissioner, Homes for the Aged",1996,956e1242e3c0156719cc06f87676447d7eeff2033eeb117e6c5a79f32d7171e85d7091b9722302f6186744a3f03b74925e9d88a850345907182ece2aafc40bb9
MUNICIPALITIES,142233.12,7426.21,The Regional Municipality of Ottawa-Carleton,Chief Adm. Officer,1996,2704d5df871603d12333d67938c814ab63324778c2476425a22f823a9b1ea482b73e2049b5b30ae22379613f8ecb8e5172b0f55269ced655292ee31aca47a57d
MUNICIPALITIES,118128.64,4425.51,The Regional Municipality of Ottawa-Carleton,Regional Solicitor,1996,5b97e5ed99894bdd08abc0aa37b4e5663c05df8855836d4b786f0b6853d70f07f2b72c954d19f22553a37bf14a0592a5ac8efb13f2ddbcb41946e9699f3c18e2
MUNICIPALITIES,109644.73,3766.51,The Regional Municipality of Ottawa-Carleton,Assoc. Medical Officer of Health,1996,01fabaad84fb6ca2a472927a43a0525c57d7483c91552b49b4baa500183fc7b2ae99129d175c718c8f5d41fc053be1fc9b8b80388386a878d7761bd4b3296721
MUNICIPALITIES,100001.79,465.68,The Regional Municipality of Ottawa-Carleton,"Dir., Plans Adm.",1996,747bc25684d91f30deaf14d2985714176bb52842c183ddf61463bcb46b65cc85c53390f4cff8dcfc14909f51d148761162275c30faeb693fdf1bfef9f440b15b
MUNICIPALITIES,105272.78,3378.99,The Regional Municipality of Ottawa-Carleton,Assoc. Medical Officer of Health,1996,f774049a311e886302f280afe6708bff42d4cb3fd0aa1835923a6971db8b95d5b9ad165181ae1cf80c02f1500355e48dab4cec45efafd5208d9726b4ccb17cd1
MUNICIPALITIES,107115.4,3391.08,The Regional Municipality of Ottawa-Carleton,Assoc. Medical Officer of Health,1996,35524d9e72b52af17e62a824c01943a9b3a5b520408763a7409796abe9c4ccd6b4475648c9620fa9c19574050b9854a5ad44067358ce33dc3f7878a3715d15e8
MUNICIPALITIES,102013.13,619.46,The Regional Municipality of Ottawa-Carleton,Deputy Regional Solicitor,1996,99287938831ad6771c86b70590a688bd29f0333a2484e8a0361ab50bc9bd483922b4e53e8e94f7cbc61dd32f5fef8ed80331dfe007d3578f286229b89b32062e
MUNICIPALITIES,102491.32,664.66,The Regional Municipality of Ottawa-Carleton,Deputy Treasurer,1996,3e3c12797832e8f8322551797fd01ce28dc79eb4619eae3a7d4c33f88cf0eae764a0a9c709d23280a8e6b9eca11268574bda4bc6949fa3316ce72264465aa043
MUNICIPALITIES,122659.45,4305.51,The Regional Municipality of Ottawa-Carleton,"Commissioner, Finance",1996,3488b52b744eefeab2e54ed1c8cb2bd4b9d82c5bc77a02cd350a334d0471d129d84cb64872fb15be5651a1a8b55dfb8713176e9206f6c31ddc8c9113a5eb74bb
MUNICIPALITIES,105932.08,4406.3,The Regional Municipality of Ottawa-Carleton,Regional Internal Auditor,1996,d318de6988fc80f837a5fab4a2a413ab1b695597cbdf948c11cb9e498dfcc15becae3438ef741a5823b0d56d03a9cc82ce740e34f04cb8360b3199f4a00e88db
MUNICIPALITIES,118121.67,4441.07,The Regional Municipality of Ottawa-Carleton,"Commissioner, Human Resources",1996,8bc6209cf9d528081d46c723d8e5361bf52d2e063526ade5b760d844fbb43a0ed121aac3321d50b03496957a37a03f0bad75e32add7a2b08469abf3e0defaa55
MUNICIPALITIES,124921.37,4327.18,The Regional Municipality of Ottawa-Carleton,"Commissioner, Env. & Transportation",1996,6bd15c0691bc52f753b44f8e8d362d2c758506c36c7aca0696f3b5c664174451d9be42217b9082e0ea5545a997e16d10eef3cc974ba1cd16105159840e41c83d
MUNICIPALITIES,103378.23,2845.07,The Regional Municipality of Ottawa-Carleton,Assoc. Medical Officer of Health,1996,1047ddf2b397c1237fa7b957f22ee97c50fbacd4d7793c9fb38fda74a70d09fcc971c033425f2404c324e13513b8e95783b5eb72032e76f508c4785a6954e656
MUNICIPALITIES,124417.62,4305.51,The Regional Municipality of Ottawa-Carleton,"Commissioner, Social Services",1996,82faaf39e6c8044d2e1b02a1e8a373038f17bc32315ca70430c3946c22f4293b6018821eec31501af409ba352baf873d1b9246bd7fc6c71829562495d6b9ce6f
MUNICIPALITIES,118121.65,4485.51,The Regional Municipality of Ottawa-Carleton,"Commissioner, Planning & Dev. Approvals",1996,d01045ec3be0a5d547ae09ae7422efbbda55beabaa893fb855d88bf886d46d46dd010a58b50dc90bb69e4751f73dc52c84f2c8ed1150f6d87dcd0f13547b49a7
MUNICIPALITIES,105908.54,4226.3,The Regional Municipality of Ottawa-Carleton,Regional Clerk,1996,5b4ba6281c7ba7fe777e5ef8f5edbcbdb87756bdfc3783371d4090319a4be735bbec8c9424c2699472b1d6ab8419a2ef81d5fd532085641c5860cdbf271c88f3
MUNICIPALITIES,106923.2,1034.0,The Regional Municipality of Sudbury,Deputy Chief of Police,1996,05d811eea0ee52fe16d60cd832057e48f3ea86873109ece42b1503fcf30a658a456d36905ba1c04be36c2ad6d08c174955196ed6ed245bd267ad04aa0367e9e0
MUNICIPALITIES,102204.32,732.0,The Regional Municipality of Sudbury,Commissioner of Planning & Development,1996,085e00244dc6f5243513d7f083caf283a6c913312fc7d9fa0cf362863b9a52a1fb8e78d71c30046b74baef3575f8e228031bc1843d4b1cd74335f5e730f5257d
MUNICIPALITIES,119370.8,1157.0,The Regional Municipality of Sudbury,Chief of Police,1996,4d18f052ed466c6ddc2355f01ea037f0244acab5ac47cc18f15c10df309198dc6346dc076db1da3a7a2c13b77fe2deffdde7022f924e3fec5fd42eecad95b80a
MUNICIPALITIES,100618.7,735.0,The Regional Municipality of Sudbury,Commissioner of Health & Social Serv.,1996,5d9634157713f0e7bc47d3c77ec2c79caf44a96e7f35cfbbb19bce65c3f11615112efab9f531aca6e54fa412bd471385f1f8decf957c6e1004ccb0e4dd548d03
MUNICIPALITIES,114883.47,842.0,The Regional Municipality of Sudbury,Chief Administrative Officer,1996,9dac140d93c12eba2f9e814f97be2ba325a22e6f79fb0f7514049425b28301d0b4687671ab0d9fbdbee4f319a5c805a459201ad1515b25cefc0d6a8e4355ec2e
MUNICIPALITIES,101456.75,735.0,The Regional Municipality of Sudbury,Commissioner of Special Projects,1996,0ec9376ee9b49cf2120489dc1dcd220c7bca2a220d128207629a5331dfa5437a2938b0eab62468dc6a1d9a6b3dee28e3774facecc0ee94e4b05d6dbeb1ea0e85
MUNICIPALITIES,102379.6,735.0,The Regional Municipality of Sudbury,Director of Legal Services,1996,2c40659efba616b6c4424e84a4fc3b7f86458d8d2fd1081a60c1d1ced12a54b79bf9addb0f1623ee3d2c2301e449ae8c92c523db28568fd400e978397f2765f6
MUNICIPALITIES,102770.89,744.0,The Regional Municipality of Sudbury,Commissioner of Corporate Services,1996,8c38877b26c2ffa66ffc5c19b75f18115e2e0ddc64a4d19ffd7eeba22e4ccdcb810bfb760fda1e2d341b4850ca1e77680bf413dcda0c40ba51b2bf95d4984169
HOSPITALS,122663.0,2246.0,The Rel. Hosp. of St. Joseph Health Centre(Cornwall),Executive Dir,1996,5ce3c4fd642e1fdebb75c33c247f043084b0623d95458d7699545a8622ed9e4c58b04f48a6ae3dac738b915675c51e4d6ada64d064bc45a6264cd8e4a9bda054
HOSPITALS,139796.04,396.9,The Rel. Hosp. of St. Joseph- Hotel Dieu of Kingston,Laboratory Pathologist,1996,3fbeed644703af8644b03f54aaa2adf69ae1419a9c2d0921723e96c915858b3d5457171f3415163fb6972f6182bf6a501ce6ec9c27d769e0537e814f32003bb0
HOSPITALS,217836.08,21001.2,The Rel. Hosp. of St. Joseph- Hotel Dieu of Kingston,Executive Director,1996,87324a7759abfb73d2729c13b5db3c9ddc0d0da9b4be935c5696d9bb966f8f306cd2e30b10e43e7e545262d6f00f865ee1ba25628c50db519896158372e188b8
HOSPITALS,117372.93,7129.81,The Rel. Hosp. of St. Joseph- Hotel Dieu of Kingston,Asst. Exec. Dir. (Planning & Hospital Serv.),1996,a072b90b2574a0f350a639ce9b62fafd9d25fabeb0d518258b6bb692d7cd6707e8ff01dcc25f579e2e38414b7cb2954cbaff5425963dbd7f1ef60f10a5ad8690
HOSPITALS,101634.72,267.9,The Rel. Hosp. of St. Joseph- Hotel Dieu of Kingston,Southeastern Ont. Health Sciences Centre Dir.,1996,75999e9f8275d44606232c99ea59b7778641efd468886ca8072de4f97b4c54251fd7dc814896f93f7e37f8bc5d095f2796a946648370d248421bea31306eef07
HOSPITALS,105147.17,7702.34,The Rel. Hosp. of St. Joseph- Hotel Dieu of Kingston,Asst. Exec. Dir. (Financial Resources & Info. Serv.),1996,ec800ab3d7e9f3a7ecd60fcfac2cb76cb4e3e0fd63b6f0f45ac19c539cdbd0913d3d8c795417ae2e650974c4d11e8b6c349eb4b14a09a079ea210c5775b7a514
HOSPITALS,112793.08,332.63,The Rel. Hosp. of St. Joseph- Hotel Dieu of Kingston,Laboratory Pathologist,1996,457dc65488a2782a02d2db67038ef0ad5d4c571aef069654f77aa797a9c1f0ec0d5a43bfa11a73ff9c1fa1e891b02616ee63e583565087a23cf3ef52c80608f3
HOSPITALS,197483.0,17996.0,The Riverdale Hospital,President & CEO,1996,a7272da18711dfd339d06db9b7628653ab41262e82359c4f53967ca7c41c8c0a711cad1742c470f805f172d01b3e14faeaaf59ca77fc2fcad924797f3b4f349a
HOSPITALS,139500.0,10959.0,The Royal Victoria Hospital of Barrie,President and CEO,1996,8bf6446c66a2c5c406971b863853e81cb9e6e38a204aa61ecf5798ed78cd78244cc863c91da68e21a42e5135a04a67c6f864b8c8efa616b1b6afd1f767bc8a59
HOSPITALS,135518.0,632.0,The St. Catharines General Hospital,Pathologist,1996,fa0eb6d712b451ddd9e46f0ea68ee5a856fee76759c05dc553ec2a800ddf321f6cb126c156ddc8d531ab6772ef8d20bdecd34a9cfad1642ca73b673613d616da
HOSPITALS,126417.0,588.0,The St. Catharines General Hospital,President/CEO,1996,79891d8fcf460a9f30bcdd527bb0cc117dd3779e172fe8cf9f32837cc53e3b702b046801a6221fd0faf9bd5c8ecd9c1106fdd1467caaecfb525510698e880a54
HOSPITALS,134999.0,632.0,The St. Catharines General Hospital,Pathologist,1996,3fa40627cdc1d162f146c6a22d89ea08f75463b30088644207f7f3fbaa15718fce7597d35e14d82d88544a31805231e1788bd466571340ca72b0a19756f38c54
HOSPITALS,107273.0,491.0,The St. Catharines General Hospital,Vice President,1996,3db7fabf53dec1d41b8be596b757f1ca23e12aa57c389b9036b2756b2b53421f4a98850d11c1adc546457085d255d22b3412d02b677ad0559f7889d24ca9075a
HOSPITALS,175686.0,819.0,The St. Catharines General Hospital,"Director, Laboratory",1996,fb5102ff93d48f8fa81e2e89b4f3a3ffe4ac3515c7e70f0c4fbeeccfd8d06ab517927f436ac4880e40b46021c01e31b25682c2744b42e00ebede1964bee61acf
HOSPITALS,129249.98,15106.6,The Toronto Hospital,V.P. Public & Community Affairs,1996,2a4589b14e814db205e991eb4fedf7e0258935737dac3f5db51cdb661de7ce0995f197926928e966e4fcdf8541e62379ef16165009d7a1ffda6c342d175a10e0
HOSPITALS,137412.24,14341.61,The Toronto Hospital,V.P. Human Resources,1996,76a36cde8e0718366efa8c6973d76a75f1b46f329242e0792436d56b338909a3100e5484a6e3a4cb395b963fd180f5177bcbf4dc16de1f39291a6cc0cca78e97
HOSPITALS,195502.41,15099.36,The Toronto Hospital,V.P. Med. Directorate & Physician-in-Chief,1996,f362df51fbcc7b4be1c0667b4bd547f5c48bf7d30787575b20c0254d92144e216f73068153880ed576c1dc8e74a2498480c48a338c4a3651affe59225d9edff4
HOSPITALS,141574.97,315.0,The Toronto Hospital,Neonatologist,1996,9977797e85ce2c21f71162358e1d81efbd907251e1ae70145e9ee90898ab6437a3a26e88480fdacde5ca4e08e77eba6a3444bd0cae7c4e899cc3c3f79fb099b3
HOSPITALS,150441.2,451.56,The Toronto Hospital,Pathologist,1996,c9f8d74d3b4948e280379756fcf7a83b76c9f68688803700a41c7394205a61a667c50961b3e23a47a287f1195f45fd2ae8880d7c4a2ddeb4552bdf1b3a032d70
HOSPITALS,141778.0,425.28,The Toronto Hospital,Clinical Chief,1996,e51bc56176e16820cbacdc3d16e7cdc40aba783e685853a5243fa7e96ba73b8e5a7d61c5749dfe91a0a9e9cc855b932283ad3a84984d187d2f5bf0617ed88d0d
HOSPITALS,150441.2,451.56,The Toronto Hospital,Pathologist,1996,d6a4c217ee8c1a72374e4c5304e9ed4f484a098af41a44d9389b9216ce655413fac19eb2d34abc17f80c0b56345b56955a100edeee479250ec1ebac036faf1eb
HOSPITALS,182124.98,30392.58,The Toronto Hospital,V.P. Finance,1996,ce1dc48adabc7a01d4879f7e7e4980486bcbb6e56f0256b602e00d1cd9baba0363c5114e762de00440aab4eb9568cde9ce12f69865ae8f9fb4a9ec0b8f91ac3a
HOSPITALS,144822.44,436.56,The Toronto Hospital,Microbiologist,1996,e2e0ca9b9590f273fa7eef40ecc85c2391fba9ce7353b58e1b2fd7431ad8f9f00553d493b0c8fc57286fa2147a8ab93dacdae32c5632df726aae88524cbb9195
HOSPITALS,150445.88,451.56,The Toronto Hospital,Pathologist,1996,d3ab2c4cef69f0223c56b1e282687af4d192a0224844f25a4989a104aaf98c88bd6491b958778f2331948da83557b86cdbb04935f7c09fa7fb0bbca2317d8f55
HOSPITALS,124999.77,375.0,The Toronto Hospital,Biochemist,1996,2e55cb8db3d4a0dd5d5c687d030c19c0f2bf3486199c3aea000df10c9278fc5d9cfb71fffc89742de3f893dd102a1ec43f3ec34c6ed2684385f979c68c85cad8
HOSPITALS,150441.2,451.56,The Toronto Hospital,Pathologist,1996,b6e1babc1f13a6656c928b30f23d9b1e390218dc3f07aad42dbb0e879ac226addf850d69737e4d199b2c6a691cec4cbe426b61ccaff26e5a469c264902f9db30
HOSPITALS,132800.0,421.2,The Toronto Hospital,"Director, Emergency",1996,85b49bb6449732356d5f8b114d11971695eac5c72b5085753205484608968ec4461eb18950dda86f98523620444400e19e0f88fb5b7751979ba4277ee896e914
HOSPITALS,122413.2,367.56,The Toronto Hospital,Epidemiologist,1996,5bb0733c46129c882b8a409a86fef70deabd2bfaf94172f9ccfbfcbb817174b670eac5a4d5e13c4752f0975535070637dae2f86710822ca8651aab49ee11e6b3
HOSPITALS,120300.0,388.06,The Toronto Hospital,"Director, Financial Services & Comptroller",1996,9f089b50fee15466731faea538a94812dbcf6fa2b7c567807ebf256037bbec40f493d9d63c9694d47e881a5b9abe92f5226178f719efd043d98a994a5f554b1f
HOSPITALS,150441.2,451.56,The Toronto Hospital,Clinical Chief,1996,74c1a318eee0f160964729159e21028ba026b764499cc8ca74c4da12efc6a807967114e228465ae8bc0e4ec6ab25bf74ec705beeda68bf51a2b76bb7ae1d3ef6
HOSPITALS,152000.0,243.0,The Toronto Hospital,V.P. Joint Purchasing,1996,68a373789ef5b0c13d52cbf2185c44ed5e9f542783f1fd9c9994fa6548621d39e1bd7d341ab97b9f262f1896e52288922587502c5afea08eb3ec59056941a2df
HOSPITALS,176250.0,20311.8,The Toronto Hospital,V.P. Utilization Management & Chief Info. Officer,1996,95695c064422b00534c066af5bdd40d340de7b24ff8fa0915a239e6c1a4f4c3316ade375f22a72259d560f806e2b623eb948b1340fc65f3e5c2a9e96542177d3
HOSPITALS,357500.01,36125.9,The Toronto Hospital,President & Chief Executive Officer,1996,7f65c42c99b50d1a99323a1940aea1a1d7ac23df26e7856d43ca912e38e0caa8b70e2c6d47dd0313bc9cceae8577e30a504eaa34f50c146617b73828fb0dc1c0
HOSPITALS,108000.17,300.0,The Toronto Hospital,Scientist PhD,1996,de17fae9c09ca0b0ab4462212488bae36169cb6c0650254b0452ae24847b634926476588ac034c712edce8c85ac76ecb51b4d0fbd81881d1646f6c66aa1eb796
HOSPITALS,163712.03,491.28,The Toronto Hospital,Pathologist,1996,cda211f42b0fcb94e32d4186ac77d5695a0d6d0f972cdc3bd6ec6dbea85f21a34e1970121dacec22ce09e4880e07efd3cda4247cff4211cb60ce4f4632bef9cc
HOSPITALS,123832.8,371.28,The Toronto Hospital,Microbiologist,1996,d5db0bb60dd2ae0f950147e5df8578ebbd7c2d1ff832502f7edfdd42b6e8f1e4e24bdf0be08ebad06173972221d10b241a6bfcd88b082137f4fa0c936d18c722
HOSPITALS,126000.0,375.84,The Toronto Hospital,"Program Administrator, Surgical",1996,c130bf7dab8473cf4f47437a82e9454be3a8f6495ec9b67fb99bcd9c61648e8f79c52b2f77a29f35f2c52e4ef2f42739cfab9c0f61ee8e6a48628bb9ebbc4d38
HOSPITALS,118469.0,355.56,The Toronto Hospital,Pathologist,1996,c98a9b195ba2240607c9f534fbf77c9f36ce9fd3fa7b2fe28ab50679bb1a8bb0c9dca22e95a0dca387d512890087b6a6d42499f0cd352b17940efe16b50ddff0
HOSPITALS,258757.88,21244.44,The Toronto Hospital,Acting V.P. Research,1996,4d0f5dfd2f52542dd62a10fe56c60f7ad0bbf0c21303c1e1163fb28d4272dacfc9090361f6b527817444ea93b250ced92d71cbe858d2f9ce6dfe211c781ac022
HOSPITALS,163712.03,491.28,The Toronto Hospital,Pathologist,1996,21df45c670cedb74521f2a2ff1989e174b87032fe9a9a156d3bfe86eb73b7251d4f37454208e28309c3d837507080930be60600b2a9e8068ba86ca887448ee2a
HOSPITALS,129208.31,11191.73,The Toronto Hospital,V.P. Special Projects,1996,e41fa98196e221c9df91419c08ae161a43295c37c0654a028078a43bc8d6dfbf793ded64a3352ca1e7cb88490047d5e41b4ae36535124f4d41cfb79b0d8ee7e2
HOSPITALS,150000.15,7.56,The Toronto Hospital,Pathologist,1996,2b4b7281162d7745146d29947bbaa01441cb54fa2ddad9fd8c043c0fa03141db9560e8ab377a8985773f7b043e07a2ee3bcba81b8cd044f654e5901eb0d7388a
HOSPITALS,118469.0,355.56,The Toronto Hospital,Pathologist,1996,f1bb92f32ad3c4e324e9e4d8f144c76e69e10b7ed564b9bb09c764b5158e590d539b67ea31d1811fd41c4a128956dd8c06cd10c54fa9897e5b065c8f29c37154
HOSPITALS,147018.85,337.5,The Toronto Hospital,Clinical Director,1996,daf2b2e55f6a3f49be524a0cd0f309420bd90c09bd2ad295c0825e21c0b8df7372d5feff06149a6195ec4d412d2fecfb2793419d86d376e8a55483daff094b83
HOSPITALS,150441.2,451.56,The Toronto Hospital,Pathologist,1996,50e9e80290fb2340a52fa64bcb2abe8c9558913e66ced51af9ff1dd33df5ede1b89af61d2a88671ac5ebd70591a893d05d9a77f6ae206ddec306eea55ec24bfa
HOSPITALS,132600.0,400.56,The Toronto Hospital,Gen. Counsel & Dir. of Medical/Legal Affairs,1996,8cf78e2ce076983fc24aeeeeebbc12f1e87405d5c00afb2d751fa2080f0e18ed6f617d7f2013bc7650a38b22d36c6bbedde7c8efa88718ff3388ef0e4ac9f38c
HOSPITALS,172083.31,15973.09,The Toronto Hospital,Executive V.P. & Chief Operating Officer,1996,9e88b85fe056a1ac4d1c41e105921050d135ee4b564f2856216ea85522fb6e6ca986d450bf0119ce8a5a17bc8b3d2e2f88b31b20acd8465005f9dbedafd29a61
HOSPITALS,148985.2,447.0,The Toronto Hospital,Clinical Chief,1996,8408e28b10c3fcf401d327fc7902deb8994fa2c48190e07de20ddceb23a18627e524317eb93c73a3ef708e655f112bb793d593dd657d69fe195f6aeeddec5228
HOSPITALS,150441.2,451.56,The Toronto Hospital,Pathologist,1996,1e658e8891a82abc8c40ff4d5a0ea2e62db7730744124a9b10522a5dd53c46f1f31f6667f8b42e79761181cc8c2c776adb9dd9dd18f3bc3346ad7d8799b343a5
HOSPITALS,165000.0,21194.44,The Toronto Hospital,Executive V.P.& Chief Operating Officer,1996,a7ef8c98c9950ba5cd3fe102aa73b4781d862373cf3d6583910b1482c230d108bf3c5ff21b3cdd60bbe7509f2ee49a6f28929cbbf37a5dee14f23b336291e20b
HOSPITALS,165000.08,495.0,The Toronto Hospital,"Head, Lab. Services",1996,31592d886b6599b0053cb27739b8039597a7b6b6882dfdbec2af1bd95645cecc7feaca0d6cc91b1bc44e02e842e86dcdd62f99f54804a71030ae94d24076a0a0
HOSPITALS,100000.16,300.0,The Toronto Hospital,"Director, Pharmacy",1996,c3f3fb531e27a109823cd5d7d511713ad2abb821b62052d1ede6986a344ac37d1a49655a8b188c7e7fc8fc4e20c1750e34ecae940669946f4ef22f08d8e48f56
HOSPITALS,105000.0,340.2,The Toronto Hospital,"Program Administrator, Cardiac",1996,7da90effb82ddf8d72ed3cea2ab24df9cc9c8fa5b623f2a3d160465b9f5bf4fa08fbe7486050fb51d740e326261dbad29322c081668c95da6495821f46d4c333
HOSPITALS,137624.97,315.0,The Toronto Hospital,Neonatologist,1996,c4d224ca3b128c5553733604a1b22542fcf0ef321fdec16d403abd17e4db521c0981623154390701123aa6f05222f421ad55043e13a9f9573b13242f24a2c04c
HOSPITALS,150500.08,451.56,The Toronto Hospital,Clinical Chief,1996,e044c642a3767fb8b13b659261fc6769f15728c1a1b294b17f52fccc89b88c203cf011a6572e2e3d9870736232ed3cc4db1f0e886bd4fe2590bc35d0d19590d4
HOSPITALS,150445.88,451.56,The Toronto Hospital,Pathologist,1996,ef8279cc5c3bdb091a3e9e4fede61fc1d45522d30dee0d3c5c1393a936f3ef2ca840ce9837da7069528f17d194d0d00bd43d7f506b736d49a069f842547cafad
HOSPITALS,190590.31,19503.61,The Toronto Hospital,V.P. Nursing and Patient Services,1996,cad8784c52a638b6e468b97ab936000494279f49e59b0e8ad406b48bb0770ba31e8adfb2fcf5efd2a5fae1df6c34f620c728f86e50784af1a5537d907a7fa6c0
HOSPITALS,132725.01,12976.94,The Toronto Hospital,V.P. Business Dev. & Hosp. Facilities,1996,b948b5209944b6c166b822c99d956dc13e181e3b84ae8045f6a5dbcb52ee2d8f966024f3a52255068a5abf5531beb24c309e3ffbbe83b155608405a81e2014bc
HOSPITALS,137216.82,413.93,The Toronto Hospital,Pathologist,1996,96feefffbcfe435dbfa4fa54cc76dd84a9727bb6eb6fce219a5652695c83cb4a6326763fe98d915bb4d123ccf751cce1b3e0c3a75c5e34bc9f42e4880b922327
HOSPITALS,150441.2,451.56,The Toronto Hospital,Pathologist,1996,8f9d3b423ac585dc1be5feec664c31153b7d109fa1bde8c4822b2865965bab2799b61e9b85d375b049ba24501b997c3598e5e6ff22f275c949376357a7e133ed
HOSPITALS,128137.88,384.72,The Toronto Hospital,Pathologist,1996,104baefddc5bbf80c890b3c143d1dbcebec0deda30c14cee7d8ab8bcc0d578ad269062998494926ea1353726895610f46a72f00f9173d2ed874bac9b43173d41
HOSPITALS,142487.8,427.56,The Toronto Hospital,"Director, Pulmonary Function",1996,b4483cff87be8a8b6c72f5df44f4f3f328b4c3e95a02236dd36209ffa55e61050f6865adc98b25f9ac46fd757b14f30635d1eb6d9a9a3d899450666b8f4e54c2
MUNICIPALITIES,100647.41,2086.0,The Town of Richmond Hill,Town Solicitor,1996,8facb1ec5297fb1c06b9c33b6b083de228ee2909f1b864282d7cd1ccd2d7222b66ffdd299d957abcf3c6e061ce23351735235af455a17122decf6e67788919b9
MUNICIPALITIES,124147.39,14198.0,The Town of Richmond Hill,Chief Administrative Officer,1996,cc6b4af12edac43b4a0a1b55936d660aaa6ba35bafa09a8917c2be38e7891fe9845f9b40655c3b9231f99aa7107dc7a2373b87eb55e546d1aface57989e2b2bc
UNIVERSITIES,175882.0,126.0,The University of Western Ontario,UC-FMCA Assistant Professor,1996,ed2dffc847108f758f10318e3be19888a1598dcd0f7eb8e010fadfd334860d962b5b79362fc5395325c482de3c00403bd402f402326025c43b47397c06c9ccd4
UNIVERSITIES,103894.0,126.0,The University of Western Ontario,Professor,1996,d1fc10758f8c5867fd7aad5a0ffb5bfe81fe184b31b12a7aa1b9fd9ede628ee39cbb583f8bdf1acfaa656bc93d21caf2594aa5dbac1644db913162cc6c82123c
UNIVERSITIES,101112.0,126.0,The University of Western Ontario,Professor,1996,dd08cdb5bd0f11d5f4fde22283acb5c3209e7e0eb5fbf85bb7bc677099ae431c8f9254b2416e6adf58346ece0fc1d8fec854be2315fe16fab22a44aa5784d6b0
UNIVERSITIES,130457.0,126.0,The University of Western Ontario,UC-FMCA Associate Professor,1996,1728328ddcbe067b6b4541b64fb47f865b49f4f34edb199b101e1f9d48aa40d1b123871b40f6c533a93b352d58eacc6a4b3f138a6eec2c77da1cc31ded272114
UNIVERSITIES,120288.0,126.0,The University of Western Ontario,Professor,1996,8d784278868ed5569f01d114efbce6e60ed3ab5ceb20b97be50607a8a0839274178b767231eb8def6c998d9dbd2971c861d82cd9312c95e863ff2adc3785dc1f
UNIVERSITIES,112645.0,126.0,The University of Western Ontario,Professor,1996,5bdc821e52c231bd0d7807cb1c9dab9677f928038a338494d034070578181144866048ea2cb93ae46264ceebc1b007cf006c54de7df6857b34478309a52337e1
UNIVERSITIES,111857.0,126.0,The University of Western Ontario,Senior Director/Professor,1996,6a5be5017dd1b638a87850e4f62538765e24c912bc67738500d6a6cecda87f6b2c46e0a290ac3e24fc9fd639ff5bde810265fa50b0db98c6be1571e54ec30a79
UNIVERSITIES,115546.0,126.0,The University of Western Ontario,Professor,1996,c484c2b439bbd4047dcce64601a6f76d26aa0d0aff0f9be4f4311dd4e19e5f46784a52f5af0783c7a4cf6ffe72c04c7e35c004af153b8598b5639ded2a28b2f4
UNIVERSITIES,175882.0,126.0,The University of Western Ontario,UC-FMCA Assistant Professor,1996,cbd0336e5474c2fef772c310200f376b8ddd428be0595cae59997829fd0e176c14889b5a0f94e85819e657da7408163131f861e2f9ce6ad030e50eeaf7f2ba04
UNIVERSITIES,108558.0,126.0,The University of Western Ontario,Chair/Professor,1996,7a77ce52a23074dc4e5df214076fa4be14d4e60aee9f759e42b782896466fbf89c8f07c837a5cc1ab02dc672e878c888b9c9f70c0a60b7cf814df688e0f92ebe
UNIVERSITIES,154270.0,126.0,The University of Western Ontario,UC-FMCA Assistant Professor,1996,58abbb07f13c3d0269570306e8d7fa4efaf3d440a150fdc4b86c8a8d49f0522ef6bd628f110c2ca913288737bbff416413c1f83d1485bae8df606f7149a0c507
UNIVERSITIES,115024.0,126.0,The University of Western Ontario,Associate Professor,1996,40658e462b3893536ce79a2231f6d349255aa3d6961ec96e503caa7aa013ae2cf470bc8f754e8253d5f280c38e9e7dc0781735263bf3cfec7bdef1b3d7a643fc
UNIVERSITIES,111687.0,126.0,The University of Western Ontario,Senior Director (On Leave),1996,87f1f3a6fc7d503478567d848088b950b823580da11022803384500570ff35da25fb4a9b041f42015304eaf7b2aa7892053704b34d579bf0e9b8495e85d24eea
UNIVERSITIES,157623.0,116.0,The University of Western Ontario,UC-FMCA Lecturer,1996,db5fae16aff40ca908c0064628dca969dc27ea19eb70a68b712b7e7b9aecd9c91466ee867170da440ca13eaf4e1887ddae6a66bba21186b69dd011ee6c836fad
UNIVERSITIES,153527.0,2918.0,The University of Western Ontario,Vice-President (Research),1996,cada98b37d805d17ec9102f2f702969c6cc8745e0fe1ee3e33eecc077b0b425b647a81b6fcc6052feb551f6b38d2ab4a25cd6e069f95638ace8a63482edf9190
UNIVERSITIES,159230.0,126.0,The University of Western Ontario,Dean/Professor,1996,a3a2ff2b8c400b9173ede8915b16a7596f31f536cabd6307f655d1ac207e247fa1de1e6ce85ddfda3bb3e8a45b06d7e864fc632c6271ac0a86d02b87d882a174
UNIVERSITIES,113054.0,126.0,The University of Western Ontario,Professor,1996,b4f6ea773a9a324ad217b982e68fdf7f7a757b08ba8bf9d51ffe92f946f17431f690d526db5aca702d30a8169525ee06d293f96271e4948bc6875e12cadd0126
UNIVERSITIES,109675.0,126.0,The University of Western Ontario,Professor,1996,6d5c5f38deaf868a1e8a6a53dd36d442d892ba13048710eb83c454c52a1fe916a97853bb0a9039aabd0fc0a1a29a1a7ea2c5aa5e74f48e25964ec12d504f0332
UNIVERSITIES,129453.0,126.0,The University of Western Ontario,Professor,1996,59a9af9c3d7273a48d3595d9e47cac8b5d837f8e0b11d117bd826c28600ff475ca61badaae4df6fc9b56041a487905e0df52b5155b524408be8f28c41434c39d
UNIVERSITIES,119340.0,126.0,The University of Western Ontario,UC-FMCA Chair/Professor,1996,d3e3a69b1443e3fd92e5a2bcaece035e7142d6e57e57240ed862761fe173c7e4fd611fbc4aa4ad1b4ef9335cf93a2c3ee9e13de2db31ff52cd39651e242b2c9a
UNIVERSITIES,103672.0,126.0,The University of Western Ontario,Professor,1996,81c67e95be4e94b00ed1ef908af793f4a1b9e0fa673cbda085f163d7657cb619892c275c1f62d6fd02232cc45d4f4c67b9608734b866b4ad4434d579887dc5df
UNIVERSITIES,175882.0,126.0,The University of Western Ontario,UC-FMCA Lecturer,1996,e065fe0101bb5ebe47c0afe8a50cc943c5530e14947670c05c548cc4ecff04e4d2819cac8ed93fdfb86bf5113e7fff04e434a02043964b7162d7ebbd0b2c5405
UNIVERSITIES,134270.0,126.0,The University of Western Ontario,Professor,1996,669a57bac44dfb00fcf3d4b7b789002e3bc5f5730d494eaf720e96bd855622a954070682309f3bd587f9600d8e52f88bee2c0f036d15a6c8e6d76b182f10e97d
UNIVERSITIES,118404.0,126.0,The University of Western Ontario,Associate Professor,1996,e19d81dfd867d33013e2403d1d2be70182102307f0da663ee119051c05d5b57449813767c8e9e9b7935df057ef163a56f8f39865202ad6123355f5aa87f7003b
UNIVERSITIES,104137.0,126.0,The University of Western Ontario,Assistant Professor,1996,accf04096a42214c8241c129d6e856cb9f5560bf1d01e8c1aef9adb10b42128c7f573f9f860795fea83f045b52e5321d210b1dd640efc3095913ae90d20bd2ba
UNIVERSITIES,125547.0,126.0,The University of Western Ontario,UC-FMCA Professor,1996,dcc24a2c86d68fc15c25b0ce5aef2451afa0f01d65a19d8d5f18f0edf787d28d4b6f7b414cd5aa3e6ccf71bb4a084466486f9a33e3a86e716f00010f277111eb
UNIVERSITIES,163211.0,124.0,The University of Western Ontario,UC-FMCA Lecturer,1996,d755e303c12887f0954644cc15e1fadd277aef50700581af39d44d97a25206894b189d60e0229f16e316490ad29b32870277651eedb5261e3c19df248ea002d7
UNIVERSITIES,115009.0,126.0,The University of Western Ontario,Professor,1996,a0c213c544180024fe0cdd4c530bac3b9682e108a33b747f7684eecf3d93b725981b48c6c98d152832afc207ba2a3d3de4b37d62c670000298e0e0faf409af3d
UNIVERSITIES,140541.0,126.0,The University of Western Ontario,Professor,1996,1bfb6b149a8abe6203b46ea62a4738d4cb406c0ef1f42e927bae40e0cbabd67a3515c5ba1a6f0bea529b4d7df5763ecf1ed8926373dbe921b9cce7b93656366f
UNIVERSITIES,203052.0,15460.0,The University of Western Ontario,President/Vice-Chancellor,1996,75d0da9888b58642e6533ddc2b4442db03c78b7c4fbf9667fbe543d2452f1573c530d939d5603838401547120de276c58f26891e5cb3f7303cd9457d93278079
UNIVERSITIES,100799.0,126.0,The University of Western Ontario,Professor,1996,cc5f6aae33b7e513995245f6ce689535999e5f76aa379f39d8a056c8f9c00c6d9b2c1d3b933d56c99af747da3b7193ac28779d98c9fdbc778d0422f1d8aa8e79
UNIVERSITIES,105137.0,126.0,The University of Western Ontario,Professor,1996,36c3ee5b388368526c659acf5759dabbc94358f79858f1726a77201a8cee0a2b88d8473b28f4b49897cd7340ac691d65528a2757da6d7885cb638c819a917d19
UNIVERSITIES,120128.0,126.0,The University of Western Ontario,Professor,1996,4403181646564d7a5b1001c675ad848a31e2a6794669914a0fbc2417135c33fd66ca803259ae8d4e24b9f3139eed1f178598a0e338c28a6af912cd6bc22fd5c2
UNIVERSITIES,161682.0,126.0,The University of Western Ontario,UC-FMCA Assistant Professor,1996,8a6993e8b170d2239223f9e0df5987729c5cabe7d453d7e9dbe93f12608a8d614ae64df2cad9af885dd0229a9be76e65b078b45f7506332cdfa4406e2f5cc654
UNIVERSITIES,112621.0,126.0,The University of Western Ontario,Professor,1996,11526f4b96f0de4c6815acc8914bd4b9078696a0fb67d43c95d92ae2eb6cc7b30a2be97bd0efbd21754d5bc49cf092558b65e5605eac4de9397407e28c09cd3b
UNIVERSITIES,175882.0,126.0,The University of Western Ontario,UC-FMCA Assistant Professor,1996,be9c5d66d7da8b253444e2e4926579191b3424497ddb1670d5804ec93e47732678c1310f16d250e6e682292cd61dd3cba124732ce163f5f5e06509eef95d1118
UNIVERSITIES,100107.0,126.0,The University of Western Ontario,Professor,1996,d506bd281caaa0c43a3250373e86cdf6ecf9099f7ddf0c0b14073c6b6a27817bd2e56b057a22b1effdbd984a4e397a5530df7e90254e9acabf0cb42a37367e59
UNIVERSITIES,104841.0,126.0,The University of Western Ontario,Associate Professor,1996,513bee5ab9fb0c0f7e34c636edfc78c8efe187b9d4acd3cbdbb498a9cfb8349b45fbb14f9343006a72ed5e63c3274c951be5c34ef07c577997b832de21ff1205
UNIVERSITIES,116882.0,111.0,The University of Western Ontario,UC-FMCA Professor,1996,6adf068188dd70ae7aa871342b03a18bdbfa55332acfb646f0925899aeaa7a91a16790464724f7ff5cc749cf5106d0be77ce5d35350dbdbb478cb6deafa41ce8
UNIVERSITIES,108271.0,126.0,The University of Western Ontario,Professor,1996,819b75b9a1e5592089798343d42419cbed2f59eba3be89653fece4801a557061ae559f8dbf0c06dc7370b5021c1f3e8416bc434b0779cf77f7d330d8b421d5fd
UNIVERSITIES,161022.0,126.0,The University of Western Ontario,Professor,1996,da1c3f3a02646bfa7297157f80614d1ea8b4cd2d5a78d9110a95a056a8f86c449c5aed1b6303c17bfad592120755da8209d9b517e9fdec44346ac5434d0a4622
UNIVERSITIES,122366.0,126.0,The University of Western Ontario,Professor,1996,3960e5afb49526c9f26c656c6de5f173ce064186d47cf0e1166344a1e9701577dcf8c1fb7b2c21bbe2454dbee7b0acd64c657381cfddc847650ab489c83133d5
UNIVERSITIES,105076.0,126.0,The University of Western Ontario,Professor,1996,d9167d06310a5392c8cd734a9348bea2dae4092ccd39a40ce16fbb214e50888a34a121446c37ae1a42113e91ad5770193bfb80355c8e48712ec11f95b2bcd1ee
UNIVERSITIES,133718.0,126.0,The University of Western Ontario,Vice-President (External),1996,735becd911d8091a1ac8a5da2f0bcb00385c1efdacbe3db50dc9e521ce1e01c5638402ed1961e965f0c6064188e9e57335ec395025633c1f1c51f0b0920dc88b
UNIVERSITIES,123877.0,126.0,The University of Western Ontario,Professor,1996,3272284c38918a613be886c2697694ae5d6b9bc36c0ff552fbf444c51c2157b56d7679c9750d1dce320359f6499534491eead88117b86c132f967ca7fdb8d25c
UNIVERSITIES,100899.0,126.0,The University of Western Ontario,Dean/Professor,1996,216a84f197e9394c86fda7b07ef23f5360f251bbcfb66caa6cbe5547fb96b3fa60f93430ab4053001f9e3ac72f15411d75a7343777f9b39b06416d89a742542c
UNIVERSITIES,154721.0,126.0,The University of Western Ontario,UC-FMCA Lecturer,1996,7e55e82b7e0c30fa0bf6176b2eeaca3d9e7c82a587f547065fbce48c7430ecda53ac9d9db76284d5bdddb5df79dac8770232c50a57c975f83e83a8995f6c0963
UNIVERSITIES,101855.0,126.0,The University of Western Ontario,Associate Professor,1996,3b195e8566e667069d30634dffde78b4f5a2ec2d62d4fb5c7cbcca40d692ab3a85ab854f66130b3b8e98735991fcfca2385837e9e2c4926aeeb870479a7652cd
UNIVERSITIES,121401.0,126.0,The University of Western Ontario,Professor,1996,4bbd88e53b7757577d7759a58d6979d357a8d6a0be69ac1a319335935935051b41bba906da50be547662c760153897d42d97437968c6d2f3cae3020f8396e6ce
UNIVERSITIES,103217.0,126.0,The University of Western Ontario,Associate Professor,1996,54f4ec38414fd30cda0c3e591897f4a6184bcaf0a9d465dc4615f6ae0d34988f42c040e319cbd3d94086cf9db71d122e6368847027c2b2119aaab05d16c468e9
UNIVERSITIES,104391.0,126.0,The University of Western Ontario,Associate Professor,1996,29618df63e4e2a70c0ddd6879f0d1823da27fc17305067b0c9b6dcd966e29907d2c270ef572688e4dd17e22d415d9c9101eb60a4f341d8e8388c25ee73d98fd5
UNIVERSITIES,133037.0,126.0,The University of Western Ontario,UC-FMCA Assoc. Dean/Prof.,1996,914b937d6c1622ba02578c584a37005a588c6410556290c9e89eef1810507cc9dd6cb1862e4bdec5c45ae4d7514d7da01e0a8f9c39a593b5e3706585c054285d
UNIVERSITIES,119220.0,126.0,The University of Western Ontario,Professor,1996,6041b7b79b6153c04953dbc6d791debab2944d1b9ad315e4d43d66b263694e0b4490ea40eadd49800cf650e624c2bbf7ead50082635a0d3033110a0b86631a3e
UNIVERSITIES,102324.0,126.0,The University of Western Ontario,VP & Registrar/Professor,1996,bbf0f841e825a84e1ff1662ae5449bd5fb50995d52a7bf5ece94ae7c6dad813290190a48c41b60991f14c5e64dfbf535d6c496f249723770d9765fcd2af310fa
UNIVERSITIES,108568.0,126.0,The University of Western Ontario,Professor,1996,68af1f0862514f88d1eb4316024adadfe1aec7f11ac34fc52a2acfa663cdc223efbef776c2d8afe9c08c11c93949a92f25fe54ac8c07fd5f612cfb1de1d5fc44
UNIVERSITIES,101585.0,126.0,The University of Western Ontario,Associate Professor,1996,2e9535c6c903687d214f3d7afdc7d8504afdbcaf58a4971250141fbf327b8add4fe71ecd1c8012521132641eb5dcacf59fae4ff398b1aa5282f0b89781af85aa
UNIVERSITIES,157623.0,112.0,The University of Western Ontario,UC-FMCA Lecturer,1996,a49215fe90a58a82b709f869b1134c71982db7aa5d70e979b91ea597e618ecaf668acee27806ef4fe375fb4a9376280232dc5a13185770b21de500ed05508e34
UNIVERSITIES,112051.0,126.0,The University of Western Ontario,UC-FMCA Chair/Professor,1996,3b01d941f68f7e93e2fb150f62c625aa48b8eee56fcd4813e6985e98bc53d8dd11f30f6f90c890e8b8cf9306d68d22566ccc6469c22382e7cd90b3690e0fbce4
UNIVERSITIES,107672.0,126.0,The University of Western Ontario,Associate Professor,1996,bfe4c081f35bd2b5dd79bd23f4ac6bfe69c6c510065a2ecfb7389be32dc3135060bf898732a261a91fd53541e51a18afaadc00edbca37a776b1e42ceea8d8ebc
UNIVERSITIES,103237.0,126.0,The University of Western Ontario,UC-FMCA Chair/Professor,1996,12ffb18860b8a7b3226f80abe8ddd078643803626e121adb06377e853aadc2f69549bf48529282fd764c858fe7ed9382ef733e56dbfc2173a5a7b643ee9bbc6e
UNIVERSITIES,106014.0,126.0,The University of Western Ontario,Associate Professor,1996,78ee62e82707a4a1ea543be8e5cf22226276aed4451b07f553b64e6d2ebe28e00ef9ce110357146eec4e6b2837d44eab18c1137b95b4981fbcfce31256d201db
UNIVERSITIES,100864.0,126.0,The University of Western Ontario,UC-FMCA Professor,1996,4fe6ce21744f2fcb979ae526e0c901c936e10d8b70dff433e989a239bca33e42ef525bab34780608a9224583ef304b51d8c25f94417deaffaee1a331322c83e6
UNIVERSITIES,102939.0,126.0,The University of Western Ontario,Professor,1996,1603c179761e25baa60d23d2023453033651efc328842fddd3707678d617e803da0bea8d562d9c7cfba3adea5597ee3c134757af5a6885d63b2d51e057519788
UNIVERSITIES,143141.0,126.0,The University of Western Ontario,Dean/Professor,1996,c63f298cbd6c496365c9ddccf4bb8a1dba82cf75d75bf9f08e848d47eaab154704b2f55660f4e371b84355e7f094701efe36af7ab1a38d5d0f12524fad5c531f
UNIVERSITIES,100338.0,126.0,The University of Western Ontario,Director,1996,f6e7877215ce2c7ac2da3f99e8841a27210ac39ffbd38e607483813360dad29ae98778051fb00f36c61b524bb44b3ccec824a1fb4cf503a6d3b64223b0b794c8
UNIVERSITIES,104739.0,121.0,The University of Western Ontario,UC-FMCA Professor,1996,f7d4f83963713dc6e5b51bee7674390f54abc7b6d98e78de38ad3c9b52e788d0c9a22c1897bfda1b6cfd6a74d9be698464f3cfcef6b71b22fb900ef6e64c0159
UNIVERSITIES,101562.0,126.0,The University of Western Ontario,Professor,1996,747f5b07a018b487b3b6b8068b2ac607f90cbf45d5712592ab7426f64fc268ce42a04123e58fb46094e806b4502993d84f9d6becd55c9e7fc2ed01c1ec49e1e8
UNIVERSITIES,113149.0,126.0,The University of Western Ontario,Professor,1996,2083813a6924f0a90a508ee5b7e3b53452722f519d91838495069acff9fb2391562aae05420523164cb1c121b41e06d5a40472766883eb749d35b4e3cb030c7f
UNIVERSITIES,175882.0,126.0,The University of Western Ontario,UC-FMCA Lecturer,1996,7d9d5ad8b90d57c1f5e27912257220076fa87b8a55bd8e2db41b2a0ed1d68b14ad0f24ea87f053034513351f1ee7533bce533e3c43aeb0105ebfad10c0f11795
UNIVERSITIES,107233.0,126.0,The University of Western Ontario,Professor,1996,e7534e2f3c6bffe13ec2617b9406bac725b7bdd899243d1724c04db69c4daff5b905078eb9cb6f15b5b2a3acb2d9c5a68de0c6877b0c1045e8af6a0e3c3a91ac
UNIVERSITIES,100751.0,126.0,The University of Western Ontario,Chair/Associate Professor,1996,39c667411d4e6652d68ea8fba9ac90bfdc2cfbcb81fa2a24c4af2bbaaabef71f97336e522745ccd02011dc8e7209dcfa3281592088d959c79e23af08c9ad4f03
UNIVERSITIES,100254.0,126.0,The University of Western Ontario,Associate Professor,1996,fdc2f2749e87d15860951313508b251e30575bb1ad930e18b705b62123e5fb86ea6de75f44df400ff653c68df8df85e4417093c201c18a64383b002bde9b09d6
UNIVERSITIES,118389.0,126.0,The University of Western Ontario,Professor,1996,123271d7a2cf5517fd8f134855f5ddb9266dd42894b8a7888f6fbfc5a26d47f8770773d52fe7586447f426d1165519995e713a37bf67f8a35b278a96b3825950
UNIVERSITIES,118011.0,126.0,The University of Western Ontario,Professor,1996,39b1cce398243c0c47aa1e9bee8a986d02e7a138cf8f3a2577a6f6f4f8cbc48cadf9f1cec427665de7a0652f97d84a49be4c27f6323cb242fe418f450dfc4496
UNIVERSITIES,107406.0,126.0,The University of Western Ontario,Professor,1996,e8eba86d359059c41206f48c2729951765e34265db0ea0bc06b09144f03aaa18b1d67b9593c6246a7e45b72c34ae93a73dad4ec8ae05d2fa66f25050d6181260
UNIVERSITIES,115573.0,126.0,The University of Western Ontario,Dean/Professor,1996,bb50940d897ff1ca3c3ff4ca4155bac49f4459666ee029e1391805f399fd7463fadcabac0e077b18507b2cad6fa2658514c2ccc6fd776bec0201f6ff78d09744
UNIVERSITIES,115373.0,126.0,The University of Western Ontario,Director,1996,d9db32597da4488a27d1b6f9dc88f3a08b1f7e9485414b90bb0e4d2315f85dd8f463f4056839a482254ddb1f134897e82b095370509f97f90f27ef367d054f08
UNIVERSITIES,106089.0,126.0,The University of Western Ontario,Professor,1996,5807d50a3026cb9226a9f486189b225317f88f79e2d969489b7515c61ca319fbeda4b8aeb706ca296dc5fc0f44143d878c6f2dcab2c04590b19b4e850edfa76f
UNIVERSITIES,104964.0,126.0,The University of Western Ontario,Professor,1996,9c5c861729c3039a3d1849f0a14edf4444db0644220c57fc25130fa3f5c92c4ff27a667631a7e868657f21559d7ebdbec3d20427a0084eae67cd10145f445109
UNIVERSITIES,106744.0,126.0,The University of Western Ontario,Professor,1996,bbebba6c454a69d1c055870ab4e6be756e936dce8a3f14e4d3cbb473d1ec3acfd03463559e328bc45dde0e57bd4055814f19db6c8f61b17f14108b901ea069fd
UNIVERSITIES,129083.0,126.0,The University of Western Ontario,Dean/Professor,1996,04c96528c8b6f1622999b772a478872c0950f82f8068e676b13e9753a890538b0b3b9256a19737e207478d71a6917bfae813722ae99f3d8cbc201701d1aa8ef0
UNIVERSITIES,256524.0,126.0,The University of Western Ontario,Dean/Professor,1996,9bcc405fc46ca97336e9404ce05eecd368aaeaa26521198c860d60da309050a105e3ec8642d759af0779eb160d9c50134d91a19426a53b2cecaa5ee8beb2f1fb
UNIVERSITIES,104183.0,126.0,The University of Western Ontario,Professor,1996,7a98ffa327275da1db0dd4f9e1c7d144872bfa273cf3940b96104103f99b5bbaf77170f0381329da9244f1c5772eba454f8e3b7fdf4d551232bf9469552d8ee6
UNIVERSITIES,178290.0,126.0,The University of Western Ontario,VP-Admin/General Counsel,1996,17d9e3364b1d5e75c47e487f9b11b640d3778b23e30c8e28389f6e10827978a5406f264cbbeaf2524a0bac49772bcb6615709e59ea9fde7c2f2c4af9c56dc417
UNIVERSITIES,116220.0,126.0,The University of Western Ontario,Professor,1996,833e77625080b8ad94607e36f678012151ad0f03601595df0a6ac2c2073b2548de8f292306b7592449dda2113717c4f5127ad2308b777bbd64e7a336720e0228
UNIVERSITIES,112280.0,126.0,The University of Western Ontario,UC-FMCA Chair/Professor,1996,dea534de441be8670b540ee0986338ff3d965f8fd927a9cf4122e4214c6145dd27e975752d96b4b32915ee5ab143521afb06a4446881b9aa969cdc5b98eefdfe
UNIVERSITIES,110264.0,126.0,The University of Western Ontario,Professor,1996,b1d479c23eb009ca216fb76bd1bb56714899dd284345d2fab4a4aea1d0682d67b8c454c78f3e11625dc35b6aba9b00bcaae1c5be737f22ef8df23d2271433b6f
UNIVERSITIES,143670.0,126.0,The University of Western Ontario,Provost/VP (Academic),1996,6586ed6f5235d481ebd95a2bfa98fb6a468ae0dd012bf7664e0ddd29c9a46b62fa265ec4e4f06803b2f03192cb9059113e55b4dd71c56db94147c4e7e949bf00
UNIVERSITIES,133487.0,126.0,The University of Western Ontario,Dean/Professor,1996,89d9422943248c6a068d7a8bde03e2bc88ade0d19a7e21f120b52eca9c31a8e9caa6def47047e45d04d1c11cf2973e66becf07136e72c97f69cbb996cdfac949
UNIVERSITIES,153153.0,126.0,The University of Western Ontario,UC-FMCA Associate Professor,1996,20a7b05c132a641d02f19a34a7b763a903dd42a9c95b687184f9d48f39d9a35e8ea5d6697b7d48de003d5db46287f7a7bf8ffc92f547fbe725fa2ea49748e831
UNIVERSITIES,100765.0,126.0,The University of Western Ontario,Professor,1996,1a93c7e459fe27b4c55af4dc2430aadfa96bd30d013a5726c8ee12ac1fefc8282101d9cdd725a04f8eb1ee3ab4b0a1c36cf1ad1a048dbc740411fbc452ae587a
UNIVERSITIES,117472.0,126.0,The University of Western Ontario,UC-FMCA Associate Professor,1996,a2f4edb2565c32ee454b0bff6e1adb2616fa77af8dafee8cd1edd66f2e70bec145ee2c0fbbc91afde494dffa28fec5fec4f2aaa369d89074352209d47669612b
UNIVERSITIES,157976.0,126.0,The University of Western Ontario,UC-FMCA Associate Professor,1996,bcdfd5bd1075b033df0f99c86a6e36f6a0bcbf55195fb40db4ba24dc8881e3c1aa5119fe3833a24f6e987a936f9615676d30fb2f64148a9321737c701f4e36eb
UNIVERSITIES,104145.0,126.0,The University of Western Ontario,Associate Professor,1996,deaed59852fec1e0b352b91574515865aacd8263fd2283e074d496ba487f0624fd96c29acc898337866f27c8078d27fbda893d3e5503f9aa67e16ad19eb0e35f
UNIVERSITIES,110455.0,126.0,The University of Western Ontario,Dean/Professor,1996,272af958fc434b0dad411a5a739724fcadb4760779c3026ca22e878337f622b802bbd78acc094b4ef202ba3ef0c396f1efb8ea787124bd99046cd7a4d1975eeb
UNIVERSITIES,103005.0,47.0,The University of Western Ontario,Past President,1996,15abf5bb2ec85929c68e27b8e2ed9f7f8425491551d0e57eaed3347679fe917a3825f27e5d7d8e89fb42dee621a13afe4806ccb3b6f87fd9b732e623ed03cd96
UNIVERSITIES,105452.0,126.0,The University of Western Ontario,Associate Professor,1996,da0dea4870124235c4790eea7101ccadf69511d1ccbd53bb74c21b3023656abf49980a19da8a8e06903557f57ee006f474d8277c342295d8d03a6179cadca7ac
UNIVERSITIES,121091.0,121.0,The University of Western Ontario,UC-FMCA Chair/Professor,1996,758422f601e11c4162d1695e05d5f3f91c0131dcd76bbad593849f55d3985518528da0ab3887285d9a08410f17ad4e77fa66e67ac02ac5ef559f2836e067b931
UNIVERSITIES,108028.0,126.0,The University of Western Ontario,Associate Professor,1996,8123a6e5f71167a5604eca32c3885baee6104d4a2cbe90eebeb6e4f5fa567760e4e257237069b3f9e2b5b982fb308a45b6d20dee2beb3bf9448fae488dd88652
UNIVERSITIES,108182.0,126.0,The University of Western Ontario,Professor,1996,40e7111bb7512f65519cb10673cc78c0f5379f85a225782029584469fd79f4211214cee8886021af57e07e476e4ea93525cd447fbbf0a9ad8ece409075519d77
UNIVERSITIES,154721.0,126.0,The University of Western Ontario,UC-FMCA Assistant Professor,1996,1c1dc2acfae56338cf309e0b5b5383f0bad540310cea4bbf8c95de248c287866d0f17186dc637aee25ff24588d80a5e79ba2d72b1402f3c9cbbe226b3fad80f1
UNIVERSITIES,124340.0,126.0,The University of Western Ontario,Professor,1996,72d9c070f865b53002440cbdc32b7197e8ca9018cba0d63b63262efdb0d71f1fb6aeb17eefd62960990496dff197cb7d821639d22f13905d92d208d643df1260
UNIVERSITIES,101421.0,126.0,The University of Western Ontario,Senior Director,1996,08eb50450be72717b513351fae5d1c24283d6381d5485a74333a0accda11d5d342500ec16135c888ac31af3d561b3dc66650f1f7668941eac4f953db69c5287c
UNIVERSITIES,117289.0,126.0,The University of Western Ontario,Professor,1996,4bddcd4af30497fec1a6a032166239781d4ef18ddbcb15942f19c6d80a48abdef81e7f6c34f37c9c0f33c8c85581ed6b230c2ca7aa8a5b3f23ccedb257d7650d
UNIVERSITIES,100904.0,126.0,The University of Western Ontario,Associate Professor,1996,a4dd077d957f0c7454043a683874c2c74a97d851ca75c71b0537ad8fa1dda16c589fe1f3f976081f2caf8c6e5ac54beed4b68af107a7dd0dbe5a6e5c89bf6fac
UNIVERSITIES,114605.0,126.0,The University of Western Ontario,Professor,1996,8fe4ff965a41289e3c259e60074b9535ed60f435f346ec50fe5e298ca8f32131cd697492cef9b2eb7033a23b95ed64b80e10f04f27acfbf4ab207099d73740cb
UNIVERSITIES,112593.0,126.0,The University of Western Ontario,Professor,1996,8b3b8b11df250338c396baf947a6467165166fd383325f4a7a6628d9ea317ede4269c4dc136a03f62538762043081996d08288e6b1ea7969cb898c77acec465b
UNIVERSITIES,154764.0,126.0,The University of Western Ontario,UC-FMCA Assistant Professor,1996,4aee70cf2fbb93b1fea427d3a895f860482889b8561636012bf67cd95e8f6baf9fcb54fd4450aedabf99e57a921d1624fcc9127fb782a021a3008cacb38f5099
UNIVERSITIES,171147.0,77.0,The University of Western Ontario,Professor,1996,e773fcf4b05d7376cb37c88214cd38f7a5f44e781af96eebb30579c0db61d4aed6014e514f0ed42d435539d2a569d9783aa819949b9b14bf42fea9eb1ab43c1d
UNIVERSITIES,107259.0,121.0,The University of Western Ontario,Professor,1996,421d836d0b1593317706a5718d58f9bd7ed67b703c2b8ffbb277f07d63f5f280d86162e0541c15d41dc7526f17d43d2ed5df307b70b92643b6fb099a36e803f4
UNIVERSITIES,101794.0,126.0,The University of Western Ontario,Professor,1996,2d64f3f8af3988559ccf2a1beb234c7a19d695945371ff8ea9ed085b99557d135a11d4dad59f705bff4ac1f8acbd4f29fa668c21c04f3c59e4589ce641407f58
UNIVERSITIES,100046.0,126.0,The University of Western Ontario,Professor,1996,57de7bec50033d639d91a690708a39dbe8260802546e6de2e871168c50aa610de5bea7a1675b941d3877695210430952af31e6ff0b464c1fc16afcf8f66b9c43
UNIVERSITIES,101374.0,126.0,The University of Western Ontario,Professor,1996,746c96d99737f094f0a9c616f664a77c9753677ea364820667e20c90b82e7b832d6d4854df268b9b35338865e919aa54556b521f1c0274bf1c3b8f45304abb17
UNIVERSITIES,100647.0,126.0,The University of Western Ontario,Dean/Associate Professor,1996,ab09114d5488eb96f631e1236e22fd09d87dea3372d35c91daeec85decfecb7b7d68cf0c2a6a7ebf6780b31ae9130b2711c785f3876059871f65b7245430c968
UNIVERSITIES,218290.0,126.0,The University of Western Ontario,UC-FMCA Instructor,1996,adbb3fdb6c523abeffaedad4112f3233c934f11520460d2dfcbb1897c34fe7f00264b278e34b8cc07fd5b7d7cdb7402c2a84a7a2457064b30be656c0926acbec
UNIVERSITIES,154721.0,126.0,The University of Western Ontario,UC-FMCA Assistant Professor,1996,667297cd89b5ce75ce1f4dd158b1439608ca5d2c623eac1a481db48ca00cb70e58f10ffe52286814aa377580eb5bb7298f68546212829d760b0d01938ecdc158
UNIVERSITIES,103666.0,126.0,The University of Western Ontario,Associate Professor,1996,d3608042eee09184be47320479ee41eed6adf9fbc5022edba35b849f83fd39a0aec9dd8227cbced273276a11838be6eabf275a06d4c850bc27a80bedca47713a
UNIVERSITIES,169767.0,126.0,The University of Western Ontario,UC-FMCA Assistant Professor,1996,8ab76a5017b4d9e1141f909d308aa3e270621d7e9bcc7913a1a870b149589492b290ce8eae43583c81bf2df8321296a8d7291661ed91d397114a151e26f8a350
UNIVERSITIES,154721.0,126.0,The University of Western Ontario,UC-FMCA Assistant Professor,1996,2e95f14151a6a3393c6749e449e98735bc830d0c6d0fc59e8f2540b84ddf788556ca87d8237bfbd7bb5e339d0ab2d0888c3d6539858947b17602395c248a6528
UNIVERSITIES,149600.0,126.0,The University of Western Ontario,Dean/Associate Professor,1996,4373bb06cc17682c9d3663feb32a612a703d81da34d54bbf02dac83be4e28026bc4927726f754924c132a267e26153f13dbc8d66ef31ce5ea613315b3e2167be
UNIVERSITIES,116575.0,126.0,The University of Western Ontario,Dean/Professor,1996,cdcbe7307f6e8564b3cebfc907bcb7cf77e715423d8fce9b5d160a4da2c3f22bf1c02d3cb378f895a1d2899278e356db74fdbaeee0ad373a1595cbe13b3d95a9
UNIVERSITIES,100807.0,126.0,The University of Western Ontario,Associate Professor,1996,77265ab32954fc0fa246d97352f4b8127c0816e55d345d81a10cdc620778722ebefc4f527d97f3a1ca02a27d7f2592cb08b6dac8ca3acb5896e0238fc59293d1
UNIVERSITIES,121697.0,126.0,The University of Western Ontario,Senior Director,1996,79e4e8d794b008495190a2492cf18f9c874695009bef675be4374dbb110464fd56d31af4f210440e06b93927d974aa3a98231a773879810a922840eaf571422f
UNIVERSITIES,102573.0,126.0,The University of Western Ontario,Professor,1996,93c5a3946b825be3a3b3aba10c931147ba24171ae49c67ab9d54ae57894c6da8e57f1cb3530310d189f743019553aee96bd4fe8f5fb571d6bacc5b36c110f6b3
UNIVERSITIES,175882.0,126.0,The University of Western Ontario,UC-FMCA Lecturer,1996,ec3a3d5be5ecebb723f802d0330039897a770ee5179d5a2109de47b9ccdd29a439ce50e6e706c7f44e968ebfde866c497ac17293676942c6da2b81db919c06b0
UNIVERSITIES,101441.0,126.0,The University of Western Ontario,Professor,1996,be649c640ee597fc9c953f498dc33c61beb2a2abc0b884e8355c6200a4dbd48f94c76c45ca977682150706f8210b18e8671043bd04e1432565df31990c63d628
UNIVERSITIES,107737.0,126.0,The University of Western Ontario,Professor,1996,f86b166461dc31c5101ca035a406719c90c2ba29f642b6d56ac3d130023fc95c4308a8ee6959092d6cede27bedc5c57660e3c1cb26fdc1b76bf757193a6cfa7e
UNIVERSITIES,105397.0,126.0,The University of Western Ontario,Associate Professor,1996,7458790ae280f591d86640feff18c69163cc6bfddaa29da8572f55618b58f65208bce2421dde3eda2232edd04d7ef982854baf9a196338d1f0b0b6e53ead5a8e
UNIVERSITIES,105973.0,106.0,The University of Western Ontario,UC-FMCA Professor,1996,2b5dd7f4f9df663c19e3d4b0e6f084d6e04d0763a56e4bd7553bef6ef46fe44767d6fb3269e545530d9af72fd5cfe461afc13910c3cd1d7d70dc04014cba3296
UNIVERSITIES,124179.0,121.0,The University of Western Ontario,Professor,1996,edbbfddec9d3f353a795a016d6bda33011debd2549d05eb7010f38f8ff932d5490cbca4d31af975c9fab58a89256e9fe5a9299be2260a853fb4714f2456ec538
UNIVERSITIES,110555.0,126.0,The University of Western Ontario,Professor,1996,e31906c4e0094f4cea83416044633c930735b07dc7b610a17f2d7e5c86e97ecd5125e139261b145146d49cd56f113cdf9cfcd6e60d0302d9dd4b797c7a2a49b7
UNIVERSITIES,156072.0,126.0,The University of Western Ontario,UC-FMCA Associate Professor,1996,fec4f0b01c2d5aa2733b03a1c3192fb25dfe4d56d8251f0a463b4c1bbe453aa7649c1cae75024f2b541e74350223307d68ad03075036d3d76ebf3ee3f8dfa9ba
UNIVERSITIES,101665.0,126.0,The University of Western Ontario,Professor,1996,e086d90c3beffba0b2e2ad5ee68b55e51e05215efba7ffd7d73175a052639cd158688e87de6bbc91f2ef6db0d3ceecde53f11c2356d90631b9877eff6f0c09ba
UNIVERSITIES,101646.0,126.0,The University of Western Ontario,UC-FMCA Chair/Professor,1996,ee88e7338c5110f5a99d11e637e639c14b32132b59cb406bec00043b3c426f5e7cefbdf90ca68070387d9a71c896f3959154f53d2308cb0d25fb46538f80b0d3
UNIVERSITIES,106387.0,126.0,The University of Western Ontario,Professor,1996,9d61e061325d2e1c0cbb9aada74e285cd14f850d5eb52efd9d08dfe416e7dc88c2738449d0f511afb918ff0b1c23669ce0af8235fec5bf794f8a4f6f5b16edfa
UNIVERSITIES,113662.0,126.0,The University of Western Ontario,Professor,1996,221e8c04228f282c2d3cf7079138ed972de65394e2d56028753f31ec4443a7b89ecae410a3e25879a155e97aa9fb68ea99239b0f75dd47c0e6e8f8c1a12bfae7
UNIVERSITIES,101099.0,126.0,The University of Western Ontario,UC-FMCA Professor,1996,92d731010cbb1fbc62323f219d157ffd17cc656dddce0898861f4408667dd68b82e9bee70ab009d94e5b2e68d68c4fbcf5dfebab2962b9d7a26c3fda660bf32f
HOSPITALS,121241.54,521.25,The Wellesley Central Hospital,Pathologist,1996,2d5a56e90e3f1e9617b2162972eb2af8f283483be8b10a226bb365d286ff2d3ec9fcc35038dcc1685192bb49e2b3bc5525e213bf6946cb97b24efeb1b2cc283c
HOSPITALS,154317.43,657.2,The Wellesley Central Hospital,Pathologist,1996,d55c4cceacd8f1fad56c545e7fa88b5052934e8e82240a07a965ef924d8b62860d9bb3c77e1d711b511c27842ee239d8c25a86fae97e81c895f573b8fb68aa26
HOSPITALS,140791.16,605.5,The Wellesley Central Hospital,Pathologist,1996,6780196d294cf3b42c38868df11e222f835afd260246a0dbde1fd4556526146416b818ca3f6690366b3e582d15acd473abba36c08cf8e9e0cab112349964d198
HOSPITALS,103536.86,653.95,The Wellesley Central Hospital,Chief Financial Officer,1996,6474a67f56f0becff090796f2c5fcc370886608f5d7b9747703aaa5c825d493b9b91fabc59049c055b6a11f59a337df048cd975f3a289cd537893b80e81d670b
HOSPITALS,111130.69,732.54,The Wellesley Central Hospital,Chief Microbiology & Infection Control,1996,a44b922fe83f88b8beeed9c2966e75289a2d3261ba726c47f540a72dde87fc6193ecdfc15f376b8bbc2a44b6c95ced53927589545bf8d3dd56f6e34e05f8ba50
HOSPITALS,180000.6,777.69,The Wellesley Central Hospital,Lab Director,1996,11f5aa5ea8a5c176dbb3424c7adccd405a5b5565123a180c0e1a87831b964ed666cf69857b7cfdc2ae9aade7e574e34c5e8d3a375907f0027600613acda733e8
HOSPITALS,170367.6,734.61,The Wellesley Central Hospital,"Chief, Pathology",1996,748a50b31d8002e22a6fefb03e3c93905a8974a4a860474137b56d6903c147c001a0c2db84e50aecec44f15cf2ddc294bb56c32d1541b6e99e3e2eb5db9c7397
HOSPITALS,148153.2,639.78,The Wellesley Central Hospital,Pathologist,1996,c2300034742be9a9c676a46e324a759dc1d0ae9f5cde777c05bcb301ccdffaed6baf3daa981ddfdf7ffcecec49b3eaa3117c2f52f6f4fb022641e31893441052
HOSPITALS,201139.76,0.0,The Wellesley Central Hospital,VP/Acting President & CEO,1996,a24564c02c29cba4e7c423a2c0350578ca4716db75bc0b53d44f56633efcab2024ca6e10403f1f8a40f7d639f040303541189dc109b2c8bdf1402c16c8549aec
HOSPITALS,105688.78,1434.86,The Wellesley Central Hospital,Vice-President,1996,2c63facd2807d4c4041a2255cd103def935f9a291e25be95d2910cca585aed94b4100ebdb57a3fc3c6253b7f3f33338c6c6445f63792290ebda4deb833eb1421
HOSPITALS,117421.2,1012.62,The Wellesley Central Hospital,Vice-President,1996,2f142b01867a3c8beb2343fb5b984d5d0b2f14d5d4e41c5153a522fb130a4701ada28b2588935a6f5166fbba3c47c9f2465dcd606304840801decdc6f516ac68
HOSPITALS,144201.2,622.53,The Wellesley Central Hospital,Resarch Director,1996,09dc3bee1ec7741830ee6c681a42e10634f23047840f21c136b61d2d0a11f5b994a2856f8b314e7f4455f30a46253c002346a2dd7712b68e1f86fe30fd112b6a
HOSPITALS,176209.6,3717.72,The Wellesley Central Hospital,Vice-President,1996,654a1c980a89e43051c038a8a9dc6025d716d234c1b687b538bf0d65c075b6dd71e3498b78fdc0e1ee200f6d56bd4dfa552722838ef8cd871b7de30395e07bc4
HOSPITALS,249544.95,9663.78,The Wellesley Central Hospital,President & CEO,1996,a499c5263ec4955aebbf1857662bcb22a9271077386e16bb21d7f6ba4c59f5f090231eb31a5aaa97a00a7350055f23a76b046f00a5ca0153b35a2a9602c6b2bb
HOSPITALS,148153.2,639.78,The Wellesley Central Hospital,Pathologist,1996,51be1dbda0f2fbd5dba4470b41b7003afb4527c363708cb5b5f7f8876ffcbd9629f6c5c125bea77b79fbbf43035c3f6f5a20956ab134b9a449f322bf93b561cb
HOSPITALS,117421.2,1012.62,The Wellesley Central Hospital,Vice-President,1996,4958385f8e188b419da3adeae58b014a2b9032a2bcba2e10418e99d53aed9e86033859db3b3eea7f1f027dff25f8a9d357d9976ae57f2acd4d31c68c86e54afd
OTHER PUBLIC SECTOR EMPLOYERS,140944.18,657.54,The Windsor-Essex County Health Unit,Medical Officer of Health,1996,53efaf96b46477ca62b6ce663df32c149808e235616b8eb2c3e8f0e735866fc172b66b1411e492243166c3f891fe9f27c01b49a10c17fad6d0fd758171e8dd33
OTHER PUBLIC SECTOR EMPLOYERS,113299.0,576.0,Thunder Bay District Health Unit,Medical Officer of Health,1996,85b6479ce313477cd8b8179705c9055a36fc3657cb8586f450e254ae1cf4e9db125b6ead38fc2f4755c2a77734e7dca570363b1d6aff70372b97d039a9c744c0
HOSPITALS,134789.37,561.7,Thunder Bay Regional Hospital,"CEO/President, Thunder Bay Reg.Hospital",1996,21ab8d0cae3658e516ff4a81959ca5c9660a0f12312a5f5c50e985ab938633f4e78b6adb325c8387f1879fcfe9763001598ba41c89501e410324081641a19c92
HOSPITALS,123140.16,4903.5,Tillsonburg District Memorial Hospital,President,1996,e3b94fde6cd79e95fda25b90f1ea27de9d3bdb7a3c50ea30327eece578868ea0025944856e840716d0dca9260856c07c0af2e988b783b01aaec2dacae8cac273
SCHOOL BOARDS,111618.0,801.0,Timiskaming Board of Education,Director of Education,1996,4cd31e0bc4e353137e3a8d750ed3b5c9d366593a4ee68f2206a31ccffe31265479e2e0cdfd4a9fef802452d2d29565bdf7a282fd42528ac9bcabe2dc60b06b6d
SCHOOL BOARDS,101871.0,729.0,Timiskaming Board of Education,Supt. of Schools,1996,86c7fc2bb862e89f708c1e940d1172c701628d1d006671b8ccbea981bc69859581ef98fefd30ada91c9936a6fefd74e17a37e48fec142aa2c8918c1fb93f45da
SCHOOL BOARDS,101871.0,729.0,Timiskaming Board of Education,Supt. of Business,1996,904631f895d2d882e47a2229ce2ea2392e8e80e63d6ad2a72456e6f9c2fb233982e9851882f42eb3d5d0a1a75c23401157641a8010fdfc7281a1f9827b7d9274
HOSPITALS,123494.24,546.61,Timmins & District Hospital,Executive Director,1996,ae8063b93b7e3752d06eee73e9af0b4174c3a13051e0d957b4af6528ca526e3ce32f563fda93768f7ef363de83cd13f45fa56420e73f87911e97729a1c527859
SCHOOL BOARDS,108461.9,4062.0,Timmins Board of Education,Director,1996,3860d72269d6462a5ffa52c6473bfc476f8b5a0df2c095ece7a076397484c9b4d5a656c682adfaf403bfa4494111531ac1ff26d08bc35cc47d53e2460b497818
SCHOOL BOARDS,118698.98,1008.12,Timmins District R.C.S.S. Board,Director of Education,1996,a1548657ed692c6e7a0e9c933c12854b9ec0202481f679a3e50078ad96676ad026d5589f42a994844afc7c0adaf489b2703999e526f86672e6f778639156bd02
CROWN AGENCIES,119564.0,2051.0,Toronto Area Transit Operating Authority,Managing Director,1996,7744b1dc3f13b26e7d96ba2aafa1de6beda2cef2ef36f879d7564f2e5ca87ac334a2beb30dc1692bf45a028c52ad8a6397c944574ffba852ba407e925a1a7e58
SCHOOL BOARDS,114271.49,3001.28,Toronto Board of Education,Superintendent - Teacher Staffing,1996,cea768a9043f970677ce75d5604308babf9440a40f51e3698a97faa6bc9d4f046bf36a94daee8154563d141f018e4588c8351d4e0343c6484a66d27ddfd1856b
SCHOOL BOARDS,114164.57,3001.28,Toronto Board of Education,School Superintendent - Secondary,1996,72a5241920a3c7f58c82bdc763073f4ea2068854bf25f6cb88b4848e965a6727f02242cfd6ddcfa94b871b7b59548e93e2ab7a7d8918c109922f46b2ef8ab8bd
SCHOOL BOARDS,118911.05,3001.28,Toronto Board of Education,School Superintendent - Elementary,1996,3007b4a3f95e712af9df8aa907a5ebcaec27612bb7504c084332b4f5c35a4866c251f90ccd2d2f16b3d5db0ad28b72d701eacac516066e89870a04b595818459
SCHOOL BOARDS,110063.76,3001.28,Toronto Board of Education,Superintendent - Employee Relations,1996,ad6fa2d93fb9872e58c0b47957528b2a199ad76035e5b7f5f3446105439a5ee2fc50b3f7f2e0dd80796bdf8a326c823b56960775dcf256ff9d0648736e1f4fa8
SCHOOL BOARDS,114110.57,3001.28,Toronto Board of Education,School Superintendent - Elementary,1996,9c2f6e5b35fa8c8d726e3f0f811d02576b1dcff985a2a766138a78ea32c2267f9febbe135ffcd8664dc6e724b4224ddac7373636553dfa44741d02b95f134b65
SCHOOL BOARDS,109305.8,3001.28,Toronto Board of Education,Superintendent - Curriculum,1996,80d215e18dcbc1842fbf2f8f608a0ff0356f3a6d46374114e24b2491a21b6e4341b35ae8661d5d80a9e1d3697732d969fef8afa30708a570287eb8a75e66804d
SCHOOL BOARDS,109591.69,3001.28,Toronto Board of Education,Superintendent - Personnel Services,1996,c272b74236eca4b3643b8a95b48c74183508a38bc3a9e295b09245f03a00e41f4ed28b4d528a552410aa0c0aac58595230a2fcb753fe1894c746afb2f64a8daf
SCHOOL BOARDS,103016.92,0.0,Toronto Board of Education,Adult & Continuing Education Officer,1996,1eee7cc715607a5ab64fd8fcbbe95982fd13bdb58b5b04a79c8f570af2de9c163e064f609b570b419b9b9d003cfdf0efcd87e114dd2d4b65a6ef25ddd75cb188
SCHOOL BOARDS,153486.34,19442.75,Toronto Board of Education,Director of Education,1996,9e5db1220a739e6b4a9e863540e24669da176d2c567f638ddb036184384b874f5d446a8e33565c64a8223c286cd6ae7521b985b775e5857f9bb563c915d859b6
SCHOOL BOARDS,103016.92,979.35,Toronto Board of Education,Superintendent of Plant Operations,1996,0ae4ad97bb184a69fba20a2a257cf83a11887a20b5e64e38521995f9736abce0f3b76692f971772938c13b8946e77ce163803175e121c7ad937e40d0d3dc607e
SCHOOL BOARDS,128887.72,4604.72,Toronto Board of Education,Associate Director,1996,db66e9b4fa8df5cefb0bd578074ff2d5f30cf32397a915abf64a0ed0fbeca00ce384a318a6254ed7f468f054bfec4e46f52dc1e127e5a84e893d6cb7c318a177
SCHOOL BOARDS,114164.57,3001.28,Toronto Board of Education,School Superintendent - Elementary,1996,a661a808808f27d40ff4557c3b20d6272ebf91c47db5722619d905ea1bcadcfeaf300e464adc8b0450223fb96518ed39cf4f5e189ec98fe0eafcbee86a63d464
SCHOOL BOARDS,122360.83,3001.28,Toronto Board of Education,Senior Superintendent - Business Services,1996,5354c2d8f5d00c6e172ae1f4a95855721589e6073dfdf366d5a8d7b34ec4feb9dd6f56c5aa6c894df1a676b783078a89cdfbdb91b32f261d86725a01d08e39c2
SCHOOL BOARDS,122115.51,3001.28,Toronto Board of Education,Senior Superintendent - Curriculum,1996,03a9422575051c8b223392e90dd93e75152c9a9fcfcdca3bb25fb9ecefe6037e687a6c0a061fd0253a65efac1c6db3e868699411ea64585589124acd94911667
SCHOOL BOARDS,102502.53,979.35,Toronto Board of Education,Senior Manager - Library Services,1996,2badb2165e99e79d0f77174938d66875ac11e5d4f127e2bfd1a9de6102425d694b88b1cc30bd74ea86daacc20db81851dc2590e9d6269222cf984c96192065d8
SCHOOL BOARDS,113954.87,3001.28,Toronto Board of Education,Senior Superintendent - Curriculum,1996,47458cb9e154fe03553662b6896ea85ad503d59ef4b0d3a8eb794bbc59bc3b2d7b8eb32932392eb041813d47f3d43b4231ca2f80e0a39f6e9eb3501263108bd8
SCHOOL BOARDS,114052.01,3001.28,Toronto Board of Education,School Superintendent - Elementary,1996,b803f9acf90ea44a756e94255a80dbef24949dd3092da700191fdd808d7f04e65b3b4aa28d0d4b3c563fbc9e999ef709dab8c26efb9227a4c178e5e620191ab5
SCHOOL BOARDS,118862.0,3001.28,Toronto Board of Education,School Superintendent - Elementary,1996,88a88396446a7bf079148cce43a9957b3a718d03bff93b0dc8acc4bd5cb95f158e2df170a311e2e00d1ab53ca4718974cb1310695b40aa8758839760974f73f5
SCHOOL BOARDS,103016.92,979.35,Toronto Board of Education,Senior Co-ordinator of Social Work,1996,121a20361236636a9238de3ecef3aa0a0ad36a8d3026aac316dd4a0727f8535bf68575e22ccecbb5159c3335b65b3a43c82b49dad7d2900d059665ad18e66dad
SCHOOL BOARDS,103016.92,979.35,Toronto Board of Education,Superintendent of Design Services,1996,701cd468824a01669bce671a32ccb6c76dfab6996cfdbd57bd15fd7020d28530f5a76fc35d4e4740d2d11ec71d218845451fd0043f10df0298ddb0786a0d4b52
SCHOOL BOARDS,119698.1,3001.28,Toronto Board of Education,Senior Superintendent - Human Resources,1996,7343749c0b0096f4c9f5c4f2cbd88d00c89e125975ce5c53f6c4badec8334261f60e5214c4cf83e8eb402a1c27493611b41c78c09b88b06b5920927233e06f28
SCHOOL BOARDS,114164.57,3001.28,Toronto Board of Education,School Superintendent - Elementary,1996,76e001baf173eb4b7aa4bf50062d98766a6abb5c5011543c0ddd983637aab166a8aa3f88df84f7639f22a80ff4eecdbc1e3bd3e5690c5d17435bde439dfeaf51
SCHOOL BOARDS,103016.92,979.35,Toronto Board of Education,Senior Co-ordinator of Psychology,1996,a0ad552566781eeb555a7e43d10945fd3c7501fd92379be8041c86a857b12445192df34d3fade8e6ad78f1117c6501b95a33d93662734f3c1d0ac0e1628957d3
SCHOOL BOARDS,114164.57,3001.28,Toronto Board of Education,Superintendent - Curriculum,1996,bcaf8f159f1786f57b8bc0ce7b1d31b1f2c4f9725e3648351ab2317684a3637c2480519256738fce14e8aeb5933584f6716f7467496aabc96652d6e60270c815
SCHOOL BOARDS,109418.36,3001.28,Toronto Board of Education,School Superintendent - Elementary,1996,87cf95e0eda023fda044349a3068beeaa5eed75004646f7e3d1c3e8cfaed34b1f7285ae7cd3240e15eeec0c3f197534af6eecde09a0c882ef1543143faaa0aa2
SCHOOL BOARDS,120136.37,3001.28,Toronto Board of Education,Senior Superintendent - School Operations,1996,82ad1a03b3d5cb388fd0fc049f887fd07c6859170fc6024d3e4005c77c707df0b0c908d63f30161afd32db5f8a24ad7f011be52e3975528f4ef6b146c7156378
SCHOOL BOARDS,109418.36,3001.28,Toronto Board of Education,School Superintendent - Elementary,1996,87fede4d100ee6798849eb170a8d0ab35490c1299dfe2ad2b25620f6def1200cae7fc7f9fd9cd5276f13783effb4b611916fa5399357443baa5e5bcaa969f05b
SCHOOL BOARDS,122360.83,3001.28,Toronto Board of Education,Senior Superintendent - Finance,1996,bc0a9710a72a233639d9ab41072a5cd3f7cd2560b43775c39ab5c6517523fbd1718fd2cbb39174c7ba25438cf71a9c5f8af2a5ce3d70bd94a7c4dc9e953c74f7
HOSPITALS,143743.0,604.0,Toronto East General & Orthpaedic Hospital Inc.,Pathologist,1996,663d4077739f8ce4004c86c252e80af59fd93e428da32905af7549c8369326036f542120e191bfe1af4b45d683665c4f9bcef4d1581867cfa1ec4f40c903d5ea
HOSPITALS,187172.0,786.0,Toronto East General & Orthpaedic Hospital Inc.,Pathologist,1996,c363e406f17aebfe4c72ced847715657dc2808bb9582d98dc5ececdb435f02111db09adf5acbf91960a22d32cafda91b665149a5aa262529194dbdcd5f4c420f
HOSPITALS,108988.0,3717.0,Toronto East General & Orthpaedic Hospital Inc.,"Vice President, Finance & Admin",1996,4d1a0cce87a4e6bd036fd06a497456dd39e70bd09627e4358186b04d990f3d79bea722ca91bc3ffba0b085af0413b162e6e2776ac4393acf7d59fa900c4991da
HOSPITALS,103412.0,434.0,Toronto East General & Orthpaedic Hospital Inc.,"Director, Strategic Operations",1996,6a4d8994e2bf80c2f513fa0caabeff64e98d2b0979beb7a1efe8c5adbeb8ade597ce5e83f63a9d2d6099e752c4919f63ee32d9c3fc5bd1cf21e3aa02441903a8
HOSPITALS,141674.0,595.0,Toronto East General & Orthpaedic Hospital Inc.,Pathologist,1996,4dd4d8528831469ebd84b01b90a672abf2a78c6e9df379dccaa4b3e3f11c57bbc7030a1487b52dd9674efab77b85a01682a123830b47e05111535a9058fb85e5
HOSPITALS,122429.0,763.0,Toronto East General & Orthpaedic Hospital Inc.,"Vice President, Med. & Prof. Serv.",1996,e51b3cd8236eb009fb493efc761b904e237353d53fe038fd7d81af2698e715205f2ef5d7ec99f58de955e7a6c90923217943fecc40262461c57743199bf85803
HOSPITALS,211465.0,1747.0,Toronto East General & Orthpaedic Hospital Inc.,President & CEO,1996,652a7bf3df65ab1e6ca1397184877a10eb72598169fde5539be5125a2a7349621a2ad805e972da3919f8bbd26e93ab5cb0254b0773d546978689e707e12179fb
HOSPITALS,122429.0,3763.0,Toronto East General & Orthpaedic Hospital Inc.,"Vice President, Patient Services",1996,fbd3f7806fcd34ea956d85b786fa5ca6ec5cab208f8eba51bcc21fdab329ed5ac8ceaa142c93688452261bbd111a37d7ca9c2649e8ac2adbbed69885aad91ae2
HOSPITALS,141674.0,595.0,Toronto East General & Orthpaedic Hospital Inc.,Pathologist,1996,9552a60a10adfc11129fffd75e5bef8ad17d202d58c5053ac7bbdd42287db81dac5bd4da54dee8bee0ab95fef003e3d79483d7dd0208c2dec93ea30097db175e
OTHER PUBLIC SECTOR EMPLOYERS,103935.96,2557.71,Toronto Rehabilitation Centre,Adm. Director,1996,e78a3e07935247245a767eb079cf630463b0680b2eadae9cdec11dd5af193c429017579c6634e6409a5182a49465509e1e0ae864e025a87a104a7736d9cc67cb
OTHER PUBLIC SECTOR EMPLOYERS,187769.04,117.89,Toronto Rehabilitation Centre,C.E.O. & Medical Director,1996,b90e44927cd5dfbe84f6baefae1745f74823bd2629e6c7f486805b2a57abb11cb58bf6c2c70a4ef777c9edd1423b62ae5b408500979fddeb5c7424c58d1be269
OTHER PUBLIC SECTOR EMPLOYERS,114953.71,171.3,Toronto Rehabilitation Centre,Dir. of Cardiopulmonary Laboratories,1996,a55098fa9ca4abb592a7a0668e6106143e031d4283c0d375e5e71c05e7b7c013afb32f122aa5d9935ef5f93daf62bca3ba112a2523f5c35acdebff0608049e79
OTHER PUBLIC SECTOR EMPLOYERS,110000.04,166.83,Toronto Rehabilitation Centre,Clinical Director,1996,4c6597e3c4308f56e3ed257da5ce1899521513bdf1509c39bf71d035837f255e3d0bd04b282364e2519695ab137ed0959c5f68d7b9bf84ed41b0609ca2aae581
OTHER PUBLIC SECTOR EMPLOYERS,100559.72,3252.84,Toronto Transit Commission,General Superintendent -Track & Structure,1996,fe3e4dca50d92ab59bc6a2ac1ea6e89863a8d74ebd59bc4b206a488ea734b94072ea042ff8e6d3828c898634bcfbcdcbe928163b735d0d865166d881aa818b4c
OTHER PUBLIC SECTOR EMPLOYERS,104764.21,3252.84,Toronto Transit Commission,Chief Project Manager - Capital Program,1996,ec19e15e9e751794922d7d93b0f24758a0e5850e5a815972d15113750ed732c99d73d69fa3dcad3b2be9433530c60efea95182107c003ea0fb2d852c99f0c33c
OTHER PUBLIC SECTOR EMPLOYERS,100664.49,3252.84,Toronto Transit Commission,Manager - Vehicle Engineering,1996,0a5878f7c387fe9a52baff235f7291196d05c0a96f9c5baa6bb528a20bbf8f5e6af8bcc40faf8e22bdb9ec1d15205dffa1c2c448d5ecbd750e356ab25d9b7ac2
OTHER PUBLIC SECTOR EMPLOYERS,129671.88,13806.72,Toronto Transit Commission,General Manager - Engineering & Construction,1996,d661e6c6a01b7b48a233c9c815c85b8877223e685119d9ebdc6ea3f8a9c209b2d20b31ba6729512f1837ffa242d279b8c6c7b6b01a8cf8079e65bfa632697790
OTHER PUBLIC SECTOR EMPLOYERS,100936.65,3252.84,Toronto Transit Commission,Manager - Pension Fund Society,1996,0c3d2d579de196e1996318fe75ed7bde13792c876a4ca8ca39489112b68b724c5a28bf3884434dd784170b3afbc82efae3a630cb1e2cacdcd87e9d03b4413713
OTHER PUBLIC SECTOR EMPLOYERS,101883.26,12843.89,Toronto Transit Commission,Chief Information Officer - MIS,1996,24da16e6fce6e7942135e60cb2308f1c5860abbc029f0083e0d8ac58fcfe39647a6a999ad180f287cb5198b15b0627b91ef11ab6608bfa04d397aeb3a950e6fc
OTHER PUBLIC SECTOR EMPLOYERS,100956.45,3252.84,Toronto Transit Commission,Manager - Materials & Procurement,1996,604a74a66e294764ae1bbca6c45e0efc40208ef8c30663d1d3bff3191e9551cf604555fa4a64eff91ad2edb0e3e84d646d24a651acd4eb6cfa956a9239acf9a3
OTHER PUBLIC SECTOR EMPLOYERS,101363.62,3252.84,Toronto Transit Commission,Assistant General Manager - Surface Operations,1996,f5ed9c8288718d19ca6c70bbac60c6453ca1e237cfd61426f21142d4a686f12fdb09125436122f1588efbc3858bbfbe8f8e33c177ff0904bc79ef8ab66402099
OTHER PUBLIC SECTOR EMPLOYERS,100713.36,3252.84,Toronto Transit Commission,Manager - Training & Quality Assurance,1996,9b01c60796ca9ff096b16910a6b824f58820eb568a1d3982cb220faa500fbfaed658e4ab6ab7c265f96c5670feb8e5dec57737bb4fb1bb5a961e9ae7d6fc1f49
OTHER PUBLIC SECTOR EMPLOYERS,104088.65,3978.1,Toronto Transit Commission,General Manager - Executive & General Secretary,1996,89a0aec982892b404ee2099d9f6df40331ca62d2e9dc8803d3c9d945e0b49026c6ba2d0db2db6b4211d6acb2060d10343d3e89becb14eb7abe0df54b1a493ab2
OTHER PUBLIC SECTOR EMPLOYERS,100705.23,3252.84,Toronto Transit Commission,Manager - Support Services,1996,5385749934e13138eb3b71e709d4c58d571bec0560ca1181ea08826d50917d101effdae739960306bcca8d0f43d71080436c96cb624dc0cdd4c10ba529562884
OTHER PUBLIC SECTOR EMPLOYERS,103818.5,75.72,Toronto Transit Commission,Assistant Manager - Data Centre & Communications,1996,661e5aefcb623aa5d4a2f48c73890d4d56549417d9229cdcc99c55dd4eca2276e46f8f5efbf18b2f912bbc0bcde9efca1f373684e37ac4bcc040c129118b70f9
OTHER PUBLIC SECTOR EMPLOYERS,144365.74,14806.92,Toronto Transit Commission,Chief General Manager,1996,5cffc99845c71ef6667ec6ae60ac4d82e0c6db36d10e31f645d3e64408a5b1c5965fa9ab618f59b07e494006d932febd0b020a2f3b23374392fa94e924980337
OTHER PUBLIC SECTOR EMPLOYERS,112049.93,3252.84,Toronto Transit Commission,General Counsel,1996,3482a8eabacff286dc9a0115801c0f7584b84c501a3da2f374bf0dfb2dc713a5abc40a73b4a3e4ed9aa733502d9355a2c91d99a83c537e67eef1aef1e0683122
OTHER PUBLIC SECTOR EMPLOYERS,100945.95,3252.84,Toronto Transit Commission,Executive Director - Corporate Affairs,1996,1fd2bd81274d1d306af6fb89ddc24f7c6225e18823c35ccc7a3780e12f73ca6aeee4148720646acaa6e6eb7096113d1fb161d7e0113b3c627acbf77feb7037d4
OTHER PUBLIC SECTOR EMPLOYERS,101015.85,3252.84,Toronto Transit Commission,Associate General Counsel,1996,b2052a375edc0adb1117d9ca725b009b5464d79f67b5c95670ef0cbbcabea2b9836b24b534dcbd46a04b86c075bd7ebfa8b7dce3477262a6637c358943b48b9e
OTHER PUBLIC SECTOR EMPLOYERS,113856.08,75.72,Toronto Transit Commission,Senior Project Manager,1996,324db103c4f88d62a04bae3326b0da76283961a87362034070f29e0bca52864d9bb598e303268f79305a2bd88abc9c140059f9057ed008cc2de5c2af423a33c0
OTHER PUBLIC SECTOR EMPLOYERS,108082.24,3252.84,Toronto Transit Commission,Manager - Marketing & Public Affairs,1996,2f73796339f75d1e967d6f96996db6c28cd2347faad8f3234d34141c922f064328ab5060a574412e8e9700fb8ea715b5695e84ac0c654771dffee2084bea632f
OTHER PUBLIC SECTOR EMPLOYERS,102666.66,75.72,Toronto Transit Commission,Planning / Agency Co-ordinator,1996,6e7910451b4a13a9d1621f0adb67ff0ee8b954d20336ad43c1286aa14a02644296ed83b20776debe397c600677538aef2b99842375a2b6075ea44d46e7106fc0
OTHER PUBLIC SECTOR EMPLOYERS,130318.31,13806.72,Toronto Transit Commission,General Manager - Administration,1996,769e66e54140954873563e7cb84177621eaf4c4784ab8b942829a2f7deaf10a368300e442436487f79dc10aac362ba6ccecad05750e659c742642c7bbe335107
OTHER PUBLIC SECTOR EMPLOYERS,100559.72,3252.84,Toronto Transit Commission,General Superintendent - Bus Transportation,1996,78934c270735c7159bf85f5cebea4a6feceb305de6d23a4106ae8d8e9eea3867f8743a7e76c997fad654e4e3c62c23d8084c8cb6c544f6337710039827d71e27
OTHER PUBLIC SECTOR EMPLOYERS,105362.62,10768.49,Toronto Transit Commission,General Manager - Executive & General Secretary,1996,767be3e8a0d0bebef5d48b93a454a7cb8f969deccd090b18ad083f5901030c68c02299de94347e1439d07473303187a5442ec36cd67eb4bee47fb39d893ebfdf
OTHER PUBLIC SECTOR EMPLOYERS,110265.86,3252.84,Toronto Transit Commission,Assistant General Manager - Subway Operations,1996,5be67c1e1c96a9e533e74f0ce3fa58d6c6785110dfbcd498811693b41c976e4c8678aef49f8870ce4360c9820f3620179a58be0ca37692cd484fda44512bcf7b
OTHER PUBLIC SECTOR EMPLOYERS,107303.62,10033.13,Toronto Transit Commission,General Manager - Operations,1996,ad0561b2ff9e7d3f4ee4059cc76803c41423b97a7ba22b626ea9b84748c2c0b1047cae481309e6a100ae29578e12741baf0069eac4620dde979eb8bb7355cc61
MUNICIPALITIES,103546.88,628.32,Township of Kingston,Chief Administrative Officer,1996,4254d693a7ef417271dd50980b5bbf7e7115089a736f02941774cdd508514433581ca8506876b4ce2f35fd50ba63f40c6f4987e6abfa7f8c14b680ea37731c1f
ONTARIO PUBLIC SERVICE,127448.15,1502.62,Transportation,Deputy Minister,1996,6b767b5a30a368ac6cb4d27fd9b7923e9c0aa5c659f8314cd3735cbf64fe358ba27d9b2b959203f4b719dbcaf89237057ac20cea960f7a15186aa05ab8a1d489
ONTARIO PUBLIC SERVICE,100947.0,266.0,Transportation,Regional Dir.-Central Region Operations,1996,28c8fee1f0b0b7dbcb259de96220d66aacc0a35ee270c6b864034bb9332d206c52016a96b63707017a2f4fc74f35d3257e81106e924649f23a712cedcc298396
ONTARIO PUBLIC SERVICE,102481.0,295.0,Transportation,"Adm., Policy & Planning",1996,a212bc8aa1d0521ed4e7264e478fed74b0f12eacadbc830ca376816bd8e63363ef2fa6497471bcbd0258116f55d1d0a6d5c6bd575873c86680d8e463e1f84757
ONTARIO PUBLIC SERVICE,110110.0,291.0,Transportation,"Adm., Operations",1996,4f58b30bb0c2d6c6635e4060b06a3ddda7b87c3be8e3f448d83354e25fbcdd6eb15068db28a8b0a94f5ac36c2b84d22a0124df9d1cd5f47cf67c02670d12c17d
ONTARIO PUBLIC SERVICE,100733.0,76.0,Transportation,Traffic Analyst,1996,207564f34950f1a1f8efe6dff7d5ab6bdf6da2024a7ec895dbb86460005e25e46eaab1f565539e893bd166aa52fc71c139d872f7463a5dd6bce98e2caa0d86ab
ONTARIO PUBLIC SERVICE,105921.0,275.0,Transportation,Regional Director-Northwest Region,1996,b094aa35a5fdb47c249cda6495fc45ab00b7ef2eb80da074e1fa29b9196fb36eaa01a8232cbcbd4b29e65aeb1e494e03a60b9e83bdcce1f3a320bfb2ea6b6a90
ONTARIO PUBLIC SERVICE,114668.0,297.0,Transportation,Regional Dir.-Southwest Region,1996,6e7460303f127a9981cb655e8a5ba784d6e8b55ff81e1afa40823ac6709e9aeb6009da1b35d07c6eebf9d3ac801333062eefb288ba828fe8ccb3c16914a7c769
ONTARIO PUBLIC SERVICE,101150.0,241.0,Transportation,District Engineer,1996,b5234153614074d73b10417dd9a30b37cd28c663258cefe3dc9fb27214e06e4308e1c01093db0c49c4193d33d380881266f55df4018afdbdb14eb04bbd042392
ONTARIO PUBLIC SERVICE,113652.03,327.43,Transportation,Deputy Minister,1996,db1030f96a7fe7fdeceba2be8df30e51f0555677580caaff4984d3de07b24525c2e3aaeffe57629c7fe7370ef3475931afd275d4b47d44a338cae3a0bdcc90de
ONTARIO PUBLIC SERVICE,121315.0,273.0,Transportation,Asst. Fund Administrator,1996,26a7c0afb341203bce1be9a232903a316809ff1f36f1ea3d6a3a596f0632a9e7af1ee3214a6ae3ba483730bfa7b2fb37b1f0df8e27f48e18a5b7d2560364b302
ONTARIO PUBLIC SERVICE,124105.0,283.0,Transportation,"Adm., Quality & Standards",1996,cc4c40cd7a43a24565e2178032611d86619fd202ad1154a221254aa41e71eb365163cb03193d15bc7bde0cc4f855ee3749a4a30bcd21062f06451ab9d8bf86af
OTHER PUBLIC SECTOR EMPLOYERS,108400.0,0.0,Transportation Association of Canada,Executive Director,1996,55a164584e7e48b410a03bc942d6e8cf48f4ae8cae944c3624f1e86f60fb24f6567311113d09a2193fac2892a74241db8c2dc95b830ea361559c66e0a9104ed0
UNIVERSITIES,100667.42,394.92,Trent University,Full Professor (Mathematics),1996,70af128af7b082a81ad196ae0eedf0a1d311fdd84f170828c84612106e62f28ca800c73cdb980cabbcbb5802b4310c6ebeeb76674bcf5b4e658c219eb7b72847
UNIVERSITIES,151913.35,11194.35,Trent University,President and Vice-Chancellor,1996,25593aac5ee050ecd2b9e2ea8904dcb72ca18bda72934dec7f5f5202924747d113fb32c7f6d36e8bfb34cff6c5d52549643c942f5423f7f22966cdf5bd9c29cb
UNIVERSITIES,102895.07,394.92,Trent University,Full Professor(English Lit. & Cultural Studies),1996,b61d632070d0046315b4171a3c1ebc9f803bb81723650be235b2b8ce1a6434f57737b6ec6dc3bc51fdd7a6555a6ea334b8e6c0887170547d3189b109ddbd3e4d
UNIVERSITIES,103840.38,389.58,Trent University,Full Professor (Anthropology),1996,f20e221087c51c2ea5e98695a37cd158e50fae68dc13f62840643c468853e6f7bf9cbe482cda48b2c9cfe66623d3d191be5f8c8548147fc70658423dbcf5561e
HOSPITALS,161517.0,873.0,Trenton Memorial Hospital,Pathologist,1996,695fc3d38d2b8e5aef6182f2159b24c96e7ddcc9de95dfd81e7f31d05afb7658143262d154b2cd0d26719e70f6f7fa7b5938ba0276c9ac32938c6929df1a1ded
HOSPITALS,105975.0,567.0,Trenton Memorial Hospital,President & CEO,1996,9eb68847dff52b2c6453dd922c4f051b7a992961c33f3fe0c0f7bb820d1d0245459c05d558ba058cd4aa3985f4ef31410957e26661b54e7fe8d0a3c3a49e2b03
OTHER PUBLIC SECTOR EMPLOYERS,114100.0,10872.0,TRIO,President,1996,e6df63c99a5c6a75a887504df9b75abdef07c21db536be94ca7e930a5e6eb1e7b0b2d28232b02ba4ffd9cf20261af2c414bb42a4f60f52b81c35e1921f087b68
CROWN AGENCIES,113032.0,663.0,TV Ontario,"Managing Dir., French Programmin Serv.",1996,1f853cd9fadedaca18ee8f20832bb2e1b9810da01c157491ed2afc357f9f48b9f65b6bef6eb6627f7b459e45fad2565eac522ec0830140dc4e3de6f4c2a7ebb8
CROWN AGENCIES,125481.0,2805.0,TV Ontario,General Manager and Chief Operating Officer,1996,1940c300072aa5a0dcd91ce5071c2ab05f41181de57f279cdf3e94440943dbd024f0745751aaae9504bbe4da11cadf6f1ea8d58ba2e7499520613174e69f6da9
CROWN AGENCIES,118908.0,698.0,TV Ontario,"Managing Dir.,English Programming Serv.",1996,d00261dfead2dba5fc077e786b724e0f313a3481a66ba57e3b36eebb58d03ee74d7f7e244c87170ed257334c795edaaad5d02326810b4f99a4676861e55aa1ba
CROWN AGENCIES,107555.0,632.0,TV Ontario,"Creative Head, Public Affairs",1996,6f04b43ecd9efedd09be4d1fb9395b7cc7ef97d41527b8c6d343fd6dcba80b9a491fb30eb1fcc9f57c99b0bd778929c0e8b6390529e3ed5506a647a977315536
CROWN AGENCIES,133837.0,7843.0,TV Ontario,Chairman and Chief Executive Officer,1996,0294dd777d78cb60ed3fe5c2b21e92d602c60eea5d6d88322347bf84e370ac7463b1e2d4f65630f017dc013d547c84967316eea3481a565dd174408886d4e4cd
CROWN AGENCIES,124727.0,2109.0,TV Ontario,Project Officer II,1996,de2d578bfbaa7a3734a7cb4728b4c25e87ea309bdfe0d72ae1d74b925a95f1877e5938c93b0339d18bbe27fdbc2f124da6f936f75205573977453d57c678cee3
OTHER PUBLIC SECTOR EMPLOYERS,135752.75,6835.07,Tweed & District Community Health Centre & Senior Serv.,Physician,1996,c8095125054f544b6dce5a746932534e5c691b6cd2ca27931d19e618098a36ecd2241ef12e6d57d0cafecbef58687406406f447457177894010ccc2b0ca6bab0
UNIVERSITIES,120242.0,687.0,University of Guelph,Director - Real Estate,1996,a94e0002a7e4d7790bee58abd7b6ddcc184b71a923558515c719a2dd368bc7427c9571e96ad48350b3df34508155315d8276166b06e45af0c4254a20cd3ce205
UNIVERSITIES,100426.0,927.0,University of Guelph,Professor,1996,8c7bb084ab41f0728aef8192379659c0f0711a42cd1df585a79d6d3da33c48bd282dd321c84740620b123f504d85a60defbf6930a71e9573a88fe75092a5a12d
UNIVERSITIES,106203.0,407.0,University of Guelph,Professor,1996,b908cbd9865af11eb7952bd8a51a4580955feabd9d92d3284181c0d05248f63f4c5f7687c4727a7187217d4ecdd4660b7bf03b4ef552b93db590b2be09a30263
UNIVERSITIES,108866.0,627.0,University of Guelph,Professor,1996,f7f4462812428cadf0806f61aa5b3a244b2aa64155ae0124dac8d9ac28cf23390c79a0a7e79b2f5ba153e98315d56d32838b6fd70d6a276e959ef394b1a5c2d2
UNIVERSITIES,103447.0,595.0,University of Guelph,Professor,1996,8558a6450c73e62052166fda9bd05f6f3504933fe5e7be39de6e6f075a6736876c626f1430e76f4542b2fb78c82cae0d693b90cc0b0ad9d8e5ec81f09a58ee48
UNIVERSITIES,101282.0,522.0,University of Guelph,Professor,1996,2dcc50dda89b9c1d5b49272ff8f854a754afe1737443b6a304fffed4542b291f107b4ebf255f95cd2f9e50b19585dff5b68d8b339a90ab2e5f18c0026a1be3ee
UNIVERSITIES,104605.0,574.0,University of Guelph,Chair,1996,a288fa19aba831ebbb55ffac91bfeed316e8c7911194d4dd92bb53cf83a806477cc02166ae2dfcee838c880275fe48cdbbbe2d96209fcc4c3d0afa62769a7870
UNIVERSITIES,133652.0,2271.0,University of Guelph,"Provost & VP, Academic",1996,9b9d0923ea3879d87419a2ef2920f20d2be83b8f74f937e5e2f3e37f6c966e51291e504a1bcb8eb8fb8291d27fb2a82e9b53ab0e574319f3640e1036e8e4309e
UNIVERSITIES,105252.0,606.0,University of Guelph,Professor,1996,a91b0533afce2685a61cd29ca48a2f9efb1cfc5269a714be6eeb2756ad4c8d88ede3ca54ccaa29d677567526a416308dc13e666bbc0c15e98edc0e7fd048830d
UNIVERSITIES,105293.0,972.0,University of Guelph,Professor,1996,95d74369bdde3a4d43f9fd80b1baab32b130cb7113a4c3aaee4f13c81cfcf8424c923385aa2cc2886fd418c065cedfd2a673932c313578d0505494274b46d38d
UNIVERSITIES,100365.0,997.0,University of Guelph,Professor,1996,040a8b368144878aecca9eec8d9eafa8cdd1554a9353f30d269ab6a4b20160e15224fcfec4a2ddb6a9218bf304d928f413b19c879fc484c01a991e572401d893
UNIVERSITIES,101525.0,558.0,University of Guelph,Acting Co-Chair,1996,5bd01992a107125a0565a9f052bc9648791ecb0941b209cc53713f4ecaee1cad0d8dbdb3340fcb5f3b6923c0cb3c69ddd9c0068944d643b3313f52ded5c8a075
UNIVERSITIES,100925.0,557.0,University of Guelph,Chair,1996,9cba5c42dc1b7945098d9bdd1549cb3eff86730cccb4f98350cd01e2b48050a4202a962660bab5d93dfe02331fd5a787ecfc84992d33189a0d8c773eae3b840b
UNIVERSITIES,104534.0,582.0,University of Guelph,Chair,1996,5d6f287afb097bb479c65d644fe2332299cc5999aa3573c07f182472890b61adebde05cfb3f6544e9d3777c23ed54714dadb0f46ee63797d8dc411ae78084d64
UNIVERSITIES,101069.0,578.0,University of Guelph,Professor,1996,8610fbab3c5c58e63fb97e0a854c6af0fac34def01266723de6ea320f576e81d0e675bb93e6854b5c60521e35c1f9e21739503081a577afa1908c75736e0a791
UNIVERSITIES,100884.0,578.0,University of Guelph,Professor,1996,e74e1f926ae952a97fabed1cb327c4d3df457a2831e315c421e76c50a8bfc66c5a5326c062b9b164c679bd9c9139d648e21087598210f43a209703353dd7146e
UNIVERSITIES,100233.0,576.0,University of Guelph,Professor,1996,17815b05387a5ce3148ef426e8866d0fcf61daafabd85376417c93138d4f40fcbdebd53ba153f62f4e77d0fb3878990e1800ce8c78c7f37863b531919ee607c5
UNIVERSITIES,105837.0,977.0,University of Guelph,Professor,1996,d4487051cf58f7534757438db6af5e140144d567bdd4c5c42d00fec003e5728f4e4ab7897818ba8e67d7685a97fd3a1455cc8f56b01bc87b31b6ea0df17cad92
UNIVERSITIES,105037.0,3288.0,University of Guelph,Chair,1996,8f24b25cd46414795c6f878f599ea4a5d3e6117f7f0dd04dea2e9a5a10c8edd4c905994d2846adff3446eb24a4222b2d93959a4312c7c06b8a12fa7c00d116e4
UNIVERSITIES,103666.0,567.0,University of Guelph,Chair,1996,ec5db07f783f5a22adab34cea3ff6376c62b117c1d590e2fd6302cbbe87fbfbcefedce1b17d4f042b7c3505061cd9edd261eb8c76a7199d759dc14960694f916
UNIVERSITIES,134557.0,492.0,University of Guelph,"VP, University Affairs & Development",1996,19d86b7ccd83d77d8027ce18a8f145d8aa80efd71662898d78d8271b7bf2811d6c4bf4da36a2f5e3779e52dd1af79c4813efa7e9e75f71ea1f2987575b10b555
UNIVERSITIES,100035.0,575.0,University of Guelph,Chair,1996,c6d4abcea1a941873aa19a78559e99c131de1c1014c4df3ddfa13e1b3a9049895133abcff364e719c546154674bd8fd7f036d62fbf60ddaa8639ddcec3db2979
UNIVERSITIES,113213.0,633.0,University of Guelph,Dean,1996,80252b0608c10d7483d5c3247497086dae95ad2d56e8f3bc3ddfbf797d745bcac9cc97560bd8b8af5f3da865307b3d2caf4a1ee603b05af924a9115357fdb50a
UNIVERSITIES,104761.0,3447.0,University of Guelph,Dean,1996,236ad273849c51589b22a13d8dc591aec21dd10272c2ad14a419b7f248a31ba58bf9bdfe6fcb7b2bf0847a18b65eddc74d4a8428a296c683786ee0b6e4dd5b46
UNIVERSITIES,104525.0,598.0,University of Guelph,Dean,1996,f1935d7d0c8647e057dab65347879c26887309047ba8caab567b9c692cbe49613e520082a72c61ffc1ca570f2e0e290e40317ef129c74343861598f048b9ea5c
UNIVERSITIES,103798.0,396.0,University of Guelph,"Assistant VP, Finance",1996,febf62514e89f2e7737e8044eb2fe39f6b9a0fc645d3748178e5fbd3f2981c1fb671880230941b8f0cf7f1930a475220f0349887474935bf590f631584d9a9c7
UNIVERSITIES,124025.0,711.0,University of Guelph,"VP, Research",1996,9d3b518fa231d167a251ab71754298f90a9cd92cacb49b442c8952a703ab01611beebdaf74b1d5a1d18fe76c1c8ed8e538cef3d529f240f00bcd4c87bf3b838a
UNIVERSITIES,109049.0,627.0,University of Guelph,Dean,1996,0f3ad717572e508154bf12c889b8d5ce5840a9313b71ac70e0dd6b4767e1ea310998b6bece0e2885a937425ea4f2203045a1623433048d0a75c0d201ae8d4edb
UNIVERSITIES,112353.0,429.0,University of Guelph,"Associate VP, Academic & Registrar",1996,370383dd80dbf0925c0a9fc2debfe2e3bd26292cf0fb457b3d7c8fd959b79561e586caf0cc673910e8271daf0c91b3376d5f11145679b3106a953b9145c7f9e9
UNIVERSITIES,178664.0,23842.0,University of Guelph,President,1996,cedfba2bd8d9b89219dad58f4f8aea8e54117b448a870880e6151cd59a8d2a5c47b1dbe90978819b2ae390514ae6cd766efe93d37f641137b5d99d7b347cccfb
UNIVERSITIES,109683.0,627.0,University of Guelph,Dean,1996,37b609d617f493aaf3192c92382d2b1805535b3b0d54336d5db43ca1bf3fc954edf92c69d0ebf513205470d67f94f78c824cac518e3d499cd3a8396af10490ee
UNIVERSITIES,111135.0,627.0,University of Guelph,"Associate VP, Student Affairs",1996,b1af71dc5ac66db47b3ea318b3b21e7ee91640a7f19132828eeca86927c801942968b257d0172a659f58af6c52e7474f5661315a90c05852fbe80e31b2f568e8
UNIVERSITIES,131045.0,738.0,University of Guelph,"VP, Finance & Administration",1996,367784b9d34f8fe3731eecd6c9460ae920fd2fcdbf3d9f611c6044f4b1470bcab5f71d141be4d3fd64269547e5909dd7c00f19099061722fa9884018aa5e1194
UNIVERSITIES,148814.0,5856.0,University of Guelph,Industrial Research Chair in Food Packaging Technology,1996,2840fa853d760751abebeb5d0c82b6581845e5b86197ada4fa5dbbeedbc0da8378ec14a21374859b7456c4a5b3c289091f0f3a59a1b2992ada3fe53bebbb967a
UNIVERSITIES,110917.0,637.0,University of Guelph,Professor,1996,8095f79642fdc40c0abafe15577b4e6c0d67477ef6208f0d8b0f61b59db0fd165b264308fe4d2fe692d2c05a44818139f8050a09dba32db17d7ba0b9d586855f
UNIVERSITIES,108640.0,411.0,University of Guelph,Associate Professor,1996,d3977164809ece83948c6062d696d1e93576afff22c7ee3ec3896a5699e0452f9e62c58b1a33fa4bf74220c7dd4051a820a94944c00e507d19ed8101ef3f9a81
UNIVERSITIES,113159.26,81.2,University of Ottawa,ASSISTANT VICE-RECTOR,1996,e67b337e9cf532bd22d98576c69e468e974828b3f9c5490f6c237381eb09867a9707ac31cf4047ca49e08b5949aa20ab00fef78adb8722f7a35d8e38c0fe8f5b
UNIVERSITIES,124216.75,1756.7,University of Ottawa,VICE-RECTOR,1996,84aa6f72f2d72f380f39f1b64c19f71c7162b33f38a033983bfb399159b2615609b7257047e8409325a2a60122cd9b5ebcc303727dc7a89de04ce89b0d556495
UNIVERSITIES,100437.28,81.2,University of Ottawa,PROFESSOR,1996,a6cc8a360e6a5eeb0926d57c55afda22203109b8fb500690febba916fcd13a00f640935a6e2ddf696562394e124ced2c401583551e32e436cb76b8fce0093d12
UNIVERSITIES,104690.59,81.2,University of Ottawa,PROFESSOR,1996,6b0ef97817ec954bdc7763aefa22590a313faa091798d583a749a315d65ff8c249236039e26ffc31bcc716e473fa5b5bde22cca405851c4a69bbb25ac4e343d7
UNIVERSITIES,102248.28,3957.2,University of Ottawa,PROFESSOR,1996,15939195613d36c0c46b1973480ff6bfa7a69f81c47ab41b2ed2bdfb4f911914a5ff397672cbe36cb67ea057e7ce84cabf11b95c19624cc50a31a7f7c2a9d6b7
UNIVERSITIES,124599.28,5682.2,University of Ottawa,UNIVERSITY SECRETARY,1996,c7689018881a3ebd0393dd9064dfef8cd50944a6627b581763d2b12148c123d42320e124a270510c57ce66b7fbcca93fbd32824f14f17593171326cca708f2c5
UNIVERSITIES,104690.59,81.2,University of Ottawa,PROFESSOR,1996,178b177d11b7f456aac0b6bc18c4b8857fab2e8b6f3ccea1c0119f68d81b91a286c08b9906c2a99c4e8f9e4237a202f8e8d2597193ffca3c8d30d66d596a6780
UNIVERSITIES,144867.69,81.2,University of Ottawa,CLINICAL PROFESSOR (M.D.),1996,89d8e188b523d719af7815f945430bdaa2a6a225530fe64445db96e65dd261baee015754910b46133caa5c0e79babd2842bdbfef4d2d75465fe296ce1368cda2
UNIVERSITIES,101411.78,81.2,University of Ottawa,PROFESSOR ; DEAN,1996,bc10b54c44c2eb68be30824077a7f8da68c1d37c3f9383587442006fc4e6e9fb04ab2a4e974b3872eda031bf6270159f2d045cf435dc675559649ca6bbd557eb
UNIVERSITIES,100139.0,81.2,University of Ottawa,PROFESSOR,1996,5e4ec9d56db481fc5f16fd4eba4439c884b8747f0808d450bea16ad4055e4f3d86eeb132e115790017263bb9651447a5693c908dab73b780a363b32735a706a9
UNIVERSITIES,116164.48,581.2,University of Ottawa,ASSISTANT VICE-RECTOR,1996,aee25d55e304447eacd43684c84802cad361b6f0c063c9f7ea71b5cadb2396ef57e7a0ca29a61459afac9339dfcd06badca8a1d5241d18ea7af38213c46c2456
UNIVERSITIES,101407.7,81.2,University of Ottawa,CLINICAL PROFESSOR (M.D.),1996,98d98d385d0e9e2a25d94a6db5d48d43386f8dcf952b84989f69df812b494f95f37b3b9ffa91f4defb09dedc072efd4e01e2b79b1603cf776a1665067581c931
UNIVERSITIES,104690.59,81.2,University of Ottawa,PROFESSOR,1996,971c2543cbadef6ee1fa7e9a5ed293ec70126faaa781e36198ed5de276acffb165a5df22b2a930617066882fa9e9f7c887562c3a3242ed93f91c05b437bbe142
UNIVERSITIES,103123.28,81.2,University of Ottawa,PROFESSOR,1996,a7d0cc2db391f4464abbde70b0f61fd7daafebf19de1408f0057b8ac292f4cdf0514d328b15e9ae55a6cb6e3de852af343ec7154bcb68434fe964626900dadc4
UNIVERSITIES,105489.95,81.2,University of Ottawa,PROFESSOR ; DEAN,1996,d5caadefb64c9586048b1ad4597fa8875146c4cd97b340fa97c34565d84185b7dedfd453eee7076453e8b3d652801f552e2939edee62bc6e13cbc425114f00fc
UNIVERSITIES,116405.91,81.2,University of Ottawa,CLINICAL PROFESSOR (M.D.),1996,4e711dca5d0c1d40661eb59f9eb9fac9546835ac0ffba8921bacd47647cfc1e6620dfd31205eeeb5d89722abfe0a67349f72e29e0ff753869774fbff802bbce2
UNIVERSITIES,102754.21,2731.7,University of Ottawa,CLINICAL PROFESSOR (M.D.),1996,7b6bb4eff59bfde34f776f56ad55343bdf02b944efa8ac9e2a3f8dc3b1c21d90a433d6d823c5b3143d101e971492bdd8dc186f95bebb8c46e78c5a9fe11e3852
UNIVERSITIES,106414.59,81.2,University of Ottawa,PROFESSOR,1996,e0aa79e535e2f3df5012e25866ddd85b8e66f256846001d2a3af83184dea44a74f11f3a70e578ec025182ae15e51fa1fbf08ff3e6f9f4f825c785ad6bbc02937
UNIVERSITIES,121314.18,758.45,University of Ottawa,PROFESSOR ; DEAN,1996,922d36c88a5afc93eddb146dff3c2a8bf834339de9c086ef7d7b8932817159ecfddd5e4fe71423fb7b871b9bfc06e46438cb82b1b18a1c0f70c191b923b43dff
UNIVERSITIES,104690.59,81.2,University of Ottawa,PROFESSOR,1996,b3ffd7a5e6360524ea5384ff7d8f22927fa1f42a00fb937419a39b67cd8da45fa6a8f41dc2a4786f39cc840f7bbcfd0ff45aa811b792466386f94b0981bf4fcb
UNIVERSITIES,111353.92,81.2,University of Ottawa,PROFESSOR ; DEAN,1996,d0283c5de8a8f854d2a9da84a3c4515a4b214389295f3969cc175984cf5cd46ddb1ead90165f8558440419eeb3cf6d47209828620c8dec58e938d6516b0f0089
UNIVERSITIES,121956.62,1506.2,University of Ottawa,"PROFESSOR; DIR.,EXEC. MBA",1996,49e8f849603a05dd9ffa837c3e9c2a38a4753f387ce858ae4c1151e9112033294f5c5fc85317ff334a25653dc7828009fc0929308611ae4deffcbcea1f9756ec
UNIVERSITIES,104634.58,81.2,University of Ottawa,PROFESSOR,1996,51037488819efdb632b942efaf2c9e70b050b6bb55796c2af34b39c81194b893adc857a2515b28058b91694c5c07f80ccd8ef4c89c03d2944b6b360e60d0a187
UNIVERSITIES,113713.33,81.2,University of Ottawa,LEGAL COUNSEL,1996,5290268917463671ce4a2c997aa368af1e7d671e3e9aa8d7322803e720e266e9e690916776423234aa8bec9fb4ac9b448f85fb5cee31aa525a17114ed6aba316
UNIVERSITIES,105818.99,81.2,University of Ottawa,PROFESSOR,1996,4775a46187632756f617ef7a33088a8737e81612b8e1298db0e46131e76fe6b8b359f262658b68eb25837ee18d9c769ad8a09f1a2a7e2b37582b4a06fef577ad
UNIVERSITIES,100424.26,81.2,University of Ottawa,CHIEF LIBRARIAN,1996,272e402138d14196f41a118918bc804a4aa345b2871f739ae731b7b6acfd712d98314e827dec1a2b4ed821ef9adf419f4e5942983593af4ba74a74e13e7c7c05
UNIVERSITIES,102724.24,81.2,University of Ottawa,PROFESSOR,1996,3fefffe1c51d14234f707390df71b1b9e76e05893f3b7a89787cf566fd505b4752a6b54653cac44b100f6725e397fd59f2e74f853204bca207d48105cdf010a0
UNIVERSITIES,160016.95,7145.26,University of Ottawa,RECTOR,1996,a3696aee076d244c47f04ea08010ff36cc8183cb3f2aa88328215017646029f568737d7a8b42abfb7e62627b5af9a2f6426617a189c45e2031f4b14af20e4cc5
UNIVERSITIES,104690.59,81.2,University of Ottawa,PROFESSOR,1996,e0713bf634f6a437657375468c7b4f6a12a5904c0d372147e99ba851601ad0fc6fe04d2a20e10faac98f9667b3265589ab0adb38017a2cdb3a22b494bf94058b
UNIVERSITIES,144371.77,81.2,University of Ottawa,CLINICAL PROFESSOR (M.D.),1996,cc71e7c3f80eaed1203c1428e2c7e2da0599616b252292124b2ba3ac3ccaf2c246097211f32f8da112d1ac597cca6c5c8cca99aa7c558a05b29ace94967d1951
UNIVERSITIES,104690.59,81.2,University of Ottawa,PROFESSOR,1996,621d3c0e8377c69a9cf583cd1357504b6ba3c584ae5f4bfebaeca7b081bf3ef66196fbd37d5ec66803a558e6b90931a818f5b3bb95a621efa8db53f1e181d376
UNIVERSITIES,150239.1,81.2,University of Ottawa,DIR.CLINICAL PROFESSOR ; CHAIR,1996,a457ed0a5e7b2dee8f584e32871b72a6834aca81fba9f52fae86f40144bbbdffb364da7fd3f834034be314b0d21409782e694a1e28c546c59ef975eb5d7d01a7
UNIVERSITIES,101602.43,81.2,University of Ottawa,PROFESSOR,1996,e09c1a137297dcd799c9eb2e43f6f13c375f029cb6cd28c52ee1cd0ed68747032c27781102c3d839841233007d1a4fb4625b0eb45f9f9612f009afde23d34ef2
UNIVERSITIES,102950.6,81.2,University of Ottawa,PROFESSOR,1996,46c2c8b1905f57c76518fee927416dadcb8c313f53a4ec838ae35874fd737bd88472d709fe3a6aaadfa5615064bbab77950a0a54e33dc75266ab6315718bd624
UNIVERSITIES,103415.91,81.2,University of Ottawa,PROFESSOR,1996,0ef432121bd2146cd5e0623da1f4a6e904b791af20f1ba5a7a6815247ed3801a871b76e2b545f3af396b0987dde0339dac5f8899173774b34d6c2687da784c9b
UNIVERSITIES,104690.59,81.2,University of Ottawa,PROFESSOR,1996,e5143f59fb9af0ae0de6f979c8f02fbe25e6b78e6cea8d4e81b501be9d645868f025a440429db8f5f017cbeeccbdf41889b6dacbb03295210698f15da3b1d17d
UNIVERSITIES,104690.59,81.2,University of Ottawa,PROFESSOR,1996,187e3294f1e95efd0790192662ac4e76804cf901ebead2a7ca28d192a7a4a23948a18907eafbede3921b14ad61c5672d4e4fa4c6256c839cca9eb0f7edbf2d0c
UNIVERSITIES,101811.22,81.2,University of Ottawa,PROFESSOR ; CHAIR,1996,5e21c0dfefae5316e9f792075e2f13e46d851c1f036ec7a771314138a9d75b653c56abccc308262b888f24770efaf33c36f0370dfd83e5bdb2f15522498f4703
UNIVERSITIES,104690.59,81.2,University of Ottawa,PROFESSOR,1996,2e27d4d3896177b976dfa4cb52f8e72a739712731124daff0fe9d9c3ec8fd4cab2e58f44b0dfafbd9405a049dd5e72b8ba4b32c0010a006ad4a7a3a051d0f048
UNIVERSITIES,104748.96,85.94,University of Ottawa,PROFESSOR,1996,a24c4d742dd438a592d8d73cb3b7fe56163967d865e5289fa8ba7c23034646593cae41d065892e602fcb3b5044293044043a74b50c1c127b1fd9950a31b9391e
UNIVERSITIES,104663.46,1806.2,University of Ottawa,ASSISTANT VICE-RECTOR,1996,0c38f03e7c4f1fcbb05adbf6e1e2c256c2f2b2776fb57f1982ef4f44024f2a55b8806e11a35450651f197541c8398713906c0ec073ba36cd3de6a2adb6656165
UNIVERSITIES,104690.59,81.2,University of Ottawa,PROFESSOR,1996,b6ca341201bbaf7ccb0ff5f891ed5aeffcdfe0dc21e616255518a8fad23e14ea84c904d08a3a55d47db9b1e0c631081c46750ef54978893700e2f0f4ffe01f4f
UNIVERSITIES,107673.28,81.2,University of Ottawa,PROFESSOR ; - ASSOC.,1996,1315fe63ea3acc78fd91da5b5d2ab32157c96f0f9007bc59f04c005ba85bee9c97e410bddf04f23042569660932c539574dd43496e3651b301b9b3eb4973b99e
UNIVERSITIES,129546.44,81.2,University of Ottawa,PROFESSOR ; DEAN,1996,85998c600dbe65ea8033072d13e3c0577efac113fb152de7e7f8efd31c260bfca6552c39ca4e96504a67b2c824b9ada81a56caac8ddeadfd507705885e5b0fb9
UNIVERSITIES,102243.82,81.2,University of Ottawa,PROFESSOR,1996,4a790f6b30e85ed1f6048552774df087cd5aaa9d816bd5c3704c028f3c98693653a6058bf9256d3ca0a091047bcf5403657f38574475fc6c87dc2c893dc11931
UNIVERSITIES,169324.57,81.2,University of Ottawa,CLINICAL PROFESSOR (M.D.),1996,c2376d965400d237d7782c8114b600ecd1791cd30383ece601b187dc1510ecf2bcbed513191b1c9c355b8d77be7049847097f7bc1ce7245813366ec4e9903ef9
UNIVERSITIES,115761.14,81.2,University of Ottawa,PROFESSOR,1996,cec35f43c6a333681b8d8605e1afc4e9ae7263a5ff8d2f05e4a0f82a7ac70233bdaf417333cdd406c4aa70d407e3d07309467085bc390efbc6d60acaf714599e
UNIVERSITIES,100351.37,2023.7,University of Ottawa,PROFESSOR,1996,3638a863c7d57323cc22044b9c744e641bca0caaf0f50c8e16211ff17ff075acf28369c0d01228a96d9661c579c72d22735e2b8befd5426c77f5627c903324f9
UNIVERSITIES,166629.2,3539.7,University of Ottawa,DIR.CLIN. PROF. (M.D.) - CHAIR,1996,b30f35db73587d69b82ddaba1bfb3d6333b3efec75c10fd2ce1fc888cced55815a4a61dd2eabfff3d61d3ee57310c78552c1cdcb913334d961b23c5a49b9b0f2
UNIVERSITIES,145288.37,81.2,University of Ottawa,CLINICAL PROFESSOR (M.D.),1996,7d05ff32c0fa00316c7da2f22dd910cd9bcfc54f02e21f802124827614747ce9b45c57e5bf3f063865715cc170285f85214ade612b90fa83a89de2a856001e8d
UNIVERSITIES,100895.38,81.2,University of Ottawa,PROFESSOR,1996,247b307275d7c59553dc580f0924e74fa96729bad70f57a79c0a0942aec96615e52528246601b6065eab42eed48cc60e06f042bb88aa62c583f1f2229b7725fc
UNIVERSITIES,104690.59,81.2,University of Ottawa,PROFESSOR,1996,c1ae3d9ab356d09724a11a70d335b0134bd4220eef0e89d9f8464f2c07a6eeb86a0006151e936abf535d401327579b70979b4a0857b73e8374b994fd14588e2c
UNIVERSITIES,116557.47,81.2,University of Ottawa,PROFESSOR ; DEAN,1996,86eac38003e838b3c363b1c38ed3dcf210a296ff3d9ba39d75d165d67b0e5a56475aa1891f3a2213cd32ebc6972a05a5ca2d917e5312c1214935fef381094fb3
UNIVERSITIES,104690.59,81.2,University of Ottawa,PROFESSOR,1996,83767231b29dc690db1cf61313d02169338f5fa1a8364df9b28720bd6c06fd0bae5fedb7e0030057e521c1060fb42606ef4f4a725d2810618cae94418991705f
UNIVERSITIES,123454.37,81.2,University of Ottawa,CLINICAL PROFESSOR (M.D.),1996,93154f93ea34328eaef1419a3f592cd0920c7ac864cfddcfa4ff427bc8c18ad42049ffaaf26c6f91032fefa09a6b2bb79e6472b06e24828334d09d1c409b843d
UNIVERSITIES,126592.79,81.2,University of Ottawa,VICE-RECTOR,1996,154d2a711ba080b6d7e8488d8509398b6e09c71231a045433498feef6e0977760ac902c50ad5da17bbb57efc0e37917bfd20dd9cdf5b295ad81b4c69424b2a7d
UNIVERSITIES,104690.59,81.2,University of Ottawa,PROFESSOR,1996,d9d1d215f7e354af68ad02e57f177ddb29fceced9287b374839df6764d649a65cec41189f7a7a48b60fa5edd364e9053104ab5cbb9a106aeaeb8212b613e8cfc
UNIVERSITIES,104690.59,81.2,University of Ottawa,PROFESSOR,1996,751a3d61b2ba334951f0a79ae256d41da3733f9ff78a0f1bdb154dfb8f880ab00e7fc58302b4e48a3500bc7b4f59cce28225150a09ea936be9fc024740b652bc
UNIVERSITIES,104862.65,81.2,University of Ottawa,PROFESSOR,1996,a66dc195d368e10c69dfebebb300bdce2ef6c3736fa9b37a01f7f2d9b1e292d1cefeb381704a8cb40dcdb14981326e1adc01f4c3dcc77570af1356328e569303
UNIVERSITIES,104267.05,81.2,University of Ottawa,PROFESSOR,1996,fa7485da176d54c26b4700ecfc1e0cc8fdcf46f7eeb9ee4b9f02c1b5bf8ecaa0653409536631f86e3b61e6a9fbdeecc859c3b5ce9c45a753f2df2cb403380ca7
UNIVERSITIES,100848.88,81.2,University of Ottawa,PROFESSOR,1996,5319f2b15151667ce0f7a46f9e14de9f5f508cc39d0b2d1d65dc60d9da55cdd0653dc4ec575bc8f4ca222fa188af8efe6de9fa3f891ca5368a62959e89ae4ae8
UNIVERSITIES,144206.08,81.2,University of Ottawa,CLINICAL PROFESSOR (M.D.),1996,888bd2ff2f03f18f95a14aab2103e4640ff77ed45193574f6cd7119d507de598f69fde8fb095ce5d148f3e959cfbebbc1f85be87ff1400b683587794fce23e56
UNIVERSITIES,143787.42,81.2,University of Ottawa,CLINICAL PROFESSOR (M.D.),1996,4062d7d58d1bcfcd1944549be1e9764968273e31d0efe8ba545b0e6f591af8fe5de20012db5d01aba9b6f1655e6c4f50a175f197396a10f4cea00bb12e3f3b6a
UNIVERSITIES,100175.57,81.2,University of Ottawa,CLINICAL PROFESSOR (M.D.),1996,e6699fca29cd07f61ed47ffda1a44e1606ab5d70641d38eb25b5d3c25c286602a3c448037906cf2ec79aebbf847322344975787364bab2fc8432bb7241a33664
UNIVERSITIES,136464.96,81.2,University of Ottawa,ADJ. PROF. ; EXT. FUNDING,1996,678d08b1e5f371723f42289ab985bf07c0b2265b515daf09f5e955c38971d2aec42a10571f1ed60e07e36f07b1bc8e75a050b49082b770cbb4d4041139beb098
UNIVERSITIES,101154.93,81.2,University of Ottawa,PROFESSOR ; DEAN,1996,5aa46cf51d5f36829b28c8f48cfe93da57e7df897a5b98cc4502c3b60bf1198971eae9b5a150c00f99fc2f81b97409b9d551a241d43b70b7228afa73fddb844b
UNIVERSITIES,104663.46,81.2,University of Ottawa,CHIEF NEGOTIATOR,1996,c86a513e44ae8c4c8aba3bd099fe4a81eaa531fd77b1b027e2bcea4dc0b3b8752ce5bb4e57089c0183b37fe72ecb08c4c9b53cb3ee150af46c5a54be4b6230ad
UNIVERSITIES,104690.59,81.2,University of Ottawa,PROFESSOR,1996,69a7e6267d3ea273054ae3bdbe4116f623e13555b333314e3122f3ee3997863f49054901e699311dba10ffb8a70242ce8c890c901ce0f3d4d129cadcee8010f3
UNIVERSITIES,109173.23,81.2,University of Ottawa,PROFESSOR ; CHAIR,1996,f7ad5ded56e1758b2789ee3ec2a4f755cce1c627ac13165bfb43918838a5495a75a95708fec9be1aee0e39d7216c81c0dca78ddb88d59cbbba5807bdda40b86b
UNIVERSITIES,104690.59,81.2,University of Ottawa,PROFESSOR,1996,0a437058c789fc5877691da5d61e8b139d6b38d40ed42a3b8b994c95572cdd5b1e07e710d7a574b456c6cbe351e6b57f3381119d82901748f0da98c219b7e683
UNIVERSITIES,101815.91,81.2,University of Ottawa,CLINICAL PROFESSOR (M.D.),1996,0b3bbb18ec70bf5f4927665ce7437a1780606e81085dcfa40abf85b5f74b8641dee72c16e522d7b9cc603d05958fcdb99897c3c32aee7e8e9655cebfbc8592d3
UNIVERSITIES,159272.41,81.2,University of Ottawa,CLIN. PROF. (M.D.) ; DEAN,1996,4388c5af4bd2968851e3ed31bd62e3434ac5cbe98144cbaa335e8faed0d1b1e4d80de89394334f4d03ee125ffc0a3eb264455f54ef42e3d91574db8a02575154
UNIVERSITIES,104775.59,81.2,University of Ottawa,PROFESSOR,1996,5e82c02afb58b616247f4e6d8297006e1f9fd2d3426f8ec857f92b8b1021713f625ebd24bfccc0ae520db69ebb23646fab703d39e571750eb6aa98c50ebf1a0e
UNIVERSITIES,125596.15,81.2,University of Ottawa,VICE RECTOR,1996,a4927dc17418fc95e936e2b7df89c115d4c9ba0e3b39e0938ff901314bc1bcb66b14e7484817b371cd21436857ffeeb0bddc2bb60d68aca65dc7c18ad368865a
UNIVERSITIES,146415.46,81.2,University of Ottawa,CLINICAL PROFESSOR (M.D.),1996,ec81edb620b284bb2e25354ac26484404a035f18fbc4f005bb02f2fd3f0ea0a4d35fc038b88678a2d199318bd9a7a4220f3ec8a8aa72721a525fe49f09dcdc29
UNIVERSITIES,105791.8,81.2,University of Ottawa,PROF. ; ASSOCIATE DEAN,1996,4beff4a9c15ffd0b1174d867096b1d67f05b78f40bb2d446fdfb69ce12b28a0f7c7ec5031ba97f97ff0831cebf71b74438bf61083d5d4f0b222515d71fa806b6
UNIVERSITIES,146413.62,782.4,University of St. Jerome's College,President,1996,425cdc52ae7f973479cbde9671d755b790facf550a318f063d86a0e3df601d9f37e713b0c8bf1e9badeef70bcbb91d361575782e9f7b95389dbb582e0540c7ae
UNIVERSITIES,278683.0,610.0,University of Toronto,"Prof. of Med., Dean of the Fac. of Med. and Vice-Provost of Relat. with Health Care Instit.",1996,88a3cf7c692655ba72e19c382d138b65a33e5a82c57fee8075085675363057c51bf14106f5d57d0b168f87abaa9cfe2d8a2afc8e5992293854adc499dc80aef5
UNIVERSITIES,106101.0,541.0,University of Toronto,Professor and Chair of English,1996,0c3981ae08c3799cb45ca1370cd5809c06032d0cfa6972fc8f338bb3d21e60dea22927017795e2009f23a2e380876ff1450152ae56f964c59e5f27f5e32bc542
UNIVERSITIES,109319.0,573.0,University of Toronto,Professor and Chair of Civil Engineering,1996,bd837709ff15a6e98cc0f6bcb07c83afa3c0f7d40799c169e7f013981bfc52e9887d17720dc70bd5ecc64651609a9dcc6cd8b0ada116940fc001dfde83b8023d
UNIVERSITIES,117202.0,300.0,University of Toronto,Professor of Education,1996,0f03626551ac100f044c30b59f764a433ed12be1724ce310420cb36f88ca59158b0de0bd58044b21470f18f06a9accb4a8ed7494bd46ff330841f53976bdd1bb
UNIVERSITIES,119527.0,603.0,University of Toronto,Professor of Economics,1996,7ae3802ef873fa1322132d417faef821b9d8c436353235311a8e146cfdcf149d250b31f26618877bd4aaf96e95453a0b1cecdea8aea70f19a70f9ea8284ae88c
UNIVERSITIES,109372.0,535.0,University of Toronto,Professor of Mathematics,1996,2b37e6776aea9b54180b3ccce205f6e6a46bc5e1c8387852f4c8e9429426274b15e93df566e2cdd5c1130e118343edd30c8ba6ac1ce79491a6d339f00f39566b
UNIVERSITIES,132861.0,559.0,University of Toronto,Professor of Otolaryngology,1996,918a9e70f7a3ea9119c4aa972f5828df1922772fc330db794a8270fec7932e18003781305b192d132e80f8076296d65cb897879fc3be1b1be5c8eee1fda20e03
UNIVERSITIES,113012.0,488.0,University of Toronto,Professor of Management,1996,94b5e0dc59732a32469efd232dc4cba3c5823b8dfc8432d88c999b1d6bc3568a842f53dea128e64066e5d8b73f005262cd065bd8e47adb4832da2a1182607866
UNIVERSITIES,147260.0,522.0,University of Toronto,Professor of Nutritional Sciences and Associate Dean School of Graduate Studies,1996,1e71777fee301a70c1f35f7c48024131f6fab0c3a0a0f8f52942d00b75c9daf5aa1349ff32ea0dd4f96ead9c68840233e21e7edac33855ff10ad53747890535d
UNIVERSITIES,139904.0,292.0,University of Toronto,Professor of Economics,1996,9feb31d7673cedfb5f64de18d075aed977a48a04f4b8c54baa322b1f35e6e228c21b3f2eeb449f26c5c0d834b2b82c429ecb808ce51250967524da3f5f8ab7bb
UNIVERSITIES,104490.0,987.0,University of Toronto,Professor of Geology,1996,3204e4ae17a61b173e2131be890960752b158977b8bcd5e3cd59a5009db84bffdaf4948e36a2cc8399af8668d7ec50768c0d7b744b77b7038f9225eaf48578a2
UNIVERSITIES,101506.0,625.0,University of Toronto,Professor of Dentistry,1996,91d3d3460ab01348e7d26928f036411cb4fda4935541e7938d2e7ea0a260035ff5bed16f1fce53d6cd9644397578267f038947d2f68c0ea7e0a71d6809f8e86a
UNIVERSITIES,117681.0,4213.0,University of Toronto,Professor of Statistics and Preventive Medicine & Biostatistics,1996,c4ebe4e3c79e440debc158fe88836242ff3d21aa52d4477ee62bf1024459353fd049981324c1347d78112ff382d8c38fec6f11ed6a7c981e1bb02d2e108345dd
UNIVERSITIES,103762.0,435.0,University of Toronto,Professor and Acting Chair of Nutritional Sciences,1996,d65352afbf3ee8757c706492466ea0ebadb31d4d576b0de13b58a8ff283204987a4df5d6ea549d25091b66e40b407a4cc0bb2087205c74045d2cb3b259e5a355
UNIVERSITIES,177566.0,345.0,University of Toronto,Professor and Dean of the Faculty of Management,1996,cd414216e73df123bd17554f3885eb54a4a6e7fa3d8e3624a8b2b1d6d2e32582550b5d3d47ab9a201ade1f93aad6114006a7436950431f09dcac2bfbb97e643c
UNIVERSITIES,144443.0,3758.0,University of Toronto,University Professor of Mathematics,1996,79731e5bcdec613fb5249ae11e6848187075ea3dd376afcd8866117eb115eaf953a47bf559351228348451ca3332f0f6c22803c186c3a0785aded6fb1ab837d5
UNIVERSITIES,153542.0,522.0,University of Toronto,Professor of Preventive Medicine and Biostatistics,1996,165c6ad430631dce0f4fb1a054020e391a29aa24255c4aebfc99159c75cb2ef8439a36fc3b7e15a631a1a0517c59fa0bcd5dd179046a93716c3979cbdb655ca6
UNIVERSITIES,101393.0,453.0,University of Toronto,Professor of History and Acting Associate Dean of Humanities - Erindale College,1996,b8de55e8bc64db37d520e430079c60e6933b5cb37832212067560ffabb9123d6a6da82d3b5950329e6da16e74b588793620c30f418dbe0a1020bc85f7f191375
UNIVERSITIES,129837.0,621.0,University of Toronto,Professor of Physiology,1996,e7a923bb2efc6f6235cf9530f0aff6897a59083c3e0dcfe64f85878d13392102c4b3538e519de6368748dae0ccfddc93c59f09f7426a363b1a96b0998ec3d5a8
UNIVERSITIES,108855.0,303.0,University of Toronto,Professor and Chair of Anatomy,1996,967c2c8037296bbb48062b55e41b7270358fc999496fb9e317edaa7e947e67b45929659f89c59b160a9525fcf342cbe49e23b39070c224eef6f1147b7c95c0aa
UNIVERSITIES,144987.0,610.0,University of Toronto,Professor of Pathology,1996,42d0ed0282cca2186400fce227d98b6e4ea630dc8fa0704e99b69b129dbfd264677ea8279ae5abc1a5046a714119624fb2ffe88c5c92132ae3c9fef7abd541b6
UNIVERSITIES,182187.0,522.0,University of Toronto,"Professor of Clinical Biochemistry and Vice-Dean Education, Faculty of Medicine",1996,cdd5e6fc6be6b75276bafd528e81826d8a14f7920aee752932f28ce5d87408e30c6436c9e408b351333db66830dc4f37cf47a8f5db297406d0920df1a737b333
UNIVERSITIES,102674.0,615.0,University of Toronto,Professor of English,1996,f306156f4754070c8f857c661f7813d43567b7f17afb5853f1bfbbbe92e67b882e20b325c7dda49557cbcd57d7f88b2efb3d0bbc7149ced5d4872575ebb9ad8b
UNIVERSITIES,154068.0,348.0,University of Toronto,Professor of Paediatrics and Director -- Sioux Lookout Program,1996,9be30fb34ca87d77221c97496949b2379b4756aeec9d66a61d13ada8241f3eba3899f975ac0b713344e48c9c56ae22c6a16238b8485770a0f7ea5c7aedfcdc1b
UNIVERSITIES,101215.0,424.0,University of Toronto,Professor of Forestry,1996,b6a0bc8953422f25aaf919e02738f37863d6ad1c9e776e09ffc09d7d6350be4fc3166b4f28b8a2f50b69f92706acb15db63d6c433af6a19aad91cf8a1a246998
UNIVERSITIES,104583.0,480.0,University of Toronto,Professor of Electrical & Computer Engineering,1996,620d466ef9e2ac033af6d0aabdf8d2bce39b642358e4945a290feebc400b779e2e18389ee9d8ecf983ad15ce7d5b680296dea22dcd8187c2be26c2495f3baca2
UNIVERSITIES,106018.0,3705.0,University of Toronto,Professor and Graduate Coordinator of Classics,1996,535f164ba120ebdd0f2e008e0f0b21a464bfe079d409ed63eb7b34455df99c10f501857d1c1354641635cfe66cff485a22609d9bde1fa7bd6cf966fa17cfb76a
UNIVERSITIES,111214.0,291.0,University of Toronto,Director- School of Continuing Studies,1996,b8fd3815aceea081bca30108b00edaf12bbc2fce0db6146edf885f951621986b91b2263e2f7e57324a251c5d94691e3bc398a7d5780865ee8d965878a6842638
UNIVERSITIES,120398.0,797.0,University of Toronto,Professor of Surgery & Physiology,1996,3ecf32d9d18cfd458e9c62b09ec95a6ad923bce905c779323c609f4bd154da1217ff63723e6597d0a20c3c0bd8f82f2759e95b950c2983e329b99806d28e4090
UNIVERSITIES,119421.0,305.0,University of Toronto,"Lecturer of Family & Community Medicine, Sioux Lookout Program",1996,deff7dab634f897df5832dee03e6d43ef74001b8f9d2de4067315b96400ffd2e6db71380225819113ec8a62b9cc0cb359ca385d4444b8af73ada19f2d37b0dcc
UNIVERSITIES,119616.0,585.0,University of Toronto,University Professor of History and of Criminology,1996,6093ae57f731f463506c885005c621922741a1231847c2fbbd7ad52bfe72e590a0229b50d67d7656f04780c491445cedc8971155f791828793dd60d1be41be6b
UNIVERSITIES,127545.0,3856.0,University of Toronto,Professor of Law,1996,5f5455545f30e2c8e89823d648c73863997b179b1ae5b43f9a3b63a4d0fdfb1b5c0f478b9be1660afa7a94329e799cb5861c83c8b2326f4ea1447881a3d73961
UNIVERSITIES,144188.0,1611.0,University of Toronto,Professor of Theory and Policy Studies in Education,1996,9807b01a33261e04921a505ef2be63602293bdff4c7932a3bcdb7b78c766cdb9f4888828a9baaa225a675c45e6344901942a8c2ed79bd528a343365ba757d828
UNIVERSITIES,104356.0,437.0,University of Toronto,Professor and Undergraduate Coordinator of Medical Genetics,1996,a45ac1a6c05fd335fd3c2cd5308fac39305403be40562737759ffe61f7af8ea569a81c014912578758e97f296184e2b4dd6da81de70a985dabe595301c742051
UNIVERSITIES,115803.0,312.0,University of Toronto,"Lecturer of Family & Community Medicine, Sioux Lookout Program",1996,c6b33845a0c9c77c27ee06c14a3487f2ac23ee2059601ec2ec665332e88b37681a36ea02ef790705615e003e9f49a11cc3655649187df227e7269acf8e9b0f6e
UNIVERSITIES,108404.0,575.0,University of Toronto,Professor of Dentistry,1996,a19339b292477fc648c07fff61cd1171d679db18176f208f03ace2029b49af133eaa73a3f718f064f04292d1165a9ec147ba1c3a6e21895657c3613493cb0a13
UNIVERSITIES,104662.0,3552.0,University of Toronto,Professor of Management,1996,d625e073272d86c1b3bd2538b056675e6c30cf58f57195f195b553c8fc6fa8688e8d63121c0673cd3f27e6c40e32a0495dbeba5c539f75f15275682b618ad87d
UNIVERSITIES,116313.0,478.0,University of Toronto,Professor of Management & Economics,1996,3b02cff63d558d0428c49b36ba05b26cc0bdb4c116989c2fd5e3037d3c0dd5cd95807de03db7fe82f7a136139b9c15c976053f23048e4566d5e202d2c1a5d34e
UNIVERSITIES,100677.0,609.0,University of Toronto,Professor of Psychology,1996,ed04f1a69322e248fce27b3da5d8288d5b98054b4433ce9d5a9bd2953f44562d8c1fa928ea0f99bdfb2259f829c3103a6d37d67d80799f79270c0d00fb0e2115
UNIVERSITIES,121357.0,696.0,University of Toronto,Professor of Paediatrics,1996,685c0502686a90e00c3a46dab22fc1a22b1260244fe581ee3807f5e2a2549ad1e718860b718e2e2896645fbc347bfabee5e2718282df6d8a38ede257e2a2da09
UNIVERSITIES,118398.0,610.0,University of Toronto,Professor of Economics,1996,92a023aad17235c38db23f1f966db10d9c5db95d349d8b13a966839f5523f87dd24ed91de2d289c4a960e4c1d9d8e15af70514ab508629773731466187047048
UNIVERSITIES,106164.0,507.0,University of Toronto,Professor of Civil Engineering,1996,e578386607d466e1baf91c520322b6d0d215f8a62b43e3603bd189f053a1f2fa03dc82bf35d3581ae7e0519122bc50ae6f7aa179317e255b5ad5c909370cbff2
UNIVERSITIES,110173.0,581.0,University of Toronto,Professor of Psychology,1996,6d4081dcb10747de7b5d7efbe8c05ccf524945efaed52b3e8e32bcb803e58650619a1870f7da3459823934c5bb8735adad86faec6113f57797bf445399d90ce9
UNIVERSITIES,117250.0,4406.0,University of Toronto,Professor of History,1996,5903aae62f75059d28536725b403e3bf0565b560990c7dec714bdd61c063d0b905d3541f00c5f20dbea3127c0a9c3bbc0d4fb47a79b4429988988f269c241ea5
UNIVERSITIES,103233.0,505.0,University of Toronto,Professor of Mathematics,1996,f602e1119f8667b3f6ab9a88757f99051775d194040cee732d1c195f6bb25e9710823aebde8c62c338b8acef664c8de6a520baed35426dcbdb00d968b7c5db2f
UNIVERSITIES,125235.0,317.0,University of Toronto,Professor and Director of Theoretical Astrophysics,1996,c3aaafafde312ac80954aad76da432970c0c2b001ddc1da5a982b2f61a6e7a91b9a13e1d8af85b5b5ba32b28ed7e0ed25ab5c9966a608b24bc119f1ca439a43f
UNIVERSITIES,109499.0,458.0,University of Toronto,Professor and Chair of Chemical Engineering,1996,4fe24774426cef66b21ca3e25cb01648c2bad32ebd17b35f00ac2d617d24d8b7818f4597426fbe9638b7fefa6e153a08378bfda6165b8e277bcc7b9b4555843a
UNIVERSITIES,101385.0,424.0,University of Toronto,Professor of Education and Program Co-ordinator,1996,363e563f3f299caea951bde7121d56417ab38534e7fe618c9079f9c5011d6d2d03e036c034d3b8c2810190dd342f3aa3d3f034e955e108572c05d8b4320adf20
UNIVERSITIES,104707.0,631.0,University of Toronto,Professor of Management,1996,9cde75e3f7200bbb8a7f167190553a36c864f72277575648799602066a59fd2861c4cf793844af735457ad97c30596c54e0f86e63e4926d950718267368ad760
UNIVERSITIES,108662.0,379.0,University of Toronto,Professor and Chair of Management & Economics,1996,fd996f8a017fa531d347df1b99482150e9e7a96ced14a4a631a65f20dd24d002545c31fbad5fc25199f10f0fc7472f347bb79625557e5aa1c63faf1cdf5cba80
UNIVERSITIES,133105.0,621.0,University of Toronto,Professor of Computer Science,1996,7c09e528dbbe169e0f4c3c04e197c513dee28ffc5e8fdc1157cfee0bc6af1b3ae6a0100733a163473e00b94316337dd31b5634c4438112c6ca306736da0059d2
UNIVERSITIES,101183.0,353.0,University of Toronto,Professor of History,1996,8d5d8f881d22b758d115f12bde5be5e26a70f36ce46676fb726ba07c78eb13c3b9b0d02b6c51fe0620d6f97ed8fc310ab88ee1e58cdb97734094e64731ee63cf
UNIVERSITIES,112694.0,551.0,University of Toronto,Professor of French,1996,8c97a6fb379fcb1f6a9162c6fe99c64cf3f4cff60045b9d9ff2e792ac05e7a92dbc9625052d0c993df60409bc8e531ad2405827d52e662c4ba9ff5a6bbfefff4
UNIVERSITIES,113689.0,669.0,University of Toronto,Professor and Associate Chair of Electrical & Computer Engineering,1996,ef35396f6d2d933016182004287ed17d83b9eb722b1e967e20b1bc3a5109ba3a3916fea0217af7660ae0753847407c43000af2dd7895798a85bcc810cec4fe65
UNIVERSITIES,106741.0,666.0,University of Toronto,Professor of Geography,1996,38105fdd1c2c3b7a7e5dd8d332d86228a9844437812b10141df80f9c268105f65b37eb1ae64228fa9220b11206c0aeafbc196274c31c8c00d25637fbebdb0b43
UNIVERSITIES,111753.0,287.0,University of Toronto,Professor of Education,1996,d88354feeb5565d6ba89aa7907b0e0f2cdb60a88f6a571808f858d0b369e633b3adec1d33cf87db1a224fc6b8e491d0c5045c71dbf24728af4ff3f7ecf9232e0
UNIVERSITIES,126523.0,707.0,University of Toronto,Professor of Geography and Vice Dean of the School of Graduate Studies,1996,86355dd67330986f57af58f4dbef1d5e48f8f567252c8c4b3c2db5aa8ee2e9d7d2e19d85855846b9da22391a779e024a1c2c7b22b0c7d96638c79f443f0ac82d
UNIVERSITIES,119902.0,504.0,University of Toronto,Professor of Management,1996,8bee72e4216b4380d894b544588c69efd84879d75617c59b5b9318b0ed6c3de629bc641ba8f7b386562ca532c188ba27c545c4d107f4bfec17c8c9e8cd5ab75b
UNIVERSITIES,102321.0,875.0,University of Toronto,Professor of Zoology,1996,b10ba998696b6e179b281800b13531e166ca8f9fbd177486b79ef4d76709b337c21af70dd7b8cc6b594be47f0d91a48779d1597381f9dc066ba7c93ae4d41181
UNIVERSITIES,120919.0,695.0,University of Toronto,Professor and Chair of History,1996,81624027418b8f7e46504d3a398ce1f866d6fd06ce65a3c24e4de814ad3987e104f10b36b7470914fa55944de1acb0e503a7f87c2222c1638a9eac201f793da7
UNIVERSITIES,112190.0,449.0,University of Toronto,Professor of Health Administration and Principal of Innis College,1996,8faafc8c06cf573b82cc6eaff2ccfeb0bc86f52086aee4cf775682cfe4d9bc3c71794b8e9dddd7be373b470a62814fce025ec6874f24474f91478832e4bfcdc2
UNIVERSITIES,143901.0,512.0,University of Toronto,University Professor of Chemistry,1996,4845e8bcb4e7acbe6de6732b79bb8bbb183f71a042bda49f03342ac33423cac8c24de238c0e3c6969f239053789caeec3cc68e5171460629e17525084ebdf268
UNIVERSITIES,115827.0,567.0,University of Toronto,Professor and Dean of the Faculty of Forestry,1996,73605f6939c678c3f1f3e6f3083dd7549b7fdf12e5e9769dce311e10b1912ff167a8f79716074872fdcfba845342989d0a9c40075819abea5fe2ecc478c53b10
UNIVERSITIES,110236.0,269.0,University of Toronto,Professor of Management,1996,d8bf537ad20fd176692614e6303008b39c016f99e93f8d52efa73d00fbfbcb4936b1afe9291417153274043bb9e27140bdf295784428ca91e2c2af0213d05515
UNIVERSITIES,108097.0,276.0,University of Toronto,"Treasurer, Office of the Chief Financial Officer",1996,5a0779aac8c7d1383f9922969123bf635a36b1e7930d5e4cf4bc23b2c21d2ac00f9585cb4155de33f1f17b6db8b00e5689202ad760dd2b3a7ea2460999a78a55
UNIVERSITIES,109508.0,578.0,University of Toronto,Professor of Spanish & Portuguese,1996,8335e9efe193d663eb39ee1ec8007e188d18673692c3fdf76a287cc7e9973016275d475543b1e7c8d4fcb0dd56a6cbc6e551cadcd5d36d6d3f20dbbda4f17c3a
UNIVERSITIES,117709.0,345.0,University of Toronto,Director of Administration Computing,1996,91af56756cb53ecaec89f8d0da003df4b3d6b37892074ec7138116f384ae09c5e1767ef0a79496208c4dfc6dfe88ba990da2d2a8e440213bde6890c9efabb064
UNIVERSITIES,100838.0,423.0,University of Toronto,Professor of Zoology,1996,6413533a0d39b63c22364628068f7aed23140ce1ee00802133076d191e9fe4c6dfb6c319a74c918537420381cfe5f2140a734daa7c8a98e7fc166b7866b23998
UNIVERSITIES,100929.0,281.0,University of Toronto,Professor and Chair of Anaesthesia,1996,7dcae994db90d57f43bc9779c0c7962b08ff1a400d17605235d9574d9b6893c41a81c93c97bbef419bd52d9a574a521b5292bb10af046b8ff2d7226462c46103
UNIVERSITIES,109084.0,634.0,University of Toronto,"Professor of Family & Community Medicine and Acting Director, PASS Program",1996,d8ce138a8d51a8cee817a92a18b0bdd83db5fc818cc1f8606e117961ad2845eb38d0d7de4926ed4ddf131908efec67f81739193f34994d42a29702dfa6aeb07e
UNIVERSITIES,104197.0,471.0,University of Toronto,Professor of History,1996,ac6dade458ccfaf2918a71bae1f7ddf67c80efc39b7255ea1905fee83fbf7b29cb7806c9d9be012d5dffe8cab950fd1d1a8dfc13dad3ff11873557d290b6ae00
UNIVERSITIES,106953.0,298.0,University of Toronto,Professor of Biochemistry,1996,e091e138a2af7d6caf856a793ac006d039ccf93ad8374cc2ea50c22ec29c855d797c7b97c3fb29cbacc86379fd7ca02549a1847390072efdf7476d8dd25f7964
UNIVERSITIES,145135.0,348.0,University of Toronto,Professor of Pathology,1996,8262ad830dbc9e9fd7e7bb0cb5e1cc42b27f2729739201416193823933fd8e108f854cd3a4320e0b11ee1385f4e978ba66d6911e8d0c21a0d422534965c9083c
UNIVERSITIES,118790.0,581.0,University of Toronto,"Professor of Physiology and Director, Playfair Neuroscience Unit",1996,1786d55845583a2569521ca9823210e3dc2809519db55e07048347696347b1a3ad7d5f9bb557fe6d9bad3cc1521602f509d2d7e209ee6055db8788ac521282a5
UNIVERSITIES,116515.0,462.0,University of Toronto,Professor of Economics,1996,f5e146593840a554e1d144dc430a00875980f30bb31dde70b53ee918605206a0d3e7cbb5a6ed08e30efe2db30766ba2381b3c18618c65cf5b3a56ed8dd22f104
UNIVERSITIES,131497.0,708.0,University of Toronto,Professor of Education,1996,22c0eb5f4061c0310eb4a7562747fec11180d9076b1cb5c572232cbe29a9c43cd7199e3f1860fb61fcf1fde73e6f405c1441adeaded2fef2248c212610c98faf
UNIVERSITIES,204528.0,610.0,University of Toronto,Professor and Chair of Physiology,1996,5fcaf5044a6179f4c944db6ac5b0c657c8ca8be77a0b78a1bc9ccbc58cd89817653e6c730369fb366bc152ed5048f05a9917aa842f3468739f3da0e7e0f360de
UNIVERSITIES,112167.0,642.0,University of Toronto,"Professor of English, Centre for Comparative Literature",1996,a9d467248330c6dc806fadaaf063555dbbc98119470cd80cf0ba3383767e449e3ffaefce63dd8bfe90cf7360f93b8e1e7749bace498451b95bd9e4dea61637c1
UNIVERSITIES,130484.0,348.0,University of Toronto,Professor of Political Science and Law and Dean of the Faculty of Arts and Science,1996,deaebc2605d61928ad432b68c8a3f417f835cdb9434f1bb413aa3eefaf8a2ab05e1c8d12fa87ca019486b1033730bd8736182a2c737f398016ea246fb1bf08e4
UNIVERSITIES,102966.0,504.0,University of Toronto,Professor of Music,1996,67979b6376b2e2708e83268c366af71f3dcfca963a22584d5e55d9a0e4fb94ecb5dc825b311e7606a82c09c8b100af8291cbe17d06a2628fb572e4602d08e8a1
UNIVERSITIES,100139.0,347.0,University of Toronto,Professor of Law,1996,38bb129809fe9839b767c571674a2fcd68c5c5c7c001cf913d8c961865cf574ff340962762fcc1e837c7bac0a3cef77c0f636dbf718f840e9f248850da12d0c5
UNIVERSITIES,151945.0,610.0,University of Toronto,Professor of Chemical Engineering and Dean of Applied Science and Engineering,1996,d5d271baf9dad77cc4db369118330399a663d8509664739b365129cae3172851dec851a92e8790c3c8401c14f6694b44f67daa04fb41dd46c6c159417e64dfc5
UNIVERSITIES,108468.0,280.0,University of Toronto,"Lecturer - Family & Community Medicine, Sioux Lookout",1996,d0ce23d61903dc2d799f84fa426899433beec21a8a512b7d6f84ff23c76395c84f91da216d7e2a5636255e84cf6bca4c6227d52a696b0a775cbeb717768e7c57
UNIVERSITIES,113911.0,502.0,University of Toronto,"University Professor of Philosophy, Religion & East Asian Studies",1996,c4a24982334f08c70c4084f6a892e7856333622623ab0c11c21cebd3dedd03f99f512b503cbebaad111cdff4e40dd9456644df6e3140c2a01a0037d87b541fad
UNIVERSITIES,105098.0,292.0,University of Toronto,"Lecturer of Family and Community Medicine, Sioux Lookout Program",1996,39de8a8de9c531d01e4d44bec17a807ad42bfbf5576f13558d65bdcd96381c0a78c77e8d194ad97ef9561aa1112496dd1c0a7b6d5bfa2fbbe50a4063e38c51f0
UNIVERSITIES,104147.0,333.0,University of Toronto,Professor of Italian Studies,1996,f0eade0abab7bf0618c5f41a05f895bfbbba1079741f790bac8e050c3a4c711331de3d6661a9a8e8b779f5328875f11fe1d0dfa85eb281100f91e677796ed059
UNIVERSITIES,108175.0,650.0,University of Toronto,Professor of Biomedical Engineering,1996,aede04fdef6335718d222636041f416f4abeaa6270009b81be688c1a069e3be6c39ca2b41975de7b82216dc23835ebc44f0ba908a27523748de02e5ce0404e75
UNIVERSITIES,117472.0,492.0,University of Toronto,Professor of Economics and Dean of the School of Graduate Studies,1996,e147f36f8b23508a5f8a5dfd00bcadccbcb1c23879692d687f368bc16de485152a68b07f3dd06a03a08d58ab4a50d79c3a44be1040bde9b94359cead6af3dbb1
UNIVERSITIES,101401.0,514.0,University of Toronto,Professor of Health Administration,1996,f3ab17e4fa275c1262004789359cf1240ae561ef458cfbb3b828c415509153013f24f1a60ea065c27d5de4746e8f0b1e5b580041f8c4fe867cd84cce98434705
UNIVERSITIES,120538.0,685.0,University of Toronto,Professor of Civil Engineering,1996,934ff113c0a3669fe665d471f477f030ed1f79230657ea1c01785c994ab4c7be3b17f6b9caf7cb1f119fe999c23fc84442a8267d2a20ec2eb6bf33b8d7600ee1
UNIVERSITIES,103177.0,1528.0,University of Toronto,Professor of Curriculum Teaching and Learning,1996,0b80f4ead80ad60b230726f3e6ba36f190a7e324f9ff7d26c5ab1876fbac96ce4d8c0a304adff717db75d3c43ba07dc88bf83471f26ff52668e98b9da210dfd5
UNIVERSITIES,111556.0,467.0,University of Toronto,Professor of Political Science and Acting Chair of Social Sciences,1996,7a93f3b093f52d90ac9c7af2f2254487de3e12553e8fe8b2480d92eec31c04021e1415694d4a02254d5b69febc8fcfc422386966c689b12bb4feb172b3797a7b
UNIVERSITIES,149569.0,610.0,University of Toronto,University Professor of Computer Science,1996,00b96a1ee030bb19dcb259793d08e22c0d8a64a626a7482709aa99e7df33c8ca0cfd81f8926b4dee9edea9d273ab3f447145c2f346368f2f7046e815df4226eb
UNIVERSITIES,103395.0,506.0,University of Toronto,Professor and Associate Chair of Chemical Engineering,1996,e2a70b23b922a5e0c742cc1e0e7991f31e2bfb1925390a0840241fbcc6419675625eb849afb2fe8fcb1bfb4e8d7c1b2dc22cdd571e39edfa7cb4baeecbe009f8
UNIVERSITIES,126354.0,708.0,University of Toronto,Professor of Computer Science,1996,d76ff3da31ec66e15f9786c70190f0008ee6e9b86b9f0de456cf214b8e88e1217a81549e6375851b96be5ec65fba085c1c2199d3a1bb84e14801d176f40218dc
UNIVERSITIES,102029.0,499.0,University of Toronto,Professor of Metallurgy & Materials Science,1996,4e23b07cf2304f487dac02e10be53a65830733ee78a8c36b093e3cd03519abc349dd8fba9189c8656832ed93324d368dd5ee597e66905e2ccb185f743ab5fc43
UNIVERSITIES,131218.0,708.0,University of Toronto,Professor of Psychology,1996,ee38a2c5ff102faea55690a19b362840fa5845307c757230d8c76905bd868c192bd5e015eb35522bed54b8df7bd830dbfc2c3cb3bef6b76ede858ce718d97976
UNIVERSITIES,110165.0,392.0,University of Toronto,President of the Learning Partnership,1996,4b2d27f37e04e7a61d6dc88287c11c5bbc4c7afd5e4ee47a1a40bcc77134194574416c808913f480f289d3fb873ae78dcc177e16439eaf56133a4fefe840852c
UNIVERSITIES,101738.0,355.0,University of Toronto,Professor of English and Vice-Principal and Associate Dean of Scarborough College,1996,daacd7d46c5e7358fad2c7e0f439c24148f3549f3eb9fc772b0c389ed1388fde5637dd513603f0266dd3c600fd9763acb2dede6e283a95da71c6dac18454702e
UNIVERSITIES,114507.0,475.0,University of Toronto,Professor and Chair of Mechanical and Industrial Engineering,1996,1213585dc2201d5454728be2c1e3ae3fed46c8571ee0d79186e4f49d8e9dcc8db8c6ec7c51cc0ea173e3054353e3ec9823a9e49bb475e84d69351aace11aabd8
UNIVERSITIES,106685.0,522.0,University of Toronto,Professor of Paediatrics,1996,4b7c6cc1d1647d5a7e67ead1d8b083d31d906e41a4c177341b802be37bffebbf5f87f0c92d56e8dbb7cdf4f8d3ac529460e4fe2fa8b3a187854853d1d3780aa0
UNIVERSITIES,101825.0,596.0,University of Toronto,Professor of Italian Studies,1996,bf32dcbe5d35f23f1ca764940ab39f319bd12535f963023bfd8d9389625cb26073949667f1596ccd7f6b378b5fdfe056466b8ddf3c81ae2a9a761546a82413f2
UNIVERSITIES,144735.0,6267.0,University of Toronto,"Professor and Dean, Faculty of Law",1996,5f5e2e7ba179bd0e54a17e87e6ea1a4e017a0d9616955e070954774401f5b28c707c5f2b2a2217f57573a19a3ce3ad2f82397702fdff37a24b093512ee73cc1b
UNIVERSITIES,100342.0,1299.0,University of Toronto,Professor of Curriculum Teaching and Learning,1996,5be9060fff8a4401158c19124fcf5268148d2207599eadda7ddee92ebf68d54ca8f2aee0608b5b2f96c5f3ac4071a6ddd540a23a0393c804362cf277fdb44b55
UNIVERSITIES,100984.0,281.0,University of Toronto,Professor of Family & Community Medicine & Assoc. Dean Continuing Education,1996,7ee9c76aa5db861e90eaafa079793708601b1e401ae6e815fc35d228c667caac727bb5b46c1044d62138bb99371b685c586914b2c5d2c5283dc22586cda68bb1
UNIVERSITIES,111340.0,478.0,University of Toronto,Professor of Theory and Policy Studies in Educaiton,1996,491dea2a8d9617fec3e45cbd2ca1b41de0aca88e2cfe686917689039a93a2f5e00e31f367bc3261d1a3ffb3b13d6fd419e0816fe6903c2a8927db7885de30ed7
UNIVERSITIES,111246.0,3995.0,University of Toronto,Professor of Electrical & Computer Engineering,1996,0cbfdd96c54c031fda7cea05a6c9f94de9e7c219df57cd3c131bfd7a778411fa67f716fa58046ad8f3bc8c14d9abe2c6d08be66251756b0b5124a1708af694a6
UNIVERSITIES,101452.0,5921.0,University of Toronto,Professor of Political Science,1996,af32da6bbe51c6352f4f55bf0ae44088e0d4e387dcc886d0e6f84251b1b023f8300940d0d7ecd1e1e8a4ed99a9da984677953057aeb31ea1d56f28d86a1c63e6
UNIVERSITIES,109701.0,614.0,University of Toronto,Professor of Management and Program Director -- Executive MBA,1996,11b5f1a4fa1e04f56cf746d10fff5bcc7a62c4d8fe18be43156aff6c18d99a6144ae3677622ca1db064eaccb4670f6db288a95eeb85274371a6b0d4144602d9e
UNIVERSITIES,103543.0,433.0,University of Toronto,"Professor of Physiology, Associate Chair and Director of Electron Microscopy Unit",1996,26539235def15f879396ea42d99578c72c16a73ac6e745d059cfcdac5938badc59240d05d2f404fbf9ac427d9022a9c59afe88380ee2676fcbe6db6f0d647ae2
UNIVERSITIES,114507.0,560.0,University of Toronto,Professor of Obstetrics and Gynaecology,1996,562872d8164c8c28724364ca9c3fa960da8692548d2511ef2e4d533956bc09f53a5df882b891d8ab8c571675406f80d57f22610dfa9b2b519add166bd2e2b3b0
UNIVERSITIES,252540.0,9390.0,University of Toronto,Vice-President & Chief Development Officer,1996,7f2f77b619d02f92d1e79f9b9d4a2af26818b856f68576198d04445c22b6bb93bfef6d6ccc1f55a9d70dbbef645c30e75b638bd5cf9b2d83c6cf16e34328f308
UNIVERSITIES,104727.0,638.0,University of Toronto,Professor and Associate Chair of Physics,1996,800d08a23a622bbd0dc6adfcc46eee06d8c411ec9bfee6ba4302b322c92788e35d2763ca6a36b0e3bc818aa606ad8b5ce878566b01526e3c136bc6ab9e27e0f0
UNIVERSITIES,120755.0,506.0,University of Toronto,Professor and Chair of Zoology,1996,bdb83c9ddbccba66cf0ec96a3639290a1514f96a8c9256972239360acb79789504db0c456b09cb249b91134d0673383f983edee036cad4022ec2a44422688708
UNIVERSITIES,112776.0,472.0,University of Toronto,Professor of Family & Community Medicine,1996,18455099d314a46bd30bec46788caae5bb761209491478541c90637770cf4e34948d22d8608309c8316233ab3c1a46d389d3a8fb86dd5a747507bc98e3a0f472
UNIVERSITIES,138925.0,346.0,University of Toronto,Professor of Economics & Law and Vice-Dean Faculty of Arts & Science,1996,fcecf3db22a379eb7bf7aa7104fa71febb26382cdd147e90ee664361b6d7d29dc7472da7d9e7f2c62b7bd882320ac53af535ee4d50f86afab57acd5ee8140821
UNIVERSITIES,123706.0,518.0,University of Toronto,"Professor of Law, Criminology and Health Administration",1996,838b69373ddcce460b8f453285fbc157faade23881b286dffa9de44a5056f5e9a7ced183ab17c5bc7e167a8c999e53f020aef4a49dad223816925b19621da960
UNIVERSITIES,117820.0,521.0,University of Toronto,Secty. of the Gov. Council & Access to Info & Priv. Prot. Comm.,1996,07f0cd9a29124254fcb72a70dd5d711ffbe683efe8e315c7d78949d03e50e85422a97a88faf624bb819bc62274cb3f8f0715ca128b55be83768b01a6249efd05
UNIVERSITIES,103347.0,288.0,University of Toronto,"Professor of Pathology and Head, Experimental Pathology",1996,91ee26652dea94825a5275e185344b35f357c20b2ccbfa02b9cd0195d2b63e45375214573159e09ede658fe11e69499d27d13d4b6f4ef6aeb607beb9db1d6874
UNIVERSITIES,112275.0,539.0,University of Toronto,Professor of Criminology,1996,1f96d71d151ea6f1423e8062b85225852323e597d3fc82b3f1abe71f51f4cdebccf530039221ac0436455a64fce38c00df8f82480e6ccd5e7d6093709749b281
UNIVERSITIES,176417.0,621.0,University of Toronto,"Professor of Family & Community Medicine and Medical Director, Sioux Lookout Program",1996,6a87c01f9e62bbd6866d2fd938d68a0ded9afd3a215b7f1751166f95a9515aaaba4c3a822dec954ad6c3853182978916abc7121fa8a990e52b93d1e17fdb8a9b
UNIVERSITIES,103745.0,435.0,University of Toronto,Professor of Zoology,1996,dffa2cb660538e3e4d597234cc1ac43b681ea9fe0750ba86efbf12aea6f5e8f31ed3cec1aa6816d4c6a4c05fb325dea1bb38381bbf9a77db77f0e7bcfd122cdd
UNIVERSITIES,104725.0,512.0,University of Toronto,Professor of History,1996,d3d5b2e8beff6e929da46e1666e8a8c34214549b3535953585d9fdbfc1bc77be93b1146bc469317d35126856414eae2d8066f972a91a723e6113eead06289578
UNIVERSITIES,128748.0,708.0,University of Toronto,Professor and Dean of Architecture & Landscape Architecture,1996,27589acdc261839e22b040ba1660fe2657fa90c1163a3b1de0c148f4fd0503d3eb2d5227d1fc1adb1ac303c38f0cff52deba1568dc064e8620ab5fb8f3af0898
UNIVERSITIES,106249.0,592.0,University of Toronto,Professor of Education,1996,77002b46180385342fb5d14f4195a96c281bfde066c576b88a962dcdce755f597eb1930c97cb761ce5265514585f1adb4798b0ab311b20bc7373a3f7b4f3d40a
UNIVERSITIES,103116.0,414.0,University of Toronto,Director of Information Commons,1996,f157030c19c95f1c63b403e6208d5b05143ec1d0fc98c3b6c5ec200b887e666c8294e814fcec3d031628376e4b415da5e745ac3f232a1b438981d9f1cbdd2e90
UNIVERSITIES,118992.0,146.0,University of Toronto,Professor of Sociology in Education,1996,8859d0623b0fef243a1e36ce99d8f097625172863b980ec9d85f7861075318d8aca989198769301857dbb884dce095f39ebf108b487f1dfd5199acddafd48ad0
UNIVERSITIES,111896.0,547.0,University of Toronto,Professor of Dentistry,1996,a8c8a3b9b55f371428bf946e059fd186badc1f55bd7b535c0aa1d85d3738cab5493212b5bc5ba8b2d65cbb0493ef545855432de4ebc3a83bcff396c2856998b8
UNIVERSITIES,102630.0,430.0,University of Toronto,Professor of Spanish & Portuguese,1996,1e28c3972960da555bbcce0ff63a004ef396fb5956d74eb3c80c84ca029c47e4a9e3f03190e40933cf3133f877f5db13218f91d2749a7f860a2bbc7e8841316b
UNIVERSITIES,134690.0,1717.0,University of Toronto,Professor of Family & Community Medicine,1996,8a6585a26e90c10c2ebf0e17d9abecea5b2a407eccad3f4170a48b45157863e2f5f6543f697d6a7a3e58c2594a0bfb6563249867c4e30b7a93b4b656a20d2d64
UNIVERSITIES,103647.0,410.0,University of Toronto,Professor of Pharmacology,1996,0fd3d3eb02d0a93efdb80dd7aee9b4d7ff4567b24c1805ad020c26baf115dff1e328ff8fae20f169b823838cc169e8441bf3b2e5d450634d679bb48422ce8cc2
UNIVERSITIES,111153.0,3639.0,University of Toronto,Professor and Chair of Computer Science,1996,09631074879373417c86aac2dc9391652b4078a7c63dba70a5c034b879d887459e3f7580e7b47a1cd28ddc3eab97270d3788655295f47142c30f90f1ed3f40f9
UNIVERSITIES,127950.0,610.0,University of Toronto,University Professor of Economics,1996,71ef95b008b5db34f7e505f3bdd349cf523e7f951fb14aab3b0ed790039ff320b09be7de451d37ddf358f284a8a4da147092df525a75ab2f978dc8ae53652531
UNIVERSITIES,104322.0,564.0,University of Toronto,Professor of Management,1996,8fb8879e0b628e51d92ef2ee563df65b15c41627b3f381de4a1e683fac301506292451c885d3f1c18a7bd7b9a62757e8f0a5cff0a5f23387b2525935a51afa93
UNIVERSITIES,125310.0,708.0,University of Toronto,Professor of Anaesthesia,1996,76f43172809b30f1424ebb0a79c67d794a60500a86d6708e0c653fc600ef117d069482585666c3f3a5abfb84d5564fec91ed1a3592b1db7d0504ea6562281f14
UNIVERSITIES,101567.0,407.0,University of Toronto,Professor of French,1996,5622144246be7b2100e6d9181a68a8a57bce84af4c3910a7269c414a1b13faad8cdaa5ba88b5a214b4cedb8b2927377fa0ccffa061652df182e04c069b5f1092
UNIVERSITIES,139714.0,618.0,University of Toronto,Professor of Political Science and Chair of Department of East Asian Studies,1996,c43174fef72a096ef121277b14e6cfccb39d4a5273fa744ebbfe1e8258c937e54a292f638162db8dd7957d46fe8056d985b2343267aee3b66d5ebc278dde9eb1
UNIVERSITIES,113373.0,589.0,University of Toronto,Professor and Chair of Geology,1996,fcfaf0e7682e367438d66e9bd9dd932a9a97870ab0ad2e3721ebb5167ecef7a5132ed47c4d716e5e3e262bf9547eb45c6e4bb718a9219206bfeb58fe195ff998
UNIVERSITIES,163954.0,6994.0,University of Toronto,Professor of History and Vice-President Administration And Human Resources,1996,28f3bab939b8d147d06a867d3521d166ee75ed95cf653d451c2ec29cae730f066efb3cde1bca70c1e4a44bc4c9f87a4d625f179e78ea73a5f022185407214751
UNIVERSITIES,134687.0,708.0,University of Toronto,University Professor of French,1996,4a977a591bbb8d1159129f36f0db7d09bf4f312bd5cc8820a211e10078e8851b22467ddea602cac119e65e93bdf77eec25fea9432a7f44cabdd5548e0a9b9f66
UNIVERSITIES,102626.0,452.0,University of Toronto,Professor of Economics,1996,28a05f25ea16f7997ef9cf08b77e156db34f55dc1a533bed85baac21b58f42426fa095f3e6a88d0eee1624bf8280e6cbcd1409f4924889c0efb1c569fd259dab
UNIVERSITIES,143447.0,2080.0,University of Toronto,Professor of Psychology,1996,ac9b17e311f0a0b2e87eee774853ba35c66e8510db7baf02da350a579af4fe01a43f614de5b3e02dc2827ed5ca696d333132f349e17f5e0c4d065ececa3817f4
UNIVERSITIES,111488.0,7324.0,University of Toronto,Professor of Philosophy and Principal of University College,1996,32ef94392d08dddbceae033d3ca4387d52492e836b4c6c8634435ce62687c553f344ad3bb0029e60a80688205804a74971335afac3ca5cc3de336cd69f087763
UNIVERSITIES,117763.0,631.0,University of Toronto,Professor of Industrial Engineering,1996,9b0206fdcbd305b21310bf3c79cb266b17121f623c3560d2899fe75b583a2696b27697bee015ef06a50e138f510d446621f68812520ffd3b601cc8e4d59bc58f
UNIVERSITIES,101024.0,423.0,University of Toronto,Professor of Electrical & Computer Engineering,1996,82e366a4137209e4e630ae7b5835e21d1ac043f9d6fc628443bf8a625256e4f522f7ef198ff7e8a17e8b5e18492fb460f6f84a600f109991eeb76f5e8eb3b645
UNIVERSITIES,120301.0,504.0,University of Toronto,Professor of Medicine,1996,e5d1206e675f6e7f8e87165c38289cfb3af3d75444c8e00a04c5de4b279097e3f809e608038607cd90e3432bbac5586c37b4cd41242ab91808ba994a34eeca1b
UNIVERSITIES,105275.0,640.0,University of Toronto,Professor of Preventive Medicine & Biostatistics,1996,d3fda16ff9dbddf2e6aebe7511b62a4ca3abaa30400d883b37e8f7bf0d62e8adcdddabd95e03d0aa19e2be77906fa0de5bbabf28b68482417ffd2541151e35c9
UNIVERSITIES,107372.0,479.0,University of Toronto,University Professor of English and Director of the Centre for Medieval Studies,1996,043f5de047c946efc7f76f6c91fcbbb80f0551032547e61dcf1027d3c55e1852209397fe9f6a372f5b458a700c837fe158b03e85ac0b9f324052df51f6f75e93
UNIVERSITIES,142659.0,267.0,University of Toronto,Director- Alumni & Development,1996,7ebb9b0cc8eb688d031aac078208fd887a6be86e659cc26ca63d90ef948db2061c988e7bb72efa6231f02d815e342dd931990b80950093af654c2ffe7253570d
UNIVERSITIES,101481.0,496.0,University of Toronto,Professor of Education,1996,8cef16be3385ace0b57994499b8563cdfa159df73352705358a1033a677e12ad69c0cf390e576ddf1d7c06bad0834488aac9f71e48aedbd5cc9b2671dbe5b5f7
UNIVERSITIES,105966.0,518.0,University of Toronto,"Professor of Medicine and Associate Dean, Undergraduate Medical Education",1996,ff84c9a42155969acdaf67a87bc2011931ef78a1a31ca2c8c3f2f811afb9e55e76a910d043e2dfcbc753f2b0c4214398c93fded4cc256e9d00c3819a25164e03
UNIVERSITIES,125500.0,585.0,University of Toronto,Professor of Psychology and Director of Graduate Studies in Psychology,1996,8ef6fb3746c99c53090b0d2eec8a55a2b7d96005dc426ef675bd30c1cb284fb46f1f49b4be9b19c70fa00b5fa6213407744f942dc7f59d1b2a71a6001d13fcd8
UNIVERSITIES,162125.0,610.0,University of Toronto,University Professor of Law,1996,b6843df6e89c4cc525b982c97136e8ac0fff3933ce9e47154f2cbf3481d8eed3183d9470ff5d1eb247eb230c0f184d3fcbd6deb7b1ccebb8804b2c01560b14fa
UNIVERSITIES,100373.0,538.0,University of Toronto,Professor of Mathematics,1996,a3dc21f5793c0ae98eed7af9c6117f4bdd1b666acc453c4cb8dcc1767ab61a57803b5dfaaf04d0490e97853e2e644e27b4b5370a6ceefb36c295a007fefe0bbf
UNIVERSITIES,164805.0,522.0,University of Toronto,Professor of Medicine,1996,2bd8bd186ca150f24b9e4a351cea364889e80d5996a1687a752f441c0b11ccb553a690280e03a1b9c6d8778b8a0f64c2a99c279273ded4215cc0479232d9a32e
UNIVERSITIES,130488.0,503.0,University of Toronto,Professor and Dean of the Faculty of Education,1996,78b3f043d44991381e83ff69bcdef4dd7d5646649328258586448285799a0ce20dfd4715a795bc71bcc665d6dc2c9f440b864e50f9a38ccce2024410971aded9
UNIVERSITIES,115309.0,564.0,University of Toronto,Professor of Economics,1996,f1eb0f8abf74c75847faabb78770eca08e773e59898186de87162e15eb01f590358336eebe6fc4cd2654796e1b9945e21088e84962aa79615c655efe9c69998c
UNIVERSITIES,114799.0,440.0,University of Toronto,Professor of Education,1996,f35a7d3a6645f3be876811062bda6053b9744066fa98eeb68e29bde2434db84fdae848632a40f151019efe72c6a185bec6fb86f9d981c8b14712743c8a6bc6f3
UNIVERSITIES,100527.0,421.0,University of Toronto,Professor of Geography,1996,c449a0c51898d682b2a51ce9e423f1c6393cedc1786fba7cff8c9b10cd660703c5aa3e57b1d252df47ecf3eb8aad3c574445365be91cf3cbb94ccfbcf76e8bab
UNIVERSITIES,104259.0,437.0,University of Toronto,Professor - Banting & Best Dept of Medical Research,1996,a0404dfc430f0b8f5d941cb29a6cf8284cb0af41b3764473c61af6cce357ddbc4fce00f44a805fad751bb256a6b6c2dbd56bfeecf2e06013d13d338e40845a84
UNIVERSITIES,134051.0,817.0,University of Toronto,Professor and Chair of Psychiatry,1996,6f9bdc1303a7daf961637b6ee6e6194eb4f026f7f7f6ac68beb10276ebbadfd1219e743145b3f74ca6f2b209c69a1b547a19f6feffd7f8384caafbd778efb145
UNIVERSITIES,104922.0,292.0,University of Toronto,Professor and Graduate Coordinator of Astronomy,1996,44c9494990d096869f0d9705c2b83a0d067e7807d5d593d572882f1caabf011435be0ab34ddfba9e857560747b975035c20493fb475138bee9f8bcfeb231e615
UNIVERSITIES,100465.0,350.0,University of Toronto,Professor of German,1996,e2c95fe4f3d428c4c1a01dee42aa14f5e667071724a39bd589153d1ca7319d8f2d9aad4ff808e6658069ccbce8ec22adbaa382b1bd3f991d7633552dacbe0c41
UNIVERSITIES,119724.0,537.0,University of Toronto,Professor of Preventative Medicine and Biostatistics,1996,3fdf40cc1b0d7fb62a71d095798b75060c7108aafdd8f4a834958a3b9cc6b0e2d6a76793fff4548d931c94b2d91476d4a76a26d3440a192a643d81c7505568da
UNIVERSITIES,105905.0,1302.0,University of Toronto,Professor of Medical Genetics and Microbiology,1996,a36c86d394081b0db88073b7e1b5d3a99f402af38abbcc5b8b4d031514c0c480ca9d6b5ac11127dcbd12c7e0b7165031dc2c8da5a8c65f9346c7f8469c4b1505
UNIVERSITIES,119871.0,610.0,University of Toronto,Professor of Clincial Biochemistry,1996,65fca95e54dc5ff3db47ad11d87c504ba057392f88c89f29080f0e9ac402752da234a2272ed2a1fe9fa2b4ceda2ddc595ff7436b17e3d92c859aa2d206edf9b6
UNIVERSITIES,106506.0,446.0,University of Toronto,Professor of Mechanical Engineering,1996,67278c52c292a3e4ef0d7fd19bda2e394601a2d5f6cd9d0c6c14b970db36bb43187eb3b7fa6b3bf7ca879bf5c42b12c0ed96bec808fa0cdb74ca8e123643f75b
UNIVERSITIES,187053.0,610.0,University of Toronto,"Professor of Medicine & Director, Interdepartmental Division of Oncology",1996,8416b54604af0f6d2cad62bb7cebd8572e71fb164dacb67810910c09b8532fb9bf575cdece1a7e59ab82542118d2b8d25d2bc5a19e867641637923cce5b2fa75
UNIVERSITIES,101299.0,406.0,University of Toronto,Professor of Philosopy,1996,3861b84fa3bf2e896629bc33738eccc09cf50e15f49f58ec7af100b04809ffacf79b6f2615dd3ae9325f8456b82f9b0a37d82837c5f574f38e042aef9b016725
UNIVERSITIES,120682.0,609.0,University of Toronto,Professor of Philosophy and Vice Provost,1996,a5f787ab87840119375b2ff7e88c6c775f86af6ff055c276a7584a7a1a915cf870f6992a16a20593431a74e5f0065172c72413c8b161591b526e0a324558fb7e
UNIVERSITIES,113562.0,3221.0,University of Toronto,Professor of Physical and Health Education/Physiology,1996,eb13ef930fc6db967a52c86690da4a211c96d03f8693c6338ecafee6a05a374c19b88e8aa5204bc1310e7957edd332b06801a631eeb1684ad32818a963e3fa74
UNIVERSITIES,148421.0,621.0,University of Toronto,Professor and Acting Chair of Pathology and Clinical Biochemistry,1996,9328f11155a17e7838d5678493bac9efbcd17e999b19f63d976262853197651f9bdf4e822dd36fa18bda8d57cc2385699132bd6a104dca1876b257266257f37a
UNIVERSITIES,100053.0,607.0,University of Toronto,Professor of Zoology,1996,0b576649d99f2c38eb8b5de3df2ab4e2d5609db0f801131351176cae9b52027ce43a71a93c00ecf73ce51ec4172ce1e4b4c29c9f801f8f5f5468a5cc56de95f1
UNIVERSITIES,103211.0,288.0,University of Toronto,Professor of Nursing,1996,3798b4f6da9587b9d518abdb9911ad9f68825bd6ad24de848dbe54a5bd8f998ac2ec47d303fa4abfd9c54c4a407f1ff6b7e8f87580e23c8b5d8c655c82dc3ded
UNIVERSITIES,102906.0,503.0,University of Toronto,Professor and Graduate Coordinator of Near Eastern Studies,1996,279c95b79104f6bde92e8d3604ff76a5baed36a73e7a6b87b20d199cde58f104c70962e13e2ae0c0227444a30cd7151c709640932ef9ba19671c7d38a074368d
UNIVERSITIES,148513.0,610.0,University of Toronto,Lecturer - OISE/UT,1996,4c7cc5b138ad08c736c36a8fdbeeb5240d4c9deb03e7ce31123c1605ea0b1e58bb4247645c4f94642a2bcfd8498c677b49781798c2ea27348811b44de0f7e178
UNIVERSITIES,111042.0,528.0,University of Toronto,Professor of Banting and Best Department of Medical Research,1996,f639a9693ca2121459f8c0449f3af4ec3185cd3e488b6d9dc4c515ec9aa95ea30849f780b59761f8a1b2e1dc5cdec5f5c1bc66b0fb091d14d67cb49ad8064c09
UNIVERSITIES,101592.0,426.0,University of Toronto,Professor of Environmental and Earth Sciences,1996,eceae6c25646f7521cf03f70df518b7ffaa39f68aa89d38a216eea50d647f7a5e6ac14fff9e53544140c240430e9768a4cc82ba23b60038b915ac167a8afca14
UNIVERSITIES,117896.0,4377.0,University of Toronto,Professor of Mathematics,1996,11a125e87348d8882e44c639c4eaf8e850d9ce4f47156aec4196d9d151ec9da83b5467148f567571d63d0c688762a546062fb3fa292da8b697aa223cbc3d4d3e
UNIVERSITIES,100831.0,567.0,University of Toronto,Professor of History,1996,02e7d84fc29058531fbf781fad200349c30e82dc68603895ff4dd37a6b559f5d875a74c9d16232f6ee20ebb13aa2c9d905b97959552c464c06eceefe3d2bc5e4
UNIVERSITIES,104786.0,366.0,University of Toronto,Professor of Physics,1996,62d4217f0d4437213eeaa2bfdde5fe0b7c7a90097a9ca0a36b35aa641953bc1a45c44ec868691581fed6ed1ba129aa94cc872f07bb18bc24f5b5bc12a5245b20
UNIVERSITIES,105555.0,442.0,University of Toronto,Professor of Political Science,1996,9d449ac23f70913ce84e3c4e1f88994619d09522ff7e4d61c01a9d1c0e5fdc70bf61781d215e3ab3b2585b72ed9c24fc96c39d848cca5072f3ff99d11cb5b6ab
UNIVERSITIES,109820.0,537.0,University of Toronto,Professor and Director of the Centre for Industrial Relations,1996,ac62133dac6333f7080d1525f07572db8a8b28a70d6eaf034ef928a89320c8a5c4a5ecc2758fa6bf467837fa8d25296d0ba08d3ce1112ede98fbf4c5b93a52e5
UNIVERSITIES,119492.0,1557.0,University of Toronto,Professor of Adult Education Community Development & Counselling Psychology,1996,84709e543e92ec23c53a827d8610fce44c46cc71cebbe749d4d629cc4a6bb83aa9f661f9a3fa8bc23f101ea30471419a4a4932bc75c05096929759bd20d1b84d
UNIVERSITIES,145324.0,610.0,University of Toronto,University Professor of Philosophy,1996,05708636a0847527b8eccd757202efda55d56a98b88fb108a9897f954f18487d970a5c3fc8cbee25c74d404675cab6f0bd1d5efac78a39be12c3a493aafe9a0f
UNIVERSITIES,101332.0,1464.0,University of Toronto,Professor and Chair of Adult Ed. Community Development & Counselling Psychology,1996,158c237db3dd7c3e831725f5b262e96872ae92a8f35f21464f1b933f69e334bc010605d79b923e666dbe3f5de7684044f44a284feb9a5046d0ea476a9ca8e55a
UNIVERSITIES,104837.0,659.0,University of Toronto,Professor of Physiology,1996,cab1542b55bb20657e4d85cc02a8e605b77658fa0e7278e2dfcba5898d1c6964fb811ca82d264c7c83c95b665ee673f21af4028942e0f7f751ebe804f2791ed1
UNIVERSITIES,121392.0,708.0,University of Toronto,Professor & Chair of Mathematics & Chair of the Provostial Task Force on Math Sc,1996,7ab35cd1ecaf5965ea5e140a14fe66ed918d54aaa8a08a9ad992bf73fd3fe1a5ec06f4f20383558a438e9ab477196aa17e127f033a60291a2e7262831865b328
UNIVERSITIES,122995.0,702.0,University of Toronto,Professor of Medicine,1996,67b8ca66fbf0a75e1a54db228fd2d1f032e71152bcf244c15c8737133c7d70578106b438372f1d0063ce7b6297ac0da441cba4e9322d94cb6a381c18e0735762
UNIVERSITIES,113007.0,463.0,University of Toronto,Professor of Management,1996,3b9150c8e064c9b22b88c9f088c2cfbc2d33fed077c5d4354dc88514d672beb377aa6f9704ee2653ae25e0e12b07cccd7a342f609f8973cb0fd8b0a63ffb4659
UNIVERSITIES,118218.0,540.0,University of Toronto,Director -- Organizational and Systems Effectiveness,1996,7d51d2388a71e424e0723652ebe3a460e149f44e7bfed9241d3e74eb766bc77beabc222686b71dffc8e1da18e3d18c5520497266c655ac8dac8f1b4ce4037338
UNIVERSITIES,115037.0,1308.0,University of Toronto,Professor of Curriculum Teaching and Learning,1996,4f3377de8f901fb7e8ba45915e237270aff17385028437e45e49a256c03671f022c0fb189cc1c3111715c5316ff6d514b4af3608be468a151df10b2e0c01064f
UNIVERSITIES,154140.0,565.0,University of Toronto,Campaign Director - Development,1996,7c9c601aeb874289ac14069631486310683bea9a2682e16c0e653c672b741d012408d4e2e4414a8b55cc3894ba37f4bba769665d9fa2d59f4155eb610fa5d212
UNIVERSITIES,149183.0,613.0,University of Toronto,Professor of Economics,1996,c0da8c627eb6d28aa24d3c585dbbcac44307f543e1712a8185b511d6c5cd935645353469dd2d48b899e3e1432df598b928a793f40e3f931ce739931ed3945521
UNIVERSITIES,100877.0,1492.0,University of Toronto,Professor of Sociology in Education,1996,fbeb3b0e85f80f5d12928fdb991327ce02e79425426fedbe67bf8b6735d169253f0ddfeab5badd0a04fee92e242be810fffb0c1107c971f5c0036c39d4db89d1
UNIVERSITIES,105676.0,406.0,University of Toronto,Professor of English,1996,5e6f42cec807afa46df2e607a2343b5ec7cb18cde86c032c504be14e61b165aa4565c939eda01b09b2ea4f96e6ebaed562559157ef19b56bbd24d4f37ccb3165
UNIVERSITIES,123379.0,703.0,University of Toronto,Professor and Associate Dean of Dentistry,1996,b20f151d024efba4c39f0d6871d4bdf08e1ebbaca9e66fb38ffb6a43f48bfb0579f1b10179c1f14d851b02d55e34c537eb86c1037e3e1468d51f1939712f10aa
UNIVERSITIES,100864.0,493.0,University of Toronto,Professor of Computer Science,1996,a5d774cf32a359dd88809f441494169fb980f025df87f64bcddedf7fdfd32a19858d137202b29985fad27d8e0cbe62761c006347ad404292e459b43db893abda
UNIVERSITIES,139739.0,1677.0,University of Toronto,Associate Dean of OISE/UT - Research and Field Activities,1996,4de9203f206a00a01cac84e05b23c7aada345a3d12ef69cce86ab51124bccceb90a22594182c3850743a74412c19323ceadc82158237b1bb60d0d51ba3983a93
UNIVERSITIES,125724.0,610.0,University of Toronto,Professor of Computer Science,1996,9cb781b75ce86b244e5d84e2d4f078ebb17168f95fec1efe36f0a11842f451f730628e8c044d8049ece057d54e39bdb72e05106166c21a4a506c4ee52a029527
UNIVERSITIES,102894.0,1518.0,University of Toronto,Professor of Curriculum Teaching and Learning,1996,7de339aabe880ca918b4be9aa85406afd12fa0651fc5a87b5c098b3faf549303d3b5dbf4543214aa8f80081115d3c9ed5ed31536909aaea1f48fece18fcd14fe
UNIVERSITIES,104025.0,579.0,University of Toronto,Professor of Psychology,1996,bf9b68a45a23a6acdbe97a6b772f4ce8498fceba363e789ef47bb0a9590be4fc0bc24f2a584ed83153ddf0354b16df744f04a6b3ad9506bfdd010bd55ea59496
UNIVERSITIES,121289.0,593.0,University of Toronto,University Professor of Economics,1996,4254c5b9e56a50843572b8376640412cdd893a382c98d33ade952e889b5ea99788ecf6a57d556823e73e4992ba73404befc42f31d5bf69464af98981dafb61ae
UNIVERSITIES,112561.0,313.0,University of Toronto,Prof. of Prevent. Med. & Biost. & Dir. - Occup. & Env. Health,1996,5eae3cd73244c9444a0585752fe735ede73a0b39ac207500c2a9f00d6549a92c4964fe4f0aa001d1f8c547fc1ae1458cd6e08dbc3537b52afec7d0f849792783
UNIVERSITIES,111073.0,582.0,University of Toronto,Professor of Computer Science,1996,5115adf83da429acbe23c74a514f3f3d686d2f542fbb3b4ee5bb9a09c49fcefa9df4fa8ae6f6bb8b3b867f05a96256ca9f3b3e17937c96a6ba3c4318ef557562
UNIVERSITIES,115608.0,354.0,University of Toronto,Professor of Economics,1996,cb866cba852daa007c457e31cf2a87f26bfef305809447eb866a42261f73330e9295c36a8c108fac33cf57984aedfe3be2a11a09ac29364c77ec07dbf172fc3a
UNIVERSITIES,127262.0,348.0,University of Toronto,Professor of Psychiatry and Director of Positron Emission Tomography,1996,72ca85db04149255e57b421d1dd455ef915e65911f78f735f3ced97c22df918848a8b03e8eaf433cce6a5cb3a7567d745a85eb195f9eca1d53b5f34fb2664a14
UNIVERSITIES,108326.0,530.0,University of Toronto,Professor of Preventive Medicine & Biostatistics,1996,16b31944c1926e350bf1ccb913fe361a403a7e7655cd09c121701be6a53dbedddd7cab89fbd1b936cce7c2163d5c68624726df8b6ba0abf293fb4d88a58e63ba
UNIVERSITIES,100550.0,421.0,University of Toronto,Professor of Preventative Medicine and Biostatistics,1996,bf300506130dddf3b61c372412d74b552a5ba7098d9050329e2fde1c3b6314b69543240632ff0f337f1c5b56ef389286faa376220055f3c2dff0a5964adb8a6c
UNIVERSITIES,106483.0,644.0,University of Toronto,Professor of Aerospace Studies,1996,50774408550a4d9997bbd273117e4e8588d5af8096b6268328c76c418b3189104ffcfe068a1e3b2cef3f327463e1d237094dfc26049595b5a318a947ddc04ae5
UNIVERSITIES,108141.0,635.0,University of Toronto,Professor of Management,1996,6dc4c4a53e47fdba391062d3b8223927a56e00ed895d516d142e162af371e700848ca3b0bcd9564b34174c6d0a44496127deb32db0bc9a5cd8ecea87eb7cd425
UNIVERSITIES,121730.0,558.0,University of Toronto,Professor of Education,1996,e1085f36c12876ed72e8348d1e829e164a6a7571e79410d29b73238607fe789f53f87e9254b39c75965a8793b079e6000e88824dae7cb08431ec4d0e3e0235aa
UNIVERSITIES,105236.0,441.0,University of Toronto,"Professor of English, Centre for Comparative Literature",1996,e8a60c162986aba10c2756cce35dcf17079b5de78b9b7d6f58be9491a0bb03040216f6e6340f40cafb59b6fda0cc186656425cb052666fe1ee615e34097453cb
UNIVERSITIES,107192.0,479.0,University of Toronto,Professor of Economics,1996,ef861fd37da70fbb313b055d94a903fb093e883ca70ec7362d5e7810ffcf741d88808e42964dcc9ea2ce187c163b25df270c59e2116e21d61990ca42edebbf91
UNIVERSITIES,105585.0,474.0,University of Toronto,Professor of Italian Studies,1996,735ee2f68852ab9743b0a3a3e42641a5ae70afaa96f23dedf0a22ca2b11870a15a88e381f565f81bfc2442bb5d6d3fe1baad64aad1743df25bfcfada61336e12
UNIVERSITIES,108156.0,495.0,University of Toronto,Professor of Social Work,1996,56371d0d6f664406d959532a248c0af1f564e70434c42f82dfefe69f09c2d446f4296dccef1b1e3e33a47bec2bedf1bf54da755d90d3e7efe95ca31c35f3abb5
UNIVERSITIES,113977.0,566.0,University of Toronto,Professor of Sociology,1996,4bc96e320e579ab8df1e7992617871797588e3c6a0470e6d2990d8b5133ec47a05ae6a24c1a37a85eab91d38131a7fb3613bd80ab67233135decf78b9cae98ee
UNIVERSITIES,117690.0,522.0,University of Toronto,Professor of History and Acting Director of the Centre for South Asian Studies,1996,5a51dacbdec90afce24dff3099082947d2e0b4d4f97787d90b7b87f1f06649633ddc1479897e08465b4d9e97625497e022f6c87d56b75871f232e1d50a1b2c1a
UNIVERSITIES,108477.0,302.0,University of Toronto,Professor and Associate Chair of Mathematics,1996,b839be59b229ec2596fce3cd3d8a45625aed46ea9b9dd4ba5134a7391a3628f7c5374de5a312647bb51327097fe84b48a9145895c7d47d8b717eed27fb2aa84f
UNIVERSITIES,102445.0,630.0,University of Toronto,Associate in the Faculty of Dentistry,1996,ffb097861dc38de40c9c47160993d13b5054cc6a32004e8bdfda84adcc1a8ba44052abcb013a206890701fbe1b076b69738b3b899712bd5ead282e939a838250
UNIVERSITIES,110119.0,539.0,University of Toronto,University Professor of English,1996,140a217c5ca0b63867a51b619e0d605936ab97daf994a056d2efc3a0382c063e1a9bb986a736818022d27d6edd21d8006e8dfcb48d8e1ab49ee3d2b126356270
UNIVERSITIES,107062.0,297.0,University of Toronto,"Lecturer of Family and Community Medicine, Sioux Lookout Program",1996,108d0ed9954d31a939fc5baea5fe5750e615f3503fcebd4ecf2129f383a52d3ecb25caa0ba2cd35014dc8d59dd9e0c4255d90094abe414d61eaaf8a51c7924f7
UNIVERSITIES,105835.0,518.0,University of Toronto,Professor of Mechanical Engineering,1996,57ca62390fd6a554b43e0c119f5377475d9f37f4a8d1bf1b84b69ea2e656ffe99f822a370e9adcbec7ad219e1be5402c90a35676dabe17d41a9d77c458898565
UNIVERSITIES,117614.0,493.0,University of Toronto,Professor of Law,1996,5ba2f4a1499d50199e0af5b94d88886edfff30778f183e90874e00e99a4ac4d237936684ebc534621b23f7a0b4c3fd1ca997e2d347f33fa33c39954c02d49e83
UNIVERSITIES,101551.0,426.0,University of Toronto,Professor of Nutritional Sciences,1996,fbecb0ef431c99e05bd7c898327d943a3f8d8f1064e2a525b713b55fbca1e0a152619b6841fd9982ca087a9875fe7235f4395806dec9eb03b21936c761aeaf74
UNIVERSITIES,107529.0,310.0,University of Toronto,Professor of English,1996,4f158ffb1b4bfb47a91dff1aceea5931299b8f1206ab5effd0d1b916fce0bbeee498fbf4d232ea82afa3fba5d3bcc3d3a0478494f82bd81403377ea49ddece65
UNIVERSITIES,113656.0,476.0,University of Toronto,University Professor of Chemistry,1996,84e6fd2a1fa184b7666d0fdc1eeec50f03d708aac7289edae7948424dfca352170b0f83b3d03962142f026d5f0f33e2fde780b66025bc112f01658c34c30ad61
UNIVERSITIES,107136.0,1392.0,University of Toronto,Professor of Curriculum Teaching and Learning,1996,2b21c2cc146e762455722c9bcc8ff964859c7d1ff671ca039e949722023fe00ed329ce6d7379b5c3c44e29c371c33ef585e1ccc9a99709f10899bf1ab0d024e4
UNIVERSITIES,106363.0,296.0,University of Toronto,Professor and Chair of Immunology,1996,1edde31943cbf17901e9b77fe183bc06d311a2b952d50d74fde0dd037de0946b9beecbaaf7775152c619a902eca2a8ebd15c0bcf4fe3af51ee9d2f4f0703a282
UNIVERSITIES,103185.0,505.0,University of Toronto,Professor of Commerce,1996,72dff7ef9e93f9d8c186d3c15447ab11ba48ce2752b69e0d068d220f8713c55e49434aebd1c5d400b6758baabe778fa0c45f2ffcd4bfe05f27f7a5b9690c8529
UNIVERSITIES,106445.0,521.0,University of Toronto,Professor of Management,1996,4030d107d36ae24b95be1dbea5f35d092b2653eda2aa778f8eac95f3648612fed8b443eb2a68baf9071e3eeb5be609b04c637f46a610d7b5d4ec85252106358e
UNIVERSITIES,115816.0,1541.0,University of Toronto,Professor and Chair of Human Development & Applied Psychology,1996,2b562bbbc469a569cc8fd261d3321b3f5f17ceec1cfdd3e9b3df1d0205738652ccf8d320eef5565814f12ab16d78334d188abc87f7190211e50e7258cb800209
UNIVERSITIES,131277.0,610.0,University of Toronto,Professor of Mechanical Engineering,1996,aa2f7d5dda8909913155a1c142771f852ce53d1a397896767aea71a2b1c8eba7fa6822f151f8dc32c520ffd9d9675bf8e7acfd137be98538f46be793b628a022
UNIVERSITIES,112898.0,530.0,University of Toronto,Professor of English,1996,7e7455f92c35a590da03575d463067fcb7f79f501e47ca90c0e2d48b5fd1adfa30dbf52a16f7973458cf3e3caa7a3d887ce0308edb5a925289b9d274d330c4af
UNIVERSITIES,118053.0,577.0,University of Toronto,Professor and Graduate Coordinator of Pharmacology,1996,bbf3f713f1e02d8d1b24d6cb76de4a9b9cde9299556bd41a730061dafc631e456da676855499912e76aa10f5ef18c3ce460922a666baba918a02fc5db2456f0c
UNIVERSITIES,125316.0,424.0,University of Toronto,Prof. and Dir. of School of Phys. & Health Educ. & Acting Dir.- Ath/ Rec.,1996,1f518403d6e552a451c299116b040ae0ca8935898df7105aafe64e81803c25d2c6d5289c08915fbfc55800868c592b6dd1ecaba68e156cdc72e067e7a6f77de8
UNIVERSITIES,105605.0,641.0,University of Toronto,Professor of Physics,1996,25c45ba966166b07d60d665c31caaf56dc4555e095c7c25d7253b6fccc6f61eb74daa7366030b994c9e1dd414ff67d6c0fcd56d5b843424d2537fa72c37fad42
UNIVERSITIES,114194.0,494.0,University of Toronto,Professor of Anthropology,1996,50c81c6e7117d112f93094222e67ded87dfc1e14465ca24300d47ee7f74515a6bf1f30d105a5af71dc08901724b7d99b2322197fdf6ee5f49546d46f3fb1cbd6
UNIVERSITIES,101191.0,626.0,University of Toronto,Professor of Chemistry,1996,c6e71601a4916fd1f3fca51f2c00ae52d37ca89488ad9c258f1c059bbcbb329732620a287696227649f4f6bc19208a0316be282d095f9212cce9999b3a8755cb
UNIVERSITIES,106038.0,501.0,University of Toronto,Professor of Management and Industrial Engineering,1996,b2817dfca6899b5412140960827002c24e06aa489020fc4992acbc393515b8b10b6b2d5e9aea707d6cfee8419fa6d1be2577b4e123ba56f8ae769e268cb60a73
UNIVERSITIES,103282.0,587.0,University of Toronto,Professor of Psychology,1996,635740d47e67208de42264c786462be4552ef6de8245caa2f33fce62b60d83c13b7c37218c8cef524dd13246a76988e3a8917224ee53ccb2fcef2d4c10bb861b
UNIVERSITIES,101708.0,476.0,University of Toronto,Professor of Management & Economics,1996,1ecb7ef1287d029b49e8418ba9630191b8b73e718d83e6eee2a9c06e0a0bb52e4f64c3034edead1a2d11edc6445349104f9afba5b0df3927ba25bd9209052f8d
UNIVERSITIES,103955.0,357.0,University of Toronto,Professor of Astronomy,1996,e0d9ef1acc23f66465d989379016ade34b276f1a21ba064379f5bdb889f89fcebfc8c9481f38d34e0bc20bc8f1d91699004365a07a66d02e08c21feef5d7ce08
UNIVERSITIES,155625.0,838.0,University of Toronto,Former Director of OISE,1996,87a1492b64c53e2fa8164f983960815ccd809e623f2ced958d3c1eb434bc058968b61da36729fc83baa8a99af82edb4fec1a0b773d0aff1abb92e4fdc45320e6
UNIVERSITIES,114357.0,319.0,University of Toronto,Professor and Chair of Medical Imaging,1996,1d85b9e27c91da3035ae8f0933e452a2de7a61b62f8f4b9ad2f40c72ce049e7ce23378d0b95b9ebd13d8d0b49c0ecaeef2b4434c2c0e4b5310c4aae496a2f555
UNIVERSITIES,113973.0,318.0,University of Toronto,Professor - Banting & Best Dept of Medical Research,1996,383687bfdb957f29e00fa2c34f3be8e06cd7dab6b1e3a31ee383ab173cafb28e66c3809cf304aa32ceb5527b962c8c0ed29979c5b301e2969e5aecaa1550ad32
UNIVERSITIES,102572.0,502.0,University of Toronto,"Professor of Electrical and Computer Engineering and Director, Biomedical Engine",1996,b62d90fe9f69bfd022dd0e039e937249e984be16967a50fd740ef16c669ed03b33b31e391c55024557365bee3beb382114f8e922356fe6d7a2a78a5318c5d342
UNIVERSITIES,109952.0,298.0,University of Toronto,Professor of Education,1996,87ab27c84b452929916c2accaf5641f438b1452aba6d8841edae0c2d016e4eb331970f276dca07029a8adfe5c3cab98551670ab73c603dfacfa911290bd349fe
UNIVERSITIES,103963.0,436.0,University of Toronto,Professor of English,1996,d076fe966c29589d74bcbac316fada4808753e34de9ca05ed5ef3cd7e0ee3bd7eb378b93d37d217cd370defad4d9016db0abecb26de0324e121fbbd63d0215b1
UNIVERSITIES,150335.0,610.0,University of Toronto,ViceProvost & Assistant Vice Pres. - Planning and Budget,1996,6c35da7c499bbcacc206f89bd3203e5364a3b3dafe341571293b50f6bb9d56811de948105319c7abcace3bdcf62faa6fd090dcd07d41aa706310fc9d70ada496
UNIVERSITIES,178834.0,610.0,University of Toronto,Professor of Surgery,1996,b477277c2f359989e7a55b56ccc5a6513c066694fc1652a30773f445391821ea317b123d5a0bb791e43730c96a7de6867f4312569e8d8981244ab84d2482c066
UNIVERSITIES,115894.0,404.0,University of Toronto,Professor of Law,1996,960b9f8ae220fc6186e46feafa43c6d0ba34a7dab89ca2fa22a66e9452907645aeffa98d132361904c81d04e80422aff136e5761bafc8f7f74b83083e7070726
UNIVERSITIES,166867.0,334.0,University of Toronto,Professor of Management,1996,8354ae85fc1dc8d24c0e935f5a1a59797ce05d827bbfa6a36897d9dac006b77106c1f18460d68d83756514c9150920fb08099c426216b2e2b6e72de52a323c67
UNIVERSITIES,101384.0,627.0,University of Toronto,Professor of French & Assoc Chair & Graduate Coordinator,1996,a437084e7b42c9923fd502d2a17e6c694fd0f55b405eba19f82917c746730568b5309a1fb962bddbd694fd46c0f3af636bde81608112189ba2fbc79b1159bf91
UNIVERSITIES,102579.0,450.0,University of Toronto,Professor of Dentistry,1996,f5e331d8451b70bbd71b1abb9eebe4d911b2f348af197e079bb4733461a6559e9c918d9dffb369cf3c156e236522bdf53e1b606ff33fead36fde9c2fefc14968
UNIVERSITIES,128735.0,435.0,University of Toronto,Professor and Chair of Health Administration,1996,31c1809c8275d1d9aa4e298790c176238c019654e750c8156f7f7aa29fda21d0348aaa47b3b3fd080b5332af689840f27d6efb414d3eff2babaf0ac57b0a05f6
UNIVERSITIES,106424.0,297.0,University of Toronto,Professor and Graduate Co-ordinator of Anthropology,1996,1ae757592a5ffe646246ca8ef61d60388e42bf90750666fd0eedfa823ce220910b2fab69516795382e365a10b9167d71e7d3314b8f28f9697b4f1250ff7b4428
UNIVERSITIES,106685.0,522.0,University of Toronto,Professor of English,1996,b548bd1b84b42500af57d942b2d4fa1a0581c8870768a0fce1079b9c9301dbcbd48e040ff3c510dbc5cfa4f3a69623e30913568508901592825fe93bcb649e16
UNIVERSITIES,105356.0,1457.0,University of Toronto,Prof. of Theory & Pol. Studies in Educ. & Head of Centre for Lead. Dev.,1996,7af222153bb31b71d9787541cf5f3a87bf0df9a84956a819f604b24de814b80d7552add8c134382fb9f20adc70690986c367a8e1ee9f3c9b49f96470f94d355b
UNIVERSITIES,108750.0,413.0,University of Toronto,"Lecturer of Family and Community Medicine, Sioux Lookout Program",1996,dd502324dc7050ce054bde8537e165c4dd7b42154e343c9ffb37d252b7259d8a62e2a5c343e10250530d8f33d89a56657fe0764719fb1950b898dae57af8e47c
UNIVERSITIES,104380.0,637.0,University of Toronto,Professor and Associate Chair of Electrical & Computer Engineering,1996,e952ee04562359978f69a2ad5d8fa05f497bc4e7799aa71209e9c1baeae29938470d5712edcbe46da4ce9211c68c717a562fd614f35c7ef0e6ea907d4fbfdaef
UNIVERSITIES,101412.0,642.0,University of Toronto,Professor and Director of the Centre for History & Philosophy of Science and Technology,1996,03adb1964e33171445ebb1f911391b953f98532a55d04872ff95e47a0af287873d2a9aff22e809e08a50a1c27f0e42c3f8fce7cee78d5c8dd33af9c7562ab758
UNIVERSITIES,139838.0,1675.0,University of Toronto,Professor of Curriculum Teaching and Learning,1996,641d9c47322972c751b2d58203c4aea10390246cd9427d762cad91a4a80c8e7eb43cf86140c2e9e248a2fffc88444405831ad07516c2dd58006c22eb67eded6d
UNIVERSITIES,117189.0,573.0,University of Toronto,"Professor, Associate Dean of the Faculty of Dentistry and Associate of Dentistry",1996,191837c5f5049a854e7bbba6c8db8cc704715d8d1d6d91fbc6f398ce65893380351c8fb3fa828acc9fa3c97025d7240e2b0f3afb917bbc20f3f11316f2b26397
UNIVERSITIES,113020.0,553.0,University of Toronto,Professor of Dentistry,1996,63bb5ddbce8caac569b8eca2b071ba8c2ab8456f29f6686e1f960320bc7ed2c41e0a886dae5b7e6dc4185f945862cc1416fc11bb9e1d0089b7d8ac0256fb6ee3
UNIVERSITIES,103516.0,3540.0,University of Toronto,Professor and Associate Chair of Anatomy and Cell Biology,1996,88a0258ba65006431649eb68671592f974efb05713353debd94b93fb2ea02ec30a0e7ad34886176690d13b51d330ebbaf7a1375889d4f0ae3ca58f64e220609f
UNIVERSITIES,104064.0,636.0,University of Toronto,Professor of Clinical Biochemistry,1996,252c3114e2e12f4d2da533bd10516426b2515b93f06fdcadd6fa6ca66824432a20b46475c311e073bf32d49770da96c94d61a324d16f7fb5bef0ce2c30d22779
UNIVERSITIES,102540.0,1510.0,University of Toronto,Professor and Chair of Sociology in Education,1996,85ec9b3f16be2f29fe2fddaabee99d7e3a76717ce4b327efb7e9ad005409304d9f2abaa73750e15352c045f48ce1f77207ad4e890bf3145e694d0048b8d1b5ba
UNIVERSITIES,103730.0,435.0,University of Toronto,Professor of History,1996,65e9c2bd32d28ac4615aa9eede132bc72f2889aaa9adf117cc4d825bed1f22dd3a98fd4fa5e50a1c4b9f23ec0e2889e215efaeb985fa87a8956d5911a120e1bf
UNIVERSITIES,101587.0,465.0,University of Toronto,Professor and Acting Chair of Psychology,1996,0781d577a724310b264d741ff02b451a5f485ec6fb00b9e1d48b8a3d5eae92f335d49a0bce92dd5a52bc5557f4b8b225aea4d50ff4b5d88113a73fa45fedaba1
UNIVERSITIES,103003.0,287.0,University of Toronto,Professor of Chemical Engineering,1996,00ff55ae4fce3b343a17ce9dfb01e6089c9f0d3acc87a57e4731d270a3c43cc31fbe1236cd5e1efddfd5c98482a7b741f5d33cab8805efd66191ebe68d23ca4c
UNIVERSITIES,120770.0,388.0,University of Toronto,"Professor of Family & Community Medicine, Sioux Lookout Program",1996,57c91825382ae44e260598b3a031caf38b6978fe1fa0586ac11247d214e643b01774017da967652c84528603407539b27b4167a1c972c3bb56b4057521b31dfb
UNIVERSITIES,107323.0,287.0,University of Toronto,"Lecturer of Family and Community Medicine, Sioux Lookout Program",1996,61935134494bb47f549ce973f1f2f16dd1bd1d50e9bf73314ec60e2479e1441a4ef65a6fa4ef7c29d2b9f849b81930ae595dfd8830d7a47854fadf24ab89c707
UNIVERSITIES,154100.0,610.0,University of Toronto,University Professor - Banting & Best Dept of Medical Research,1996,159af55c4316b6865d1cc4dd01df12b9326a77bc0ac0f9546fd8b3529c86d89b0778cf5cc81c9a23ef5af5047842efef3d28d339486a6b23e7f6827e2102d24e
UNIVERSITIES,111663.0,663.0,University of Toronto,Professor of Obstetrics & Gynaecology,1996,fd509115c5a1b49581bd68a93042e14f7c69e40bf24e71c33c62cab2a59924e8c97bff54124c72930cde873f316928af886f8ac9b46bfeb46509bf10f6839363
UNIVERSITIES,118622.0,451.0,University of Toronto,Professor and Chair of Undergraduate Studies of Sociology,1996,4bf58bf03e9f98505d56cb7f927332af1265f71e6bd092f3f2ae90dab665bda88b437d457194b5ceac0f9cfea0323333092c49d3bdc954b14626f5ee35b07156
UNIVERSITIES,122802.0,601.0,University of Toronto,Professor of Dentistry,1996,2a432eab9866d81224db0bee7e15157cae3831c310704516ccc34ccbb0660f7f88b07f1831ae4b3b8b8d1eebfee425b11be716886d57f041150dadc7cb14c0e7
UNIVERSITIES,105430.0,641.0,University of Toronto,Professor of Political Science,1996,d0809bbbd5f1b248db86d3b912cb059163c37c30b658a317a1bb80d50833620794d3055cd37ecc04de78b25983dfe93a714b651a46016ac93bb0c431d9feb522
UNIVERSITIES,109524.0,145.0,University of Toronto,"Lecturer of Surgery, Sioux Lookout Program",1996,6a1620d9fbc5066b9066b203c8a85812f58719d3c811dfd959e951cea5baf9d4de4b3a30b07cf96b867c8f8e9b1cac0f1bd6700f759532c07d29c9175b5a4d5f
UNIVERSITIES,102317.0,630.0,University of Toronto,"Professor and Director of the Institute for Human Development, Life Course and Aging",1996,09c849ee94e78df653017b8a7b9cc2bfeef4c1a341f127758c49291137d5bf8e01aa66414fccf2ee80078d63b89a259a8112d65714121c6ee679a4fbdac1bd62
UNIVERSITIES,102925.0,287.0,University of Toronto,Professor of Electrical & Computer Engineering,1996,986379619ff358dd6e9fbcaf28ae2eab789c0abeae34e2a368502acb8c687a4df0a67f318802e3301aa202a61ed636ecfd2e78fb788cd24fe20b2ff99cdc19a1
UNIVERSITIES,109988.0,538.0,University of Toronto,"Professor of Economics and Director, Policy Analysis",1996,6e33d1b703dc73f14870569d21c427245081e5b7ffd167d9dd8cb6e067b2d4754c0b3a6b064f30ca6af43e6e90a4da9665fbf28d5c7fe394398ed4793e4d2ce7
UNIVERSITIES,100563.0,553.0,University of Toronto,Professor of Computer Science,1996,7d3b7b52a2d4542e1e71a6abab5067c434d67dbd6408ecf3b4839c1c531dd5711ea0efcfee41f3add99b21ba41fe2fa1a6da1d60ec4d84b5f504785918621e02
UNIVERSITIES,116730.0,634.0,University of Toronto,Professor and Associate Chair of Political Science,1996,6c42de1721359a3b74fec53b2b494ec533579413c97d0bef4ed80ae165c5cc4a3eac7c0de3d5fa8621906dfe05d2ca941918ae5671961aa17eff83ee9052b493
UNIVERSITIES,103077.0,504.0,University of Toronto,Professor of Dentistry,1996,77fa9e3f9e556c3f5d99e7404c00ba329ae81a82a364cc1d48a0f22cc89cca18079747d09bc8f7f35b991a946a36aeb94726e0bf86b8b95c8851f4612129e314
UNIVERSITIES,126361.0,522.0,University of Toronto,Professor of Mechanical Engineering and Vice Provost,1996,d8e129170d0693d7ff2c62c3686dde0767fae937a256b21c9d71a9a3660653f10c38483410058b64f83b60cfb8f236b7341cffc5837c244440d4d88ba3f20853
UNIVERSITIES,101099.0,405.0,University of Toronto,Professor of French,1996,1dea3bb68a1733759b7fc937a3364cde646e04dfe2d820820de0ed8a6053e99a9d0fdbe1be3e6b93c64b04a7fb73d22507c1e294037704499bae08aa364a5a6b
UNIVERSITIES,102720.0,430.0,University of Toronto,Professor of Chemistry,1996,5c663b460e59cc9ca788271f45101324828eff0e1a81a03a6c562290ff81e542172317f56a794473db53ec4325a7f4a62f963fd1bd04ce317a49a3657691d953
UNIVERSITIES,106380.0,366.0,University of Toronto,Professor of Dentistry,1996,f0e1ca9e39fb50efb59cd7c274620ee524d17a622ea47971a2df7fc94faeb71b7919801e644118afb8499d6386ba9d0fe04fd39e1c54decff38e33d9cf9f36e2
UNIVERSITIES,103619.0,361.0,University of Toronto,Professor of Dentistry,1996,d427fc56392c0c9c897c3d1a139fb4033cb4d34de5f78344e7463b88756331fa5b3073b50d6bed3d34f30bb308567debd8e6a1011f4f58cfc826d93b549e9155
UNIVERSITIES,114686.0,673.0,University of Toronto,Professor and Chair of Metallurgy & Materials Science,1996,786221e4cacddbc4b16a012cf9cddd12c40f6a6ab97013d670e2d52f8e23b17229208331e6600fa7f7c28bb31831ccf15b7cc3686716044045dba170e4d07ed3
UNIVERSITIES,102975.0,1366.0,University of Toronto,Professor of Curriculum Teaching and Learning,1996,96374b6f82a0e7c68844d4494c000ce65a54593bc084d0b06aede9ef5b363028e8bedbe71f4bca6dd2a6eca62fd6277299390c1db7e9dc57464dffd86b66245f
UNIVERSITIES,104178.0,563.0,University of Toronto,Professor of Chemistry,1996,16b5167533b35b3b785107d9339a6e7eed12d539c9b1dee08e70f28b8889af1413a7288fbfbbcde74c07b23f28a4986dd0027c7a85a21649d0b415203ec75e0a
UNIVERSITIES,100999.0,422.0,University of Toronto,Professor of Religious Studies,1996,96ebbb90682743a95d0f08f2e9cd0363d3fde40a91047f336e160714a51b4bef8f90c2e4c11b67787d85a4d6a2bd28d150f25bd6bb56edfd01cedd2acd50428d
UNIVERSITIES,122717.0,8190.0,University of Toronto,Professor of Geology and Principal of Erindale College,1996,0f100f8ba7fafdacc051c45c58f8876af2f8c302c58dd25720f8ca07acb1758b0f9de7cf2c5e5ffc1338d841cbd35a115e96d5e6fb9b9ec22711f72d83de01dd
UNIVERSITIES,101324.0,626.0,University of Toronto,Professor of Mechanical Engineering,1996,9f464cf317264bc1515f4824c2cd94063ab852c10857ddedc5fb248177272a7cd05f2b0cfaaa22454d2cb8a6d3c47a4893b61b3d0b105a3740b75c25e89fd17c
UNIVERSITIES,143472.0,4310.0,University of Toronto,Professor of Anthropology and Forensic Science,1996,08ca2ee3ac3b35d1a61edb8948b72734c7e39a2b858e9e9223e4cabbbce4afb7f1dc235821c3ab35f9a597605450fe7d46ec9790d83a424e5d10e29c06c987d2
UNIVERSITIES,125898.0,3257.0,University of Toronto,Professor of Economics and Industrial Relations and Principal of Woodsworth College,1996,3156fe5cd0abfe48e4a8cc072c3e712c272516451c7a0e477d846f752bea9a6f04e3a74557dcaa84135704f270ad6f5c138ca46fe2bafa322f36dd6370aae872
UNIVERSITIES,117362.0,574.0,University of Toronto,Professor of French and Acting Prinicpal of Victoria College,1996,01bb2f063330a6eb25d146f35bef324c70d502a125bb69632344d42bdfeedfe7990d6d1a2a2ae7e00a964e7df64846b87e8899bc76f1cef3b67dcf61232d668a
UNIVERSITIES,113973.0,671.0,University of Toronto,Professor of Sociology,1996,9de9efe356cf25035b53dbdd1c1b5b808e2a0e5245faae0452aa9f36ff8018f1a2c54b422c823d64fc7657e88a4920a4b483d395749f1d96f5c92d6a1f22f732
UNIVERSITIES,108305.0,302.0,University of Toronto,Professor of Education and Associate Dean of OISE/UT,1996,9ad817a515eb08a056195a2215784387660c281480e2ef5f69f8bb896472d803044a91655778e934cef87a7e3ae5ce0a574bbeb25dd10ea637c8922feec93c7e
UNIVERSITIES,147175.0,484.0,University of Toronto,Professor and Chair of the Dept of Preventive Medicine & Biostatistics,1996,5d041d6f0d83b286d8493bc1f056ef112e9e2bba1c266ce59e2e71b9f5edb6dfdc97159229e5746c2dcc305d27668a52acae7807637d1354af1df7e1ff4f9617
UNIVERSITIES,103739.0,1349.0,University of Toronto,Professor of Field Division and Head of Field Development,1996,31abca705b36b01cfacba22b128eca0d4e63b786411434faf8170b4d3112a1358700dbb7205db039e175922b9a58dda97e87e44c8e8204a2857f292593b051f2
UNIVERSITIES,116981.0,408.0,University of Toronto,Professor and Chair of Medical Biophysics,1996,157795fbc80b567360ff9b43625d4d92f06d3118a3a699aa7b760de14e2e90079d19da37e24031b7cb5dee32c60da711d56c6e396dde7214728fe39d7d21f866
UNIVERSITIES,104804.0,513.0,University of Toronto,Professor of Metallurgy & Materials Science,1996,94ec255cafd7c8fee721ad926bd2a4ef295131e098e49236dad67519caa4604d796347c26d805ff5d16d49fffabbe00345f1dbdb4d66af885e795132be8a92bd
UNIVERSITIES,108857.0,532.0,University of Toronto,Professor of English,1996,5a557ee83fa5b7023e9000ff281c32d7f3ce0e203bda242af2eb7e5b4cfd606bd05fea619452e3c636839682c98cf77320d3b481c21dac09beb8fedfea662929
UNIVERSITIES,102312.0,357.0,University of Toronto,Professor of Chemical Engineering,1996,34401ede13186ebd716292c10ae6cb475e4e5c7f88315c94ac2706229b6d0b27dc0dda2c89f008c361bff409944fa5cc0306c72b7ee3924b28c290db16c73457
UNIVERSITIES,140828.0,495.0,University of Toronto,Professor of Economics,1996,c27909db7b0cbcd6ebd010f4a1024552a3cd2c066c458d8b8ad24d9a1261dc840dd36b1fd6c921766b3b05cd08061f4d72a24ab2e8b0ce96f844392ac0831d47
UNIVERSITIES,103700.0,3926.0,University of Toronto,Professor of Family & Community Medicine,1996,64f060d8b65e09f86682c25a1f748b3c93f88872ef81835cdf1b22a82ea97f763619f6d574847cba738597a26d2b3eb2b6333bd5a7caa3c37b1f99eb59d89df9
UNIVERSITIES,118488.0,279.0,University of Toronto,Professor of Management,1996,b23f08639e2ab72be0d4c4a665968a4cb46ccd63a397f19f785726ea93d5b99d7edd1df7ec623b32267850764feb1699b9e6dfca8e5ea077d0f97af5c56fec67
UNIVERSITIES,102317.0,429.0,University of Toronto,Professor of Dentistry,1996,fca2454360a7326083aaf5eda26cd5589e749eb1d11300ba576cc696af6f12cec353b264ed4a65b2e033b6ea6e941ca3bfdac4b9b3f60c6bd0a92cc8599fa21e
UNIVERSITIES,103797.0,495.0,University of Toronto,Professor of Economics and Acting Associate Dean of the School of Graduate Studies,1996,a4c8a041bf8f6451f19c97edaf42d5dca23830f89e5f3e793e14a9b28622db7e5b4e28e368c400b540c0f9f4e2a206784df02053a73b3deb7380252f9ef39d50
UNIVERSITIES,126281.0,522.0,University of Toronto,Chief Librarian,1996,b804ea234e6de84de27881bdb3604577445c581e4c449048d4546b94f02d0179a72cf571ac1856791a811287be2de1bdb8aa04686a89bedd43a5e324804af0c9
UNIVERSITIES,123000.0,600.0,University of Toronto,Professor of History,1996,47af438414dd10d2413871d3f848bb868a671dd285f9640da6d79a8014ea49f2f747f340dfb311616ae99d0c72d95b8088d43986ed9b4abd39ce094e919f6072
UNIVERSITIES,122134.0,597.0,University of Toronto,Professor and Chair of Chemistry,1996,41c947f1d1b9aa149b844a0f24aa911bfe27777e078148913db386ef0f7b340f1ace9d2dc8c78c0686f2c10e673e4c2cd6ae582cdce806b84607f75d6a97cb89
UNIVERSITIES,104041.0,308.0,University of Toronto,Professor of Zoology,1996,c6de7f79b718123fc0b179a4ef5bd45f612080d9338430eeaceb09da4003f2c4f7b598f077b2fbb54296e3770244ecf98b16610833922acc2a52580dcc872484
UNIVERSITIES,106999.0,523.0,University of Toronto,Professor of Economics,1996,038e3ba160e776c2f5758287debb63bd7a39ce491ee6e4a298cfa157761000534a456519b15651fac20c63e14e25b39047b1751565ea7bf6227a7489eaf1ea76
UNIVERSITIES,144572.0,348.0,University of Toronto,Professor of Social Work and Vice-President Research and International Relations,1996,332e131655b6f962b4ecc73169b2c2e0d472b248cd9e68a49286d70788accff53d4bab50c6a1801eb0afbb5d152cdd5b05c383d89076845a897fd7d3f21d3887
UNIVERSITIES,166914.0,621.0,University of Toronto,Professor of Pathology,1996,af40155242d23e1942b8a49b7e655f1c6c40e63c39e3258dd6ef566eb965594dbd54f27dbe944ca28303e439dcb233f26e4c0f1b23ac7a1f005a8d677f92eef8
UNIVERSITIES,104585.0,512.0,University of Toronto,Professor of Medicine,1996,6564db77068a1cbbe01b6019fe9c46260b11e37c84985de7c6bd71f7f1b0bf2945f0c05517105c7729ea96a739a2ed572c753ab43217fcebe6d7968cdd0bbd28
UNIVERSITIES,110822.0,464.0,University of Toronto,Professor and Associate Chair of Computer Science,1996,53b3cc8a9af83cd0a54753060f66951ed4be434cdae873cdab760757fdbf9964675811702d5a78d497260cacb2c093a6cf1845eb58da4ae81bb62d4b7051fa24
UNIVERSITIES,100301.0,623.0,University of Toronto,Professor of Anthropology,1996,e163bc2a3e769ee0fe197645622d1accfa20b594ba31429f8e71c7fd3217466487420bb8b682150e067fb793aab5a756e845804d44f6c7bb8b9f0012c791b746
UNIVERSITIES,117134.0,682.0,University of Toronto,University Professor of Geology,1996,ea791cc02802a2ffe106ac6fa6c1f2baa67a00273ac3ea4f9fe9ec35ea6ac14a4927dc941c985dae56e6b3155cd24ea5d4e8d22dac23517418972e07882a6d7e
UNIVERSITIES,100805.0,622.0,University of Toronto,Assistant Vice-President Student Affairs,1996,7a6ccf4908267c2b55bbd42bda3c98ec7ab2767e450570ea26f0a9ee0553e4570911cdb67a1199bfd6d4d753758d86ef33058669c8f101171ddfdc683faabd8d
UNIVERSITIES,109260.0,654.0,University of Toronto,Professor and Director of Comparative Literature,1996,06975e0e2f7e46083bb5395854a62226dfc51cbf1ab74690181942936166c91a35b94861e8318cd6b878c808ff5f2d733e3a1e95fc205c2804e9cd4ebf047728
UNIVERSITIES,116759.0,571.0,University of Toronto,Professor of Mechanical Engineering,1996,49f8a18459a670ffcc4f323cad964cffd674795061110cae34586d11b6fe0b4020a7abcd52fa36a8b9aff30f2a4ae31b98c5a9e1a7f5a03e71810c6dca74bf42
UNIVERSITIES,100877.0,1492.0,University of Toronto,Professor of Curriculum Teaching and Learning,1996,d0bd9d0931b26310757facc9843d78d1ca7995c4cd3676d613134ba0aa72b7a2ad8ba4d0cd0f02b84a737d3ebb5cfbcf9388ebe61db9621728d0cf298e2f9346
UNIVERSITIES,113848.0,477.0,University of Toronto,Professor of Geology,1996,4de60e515ab3ed528830a6e35d79611a8d76d3eaea569d805aeaea8c844fe828ee0edefa1bc75dbcffb36e2fbdb9593a820f9b3c281babfdd812886765253767
UNIVERSITIES,105949.0,642.0,University of Toronto,Professor and Associate Director of Biomedical Engineering,1996,49494c06399d3616a610295347b5af49917ca06d8cabdeac07b2bdf9d4c917727556107b25b37a640ecfb541915c5d6040ad1639e0e57cff10365ea81c5fcfec
UNIVERSITIES,124608.0,602.0,University of Toronto,Professor of Economics,1996,b61c66607abe8716a5890560f91a81f043e25bd3209c346f2f22b5046fe1905466463e9030b8e6835b7ce2aa4fc390885265b719c41c03196f0d94af16195bae
UNIVERSITIES,109975.0,657.0,University of Toronto,Professor of Pharmacy,1996,1231bc302dee162c865d94cb5beab698c6214e6a7fe9c282ee15bb61148827dd1706690359909f4f51d077fb5480698d3d6f896d3534124cf641bfb05ee18ecd
UNIVERSITIES,102474.0,2168.0,University of Toronto,Professor of Physics,1996,705df7f55c9455614ce2eecb4bc17a3a3147fb9774efc1273e1ea238666aa3a13a878158986aaae2649980f6c161b7d979b2b0134c1ae98f60bc57ab8e1b48d0
UNIVERSITIES,110442.0,540.0,University of Toronto,Professor and Chair of Pharmacology,1996,7d07a8e5d5ce44b5341dce3258fbf76e3aa6ab283eacb7566e23c567d757f6f1f6f14861ce2edbd198e44114416f6f0a57316c1dd737ff19cc8effa2e1a8ae08
UNIVERSITIES,128446.0,345.0,University of Toronto,Assistant Vice-President Operations & Services,1996,1f04702b5cfe6950ed807e38809377598fe7596c0904b2c4ad3e71d7618a53abdd5534128da2d06df01b4a202042ccb6a8cffa254f9176fc11e2f8d93ecde6cc
UNIVERSITIES,115816.0,1523.0,University of Toronto,Professor and Head of the Centre for Applied Cognitive Science,1996,3ec0259cdcadabe2508fdc77ceaf2a80f8c67f6c93d0034e9b75b708efc1df31e51ffb9506878275eaa0798fe384c096157dd1a6d657855914800d82f3b4859b
UNIVERSITIES,112105.0,416.0,University of Toronto,Professor of Industrial Relations,1996,2cf37c193685188178cf9732f4ba5b704e68fa500bd323a56b567aec5ada55e9a30dbfd8de36b40c81825bd9b21e703d4561242eff8977fe1e4ff5778666e178
UNIVERSITIES,100255.0,490.0,University of Toronto,Professor of Zoology and Associate Dean of Arts and Sciences,1996,32825d3c088c81a81c9623d8f11d213478a01dd38fdaa7d301236b4e919666c814e13b80a69cd1fded5f8a557758313773aa291ccdbce9d8aadeda47e9df48cc
UNIVERSITIES,104928.0,513.0,University of Toronto,Professor of Religion,1996,38ab54240296c4d865d841a9b0f34397dd940ce0f871939b9281b6191bfbb05d8a2a8fd765b7f5eafd37d0a3a7c2e78534c151e1e5293ceb63fd53ffdfeeaaaa
UNIVERSITIES,103657.0,507.0,University of Toronto,Professor of Chemistry,1996,58b99d7460b36de11ecaf2d8e83b1e5449653d19b5e664dadbb78a668227171ff5e1d00a23feb3b5d5ee1e08130b9c8784557c6d36a31ab043a6cac185dd9c16
UNIVERSITIES,173835.0,579.0,University of Toronto,Professor of Biochemistry,1996,4f844a8d98478945e32c537413cfe97f13da8a7228cb59c809334fc045d3fe39ce7140365ff57408c8b09a2f352c8be3b26c26d256a9222612608c14327586d2
UNIVERSITIES,130061.0,514.0,University of Toronto,Professor of Biochemistry,1996,6895b3de401ea19748e78d7f26992e77e99724b035e9a9e9a94aa1a13934e585177ced1a778c5f45033ab93afc565390c1d1816bb15e0c77bc6dd243f1303dc1
UNIVERSITIES,101567.0,426.0,University of Toronto,Professor of Zoology & Statistics,1996,90f6a4eaf0eeec2c59fc3dbdb2f87b139efd6efa5daa951793759e6ac81fcb9f7377bafc30fabd6a2114e562fc69d7c7bd7bd4d2c50bf6554120ae1415c1e903
UNIVERSITIES,103172.0,287.0,University of Toronto,Professor of Pharmacy,1996,5d72cc995ad902cac8aae14faf5b06328268b5a41ac0d9b024c434f4c416fda44e95ec4201e46b1332061451502e3fc285d087749cf1ecbcd5580c4b6fb30874
UNIVERSITIES,110405.0,497.0,University of Toronto,Professor of Political Science,1996,5724dff6996befac592389534cbf647cb6f738480814d5c225a7fd914ac9ad539bb1a8662daaa0794e27394f92ac43a1a36b2282cbb5cbb22c05d92c67cc162a
UNIVERSITIES,107861.0,301.0,University of Toronto,Professor of Chemical Engineering,1996,7b0311b8c80feb803a9ee5933b7e0d0227c6bf729ab62a825b39925c4a7d8b23dfbdcf1fab9da4b4068639946d8da259007c2ac649c03168d6a27bbf82c5246f
UNIVERSITIES,125178.0,10078.0,University of Toronto,Professor of Management and Economics,1996,553f320f04e679fdcdb040721b3ac182431e487526afe0ca1c9beef1615af73e9f96d26bfae42f637e080078bf596fa811dd54c5e80b1690dfc67e68814f40e7
UNIVERSITIES,108856.0,532.0,University of Toronto,Professor of Music,1996,d49ea13883347c3fe39abba16453a3347e16fbef0eaf457fc3fd97f390722a789224b6eec5804c471a33a8b01801671be218253f020938b63b55a4cf81e9d852
UNIVERSITIES,119730.0,586.0,University of Toronto,University Professor of Physics,1996,dc2085f754def13b640ecd07aab0f31df3416c1846c184a25ad7e59811e33a887a5e7baf16e70e498786ce3d873c39250648c142eace975c9e70ae13e06c02f1
UNIVERSITIES,105681.0,386.0,University of Toronto,Professor of Astronomy,1996,dd3073eed0b30a011aaaff45576e2aade84e2086c318504c2e23faad74036359c8b129cbbb5c4bfc3c28ee037b88d5b9f0c8730e10cab8158b93e0d40ed6f7c6
UNIVERSITIES,112899.0,473.0,University of Toronto,Professor and Dean of the Faculty of Pharmacy,1996,bbd42b0b8d6ecf882417182e37c9107c8c4d3d699eb287386c68b21168cb46d477d13d56eb52ceadf962b49af1f75dec75d6200eb3b62953ad42d600afa7e446
UNIVERSITIES,108808.0,532.0,University of Toronto,Professor of Physics,1996,a03e77ddbf4c17a13b5949858bd6ae77e59494a0c848f0d6c0d72934f1e893a77e865437051c177ece73511b646c239606503923e05d8ffb2353b19804d30124
UNIVERSITIES,113027.0,315.0,University of Toronto,Professor and Associate Chair of Chemical Engineering,1996,0ac011707948eec30696c354ae22dc5ac9692e1914abfdd2ddccc55c2ebe6b4093cc7aacbc03fdb5f6c6e4f72534c92b2950d4ddeca8b931ea86f911d51306d2
UNIVERSITIES,115043.0,310.0,University of Toronto,Director of Administration - University of Toronto at Scarborough,1996,52aec084352a00a40ea1cdd03151510118e1e5cc16ec3369014b936316e0ba79aa9d01b6b5d61e301aaccfb5eee89d773116f731e9894a1d15eca5c5853bb9aa
UNIVERSITIES,126508.0,3551.0,University of Toronto,Professor and Chair of Medicine,1996,122335446e07fd584381a851c2077baf4972cd19fac99508e72217174fbc13db4f999d98fef176315f57fe6b6fa4b91c2301ba855d3d3090fc16213618c68e49
UNIVERSITIES,110755.0,523.0,University of Toronto,Comptroller,1996,197efa1027d6b501586999d4b406ab399a7927294bc9c141675a6e2e390efe4fbe9dd7aae6b9f8785ce7bbdc6ba07857f80fe1b6e1a8365300c0f525de80664e
UNIVERSITIES,103679.0,289.0,University of Toronto,Professor of Dentistry,1996,e4d3b769cb3d808a9fef8e3091ca4d8cca7b960994d1b49966ee6c4d3c497f4d238f58b27c21eeb872512ef34ef9e773dcf5f022f9f53537696640b5c2f460a3
UNIVERSITIES,112060.0,342.0,University of Toronto,Professor of Economics,1996,a79c082f06452e4a451887fbdeb940c73e67f3548fb6a55a46ba11aae5ae863088421a145fdb320616b6184f9061e9ea47ec57cf3971281a2e73eedc4956f4d0
UNIVERSITIES,112950.0,315.0,University of Toronto,University Professor of Chemistry and Polanyi Chair,1996,28cf1637da5361a6ec07453a0003f18237ca99432402619d38e46fa233224604b1d347b55b1b50bf9c1493fe56af3b970deabdee5603343ec90e3f68f6ef1397
UNIVERSITIES,103905.0,435.0,University of Toronto,Professor of Zoology,1996,fe98f2b027b24353bf3800ec20868886d4d7207ee57172dfe7541c8073ea5c27f955a027830758754a2fb6e75416eb2377deeb9d46f28f6ac794d320f1d3ca9e
UNIVERSITIES,100306.0,6766.0,University of Toronto,Professor of Mechanical and Industrial Engineering,1996,76fe81e3cdc603749912848b61d233adf898a416f4ed79e5bf3ef06827285c878aada49e940b06572e1772b5806adf8432b6b3e5d51a59dc8ecad95559a74a47
UNIVERSITIES,102264.0,428.0,University of Toronto,Professor of Medicine,1996,2d802b63df0767d1cda8ae37f1999395a35e07c4913bc9aa0663be83753f467b7e56e0a03eb62bbb2afa324dfaaa12cad76c7989cd7885dc67bc74f099dc7a05
UNIVERSITIES,104515.0,187.0,University of Toronto,Professor of Management,1996,794c820f476a2b4034a3e6f3119d4b6207fb6091ff4d43a1869a2d9ab7009c0a4622cc0a2e165640f8b9f9ba3ad5a6933ac2ce230ebfcac6c0865be8c977b3cb
UNIVERSITIES,200538.0,13921.0,University of Toronto,Professor of Law and President of the University of Toronto,1996,0345c3f4cd9bed1df028a1b343f35bb2d06d35dcc0c0d4bdc1dff42636cfc8b4aa427f4924c22b374847bcf81b332408400a1c9cd2d8b4e8ef62de059340708e
UNIVERSITIES,118958.0,331.0,University of Toronto,Professor and Dean of the Faculty of Nursing,1996,5cf0a36c45bae4abe29804dc47583f6a3163176f938728f1f561596160e7efc3551c8a0d6eff486e671053ede58af030792aa74456534be0b8ce3c1ed27c57b1
UNIVERSITIES,103212.0,536.0,University of Toronto,Professor of History,1996,efae75c509bddadf88dd23dab8d3d3a0d90fb3c33759f943a8e006d79176630ea0729708d6181954adad8c9a5082121e90977d90f134c66d7aaee8a49a7d4ddd
UNIVERSITIES,133250.0,339.0,University of Toronto,"Lecturer of Family and Community Medicine, Sioux Lookout Program",1996,dcf1ba405114698b1f3eb9179805ebe558952492b72064c46c45ada6c87ebef42a01098e0d50f2debe731b3a0b370a22e200fd495977b181b96dd29d52077aef
UNIVERSITIES,105496.0,516.0,University of Toronto,Professor of Mathematics,1996,85373bfc9cb37987df6680c5ec3c119d5329665125f42a6134a1d3c0973a00172be12f99e17d06ec5ab6560856f78cc03292915058e5df33259f27855b6c070a
UNIVERSITIES,126742.0,311.0,University of Toronto,Professor of Management,1996,519c2351b1b3086b138c48354f46100871f89251b92ed95b1fa7cb926a093c35dcc9ca56a932e7e43f91091bde1ce2a7c07050afa819554703155c804f672818
UNIVERSITIES,106184.0,557.0,University of Toronto,Professor of Economics,1996,98c6e4257266e33373b2e904fe51f3f7e5731448e085d49789e39f9fdce36665aac5710373008b36e554a3fa08c66da8cc46a06c79d54747ea5216cdc6dcd467
UNIVERSITIES,110204.0,283.0,University of Toronto,Professor and Chair of Linguistics,1996,9e2177cc5443dd3ef30d4240378b0e93a684d19e29ea51e50ab09bb9e33c95cbb1bf2ccaf4704f7c518f5c48a4292e6de8156958e960253eb771860fe526c56f
UNIVERSITIES,102524.0,501.0,University of Toronto,Professor and Associate Director of Aerospace Studies,1996,a2ccb1cbd992ef5678d55fcca6c319490fb2b85114ac3e65a17bf5f490a49000f22c75e53eba96feb8648b8d75d5339b163e4f8a12b4f7862b56bfe1431d93d8
UNIVERSITIES,106736.0,326.0,University of Toronto,Professor of Computer Science,1996,bca02e4d9f40db4783940568662482bfbe0b7efb9b60cfe19f11676bfe5bfc62c8486857f0d487b00a3ae9acc85fb2398e1f7f7c9eef9425a28f96d27eb49f02
UNIVERSITIES,101148.0,353.0,University of Toronto,Professor of Sociology,1996,95373b5de37724a37f806c1ffe55dbc2ee515bb9df224a56ea43a0a13a79fb8f23063181123097430a26c27e78985635e9175955171348e3d342338094c21cf0
UNIVERSITIES,103352.0,433.0,University of Toronto,Professor of Near Eastern Studies,1996,21b7564162082776f0b07ce75e7324d0fcf9f917320ebea2fc35746427cea2776e179c156759998d23400ec084cfe722e3cb0d71fedd8710954d9fe896ef5d89
UNIVERSITIES,112492.0,313.0,University of Toronto,Medical Director of Athletics & Recreation and Professor of Physical and Health Education,1996,410a1cbfb12140e9c22fde001e71575ea7b6d2283cc63c24bb7e724fd824ed6b47cf1ad1f5b12c08af1909f002e0dbb717631b55188f281a189cf367df24190d
UNIVERSITIES,105927.0,642.0,University of Toronto,Professor of Religious Studies,1996,381fab39d3b9c2bcc12d3bdb36cdf548d1d53c4b85310b08b0567e69a69a6757c4b132c077fba4fc77768ef51323d52ef8d4442d82bc1bacfeea51033e2af1e1
UNIVERSITIES,103252.0,561.0,University of Toronto,Professor of English,1996,afa220fe6e50cf1de1f94a04740899fb77bf257748e474754f56d4ae49218524df6ba9ecce3757dfe37b4c32f87c4355d36ed8d700ebfe2c821835985e386c29
UNIVERSITIES,134424.0,610.0,University of Toronto,Professor of Law,1996,37fbcb99b2d89e2a5f61dbe34e56158a0aca5214f717765e34ade6779418bd98b295a1d0ab58377ca945c3b672c40b85c6490e5d85e215bb0e599bcf124b0f66
UNIVERSITIES,189219.0,610.0,University of Toronto,"Professor and Chair, Obstetrics and Gynaecology",1996,6bb0665a0a042f3273a2d6529cd00b11894b948401779b4f29b0272476f2b241ed5168f0723cae3e4a57dfbdf394f973e07cf683e6ba5fc7954714c0a33b35e8
UNIVERSITIES,106870.0,448.0,University of Toronto,Professor of Philosophy,1996,0d805e2facc7226324ed05ba61e2b70ec937936783e4466069c9f9df6afef88019443a021886333f78b5bde12ce6c1a70da25ef47221fb635cfbe468edddb8cd
UNIVERSITIES,104306.0,437.0,University of Toronto,Professor of Mathematics,1996,b18e91d63c5177d9bfd842ad1e79b0286f24899495ec40a990d934e007c82f90e49b4b42e959a69a3f6afb0ccffc4387c15a8133a3526dc9fc3108490ff9eac5
UNIVERSITIES,100813.0,146.0,University of Toronto,Professor of Field Division,1996,fed482b1c22bbaa4807a43d308948032fd5eff5f5ff1a872454c094123e43110cafb2c956c69f690833771269f0bf5c9f88e679ad33dbbfd086bfcbe553b23d5
UNIVERSITIES,108172.0,453.0,University of Toronto,Professor of Medicine,1996,7a5b571061f7f7a530cb19d40374a76c39264f71ec6c69823c7e8d94bf8b3d9add7b5070ef2564516e2e4f39348f53ee2fc6cd0e8e0ebc88757276d63adf5ff5
UNIVERSITIES,164059.0,610.0,University of Toronto,Professor and Chair of the Department of Family & Community Medicine,1996,6998653364ae2974bfc2ce460c7e75cd1b54e488038b00e318ef14cc57fe4742086f253b3497fcd92c68c1087ed342bba026490344ac8c5687d431fce171441b
UNIVERSITIES,100219.0,479.0,University of Toronto,Professor of Dentistry,1996,27a94a297ecc151d673c82de1a38f517dbc8dabe917bdc888d5e4d6d1f2827f1501456ff815e2d12c561732ced44b305729f806da99f38dc10d7d89f4f2b17be
UNIVERSITIES,121924.0,674.0,University of Toronto,Professor of Medicine,1996,9ef8fbdf3d3755dd76ff87d94e90024319acb4847b0c3d139a29dadf85d5f3c88025bd2f37a36afeeb1f225dc52b574096f64925b2e7c828da05b3c6470e9899
UNIVERSITIES,114354.0,479.0,University of Toronto,Professor of Physics,1996,a024baf2531924f831dd4233a7d3ce08a569e0be4df5597f4f49423c12f96e815079ad87bd87e7f4eab5410840dfeb6785629dce0beb67293cb0b34a204cc40c
UNIVERSITIES,101093.0,626.0,University of Toronto,Professor and Associate Undergraduate Chair of Geology,1996,e92a2fedabc2b358dbe8dbd68b92c594d2dde9a546bf19afeb311c46c51e9c00af10e76ff49c3e70a2b820e8567d3dcdcec6197c341f00226418e00a5f1ec651
UNIVERSITIES,105950.0,532.0,University of Toronto,Professor of Management,1996,d4f88392e6a98eee147cbb47a7cfd62cc80b27063e067ce91c6fbe48c2aaad726e95e00bfa9822557b390089843b94227f2675e29027e73b5e10039ee261b8de
UNIVERSITIES,102152.0,284.0,University of Toronto,"Lecturer of Family and Community Medicine, Sioux Lookout Program",1996,0a75a3810298b419ce973edf72a67bb3255ef23c2c26971efb0ffb7310b0875ca7a38e7029c7e653ba49bba005636d9205097a883a2bf9e4b216dbbe39420db6
UNIVERSITIES,148264.0,610.0,University of Toronto,Professor and Chair of Medical Genetics and Microbiology,1996,0a4ab2606e530b1cbc23ebadeac30e3e3501623aa4acdbd7d94a920f0e2c36a95d45103890f26b94bb7e179cf1f7250671c8224fb4e7cdcfa8bca8fd59a07c26
UNIVERSITIES,121577.0,595.0,University of Toronto,University Professor of Electrical & Computer Engineering,1996,56c21b021af7e8815357142b2faf627b7cbc43d6eae7918da330e7082abeba5da0546a2f4a4838cc364ecbb8eb02922a65201c828f8e0225e89c4b73272157a0
UNIVERSITIES,102894.0,503.0,University of Toronto,"Professor and Director, Graduate Studies of Political Science",1996,41ce162da6e40692d3c00a80effe7424cd79b80ddeab13ee74f51a1534086d72c7be1caef7429b9243072168a48c58d58dbf3a35419b66d0d6e7c5ea779dcc76
UNIVERSITIES,109443.0,304.0,University of Toronto,Professor of Dentistry,1996,0cb4510aa14ba4ae53509ad10b336dabbd431b2c0fa2d373e2e452b664a0f5c95d5d0105673a57ffcb0e2eb297fa640a8a16ff1641f3216a6c2faf9f07e58481
UNIVERSITIES,109587.0,146.0,University of Toronto,Professor of Curriculum Teaching and Learning,1996,d1c2c03ff9a69b3cb89a927febb746a2f83687c388f8eaed4df26b3bafbf8be30ba8266f35dfc86e8b2f4271b0629883c2a32445b3cb86dbd8ef3bbb84ed7c9d
UNIVERSITIES,103357.0,506.0,University of Toronto,Professor - Banting & Best Dept of Medical Research,1996,269e627e8879084190f00e2d096339dae7fba7739d5e849c000f2f16ddb55053299fa6f5a0e7cb1f4fca5ec5017c1764c7cd1f260559327df7383bc8916319ac
UNIVERSITIES,102740.0,631.0,University of Toronto,Professor of Psychology,1996,63c028b67815a301f14773aa9695e576b4cf74aa4dee534c4519693a18218748be16132ce34719286f324414f1b5bfed3bc454059327a913f44b4046a7a38dcd
UNIVERSITIES,100150.0,552.0,University of Toronto,Professor of Geology,1996,de4dc9b5a56d026b87b9b781d26c2d9e25e5434245336c5f2a379ed02960ba87cf7250939f0c52f451535aacd3f56761165aca17426b6657d79f709ef628f872
UNIVERSITIES,112086.0,664.0,University of Toronto,Professor of Geology and Chair of Geological and Mineral Engineering,1996,e80d72ff4a3e55ebf058745ae6e67d818d874b413990cdca1d82d20228cbf123173ac704897b6807a0547799090fe8d41928f2cab351efcaa49f3e66577eb7de
UNIVERSITIES,108751.0,2132.0,University of Toronto,Professor and Chair of Astronomy,1996,725edf3511f42538dcdf8bd69a0e55c23716671906d1b049bff3f960ffd1f5c6398a14251e9b5e4a3f44fb67373f7ccea4922c5d8576a09633fbfea81f103f2b
UNIVERSITIES,181704.0,708.0,University of Toronto,Professor of Electrical Engineering and Vice-President and Provost,1996,d65b6fd40da7ea0e032280e4470da61ab2cb8f3cea7a84f534a1c994903cca77ddc5dcce8be9ec4e516b6ba643fdfe39a80e6d4256ac83d6d33c3a7b4e8da1d4
UNIVERSITIES,118330.0,496.0,University of Toronto,Professor of Pharmacology,1996,6bc03b1247ed385c20f8a1f5d7451a5d78475687af6e12d07a180c98835b6354354280009d830bbd438606ea974459050b5930e9c0a02a40e5b7a7fb601fecf2
UNIVERSITIES,101180.0,353.0,University of Toronto,Professor of Civil Engineering,1996,e0eaa9e166b1ec5e39d9b8cb88ebf6961d29881afddf8511efd56bcd50c92be9d9b0b727e0e7f6370588e68376a481bc88cc23081aa31947319c0ed38fdd5e4c
UNIVERSITIES,121304.0,610.0,University of Toronto,Professor of Pharmacology,1996,1fd5e4a1a951c1527d2d9a0fa050a669b0f2011b0fc84acd7fa7eedf8ca5a9943435d3c7ee702fb0374e2123ddf2ad113198a77e7f1f82e24ffd8fb6d2b858f1
UNIVERSITIES,164070.0,348.0,University of Toronto,Professor and Dean of the Faculty of Dentistry,1996,f78a39b548021adb7010e2f38f7d1bed15c81b1ece9a9c1f1029ca7225f652ccdb4be02901b80d056b6faba98ab85072202afd8b849ee0535eda2b81de38a3fa
UNIVERSITIES,120098.0,503.0,University of Toronto,Professor of Computer Science,1996,99980635f4323ec36a54e27b4f8ae3a09faef1e2f1ce502dad9dec6727193d62bf13e1d6d610bf8630bd0963427b52f3d3692e489b0b0d5e20af76b5fb00e574
UNIVERSITIES,100189.0,3333.0,University of Toronto,Professor of Education,1996,db3790963418331f34e98b83b44619361a3b03d479618fd34676535fd50d439de1faa55c959e2bff719b57e6ffb76f0841f43c623afc34f9ddda75f5e252cf31
UNIVERSITIES,126960.0,708.0,University of Toronto,Professor of Preventive Medicine & Biostatistics,1996,add87caabcdac842a41d832c0d1c3e75f54d5e45cd998924c34633c5265101f7d9c6395aa6d5fc0fd00c07f57129d71006993ffab5b1c3514f1e1c7ea6352a00
UNIVERSITIES,109203.0,654.0,University of Toronto,Professor of Social Work,1996,004968889f999bd7e91abb2e0a5afc8901723dfbf471f5daf4bd5572d3ab77f364adc7be29e62e6968e0aa783a3f02b88d2d932a4d35f9c0b8e01be11c650359
UNIVERSITIES,101559.0,3602.0,University of Toronto,Professor of English,1996,421d836d0b1593317706a5718d58f9bd7ed67b703c2b8ffbb277f07d63f5f280d86162e0541c15d41dc7526f17d43d2ed5df307b70b92643b6fb099a36e803f4
UNIVERSITIES,105751.0,517.0,University of Toronto,Professor of Criminology and Sociology and Director of the Centre of Criminology,1996,778a0094fda0370503c1321d88cf40cc6d9bac46c47f2b6c24d9d85aab4c49d76e756f6355471ed4c7fb31d6069f1c587756bb20648ca8c2c17ed129a070a011
UNIVERSITIES,109747.0,4306.0,University of Toronto,Professor and Dean of the Faculty of Social Work,1996,4fd51cf84b088b693f183f588b64b4d02d6425d831db5a70c7648ee11f00e31a2b6991831536361b018d94a280050c8fac2e323145e176f933137dc8129ac00e
UNIVERSITIES,100642.0,280.0,University of Toronto,Professor of Psychology,1996,3407f5a9183cb54c3d3e4a66ab62e1feae5f1f2fa214d624a5ae8a4af3bd2322ff4401a2aadfc42a8f4554dde601996bc5c8c0500e37eb87d896f4782f46baf2
UNIVERSITIES,122841.0,515.0,University of Toronto,Professor of Obstetrics & Gynaecology,1996,0f02e95653b2b844488a00013af31a6e3639a8bcb606385456a967fb3cb10bac984bf17e07db2de319a19ab9f0a845e1901881d05f20cc4a597a6b1920546f0d
UNIVERSITIES,108646.0,1632.0,University of Toronto,Professor of Family & Community Medicine and Hannah Professor of History of Medicine,1996,ef2ee0cc45c99174f8dcf71c9df1a201626e77e1767637569496dbb11f6ea96bd9e38cc65deb03e0c77f8a3dafbb0e862576c28d3c1693c283eaa7bc786c0ae2
UNIVERSITIES,171218.0,610.0,University of Toronto,Professor of Medicine,1996,782b59c73350c98d9ff02ed6b2c4aacd454628733ef4ada49bb7df7b169bd29bed2fc035b4dd54681c4e4da8238ef677000374041032851ff440cad1d47277f8
UNIVERSITIES,104008.0,224.0,University of Toronto,"Chief Financial Officer, Faculty of Arts and Science",1996,8f599128c7e4103ac78a36d1c40d362b653a4789451b4777fdd902b06329fab34878e9ce2b18ce093798aa399135cbdc0ef74f0e20d3763204d269cebfed9779
UNIVERSITIES,102248.0,399.0,University of Toronto,Director of Computing and Networking Services,1996,c27006e5576b5787bd706b81840ef347c2c4b7282adf4c5e254521a470ab1dcb5c4ec065af5979624ded4a6ea2d17e8ea0e3fa4bb81788f365b89961a90f049c
UNIVERSITIES,107154.0,647.0,University of Toronto,Professor of English and the Drama Centre,1996,1f784ea3f8c9c88d80fcbb579421b5e7afcfb60727c9489974cd6271051c95e42ece2ba515fcd3b8256cd679190e98ab49bdb89ef22adf2c4bf0d5687a5fea11
UNIVERSITIES,118647.0,821.0,University of Toronto,Professor of Mathematics,1996,b122b74744814a85d626c0c3ead5feaf02eed5dcc1484edf50160215d2863cd9fefe80c8fccce318f4ed0f4d877a7c184cdf284252375f549f93635849f1db70
UNIVERSITIES,138554.0,522.0,University of Toronto,Professor of Pathology,1996,67a73bd423b095692d64e214567f00f0eddf15df7eb6f05c2ace45af36f3c9edfa46fd2c04d771ecf46abed04752c22b84b72de05fcf2c62cf6896b1dd176394
UNIVERSITIES,134037.0,708.0,University of Toronto,Professor of Medicine and Director of Institute of Medical Science,1996,4927cda08ea3552c85211de57120a115c213e2cae281aa2494f532eed3ff5c97b549641ea471e74166190bfdac517fc25664fed86e990b822debbae548c01793
UNIVERSITIES,108046.0,2217.0,University of Toronto,Professor of Politcal Science & Law,1996,11ddf0168090ac610c7991ec5bb26fde9d5db25d6c7fa29ccdfaccdccadbf65ffdee06f59a668443300d97fb73ee5f024ca1b833efc529d55a48404dfa6a9093
UNIVERSITIES,103102.0,3961.0,University of Toronto,Professor and Chair of Sociology,1996,1675ca4c3fde9067d3497f972af1db80fc9613a5adbf5b8c6df9507cf706447d2283867448e799798974ad45ab6df661a045f27f9be5eb7d891ad80586723976
UNIVERSITIES,104718.0,419.0,University of Toronto,Professor of Economics,1996,ba4d5bcd9f3694eef283742c9e9f358b14d7a5d2c2781941aedaebe6f8c83e47bf07f28b757f9420f5ca4a57808d905ba3361279da317f1f6a3b1911f82e7a82
UNIVERSITIES,118461.0,576.0,University of Toronto,"Prof. & Chair of Beh. Science, Act. Chair of Prev. Med. & Comm. Health",1996,71fedb374f85720fb1e493f49c7853367f34549bf7e6356424acad0d777553b960fecf97e3bef415a76eb059b4a2ea68da44b3f9b5e58c7dd96cb48a2a75ccf4
UNIVERSITIES,109688.0,1611.0,University of Toronto,Professor of Theory and Policy Studies in Education,1996,7b781560bb75b30f48f1addc30a61b6aac937a344047dba6415a4632aebbae06ca9d67271cfa94da8763d71e252816692b8763e54d0f2301a2fa97f343963eb2
UNIVERSITIES,143235.0,522.0,University of Toronto,Professor of Paediatrics,1996,23c5ede747c4c9962a1eaf9d2ccf87f09450e77cde7c140b61f36ac85970d401622ef879e8b1a37d580df1a705b9859463e00964058845b3f0a9caca6cfc6c06
UNIVERSITIES,119378.0,348.0,University of Toronto,Professor of French,1996,cbe79263f8209068ff1fd22be78113fdd1de4c9ddb8c91550e752dd986f11a8615dffea58e1338353f329fb4e0d7c9bfd8af268fd857d3121beee9a41246f78b
UNIVERSITIES,139358.0,610.0,University of Toronto,Professor of Political Science,1996,4c7589657c0fff2bd767df8cd280be9538f1db2f5cf413b49edd8002a52bf59f0a85e3db5ac8d57c3bf8e3679bcb62ce15f153ecb5e149ec5914ab9c94ecfe3a
UNIVERSITIES,106672.0,447.0,University of Toronto,Professor of Zoology,1996,668f83f727ed51651e66330c0a5ea081e2d3ac29e8f40367df77087d7aea73a27293d55162b5330ad4fbd1272a7da5806670921665863947dc7c02d3988ae1c3
UNIVERSITIES,119380.0,333.0,University of Toronto,Professor of Electrical & Computer Engineering,1996,c57a670f40065acd1b8f92901d96da84cd373ad57487039284e20d681241e333156b610b54238e1775b6b2c95c960b69ffec7e8946077ec8b572c1da9ffb77aa
UNIVERSITIES,104361.0,510.0,University of Toronto,Professor of Mathematics,1996,e121a082e4d5ff231b32ece92fb3881feb5869c3afcfaac0734373350fcb71cfaab950a874ba0032ca7cd8c0f13fe84a09883797ccc9f9824cb01c4be661ef5c
UNIVERSITIES,115515.0,422.0,University of Toronto,Professor of History & Director of European Studies Program,1996,ec1c143d4f774d03ef44fdeaa6cb2736492c8015287d738568980019b8257a92b876f98224031ca12a5567ebd58ea68ae8c82dc06e06c2f3d8973033454c9c5c
UNIVERSITIES,121511.0,612.0,University of Toronto,Professor of Civil Engineering,1996,e8a42eb278f55a48198486f95b7e9e82e6cddd49e701923ece9fe612b0368b0eb0c1715036f20ad0f61b3799c464f452212ec85de28f0afac9d566115d8548e0
UNIVERSITIES,106895.0,2826.0,University of Toronto,Professor of Dentistry,1996,f177cdfa4c54e9bcb53f03ce0d87ff661f771953a3b656ecb3bc9839030c21f7a15d7dfd50dd99c667b659136f31dea25b02d583885d1f5bb926b69ab13acea2
UNIVERSITIES,128801.0,4482.0,University of Toronto,Professor of Medicine,1996,e93e3d8addc56668d8d215ecf9a7ede33e92828712111ad52347be842bbad228868078dfa2f05df9bb0680ded0c729eea98055b201d89e12e213a6d9fa03d1ce
UNIVERSITIES,113283.0,3342.0,University of Toronto,Professor of Political Science,1996,4188486acdfcac38d691506907c0c0404f15a3bad96cdcb60554c4bb6ebb1b2fbccd27e3c28bd674f59446f34cf6c4061d6b68385d5f024133f12837f24fb273
UNIVERSITIES,107653.0,648.0,University of Toronto,Professor of Dentistry,1996,6dc9f7d972713e7aa3822f1427c386bfb290badb037fe77b8afde8e3dd69e1523de2bb1e12eda79872e2c47a01ed8c5778170a985d5290638f0a803cd483d2f1
UNIVERSITIES,103660.0,635.0,University of Toronto,Professor of Physiology,1996,f7840190e9a83227b1fba444ec9e400815c04b16e83a8f2bb7f7540991fc4ce380f63ffba73037754d5eb3b3018bc9f8dd82a767b3ba35d3c8d419fb6158189f
UNIVERSITIES,112668.0,393.0,University of Toronto,Professor and Chair of Speech-Language Pathology,1996,35df50936754de092e46590b9121321cd704c36367d02071c1abc9b7399a18b68350b177639e122085bb273d9ae5ba7305855cf96b305ae7493bdd0bdcf0ae5a
UNIVERSITIES,128331.0,610.0,University of Toronto,Professor of Statistics,1996,31b65d5e2c0f838705294e716a58c17379769afbc48613bf3cc0e775b63063bcc09204c0c72cfd365d6acfbe5e95ede908aa80629acdd4b5f3a8d51cdba96962
UNIVERSITIES,102894.0,1518.0,University of Toronto,Professor of Human Development & Applied Psychology,1996,489a6bab4319beac7e6c5a88a354379a2fd05ba7801b1a8b0de1e378a5ceeaa6e29ca585be2ae50b94ff0c9b18b6d32452ece01600939add14897e4aaee8cd7d
UNIVERSITIES,110032.0,384.0,University of Toronto,Professor of Political Science,1996,a2c562894d0c192f71b398711480a53ac2ed17e02cdeaff52316c9f2378cd1e8ae6f2cccd7f9c58059397b3af108d3d92df33a87bc1e4004eb7c823229715c19
UNIVERSITIES,106741.0,645.0,University of Toronto,Professor of Medicine,1996,60cbf183d247bc1c63651439e2e3a6386739c11f98fd416c8f9a55d2d902593af72e5a855dcfb9c699ed05d944ea7ddf9e061331eb760fb36c4cf5f97849ad54
UNIVERSITIES,100632.0,3595.0,University of Toronto,Professor of Civil Engineering and Director of the Joint Program in Transportation,1996,372dec612c3b8709d4277bd2b4003829e15a4d46e34258033137215e99602f2b301303e8db3ec00a7d98de102f734fdb87f49ef62644fd3a4ccb3e62d4356156
UNIVERSITIES,142175.0,338.0,University of Toronto,"Lecturer of Family and Community Medicine, Sioux Lookout Program",1996,f5aabbc72b00115115c2e8b948c1459d24ce78a3c6c4810053585f4b073e070a5c62be8d7363b7f9bab45c08345c4705456eaa37b1c7e1ffc11837e98496d984
UNIVERSITIES,106794.0,1519.0,University of Toronto,Professor of Adult Education Cummunity Development and Counselling Psychology,1996,906aa288237c58a98960db1f7e8ddfbb49140cda74d0c531d55f7736e9837cec7fac1941b55a88481a18d8493248f5d897fee14c6a2ca2d2fd86cfacd9b2f3aa
UNIVERSITIES,101540.0,1291.0,University of Toronto,Professor of Aerospace Studies with Administrative Duties,1996,cf9e588f4661505eea18a3791503f45593d0448e8440a9beab90b03fccc3e853edcc1a2af34af50aa632a24071403bf2b7030fb4ea04332000452210a0683167
UNIVERSITIES,111156.0,522.0,University of Toronto,Professor of Philosophy,1996,789d82823e7d6e1a38ee15fa23fd6fa42b3b519ed9dbcf6403dc6cd650bdf242a27d50a47c4830658d4965957646c1f2301df64598de7cfb4374049c84cfd9d5
UNIVERSITIES,103253.0,347.0,University of Toronto,Director- Admissions and Awards,1996,c6de059ea5963c5e8356e438ada382ee287dca4ec9daa6752bb60114d412f39d9b76295d0bc2461440c70ef52e8ec1c276584bd5234c79d0fd54d6e1f33684ee
UNIVERSITIES,116558.0,325.0,University of Toronto,Professor of Law,1996,9f22c102d9a0e017f6fe810ed50e979bcb75a1dc32e36cd1b3870fd018121df50af63d764a66234ead96ad70c8ac1cbea63b0fb01011cb2872b2d34a1d9ed1cc
UNIVERSITIES,105762.0,642.0,University of Toronto,Professor of Dentistry,1996,c706a64d20d80c25b7af03cea89bc2d9666d4b3880da8369156dbc4f56d963033c5b4718015b087dbd3e714a39d76487e939e1efee97a2e0186f5f56a064199c
UNIVERSITIES,139409.0,708.0,University of Toronto,Professor of Paediatrics,1996,61318cac8c688e23de88523e53f74e09807ed6608dd07df2440ca810271a579f58ba906ca17c939d708f9444938d0c97a2dde967b6d8f110452b320405c19854
UNIVERSITIES,140784.0,610.0,University of Toronto,Professor of Dentistry,1996,3f99d1c90d999d12f6b2e66e3e421ff3d6627f989087754332f3ca9e8c666d6ecaec78fcd298caab262555ed3405eb7cd3696f44912f1976faf6103e0ef298e3
UNIVERSITIES,100293.0,279.0,University of Toronto,"Professor of Medicine and Director, Post-Graduate Programs in Medicine",1996,0017c26b4ea02e055a5c9101c1ecbf46599409bb957635b6d93fb27bfd1ab8d17a128b59eeaa3f1e1616f239e4c64c942debf3991fcb60a6c9c465d316f1ced3
UNIVERSITIES,117708.0,684.0,University of Toronto,Professor of Aerospace Studies,1996,a8e5e927520309e07dd17028a1f04b1a43a38b99b39a1b8ba65551be0cd8377822443c071d80b72803dc37ba2a0fe5e5f7edafdf8f2f004b26f6254d49983b6c
UNIVERSITIES,130204.0,508.0,University of Toronto,Professor of Sociology,1996,cd05c16712c3aa1a07b63183d9475c72837a2a8aa53ce21adaa66a2065ba061c09e89bedd9ad241d0acb11131606ca5387127d30a018c31e11c65853fa232c3c
UNIVERSITIES,100755.0,624.0,University of Toronto,Professor of Chemistry,1996,21f5c3bdcb597d0411af6662ed142200eef2b99611cf35ec25cd690820f963a9fc98d4a32d268d02c3ce63be46c606b6bfcc396b5b97644cb4e93625bf912e5c
UNIVERSITIES,108905.0,491.0,University of Toronto,Professor of Philosophy and Principal and Dean - University of Toronto at Scarborough,1996,032d3bbe6464417555bafc07240f88b61fb1c90a3a2db63c2bf062a4ad2b10c29f7430d1e82799b7edeb698e8d86a8b4d9755861768e75c558f1347dd8168184
UNIVERSITIES,103046.0,359.0,University of Toronto,Professor of Biochemistry,1996,183d91d782d22ff30f6844ef7d675b8977485515df644d849e1c99ce719aacba4beb389438334bc626722b06ccdd70e7df9c0e3b9d4933895a3620a7eed62ac1
UNIVERSITIES,124661.0,605.0,University of Toronto,Chief Psychiatrist -- Student Health Services,1996,5f991a8bb05f82934a34d0e59b4b7b7d563cdfc5bac8e9d117c11f039d1eaa43ab12f8715fd21b7400ba5318609d884078a2af5bd1cfb5565840f933f118bae5
UNIVERSITIES,113597.0,395.0,University of Toronto,Professor of Zoology and Director of Computing & Information Systems,1996,515d4453c7ea4bdd0b4153b6ecc8d952c0fd99e72049fd2d964df62f73b97c3c7703ec4c34ba406f3d2cfb6cf9abed3ad2c5337beb5e8e6e2f7c93fae774917b
UNIVERSITIES,107125.0,287.0,University of Toronto,"Lecturer of Family and Community Medicine, Sioux Lookout Program",1996,afc41dece9b071e8fa4f0da28fa433a3dcf6c778285330962128e227fff32f3382bd743a454dd9e0e2a185a04ded974e060176749fb3dbf6d2f0ac8ad5ac90d3
UNIVERSITIES,102894.0,1518.0,University of Toronto,Professor of Curriculum Teaching and Learning,1996,c53fb10784a429dff1ba83a7c29b59a04129a29fbf713088edb41071788156454b313c0b868d9f13a1bf096c51e4e9e228f9eac3da07f1fffc39e7b2a67ff0cc
UNIVERSITIES,165233.0,708.0,University of Toronto,University Professor of Law and Economics,1996,dbedd04df84bb1cc7e0f13f9e0c44e3fe91f1a19f5cff7b43ca6e9f6963f22a8a77c2d500a81ff43875fdbc890c102d6a5ef3a1a69b105a4c378c2d8ab812b33
UNIVERSITIES,154756.0,346.0,University of Toronto,University Professor of Theoretical Astrophysics,1996,7d4170abacb70ee75209abb764e2ead603b883e35504101feddb230b1f5a33f4602ea5b485f0551bce6fe256b356364be0578d5298fd614930657fc6dfc4c833
UNIVERSITIES,159255.0,708.0,University of Toronto,Professor and Chair of Ophthalmology,1996,04f64975815bb9c59c00eab0682303d4b20723b2c295a450d20671f061255b50660c8247db9057197112f3326f395ca36ff4f6d718670dbd7a482c5dfa882c97
UNIVERSITIES,124630.0,3765.0,University of Toronto,Professor of Political Science and Deputy Provost,1996,dc9dc87c72db29db5239e2692a399846ffcfec2d77105ea73db0c34d423be3162f71e719bee25deb67af1f165a6282e7b4843a126d584224f296e3bdb92ae257
UNIVERSITIES,123941.0,519.0,University of Toronto,Professor of Pharmacy,1996,f8ecacf9b8863e6ce985c844210b45f8bfe9175c1b048e1e1c9660b383ca82d5b153c2b65d553e1e85f52e8a4eeca331e82108b78e9c26662ecc7b44e54166bd
UNIVERSITIES,124713.0,621.0,University of Toronto,Professor of Medicine and Associate Dean of Postgraduate Medical Education,1996,e52cc37b543105473ada24fdaf6dacf0ec34b8d70c72fcc592170361d6fd357c7d7009587824557a5e08c420a28df38c71aea324be7c4cec19e569b7035301cc
UNIVERSITIES,101927.0,356.0,University of Toronto,Professor of Microbiology and Medical Genetics,1996,15d803ba254588e279dd615205983922244bd038f63b738196beaa04d9093286c7126bc18e7f614b33d8ac3faa39f800caffecd4db8249efa7f1ee883de97178
UNIVERSITIES,107707.0,649.0,University of Toronto,Professor of Electrical & Computer Engineering,1996,28fb018f2986811e9dede01a83f7abb9d33c8a6385461644521bf416c3adea6bf9c955912a47b5c1e0dd7be982e658c9ceda284c2d9a9890e4823bcd9c5b721b
UNIVERSITIES,127765.0,610.0,University of Toronto,Professor of Mechanical Engineering and Vice Dean Applied Science and Engineering,1996,832c079c658f33e0bfaa4b4b668144b26dd141a6f3d69767ed6cd56d57f5130ebe4902b92a1f40a7000ed264ca9c840582e092ccee0aab8b9c4b1b953e3c4e49
UNIVERSITIES,104185.0,363.0,University of Toronto,Professor and Chair of Physical Therapy,1996,17717fc02dba0a8bc5fba8fb1c18ee3551b27e202e26a1538dc0b4c09ecdfd115ccc96ecf081ba854fe43fb09e809fc3fbfc67706172eacb22dfc6d7f4d69594
UNIVERSITIES,109396.0,458.0,University of Toronto,Professor of Electrical & Computer Engineering and Chair of Engineering Science,1996,087df1679f267db148543af7a033ed7094e123fb2988af00f1da2eb1dba7bb5f954bebf2290c933d81eacee7239f1007d88f6a818d3f3b7079cc3de035dc4dc8
UNIVERSITIES,112926.0,435.0,University of Toronto,Professor of Law,1996,224a51c02075e2e8c5868c77df9fc2d03ac95a9b3253d4a8d2fcca375749f23ebad8d482a6006531cbd6bce121bbcbdfa70a46227d0989d45728767d93bb9cfc
UNIVERSITIES,107948.0,300.0,University of Toronto,Professor of Medicine,1996,186cf82c4e5ec16f34b3c460d8cbc0d657beefa25bd6fdb31efa328e6c34b7251b3e5f327ac2bb7970d97195182aeee512c7bd815f5fcbd752a2d521abab0f6f
UNIVERSITIES,132453.0,1592.0,University of Toronto,Professor and Chair of Curriculum Teaching and Learning,1996,6e5f287aad82a3d9ac7329922f0b6aaee0a9dcdd864d961eeac759d9761575ecc16f16683914601c55e193010be2982f23b566c8e6ebd0c3b8f4d39fd8afc4b3
UNIVERSITIES,113778.0,590.0,University of Toronto,Professor of Physics,1996,22b2adfff4c45ffc01ba0ebb521971892f01e983118a1d9ec9aee0f751df75f3b9c92afdf7f41adc23d32290798d494c3b25b2dacfb7f45f781e2747bc9093bf
UNIVERSITIES,107218.0,3588.0,University of Toronto,Professor of Psychology,1996,bed75073b89248cc37a818e73b04a8e472c5ef91e05b96c6382cb82f10f2b7e909d4cf78f4de5965cf06561ca662d83136444be513ec249ebcd4baf882ba2ddb
UNIVERSITIES,105714.0,517.0,University of Toronto,Professor of Psychology,1996,201435340f7df42611e365824b243214fb9dd265304d23898a77379f670f1d9efbb5940de34c3c25fcd2f690447020bc147a7184acc0ce69e7e3e68d95d1292f
UNIVERSITIES,108628.0,455.0,University of Toronto,Professor of Mechanical Engineering,1996,fb8b1f4ce53877dd7efbbbf2490946dd81b585ddc65bb2a374b3f6d0de85049c11a445430a0ac3ffddb4637d8071ef60f9b502a0445d7fc1901bc246eb68211e
UNIVERSITIES,108280.0,575.0,University of Toronto,Professor of Geography,1996,915e80545805689c224ae97a71a5640ed76b77e958a75b6d9e7fed22ff50e24704bfa4be3699f1de1f40a9b424635156ac8c1f9f23d4db189fcbdd34e9fc9926
UNIVERSITIES,107624.0,426.0,University of Toronto,Professor of East Asian Studies,1996,77b07ff9b6aabf7e966e1a6a61372b5317a046b81d13c71c3d9990d8d570fbc4f6664d7f5965e3c5fceac2a7ebcfa4fc0e1424f3dd38646af2c08742001ab188
UNIVERSITIES,105366.0,515.0,University of Toronto,Professor of Dentistry,1996,32d32a2bccc83507443798e470757d5c30069c87fa5166eeea8f3a8d35a273679c1376d7c191debfd5b466cb17837695e0e2eae94e2f57b2b26e0a864704e2b8
UNIVERSITIES,113567.0,555.0,University of Toronto,Professor of Economics & International Studies,1996,16d5cb4f88bda919e737ee79e97dfd0fafab65ca7495ef799fd21ebce3b337b26a8ecf54925565587489dbb7efc8bc4b804ff0adc0e285984278eb91300003e6
UNIVERSITIES,102894.0,146.0,University of Toronto,Professor of Adult Education Community Development & Counselling Psychology,1996,fb67279700d40a2477b6eb5004ce9fde45cea5cd4a505ae375901bd59ac0f7139fb02ccc8cf15a9d3457a546e045833560f9262ca73b97f2653d5ffb62d2da9a
UNIVERSITIES,104242.0,510.0,University of Toronto,Professor of Law,1996,e18e7036515607407b81837fa5086f2583833dc309f28eef92a5bfe06e089562c59ab50444d0cdf570054992a1eef016ae698b4e4254009aca8c39f21d96412d
UNIVERSITIES,142536.0,708.0,University of Toronto,Professor of Law and Classics,1996,114cd1bc7cd336aace9e028e12682e2b24e73f0b2d5ae4909fe133a64b4411153968ae8dfcf89fe48b4456b082bf2e8c4430a88d7ba1f9cfbf537c824186e697
UNIVERSITIES,104237.0,637.0,University of Toronto,Professor of Law,1996,bd2039ee2fab77755c4f72cce42934786a44be79234fab0045164887e529b3969b0537aa86e06ba45ed5ef9bef6e24d553b50861d69d5f0fc1b10335dd9d1dd9
UNIVERSITIES,109794.0,1519.0,University of Toronto,Professor of Curriculum Teaching and Learning,1996,ca9e666c642a65339751b5460255759b87b67433a70bce168c6e60c6df588eb42bd15e346a6e518e5d177ab49a208e00f0c13caeb5ee35cf41492fe6b47c3cc9
UNIVERSITIES,108897.0,303.0,University of Toronto,Professor of Social Work,1996,e717e747eecf207f871dcab5df557dfc652ebea937dfe847b93f051c0485141da9ab326c88dc12ba8aa6f95d3a9111eb2ae95c67cee74976f4f0f3a75db896ef
UNIVERSITIES,102027.0,585.0,University of Toronto,Professor of Physics,1996,7f3ac8b25e4e2bbe07fa3739022c4cf47f37043c7ba3a951e50682457bd203d7c45c19dfb38c02f18af2c2afef938ddfd53d69b5b92f211172932db842223ae4
UNIVERSITIES,111923.0,585.0,University of Toronto,Professor of German,1996,1081446d670448d8eae88aada4c1f7ca1049bb4c2e5e4490e09ac16872acbc39904cd33c386739c2b5b6a1c5b49aa81c0363449df960d31c52d4cbee7b89670d
UNIVERSITIES,137871.0,610.0,University of Toronto,Chief Financial Officer,1996,1e0509a981e2396f7b9cbccf19f824c31bcdf54f31ac112141a3d2529eb807d8017ba3dcb7459e3207cb1ae6f0f80583a3002b7a15a294088436b50b7174c4e0
UNIVERSITIES,100607.0,1422.0,University of Toronto,Chief Financial Officer - OISE/UT,1996,90ec99e72481f6208a047b480d8454e45d8057f3f3bb0430ac7943eddbcbbbc868545d60f5128576dd28c7b4fe605d5e25a07ac479d48a26f5baddef7c13ceb0
UNIVERSITIES,117275.0,7488.0,University of Toronto,Professor of Management,1996,95130ddfd1edcbbd4b6f1af9b9c7f84b67776684395319b55c0c14e6cc2f6796c9941ae623368a749935899473c45b6dcd3ab8fa018a827c0713c244577281e2
UNIVERSITIES,130545.0,524.0,University of Toronto,Professor and Associate Chair of Civil Engineering,1996,ec012b99061cae1829bfa2f0e28377dd663ae6b004d4cffa2b1f580ea1ad9a570e7b5a8aaf18a72570475b0b3426424d2301c2ec24f6bd08a2008cdc1a31dd7f
UNIVERSITIES,104765.0,512.0,University of Toronto,Professor of Botany,1996,fcacb4895cab0ea028cbdc1cfa74d3db6e2267fcfdbdcb007ac4ade4120f677e3531e610505e591be62cebcefe2929bd65f9283f40d160746247f0868d6f7c53
UNIVERSITIES,111034.0,447.0,University of Toronto,Professor of Philosophy,1996,ad9f646d61fcf501722f0992d0183e20c720933440c2275422998f0be3c56d7ee5ccc99657062c4947d6e9920e0bf17a8044988b70fb3a3e3f60354d9d34070a
UNIVERSITIES,135981.0,522.0,University of Toronto,Senior Educator,1996,ac349ba5186f1cd92354898c62f33fcc157dc1620d6d7d7b55c426c903cd2f5be7c2bf3380af87d63eae76dc1bf4d59fd00770e258bc27d4a395e58b61175757
UNIVERSITIES,123500.0,316.0,University of Toronto,"Lecturer of Family & Community Medicine, Sioux Lookout",1996,5ab154a3ff59bc511180b179ec9005d7ff0149e242465d242a8019863522e4a744e11fa2650488e44886e09dd244518fe263ae7c945444fb2969a32fa5034f02
UNIVERSITIES,127911.0,610.0,University of Toronto,Professor of Economics,1996,9c66df4b012c03bd91e214910f6b9e14f83b498f9207e2ebfe46007b66b3dfa79c02e40239476068d217c105e0e3ae12d1520a56f39ac60a55f963b2d36c7511
UNIVERSITIES,122127.0,578.0,University of Toronto,Professor of Education,1996,e0bab199761cd93364541b5db4ce6821c2a9663a8f759016ba5f868b40095742f5e74b55a15a63211ba9ae1b84c92c396defcc6be712460d0e4999f902004873
UNIVERSITIES,100353.0,553.0,University of Toronto,Professor of Physics,1996,72ce954b36b930723f0d0aba6d1fe14eed7b8bd2a161cc93ebea4aaad42f9ff02dbe0147427282dfa414cbc0d5f06363a2b532e60f55b878c8586909c0c74f05
UNIVERSITIES,112186.0,586.0,University of Toronto,Professor of Electrical & Computer Engineering,1996,667747a3e637c834507b7650e8cf0f89e352d6a3c128c61cef394c9147c4874a42217a572fe7da24637871c6c992af68731a90feaf37c60c3e5d832e44c6f22c
UNIVERSITIES,103596.0,562.0,University of Toronto,Professor of Computer Science,1996,9bcb70bd395c6652760922111a563329edae1452b2695f1c7e2c81000e850737cdef79e099de008e70cd2a773bd5ab03dcec185f367aab0b1d91fdc06b9b6fe3
UNIVERSITIES,111380.0,520.0,University of Toronto,Professor of Civil Engineering,1996,e64279170e5a46f7709580c5f18296549269c7ba0eacc04cbcfe072dae6a47c87715e85bb5b3d278253724dedef0a9f07ca53927ee3484a4e8ec57dd2a691402
UNIVERSITIES,126779.0,0.0,University of Toronto,Director of Alumni Affairs and Continuing Dental Education,1996,dfb2ff878acc92c4840687a887d6ecf10e71f928cabd203a8ecc83a3c6c827f9947dc4f1e9bae0dc89860d5ad545beda1b6cae93d7f3352aacc464e12baa9894
UNIVERSITIES,100199.0,279.0,University of Toronto,Professor of Education,1996,81211a529b60b97671ffd30efda051c4fb4e9330f7e3f4ba403b47fe87703e9d7298d46007ff8eaf7ce9b7ff6e9db50279069035f0a442b8a1a312ea0ad8898e
UNIVERSITIES,102376.0,559.0,University of Toronto,Assistant Dean & CAO - Faculty of Management,1996,ff81a6f7b06a65bcc744c41d7975b2c1b3acacaf959f5abed4cd2a7ce54b5d1a25d9e37b205c6fc16f73c41e6dfe46b6d35b708eb9d13c0234f2ca80844cfab7
UNIVERSITIES,121509.0,697.0,University of Toronto,Professor of Banting & Best Department of Medical Research and Vice Dean Research,1996,b227e06ee69a2b39b6034b7414819ad4f3ea56b64645cc4e57c8e35fa67b6104d5c2867378825389252bec46d3439da2ee3f8c1acc89840f43e213cdaa00edc3
UNIVERSITIES,124439.0,620.0,University of Toronto,Professor and Chair of Physics,1996,efeb25ca9ce6839d7cc0eeac42654d4f26824dd7a4ac6c7113e696a17779cdbf745c12653028199b7d02d9a1695d9077cbefd8ba1f47b35a0b73fb5fc845eda1
UNIVERSITIES,103995.0,509.0,University of Toronto,Professor of Zoology,1996,487a3106bef2aab87d0bc3a395bd67e7e10c6f7a6ccb53ae678f3aea58a20a959e6f3aec2fcf2b06fdf0a00913792c1e5cf3ae9b096cdac05a51bff19ffb6ef5
UNIVERSITIES,115733.0,701.0,University of Toronto,Professor of Preventive Medicine & Biostatistics,1996,fdb7544a52258bf47c2cf968bc9bbb169617cf8f4271329191f88d02768f6d5f5d00365c6261c5efc58c71a5e1627091bbe7c05f5dc330853edbbb2f49e32b1b
UNIVERSITIES,115466.0,563.0,University of Toronto,Professor and Chair of Electrical & Computer Engineering,1996,e3330e4c5eb1b78bacaf0da8c5fd71da76348e0bfd8f29c3ea69c7702a397904bb23f8d213b54571fad940bd2cac2e5fb053ad3bad6c19c3da4b9b6e96e37491
UNIVERSITIES,101659.52,770.84,University of Waterloo,Professor,1996,3e01a454982db6457c08058cbc37bce56c98a490fa44df84fc2fa98a55ada9db1cd9e57815a7ea8e38c8bb4b11ddacb0893e67cff90092e86d4a8c783183560e
UNIVERSITIES,101635.68,770.76,University of Waterloo,Professor,1996,9209be9572e7567e1fac00876468f07b7e649d406c9b43ddfdc9992360c1dd848789c28b53f2b6770dd7d37363e3fb6a76332b412dd6d6e797d7fab0d9e26eee
UNIVERSITIES,112434.0,777.78,University of Waterloo,Professor,1996,fd7248315611acd9dba40f36092cd2978d18a66151f2d61ceb4e147a7857daeb5b5a11c6c0042ee4d7e367642efc611647f02e4ef713fb3d7f26215d34025836
UNIVERSITIES,135188.0,859.36,University of Waterloo,Professor,1996,aa72f44ddce5ae6e17b1d91f8eab7d7b5bd693ebf8739bd3303c16527a7836f2177c59ddc0e6c523a8fd51971932b8bcbe2d4a97be584b8e48edef05b06e21aa
UNIVERSITIES,115549.28,779.76,University of Waterloo,Professor,1996,c3f83460aaed758aca8f688e3de7a1199711bb03573e30e2a7b229a66bbb2b2bf232676e9b6e6e17888af4b5d73554af3017bfd64d477da076862caabe403d75
UNIVERSITIES,102224.92,775.2,University of Waterloo,Professor,1996,09a01fadc162904449b3819fdaa1a9446b4810f1f1de8ef4593da70a44c56f9ff478182ccadf33d5192bd26451a83427502c164143a060996e3ae5cc19f91c68
UNIVERSITIES,186666.72,5402.88,University of Waterloo,President,1996,079f4effd010ebb042e9a138f938eb8753a08c7c0e74b22af954594c5fde68991f5c98cf0f8636a46c56d8f0994d7304c4b84ad42a094045955c827e9d421ce7
UNIVERSITIES,107262.56,773.24,University of Waterloo,Professor,1996,ecdaf16d313b8b9e1cb45c6adca4bc9181d883e038def86b165513ee5a95ddbaee2df988d474a53c4da37bbba2add646c88a43d3c055bd5a9d252147cad9b71b
UNIVERSITIES,101006.72,765.92,University of Waterloo,Professor,1996,b1e37bf6a5e0b8b59655f8ad539d46524d64ab443ca3a770e60e923ba15312ea00ddfd913783032cd88eac6402b523ad8aaf387cd6fdfbd43154366e86906660
UNIVERSITIES,158781.36,1204.12,University of Waterloo,Professor,1996,c04bc922fca65d2c27d0191c1141477588b9a87263e99ee2c66d1c02c8e13597ef3f5dc65d58be53caba6e5db48ef1095aff9b55873bd9fd0163b87bf2087f7a
UNIVERSITIES,102539.2,744.08,University of Waterloo,Professor,1996,91039607211c5b752a5f5418862e12753095a4833d2dd7614facf293dc9247b3cd215e987f81696f7e11a9676ed869e0875db4030ee1f7dfbe6f064a9c277475
UNIVERSITIES,103769.96,313.96,University of Waterloo,Assoc. Professor,1996,866eff35dc13c962f3e2d06a2dc299b07ce01d2301977af8eb2c3ef377c5b6aff541679fb9691a272b7884a585a60f20bb83c00e8f0d4844b03e614e4d273409
UNIVERSITIES,119233.6,1357.21,University of Waterloo,V.P. University Research,1996,8fad65ef8c1b09eb7fcb29ca817def929dff3cda9f5b59a1e0e56936acc6fb8db2745cba2af98c171b02da1529f0dfafbc4f0b1a59c2df65bbcdaac18840db82
UNIVERSITIES,111036.28,749.96,University of Waterloo,Professor,1996,699fef93769b4b32cb2526fb54e057af986c5fe2f60e732cd8c363de5ab45795dac62031e34dd7744c92e7279ec0c6f0de8ff0bd41a619bf71d8e3f94b02fbe9
UNIVERSITIES,105014.56,750.84,University of Waterloo,Professor,1996,a030224ffb812abb6413682b4b683c1184e5207b57a4e8ba4943d108400a9ff47be66edad2caf7f8df18b97a28cb914653820441a7e65615b02dc51436b7b2be
UNIVERSITIES,148953.36,1096.8,University of Waterloo,V.P. Academic & Provost,1996,b08af3bcc21a2969680dc749e6d705672f996558bebd194ef2179895ffd0a3aabaa0854fff1d4d4a083d3fb4114daee2ce2d0b63af545da1173fe8b38a7d3c21
UNIVERSITIES,114177.04,779.16,University of Waterloo,Professor,1996,0478cd63ac6d601d12dcd47a58ebd4663e2cbeedf468a43e9dd906b19740f0d168aee71f80245f01c10f90ce679a2cb983fd77912ea00557c58a4f14951b2789
UNIVERSITIES,106976.36,747.08,University of Waterloo,Professor,1996,791bb35a5d12172f92be5467740810d954f920adba6bec379eb93a1d80ad8d30de3b4aa7cae81887a3c9784a1db7c2fd3183d2f8e0ef0f5697e00d0b835264a4
UNIVERSITIES,102553.76,2154.1,University of Waterloo,Professor,1996,7dda7f78ed0c1340665eb05cc508c4e0b3a7a4874f0551acbfb7e5c30bde2e0b2b0bb67946a4cd491eb59e8c47c2269d5cd383b08fc2c0eb31c35aadf7824609
UNIVERSITIES,105187.88,797.6,University of Waterloo,Professor,1996,8cae7b17a2fa5464028cf606bab9d90470f0fc12471a3c50fea7a100ed0eabaf68572d857aefc512b000a0ecd924542e51376866256f294e7cfd73d746103a9f
UNIVERSITIES,108120.12,771.64,University of Waterloo,Professor,1996,60d17672d2bf690694a8b81fa6710e2f193362fd40029222461ca31ec502c2bd2411fd89de7b6d8a5f5e1ccf1a8e251af3bfaace1fc0ce78b00ff8aa2eacaada
UNIVERSITIES,101321.4,761.6,University of Waterloo,Professor,1996,8e50be755c1c450bf7b1d81d6f83ea5e8b480b7b89690c58e3eeebb47b118108e36f941a786ef805b28572dbfde3ec6c37c05d160dfe64e948dc03522f927b23
UNIVERSITIES,100171.38,748.16,University of Waterloo,Professor,1996,b413a039ad4cf98157edc9c6317c510be93decccd15c5829da06a70170c1e3ecea9676b148791f761b01be4ec4d3d4253442a95bb273b7e69729a3fb99242b83
UNIVERSITIES,105402.48,759.2,University of Waterloo,Professor,1996,c15503ee93f9fd95ec6d6735f8b784c65d1bcc417c10c4569681d7f34a4cfd0653061f72ede1e750b64c356dab9e041c920ae5a6fee57788f2dc4ee366367a71
UNIVERSITIES,136586.86,1034.84,University of Waterloo,Professor,1996,1129ee3a819818b22261939c1c0e2ca34fd379b50e89774aa3a3705e2b25aa119f18c620d784a93886854633ee40241ff30a98715fe0844e54e2208c52128e15
UNIVERSITIES,101767.84,750.64,University of Waterloo,Professor,1996,54a0b628034f907948c01bd3eaf86aa2d03e96ebfb9ac223b703e84685b1de5f3c214fed129de4f4478524f720292b318b76183a58b2acb4b57cd014211e9ef6
UNIVERSITIES,100443.28,741.72,University of Waterloo,Professor,1996,75830005fabe222c1a5b86fed5be16b62efd613c7617da97a1eb330ad4f7ac2db4c3f2f07c86c55f4cf5f8deb3dd652a6fc323f96379891f4097be338f870354
UNIVERSITIES,102094.72,1215.2,University of Waterloo,Professor,1996,2bbf32628366c2175591e68f19e7013b206cc4561e74e83528c8fcc6d2a88eee51284ddf36259b3b00892423e57f984292903d3db544726194389046383073d5
UNIVERSITIES,102027.24,733.48,University of Waterloo,Assoc. Professor,1996,dde149c94cefb3c54484b8035de5b319e97b97626e2fd8df507a48532a0a38310fb528e6cc8db8e43e6b2f0d050b7ff11c3c21694870beff2d70c0465867fbec
UNIVERSITIES,107755.44,759.0,University of Waterloo,Professor,1996,f2d404993b24328596f6c8edbf9a0d9e832a5e4bd1641e70a8bfe49c344be681add80ef3d4d56b722f0c497a91049d9211ecd1eb7edf9bb80f5409f67ae9adff
UNIVERSITIES,100443.32,721.56,University of Waterloo,Professor,1996,7d00a3d739fbac1c81956977a0b96b85f46360ca920960bd9671a2aebebcb74165e105363403d4e352db89ba2352953d1670a30732713fce44933eaa0cf69731
UNIVERSITIES,102210.04,775.04,University of Waterloo,Professor,1996,d963ecbef1df1dc2bd04b70561139e84af832f5bb768477f6307bb663e69057794a61c2a1f86f023a094b8dd15bcab408906e48f3782b2893ef23bc636356c19
UNIVERSITIES,106850.24,770.12,University of Waterloo,Professor,1996,279adb11cc31bf20a7efa31f38e7d1968745f9e34928d7b9176cc5482b972c3367c21439cc7de8e2a4507578b35545cad9536a1f154942c672f8f356adbd42c8
UNIVERSITIES,103634.98,705.96,University of Waterloo,Assoc. Professor,1996,2cfb316696dacc8c36ac4576aecc5ba076edbba48d17798f1e0c0d0c0c61c67f48fdee658540d8c61449940d62cfe37554104b1c0a314306bbcfab90a70886c1
UNIVERSITIES,105940.0,749.12,University of Waterloo,Professor,1996,b6bb18a56c2477066ad8a186a391e2bbb7f6263ca4ab6dea219caa4f666e4f0c6d2626272ba72a509557e2fecf927a2eefb28eb74aa7c878f0308840ee003a02
UNIVERSITIES,101495.12,684.04,University of Waterloo,Professor,1996,96f4a86dfbc95cf65ffd3e7e7d52b8c2fba7026169f78cc5cc1d1a134962c3689f15b3331c14ed9f44c934fb425889bdd2b03216d1e9fab9f49df0cf6efe4afd
UNIVERSITIES,101180.48,325.04,University of Waterloo,Director,1996,ed6713a649c49774db9062db62df5f3cdedfd437c2f56f010d031798e89636095d7e1a436971d12a5bf7288d1bd05636c1075e975b37321ab6727df11afcd3f4
UNIVERSITIES,105322.72,793.0,University of Waterloo,University Librarian,1996,18f11ebf52d970cfc6ad685d92e06524fa16613fe7d1650f26183a001c0ce8b2b98d3376745cc9068a61d570cefaa0c5b22158e986477a3ea478a8a373519a08
UNIVERSITIES,114333.8,743.6,University of Waterloo,Professor,1996,9def959fc4a72237c4780974735184d5089c955a7363d023cbaf977694d9287c67286541f18ee226c27dafbc91dfc4d048dafce2bf08eda0bb5a3f1e26143681
UNIVERSITIES,101832.4,772.24,University of Waterloo,Professor,1996,0efa97253d11a89126d21595033798903d9cd25d2e04e3c010fb05481c7842c782a45f0ac2caea95e0a47697b70676e10ed978d4313b5ab6865d018ed16ccda7
UNIVERSITIES,113672.32,940.44,University of Waterloo,Professor,1996,a04292deaa4b9dcc4c86db59a59722df40fde1ec29e372cf363f5d727810ddf4f181500e753deffea25726c2ce11c40f614ccb0640f8a0378016d33948318a51
UNIVERSITIES,115414.28,1324.8,University of Waterloo,Professor,1996,ab762d6a2732e096afc9ca7f0a069c0309f677228399dd6cac0a2272be604fc937a21db831d4560d7a030b1a1ec5e0a6486676ca85130df3be133cbc9c6a1f42
UNIVERSITIES,101130.56,931.04,University of Waterloo,Professor,1996,d4243ae864b40afae63b8d7f4a43fe52a91c19088c0892d501e7e60cb723c18007e927ee7826f8a469fee492b62f40ed39c534a61df70b2288ce667a67de7cd6
UNIVERSITIES,117753.12,402.52,University of Waterloo,Professor,1996,44f9e89163c4b946b54d3d33cdf4d5bfa9f526278ea1273f09b77615ebc383eab9e3aaa6dafceeb405ab9ba54541422f178ce752525e801af76eb1d28eeffa1f
UNIVERSITIES,101335.32,682.72,University of Waterloo,Professor,1996,55f91e829dd1c1cf2a01f81812932ec7018a22fdd2ab1afe8f51b621f013354b870e964f8700882c69a09534706595204333cb6594f3d3dde475b47da0bc8205
UNIVERSITIES,108960.81,702.08,University of Waterloo,Professor,1996,91cbe3b50cdd6ddb4f3dc18bf90597ad1cf9226fee79586a3c4c0e03f099386683c9360c10b0e9c8fc0a5ee76f3bfb702dd560558b41af703024b52e9ffb54ee
UNIVERSITIES,101211.44,547.84,University of Waterloo,Professor,1996,f21dacf477127012207de161b3efc42fbe4ecfc5fce925621fca8bd8e8a1a16875d23f717e540cac3cb790e49307982206596fa10da935d36fd9f1568312bad0
UNIVERSITIES,101903.0,772.68,University of Waterloo,Professor,1996,f73da4e84bfd809bf274a20ff8b999a63876b3bb5888bb696984171c342c00bc0dd259db2bbe2c4db2daecc208a4d35d8f8ab6c18e052099b603171f6be0c4fc
UNIVERSITIES,113998.68,2563.7,University of Windsor,"Full Professor, Dean of Education",1996,2d6430092df9d094979603013f26ae225454dfd83356ee1da33e23d81b4be8c8af89f5ef45725b624ed1208ed77333ebe16a50e8b94d1e10948bdb7352c98855
UNIVERSITIES,104794.51,599.2,University of Windsor,Full Professor,1996,4d8eb9e7dec08079be09cb7a5cb647ced2af54ddded6476feb0a5711074ee9a583d421605efd1a7cce2a87e839f27de2c80bd38a24b0a5096a750f0414a9c1f5
UNIVERSITIES,101200.04,599.2,University of Windsor,Full Professor,1996,836ba884be002d4e0f52786e5a748201f15fe763edd325b673aa4a216612ebadb9163125d8e76f786118c6897f59bb75b918932c0f4c679cc7b530acdc6fdda7
UNIVERSITIES,105898.01,599.2,University of Windsor,Full Professor,1996,1cda49dfe2eaf2bf1467d96942d992b8cb04ee3856cb8cb8fb937c09fda0b149ff94256448154b7586daf009a00fcdacae86b4d019f1297a8147afb70ea60f4b
UNIVERSITIES,104956.56,599.2,University of Windsor,Full Professor,1996,a3a606486d01ff5dda95d8fbf99c047fa04dd6f2aa245c09fb301d9ea3ca7e3c68a062124155f1cc6cced2935b1c801e53bd388198498c32bce75b847f20426b
UNIVERSITIES,106211.61,599.2,University of Windsor,Full Professor,1996,2bd373dd6df5cd26ad905095748dec963ff62c72fc3b6b9913a4548db5adc6197ce1c7da98ae3fd8df110e297416636d7e5b0cee8d2a680ff3baa5fa553fb864
UNIVERSITIES,106091.6,599.2,University of Windsor,Full Professor,1996,c1b7e180cfa9f1e3eff2037cfca6ef852686aacd7a11737544c9a0d81102199d6d1d576d45e389f1f213420780d8a90738e669b9a23a171077037e79c922f17a
UNIVERSITIES,111822.08,6095.18,University of Windsor,"Senior Vice President, Dev. & Alumni Affairs",1996,795c55f9b1d7cb282e7e1478ff3c8517ae27ebc144df7802a8594d2684ecccea381c6b237331e69c1abb05f126e864fb6ad9a30b619fb06f79d200f5e3a74e84
UNIVERSITIES,104931.08,2045.2,University of Windsor,"Full Professor,Director of School of Social Work",1996,e92f865bb6e015d6ad007a83139a51ed72a14d7887f19ec484cde31ced30dcc52eaf3cc3e64dd5dec0b6c142d7e98c45719209152a4b550db5d1998389260a9d
UNIVERSITIES,113373.51,2045.2,University of Windsor,"Full Professor,PreService Educ. Program Coordinator",1996,9a0d933c3a9d7cdee3dbbd87cd5341ca0e0a740e5859070dbb01b72269e8ece1c5519b922679f2f95f1db8b8702f95643bf6b932ac178529327d64c900fe3cba
UNIVERSITIES,100800.59,599.2,University of Windsor,Full Professor,1996,f6774eb95e60044b8b2b2db4f6de4412dce36d1f75e02ecd3fc8534db9c66b8c738b586da65e8524d7e449bf05049cfaf9a210fdd916c2566f3f94930d8fb557
UNIVERSITIES,112914.88,599.2,University of Windsor,Full Professor,1996,38b523c1338f0160c702b16ba5c1a9a9c72b3664d1fdaa3d2eeecf8a3092a7ff1b330afa75b0f453432b1288a220db59a6626367b6ac292b08fef8dfeaba8688
UNIVERSITIES,110885.11,6930.7,University of Windsor,Full Professor,1996,fd9bd23e179f7577d53bdefcb2fc9233f803cd36668e3fa58e8436c90147f2322c7d7ac472e417106153676a0eedc42c07dc400d8e2a4a87825dae89480d993b
UNIVERSITIES,136676.61,599.2,University of Windsor,"Full Professor, Dean of Engineering",1996,718cc757460a016582b97c6914fb2e0ed9b9d9ecf83d662cdba8bb5bd3ae7938594dfcc7a319fb327bf85a3a91ac111f97c2cadb5189925bf3d8453007b60280
UNIVERSITIES,121961.48,599.2,University of Windsor,"Full Professor, Head,Dept. of Ind. & Mfg Systems Eng.",1996,e3e6d61762028ea92be4522151f3922b263ddf5b1a4aa2fd6323a865781ea7267a0784dfde11ee3f82f0d2036ffbc1a1080023c11d17235be9f442c7a7691426
UNIVERSITIES,143002.38,599.2,University of Windsor,Full Professor,1996,758571f4a8f24980e8a3054833abae65308a49eb4261e113beaf0a5fc3ca3c4cedb30a82cef7460ef3dd87d2ad364088e3ddc99f137e01da691b60db34ff86d7
UNIVERSITIES,110314.16,599.2,University of Windsor,"Full Professor, Dean of Science",1996,fba5415fd7499d866e85bfb23da9ab60c6b10a2a973a2d156f3329a9090d34d01508bac32a5623ac0017755ad1ec6b341d20f96e7df8612da18ed8c098254949
UNIVERSITIES,106203.46,599.2,University of Windsor,Full Professor,1996,9ff660d5977ecd8d2796faa75fed56e426f8b8a7705b69c1365d13d01074e64ddda62f370a0c93fd6ff860c9b7a2f756654b8967437ddc2c763240b48c978135
UNIVERSITIES,110133.42,599.2,University of Windsor,Full Professor,1996,a1ddf18e4c4f4ca76f4771b1588c8bca0a90fa6f7f18cb2e111aeb05e092f5e6f20ec37436d9059d6489363ef3ca1b7195577629130eb582d5b97c409bc12447
UNIVERSITIES,106659.02,599.2,University of Windsor,Full Professor,1996,8f44f8dd39d95cceeac9d5c4beb69793d0ae9e8153fb42773008cb3189b614250c4e654928b3ddf0921bf54b0ee24fdf150b8410d680275333d9f2690e98b2ac
UNIVERSITIES,126999.84,2045.2,University of Windsor,"Vice President, Administration & Finance",1996,bb748ec5caced68b63387291cb76f1293eddd9e160b31575191ac579e7bed7e97aec4c5fbc0baffaf6c950f8659f8fd8db3459ab9e83a25a73297ffa7b864366
UNIVERSITIES,106316.94,599.2,University of Windsor,Full Professor,1996,5882dd0f6619cb0c182987b175a3bba0cc2d160f2e5a3205aa92dcaf41613be1631a833843c57737fe9d7e1e1371fb7a776db0304302c49a4d446f98fdf32acc
UNIVERSITIES,100627.0,599.2,University of Windsor,Associate Professor,1996,4ae95525ffe1034bcd19eae3f6ad9a2bb640309f246b28dcdd49b62c92bd101871cfdaab745b56d6762dc9d7e131abbb6def0aebaff5824660e1bc91ef0c39ee
UNIVERSITIES,175958.8,15391.13,University of Windsor,"Full Professor,President",1996,73e031c1b85cb79c1fbfe866fbf1ead14383a34fccd3d9fb303fd69cdbd96f1dc38084543cbae652c293fb69e4cf1690bedbcf7fd74d9fad05f5043820872d55
UNIVERSITIES,105123.03,3270.7,University of Windsor,Associate Professor,1996,7411f9d6b42f8321115a19cab27c2b6065e23d8d725c3999368a50699980da1764c075ab2e2f0e7e5cfeb84a6b3a34e0f86532c31b16b88c308ba9c928687345
UNIVERSITIES,107464.1,599.2,University of Windsor,Full Professor,1996,0794a846c1e7b12fb4e203db9923a78f3134495e712171fad319b720f5ff9535cee28f7e8bc72be9f7a9bcb37eae5273e48df8f62619269e25f17f4544447444
UNIVERSITIES,109966.64,599.2,University of Windsor,"Associate Professor, Secretary & General Counsel",1996,31a57dbc8419c371a13cb598a79a1c798250f09287dd13cb04e0baef9cdd37425825a35bbd4d001190d6cddf8319654f003ea18ff0a1b12974383ae2f16e24be
UNIVERSITIES,122321.12,1884.7,University of Windsor,"Full Professor, Vice President, Academic",1996,6e848fc6c418435872c2c9f60f411edc8dd2e4c6b3002ca05fcd3bdabda740a889093e5c1fa6c54d6de366398db2a6c6d3d4661f7d495048f0a1bb50d0e5b073
UNIVERSITIES,108007.98,599.2,University of Windsor,Full Professor,1996,2d0c06ba7234caecc940fa7d23470c11680ef552379a0704ebb97176d9dbaccb8c46e8fae7d210507569d05677fe2f6eb62809ef5b280d172f5d1c6b5cfd3da1
UNIVERSITIES,110708.0,599.2,University of Windsor,Full Professor,1996,fea1232599745687aa00805461ba02a834ae61c0b52269ba3b5a7fedeb5ffcf168cc646cba6c1e818678ee00d3cf19674c437cb23159dc73c5e9b18e9d6989b3
UNIVERSITIES,124999.92,3270.7,University of Windsor,"Physician, Head of Medical Services",1996,57227ae82243943373eb7c2b5718df981bda11e9e06df824cec881115f771a5b6c47312966a84bb08019a39abf97ffdfce808d74c970e131bde8b3881fc5d1b2
UNIVERSITIES,101027.49,599.2,University of Windsor,Full Professor,1996,fe0201ae9fbf3ae92be7108472f07e3ac174a24c32acd163018cffe8618cfd88efce4bb6360d20498f633128905761979f85b528017c7875c643fdbd7bd49904
UNIVERSITIES,100268.83,599.2,University of Windsor,Full Professor,1996,01da5803b0cfc3ec92a65170088edaea6ab76c81da2149598e5c2aa9cac5899ede155dcfca6136aad1e92c754a416db9433e1797811b6b93df7c6838b01fbd4e
UNIVERSITIES,102192.08,599.2,University of Windsor,"Full Professor, Dean of Arts",1996,4b6e254eb9e459953e6299b1b9b3299e7a91f122bae0c2edc871c82091b276ce8cc57c1504cd0aa7bdefd10caa27a8605927f57abdf669b7ec8352962445ccc5
UNIVERSITIES,111110.47,844.2,University of Windsor,Full Professor,1996,3e787d1bfc6336d383bc95d05a0844c8af14351ea2f348a4a5dd17e2baf2e0c5170d1e2cc23a0a1462f59dae5ddf6d08687582723fe8e1854db6a80713e580d2
UNIVERSITIES,106915.02,543.82,University of Windsor,Full Professor,1996,5ca58000f6fe6a75eb775437a9242c90e458dd3c035a601c7583b8969de885d30ccc3745a609fcefd42825395d961167e3f488d53fad592fdef6412175416372
UNIVERSITIES,100826.47,599.2,University of Windsor,Full Professor,1996,aacf340856e0c73d1ca1a3b6280925668f2501e1d732bb9515d4eb9fc663d9f969373c404eba5c3f5cd013eac5bf2f3ae987df1416fb3c979d83e0a4b889fa1a
UNIVERSITIES,100064.01,599.2,University of Windsor,Full Professor,1996,6d8e66fb1c12fc6c186659cee3c16ef188832d8e93147a853ffe14731d81fb9ba73f21f0abdf3d0464a3e29f034380c66789808a068ec6c489bf6c302a7ce882
UNIVERSITIES,107223.89,3846.46,University of Windsor,Associate Professor,1996,5f2b11de1fbdc5f05c1c6abce188691c4f743af5bf855321b3b5b17c2604d7a7611dfafe5916c2378c69648130be9dbdffc37b8d14051cfc7dbc9979c15b22fe
UNIVERSITIES,104375.61,599.2,University of Windsor,Full Professor,1996,a0370db4cfaba840fb37db50f8ee092d7e509a1ac19d2931b845cadc88fefe83cdcbc7f52074be04de039e64907e3803547419dbada6e77a59b0939c2b31bf4e
UNIVERSITIES,104431.04,599.2,University of Windsor,Full Professor,1996,79e0a8e679a32b1d70af3988b0220594156b51f0d5b5787b549e79d0ab2baa4d1e80397d7ca100de8a6030ea7bc5e34bead440a179632f5c27e20b30e6fc164f
UNIVERSITIES,112749.46,2458.2,University of Windsor,Full Professor,1996,7b5a5927074178769f495ce4790810384b01b487615ea36e2a451d3d582c52acb4731056e8be52201437b9060974487279d1aade33a1b995e0333d282e80c01d
UNIVERSITIES,110046.42,599.2,University of Windsor,"Full Professor, Head, Dept. of Biological Sciences",1996,a17bff1ccbb540362b75446c00e4dd8e5c44efb56221fd0d94eb469d0f689ba14c6d62adab99bca69f96c185d536700dcd245066b48520ec92b1871f0cc49521
UNIVERSITIES,111160.5,516.13,University of Windsor,Full Professor,1996,030dfbf35e9938991025627eae0b08a1da8796a09078096a01d8ebd760195ffa9ece7ff01189344b4bc74d2d17cb9f44ebcddf0aa7179723d5983f35f7adb4dc
UNIVERSITIES,107744.91,599.2,University of Windsor,Full Professor,1996,6fe8fbb410c85a5239b0050e3ef36bfda3773fcf9fb7577aed28b01017cd0012aebca93582130bee351f7457369f795a3f5015cb3bb2fd5c2cdc4cc036573ff0
UNIVERSITIES,102569.81,599.2,University of Windsor,Full Professor,1996,9fe2604dd08870e05a4544ee589d679c46f192faa440e550b61dc44b0d1d6843b0b0b9b015cf68d45c34fc7fa98220a1b4763108807949493d0ed4fe57d47705
UNIVERSITIES,100287.32,599.2,University of Windsor,"Full Professor, Head of Chemistry & Biochemistry",1996,767395c8628557d252518ed4d134490592ff1d3b7aaedacaebf067881abcc977f2ad5fc7b51c636507551fc44175ef08f78c6afb157e6a3f4ee0e03afd7d567f
UNIVERSITIES,106933.02,599.2,University of Windsor,Full Professor,1996,248ac6b73c6e9ba290e53f7c48d298f95facfbfe0126fb6c007a788dc8cc68d379a7c8fc68fccbe1bf61a1dc93d44e055003c06195349ddfd92af0241be0627b
UNIVERSITIES,106174.53,599.2,University of Windsor,Full Professor,1996,16178d510521456021c278b0767eb367f99aeaa334ef620e93fcd691383513253977fcbd5a993877017bd14fc2afa44e78af295b7370c212661da772bea76534
SCHOOL BOARDS,111652.0,1893.0,Victoria County Board of Education,Director of Education,1996,eadf98c525cc96af8155b4a51f509533b009adfd0ad9be78122b205d89f27e42e3a4c4e9f1ed2b51be310726fe032d8381b9d1d6ea577756119ba921dcfe01f5
SCHOOL BOARDS,109162.56,107.03,Waterloo County Board of Education,Teacher,1996,536c4763444735390461bcb6b983668ebc36d1071e134dd403b93ea07d3299d74c381542c8ae8f0aa1d563aabfa92ba373d5b8a2fde579ef349a55e4afe0a01f
SCHOOL BOARDS,101363.45,473.45,Waterloo County Board of Education,Supt. of Schools,1996,d644cb583e928e0f260baf3764aa5470203220540999a4c08efede35e3b5aad0fd3250211a2917a64582dd6356308417950fe825c5fc236f52184ffd632da9e4
SCHOOL BOARDS,100928.46,277.9,Waterloo County Board of Education,Adm. of Business Services,1996,a853f99ec214d78ca0208b6828d3a58ce57deb50bd3962cb5aaeb604e1e33441408a5cb81f80c058e19673e1471b381ddac220d83a79e27b543b9f6109ee219c
SCHOOL BOARDS,100973.01,472.37,Waterloo County Board of Education,Supt. of Schools,1996,751f0c1ab07d68abe6f4a686d7f9917b0f461c6be276fdb4273fdd8158cfe6520c1f5f667ec8723c22de5317e60021bfbee70f5e61c596850398fafbcec32a34
SCHOOL BOARDS,108407.42,502.37,Waterloo County Board of Education,Supt. of Support Servies,1996,7b0a2eb84a37f8b0dc5a2a0c93cd9e0db74c65bc0a60232dff1d72765836bac096a24fd5a9030838797b3d331539c1a13f5fcf442228606fc896abf5cdeb9004
SCHOOL BOARDS,120572.69,549.33,Waterloo County Board of Education,Dir. of Education,1996,d860f3c653d7123c604edd41085161e2708ad6e11677993116a7a5520c929e5314ba467525c2afcca596947d20286011f8442985a4ab929afc13909bfe86aaec
SCHOOL BOARDS,100973.01,472.37,Waterloo County Board of Education,Supt. of Schools,1996,2af2612b3a456d5dbad8ca705abe878cbc4bfcf1cf6fdee125b3887ff92d2f68911c4d668e14b0c6cb339639dae7932833ea2c6ea94d901d5c42230f2257dba7
SCHOOL BOARDS,101363.45,473.45,Waterloo County Board of Education,Supt. of Schools,1996,b56a2ef11f760781d366599b741143a69ea48ab18dc7f5e3c673db03514d8e4c1ae6be17aeee47fc6cf3f2a4badbb0776aef53e2517bd1644c94b9d4a40d58da
SCHOOL BOARDS,104026.57,485.09,Waterloo County Board of Education,Supt. of Instructional Serives,1996,dc7fdea9e30ac02b1317895c8dcaf10231c2282994b8deca4456876cf011310641539195df26ce04cd3a7dbecec9ff471909ca2e4a85b48246f65f08d719ecda
SCHOOL BOARDS,116937.24,341.01,Waterloo County Board of Education,Manager of Planning & Transportation,1996,74421417d64259743fdcf5d6963f3b1b68d4307dd2b27a7611de8604d6bf3d0d833459912430a4bf334c63c183ca03fc710ade766e3e193aa6e71f96e30ed0c6
SCHOOL BOARDS,101363.45,473.45,Waterloo County Board of Education,Supt. of Schools,1996,1976893990f68b8a55703adad39d5bcfc3be79ff340423acff4254223556827a4a824a7d74f6c993243ec94e1861f2ad26b3c73f544421a6ee4551f6b1905187
SCHOOL BOARDS,100973.01,472.37,Waterloo County Board of Education,Supt. of Human Resources,1996,6f5ce696f89f644ae01f0fbbb76056d54ff32084e7809b0a98cdc2f9fc7bc4400ba339cedc46a3c5cb12ca2e937f6f92218c2c99c57bca5271023aef46439e1b
OTHER PUBLIC SECTOR EMPLOYERS,126008.37,525.84,Waterloo Region Police Services Board,Chief of Police,1996,c7467f6f7957397fe7967061b2113868724a504bce1747b8ddee1e0ec970e0f90b7c3d557bde791b321b1a8ca3a4c4e8778d23c9802ad26a0acd9c6eda68f148
OTHER PUBLIC SECTOR EMPLOYERS,104579.1,432.96,Waterloo Region Police Services Board,"Deputy Chief, Administration",1996,2782f2ef08e3c9481378eeb4753711865093c9feb2259f95ff4998c84458cf36d22bbb50a32e72e81e247d77485233b7b7a0662593da25303c30a4d6093b9454
OTHER PUBLIC SECTOR EMPLOYERS,104229.52,432.96,Waterloo Region Police Services Board,"Deputy Chief, Operations",1996,22e6d866b4c6f53a0150239b1cbde59648b3839200e1926e684bba3467993e94b061ce7d2f9faab8ade9d78d2aa112604a0ec8a46a5cc97441cddd51231eae0b
SCHOOL BOARDS,110000.02,331.8,Waterloo Region Roman Catholic Separate School Board,Director of Education,1996,93232683cf1e236d40ab2abbdc5c370af0970c54500d4616f69c23751bd6f93a88fa9f0b3f366ba3e956621ee9feef3e49f48b1795cac3bb18b049291d929d2c
HOSPITALS,124000.0,4600.0,Welland County General Hospital,President/CEO,1996,98c2a70c8c5a95149cfd7256cbdf390ba84e2d70a694f06d72460648973f115ae833e40b5f5a3d57e20ddf85fc3031ab47de6f0bb7615158d635bfc0ff3cfac7
SCHOOL BOARDS,110914.08,9170.16,Welland County R.C.S.S.B.,Director of Education,1996,ec8d6baf07aadc3c32832076b3808d167d52a4200026fccf6c8d6f7c9f293ac512b13759e24564679d798763e21f6f7c1b8451246874a7e42af8ab433e0656cd
SCHOOL BOARDS,112836.0,760.96,Wellington County Board of Education,Dir. of Education & Secretary-Treasurer,1996,6858c5140172b48d410d5786b13c0fe98d1c425dcc1278a1a6a640e9ab6b13118c9d1662f5b69ff5b7335cf558d340c038071961c0814a3c60b075c0048dff9b
SCHOOL BOARDS,115329.92,1231.2,Wellington County Separate School Board,Director of Education,1996,5306c254b01879a2cfa391f75a28d7f6da0c1f7488eb30fe25af9f54bc76307d6cd96a7791a4236d85f7166ca6a3d552bdd9acc77543b946851b408a69bbdce3
OTHER PUBLIC SECTOR EMPLOYERS,128315.0,375.0,Wellington-Dufferin-Guelph Health Unit,Medical Officer of Health & CEO,1996,03e74567df53f71b57edeed72faa972d662f91002872739988dd1252647d221a23717c4ccd380833a2e82b4aac398531da04edbeabba9a3ee1f38e4254f0eec3
SCHOOL BOARDS,111711.0,718.0,Wentworth County Board of Education,Director of Education & Secretary,1996,7e9eca4c2fc586d8b2a7a1c5ed242f5681b4bb10356e61faf814ea5221bc4b383df0559b11801ace853060ab06faaf34e13a211bcf2837deaf1b0a05a55af1c9
OTHER PUBLIC SECTOR EMPLOYERS,123227.04,471.36,West Central Community Health Centres of Toronto,Psysician,1996,7418406a8af625ab8275544f5e3bc759d3a232ca924aab4ad4646013eb14c4cda9eb9d2627d26415ed333e90d54f0e10a355cb70210b34227922635e2dba5ee7
OTHER PUBLIC SECTOR EMPLOYERS,123119.04,471.36,West Central Community Health Centres of Toronto,Psysician,1996,46924786c858bd26ac2ec5967f05623328837b86b5dc2acc4173b54f152405ad397aebefe3d280da30dfbdab63e49cf87213f992fc34fc636eb2ae5290528b40
OTHER PUBLIC SECTOR EMPLOYERS,113596.89,453.12,West Central Community Health Centres of Toronto,Psysician,1996,682dd1554e4b62ad0d36e53d9222b9fa3ba67f484b3538cc22c533cd727670f7c7d1898be66af3331e1d277879538a1d23324c0f175e64fe32b481c136ffc851
OTHER PUBLIC SECTOR EMPLOYERS,103159.0,6238.0,West Elgin Community Health Centre,Physician,1996,01c9cd43c231afa26401df22d6f02009bfb87f3f624d966f9087648ff28d48ca6e1f8025c2d751a13d3989e0346480df6df862bd48d0b4f7c794d6c4efa59ae2
HOSPITALS,105366.0,547.26,West Park Hospital,"V.P., Programs & Operations",1996,3d3a838eae85bb0119b5484c0e58bde7b4cb5643b3cd17038160c32167d057d6b3203e54afbce6e84ac8d1340fb9a24b7c54375b520fde8c3baf53f57f4dc152
HOSPITALS,182053.0,14264.64,West Park Hospital,President & Chief Executive Officer,1996,b2168ec27209b17375b5f9e336e7dfb08ca00df0e0c61368f3f3f945ed541b3a4888a1d2a641289264ed9278ab766b23220ff314eaa1f56de8b5ebaef2f0565b
HOSPITALS,112200.0,3622.88,West Park Hospital,"V.P., Corporate & Support Services",1996,82bfb177e42312aac78a3314863a606bab1d2bb0818c423caa92f3bdf962843eeb3599614a05fafb66ee3c1844053805897ac366170eb19fbc53dc8bbf61a436
SCHOOL BOARDS,103295.0,149.64,West Parry Sound Board of Education,Superintendent of Education,1996,bd674c752d0da0089704452b27f094d10af4159332ecdec60425a9aa2819c01e51629b7f0321f40cccb5066625f3ba81dec12d5a53cb0f9e64267ef1d924b3d5
SCHOOL BOARDS,112675.98,149.64,West Parry Sound Board of Education,Director of Education,1996,f770f2c6244f3bddb38d8ff133d71edbfbc48e2d77d8e4e2757fe993714d19fa7166498d926157dc623531e1cabae1445a748a7068277491f53b26a58499e645
HOSPITALS,108814.0,505.0,West Parry Sound Health Centre,Chief Executive Officer,1996,ef7350a532444b92859868ce4bc0c23e644d58700075d3b86caf234b5114d3c1c338ac6a663a18b60ef0748d187e4d39bcef90eecede15bc279df1163c90009d
UNIVERSITIES,125368.0,700.0,Wilfrid Laurier University,Prof of History,1996,38104475a0232f5252c3da092b3478b6457925e2fdf64374a22585f1f3dd8c0084268580ce47fedeb5bcbb8ad9a30544137baf4eb2fd7b3ed10fbd35311188df
UNIVERSITIES,103816.0,557.0,Wilfrid Laurier University,Prof of Psychology,1996,df0a09afb38dac0d58e391b79adb7b151ca6249307a54f3eceae4b6be746584a4d7803485d2c6aa83977f98271ae39b042369d9f788fa5811a9125bf2f09be43
UNIVERSITIES,158031.0,906.0,Wilfrid Laurier University,VP: Finance and Administration,1996,cda0a04d596a0b7ea5970abd1fa80591eae8fd1b25033d4afe121a0c1efaed46fa830937a735bb259265716c45866389a12dd9200960dc282725103d72c47697
UNIVERSITIES,105731.0,566.0,Wilfrid Laurier University,Prof of Physics,1996,42f8503ad7f9bef30237b7da5d97860c26eeecad54a28e9fd0fe3374486c1f6b6ddab1f0df8a71c6cce2e6b66766949cddc5374ce713ceffcedd68d791c701dd
UNIVERSITIES,104399.0,561.0,Wilfrid Laurier University,Prof of Business Admin,1996,47bf3a401fe0081e86bc73ddd5df4403bf0d02ee29b2d23113489b17c819102a91a72b9afbc1325cd655ac094c70d99e82fddb7218a2a498f61a928d77dd7659
UNIVERSITIES,100463.0,539.0,Wilfrid Laurier University,Prof of Geography,1996,b5d7096413f64079775eae56ac107a4d83d449390fafd7dbc1f3ff5e236593f6eb03b230e2544ef2b0478e7dc871bb15431f309e4d96a6a3c943b626d89c3ff0
UNIVERSITIES,103691.0,557.0,Wilfrid Laurier University,Prof of Modern Languages,1996,d181573f0c0e2657f0c83b956218ae346174c3490e876ea6eb91da584c7d3e47f045a114f57ab0bb1f621783b935c6119ee09eed173739337dfe35d041746713
UNIVERSITIES,103093.0,553.0,Wilfrid Laurier University,Prof of English,1996,43fbb9f6bff1d52e1c6c4df82b9c97f6a76ba3b41baf885109adbde95ef015865cdeda137d61e9bf50a692b3baca6a8384467cba847d9653721ff86b891f9b82
UNIVERSITIES,105901.0,568.0,Wilfrid Laurier University,Prof of Social Work,1996,b6be416e847f38485ead9532666cf2a1d1a13d17d51e5fd70190bd5189004fd804f29c56c8f4de80f58c1a061b66eb94a4c5cc7e3cb98e4740d18e4e2dfbab37
UNIVERSITIES,120000.0,209.0,Wilfrid Laurier University,"Dean, School of Business and Econ.",1996,334beafcff5549e1acbfcf2154c836c72b928fa5fdd5a492a8085e9b48cb9393e8d33a350c6121dc72f9f6ece122f8d185f66d73b293c229b1016179210f3a02
UNIVERSITIES,102997.0,552.0,Wilfrid Laurier University,Prof of Business Admin,1996,fb07ce1c82a6efb659a62afea50d59544f785ab096d257db12520c0b02316e85dfb84884e18855e956b7a9dd51d9b261bb2993d7c30bbb9f5b5d3c2907c1a598
UNIVERSITIES,103837.0,557.0,Wilfrid Laurier University,Prof of History,1996,265cfcb1ad192206440d064eeba29ea753c2544af2f3ca5d7213e7a62507574b506b438821033df0fbb6ecaee7b65c627fa9d12d34ba5030b520f8cf32bff3d1
UNIVERSITIES,103641.0,556.0,Wilfrid Laurier University,Prof of Business Admin,1996,133045a706488abede4385c8e4c8fc1de0be461bbed5a287d84cff388d9520a2ea38e5ae96623bc57acb51b690cdafdcc18ba98cf960fbdbdcf4be58b61f39ed
UNIVERSITIES,104065.0,557.0,Wilfrid Laurier University,Prof of Economics,1996,57e0ce340b7ec5a944a92f8cabed6a467a4c3becfeb8ce3a78092b3f46c333bc26bb19ea7f3cfe186b12891a3793e8fb3180d283a28d45822c83e8cde9e92f47
UNIVERSITIES,106043.0,570.0,Wilfrid Laurier University,Prof of History,1996,528d6aa33ff1c5577ef99e187a40ef7f542acf34fabed7a5cb97a23d0ec715723d596170b53bd4291cfec938a870407af5981a27226f41f89a94b99ad0bf717a
UNIVERSITIES,105529.0,567.0,Wilfrid Laurier University,Prof of Geography,1996,04da8850aefc103579075fe637ace815197ab091125bc71236097de109748473ba4d034261ff7ff8b1c883f259c2fa61820c1aa1bd17f1313f52e4d92b088a63
UNIVERSITIES,108917.0,638.0,Wilfrid Laurier University,"Dean, Faculty of Social Work",1996,9630fa26ced344e21b59b436617a6b48430c1decc1b895a809d737741cfdecaa016c9ced4a4f0fe97c3538681f752cda926b4555155333fce7444b8e007ce553
UNIVERSITIES,101967.0,548.0,Wilfrid Laurier University,Prof of Biology,1996,9184e78dda4ffafa214490e2f6607687f03e5b3e7a5458b7d63de4ca1f4c086a22c656c49190534004a9786ed68ed26a683f58e80799b502ff4d2567ac8cf841
UNIVERSITIES,103605.0,556.0,Wilfrid Laurier University,Prof of Physics,1996,7921ad9a3e553e84b1f7d0852a24584d3e423e095f57536bf67a7358503dfb6a314c7354e5893982c543c5460b46eca82e50e6b1fd1bed789defd086364c410f
UNIVERSITIES,103110.0,553.0,Wilfrid Laurier University,Prof of Economics,1996,f712801daa7c056cd91365bf3914a80cba2c0cc2c989e2a080fe78832de07a40a9e6be667becfa3f9ba69e237a0b205eeeb2bdd348e62423cf8f200736e0a1c1
UNIVERSITIES,223963.0,1202.0,Wilfrid Laurier University,President,1996,b8c32b84584dbfcc47dcf86ab98800126c421f12a1914b2f72f0d34fb6f7a7bdad915c2c76f82bf13da86bf83a7373244ce14a1f98e72da8e6402585069a6d13
UNIVERSITIES,102541.0,550.0,Wilfrid Laurier University,Prof of Economics,1996,5aff043c6f2925363649d0b94c94cb22e6462586d4b71b4c8ceb514911a8185592f0b35f321a85fcdd50c0ad471a4762815c6adbbe98735ca3407a84fd7c1b46
UNIVERSITIES,103362.0,556.0,Wilfrid Laurier University,Prof of Business Admin,1996,65aa03d3a2eef9012a64af693a0f73449bd03fe03ceccb51d24f398bf607bf787ffd884ffb25729359418cd173d7518f0c50701d0de5305f7193c4311c819fb5
UNIVERSITIES,113566.0,669.0,Wilfrid Laurier University,"Dean, Faculty of Graduate Studies",1996,c96ea5d26968bcc7471b7f965ec4dce735c6c924193d4ba8371623ad2fd96a008d3b31c5b18ea0981ac757981c5f17f9b14a28f5ac9025fd644c55f200c30e7b
UNIVERSITIES,125368.0,667.0,Wilfrid Laurier University,Prof of Geography,1996,1fa67d66f82defa8bcff042f48cba85204de56c296ba61961c547208d665c06bef4986e3b60b0a03d015a3acfcb12ecee14b6c0a425ce374bea52a38dc53eff0
UNIVERSITIES,125368.0,709.0,Wilfrid Laurier University,Prof of Business Admin,1996,06e9c4e7ecd9afe9c7b04f8a50a97c1d285f1ec7ec4d24e4ed10634d5419931a93bc59c4fc8ade47b3f30d36a595fe4a9e19f9c8c031da5b97c9e23cd33ea6f5
UNIVERSITIES,100655.0,541.0,Wilfrid Laurier University,Prof of Business Admin,1996,8448e9c8acf84c86ec39e5f4bdd3e9f19f3ffeaa8fd1c9b33b749f59cd5933e0d0d286578518ba56b53db61558f6f42459f2cdeb9d33fdda0f1997e1e24ca27d
UNIVERSITIES,100220.0,538.0,Wilfrid Laurier University,Prof of Business Admin,1996,def83583cab070f433225b425c809d6dacab6a713d14eb16cb5df9c63a629fc104d03b0566f011690f258c9d16b73e1417a8c3837046b07aacea663650a0667b
UNIVERSITIES,105588.0,567.0,Wilfrid Laurier University,Prof of Economics,1996,088b9888c80852bd7fc768d0caf9931c014888769e4191a6960a29bb09ff93dc59e4ce86b8782e2b97b919f752ba4c79c5147c329223de916ba4717c6ca600ed
UNIVERSITIES,126812.0,734.0,Wilfrid Laurier University,"Dean, Faculty of Arts and Science",1996,64451242973cc5491a0b947d7c84ba29ada7f2239b99943df5f49321df0d195650befefce5b885fc4eefc72bb4912f46a46c5e856b0986783142e978778af9f2
UNIVERSITIES,106275.0,572.0,Wilfrid Laurier University,Prof of Chemistry,1996,529a52a587910eab4fc3cf0500037f6fcfd1223a8e8c8479efec6378ca32d1d20d732ba5b9b604a2a2f41743c0813242b0086157ff9644fbbe262f0a3f49eb1d
UNIVERSITIES,139895.0,746.0,Wilfrid Laurier University,"VP, Academic",1996,4abd1d51835147be7cfd5bd61e578fdbb66cd41eaa224b44c3b0206f10cb09adb27525115cf3bdd34bbb967753a114c49eb4af41537d47916e32305b22809ef6
SCHOOL BOARDS,103521.6,2417.66,Windsor Board of Education,Supt. of Business,1996,9dcd03c8a03637df742d3377a710ac181a3fa149cc4b3e581706465483128dbb18115d59497a09bad9bd8e6280aad468b31d9bf1c20871f54ef5bd991480994d
SCHOOL BOARDS,108708.6,2417.66,Windsor Board of Education,Director of Education,1996,2fbc6ad0f9021263ef6c738cbc2f4a0d3d0ce5da0fea259474eebbe3aa91eb7af29d084d49c40e06112db153f39fbfb7794151d3902276ad134c6a07466e99dc
SCHOOL BOARDS,100864.4,2417.66,Windsor Board of Education,Supt. of Human Resources,1996,a02e4472fef47765e7288927460679a986b54b049e23ed9515471b477eb03deb3ef95ba2353d1214895b6ae68f79633f6beff96d12103c53c26dcda805142213
SCHOOL BOARDS,102575.2,2417.66,Windsor Board of Education,Supt. of Education,1996,1991c403616c08df079e62350004557e71e3480f3c94f1d964ecbdf6b4cb2d363f1ac0c0d2144aafa4ec7011061fad7ef1cfe17c4071e3fcea4112e0855e29d3
HOSPITALS,112000.08,615.44,Windsor General Hospital,"Vice-President, Human Resources",1996,d55aebffc19e8a3f9e6e1e957f9f05ad2dafb1b1cd2e2200a42f457a46688724b86ee23b6665808af14c9cc4d64efc4757271b6d19f48f5e6266c57df86fdcbb
HOSPITALS,102000.0,560.49,Windsor General Hospital,"Vice-President, Employee Relations",1996,05eb924e5cdf6623f8700cee3102748bc83171086a889a3dd622f3775cf8897ece30fdb870289178fcb62538ce4c0ee9d71c3eb98f84d9f4ae3e3fbb63eaaa7c
HOSPITALS,112000.08,615.44,Windsor General Hospital,"Vice-President, Finance & Adm.",1996,e792e1e60957b04eb4448f6062b80ef171017a7e4968535478754040730165060a586c1d01e5778a785c6776da287e942cbf57362407f67f65784b0618740818
HOSPITALS,156000.0,571.48,Windsor General Hospital,Child Psychiatrist,1996,7060122f73c2dfb3f2113fdc381375f42e4149eda06da16d857ddfa2d8d911944aa7fb0ef1f591bebcf2c5e50f1533701bc3d763fe8f62e4747372fc76fd2f74
HOSPITALS,112000.08,615.44,Windsor General Hospital,"Vice- President, Corporate Affairs",1996,253ad105f37eb60cab268c06184f4fb3e0cfd7af015ee17b30822890785edc234ebe588fcfbc7c4d71854f565202f0b6322c7e0119a512f519759105d2ec2687
HOSPITALS,127500.0,467.08,Windsor General Hospital,"Former President/CEO, Metropolitan Gen. Hosp.",1996,df1db0040ea2a86c78f94aff71fe074ffc8fac518a60a323898e3e1a617246fd91680e3a592cf1f7e577c1f703101605bd49d2f555dfafd525c955b0e0d9e055
HOSPITALS,124999.92,686.88,Windsor General Hospital,"Vice-President, Programs",1996,d8e8a2ef36b22623167333f500a38722d6375e413a218ee52a381bf6f5b0b94e2f4a358ff0913d3db771e78148dcf57a21ac857357c271feefda9d503013ae26
HOSPITALS,199999.92,13257.33,Windsor General Hospital,President & CEO,1996,b9265d236a52555c4f2bce99c84589a5f86f9238361e411971ff35efbcec20e0102fb937ad21ccc0cc3618259e55f9dc107a002afe963f56e6a1b50ebede649c
SCHOOL BOARDS,106496.0,473.0,Windsor R.C.S.S.B.,Supt. of Education,1996,0364e656c0257dfbf20fe6d19753aa48c90f005c2ead7f64a87e0807e998082cb0f74402d21f71fa396124dede8c8db884b2d7f88e5da29bfb97ddb7e3dcc13c
SCHOOL BOARDS,106256.0,473.0,Windsor R.C.S.S.B.,Supt. of Educ.-French Language Schools,1996,d43569a9a5b4efa1cdf266433750ce7d98632d2ffbc881b9eeeb4b0027bc70841d670d7ec4ca169b0ece857727d39396bfc70cb13796e586b4bb1a51a276c2bc
SCHOOL BOARDS,106256.0,473.0,Windsor R.C.S.S.B.,Supt. of Education,1996,07897282b7dac8873f930994e7f446a5694f3248f2dd61a99a1df78cbfc057918583a612409aeb51e5052b569790b228bec9c3427574c6806a58387c9fbf4acd
SCHOOL BOARDS,107581.0,473.0,Windsor R.C.S.S.B.,Supt. of Business,1996,f65d5604d277e642b2654381f40204e51b26ba7601af92ed673b92843e6a3d80bb122805a5c4d7c83b3006fb31075e5322649ebe468ae4fd8809af4c36c7d316
SCHOOL BOARDS,124619.0,473.0,Windsor R.C.S.S.B.,Supt. of Education,1996,af2806f7cb229789468295496196fc0ed4e425e79a045ffd2a7b41c41bf011967349efad97a0f0f7f722ff5c5c11f1b4f0fd687165e37aa1a832ee889fea12d1
SCHOOL BOARDS,121897.0,473.0,Windsor R.C.S.S.B.,Dir. of Eduation,1996,acde0db29c8073628654c2456b6bb4d58dabf09125b791a86cb93c348ba1dfe1216655918b6ea2b59af417c332816cabd906785ad07212b06adbbbb948ccb1a0
SCHOOL BOARDS,106496.0,473.0,Windsor R.C.S.S.B.,Supt. of Education,1996,ecd594d324693c20630f0fa3b68e55b10e01df967701ec53660b7171b0a05d169764683f2267d22107b9669ae25ca766cca7cc2065355171a1cf3f4fe87f2f6b
HOSPITALS,147681.29,6930.99,Women's Christian Association-Parkwood Hosp.,President & CEO,1996,d10c6a8a293bfc7a8590f4a54cfde99cf8a5e131acfa1ac5c8c5dc2833f149201a017f1796e9f044f01459f0ed2a6d4de3ff345b08b11c800a0a3a92c7cbda32
HOSPITALS,103788.67,300.84,Women's College Hospital,"Staff Neonatologist/Dir., Follow-up Clinic",1996,fe4f06089ded5fe1ac4f52a0cdef7df92151bc720af74163df6d1f99f70d3f83a95b8576e6cd1246aa049bfec8b3c97a516c880b6baffda876ac714a4fbc1979
HOSPITALS,137541.79,344.13,Women's College Hospital,V.P./Acting President & CEO,1996,77f8a7a6494c8ea6b018968016e4fa4605a07e9d12ec3e27348d84491b9dd69178c0357ff27579d86fdc37839f6d548f78e93b85ef51bd67bc0d4ec0f86bfb33
HOSPITALS,145472.5,342.12,Women's College Hospital,Vice-President,1996,36596e247a8c738c7e4575ce0d7ef6c71fd6f99b71ddc6811217120449ba70e2a5a072a4e95c8cb3172fa3300a96c3343f3388b3549b026c1384e00b10e11d3d
HOSPITALS,118460.74,339.28,Women's College Hospital,"Director, Obstetrical Anaesthesia",1996,399cab85088786ad81498aea2c0d808568ea01505d618b52329168075d028fa9b56cd8d63c55d44b50a38d3bc0232feff5ecaa0ea4984ff8c5905dd21f0e4266
HOSPITALS,185000.4,427.68,Women's College Hospital,Pathologist-in-Chief,1996,ce541ada925ac6ea1aa5b689acc8261727fe79e315092cc0a8930d3233fc46682d8c65d924f836aa394190a2ff3b5b7d7c76fb5566d5fe539912aabb9c5712e7
HOSPITALS,150169.58,403.11,Women's College Hospital,"Director, MIRU",1996,713d31acb3778415b4521acdffa1c8e5dcb14a8bea27066d82a63135ab480d37b888383c375d0b612bba53c79886f5b31c6cfa0a34194c6e31ac129f6cb19341
HOSPITALS,156284.85,427.68,Women's College Hospital,Medical Biochemist,1996,e5e8917a68e60d9cc8af6ee82b52f7ff3a775827a9ffa5ff2674fa9b65acf6dd527da56ca0429821bf29887e91739b0ea007933cfc0419e7531c8908c14db293
HOSPITALS,157500.01,427.68,Women's College Hospital,Staff Pathologist/Associate Chair,1996,94fbea61ffdc104f7449d886e3d91958bc4d176b8d8716d1663b3eb2c298a0785f999e1198c14944166785bfd80b6c808464b67814cb11d73ecf85e55a55fbae
HOSPITALS,134249.79,383.52,Women's College Hospital,Staff Pathologist,1996,5350e33547a72d0ba3e275e5a539340b81020ad866958e991001a4464dd4bfe4ee2c59f9169a0b9c9fbbd30ae52461c2fd06bba3ec4a2c3f9768d5b2d8298b2c
HOSPITALS,120097.89,346.44,Women's College Hospital,"Head, Heamatology Division",1996,e067c2e90740a349776b76c6b428d5d471514a8fdcf5881ad4f9e4fce9446849f15b6658f8d370ab6cc0944b939867638d7dc5a74a8637ab9350aafa61334292
HOSPITALS,193483.96,6177.68,Women's College Hospital,President & CEO,1996,409f1149ce0790aed42fcc08b7db191daee9aa74f551bb45f743759e11a064a2f0f8a35612c8851afe189f70321bf1f8dcd1d4257b9ed8396c0544a9270d4ba3
HOSPITALS,113170.05,285.12,Women's College Hospital,"Corporate Dir., Quality Breakthrough",1996,bbe5649f59a18d6a47a104727bb60c8ffd2b8104007fab48115bd01a8a5812f6eaab7ee146058b8a89cf6e67df72d5a72549ea9f8ff99b163e38a8de898f2e49
HOSPITALS,151285.17,427.68,Women's College Hospital,Staff Pathologist,1996,747cdd71e392e795fd3e81e12dd5df27efa007be6a1b46a0934e61c67c4375c2c710235427cba12320e81538f7b3305f18b24dcd530b334ed4955e0e9d5e100d
HOSPITALS,140186.65,310.08,Women's College Hospital,"President, WCH Foundation",1996,0ed36c71c3ec137c402a514101446beb95777e994058b0980dfa68f20804bbc9be3b212472902fb556dbaa0d59af497fadd3270095dec4676cace03b112a76f3
HOSPITALS,122191.76,427.68,Women's College Hospital,Staff Pathologist,1996,424a936319d847378d90764592654255e390eb3d46038e5cf8e8288c2f7c386d139635905ff864d1cad407612e5c405bbc941ed1e817b42572f69046619b761b
HOSPITALS,119165.09,289.74,Women's College Hospital,"Chief, Nursing Practice",1996,7ce2ff6225d2c568587dc22442dd627103c478949291b33ea66fd6d92a9055a61037112821588f8610ce6db24487a571349d3ca97da71a5709503e682f813c39
HOSPITALS,108899.66,213.84,Women's College Hospital,Vice-President,1996,d998aa6662ecf6d46d5d26473b0461d2d66b1e49e1240528973e12bff9ebf8bad932683dc262259a0771c51d9ce24f161bcafd96c89390d0de4843991ea89b1b
HOSPITALS,179189.63,427.68,Women's College Hospital,"Cheif, Clinical Labs",1996,0564b81493d6d63df91719204ba9a6ddd757f0166f2af36464c9bf4569fbd548b4408a148a6ddedb8610a6ff9b72ab93310470a596e38c77925c68f4e4e7519d
HOSPITALS,151285.01,427.68,Women's College Hospital,Staff Pathologist,1996,b73e267ce5d0159f938c4d863f6378af00c8dff0afc462ec78fd7722a153e137c405b31feed3e0d7bbe0c4bf26aad166314e5e27dfb570c8a78429387b098f8e
OTHER PUBLIC SECTOR EMPLOYERS,112802.0,6872.0,Women's Health in Women's Hands,Physician,1996,f057a86bbf8a2f4a0440a6dddcec5326c400c15e2ba5ca63d09c8ae344f71f6df6571f688e33b2113a1bf846324f739a5a18dd8fbc950aacaa9dd38ff4c28d37
HOSPITALS,134999.8,537.3,Woodstock General Hospital Trust,Pathologist,1996,bdd0c59df5acf81dd8b3f85a3a70310e7553b4797d9b7bdede272a758855afa0e8af9dc554206f0e3ac52976798efaa4fc07d3ce7fe463ace544e302062ffc43
HOSPITALS,159998.8,636.8,Woodstock General Hospital Trust,Pathologist/Director of Laboratory,1996,5b1ef69e0459a3b5830b313e5c98f7d99cc10d788051b764de735597b86a3481c02f6750c307be5c0cb2dbdac273613c32fd097c63125321572f65347982eaa5
HOSPITALS,392800.8,1006.94,Woodstock General Hospital Trust,Chief of Diagnostic Imaging,1996,8e4cb5aa01ec9f6305945b106c448d31bd5b61f86fd9005071ed262488612f36ac200b6156c93a32cf3e32e85307815e30d0d2c4b7b0bd81bd86a5c7939866bb
OTHER PUBLIC SECTOR EMPLOYERS,128296.4,7418.26,Woolwich Community Health Centre,Physician,1996,0243785bcc85d6a4a3ec8a15e195e59d1133d300996ad3108249ce311198722f90b11d04edc853348921112dad94688f6b1bdf0f5f34efe49ec74477108e8605
OTHER PUBLIC SECTOR EMPLOYERS,125941.11,5062.97,Woolwich Community Health Centre,Physician,1996,7a24cfd7a3e81bb092fbc376e3e3cbab65db23c6790f3a5da031274a73040bb54af7f3cd482052e6e770c65ed4846dc7052ea9b446e06cdc6528d193ff1a4c31
ONTARIO PUBLIC SERVICE,110035.0,318.0,Workers Comp. Appeals Tribunal,WCAT Chairman,1996,7a91a8a834c32da42933006bd858d2e193d5129e1d68a5135be48fe9307e905ab9e860089d65bed2640614ff9d21edddc0ba86d8e080205252e2388aee111ba8
ONTARIO PUBLIC SERVICE,104412.0,299.0,Workers Comp. Appeals Tribunal,Publications Counsel,1996,6c27c2bb6dad9dfb95276bb4f8cd5a900a9529feced1ae6d6406724e014db54771a93fed7cbbb473782835247628aa67dee805ee729b7b316c1f1ef035974244
ONTARIO PUBLIC SERVICE,120533.0,343.0,Workers Comp. Appeals Tribunal,Counsel to Chair,1996,8aa4b0c57ca48e73dad517ffaad8e0ed2e22bf4fdf5e0b8850ea8505a3ca241a6ab71548846670a913e3c073641b060ccda0732f69143d8eebe988fbdeb02bc4
ONTARIO PUBLIC SERVICE,119960.0,343.0,Workers Comp. Appeals Tribunal,General Counsel,1996,4d405339f61ca34c521ca8e90847956febe687445e63235837dbbe6a55b046f7dafc63e396d4f0dab7137cb17c7c692751aa46ea212c79d7fa6dd4035a4a292f
CROWN AGENCIES,103918.97,42.12,Workers' Compensation Board,Treasurer,1996,8f86a6d141f535527a663ad9160d58ede1c50ac1641d7c57ab6efea47b9fe4f5ca12ec87596f454cfdac51e9f57b5a1330011f48155bd88788742544ce4600ac
CROWN AGENCIES,105400.4,42.12,Workers' Compensation Board,Medical Advisor,1996,a5a71b1d405f22a66a7961d53bd45b5f4032fc89267397b0fed3d37733c62247f5cf558f8c4b27c34b75331ccaafcf9969a18d8d8ec0768ca7ec29f1b4648e4c
CROWN AGENCIES,104682.48,42.12,Workers' Compensation Board,Medical Advisor,1996,728a401bc05ce3f1f0c5bd5a61fdb25ed21914972f4df0dbd3325dc77f8ea1112b98760f85b2d4f7605c9d655f73660a993b5699487a702cb668e8bf045490f3
CROWN AGENCIES,104739.96,191.86,Workers' Compensation Board,Legal Counsel II,1996,d5367561e254ec4438ee7e3324f1e147b8361cfebe3187cb3e4e280b082000d5f46821d7e23612afed7e4861d294e0f47fb182278703ef10b67b83699be7ac5e
CROWN AGENCIES,101354.0,160.19,Workers' Compensation Board,"Manager, Strip Bonds",1996,6bbbb590821b5799a2fb47c028d0212bfaec2f797b225086918c2e25c59cf21879d8a9b4e74656b173bac94f95687a9e3cf75b549ce99a2d3a00435366f4f0c4
CROWN AGENCIES,129539.8,42.12,Workers' Compensation Board,Executive / Medical Director Downsview Rehabilitation Centre,1996,c53d8256f6dba8c6b25278bfefb3a9cfd5ada2b18013b8f65ac1bc77aee513af8ea0e1f7bf6ce167a67dba1311446d97ba4cd9f883fdf249c9a0732e707c2ad8
CROWN AGENCIES,124120.62,42.12,Workers' Compensation Board,Medical Co-ordinator,1996,9844c77e20952fa5200260915795bccc703f94199a0fe069424eb948d74715ba4f51bf1ff9719f4af5264fc066a2fd33bb20eb23a9bb8d780364c1d9376d1723
CROWN AGENCIES,109782.4,42.12,Workers' Compensation Board,Medical Co-ordinator,1996,cb050c878979560eee1f3193b5425aabb7fe2e6f7b7fd65df0f4bd1f905e6aa5a717a535ac95fbff391a7516edf200f2ef12816f96fddd668288e2d175bf883d
CROWN AGENCIES,114548.11,195.42,Workers' Compensation Board,Medical Co-ordinator,1996,37cc503c01aa5eef788b9a4c56691765e286207e42c88b39caf739b4dfeafc42f7b0ac7d0153b1891a87a58e0234827711bb638a175622be8d739e4882673ef7
CROWN AGENCIES,120152.24,42.12,Workers' Compensation Board,Medical Consultant,1996,c8d1e88abc4abf0bb8e063fd9fae4343292f0b5070818795a4af876fbdeb27741d544500a38e61b507234c951ba4371ee73c3769d09686c761dd19d0740f01da
CROWN AGENCIES,118035.38,42.12,Workers' Compensation Board,Medical Co-ordinator,1996,bb52c466060d7f4c0e0ff77d1c48330224d78a67123f7fa5f9b70e4799fa66a8bcd91827ffc6a0ad0e542edec085fca7297c6bb72de2e7ec689a1715567cc85e
CROWN AGENCIES,123738.36,213.68,Workers' Compensation Board,"Vice-President, Finance & Administration and Chief Financial Officer",1996,8658a4a6dfd2cd0814992a0be34fe80f3b4846e608d056efb409b20d7f004fb0517a8fddd42301644f13666ad06c195cb56da95a56d7fd59645f7ce7a6cf4a75
CROWN AGENCIES,125806.8,60.21,Workers' Compensation Board,Medical Consultant,1996,2a86c8443e5f4ae80460d2bd228b6d441439827a341f756f08a3efd096ec08f98837e78bd6ae730dc0d886d21a273ea140fd09e191951908353cbf3c1764c2f5
CROWN AGENCIES,112786.93,477.88,Workers' Compensation Board,Medical Advisor,1996,15877d6824658f8a6fd7103cf7b19f6fa486347d8e45c914f1a985626c754c4ec633ce983dd874ef2f7cb1bddb332d9303d0dade860753dd3830f0400fe9ffd7
CROWN AGENCIES,104739.96,191.86,Workers' Compensation Board,Legal Counsel II,1996,64ddb3b87872af3211f6f8ebea1a1c47aff5a828268479cf87eb5feb017b2d286f660bfb6c6aee9724ff46494d3707d9aee37cd284ba382786d622eeb61ecfc2
CROWN AGENCIES,101120.46,42.12,Workers' Compensation Board,Legal Counsel II,1996,51a526d662bb5a6862eadc4dd2f125e619eb8da2dc6f76e5812527b97a1c8e796760f528e590c676a0375497d83f8af00707157bfea3f2d5ddd90fdf09b137d5
CROWN AGENCIES,112036.93,200.32,Workers' Compensation Board,Medical Advisor,1996,69daa6d6af27d423a9afbbbe3e99973de61ac4d9dbb8861bcf3904980950ea0dd6beefd8aec5aafe291a0041916780a09ba5b64ca6cf45a347d58dfe19c5e08e
CROWN AGENCIES,112036.99,200.32,Workers' Compensation Board,Medical Advisor,1996,ab3927570690d9299f7d2031d41bfbdc9974111240382ba35da07f4de95e7c11e8880d46b8378a3d3bf4f9445d8658f563dbdbc2f659ef94d9796859fd30e2c1
CROWN AGENCIES,142486.43,42.12,Workers' Compensation Board,"Director, Equity Investments",1996,9f18ede75c5c990f8392f1869a64959b6ff33959b30828b53fd4861e30fee98a9bf22d870c19f24542d002ec28dd673e6f7e0f282cd71efe60ff676b9dc2d9b3
CROWN AGENCIES,118689.86,42.12,Workers' Compensation Board,Medical Consultant,1996,eb194e7ac916829b42d972a5bcb252328af11366c1bac67fa730ba538d0e68325b4158f3683b7723c060a8ac62d0cf32360a505ebc879b83462bb3bc7f8cca5c
CROWN AGENCIES,119087.62,42.12,Workers' Compensation Board,Clinic Training Specialist,1996,afef6e6bc1357e57c7194cfcb586fdf5b0a264157acaf4c60de4a33f5e6e110aabb90354aca495f6d4649c010c3dbc0d684d303e6d5a84be254ba8f91e0a3d29
CROWN AGENCIES,111943.72,180.37,Workers' Compensation Board,"Director, Legal Branch",1996,372c0798f3d4f5733ddeb5fb5e35030110806317200da5583cc76a71efaa33441cb500c9bbac0ec2a0f90329991d64ff8a1348dffbc8519fa29af208c9a0f379
CROWN AGENCIES,116004.7,203.04,Workers' Compensation Board,"Vice-President, Strategic Policy and Analysis & Client Appeals",1996,0deee52649ab6ea0f46b844c8b3f0dd9f70b620f494ddc1978084c7d807b307e9dc65049f70f0612ffdfb72f8467abb39d6968fe5119c2c573c1bd3bebb7d0c6
CROWN AGENCIES,124139.52,42.12,Workers' Compensation Board,Medical Co-ordinator,1996,2092a7920eddf99d82604002e8b51043979a41082d4948df5ec50770fa986bc0497fa5d945d58e61b0c8438b8622b31df572a08850b79a04bfb6a379f7e8793d
CROWN AGENCIES,115924.12,198.21,Workers' Compensation Board,"Director, Special Investigations",1996,36ea4bdc4e24679feb96437e3b304276dd64f3ae2068531c8bc07f2e18f4a2b4580118edb267a032a3fa4d5aaed12ff318f4c05c1dbaf9a09ea024e07d335c4d
CROWN AGENCIES,157500.2,266.6,Workers' Compensation Board,"Vice-President, Investments",1996,88283e30df06cd5b079b870a10206ab1e045d9403749b8a5fd8126aa13ecf9cf20ef87e1c284feb2070a3e31e0a294a2f63596f094281e3db1e6838d2ef4d23b
CROWN AGENCIES,122537.88,217.5,Workers' Compensation Board,Medical Consultant,1996,71e7e080196d009d6e323a89b6dc2e2463d5f24e138440e751131ce1c069f28758b5ce82ee3aa61863abf3257249f87c52903c8d05d85b469a5d8e15b1400665
CROWN AGENCIES,184154.31,0.0,Workers' Compensation Board,"Vice-President, Information Services & CIO",1996,8274501a66a48684353773edddcfc4f72469f85dd2753f298572ee9e2e143bacc81e44cee862bb1012965d5365587943226fb9c9f90d2b24824757dbb77598c3
CROWN AGENCIES,123902.52,217.5,Workers' Compensation Board,Medical Co-ordinator,1996,6c6e62368b0498f418415b84298eba4b687cdfb6fdf47e08378301bc434ea57710a60ad7cea4954058cf4793ac6cd42c78eab73b1374922a276c4a8a5bc4afa9
CROWN AGENCIES,118295.34,200.91,Workers' Compensation Board,Medical Consultant,1996,f8ea55995aaa7afe7fcfdc65ff3364a62129fefdbe089b39d7f0ff1173940a09facd9d87fb7f1f0fe6d5fc8efbceb40dc98c823a59aa6059b856bd0d9d600e0d
CROWN AGENCIES,123909.3,42.12,Workers' Compensation Board,Medical Consultant,1996,035bf1a78d7a704197ffa38b038b7909216f6983e5a5303f81b4716eb0353b39be2f09a3e0a0ce5a71483642ce555921af6cc554bd174f590f16a11892d7a6ce
CROWN AGENCIES,108296.27,42.12,Workers' Compensation Board,Medical Advisor,1996,23cf463bb0f3e65ae674f782f2a7fddce9bb6b942d0c09f88a5e55b3bf4110dc013344dfb4363f65cf0d9cca449bdab18e159a1b6578accc0bd197e6299230dc
CROWN AGENCIES,103799.36,51.16,Workers' Compensation Board,"Vice-President, Communications & Public Affairs",1996,c43457b9d78750759c63b11f68e41f2904230a0f6be90c65eee81059ce7f95fb667368cf6d73da57481f0b74056c80d4b8764fa49a54a2226d902ad5c2b981e3
CROWN AGENCIES,103922.96,42.12,Workers' Compensation Board,"Manager, Canadian Core Equity",1996,25e8061618e1929e57bd89aabceec7605e059263a0d210dd795aea18e5cb41b65d35167454124e0df7a44aa736722a9a986f04ffa97aa1b7f035133f1f6c5470
CROWN AGENCIES,152904.05,8906.89,Workers' Compensation Board,President & Chief Executive Officer,1996,a7ef8c98c9950ba5cd3fe102aa73b4781d862373cf3d6583910b1482c230d108bf3c5ff21b3cdd60bbe7509f2ee49a6f28929cbbf37a5dee14f23b336291e20b
CROWN AGENCIES,121908.91,42.12,Workers' Compensation Board,Medical Co-ordinator,1996,8fa98ceb4332d4ce20029ebb1619affcd3a85ef95275bfdd68efdb1ed2417841c007161051d47107fcd2dd96975c36c48294007879b78e60380216b12b0c947c
CROWN AGENCIES,108403.58,42.12,Workers' Compensation Board,Medical Advisor,1996,a76fa6022189fa18eae8d4262746a655998a8466b1e218e2d8581124cbdb037c736124da38d500055082ddb131a8eadedaa802b5e94e7c8ac15a6b36229f1efe
CROWN AGENCIES,110080.01,42.12,Workers' Compensation Board,Medical Advisor,1996,d91601e0ecc160453bc829c90a49d1d9d1cd8f4650c20115c502d894264f5f15d66a3e1cd1845bd5fb2ecd6e58192eb82292a52b34bb5209d168f0d74aa6f8c1
CROWN AGENCIES,110758.96,42.12,Workers' Compensation Board,Medical Advisor,1996,d23749f999c8348d5901b72b96a0bda39d77f593100e2824964a7a80b1d2be2f8441e3991a51ad1a72dbfb4e3a0dc0534bfc38fedb43c318fa113013f5aeb762
CROWN AGENCIES,112885.64,42.12,Workers' Compensation Board,Medical Co-ordinator,1996,308be3053d8be8dd54834bafa81177cf6e1bc22454821ad8ec8bfb1f37da0888e403e9650e3d1c3c41ad333177677c87defac9435844abd81637fbc2a831e163
CROWN AGENCIES,117543.72,42.12,Workers' Compensation Board,Medical Consultant,1996,22c5f0517196b1c70854ea171a7b8a5790d974c4a435b9a9427707cdd2a83b2a77f84f9fbb318a341d798a0466f1314e404cce0129d1f60350149e137d79f850
CROWN AGENCIES,111051.14,123.52,Workers' Compensation Board,Co-ordinator Special Clinic,1996,ac38968781b8e8b9c116c12207fa9284c0e3891b13f6a7e40addbd6256699c97724557ed4ce52395fc0e399592698944bb5e62d8399a4bcd42376aae25327d0e
CROWN AGENCIES,112013.02,42.12,Workers' Compensation Board,Medical Advisor,1996,bda2029e7e515bbc263be78b68e93f93bc53ab956983de39a636a1545bd1e490279ae48742aed8cb893eeb92b136a91cb8626f02f843ebc845cf7739565dcfe1
CROWN AGENCIES,144749.82,42.12,Workers' Compensation Board,"Director, Bonds/Money Market",1996,9dfd7694dd57ac7758592deee691cfc97104bf39f11bf7fee71e79ec0c19990c8b58b54116c0bd8a686c9b49071882afc1fbbd331795127e00bd1d938ddb3ced
CROWN AGENCIES,111988.24,200.32,Workers' Compensation Board,Medical Advisor,1996,27abe5b3ecb68e9519e5f2cce68e904bcb9e1e9b33ae00b01046dea66bffe362ca909b3b6ae3df44bff9f50894b0813387786a8949a200007032cf818eb95fe2
CROWN AGENCIES,123909.3,42.12,Workers' Compensation Board,Pension Medical Consultant,1996,c992810ae67af3660c21ac37b54d75c6c95858ebb09976575c8e19040eecb193707a454a88aaee8720e0c3545315aa57788bc77b25702f0300bb2a0a5fc714ae
CROWN AGENCIES,114081.76,205.32,Workers' Compensation Board,Medical Co-ordinator,1996,ba50f78f42775a43c81ee3863a9ea4cac3fcf08c6d3676c1f21654aa01b15771232fbbe30b47046e1ecd6e28739083db9c58c1dcf1799dd6c40064397e95cd91
CROWN AGENCIES,123929.79,42.12,Workers' Compensation Board,Medical Co-ordinator,1996,2dc69f1281d2b0d3eddf8c9ecbca038d97c2e00c0bf5e6bc6d141748e47edb680e1d30ab66c6c0d86b8cece29a9667b8b57f13595f7808a15b1f92bef97bceba
CROWN AGENCIES,114644.0,42.12,Workers' Compensation Board,"Vice-President, Client Services",1996,48cb1d16b9c2ea26fd8d480b48c8b09360166312ff54fa2a219cf4b3602401ae1f145488c03a3d989bbe3ced453379aec4774f63197c92d4dbca302fd182bd6e
CROWN AGENCIES,100420.47,177.3,Workers' Compensation Board,Medical Advisor,1996,fd8c45267ea69412646b65ba2acaac8aead62a7b0f2add8315c834eda2fa89a75c6dea17187cd25d26ce43f552eeafd9a5cda2af5a852f6fba253663c1879f74
CROWN AGENCIES,113006.07,42.12,Workers' Compensation Board,Medical Consultant,1996,f0e532af516264b5bd69edc644f9c211ccff55928fbb3596ca9cd154992f0cf0fad5e4891ac277049c14ecfaadad09551b6f05f920622aa4e260f03728d00728
CROWN AGENCIES,115766.72,203.56,Workers' Compensation Board,Medical Co-ordinator,1996,b7a9e22c7f4a5be51b7ee1a3d133dfc43cdb2b3b047138b6d4c0e287ce8097d0d53be3e3e8563215c95c6bcc92fb5ca21d39ba4c250b8714d88a4e210620f463
CROWN AGENCIES,115141.43,202.43,Workers' Compensation Board,Medical Co-ordinator,1996,bb1f8bffd85a897777787f266426391ee3cfa53f42599523e5623a017d6e2fb344ddfdfddab56de005b346ecf40ef470d876797c18f9295db4c4723246fcf228
CROWN AGENCIES,102657.0,0.0,Workplace Health & Safety Agency,Assistant Vice Chair,1996,3875d9d9b28de17606e45bc12284cab243a777bcb9a1ad0ec8dc066a9145f0b6e524ef44af9388be612f069bd2bb6c464ede3a55f12259a0e8cb78d2ab8296fe
OTHER PUBLIC SECTOR EMPLOYERS,159000.0,300.0,YMCA of Greater Toronto,President & C.E.O.,1996,29e9dffa0a51186c4fd7bd1e9e6783b05b1775bb4eaf2a19e3ad3b72ad6b60ec7e6fb278bff44b9faa2089760e402d5a5b880c03a6730301c5f54c025455a142
OTHER PUBLIC SECTOR EMPLOYERS,106397.0,248.7,YMCA of Greater Toronto,V.P. Financial Development,1996,c89ab9d19057b37c576d6a1e4ac4d10f6c8b2e6f13b0020cffa1e5dc9050d69aa05982ef516f50a9bda817998aab80a8a3ff253165d7ead2f07d1d98111cccfb
SCHOOL BOARDS,148855.0,8845.22,York Board of Education,Director of Education,1996,0cc7c43b702787f20840a432246e87e52e89acff0c84263a13af3030e39ed43d9431c99c9cf6679f0e8065242d8b75f696ad25cd974bd35963d6209a7074582b
SCHOOL BOARDS,120051.1,2904.0,York Board of Education,Senior Superintendent of Personnel,1996,bbd5e853be2e28d0291855e3c5e684d80e93c507139ace95bfec44946e11312b395077a20ce39472b5d75f48a7fc68b6a114abbb7d7dde7a0d16293f02363b2e
SCHOOL BOARDS,105188.28,2904.0,York Board of Education,Supt. of Personnel,1996,f94201eab233be31901674595ba2a9852e218abd657f652e6ecd278e318c30f1dc5f38c991a1bfcad68f9746883ee77d742486870cd580c49ae7ec6289dffe74
SCHOOL BOARDS,104819.0,2808.0,York Board of Education,Chief Negotiator,1996,2384ee558bbea61afe2743168d86d86d0819139c798073830134516eded3d64a43725e3becae16ca197c0fc5bc26ab2a583f35bd7ad3102505589ddded893e22
SCHOOL BOARDS,107506.88,2904.0,York Board of Education,Supt. of Student Services,1996,888028a62fa12053059ef55893ddaeba6f450caa710d4915d6171c02f7ea31c5a5f534f74880065fb14d05ab1707e1ce563b750f07abf13145b1a60b3585b2bd
SCHOOL BOARDS,120051.1,2904.0,York Board of Education,Senior Supt. of Program,1996,a196c9dc6ef58590467ceb8a89e11bd01698640675da3ce3b22c3859306c5fd4859b08cccea7146c4a2a61854529437f7741e7e35d71a764ef6d9f3690a868c2
SCHOOL BOARDS,120051.1,2904.0,York Board of Education,Senior Supt. of Business,1996,53b9cc9e7fab929900f4b0d32c3da224f2216bef53aa177b48a5a3afc87bb92899fb48b8c81a620cefb95c25c72d6cb960be97d37661ba605a4bbcac4f88b25b
SCHOOL BOARDS,110401.3,2884.8,York Board of Education,Supt. of Staff Development,1996,41369d693b0434740eaab1b3549fe3b29fa249d5072dbbcba646e6d1b156eb185e03d2c3d250fda44231dd8dd00d858cf60c63b145cc466b2c9d174608523875
SCHOOL BOARDS,104819.0,2904.0,York Board of Education,Controller of Finance,1996,5ac587c0110bb95e92698ac7e95e986118f37529b95c3071d452f780cde0bd88c3f7f5b09833427de25f03bc1c5a7ac258e4c219d2159f31363822e135d67ff3
HOSPITALS,179996.0,488.0,York Central Hospital Association,"Clinical Director, Laboratory",1996,91729dd1854932052c255db74eb86cdc021c590a5f56d726482b1b135b0eaf72d23a5e9469d377fb8577188158553fda7b81d12645ea2e8d86a5d48faad30330
HOSPITALS,179996.0,488.0,York Central Hospital Association,"Clinical Director, Laboratory",1996,91729dd1854932052c255db74eb86cdc021c590a5f56d726482b1b135b0eaf72d23a5e9469d377fb8577188158553fda7b81d12645ea2e8d86a5d48faad30330
HOSPITALS,121070.0,5297.0,York Central Hospital Association,President & CEO,1996,fcefa83c219589f99b1fa06b7d1d24fe53c39ac921e7cef502613f8701b795a0fb83ba1da6976a6c6f4eebf26f03feb4e530763afdc086827cbe30aa3da4fee4
HOSPITALS,121070.0,5297.0,York Central Hospital Association,President & CEO,1996,fcefa83c219589f99b1fa06b7d1d24fe53c39ac921e7cef502613f8701b795a0fb83ba1da6976a6c6f4eebf26f03feb4e530763afdc086827cbe30aa3da4fee4
HOSPITALS,143501.0,409.0,York Central Hospital Association,Pathologist,1996,22ef9d4255de38ac1c8776a2fb2adadb0f07dfc40bdb87494a0ff6343ec9b40352662461245d3f1a1fa5c48ce0c748d76744f9a9eebd7f694c3389a60f6a8b3c
HOSPITALS,143501.0,409.0,York Central Hospital Association,Pathologist,1996,22ef9d4255de38ac1c8776a2fb2adadb0f07dfc40bdb87494a0ff6343ec9b40352662461245d3f1a1fa5c48ce0c748d76744f9a9eebd7f694c3389a60f6a8b3c
OTHER PUBLIC SECTOR EMPLOYERS,116400.36,3939.11,York Community Services,Physician,1996,7562a139da17a772978c19b289dad432f393af4f1907da20751d0ba4aebcadf514e473aea2a90a525052c7638f163b3acbe727e3afba28b899b912b2d039d20a
OTHER PUBLIC SECTOR EMPLOYERS,121413.06,4353.15,York Community Services,Physician,1996,bae7d9bceee5ed83ed9c148275c3871eeea8b5dd455acd9ae71b0111214a8aa4292acc4aafeb747d8a0be2f82429cab88de3eb405a607a1e668c6bdd516977fc
HOSPITALS,133560.0,11978.0,York County Hospital,President,1996,ac68e686b803f19b2eab05c4b3888b0b18eb9ac2d147c76da9bcc02f297d8a626078be37fab17bf152ada88cda45b4991fa529a5d5fd8fe4aae61528cd47b9bc
SCHOOL BOARDS,113181.0,399.0,York Region Board of Education,Associate Director,1996,90fef9ee0fe22a44af752fb622db4662712f865452c82e6d81f2fa68f62f643633ab4f14746f11af265794c5bdf0a91df67f8a4da9c34e6b0f733629addb68fa
SCHOOL BOARDS,107753.0,362.0,York Region Board of Education,Supt. of Schools,1996,a59c76bfcaa79a4503925986f9d81019d15af7c7753d359f4b175803ba86d95abe8792ad0f1daedbf597e816161117f7fa829a910da93476115785b4a41dfb96
SCHOOL BOARDS,110311.0,265.0,York Region Board of Education,Supt. of Schools,1996,cb370a2bec7bc690715c7c1c88a5c55bc6bd63d3e17a91534116dbe6d3c132a68db1e095f15ddf645c7dc398a605a6cd99fb778247533b7c9e693f614a88755a
SCHOOL BOARDS,106667.0,370.0,York Region Board of Education,Supt. of Schools,1996,e7694ec748fc87d9ce833939bea7a3e7b8a6600bac3e5c32ef451c332ce2aa31bb8656f7b0fd41af37c8fe9bd9f1fa7e389c2965fe2c65807acdcdde3f4dad7c
SCHOOL BOARDS,110311.0,389.0,York Region Board of Education,Supt. of Schools,1996,7bd9e51e09e9f51ae376efb48a06267037fd258d9c2c2928319f9705fc79293a7e7158a1035d6d82b0aa2eaf0031e97d303c87f3eba92e362291653a68ee0e87
SCHOOL BOARDS,106497.0,360.0,York Region Board of Education,Supt. of Schools,1996,12c9495faead8961091d9f158b08a5649f65697f9e0ad7256e8c923863304500116b593351a19962f24dfd95b27d06e6f9571a321e9ca93432f2b24cf36735e8
SCHOOL BOARDS,113184.0,397.0,York Region Board of Education,Associate Director,1996,9a455a0b3aa0ecdf22b93ea1ff9c42b310f957bc72a62a21744c9e8a83451082eba78ac3c1825f56fd75e455d4520feafcea3599998db9b228749bd041ec5382
SCHOOL BOARDS,110311.0,389.0,York Region Board of Education,Supt. of Schools,1996,c8563f951db4f5a655c6c9ffc403fba26712acc738b604ff4638ca0e523e139047dd075f3bb394cc2b5d2947ac39b671de52e8eede4345581d2cd8055b1200cb
SCHOOL BOARDS,132714.0,2925.0,York Region Board of Education,Director of Education,1996,e1ec74fae55f5b66a3493cc91a192129d42ff8622db39a6ca04554050a45c11b15195cfb471409dd36508bde67f5717549ee381ba4d99b842d733dc82e64e171
SCHOOL BOARDS,112117.0,396.0,York Region Board of Education,Supt. of Schools,1996,3c31657b6a9a4509350933f84008b16092c79b2281ae7c930b4843f73fe4547112740637a67ca09ef61f8d508f7e4d5e1cec53fcee02d2d9647fa0620381295e
SCHOOL BOARDS,110311.0,389.0,York Region Board of Education,Supt. of Schools,1996,e023a0fcda842dce456b9ed73a8d14b40ce1deeeed370274490920005689107aee929340d859aea2b307779317718093e41071c2df62710b2d735b58b6547ca1
SCHOOL BOARDS,111823.0,395.0,York Region Board of Education,Supt. of Employee Service,1996,428f4778eed73c7d2d840e1b70131038a8bfb3bc921a6ff3f06fac6bbb7d88bffd124e48978b6a3010213931aa23722f197c963434ac5228f121765df92bf9bf
SCHOOL BOARDS,106982.0,377.0,York Region Board of Education,Supt. of Schools,1996,201d27a77e7dfa57acd0f6ee156447a54db2f5c9e7228aa54fba4314ac0097c800390704e01cbfc51c4617c99211d4d19a9ca6eb5256c628af063b33f8ca84dd
SCHOOL BOARDS,106982.0,377.0,York Region Board of Education,Supt. of Schools,1996,c2d31e4cdd634883177223bffdf85ea16ab02cd1ab145c3112de9bfde251c355ea49d756f9e81c75c2b18d7f646e3b600de2fb787a6fc2c4c65078aa0fb6b857
SCHOOL BOARDS,110311.0,389.0,York Region Board of Education,Supt. of Financial Service,1996,b8f7810df5c1bba85afbc0fca905a706174f22518f4de8cd7ff537efd48b70b1cc86b43f061cd5659740d922c8424b3a185044cea8c96893175be43d5ef8d0a5
SCHOOL BOARDS,105087.0,370.0,York Region Board of Education,Supt. of Schools,1996,c1f73f067d8ed5e35864476232ee0be6ccab3f646543585aa859344d05a841b4e497023f17a6c8f671fa555e7234c85195a837e9e2685261db6409ce4f8e6ff7
SCHOOL BOARDS,110311.0,389.0,York Region Board of Education,Supt. of Plant Service,1996,bd86f17fd386c7e9ac4d1c14aac718181519df03927b5b01552da3e187e252f0bd9390b3d24a5f704e28bc61457cdcce2551c9068e37d4289afed70b4e275de3
SCHOOL BOARDS,123721.0,7854.0,York Region Roman Catholic Separate School Board,"Dir. of Education, Secretary-Treasurer",1996,c260c0ebad6ee2cf71bae1daf4bf9f0cb4e40239dc2d3722a865fc4c9534d3108973593e1886bb2604db3c4a7421150a57a5e9d11097097a985c9d7e23ea15ee
SCHOOL BOARDS,110047.0,5812.0,York Region Roman Catholic Separate School Board,Assoc. Dir. Instructional Serv.,1996,5f2222e7176b34c22a1cd68517cd50ffd94e919978293573b2db60c3359f0361bd66c4bf1140d1c9ea9fe9f187cb4ea59dadb08d984f74395a6804ea5c5603c8
SCHOOL BOARDS,109223.0,2783.0,York Region Roman Catholic Separate School Board,Assoc. Dir. Corporate Services,1996,d14d0ea185942ee626b90f589ef68fa7f784a3dc0fe3e879b6b0510ac02ae0497ad454473f59ac85f795dd95cf7cd7a7f1a3a2ff864c6c54f2ccaa42088b105f
SCHOOL BOARDS,101583.0,4584.0,York Region Roman Catholic Separate School Board,Superintendent of Human Resources,1996,ea10eda7e6f56c4a08165aef8be15749ebce972a028e23aac6d1a8d3cca61249e8a50816741eff03750622ee9cdfd9155eefebfa89d160fbf1d506877c249105
UNIVERSITIES,184800.0,1558.67,York University,Professor and President Emeritus,1996,f69e1a4092937f05e3e82d4e190d41fb74d323536128b891bbb78142a37de260672394d99d2827be24a2c635b41f4ce3f256ac7d0160f8a0591db8736cbcc3ba
UNIVERSITIES,117873.96,988.48,York University,"Professor, Environmental Studies",1996,6f089da8b8cdddcb79bb5042f0ff38c8cce29548a37cb7d558d3a987ca762cec2ad00d0d57f9c8643a0c32cad3379966837f597bdf26d60e62a2966d2321083b
UNIVERSITIES,119389.04,921.13,York University,"Professor, Osgoode Law School",1996,0037424c35f346f4fa283e71747a315873a4206bf43f4188949702dde336fcb993f8f2334eb24607e7598e1088b914019137accf91ed94741602d2db9743a54a
UNIVERSITIES,105701.65,957.8,York University,"Professor, Schulich School of Business",1996,1b24e456fe11d21800b1cb5209161fc899412e12ed6a5ed324c0455ba32c4005eb5da5daec2c8f14cc945b27b958f290bbe2bf0d86aa79c45c0a53aa02fa2b7f
UNIVERSITIES,149213.04,384.8,York University,"Professor, Osgoode Law School",1996,7a66fc1a27eaa4106725ece9d430e70d1de26495fdbd580856f7d8f8df33398b6ccc6d7ed74d989c1d01670a0cdc8ee15757398af8ef50481c5fbd7e460b4b68
UNIVERSITIES,105000.0,884.67,York University,"Visiting Professor, Osgoode Law School",1996,e0ec8897797d352e56481f0b36d1267ac6ffbc1828a3b40266755b996449a2ea051edd3354c06e894c504534d396d8765d3fbd57b103a136a93ed728d916de5a
UNIVERSITIES,100948.96,851.09,York University,"Associate Professor, Visual Arts",1996,40b3ebe6ee70aeea2b045e8d105b200eee805b687b78299c47c2256ccafaa8309961dabc73f094378564c3abecec780490e32056687eccb3b432a5d55991698a
UNIVERSITIES,133021.19,880.12,York University,"Professor, Schulich School of Business",1996,99cd296d8bbeb510c9a1f0d349958faa15dc05a3df16e991fde7dad8ce892c39366a0db413c7bcc669787ed0494929743589336c41f2ee927899a59fbcf006b0
UNIVERSITIES,105444.68,697.22,York University,"Professor, Psychology",1996,71302f42d1e9fb43a3766b19a0005b09413cabc5e4b0b3317f92fcb0ffa803f6c20f6c48757cee5ddd3841dbb927c29c81611d28d1b2d4359f1b55789773d115
UNIVERSITIES,103620.32,3821.8,York University,"Professor, Schulich School of Business",1996,d389a846b2e5cf876b46ed5e3b305ab9b8f50b2c00f9534661e878558f00991c6fd5746c2343b82cdf17d94ce15c70f1d5b864cdc4e38365b041cd1a30cca40c
UNIVERSITIES,126691.64,1064.51,York University,"Professor, Biology",1996,b9c56df50709f17331fb23bd4eddab37089006b179d2b48f937cf083b16768b5df46198cddef378b450e4205ab1f8642b2d67ea490f626ff8ef59308f2e2d736
UNIVERSITIES,107021.91,898.1,York University,"Associate Vice-President, Reg. & Tech. Ser.",1996,6265f6f0d96364020eafe38edfeb39534c8e07ebd6f61f1d483e2a0db41a848b720af69723230b1be3034013e5df0d1bc9c460c2f891617d56a51605173bea73
UNIVERSITIES,104027.71,878.29,York University,"Professor, Computer Science",1996,29bb9c86ce8558f29726b278bf82a295a3c4ab311d2bebe90ce64c726c53f6e393e3997c8b919d5403e72f259653b06b4a00ca31737560e81a32c579c8fb5a8f
UNIVERSITIES,108616.0,856.57,York University,"Professor, Osgoode Law School",1996,fb3bbf7695cd987060965c14605b694b173aab7bed4d01f2490753eb383f6db8a6f70165064f4c50b0a1309ae7ecb4ac5f58d22ef163c4f8930b0ad9c532d041
UNIVERSITIES,117546.68,986.42,York University,"Professor, Psychology",1996,7415685800d513ad54544e11850e8a98df73f017346763b5ab3ab47f98c2fa7c3b3ef914b43e9eec2864a07f3eb2975518c42f3b43c3deb40b34150b88265790
UNIVERSITIES,118019.0,4032.52,York University,"Professor, Osgoode Law School",1996,40c8d6ea0c2d1fbb0c7c7cb90b71c66f5d61aa767481eb1eb48b6a9c4bdd81258f3acfba99dc1bbb3bc9fac655cfb7646558493c82ecddcbb2041bc8a7ca09e8
UNIVERSITIES,117922.01,988.44,York University,"Dean, Faculty of Arts",1996,a5b5e20cfa287ab684260be49a6f20baa418bff762eeca34e03ab0d057ae63a75c5c4e071712e3dbf58a3939615e0c30e6846f7f24c5a0b366b95f63dc833a79
UNIVERSITIES,107525.92,887.45,York University,"Professor, Osgoode Law School",1996,1fb93315e913530b113a5a24b86952419cdc92e4fab9eed08e75db2e2cbebfdcd2b11c66e443cb470f8707b1538afb77556521a4a21a830e52ee679add2c06de
UNIVERSITIES,118540.64,994.9,York University,"Professor, Environmental Studies",1996,3c59ef48158263d931f6b9bf4336bc7700ad54ca473e460f85dc331510c08533872743027a8a2c25094bb5a1d1a35d40bae63dc00d047a38ead7123fe25174f2
UNIVERSITIES,104864.92,881.84,York University,"Professor, Osgoode Law School",1996,e154a8d1bbcc0dcc24fd16d57b1efa8c8c1098517c989a3c4f5bae1057171bbcb40fdba9d4506fe5633f63171899bff403c512af8d3bb37cd0af18cb774668f0
UNIVERSITIES,106270.92,996.99,York University,"Professor, Osgoode Law School",1996,e953fd627d7c01c5ae3082a5cfca6fc0255023721017ee6a0d11323cda6e7da0af2c75ae065b4f482419cb29bf16426d8f209a492f827dfef365728af19bfe58
UNIVERSITIES,130379.96,365.06,York University,"Professor, Osgoode Law School",1996,880f5341088e3c0e1af74f6d03dafdbdb1a1e0acf5edebbfab4ae572dd59d8ee4f890bb7b92db965671b3eb110e41a3d3a51b364744673106977c080d38e155a
UNIVERSITIES,116856.04,935.26,York University,"Professor, Law Library",1996,249ad0180d2db6ef02ff445886ddf693326e123bfe13fb93a0f426467c1c0de7e892d8bdbe444a007e0f2973d36dab5f5856e47fd177a864116a7abc84aad61c
UNIVERSITIES,114121.64,958.36,York University,"Director, Centre for Atmosph. Chemistry",1996,0c9a6ffe0726aa0f0cd1d792426fc3156d6ae116c70cb53f4c6870e7dc4777671555ca71f352b34f7843a332fb44b60c3f5d08c15ccb11ee5d4956a49f31de0d
UNIVERSITIES,122179.92,1030.7,York University,"Professor, Osgoode Law School",1996,18b687263f6a9fbc4a0d207796fce899055361b278e6cf3926a9c8b28be8fc8518feccbf5e0935f235251fd97444bff84d73b627ed053323f6f2147b7691904c
UNIVERSITIES,107188.0,918.38,York University,"Professor, Osgoode Law School",1996,20ddbc93676d1401b161f699c7e290fb03a0b9f9ceaf61909d35f78f139798efd8e9ecb8da0abbd28834a76ce6204b5e31ebbf7b254a979e566872979954adf2
UNIVERSITIES,103478.59,868.49,York University,"Professor, Biology",1996,8ae0c0d6f6f9dccbaad2b2a58c3d1f09788796d0d70c6945b4ac8d04c45838159a5c9eee7148d8f2c0978b5e2d3e7b916a08e0127ea5d2177f3c8c1998a8795a
UNIVERSITIES,108160.96,883.33,York University,University Librarian,1996,7f2ec6c92c4c4836c42fcb0716e08f70bb9fc8f5b38fe4215a1822a6240b85dcfdf1b91c1f764808e88175699c447a07ff0159ffc8679dc175c768ea1bc470d0
UNIVERSITIES,129304.0,1089.65,York University,"Professor, Osgoode Law School",1996,c4b0dd358a281134d0da1d7630b000010441c1c58b4b0b394ecae403d26f6a8dbbd08e595e98203443203a0472dc6ea62b01caf2257d1f77050d36eb064aa9f4
UNIVERSITIES,116099.93,7580.19,York University,"Associate Professor, English",1996,bd21fad14e5d3b128475c2ce12b1150752402b0ff72de8a8fbf7e7947caa2cf0b95451b6d7914e0509501efe47c2d7026cc9daa68d9300a40845d78dee347e41
UNIVERSITIES,145233.89,1192.55,York University,"Dean, Schulich School of Business",1996,0468a696c899d452f908ebb2d71afafec7a532daeaf89a5b84249a8d86ad7de856b58d55fc6eddf640fd81ba3fb5063dc5bb7b68ce872bf7a0343100829141a3
UNIVERSITIES,103255.67,1988.57,York University,"Professor, Osgoode Law School",1996,31d366d9014fddcbf262120afa19aa1fb5a63ad71f519420db02b1b97924c47f7c24f3b2c3859c8df83a15605031d153e7b133efc91e1465a7aa529834360d13
UNIVERSITIES,111099.95,6053.53,York University,"Professor, Physics",1996,9eb8735082e219ab80d4067410a2281ce96e53644f16a3404abe8940a00a7b0de1d91778abeb24c050de02ffa1a892eeee4d4333cd573eb6b0187f62d23a4fa3
UNIVERSITIES,105057.68,881.94,York University,"Professor, Philosophy",1996,f5570b45aa635c8dec9a8e489ddc123498d849e51531e678aa8e1d893ec5ce45af7ce6ee822533e47fa97ddb1f3c08315b45be88156c9274e0b242bda31c5027
UNIVERSITIES,132817.83,1036.44,York University,"Professor, Political Science",1996,27f40c5538dd9c6e1c466688d1ce4dc78f53d391ab844c6bcb3d05ed2cfe5914352d61dacbfbd09c4af2801e9617deea31c37f6076c5fcc362909d7d75601309
UNIVERSITIES,105876.56,881.84,York University,"Associate Dean, Environmental Studies",1996,7bef59a98ebdb52f0f2ec0bb152323182637af3bb3ed32b6065ca690f29cdef38609c9cd8700a7372681069747137e10535b607070facabe45ac47daa3d0611c
UNIVERSITIES,120337.0,7745.0,York University,"Vice-President, Institutional Affairs",1996,5a4cf3d267c46ca40e0738930cd0a325505cb9f9fd894ef3db531f0fbc1d9e01fabd30daaa133c414dc3752988a1b99fa5e47daf078ffaad1ad8293aa64a6666
UNIVERSITIES,105860.0,1855.0,York University,Counsel,1996,0939e34b9408e81802d9f33a36a4b07a142d17cdcc5a3353bb539f6d1114a2553febbf36b13c4e940524332b812349cdf232e2b252093f347a5dd72f9174c9e2
UNIVERSITIES,119510.0,7349.0,York University,"Vice-President, External Relations",1996,e7ecbc2a7038614fe89299af38ca48698487fb5bf921b53df13cc633da35b3720318e4a427c2cf04ea0e0932a2548afa8d2b7218ef21d968d7372c1854226717
UNIVERSITIES,115887.68,972.45,York University,"Professor, Schulich School of Business",1996,b0036e7573e9f503032d1686ccf7dc61ce2c025e6ce9e2adb0fae125a16bb418c40073dd18ac0ce819fc0aa30d9418ada092a6741e6b323b73df5966db116ec9
UNIVERSITIES,102671.76,828.55,York University,"Professor, Osgoode Law School",1996,f61def22db3122e1e2363bcd551baf0fc608d33a945ad178dc0411474eeaf903bc4b77ef7bd8d634f8fffbc7ee1129faa47308eb03eecd372e689eef74935708
UNIVERSITIES,175000.0,16599.0,York University,President,1996,09a4f12a66f83fd21bac1114819e5e42786abfaf7bc735f1b778da1c4324021fef09df5da13c3d8423fca2429382c7a575ea4c2a24b28a4155d7b8e46c295eb6
UNIVERSITIES,138126.91,1078.43,York University,"Professor, Osgoode Law School",1996,5916ca6cfc0d8087784d0067c61349524cbc8fd5476c9f519cbe95edbb1a40e1ff376d0f7c0a3294cd14c553f90ce768d048fb0b6c6e14f3aa352804d2c1e551
UNIVERSITIES,101799.95,859.35,York University,"Associate Professor, Osgoode Law School",1996,5450e71f41fe79fc9c33bad2398afd361e39ebb9b542a9ba2708c6ba16a1a52ef287751201ade52026f8db33d5b2f52c5d760b58d9dc1b45e0fd48776b75cd15
UNIVERSITIES,112021.63,940.93,York University,"Professor, Schulich School of Business",1996,7d849a4df7b04abe02d0e899d43872d4a5c2bf899c74bffaa6b09b27bfa4c68b736503bd614b1c7c953cd628bc72379884d5ca8a42b6e6bc2c399d0bc27412d9
UNIVERSITIES,101087.72,778.06,York University,"Associate Professor, Computer Sc. & Math",1996,e2c19148cd073f8807cf19a7a0b545c3d06a52fb1fcc4ffcb14438afe09584b48b1231fd074d535da87b0c62cc690afc3848bd58fadd18ad235d4d00d14d1427
UNIVERSITIES,124441.68,3564.12,York University,"Associate Professor, History",1996,84cc726f574e25e90fc208681fe8f69f3ee67a1d8f81398d291ea39efaa7741115bcd02a4a423bbfdbb4689a8721f71e1bd1b8de48e9940573b379bbcef2a4bb
UNIVERSITIES,104735.71,586.44,York University,"Professor, Biology",1996,dbd395a43620015601c2478d06f597ae1999614e85b909abd35ca6457ba166749b0e66dcd33c78621f27be5e83fe26d82bbcbf713bc381edfb69e56ff6259315
UNIVERSITIES,111786.64,935.32,York University,"Professor, Schulich School of Business",1996,fc62ef3b240d8b7458ed1222c4a54138b4c98111054fd2c367cd64124e4c0ac49f60907ecdc0d5500818b76f11464ac72974df81026a5f555bf7bd13091814c4
UNIVERSITIES,107190.92,881.84,York University,"Professor, Osgoode Law School",1996,b91c9984650f6b7d47fa36cd1ecb70c447098abbe1027a837ba83a363d05ae17185f74266f44ec77c9ad036ef21c29c066fe0a183ecfcb8410f2e8d2a2fbde49
UNIVERSITIES,128961.0,1086.9,York University,"Professor, Osgoode Law School",1996,bc44fd8948c22c04123438319df34e167efbe76aeab1d79ed061fb0a4b131301a467ebebe26b830fd369998a278316cfb9ffcec71e42b4e937d7d29b736732d1
UNIVERSITIES,112613.86,926.91,York University,"Dean, Osgoode Law School",1996,6b5c2e84982f0c8eb7c48e69cd46840bb2a8d51691dff044cd9d724f75172f87a19dc1f033147158cd7a06a4fdce8af60101c839f2d1e5588cd797ddb2d3e411
UNIVERSITIES,105922.01,887.31,York University,"Dean, Faculty of Pure & Applied Science",1996,806742d86ae436bc55e30593d1b9fe2430f99279aae80cb9dbd35e4683de5dd7f7b12f01ba4adef3500e54e33be8b78b84c81c031366d299e2b5ba914c370767
UNIVERSITIES,111230.59,312.93,York University,"Professor, Chemistry",1996,e09b205c8f41e87c081bcd6d96bebe8cd2a90851f3d5ae10d404e2ef76b25cdb0ead89542c51e14e4867ad364885cc93dd0e636408151bda6f04044823eef6a4
UNIVERSITIES,104916.96,2949.27,York University,"Chair, Psychology",1996,3d327533b24a45ee7eda06934d6215895de1c31b61278971e4e107bde252bc829031390db551971361c0db19dec62efe82af7377e236c20448193be468f760b4
UNIVERSITIES,136773.67,1149.33,York University,"Professor, Psychology",1996,ee937041852faf13947aa75e94352e11e8532af129cb69d7e1e2ca21193edc8524d2785b5271577303725e12a22d34e731e78ba49cf0ccc2b17f972d0232773f
UNIVERSITIES,102643.68,828.03,York University,"Chair, Physical Education",1996,ca41e112784b3ddd2ada2871ca32a4611b9eea050dfc83b3067cdfa15331b0319fbc5f5d5156619b024f839000da06fad8310dcc56d899c7ecf607880c32d314
UNIVERSITIES,126199.37,2865.25,York University,"Professor, Schulich School of Business",1996,c79bc21487e5068fb3f9e9a6f3b96fe626d02cc20d5db11feae6fac452a0f78ab4ce006a0478b1c98cec75221e88095ec9aba3e3172287482d4e1cc0a9f4988e
UNIVERSITIES,112448.72,2917.8,York University,"Professor, Schulich School of Business",1996,130f006472d506f8df2ea8e488ff0be56b5d824d124a6ffb11d1b2afc92a898e9ae5bf3194b3c804bc0f867ea01da4da89ff04cc3a835a35768545491eebb24f
UNIVERSITIES,129708.0,365.06,York University,"Graduate Director, History",1996,e957b94d8f0ef89f088d8ba6174af96a96780b0b2c230b4b83b7c477ab5eedf1ceed50d56d2e8b62de6b65c6ee85371d8b99f524aceb54bcdd85ddfa8913878e
UNIVERSITIES,125541.88,2805.53,York University,"Dean, Education",1996,cd7dac6733f049a347b74317d10b4d8d4d8c37ecbf9a4a838184dd0d495c81cc01e3b4bf910bdfb634a541759b385061691dfd1ebe373fb07cf8cec0d9998d88
UNIVERSITIES,109424.59,919.05,York University,"Director, Centre Res. in Earth & Space",1996,d35f9569469357f615fd53e9c79dd82d48d03a370d48efd4fbfdf8483562a69cb55e5b92df54fa03b152dc9f1b306a91977a95bdb15970f6d23a346b5a667931
UNIVERSITIES,107754.96,909.94,York University,"Associate Professor, Osgoode Law School",1996,eebbaa2b5a0b50193f88bc506a35224bd5890b1e822f993230aa9c29c740f8f15679412215e5a3afaa70a0fae467ea4a19601b598d100d0b9aad2440021fabbc
UNIVERSITIES,107046.0,2093.0,York University,"Assistant Vice-President, MIS",1996,92c34cbcaa4bd6270e0fdbcc0f05746176e70925dea760341cee1ff0139a4f505b1ce50df46e91157b018fcbc05fa61cbbf9e124d2bce30efe4aa60f0cb9a04a
UNIVERSITIES,109277.92,903.8,York University,"Director, Business and the Environment",1996,617921bcb88583dd5ed4ad04172764751e907b0df3dcef0cbac6cde912a82fdd868455993762b28a691b0c99e1de972858aa506f40f789653017270ac39e1c4e
UNIVERSITIES,140021.91,1150.84,York University,"Vice-President, Academic Affairs",1996,0c3a9bf6a903b1f4024e8a6b7928ce685bf135776ddfcae8b46b241e618f45997dd8b79e5ba1c39fe25ebee1e181b23c704e7924fcd4dcfaaf81123568035957
UNIVERSITIES,114917.0,2347.0,York University,"Assistant Vice-President, FBO",1996,21ce2f13c7397db4374d5d24a695bee4fc3e0224796aded7ad96f926a65149cbfe7ea6ab9e6c99c28dd4fc8c21a7f9ff608d2f8712577650570e4a0dbc66634e
UNIVERSITIES,102744.67,862.87,York University,"Professor, Schulich School of Business",1996,efd0743ef077bbcf6c57016bef55f73870143acf488b0a0dc2c2b6a8bd936018091a7eebc58dda9f4c168e09f77e0ac90d642c18b1f8cbbc54824c720da5a089
UNIVERSITIES,121289.04,1022.26,York University,"Professor, Osgoode Law School",1996,54b17ad961491f08d59cf443bfcc3958a23f8670db5bf8dcf64c0fe7a2ab0739905420d4d57f1f175d138263876df04c4198b7238021e613d9983a275c68aacd
UNIVERSITIES,105519.0,1840.0,York University,"Director Executive Programs, SSB",1996,2ea26912c24ba8f21ff42b8e0270945b8d490e1657f491dc12b15ad6dd82c643473cced10fd1b4c0c42ebc3ea7ab1bce4620609f25df470a9345b7ef0f5255da
UNIVERSITIES,129037.92,1050.36,York University,"Professor, Osgoode Law School",1996,05496705adf5a7b19df16bb8f798be726ddea42e75827995d5fcb09fb88a9d5425b32eaef506aa7e6f7a3d1fae2b153bb6211e5f0f31ffc3de99b9d93f2b6c2f
