Sector,Salary Paid,Taxable Benefits,Employer,Job Title,Calendar Year,ID
Colleges,"$126,843.08","$10,723.40",Algonquin College,President,1998,ddd4f9a47b358f1e9d2db06ea2d2abc4393ad3805bbea02bac57d58d188caf61
Colleges,"$109,742.68","$5,542.60",Algonquin College,"Vice President, Academic Services",1998,358e1907ab3a61fba58e2363136237938b993959fee41e88a1f43b2d67d0b802
Colleges,"$121,300.08",$227.04,Canadore College,President,1998,435e0e8fc13b9eb94d43c80c2d660a4530df85e1f88c712875bd08b1131d4c73
Colleges,"$108,741.12",$401.84,Centennial College,President,1998,9a7814ee0d6b553724fc128fb17a2c2543357682399a78fcefabf5b6a857f441
Colleges,"$102,496.12",$678.22,Centennial College,"Vice President, Academics",1998,31310a568c1e38df4c357530ee2cf3947bd0d81cf6922a56a46ac318d40ef742
Colleges,"$104,741.79",$496.96,College Boreal,Présidente,1998,de1320221ac4a364311b756b17063490f4103460d4f90ae1970358ea24a61809
Colleges,"$123,894.00","$14,211.00",Conestoga College,President,1998,73cc5296ab7e963dec41fba9c246632d91e2c760496ac897d42a50354ad0abcd
Colleges,"$122,688.58","$14,657.67",Confederation College,President,1998,033e856dcf19569a056f5a0ba6a0ee600b3d1142416b68588d877187d03e73d7
Colleges,"$104,856.15",$685.66,Confederation College,"Dean, Academic Programs",1998,0a5f64173551264e8dad32a711c4e775fd4e1e2dc299577daee817830b9c1342
Colleges,"$101,637.67","$5,302.70",Confederation College,"Dean, Business & Ventures",1998,4f07611afc312a1fddb2a84a6a2bd9ee7deb08f09f6df6fe14e0bf31736c2580
Colleges,"$103,489.03","$1,882.86",Confederation College,"Dean, Student & Human Services",1998,684fe21e061ef39c7a89e2529f65255ded84934935ff5778cbf9c948e64f89b4
Colleges,"$123,366.00","$30,412.00",Durham College,President,1998,2a08007c69b9c884fe60a236ba1d5a4b9a2f12eaa832e53ff2fd4622138d9995
Colleges,"$118,455.78",$823.32,Fanshawe College,President,1998,d6b5f7cf49d99a5c5b3bcc9ae756f893e2a02768a0dd42c2134bb8fccc81a7d8
Colleges,"$112,011.79",$719.26,George Brown College,"VP, Academic & Student Affairs",1998,57d1562647bb0d92918614342e9967b69d74c843ff8399b2d0dee4df36e8372a
Colleges,"$138,048.68","$8,169.68",George Brown College,President,1998,0d287d7d46f85ceb786c92cc75d7a8f794965b442f46d4b8fcec05edb6d84f6f
Colleges,"$111,811.85",$814.05,George Brown College,"VP, Corp. Services & Ext. Relations",1998,0a1c9dde6cf9939661b31dd7d7823153b81797bfb0cd5556c7fe95d5f74da8cf
Colleges,"$146,519.74","$10,863.70",Georgian College,President,1998,2ed8ee28ab7e55a5e39d76ab41a37d7862fd2d738e4a08e73be32879da2bae16
Colleges,"$103,722.06",$603.40,Georgian College,Vice President,1998,ca78099ea3bdd8947ce30182ecf9ba257e87e6df7ae80a3c7171e39d702668c5
Colleges,"$111,644.37",$205.96,Humber College,"Vice President, Business Development",1998,72e5db6961c512efe456ffa384685bea385ce36d595d28d9bd688e92ddf02148
Colleges,"$136,107.68","$9,224.26",Humber College,President,1998,8fb89fb042cf415a1d2d1c7c3f600bf762a7849854f5b775e8eaa20ac5f38660
Colleges,"$113,721.40","$1,861.36",Humber College,"Vice President, Academic",1998,388e9cd059222a192d82c1a418e8aab1c017b94b78d2c170d48a5e87eefc7192
Colleges,"$112,764.74",$747.86,Humber College,"Vice President, Administration",1998,8dbbd869ae92591048429fc6da4abb87c334887c7946938a390715d897be9d44
Colleges,"$104,872.30",$590.88,La Cité collégiale,"Vice-président, Enseignement",1998,afb38976414936eab9e2c1e14e934af708ba9b6acd9545dc841f33f5d535247d
Colleges,"$120,514.45","$2,391.10",La Cité collégiale,Présidente,1998,e0e06504fb48dfdfc39444f980b0347bb51da0a9d73f0e23d317aaeaf652f418
Colleges,"$112,939.00","$12,995.00",Lambton College,President,1998,cafb4d324dd19a73cd0bf70f9ab66958c4e98886c20e20eeb8baf97188019745
Colleges,"$116,700.96","$10,035.86",Loyalist College,President,1998,02cda460fc1a384417015d3b05817fd9387fb34c0adebd631091b06f9e25444a
Colleges,"$121,464.72","$14,399.04",Mohawk College,President,1998,4ed50fd6cdc491cca3c80c3e684a860231d3211656d6d194311f89193bdd8a64
Colleges,"$144,901.59","$2,816.35",Niagara College,President,1998,7b56d9cbcba7908b2f070cc2e43308ec6c1b5894a68080f9b2b8466fe1c5d5ef
Colleges,"$102,552.65","$4,340.24",Niagara College,Vice-President Academic,1998,5855476422f68b71648d2089eba9dc331fca1fe3596dcbc2e83f8aba6d0767dd
Colleges,"$108,490.77",$475.56,Niagara College,Vice-President Administration,1998,24c37d0e0a29ffe1b2eee14c10cd645850dcd1583bb3ec2942140e7101f0d997
Colleges,"$110,000.00",$709.60,Northern College,President,1998,174f234270c96b8c1f5e3377e9bcd013a51284a30ff37d258a8a6afc61815d9c
Colleges,"$126,954.21",$762.35,Sault College,President,1998,02eb88afb2044764ed0522867f8b9c54f2030ba1f053b988aa111c807a164a75
Colleges,"$103,681.41","$7,306.56",Seneca College,"VP, Finance and Administration",1998,b0ddf2d6184804707293400ded7f71093e955410ee6ef0526885c240770e8a88
Colleges,"$104,441.61","$1,094.78",Seneca College,Registrar,1998,3468e97a2e821e2a74029e83d5fa05c1ee707269dceff75cb3c2c45d4cf1cc6c
Colleges,"$127,928.95",$319.58,Seneca College,"Manager, Payroll",1998,44e40cebb56cc09f32374fff0a6e8ba0dd91b0b2a067cb132c30223cbb6047c2
Colleges,"$128,725.10",$233.36,Seneca College,Budget Officer,1998,d359b84e520243f9f60000004982b92ff2f29b5bc8726ff29597daaac1d804ba
Colleges,"$136,691.33","$2,954.96",Seneca College,President,1998,128f900db6c3ecbc7fb6e47feb597acde759b8eb7b5624c515d3f8cbba10b6dc
Colleges,"$110,547.29","$7,350.48",Seneca College,"VP, Academic",1998,f9859e5f9539460904be769fc6eebad019c3fb93708c7b09eb648360ac3a5d66
Colleges,"$145,830.53",$233.34,Seneca College,"Director, Equity & Human Rights",1998,5e528465aba7c73553c4a3170ceb84d0d05671919e4f78d970406fc661ab11ce
Colleges,"$112,996.85","$2,496.76",Sheridan College,"VP, H.R. & Student",1998,f49f2d64827a7666967fae4e7aafbdb8d372d6745a626cce631c1888bfe0e11e
Colleges,"$120,529.93","$7,664.34",Sheridan College,"Director, Admin. Services",1998,6725f2b1c4048433b3149b361215c3a809abebe73d8d855c31ba0898e6ee8cd4
Colleges,"$112,820.73","$8,614.44",Sheridan College,"VP, Academic",1998,08e1086f80250b6725761040f92d29a869414b7d478b90408d4e150f07f1d445
Colleges,"$131,969.83","$12,457.36",Sheridan College,President,1998,79fc44095bc86eb7140959f4da343922d63c3c992c96f75e7bb3e132576e9896
Colleges,"$138,819.14","$3,962.83",Sir Sandford Fleming College,President,1998,c458e34743c39da3364a57adb5dbd929df535b6f93ab7e10d49e12974216c09d
Colleges,"$101,621.34",$343.35,St. Clair College,Dean,1998,e77665cc2f2b2e13baf05ed84038c01e58cc6380905ca10c6803e68b86f91294
Colleges,"$133,831.10",$906.72,St. Clair College,President,1998,51e653a55bd689dafdaa29b56997618d15437be0fa91825379a6fc56d3dfea9f
Colleges,"$123,214.06","$8,839.82",St. Lawrence College,President,1998,6997a29b8f2ebd6f8675138024df0e2fbd6b5f182785a7311e7d67ab5814f4a4
Colleges,"$191,813.40",$25.04,St. Lawrence College,Professor,1998,c7d0d491a95bc49080fd5633aa81f63abffadd7e8b3a90c050714eeea98b8bd4
Colleges,"$139,500.00",$0.00,Trinity College,Provost,1998,a24274503919a037683e38f7d7da45867d53bdc6af2e13faf251eab4159eb642
Crown Agencies,"$133,837.63","$2,096.37",AGRICORP,Chief Executive Officer,1998,07f07358017b969482b2fd56ba5aca01dda45334ff89e3e7aec36f9084194353
Crown Agencies,"$169,995.93","$6,808.72",Alcohol and Gaming Commission,Executive Director,1998,87c7b61f3621b32d179603908b2c547de0a07ec6fd7342482744aecc0555af12
Crown Agencies,"$100,961.49",$704.52,Alcohol and Gaming Commission,"Director, Legal Services",1998,572eba25af7b98b685f8910042f523e44d715425aaea637b6f1b17458a96a4bb
Crown Agencies,"$124,386.76",$355.80,Alcohol and Gaming Commission,Chair,1998,db5cc746752b7285571c99e3fcbdbfd0128b72c5be001e5f6896f74df41a4775
Crown Agencies,"$124,890.57",$751.38,Alcohol and Gaming Commission,"Director, Licensing & Registration",1998,ea45e2867d4dc2661e95fc35c586bdc02faafaad2858bf08abcf260767d4e81b
Crown Agencies,"$196,385.41","$16,411.99",Art Gallery of Ontario,Director,1998,4b6259e66fbc166a5362a67ffccbcf431f6cfcb6ea789939040f10ff3a6fa586
Crown Agencies,"$130,123.21",$363.07,Art Gallery of Ontario,CFO,1998,4efaa899f3a6b194f83e93181d332d95052affac4d033535c725de58a53c29b3
Crown Agencies,"$163,031.85","$21,440.36",Art Gallery of Ontario,Director,1998,5529dd887ba415fb312c782376ed902682fcce41feb873930dd09836c1b174e0
Crown Agencies,"$118,740.99",$461.04,Cancer Care Ontario,"Head, Systemic Treatment/Med. Oncologist",1998,f9497e1f471fc5cb4fdcad9fd66e00897f511a1ad4c3c29e320353d1feaa80b6
Crown Agencies,"$104,312.54",$439.68,Cancer Care Ontario,Radiation Oncologist,1998,12ede3412996c24ceff0d052e75659614b97fa5e36d4100f67cab984827a15cf
Crown Agencies,"$106,128.81",$439.68,Cancer Care Ontario,"Head, Radiation Oncology",1998,5682b45ee09a7d82d66edf95c66da1e910c3e506587af6aa7cc5fd47325255b4
Crown Agencies,"$159,853.31",$364.08,Cancer Care Ontario,"Medical Director, OBSP",1998,d9d6bd07f8ba7862d27d0e9c9755ce1d2856544bfdf9910abaceed8fd9a2f629
Crown Agencies,"$121,604.27",$468.48,Cancer Care Ontario,"Med. Oncologist/Med. Coordinator, OBSP",1998,5d09e739312c2685b5b6a44f8af1ab7cd4ea477a5ba501c6e66ab1d7d44de6dc
Crown Agencies,"$105,911.65",$439.68,Cancer Care Ontario,Radiation Oncologist,1998,a9c255d0a6e267c01e3900fcfcf6a12f4f398062e65ed5521bab24d13ec2a77c
Crown Agencies,"$120,372.63",$473.04,Cancer Care Ontario,"Head, Medical Oncology",1998,bb6e44b945f4a3774da6a387e80d32c723e8abf9c7a4cc7f6db55271b02fd519
Crown Agencies,"$103,872.86",$0.00,Cancer Care Ontario,Radiation Oncologist,1998,49c071cf50a7f397101bf2930f24efd2ea9eca60b9f5c0937e317973a6be70ff
Crown Agencies,"$110,608.55",$293.64,Cancer Care Ontario,"Director, Physics Research and Education",1998,fbb67f438028fc91b65a686d1f9cf5ff89a5cf89a21f0fc8a60146313b8d87ef
Crown Agencies,"$105,905.71",$439.68,Cancer Care Ontario,Medical Oncologist,1998,60c5fb255a40a93f25a93a92ff88696a79f3c7b9c6eb47d2806aad7c6680ec98
Crown Agencies,"$100,933.95",$91.52,Cancer Care Ontario,Medical Oncologist,1998,4f0a2b298dff9342ed95b9d60a4bbb740ebb8b1dcc98e273d8feac29f093eecd
Crown Agencies,"$183,429.53",$882.52,Cancer Care Ontario,CEO/Radiation Oncologist,1998,04386ec486e58baf369c0f56bada89228e72b0d6406b3db174e1cc81d81403db
Crown Agencies,"$120,375.93",$473.20,Cancer Care Ontario,"Head, Medical Oncology/Med. Oncologist",1998,e61166ccf5b49ad346e0b82a766c62e156fc20a7719b2e1f92e05beecf3ccf4f
Crown Agencies,"$154,770.30",$438.96,Cancer Care Ontario,"Director, Information Systems",1998,54e77b95d6924c868ae94ea67380ee7d6c069d7eb01a7e999a2727d406e32abf
Crown Agencies,"$197,010.23",$530.88,Cancer Care Ontario,"Director, Evidence-Based Care",1998,007a7bd7dee08273303debf072c209d417ec2e74f06537be5769782a2cde181f
Crown Agencies,"$105,908.18",$439.68,Cancer Care Ontario,Radiation Oncologist,1998,a15ca79c11eef6bcfacaa0d603fcbb8792cd33e59681f0e4e60f48bd5e641fee
Crown Agencies,"$109,255.55",$447.78,Cancer Care Ontario,CEO/Medical Oncologist,1998,b9ea67bc78e4eefc8b24eca34ac352ff90de0135f50be9f3984fc813921838c1
Crown Agencies,"$148,273.10",$439.68,Cancer Care Ontario,Clinician Scientist,1998,73b69a32e775ee66cd550be72f496c8336713bfc19eeed799b9869de01ce6c3b
Crown Agencies,"$127,279.48",$741.84,Cancer Care Ontario,Radiation Oncologist,1998,e4eafbb8bd06093b78e0cbd4dbc9c8008182a6bf3ccd52f0411bbf6503abb3a2
Crown Agencies,"$102,482.26",$310.32,Cancer Care Ontario,"Director, Preventive Oncology",1998,e948dd45420c311652a13dafb1b3aa82db3ad459b5af4e4b94c60a2510ac6bd7
Crown Agencies,"$104,312.54",$439.68,Cancer Care Ontario,Radiation Oncologist,1998,d8e472dd3a70610d5acbad5666dcec84dca64b16a998f82e3c62b57a26d13f38
Crown Agencies,"$105,905.71",$439.68,Cancer Care Ontario,Medical Oncologist,1998,7f0d02cd6f802a5be41980e72f479e54b655d27df8b0c7f32ea5502937e12dd8
Crown Agencies,"$105,905.71",$439.68,Cancer Care Ontario,Radiation Oncologist,1998,459e18bf649eacb8525a789e5341498858aed9ceb079c424e44a50db870baf94
Crown Agencies,"$113,370.72",$454.80,Cancer Care Ontario,"Head, Gynecologic Oncology",1998,e9d277b9f8cee698861d16bf13154a1331d0af0e7b32df027fa61f4c4225c00d
Crown Agencies,"$221,721.68",$530.88,Cancer Care Ontario,"VP, Provincial Programs",1998,020076a8facedfb4701ee071f1d2e7024b6176bd0a4b715ee4614834ecb37423
Crown Agencies,"$105,911.64",$439.68,Cancer Care Ontario,Medical Oncologist,1998,dfcd0e3a69bdb6f83dfc07a0e62b405e54b1615b4112c31f877533d5e871a4e0
Crown Agencies,"$105,911.64",$439.68,Cancer Care Ontario,Radiation Oncologist,1998,1243300631e081ffe0ece8ac393cf9d720ae06831330e0d33fcb2262e8ac03e9
Crown Agencies,"$104,312.54",$439.68,Cancer Care Ontario,Radiation Oncologist,1998,af38990004af0dcd535b6b059068be944fd0d9252cbbf7882e4b1b0f9a24970f
Crown Agencies,"$105,909.27",$439.92,Cancer Care Ontario,Radiation Oncologist,1998,41e0880f3af96dd4a175f15bc5abc57243ea064a504f0985ad3cb18e2bf4d3b4
Crown Agencies,"$106,348.60",$439.68,Cancer Care Ontario,Radiation Oncologist,1998,35ffdcd0aa1c72fcd28c269bc665fecec906ca9031347b39ed49d0d6b425bae1
Crown Agencies,"$109,874.29",$345.00,Cancer Care Ontario,Medical Oncologist,1998,c812c93118965896da41b0c3b89de408ee53f0da834b265f2cf7996e9cfe3c38
Crown Agencies,"$193,700.46",$483.34,Cancer Care Ontario,CEO/Medical Oncologist,1998,0c30cc5d9df417acb9704c98832d9a90d84495df1e1f8c8724c5780c7dafe8e4
Crown Agencies,"$116,179.62",$450.30,Cancer Care Ontario,Acting CEO,1998,acba49b5ca022c52fe11bd375f98f3ed89364933dd4ac699c7711b8aca29d06f
Crown Agencies,"$104,312.54",$439.68,Cancer Care Ontario,Radiation Oncologist,1998,cda7820f661b1b648d221a2f1e982f1a1fa6c2cd5a41645ba63d06e882195789
Crown Agencies,"$120,434.04",$287.52,Cancer Care Ontario,Chief Physicist/Education Program Leader,1998,f5222c1ef5ccee765826d040a491b70386133b3cee9bfda686e3639c9b880488
Crown Agencies,"$105,911.64",$439.68,Cancer Care Ontario,Radiation Oncologist,1998,c2ba0cb64b84967e79f9909e0510857985cbd90689b13cd3a34c643c15025e1a
Crown Agencies,"$133,494.95",$504.96,Cancer Care Ontario,CEO/Medical Oncologist,1998,1260c8252b972d223df88a3952d1e3ad6d2930f703586cda169ffad54a80caf4
Crown Agencies,"$105,905.71",$439.68,Cancer Care Ontario,Medical Oncologist,1998,cbe0ff06bfe803ba7c5d980e6d184327ecd24667f69bb9f82836b856a455b6fc
Crown Agencies,"$105,909.27",$439.92,Cancer Care Ontario,Radiation Oncologist,1998,9a7a8de8ee8fe36d1f88efa0e6d4a62789a7c124081cd03a5aa78f4cf93a0820
Crown Agencies,"$183,127.34",$851.04,Cancer Care Ontario,Systemic Treatment Program Leader,1998,88e47fdd7bc8a68e7cac9b63808a3ce9df8512b271999624254b17d53a2b0a43
Crown Agencies,"$105,911.64",$439.68,Cancer Care Ontario,Medical Oncologist,1998,c92a93df1cc80a794c6e27369f134a0b3d1b3a1814d9e17312756660da624a7d
Crown Agencies,"$105,909.27",$439.92,Cancer Care Ontario,Radiation Oncologist,1998,33ab58eda54f62e331f844bdc0e64fd98615fb52d1e81ac8baa80d201e84396c
Crown Agencies,"$105,908.18",$439.68,Cancer Care Ontario,Medical Oncologist,1998,55edb2b777b091fe8b94bf3a7c59275b93affcbb28395e4a8bd31afcba05562a
Crown Agencies,"$120,198.30",$473.04,Cancer Care Ontario,"Head, Radiation Oncology",1998,529de0b3c5a02d39185ebfd874d4ae3b27f7ad6f31efc45ab3a375161ec2b85f
Crown Agencies,"$132,227.02",$440.52,Cancer Care Ontario,"Director, Research",1998,b75515cf705e73c3e8d68eb156665cc10e95ccfc5dbecc585d96ea2b05a6f328
Crown Agencies,"$105,911.64",$439.68,Cancer Care Ontario,Medical Oncologist,1998,80c51cc68db119a4640362e93e620bab1c93e0e87d2a716f28f14eca0534624b
Crown Agencies,"$105,761.64",$439.68,Cancer Care Ontario,Medical Oncologist,1998,f4aa85f251d20051065a58bf51d55ecb323a1bf64c12f391003996144c7af431
Crown Agencies,"$105,908.18",$439.68,Cancer Care Ontario,Medical Oncologist,1998,135116e4660d7cb4250fc3d3137420e9377ae95ecaa93599e7d65db1b3658d75
Crown Agencies,"$105,911.64",$439.68,Cancer Care Ontario,Radiation Oncologist,1998,d56d1ff8a71588323bd6255a130e86f42709397c21261ddd9d6093ebf65efaeb
Crown Agencies,"$103,636.38",$0.00,Cancer Care Ontario,Physician/Career Scientist,1998,57d0b32577b4b9759a01d37a667ca6561caa22ee2848b9978f1fcf795cef19d5
Crown Agencies,"$182,203.95",$439.92,Cancer Care Ontario,"Head, Radiation Oncology",1998,9d686a25898b8a706196bbef1c4d90c930a352be4b0c3e8a80ee838438aa4389
Crown Agencies,"$124,600.53",$291.20,Cancer Care Ontario,"Clinical Assistant, Medical Oncology",1998,4f1f784202dfe4154b0757c2701389d08e06bab77609eb2c96289347dd1f3a60
Crown Agencies,"$117,076.66",$334.56,Cancer Care Ontario,Dentist,1998,db382945ca2e9ff9967777fc0f17b153e3e4cc66459624516f36e8bfb2e749a4
Crown Agencies,"$113,142.73",$456.56,Cancer Care Ontario,"Act., Radiation Oncology/Oncologist",1998,5a2b3e913519519c0919147daadd3a60671ae1e7ea40af87ddf434b347c3c0ea
Crown Agencies,"$105,908.18",$439.68,Cancer Care Ontario,Radiation Oncologist,1998,db6c1810bee99901abe5f761df59212667ca83a32062c1a410caf739405c756f
Crown Agencies,"$105,905.71",$439.68,Cancer Care Ontario,Medical Oncologist,1998,9f44d4b27efe1d26b9574353ebcc24454b64d94b55b89d17c248ab6a099e2335
Crown Agencies,"$105,905.71",$439.68,Cancer Care Ontario,Radiation Oncologist,1998,b0e4350885ea4c3b0fcdd276cd01e919f13681356a9219abbe15e706af6b3115
Crown Agencies,"$260,471.73",$530.88,Cancer Care Ontario,President & CEO,1998,35ec1e3cc8cb2ff1613f0554485d6ff904a893aa720fd4b258fb64e5b7287b19
Crown Agencies,"$116,731.71",$348.82,Cancer Care Ontario,"Director, Ontario Cancer Registry",1998,ac37ba0c3e02ec7faa85465d8287ef6fb78ad8330c5aad2e97b768e238759838
Crown Agencies,"$106,348.60",$439.68,Cancer Care Ontario,Medical Oncologist,1998,4e62bf62ce79d28eb5d923a822df85a90a79a28a0b1dc344599b067dff3c9d92
Crown Agencies,"$105,905.71",$439.68,Cancer Care Ontario,Medical Oncologist,1998,dafda699bf3400bf834fa445653aee73683d3a0b8edcffae90218feae24d0ffc
Crown Agencies,"$105,905.71",$439.68,Cancer Care Ontario,Radiation Oncologist,1998,653d8ea8222d4d090c8f2ee9cdc73a6a408f7478ef986fbcd864cc1880b6af40
Crown Agencies,"$158,596.44",$829.68,Cancer Care Ontario,Radiation Oncologist,1998,cc21fe627b1731f020dd9d81f12d26cac03bb668974fd8bde6748192b66e032f
Crown Agencies,"$170,195.19",$426.37,Cancer Care Ontario,"VP/CFO/Director, Div. of Mgmt. Svcs.",1998,cbeeafee6129f6b2f202d6ed117ae075c6529a69572f5733b2b0d23540ebb598
Crown Agencies,"$118,852.85",$292.99,Cancer Care Ontario,Clinical Assistant,1998,8e3e890d02a083de76ac7049bfda8ddc01a14e06dbba4bc0b4c346372748766e
Crown Agencies,"$102,971.86",$684.24,Cancer Care Ontario,Radiation Oncologist,1998,9d05e9d52d73d42386623a8ae69368b8a591fcf02d8d5208f77c7474ce076a2c
Crown Agencies,"$105,909.27",$439.92,Cancer Care Ontario,Medical Oncologist,1998,8b6ad080f0207957c99d25f0f86ce74523d09f6b38815d151718afe342f7e414
Crown Agencies,"$175,518.36",$439.92,Cancer Care Ontario,Radiation Oncologist,1998,bc6e1d15cd035c8d386f8ceb77767e16fe0394bb79ba463e6dbdeffa356ae118
Crown Agencies,"$168,127.34",$851.04,Cancer Care Ontario,Radiation Treatment Program Leader,1998,fa1c1829db12100bfae952b7e2a6cf03c36f6a8afe33d82e0eca963bae51a640
Crown Agencies,"$127,515.44",$0.00,Cancer Care Ontario,"Director, Education",1998,c73a7c6994883392b16c6faaec3b47c8cbeae89de107cd4d08401fb8df783d54
Crown Agencies,"$126,836.70",$476.16,Cancer Care Ontario,CEO/Radiation Oncologist,1998,2bc1712a1dbd25d5d80ca2aa572ba9ab6e56489830451be46cbae466d48d8a8c
Crown Agencies,"$103,535.00",$338.20,Cancer Care Ontario,"VP, Regional Programs",1998,bfc262e5525d5691646fbe36ab09fc8b34583e1ba98b8cec5498899f2c0ce7a1
Crown Agencies,"$136,115.28",$0.00,Cancer Care Ontario,CEO,1998,0f262493ea0c1e10852e060ca2f967452c94cc697cca60b52cd2644100519085
Crown Agencies,"$115,552.10",$461.04,Cancer Care Ontario,"Head, Medical Oncology",1998,0a3ceb9251d00cdd53bcbc5762f5d908bacae659a2eaa02fe5e07bb3cd42683d
Crown Agencies,"$105,911.64",$439.68,Cancer Care Ontario,Medical Oncologist,1998,c35d2851e4aa95f143f311e4fd5ef2e142fd95f43eab21c82e9cbb1d5cdec2d0
Crown Agencies,"$105,872.00",$439.92,Cancer Care Ontario,Medical Oncologist,1998,3ab1f98e7aae5fa328afa7e567095e5bb4361a54fdba49384d13293044ff7ba6
Crown Agencies,"$143,596.44",$829.68,Cancer Care Ontario,Radiation Oncologist,1998,0a79c1b6c019c690f2ba44e3ce4e69e778e7edb34f9a8a7022b8a6e1e58caa20
Crown Agencies,"$105,905.71",$439.68,Cancer Care Ontario,Radiation Oncologist,1998,be4b6723276ed37f595f4e6936ff3d9a39b51f277638dda26c41bc573b9044cf
Crown Agencies,"$106,348.60",$439.68,Cancer Care Ontario,Radiation Oncologist,1998,b6a4f2babe2afe87f0ae341e18dffd5dc6c846c84a42350ee713fbfc506bb497
Crown Agencies,"$115,552.10",$461.30,Cancer Care Ontario,"Head, Radiation Oncology",1998,65069fe5d12defa4754cffae3b15efe928837daea8801c43826b30cdfa5e2d9e
Crown Agencies,"$113,984.73",$326.21,Cancer Care Ontario,"Director, Provincial Human Resources",1998,e91d38a35e37e89ed200da62220aa4b4f879d92daa7a1c4fe5d9210035f5e1b5
Crown Agencies,"$116,356.43",$203.65,Cancer Care Ontario,"Director, Screening Programs",1998,09d9ca13a7f6642cdeb1e606ffeee5b7afc2ea45c373837ce03428359e381a29
Crown Agencies,"$105,905.71",$439.68,Cancer Care Ontario,Medical Oncologist,1998,451327c46ef62b3b807952ee5a82157243634523354633fc0c4e242a5e02aaa6
Crown Agencies,"$158,730.53",$439.92,Cancer Care Ontario,"Director, Research/Medical Oncologist",1998,8795d443c2646bcbf15e8f5e64341b6b8ee781f36f8cc42c0ccf87bb7d4a8f5d
Crown Agencies,"$119,478.30",$473.04,Cancer Care Ontario,"Head, Medical Oncology",1998,eaa9947249d0abd75893a261202232f9f9c8b590af4af51c6cb06c260baa629a
Crown Agencies,"$105,905.71",$439.68,Cancer Care Ontario,Gynecologic Oncologist,1998,4a05e5cda041713a279c1627ed20b9341303f8c0967af40412bdc80f2af88df0
Crown Agencies,"$105,905.71",$439.68,Cancer Care Ontario,Medical Oncologist,1998,fc6a0d9f5875c32d876f394199861ee81ce40d1b7f85b5aa0dae97976fd664e2
Crown Agencies,"$124,541.53",$221.88,Cancer Care Ontario,"Head, Medical Physics",1998,1dfc6a961fb5121e73f1fb77ae514d35911b2ff2ed92d0a8734a98ef3679d419
Crown Agencies,"$147,104.50",$346.50,Cancer Care Ontario,"Coordinator, Radiation Oncology",1998,09a5646dd465d1eec7c3dcf84e20fdf2b7a68b460063a7162919deb3a7d62d1c
Crown Agencies,"$105,905.71",$439.68,Cancer Care Ontario,Medical Oncologist,1998,873ca3938d0c23cf9c926a93679fca740c8a01a8ba5d6ca60457bdb9879b0fc0
Crown Agencies,"$105,905.71",$439.68,Cancer Care Ontario,Gynecologic Oncologist,1998,b9120f9a3a3a804d5527f2dccd15af4e8de3ed5298451fb072ca53b8ad25faf7
Crown Agencies,"$105,908.92",$0.00,Cancer Care Ontario,Radiation Oncologist,1998,a39041bab1c1355df3fb10eab375e291f97191fa616b37065a2aa397125b5d13
Crown Agencies,"$105,905.71",$439.68,Cancer Care Ontario,Medical Oncologist,1998,052bf3b5205f58a8d888ac5d6fdf6cb9a5188c9c9ce54bfd0c6d24f137fffdeb
Crown Agencies,"$112,507.05",$292.58,Cancer Care Ontario,"Manager, Physics",1998,dc7e5ab566beed81dc614e47b3f31d613ea000a748c66c0835189e3be4ccb41a
Crown Agencies,"$105,905.71",$439.68,Cancer Care Ontario,Radiation Oncologist,1998,e248c4ce976507c7464fdd4a4610844a2a834dd29c26b3c70e3e73c21a49b202
Crown Agencies,"$106,348.60",$439.68,Cancer Care Ontario,Gynecologic Oncologist,1998,7a027ad5d1d9025049460e3eb314f1e4eaf4e1ded4a47f9d306b63b6272288af
Crown Agencies,"$105,908.18",$439.68,Cancer Care Ontario,Radiation Oncologist,1998,f6d234d1f7c53c788dd64bb73695872ebdb59de3b32d554297f128e801655694
Crown Agencies,"$105,905.71",$439.68,Cancer Care Ontario,Radiation Oncologist,1998,a495228d8d5c2709517cd7478b8e4c1fc997b3049473176a6dd6e7485fb209f0
Crown Agencies,"$112,208.71",$290.83,Cancer Care Ontario,"Head, Medical Physics",1998,4f79f92622b87045f980365fc53d27cfc70e72dde8a6da1fccf2c03adf5d26ad
Crown Agencies,"$105,909.27",$439.92,Cancer Care Ontario,Radiation Oncologist,1998,7d3ff317ff3732e0b39dd6992ae3464f7aa64cdad1b36d9f9df20c075a1959e4
Crown Agencies,"$158,596.44",$439.68,Cancer Care Ontario,Radiation Oncologist,1998,2a0e6895133305539b585fe04243cfc3b7414a29254b52438993c774178192c3
Crown Agencies,"$121,538.96",$469.54,Cancer Care Ontario,"Head, Medical Oncology/Hematology",1998,2f3bf76c6ca1e6d0c241ee7f7b8c45edce06e32c3a1da19338a957fdc7a14607
Crown Agencies,"$108,284.41",$312.30,Cancer Care Ontario,"Medical Coordinator, OBSP/Clinical Asst",1998,b745e52e0f1903bb7f4a504b1116bb4c95184f39b74834213b16463eeba713f7
Crown Agencies,"$112,069.75",$293.42,Cancer Care Ontario,Chief Physicist,1998,6bde4258e03c343a4c712637146141bd9d4ec401d4f334289dc20561f6effdd9
Crown Agencies,"$105,909.27",$439.92,Cancer Care Ontario,Radiation Oncologist,1998,932f738638182a5cd8cb50d4b46befa32a5f3544d1c1c77c617452469452167a
Crown Agencies,"$112,984.29",$735.00,Cancer Care Ontario,Radiation Oncologist,1998,5266503f94a9ff9ac6c4239216d04fccae3118cfa944d426384850b215adf651
Crown Agencies,"$105,905.71",$439.68,Cancer Care Ontario,Medical Oncologist,1998,8370f9cd240f3b86e57f37ff3e800e5bd4717bbe36a132313d614cd7a0207294
Crown Agencies,"$105,905.71",$439.68,Cancer Care Ontario,Radiation Oncologist,1998,97430ee99f4de6501142a389c0305496b1db414593e847b20fd291bac19d1f94
Crown Agencies,"$105,905.71",$439.68,Cancer Care Ontario,Radiation Oncologist,1998,ba954a504521d921783b5b77d4f7b6ad1e9fd21d8276e012d5f377e397a89b94
Crown Agencies,"$124,213.99",$453.72,Cancer Care Ontario,Medical Oncologist,1998,c26925f5f48992a47d6401749076f1c75cbf9ad64f81ffc7206e8f3a0ea92db8
Crown Agencies,"$197,550.08",$397.97,Cancer Care Ontario,"Director, Preventive Oncology",1998,eb3f7f044d6851fe7d6febfa721c940456d178f5ec1ef82233f628dc4f75502c
Crown Agencies,"$100,790.23",$419.38,Cancer Care Ontario,Radiation Oncologist,1998,6bb6fb832f81e098eb1f0d5e70924cd4f51dc00942967c168cfee74b08ecd1c3
Crown Agencies,"$105,102.41",$276.03,Cancer Care Ontario,Chief Physicist,1998,fb602abf1b85279ff80fc7edfe180ddcdcea0557edcad05883eca8e4f9cc6ad2
Crown Agencies,"$109,075.45",$439.68,Cancer Care Ontario,Medical Oncologist,1998,9c419cc6f9e1bfb5b95a58fcab181174a39ceeb748122da5e38914cd48e2181e
Crown Agencies,"$117,910.69",$358.08,Cancer Care Ontario,"Director, Research",1998,c30c6311432f4f0ae9de80e96c8a9465d20205cc47eabd00696c7a7c0ea667b8
Crown Agencies,"$128,381.24",$439.68,Cancer Care Ontario,Clinician Scientist,1998,62a9f79aca0741dc64bff53b7d4b01aa7c8c1085d6d373a80ac11afd74e9393b
Crown Agencies,"$113,601.30",$457.12,Cancer Care Ontario,Medical Oncologist,1998,3571a5255779c27e8aa5519a6bee7d65cae00dde918717107d84eef20ad1e054
Crown Agencies,"$136,859.83",$407.88,Cancer Care Ontario,Clinician Scientist,1998,a8d249ae8c4ba0d6a4e69d7eee6859d726689a8accfe95a0bd418c3d12586f0d
Crown Agencies,"$111,306.37",$445.02,Cancer Care Ontario,Radiation Oncologist,1998,a617c9e614663ed866496c55c0636b95b8dba3017938aa952b85c632f212b715
Crown Agencies,"$105,911.64",$439.68,Cancer Care Ontario,"Head, Medical Oncology",1998,dda84856ff8ac2d6923554f6a46215712e1cab7abdc6ee9ea79d21b9f10ca538
Crown Agencies,"$104,312.54",$439.68,Cancer Care Ontario,"Medical Director, Medical Oncologist",1998,b535f0cbbbaf2cddbb3e0302904ae7f8f34148dc1998ef207dd9954504b72b00
Crown Agencies,"$105,909.27",$439.92,Cancer Care Ontario,Medical Oncologist,1998,4528e5d322b927ee96469624e3afd80fa7026ff2e5ab9015dbdf121a02308494
Crown Agencies,"$119,057.39",$292.99,Cancer Care Ontario,Clinical Assistant,1998,05d43a272d13c53deb2b0c169dfe493cc8b4003bdb89cfd5cadee673b812c52f
Crown Agencies,"$131,093.58",$495.84,Cancer Care Ontario,"Head, Radiation Oncology",1998,e8aa48ce1649fc2f2533bcac70ba2b1dc61bb1175f4be9f88e88f65abfc1528b
Crown Agencies,"$105,911.64",$0.00,Cancer Care Ontario,Medical Oncologist,1998,418d208962feb8a4ae830147897576f72ba9f00e2ba34dece252694e8a3e110c
Crown Agencies,"$113,448.91",$273.96,Cancer Care Ontario,"Mgr, Treatment Planning & Support Srvcs",1998,85d2a15271c3f609c9d012c33ff4e408e9bb632604fee1b7433944c01b642071
Crown Agencies,"$105,909.27",$439.92,Cancer Care Ontario,Medical Oncologist,1998,57293f7909c62f6318e9c3146f32fa07ca5f0ee36da3f790e6cb4fd4c3cd8fa2
Crown Agencies,"$105,909.27",$439.92,Cancer Care Ontario,Radiation Oncologist,1998,c16c40bfaf68a9612f75f1540a59d01c1f481e6e92b2477dfcc34ba28dd6dc08
Crown Agencies,"$169,049.54",$439.92,Cancer Care Ontario,"Head, Systemic Therapy",1998,ddc2b50a86397ccca1cddc35ff69faa322982ff21eb21daf3aa4679a3b0774d6
Crown Agencies,"$105,461.64",$439.68,Cancer Care Ontario,Medical Oncologist,1998,729bb8da33b8c1ae7ab131a3b934cdd31e08f2072593da31a82ae6b0e0ea5410
Crown Agencies,"$105,909.27",$439.92,Cancer Care Ontario,Medical Oncologist,1998,de9bfda305510040ba6112c34f5dd61f29405572accb3a5ed7d6ed6f4b6a1416
Crown Agencies,"$105,905.71",$439.68,Cancer Care Ontario,Radiation Oncologist,1998,77e43ec22f009d8628318af57d51e0f0c277641e7227d0de362759d7eb445333
Crown Agencies,"$120,372.63",$473.04,Cancer Care Ontario,"Head, Radiation Oncology",1998,1d52eadc1947e8961f5593ef9f43ae570d64d599b50301828bc6f5a5ed241d89
Crown Agencies,"$105,909.27",$439.92,Cancer Care Ontario,Medical Oncologist,1998,8e9b203e91afbae821d3a86d08d0cdfb64bf2446b847a165f7dd47d477796a19
Crown Agencies,"$104,312.54",$439.68,Cancer Care Ontario,Radiation Oncologist,1998,26dd81f3a3644a4dc8fbc23498bd96688aaa4d5d51860dd4ef6f6ba825c5dbde
Crown Agencies,"$105,731.64",$439.68,Cancer Care Ontario,Medical Oncologist,1998,eda25fcacf63c5eaeec733d7abfa9683dbd9aa24c0f557f99ad1bc7b80c28a17
Crown Agencies,"$109,075.45",$439.68,Cancer Care Ontario,Medical Oncologist,1998,1ee494805e07e1edd15ab8c962df5258a545d9f699c595883b419c127c44a85f
Crown Agencies,"$105,911.64",$439.68,Cancer Care Ontario,Medical Oncologist,1998,9be7c87afccf9d3bce7f73a1e71d9c52c9e076340dc2f06fc9de090d42be0bfb
Crown Agencies,"$115,247.41",$319.68,"College Rel. Comm., Ed. Rel. Comm.",CEO,1998,0031fb8b23ee63d363964050ac8e2d8f245beb1a2bc62892d5e68c9cc6d49b87
Crown Agencies,"$104,694.36",$299.40,Commercial Reg. Appeal Tribunal,Chair,1998,5dda1ee07b344cbe4552d134efd3e2f0436b6a30f85eb5c05fc2e0753e5c95a7
Crown Agencies,"$114,438.00","$8,114.00",Deposit Insurance Corp. of Ontario,Vice President-Stabilization Services,1998,dbf0a8e86c3b2100dd81f5853d96d64d2cf30b2c10c98451aed1a6d10468f975
Crown Agencies,"$105,128.00","$6,538.00",Deposit Insurance Corp. of Ontario,Vice President-Insurance,1998,2ace67fa0d15dd59b7e5df93b2e076a86f5de29f5e5dfbae520466b3e53702ea
Crown Agencies,"$125,680.00","$9,465.00",Deposit Insurance Corp. of Ontario,VP. - Asset Management. & Recoveries,1998,1b98f4b769d30dd2ca10d803827805780e6370fdfaa182a03719c4e3fe16a7ce
Crown Agencies,"$105,544.00","$6,774.00",Deposit Insurance Corp. of Ontario,Director-Administration,1998,1ff4b2864d0f83a0cc646244e435aba2d5c7ec9bfd59e67a7c437e6da678396f
Crown Agencies,"$103,642.00","$8,264.00",Deposit Insurance Corp. of Ontario,Chief Admin. & Fin. Off.-Corp. Resources,1998,3851bf2620531a236e13442754fbcc46a6431c6317b4f2a56b72aab42962dddf
Crown Agencies,"$176,061.00","$9,059.00",Deposit Insurance Corp. of Ontario,President & CEO,1998,b1d4334ee684cadf72b65a42b25e35ebdf2d55a338dde3a2f94ae249709b6af8
Crown Agencies,"$116,371.65",$303.33,Farm Products Marketing Comm.,Chair,1998,8bec1d072683ee7f18b84e3098adf6aa5d293fabf0476f60ad9f7c6a3708e345
Crown Agencies,"$127,666.17",$338.72,Financial Services Commission,"Director, Rates & Class/Act. Serv.",1998,dfaadf9e95059fae9c2f3941b59438f4d490947fa864ba77679a4259204f0918
Crown Agencies,"$105,722.19",$281.16,Financial Services Commission,"Director, Special Projects",1998,b0d918a40f43b216ef6219d473c74aa8814b57c7ac0787d94fa86afbf67eabe3
Crown Agencies,"$100,393.40",$273.80,Financial Services Commission,"Director, Policy & Communications",1998,5e30295b39c556f2e8e9cd1e4c40a4c6753fc0b6209411056576b3d603262c7f
Crown Agencies,"$175,284.11","$8,097.90",Financial Services Commission,CEO & Superintendent,1998,fc4eeb47e315e7382549c10b74f087233a0fb2fc29ace240aef6c66a7c334931
Crown Agencies,"$124,386.76",$355.80,Financial Services Commission,"Director, Arbitration",1998,fc7be44187c7a8eaa871612fab70fcce43774cc25ef615f313e58d95c328b523
Crown Agencies,"$122,747.17","$2,589.99",GO Transit,Managing Director,1998,56dd518ff2f911c7cc9f5e990f3b9531839806b1cb1d8a4d66d3f15011168f74
Crown Agencies,"$103,510.76",$199.62,GO Transit,"Director, Property Management",1998,3b31aeebc45969a4f178b7db8a185b80a35a58bea09a1fe67d0b2f920ea6e218
Crown Agencies,"$104,054.91",$391.84,LCBO,Chair & CEO,1998,4e2ad9ebe37c63c3a9e799266adb832f9bb25e5e2bef6c8712dd08fd0173bf00
Crown Agencies,"$158,648.53",$472.42,LCBO,"Vice President, Finance & Admin.",1998,ff42011a4bc8283a6e3ba13faf572048ea306b22d416dded794ecc6e738d4b81
Crown Agencies,"$100,909.97",$344.56,LCBO,"Director, Human Resources Services",1998,e429bec4c716b0e45bf4fff636c56e87e54efc45b1bf7f6a4cc2dc154c91c536
Crown Agencies,"$110,287.35",$423.20,LCBO,Executive Assistant,1998,8e3d57e1909b71567c6394e877548687b3c2c0a49d6a59f8c4c1c9baa82e1bab
Crown Agencies,"$100,635.57",$365.20,LCBO,"Director, Financial Plan. & Econo. Dev.",1998,3bcad0b7c89c1aa707a038d02c85b7750e514433fa73c405b396c176215e8a96
Crown Agencies,"$100,107.65",$363.52,LCBO,"Director, Store Operations",1998,f0b66f857c68e1bce6c363cd725b4822a958dfc4f4962e2ad0f79c8021a136be
Crown Agencies,"$100,891.51",$365.20,LCBO,"Director, Store Operations",1998,06771dde9cebd85520fb82ad10272ef3fc3bf13f7b9d87cb5bb0a8b16c17ef36
Crown Agencies,"$158,134.34",$584.60,LCBO,Executive Vice President,1998,fb1a39612f7415a6d08c0053209ec3210324849327fe24c51ee82d68c0345928
Crown Agencies,"$102,123.42",$148.14,LCBO,Lawyer,1998,b2d69af2f17d52534a4c7566b2b37c543af6e9bc29979035ff3ab69f27187026
Crown Agencies,"$100,635.76",$365.20,LCBO,"Director, Product Management",1998,93c6dd4450537f046ea25a9bc7c10010ce1b22ee121fdad838cbbc50a5c542f6
Crown Agencies,"$143,647.65",$457.64,LCBO,"Vice President, Human Resources",1998,765215db29a9eb8db9f9946244fb54a535833e28b37053c46b1ab95ed36529f9
Crown Agencies,"$144,874.61",$460.48,LCBO,"Vice President, Information Technology",1998,ef572c8ab6b13c7fca336a4992540192f31d53284cdb154a37246732626c95fc
Crown Agencies,"$113,709.44",$381.02,LCBO,"Director, Corporate Communications",1998,6464367972a3b5769984a298528ff288eb5e8b9d25dbcb74e691c2571df314a2
Crown Agencies,"$143,647.65",$457.64,LCBO,"Vice President, Logistics",1998,a45b9b041a076d368026176c7f41ead2b35606eb74c652e0b4410c0b0f2c31ea
Crown Agencies,"$158,648.53",$472.42,LCBO,"Vice President, Retail",1998,02a36127448e06a495def3f5d7794c6c5fec189b7da7f4a9f93755cebc8f74ef
Crown Agencies,"$102,120.58",$379.98,LCBO,Lawyer,1998,170ce07d6a88600d56e949b9bc5c52c4fc5ed09bd325ba1ad59b3ac694f2631a
Crown Agencies,"$161,893.14",$476.74,LCBO,"Vice President, Merchandising",1998,c07979b1e90f1b0af4dfb4b9f3fe3bb9bfffd000c828683d5a0ad946391411a1
Crown Agencies,"$100,290.56",$340.50,LCBO,"Director, General Audit",1998,8fdd8e69fd3152a4ce0a5575bf0f699b130c626969a405af734704be36fbbaec
Crown Agencies,"$112,802.00",$557.00,McMichael Cdn Art Collection,Executive Director & CEO,1998,44e3416639f92e4a58bda4fe4e3f3eadb5611fddd7bc845347cb9ca15de57abd
Crown Agencies,"$115,798.00",$756.00,Metro Toronto Convention Centre,Director of Banquets,1998,41329c5d8d3a97df2813da934daa29950860fe493af3d1ec2cb406592021b737
Crown Agencies,"$146,950.00",$855.00,Metro Toronto Convention Centre,Executive Chef,1998,b770c242dd45f20aae1c179897196e44d9e32ec08d521be2b94f97c24e9962a7
Crown Agencies,"$112,251.00","$7,156.00",Metro Toronto Convention Centre,"VP, Human Resources",1998,9c451749009297c651c764135cc51157728faeca6d6d499e25e4a0cae4751e2b
Crown Agencies,"$152,900.00","$7,990.00",Metro Toronto Convention Centre,"VP, Sales & Marketing",1998,aa0966a7f75c68bd0d67162ec13891129d25b2bfbc8884b0afbefa6e315ceabb
Crown Agencies,"$179,206.00",$794.00,Metro Toronto Convention Centre,Director of Catering,1998,069c67c30818766ece2aa83bbf7948f24362aaaa0c30d7106bababdd403190ee
Crown Agencies,"$148,918.00",$752.00,Metro Toronto Convention Centre,Director of F & B,1998,96c98336d0b13640b6699681455fc36473d78d0f9a2486b79b22c948dce14060
Crown Agencies,"$117,654.06",$998.54,Metropolitan Toronto Housing Auth.,CEO,1998,b36a185b41c491bb4beb29677001a864347351874fa9476b2b3cf6fd9d922f42
Crown Agencies,"$102,024.56","$3,739.90",Niagara Escarpment Commission,Director,1998,38dcf09a439c9482f142b160962ef8321e21362b73487c7e0f2fe127882a1f63
Crown Agencies,"$107,330.24",$300.48,Niagara Parks Commission,Assistant General Manager,1998,7904f92ff04c53dcd66f243f745e53be08725098e0ae314e5cb31102eb223ed4
Crown Agencies,"$126,694.02","$8,540.31",North Pickering Development Corp.,Chief Executive Officer,1998,8267229c78a4c0c160ec1b618e03909142d697d1fe771ea63bcae4c9ebf69638
Crown Agencies,"$131,236.51",$244.22,Ontario Casino Corporation,Chair & CEO,1998,193bc5dca4d7c8d9c98c9aad057ab72c77ae8b5eed5de666e90d015c14729180
Crown Agencies,"$100,287.98",$288.08,Ontario Casino Corporation,Chief Financial Officer,1998,a0864793a00eb2cd3137e9a2dc5590918777f1801f85f22e749b0e47de5023e4
Crown Agencies,"$109,013.06",$313.04,Ontario Casino Corporation,"Director, Operations",1998,e3acce7e484f8fbfb773c24b21829504d310dfe1da6ddfa77d2ac8a4f73aa92b
Crown Agencies,"$122,837.16",$378.66,Ontario Civilian Comm. on Police Svcs,Chair,1998,97338d573fecc4a425547a88f12b7f0c5b4fd992614f01d65a475e8982fa637b
Crown Agencies,"$112,810.05",$314.46,Ontario Clean Water Agency,General Counsel-Team Leader,1998,1bc2e4eebf0f8452ec23d99f32f3d487933a1d06b1ce25bed4c657307f9003fe
Crown Agencies,"$106,665.78",$265.48,Ontario Clean Water Agency,VP Eastern/Northern Area,1998,07c1f28d468c1bafc93b6a006afb54a18b646d64ca60bb792e415288ffe05cb1
Crown Agencies,"$100,281.32",$285.80,Ontario Clean Water Agency,VP Central Area,1998,163429343f44bd3a057523fd15e14845242d9360023244a2520a44bf91bacda5
Crown Agencies,"$194,616.97","$4,346.67",Ontario Clean Water Agency,President & Chief Executive Officer,1998,e5cd3df6ecd2ddf2e35ef6a76b40eabaddd78f000f56ed2d04f23185ff64568e
Crown Agencies,"$127,346.55",$344.80,Ontario Clean Water Agency,President & CEO,1998,1548f1cd4b6ef3fcb496606af6f1499a4848db9d6d0f4e767d59dc7dc7521274
Crown Agencies,"$110,721.58",$215.04,Ontario Development Corporation,"Manager, Equity Investment",1998,484c3b10c29c87f6249d2cc43a217f126c3f3ff2c1c3fd87aaf118e40fadd81a
Crown Agencies,"$120,962.74",$338.72,Ontario Development Corporation,VP & COO,1998,6f154b86ded64e121a563b32601af0a7e772ae31510a26a0ea54b3373fef4a5e
Crown Agencies,"$131,808.14",$323.88,Ontario Financing Authority,Manager-Risk Management,1998,a0cc7b2cf16120b0f408707e631a8628a3b70e2b414140989909039327b43aaf
Crown Agencies,"$103,360.98",$281.16,Ontario Financing Authority,Dir.-Province of Ontario Savings Office,1998,834dc8cd7cc8583f0b8bfcc3400e373e24e4aef7de31eefbf28c905839051fa8
Crown Agencies,"$105,816.04",$208.53,Ontario Financing Authority,Proj. Manager-Cap. Mkts Program,1998,996b0d9e11e0df18cfb066548565782e487add9d6ebebb83afb9dfc6a23cbde5
Crown Agencies,"$147,785.83",$370.32,Ontario Financing Authority,Director-Risk Control,1998,a4886e9d791c4e4e8f957bf366ca0511a3d0f4e882af275b73095e3256199b5c
Crown Agencies,"$120,509.00",$296.40,Ontario Financing Authority,"Cap. Mrkts Economist, Mtn & Priv. Plcmts",1998,cd22efd875d85c40ed12fc10fe4cef10329f7b51388d4c96fba9cafebf9826d1
Crown Agencies,"$120,509.00",$296.40,Ontario Financing Authority,Manager-Funding,1998,27c0da93351362c1e60d5c6b8f9b76c103b94dd2570f64aa1e5676aae6732f92
Crown Agencies,"$106,423.24",$279.66,Ontario Financing Authority,Manager-Risk Control Operations,1998,cb72bdbf844da3cb9060d13f1331bbe138e9992b0505962c1683ec7aee4b26e9
Crown Agencies,"$165,692.99",$407.76,Ontario Financing Authority,Director-Risk Management,1998,3aed68b259ee0fab6e27c5f197b6b2a53f4982e98f4918ec4601cc265ce71d12
Crown Agencies,"$173,209.40",$424.80,Ontario Financing Authority,Executive Director,1998,cc45113f3c1111f167c5b9a63275f2acb14139ae79a6912cfa628465f410494e
Crown Agencies,"$101,962.50",$275.96,Ontario Financing Authority,"Director-Cap. Mkts, Treasury",1998,81ebbbcadb7265c136f6e09215e7b9d252a34a8241521ba486b10a4ee491956e
Crown Agencies,"$120,455.28",$296.40,Ontario Financing Authority,Manager-Foreign Exchange,1998,2e95c2bf54912ddca678954809060314fa7e3de02c0982f99f79e38177464643
Crown Agencies,"$103,861.12",$275.24,Ontario Financing Authority,Director-Corporate Finance,1998,1dbb28d7e55307d0eec42c31b18b794fb16976a1e89c12d9507627f749d84682
Crown Agencies,"$210,252.92",$514.68,Ontario Financing Authority,CEO-OFA/ADM-Office of Treasury,1998,8f4463f008535bf346b8c3cfdd1bcb796f23890eb00d509d9c89c5572f28e7eb
Crown Agencies,"$115,600.73",$329.88,Ontario Financing Authority,Legal Counsel,1998,976b77c6b732216f557c78f52b229aff9e9c232cafa6d68fe72f557bcbb02198
Crown Agencies,"$101,578.00",$358.00,Ontario Hydro,Mechanical Maintainer Journeyperson,1998,735139db7f4ff9f2c8de13db46ebd68fa35f0760f12976ee9c994834d0094132
Crown Agencies,"$107,527.00","$10,377.00",Ontario Hydro,"Manager, Programming",1998,ef6e390cfb1ab7524ec0491f7db1a8780b75f8c2319ec522458023a4710cd57c
Crown Agencies,"$111,864.00",$913.00,Ontario Hydro,Transaction Coordinator,1998,5cdd400d8783a0c903c460ffacf1dfac2d39ee2d4e5e4a5b7a156259c316326a
Crown Agencies,"$103,374.00","$1,067.00",Ontario Hydro,Customer Operations Manager,1998,0400a3c5ff1c8ed51e1fe9cb998d3b121e8eae816de1f591ca0450ab8fbd27e4
Crown Agencies,"$107,327.00","$28,414.00",Ontario Hydro,"Manager, Operations Production",1998,efa5a46e131d520bca430d4e45ba870784a167f1e109c9e15b5f63ef1cc8efae
Crown Agencies,"$104,924.00",$521.00,Ontario Hydro,Section Head - Administration & Quality,1998,0efa3833e03967e800fbfad408e0874a3375766229e33edc0f266433ae554329
Crown Agencies,"$111,778.00","$10,793.00",Ontario Hydro,Solicitor,1998,70f9f33651d28ff38a8d8bce009abd201a2c45bde2251206f18aea8a59c78a26
Crown Agencies,"$104,529.00",$419.00,Ontario Hydro,Shift Unit Supervisor,1998,f80bf215bc51b65f7b541082843f30c9550221dc012d4a99940342ce63d36223
Crown Agencies,"$109,803.00",$463.00,Ontario Hydro,Shift Maintenance Supervisor-Mechanical,1998,c821536d42b116632f5b005c32ec738deb2cd86b4105b113dce2a77e83f35981
Crown Agencies,"$109,911.00",$575.00,Ontario Hydro,Maintenance Coordinator,1998,a29fbbd4a6ff9994e38339daf304d390cf9f9f865c5dbde2f21b263c55c76fd1
Crown Agencies,"$109,788.00",$370.00,Ontario Hydro,Inspection and Maintenance Technician II,1998,455b08f463c30c075fd7540086f60cc89034051cd690096ea5f10bfc2a38298b
Crown Agencies,"$112,127.00",$498.00,Ontario Hydro,Shift Maintenance Supervisor-Multi-Funct,1998,aa3f006448bfc81d17f601560492e00240aaa3dde1d7f48d0ac8d2150eb8f4b6
Crown Agencies,"$103,396.00",$537.00,Ontario Hydro,Shift Maintenance Supervisor-Multi-Funct,1998,4ffaa5cfe2d728afa32edab6ca88925d120fa583fe877dbcddd2602111643935
Crown Agencies,"$100,432.00",$571.00,Ontario Hydro,"Section Mgr, Structural Analysis",1998,e08f687d7764b13a03e22b66b945b063005bb077ce2ea28fc5fd48348c574a78
Crown Agencies,"$107,952.00",$311.00,Ontario Hydro,Construction Technician - Mech,1998,8526e6b8e3d775545dc98a7d00026364de389b8475738dc61891c233fde42b9b
Crown Agencies,"$100,902.00","$11,724.00",Ontario Hydro,"Manager, Finance",1998,20bc81a52a7be06d1f7d7a1f4a149bdd54156436563425488fa1c6c9a4643034
Crown Agencies,"$100,884.00",$266.00,Ontario Hydro,Intermediate Mail and Services Clerk,1998,7ef8d23e48d7421efd0d8c7fe0e91db42bec622a7878f3fea04069b3f3523831
Crown Agencies,"$100,995.00","$9,512.00",Ontario Hydro,"Manager, Programming",1998,ace12d74806ea3b168f5e7665483e1c90b160d78577a52af33451ffd6dd51745
Crown Agencies,"$107,017.00",$566.00,Ontario Hydro,Project Manager,1998,8041729a33ef6171fea3f5b16420a57bb2d7ebfb1b338258894533d1114e8003
Crown Agencies,"$140,236.00",$555.00,Ontario Hydro,Technical Superintendent,1998,3d09da40e5e8a204d45c2132b3914867c01ab5b7cf215d4cf32bf7bfdcdcecd8
Crown Agencies,"$100,561.00",$330.00,Ontario Hydro,Inspection and Maintenance Technician I,1998,5da77af5029bcf3fba8bc311c27c4c6c67e79ad44c530b0f7d2bfb6a2b963e2b
Crown Agencies,"$1,275,448.00","$30,000.00",Ontario Hydro,Exec VP & Chief Nuclear Officer,1998,810a374562d93566082fd6a14493d491d20ef7dada5bceda7899edc355faa2c4
Crown Agencies,"$111,748.00",$493.00,Ontario Hydro,Technical Superintendent,1998,58c2ecba5df7d9816e9fc1dc816d5e94578a4ea1f475dd0ace89167b0c6ebe74
Crown Agencies,"$103,349.00",$423.00,Ontario Hydro,Senior Engineer/Scientist/Tech Offcr,1998,9446d8bb9ead3a91ad2df578f4bf0930c5e61d7d7678857d8226adb5c64deb93
Crown Agencies,"$126,482.00",$500.00,Ontario Hydro,Technical Supervisor,1998,11a66fa16e70cdcb51631a645fd875f13ed72e924e165517b96ceed24ebf8e2a
Crown Agencies,"$102,027.00",$358.00,Ontario Hydro,Mechanical Maintainer Journeyperson,1998,48612c9b9eb26d7d29c29feb3f47fe4a6b7eb3299cee7bb808cfda26993575b3
Crown Agencies,"$102,807.00","$45,908.00",Ontario Hydro,"Manager, Central Territory Services",1998,dd25f5e37292bd8b0a8d34bc787c8fd626417355e5cf670be36b9ff94f7fe316
Crown Agencies,"$102,599.00",$436.00,Ontario Hydro,Authorized Nuclear Operator,1998,beb8c93d38e37973e828a40aa5821e2a25caae0a2348d13f730f7cbffc2a39df
Crown Agencies,"$109,214.00",$358.00,Ontario Hydro,Mechanical Maintainer Journeyperson,1998,4c2c7aecdd513a5498fe6e1a310231bc6b03fb13186b9914dec7ab38211220cb
Crown Agencies,"$103,621.00",$374.00,Ontario Hydro,Shift Control Technician,1998,aea2103ea7b08d5981595b0937a1a58ac662df0352ddb009a1bdff0f8d50d81b
Crown Agencies,"$101,590.00",$401.00,Ontario Hydro,Level 1A Operator,1998,6f8462de8c25b30b456c335e2b82e013adc682bd24fe5db3ba0910b7fc0922e7
Crown Agencies,"$109,540.00","$6,864.00",Ontario Hydro,Project Leader-Nuclear Safety,1998,e7e84fa2248d911b40a93c25205bafbab1a1f55d59e451c9e5df438f54aa504b
Crown Agencies,"$103,064.00","$40,980.00",Ontario Hydro,"Manager, Accounting Policy & Reporting",1998,f39270459d8ac274c284278173bd69f61f1debd4e34a81bd00dbcb9a17b97c76
Crown Agencies,"$103,503.00","$2,263.00",Ontario Hydro,Authorized Nuclear Operator,1998,2288bb6a69a3f85d85934c87b1c701e7572bec1a60b12a9be1f993dc9a69aa9a
Crown Agencies,"$128,119.00","$19,272.00",Ontario Hydro,"Mgr, Real Estate & Special Situations",1998,7ca05ff9114511364e9a5e38cdbabeaa480983c337c3757ae5438a40e7ef6c41
Crown Agencies,"$114,009.00",$505.00,Ontario Hydro,"SM, Radiation Safety",1998,e1d9219bdc498631e5e5d3d37fc74b7d6f7aa9ec4fbf21a7e34ae7b19a681b12
Crown Agencies,"$109,343.00",$468.00,Ontario Hydro,Project Leader,1998,d022d4c5c174db0e0de454e236c2d19886109342e5a68cd4b4dab952c4c071e6
Crown Agencies,"$152,311.00",$632.00,Ontario Hydro,Shift Superintendent,1998,be211bef1d1c35efac7047630da6e9a20cc7485285f1cf66022e173b96d46a9c
Crown Agencies,"$104,920.00",$436.00,Ontario Hydro,Authorized Nuclear Operator,1998,37ccc4a9ec26fac352d8330956859418b8ff4984783c3912a8ba44e261e086ec
Crown Agencies,"$107,949.00",$436.00,Ontario Hydro,Authorized Nuclear Operator,1998,6bb98492ad21fd25ee8eeb332fb93c743b7cc3ddacd5e59d5bd984975286483f
Crown Agencies,"$102,264.00",$498.00,Ontario Hydro,Design Engineer - Specialist,1998,9b6894cb6380d434728a27ab0039f3652659f763ddce974e70c8824c95960a69
Crown Agencies,"$117,630.00",$498.00,Ontario Hydro,Shift Maintenance Supervisor-Multi-Funct,1998,0bf219a62fb26a33bd036fb9a1853b418276d56d335fdda46db2f9f256b2b841
Crown Agencies,"$107,919.00",$370.00,Ontario Hydro,Inspection and Maintenance Technician II,1998,7fd9567f239db5caf20a2d04f36b715422d7bf1f825edb121e920291f6abddff
Crown Agencies,"$114,369.00",$549.00,Ontario Hydro,Shift Supervisor,1998,1a37ae60d36dd4bb7a1de8cfd5c433f10e344cc3bacb80fd70e2bf46e838806b
Crown Agencies,"$118,749.00",$552.00,Ontario Hydro,Planning Supervisor,1998,8757ea67183405d876adced2251a531d21f3e717fddc4d10f0d9b874a87a207b
Crown Agencies,"$103,253.00","$25,896.00",Ontario Hydro,"Director, Year 2000 Corp Prog",1998,69995ee60c2645df20a74f7af124f62b1320b5b8ddd8ca85c5924b1b39f86456
Crown Agencies,"$138,661.00","$86,339.00",Ontario Hydro,"Manager, Performance Assurance",1998,84908b044c71bb6c8d35d5dd552213cb54193aec07d459e793a3928c3f7e847a
Crown Agencies,"$121,327.00",$610.00,Ontario Hydro,"Manager, Maintenance Production",1998,b5f9a4d80e39c18eb0c84aa52ba0904fed5d0069dd791cc6ff3768d659db133c
Crown Agencies,"$112,750.00",$370.00,Ontario Hydro,Inspection and Maintenance Technician II,1998,1c4af689364ce769830c94346356959ef1d3401300efd2e342f7285eb471785c
Crown Agencies,"$111,477.00",$413.00,Ontario Hydro,Information Systems Analyst,1998,30ddcfed9072c76115441b64a1d533d743fd0b07f54263553b0a001cf3e6b7dd
Crown Agencies,"$105,554.00",$397.00,Ontario Hydro,Regional Maintainers I - Lines,1998,cad78be47748572ce90b3db756e4b26fb2a1425ae8b3c280a9b6f73f3c3f2db5
Crown Agencies,"$110,375.00",$598.00,Ontario Hydro,Administration Superintendent,1998,1cfa9cb30f105b19d9ccfe14683d03f68c51a404fb771a4b717b7f5490a7b8e6
Crown Agencies,"$100,284.00",$453.00,Ontario Hydro,Supervising Design Engineer,1998,a61442816be088e221fd1e33ba67aa645797ba35739eaa3efbe077a34425d4e3
Crown Agencies,"$100,329.00","$1,307.00",Ontario Hydro,"Manager, Materials Management",1998,39314f9ae9635b4c46195c4dcf0e154db0fe26a74fcda5d21013e05ae1c158eb
Crown Agencies,"$106,102.00",$419.00,Ontario Hydro,Mechanical Maintainer Union Trades Supv,1998,87d58bb97d33c48b57750eb70cb031a16bff9bc8a83e6d13cbc128083df98c40
Crown Agencies,"$103,090.00",$457.00,Ontario Hydro,Sr. Assistant Exchange Coordinator,1998,b2ad2744f182b3c8e914f0bd6ef9aa84bf34791304917f2932fed60ef96f7bf4
Crown Agencies,"$113,216.00",$458.00,Ontario Hydro,Regional Line Supervisor,1998,2854734436422ff56a2e78c9a17a19430f355f3fa449ba5a999ef6cdb89f71e9
Crown Agencies,"$103,254.00",$438.00,Ontario Hydro,Trades Mangement Supervisor - Hydroelect,1998,26889f639c2a5b25cb4c077d61d2bee2e847308060c667dfe8461d7a09632bd1
Crown Agencies,"$109,575.00",$349.00,Ontario Hydro,Construction Technician - Civil,1998,1aa0e65c69b75013ea038de25a547df869c9795933f83a33cab7e04123f7ae60
Crown Agencies,"$101,768.00","$9,140.00",Ontario Hydro,"Mgr, Marketing & Technical Spp",1998,334f6b42b904c75867dbf7843ff11f6e2abb3e6dab5bccf3a711f495d008ff95
Crown Agencies,"$161,514.00","$35,219.00",Ontario Hydro,"Gnrl Mgr, Trans Network Asset",1998,f7db047ec2b0446d806b0c786550432095a363c10b8c198caf9e95c50b2f5a54
Crown Agencies,"$101,648.00",$358.00,Ontario Hydro,Mechanical Maintainer Journeyperson,1998,cde0f52426ccdf113045c20728eef1abd5cf79d546c64fcfb4a0cec65a8ae516
Crown Agencies,"$105,670.00",$507.00,Ontario Hydro,Supervising Information Analysist,1998,f33396aaf431f2ce7485b2d7d856ac180ee7708c0cac6822088c10fff51fb869
Crown Agencies,"$101,627.00",$483.00,Ontario Hydro,Customer Operations Manager,1998,08c4c6091ab8ce863287f04925b8091a41bdd1d6e33dcc1d17d063a6026cd771
Crown Agencies,"$101,545.00","$7,680.00",Ontario Hydro,"Mgr, Performance Engineering",1998,ff8279b0c6cffee55dfe0a9451267772ad297e07e2b6d5114791fbd815dfd446
Crown Agencies,"$106,636.00",$773.00,Ontario Hydro,Mechanical Maintainer Journeyperson,1998,385a3b76b9c80d48fe47d56ade954b50e017613e1726586341df140bd7165613
Crown Agencies,"$121,618.00",$565.00,Ontario Hydro,Project Manager,1998,954ecd1099bcd1d3664c9a94d371e4ea657dc81fa5307941f8e3515eaa3d2a8e
Crown Agencies,"$116,392.00",$558.00,Ontario Hydro,Shift Operating Supervisor (Authorized),1998,ce3bb14572633499d2c994c6c0796323c9ce735f700e8e3ca190934b09bfa90e
Crown Agencies,"$115,714.00",$377.00,Ontario Hydro,Regional Maintainer - Lines Uts Level 3,1998,fbb678084b07b8529fb2694efd2ee80ad05fc709f53ec9efe8789b3680101144
Crown Agencies,"$101,833.00",$684.00,Ontario Hydro,Customer Service Representative A Uts,1998,bcbb150e84526e5546674787846ec5b3bbc40fdd72532d49b69c1bba0d1f5a9c
Crown Agencies,"$102,731.00",$653.00,Ontario Hydro,Mechanical Maintainer Union Trades Supv,1998,99bb977ff8ce383be42f7dfa52f2731983794dd5bc97b34638a06086d3b3a1d4
Crown Agencies,"$109,101.00",$730.00,Ontario Hydro,Pay & Benefits Systems Dev. Analyst,1998,e3d95163e02e88b8f66fffc3cbd156d787fc3b01228c8c49d25afc42ddc58dda
Crown Agencies,"$101,176.00",$358.00,Ontario Hydro,Mechanical Maintainer Journeyperson,1998,de7a5a6667cda5164152b2ae82f4cdc689e99fbdea15759d508031553428669e
Crown Agencies,"$124,900.00",$589.00,Ontario Hydro,Shift Superintendent,1998,ef953c9f1d5b5c9440371fd2a3d5f6a5bd511fa13c0fa12360aec1cd15e293cd
Crown Agencies,"$104,280.00",$769.00,Ontario Hydro,Mechanical Maintainer Journeyperson,1998,b4f1c96a876a5dbf4b5b937b4bd21c36d028847d7bb162b7e4ef855b0bd81efa
Crown Agencies,"$100,680.00",$438.00,Ontario Hydro,Senior Design Specialist,1998,f2019cd65386ef242b24b4740d01ed84d2aa66b57ce3f53b06bdfe64c48ccce9
Crown Agencies,"$185,420.00","$3,677.00",Ontario Hydro,Chief Information Officer,1998,5556d2a696f0d7cda6ccae3d8e9756a5be0ca9a992de9caef8c4b168c05d6ac5
Crown Agencies,"$108,727.00",$543.00,Ontario Hydro,Mechanical Maintainer Journeyperson,1998,21157e56717d2bb6c1edf27e1e6ba79214618a5f367a1a23a96a08b9de008d3a
Crown Agencies,"$117,000.00","$1,998.00",Ontario Hydro,Authorized Nuclear Operator,1998,3de1ec0a9501eb2f5ef0606fc6aa64134ebb3fe27c07bfb650bb34f4ba39b0b3
Crown Agencies,"$103,473.00",$828.00,Ontario Hydro,Senior Encon Engineer,1998,4261940fcb1b8875bf35adf583bde1930950d60b6f926555251ce576ac44d89f
Crown Agencies,"$100,965.00",$438.00,Ontario Hydro,Engineer/Officer-Shift Control,1998,474f5d6b2736e64764a3fc4d9d7599497e526c536e2dcfadf92736b6a35e12d2
Crown Agencies,"$100,283.00","$7,255.00",Ontario Hydro,"Manager, Customer Power",1998,521669e666bfe474ec47b28cb9632a58eadfbfe3914934b2247d1640d274303f
Crown Agencies,"$103,450.00",$395.00,Ontario Hydro,Senior Protection and Control,1998,8c27b3d1d736ff4eec0c0462f6bb2735b29d669ce13876db1b139fbfd44914ef
Crown Agencies,"$112,359.00",$419.00,Ontario Hydro,Mechanical Maintainer Union Trades Supv,1998,07759b791079a01a0d50c9101504afc8ff643a78eba5b25078ead78e995bd918
Crown Agencies,"$110,807.00",$513.00,Ontario Hydro,Shift Maintenance Supervisor-Multi-Funct,1998,211778b84dea64d5946723c331599c5e5ebacf1b764ca6807e238da5bd6df1ca
Crown Agencies,"$137,629.00","$29,923.00",Ontario Hydro,General Auditor,1998,495b72f8a545dba62169d3ce048c5a28b1304d7aadc1ccac13837e1d5e07dd41
Crown Agencies,"$101,842.00","$28,317.00",Ontario Hydro,"Mgr, Performance Engineering",1998,e13bec85cd518f6ffbf27d5e2621b259c037164f26751a9857c6b43e711d8914
Crown Agencies,"$100,995.00",$559.00,Ontario Hydro,Technical Specialist,1998,68182a13fdbb694976bd6ad569b0dd16edec322c48564396657b6eabe518c05f
Crown Agencies,"$133,977.00","$7,028.00",Ontario Hydro,"Assistant General Counsel, Nuclear",1998,40d97a4aadf5cbc89c9853a9e618c7c6ae1eb0cd4f1e7b2702a4c3853db732a3
Crown Agencies,"$100,646.00",$449.00,Ontario Hydro,Training Superintendent,1998,330999521adac76873d48ab80ce84e8117954737362f0818b70a8ed8f2b832c0
Crown Agencies,"$106,448.00",$392.00,Ontario Hydro,Senior Engineer/Scientist/Tech Officer,1998,83324c81a8d9a09ec4cdbf107d99fa550591c45bc9e34eb9087d0fc2ebc69a37
Crown Agencies,"$105,765.00",$501.00,Ontario Hydro,Production Supervisor - Commissioning,1998,2990ded04e3ef9b0cfe5292fc55e69c48235f3070679535cdeb7ce82c579d253
Crown Agencies,"$142,655.00","$57,754.00",Ontario Hydro,"Vice-President, Customer Care Services",1998,52604d2947f6de7ef2b119ec991f9cd9b54035a93bded32a4f4917943512c4b1
Crown Agencies,"$111,224.00",$446.00,Ontario Hydro,Shift Maintenance Supervisor,1998,9b80631fea1a59878901b0e6eafbcbfb03b6e9e8a30306e842631fe4e0d6ca7b
Crown Agencies,"$108,044.00",$411.00,Ontario Hydro,Unauthorized First Operator,1998,a9dafcb4d169ced40e9266faf354cdab5be3f812db217a08edf78e25100f2160
Crown Agencies,"$101,800.00",$531.00,Ontario Hydro,Technical Supervisor,1998,e82a0b7a6624f6ec5aa09fb0d4c5d6c4fabea924cf39355e9bd84548d7450174
Crown Agencies,"$105,693.00",$504.00,Ontario Hydro,Shift Maintenance Supervisor-Multi-Funct,1998,42857d91545c8e7829d06e58e549c946f4367047b889771c18cf7ad81e207623
Crown Agencies,"$101,223.00",$702.00,Ontario Hydro,Senior Shift Control Technician,1998,f44b86d90dac71a13554f656a04019712f4bae302806b81fe45987fccb8386db
Crown Agencies,"$125,991.00",$570.00,Ontario Hydro,Shift Supervisor,1998,b31f8f30963f7cd1557736e7dc64637cd5ef705c7cddc8379e2b54ea3fcabd42
Crown Agencies,"$105,891.00",$419.00,Ontario Hydro,Shift Unit Supervisor,1998,2379bf56c8436cf31740d9e34a6f62b217a8431dd7354056fd5db6aa16827c53
Crown Agencies,"$102,109.00",$436.00,Ontario Hydro,Authorized Nuclear Operator,1998,6ae0f0462568efd19d7a3a2e98113c9e4217b4a6e12c55de4716d5167ca3d253
Crown Agencies,"$103,596.00",$565.00,Ontario Hydro,Section Head,1998,4390ecc1ca15857197e0858fa1fea9050e604ba06667690d2c61f0b48d335e82
Crown Agencies,"$103,215.00",$437.00,Ontario Hydro,Trades Mgmt. Supervisor - Hydroelect,1998,8bf11fe60eb64f3983a8bc64b28b4f5435c765a7dead0ce5dc16095301013694
Crown Agencies,"$109,830.00",$436.00,Ontario Hydro,Authorized Nuclear Operator,1998,800e92f0a4a6269433f65b60ef03fb63a11c5ebd7d800fd38415ea829ec10f4d
Crown Agencies,"$117,482.00","$12,645.00",Ontario Hydro,"Manager, Regulatory Affairs",1998,4c297fff8bfa12651dc52e64c3a3844df0478e4bcf5a4491526ecdc49c9ae8d9
Crown Agencies,"$101,170.00",$583.00,Ontario Hydro,Authorization Training Supervisor,1998,b0492de4a627e7465362eb4d839825b32887e588f0f3e1e2d28ca6f02ac1ccc7
Crown Agencies,"$100,838.00","$1,140.00",Ontario Hydro,"General Foreman ""A"" - Lines",1998,b5c2274572c1e262d767aab5ea4d2a067e4105d194220e25a8930017b1499534
Crown Agencies,"$106,266.00",$547.00,Ontario Hydro,Helicopter Pilot,1998,bf3e3c3a75c1128c902f9fc4bef7b0fdbd34a7ac55a26fbcabc384851f93c585
Crown Agencies,"$135,376.00",$547.00,Ontario Hydro,Shift Operating Supervisor (Authorized),1998,206cb66a4da0f0b442e05563ca9abd37b9ad0ac6429223a70b3abd607ef43171
Crown Agencies,"$105,833.00",$357.00,Ontario Hydro,Senior Information Systems Analyst,1998,d13a0e2e1f93a38ece8858d30d6f020d86ce56b57af339f696f194e3a33fde77
Crown Agencies,"$109,523.00",$429.00,Ontario Hydro,Shift Site Supervisor,1998,da4f58a3a3961c40b549f153349470de03ea0b7163bb847a7cf9abd7293f4d03
Crown Agencies,"$103,952.00",$472.00,Ontario Hydro,Shift Maintenance Supervisor-Multi-Funct,1998,66a1afbf7f4f3cd7c15795243aa07ec036884e693cb332e7e80c14f3d4021be9
Crown Agencies,"$117,590.00",$469.00,Ontario Hydro,Planning Supervisor,1998,dbc1de8f6a4fb7b4e12a74a60298a4f51fadb1b8fd198150b2a21d82ae42402b
Crown Agencies,"$132,987.00","$33,274.00",Ontario Hydro,"Director, Gen Resrce Mgmt Div",1998,ea428fa1d4c8bd4b600f957cfc5ce5c1caeb34a2237db9c7dc705a927c0da3a1
Crown Agencies,"$102,013.00","$9,587.00",Ontario Hydro,"Manager, Operations Production",1998,f3392da93502814ff3fb3f2331f420866e9ce6cebc23fcf7ea770d8f34392a0f
Crown Agencies,"$134,628.00",$513.00,Ontario Hydro,"Section Manager, Oper. Proc.",1998,fa9913d3c28b0be21ae7f66995826342b44571eda7a241306552adbe824fef65
Crown Agencies,"$113,267.00",$536.00,Ontario Hydro,Production Superintendent,1998,cc03388f489b25e7de30cdf8eac672d8ee46129897dcf8b6f8c0a003c4d4ee25
Crown Agencies,"$113,207.00",$377.00,Ontario Hydro,Regional Maintainer - Lines Uts Level 3,1998,67c672dbd9f73ed7abfe5ea1cc27154b411856b09cad82f117b9db6065267dd3
Crown Agencies,"$105,321.00","$12,517.00",Ontario Hydro,"Manager, Maintenance Support",1998,e44c088a0d7ef82a9de4023a5f5d178681660e8f2b832e93a25b011db16ef1cb
Crown Agencies,"$113,109.00",$505.00,Ontario Hydro,Shift Supervisor,1998,b475fc847863d76f207f560d3734b2f82827d39148c07c2948714538863910aa
Crown Agencies,"$100,293.00",$380.00,Ontario Hydro,Maintenance Assessor (Nuclear),1998,67d43f5bbf818ed05af97f970e74072bfd1cd748f3f25208648729119a2264c0
Crown Agencies,"$105,996.00",$414.00,Ontario Hydro,Senior Inspection and Maintenance Tech,1998,a9e478a27099888936fb3d3d4bd55c0aa8416a995298b3e9bd98f72b10134f2b
Crown Agencies,"$106,810.00",$565.00,Ontario Hydro,Shift Supervisor,1998,cf7bb160a5beed50ec0860b1ecc165d2e94411cfad1520185193ab8788ceda1c
Crown Agencies,"$114,460.00",$480.00,Ontario Hydro,Senior Engineer/Scientist/Tech Officer,1998,694af75e3834cb8f325674e389f12308b71ebe6d831000ec1e349fe1b6dfa89f
Crown Agencies,"$102,914.00","$1,023.00",Ontario Hydro,Shift Mechanical Maintainer I,1998,af3c45c04cc526c22cf9160bc988fefc78bc256a3aece31a0ef346fb1e16ac8c
Crown Agencies,"$104,655.00",$436.00,Ontario Hydro,Authorized Nuclear Operator,1998,1c3ae6f7e7c81c699a13555c452b356a2f7eb2a5bbae2d98418cb6a609e6ca79
Crown Agencies,"$107,554.00",$436.00,Ontario Hydro,Authorized Nuclear Operator,1998,904abc4c91be25f60e12c454330a2f5143f6bf1309737b9697fd34a55536217f
Crown Agencies,"$107,288.00",$348.00,Ontario Hydro,Regional Maintainers I - Lines,1998,c0c54670059155cc058af80d35c331de10a44d28a52bdbafcebb8f5c25552b13
Crown Agencies,"$110,846.00",$983.00,Ontario Hydro,Authorized Nuclear Operator,1998,b3658ea64bd4db74b17318d81e16a5c534973e6fd299656458f8bb38d23c06db
Crown Agencies,"$105,349.00",$348.00,Ontario Hydro,Regional Maintainer I - Cable Splicer,1998,83f5968513917f0089ba218209c5561f3eb065ba1abb698211396d0527e0b7b2
Crown Agencies,"$120,512.00",$537.00,Ontario Hydro,Maintenance Superintendent,1998,c768eb14f91e4caddbd64b0b5a4a65003dfdb30467116a56aaadb1c1f456a0a7
Crown Agencies,"$114,861.00",$463.00,Ontario Hydro,Vault Supervisor,1998,174d7e1558e1c8dd9a2c7a47fa3a955315481bfa6bada63ed149e7bda7c7ab61
Crown Agencies,"$103,016.00",$565.00,Ontario Hydro,Technical Superintendent,1998,8e6f4db526e640fb91c875f88b0ec952415a01282099cfbaaa4958c7e07b9830
Crown Agencies,"$113,767.00","$63,110.00",Ontario Hydro,"Dir, Cust Srvc Connectn Polics",1998,dff0ce75ad329a8ccf5237cbf7a5bbbb258ebe3525e10ba37eb341970e02e159
Crown Agencies,"$118,717.00",$414.00,Ontario Hydro,Senior Inspection and Maintenance Tech,1998,2a92b444183c21ebbf200f26971513c161c5d147fd1f4a2a4ece832e205d353d
Crown Agencies,"$106,863.00","$19,092.00",Ontario Hydro,"Manager, Small Hydro",1998,7362a846acc05636ac4e554fab4df53c53196cc9cbcd5cd6a54ffdcaa41268d7
Crown Agencies,"$110,183.00",$871.00,Ontario Hydro,Shift Operating Supervisor (Authorized),1998,a391575bf21b1bd238826336b25eedc1f7978fc580a83a632408f9137d3eccbf
Crown Agencies,"$168,034.00","$34,802.00",Ontario Hydro,VP Tech. Srvcs & New Product Dev.,1998,5e7f89ec62e226397f2d8c10e27ac6ffa7bd7cf34b74e55134f9ef4e11bc4a23
Crown Agencies,"$122,049.00",$556.00,Ontario Hydro,Senior Engineer/Scientist/Tech Officer,1998,8fedb9d5fac94838938d0b01071c571bf32276dfc258f3640e730a77726556e2
Crown Agencies,"$114,034.00",$370.00,Ontario Hydro,Design Draftsperson - Mechanical,1998,843e7f9e4cdd055bab52d3d734a51a72d39bd5f6657a99a2fc3d03983dfa6ee8
Crown Agencies,"$120,747.00",$436.00,Ontario Hydro,Authorized Nuclear Operator,1998,5b078602d50960fc50af6a3d31589604fa598bb0a3d29d442e9a6ce0b72ac698
Crown Agencies,"$102,915.00",$565.00,Ontario Hydro,Technical Superintendent,1998,31a18e7f4c71c3aa8c86795d1cf0aaba767287216ac163f21ece5b2a3aa1039b
Crown Agencies,"$104,729.00",$371.00,Ontario Hydro,Design Draftsperson - Mechanical,1998,e7e4e4a453ad3e92aa2ad223d25ca41d2221abd9b81c675aecbaf0a30e1d7910
Crown Agencies,"$163,365.00","$23,411.00",Ontario Hydro,"Vice-President, Generation Services",1998,305b79ddfc5e7cb0718854cc558d72d100440f5e284658125f94ac899654abfb
Crown Agencies,"$119,877.00",$583.00,Ontario Hydro,Single Unit Shift Supervisor,1998,305e1808315398e27ad81caab5c872ee7d33bf33e976b37c07ea57405c735566
Crown Agencies,"$108,281.00",$499.00,Ontario Hydro,Senior Technical Engineer/Officer,1998,87164959d92faa1c45fdf6063793f6e60841a8e36d1bf19951b6ed6c333038eb
Crown Agencies,"$107,717.00",$436.00,Ontario Hydro,Authorized Nuclear Operator,1998,a5fcc33f5041b603e392567dbbfb559de59dc579d4bcbf687e1a5f3a0d7d2b53
Crown Agencies,"$102,173.00",$414.00,Ontario Hydro,Design Draftsperson - Basic Layout,1998,046ec28ccb19e64c5b7a75336ba0408850b905dac618ebea91a3a1536b33289a
Crown Agencies,"$110,907.00",$589.00,Ontario Hydro,Shift Superintendent,1998,a175f2c2097c0f192d727552d97a3413b8599cc816bd4db12890c2cfc91a3357
Crown Agencies,"$100,052.00",$474.00,Ontario Hydro,Materials Systems Supervisor,1998,82388723541993d9a883259389d0b8bbb3e611d3bb54400a89d706e62f8f7062
Crown Agencies,"$110,749.00","$13,907.00",Ontario Hydro,"Director, Operations & Maintenance",1998,e895b426ad430d8795ba26056309822b3cb95f246a2d51318239c2decdec25dc
Crown Agencies,"$100,603.00","$16,396.00",Ontario Hydro,"Mgr, Load Forecasting & Analysis",1998,524ebc3e2f1b6bd6d1e26e13efcdfbebcb163d956583f08775a67a515313e5e2
Crown Agencies,"$108,100.00","$3,870.00",Ontario Hydro,"Dir, Distrb Systm & Sustainment",1998,def2d39bb30d0fd96b65d3e9973f72a6cb33218789ec92761c1ae45a51a1c966
Crown Agencies,"$122,999.00",$576.00,Ontario Hydro,Maintenance Coordinator,1998,c165f22bbe745f8ee7a956801a3394a2db74bcf0e239a033028c582dcc4dab08
Crown Agencies,"$212,500.00","$65,043.00",Ontario Hydro,"General Manager, Fossil",1998,6ff5b5aec3ef329c3fa2d3de8a2a08c236d29a1b9f0c717d020aff3bb4468f7b
Crown Agencies,"$119,038.00","$42,608.00",Ontario Hydro,"Director, Nuclear Waste Facilies",1998,d23eca52dddf309ea4084f70d449275cfc095d950ef5ab97fb9c695499e5fdf0
Crown Agencies,"$100,690.00",$528.00,Ontario Hydro,Shift Maintenance Supervisor,1998,0db3da9217b05b9f4abef8220e25466951286ac292f95059e97c58e8e2141836
Crown Agencies,"$107,085.00",$605.00,Ontario Hydro,Senior Organization Consultant,1998,15922fab7fab4eb409eb042194abbb99fd07dba2c2235c67efb54f8e16af8d7c
Crown Agencies,"$103,863.00",$419.00,Ontario Hydro,Mechanical Maintainer Union Trades Supv,1998,50349ec8fb0c0f285c153507be25c08e254e9732605a0379309a5694c221e341
Crown Agencies,"$116,009.00",$610.00,Ontario Hydro,Shift Superintendent,1998,85c343a22f7ce517c52d27ac33e909fb0d4ae79e82c11d312cb7f1bac430ccaa
Crown Agencies,"$107,096.00",$500.00,Ontario Hydro,SAP - Module Expert,1998,c18581130f44957151789f621f403cdc35942dd3fb5aa0fb814ea9df190c97d8
Crown Agencies,"$101,581.00",$515.00,Ontario Hydro,Shift Maintenance Supervisor,1998,e4bc82680edac3cfa33dfe95f18e01714822ded8e3f34e828d9d07b68cfcfe40
Crown Agencies,"$123,894.00",$598.00,Ontario Hydro,Shift Superintendent,1998,f5b3ba49bdf4bcef29ddb5e649ab364ab4a88417a62442dcfb8f84f42c751ea0
Crown Agencies,"$106,504.00",$494.00,Ontario Hydro,Shift Maintenance Supervisor-Multi-Funct,1998,73b0d49151fb9acb0174d2b727471e6817005a96b8c213858376b8011f1cc848
Crown Agencies,"$105,114.00",$748.00,Ontario Hydro,Mechanical Maintainer Journeyperson,1998,9eefaaa4aa031883fd06c30c87ca0ea8328d46563056ed7deba122ba95c7c041
Crown Agencies,"$103,717.00",$436.00,Ontario Hydro,Authorized Nuclear Operator,1998,acb57fec61a1952c66a49af7fcee8a139f34699b245865dbb5ddeaaf899c80ed
Crown Agencies,"$108,023.00",$859.00,Ontario Hydro,Mechanical Maintainer Journeyperson,1998,bf1edb5f71f71d1cabb0ac343885f21bd39b8a3b384e12977a25f02af843e0b5
Crown Agencies,"$115,572.00",$472.00,Ontario Hydro,Senior Engineer/Scientist/Tech Officer,1998,50da4ac6a279270937388217f4ef1628d261bae611015268289a7aeef5e5bdd3
Crown Agencies,"$112,414.00",$539.00,Ontario Hydro,Shift Operating Supervisor (Authorized),1998,36f9d088feb476f0a27f7b0d94908114a1ef3289c156648cf0f938660b8763ef
Crown Agencies,"$100,064.00","$1,103.00",Ontario Hydro,"SM, Conventional H & S",1998,36f9d088feb476f0a27f7b0d94908114a1ef3289c156648cf0f938660b8763ef
Crown Agencies,"$103,483.00","$22,521.00",Ontario Hydro,"Director, Financial & Business",1998,2aaba2f3e058e97f588f2b55d6d76ad63841f174a3eaaba2b2c1adfad620e23f
Crown Agencies,"$100,478.00",$472.00,Ontario Hydro,Senior Thermal Station Engineer,1998,9717548cc5d2df95a71c13de3abc092c3d93446e461782be4d3b73362d36e6d3
Crown Agencies,"$101,459.00",$377.00,Ontario Hydro,Regional Maintainer - Lines Uts Level 3,1998,f8aca58f17d48846ce6b0777ccf7e319472b7329319a30854a4c4b9f0f551a1f
Crown Agencies,"$101,086.00",$446.00,Ontario Hydro,Regional Line Supervisor,1998,c6d8df0c18c7b1daec08005a34ded33435ecb711e740cc1de348920704b3bc2f
Crown Agencies,"$100,564.00",$398.00,Ontario Hydro,Supervising Nuclear Operator,1998,dbb0e196aba1d5153b39a53b1e27b023cc874a2b9cf4342ceeb452e2d589be3f
Crown Agencies,"$119,275.00",$446.00,Ontario Hydro,Shift Supervisor,1998,65904823cd34c3aaf4ad3a96448a64c9285c2ef48de2295006db28a4fcf15710
Crown Agencies,"$101,158.00",$571.00,Ontario Hydro,Exchange Engineer/Officer,1998,6ad42c92aa06fbc8d39db654d5c79b9a5cf6aba9154369248723246909b9ad2a
Crown Agencies,"$105,879.00","$1,546.00",Ontario Hydro,Mechanical Maintainer Union Trades Supv,1998,72828af1eb277dd6c9b30c3ce6485b6e42b02bf751da006baca92fe11e8a7ad4
Crown Agencies,"$122,537.00",$541.00,Ontario Hydro,F.L.M. Production - Large Facilities,1998,70ad2653a74bbe04ef2e3b0b001a0bc5b0f6ab50958946eba5fd7cf26640cdab
Crown Agencies,"$113,348.00",$676.00,Ontario Hydro,Regional Maintainer - Mechanical,1998,cce38c579082750e19e8202aa4514dfa3e82ec5c21498d9c1cc110fcbbade025
Crown Agencies,"$112,364.00",$432.00,Ontario Hydro,Shift Supervisor,1998,9937d34be80af2b2c0af7167bb1ead2096cbd2f1d4683a1e628238452b74143e
Crown Agencies,"$110,450.00",$439.00,Ontario Hydro,Regional Line Supervisor,1998,a692a68c9fcc166ea55cb630c3b6294484c5b7e0a490db416fcc47315ee48135
Crown Agencies,"$103,126.00",$499.00,Ontario Hydro,Senior Technical Engineer/Officer,1998,8102b59fe40a285c157fda2e1af2edc56a69a747c8bc83c98ed647ee75b9b155
Crown Agencies,"$144,581.00",$537.00,Ontario Hydro,Technical Superintendent,1998,5cde794ef5368cc16276154f0dfc7f17c58ae04e25b4ff45a1af0545c188c9b0
Crown Agencies,"$108,498.00","$6,697.00",Ontario Hydro,Shift Maintenance Supervisor-Multi-Funct,1998,105cb6fd83e3261755a455e5ed501b697e3be27ed6ac5ed944786facf181b8ad
Crown Agencies,"$100,168.00",$494.00,Ontario Hydro,Senior Business Services Analyst,1998,fc32863438033cd4de53c47ee553311d6cf00ebf4965a3d1dd6a976baf13704b
Crown Agencies,"$100,359.00",$395.00,Ontario Hydro,Senior Technical Analyst,1998,5519285dc966dc95e082ddd7bb63e4d00a431563385924d95d679e760ea1c9be
Crown Agencies,"$107,595.00",$543.00,Ontario Hydro,Principal Research Engineer/Scientist,1998,5d238f95fcabbdbaca93675168f6117c26af6a6f35410a175c99020fe2007746
Crown Agencies,"$105,416.00",$348.00,Ontario Hydro,Regional Maintainers I - Lines,1998,b676e1576b190496b70085fadcb82a2dc86ddc08b0e7264507411eafb00036de
Crown Agencies,"$112,768.00",$380.00,Ontario Hydro,"SM, Construction Support",1998,a7f97b260890b231ddba639613a8af118e4274283aa954db5992d6c360698c57
Crown Agencies,"$118,374.00","$13,795.00",Ontario Hydro,"Director, Station Engineering",1998,2f1f27a805a940899bf14a4db2f17192d98cf29267c1a33f75d58c2a750218c4
Crown Agencies,"$103,394.00",$348.00,Ontario Hydro,Regional Maintainers I - Lines,1998,c7c5430e04dad835083ae7367f28156cb6aec939c764bb3ee3d1d81751de3299
Crown Agencies,"$105,527.00",$616.00,Ontario Hydro,Production Superintendent,1998,e8089ac59ed6340d55028f22e853593369de50053330a8ee9a43e2f0934698ef
Crown Agencies,"$106,289.00","$1,606.00",Ontario Hydro,Engineer/Technical Off-Commercial & Res.,1998,1c12003e19b077fb985685d953db3b44ff35a97358694ca705f7369b70096959
Crown Agencies,"$101,335.00",$431.00,Ontario Hydro,Regional Line Supervisor,1998,dcc9b1c6e2f48be78ffbd6741d0fa401cd12ccc74bc8089c3c546145a3348817
Crown Agencies,"$118,912.00",$408.00,Ontario Hydro,Field Engineer,1998,bdd32f9cb730f22d6fe6fb759138c10153ffa49d7a3ad8a800a9de163574145c
Crown Agencies,"$130,092.00",$536.00,Ontario Hydro,Shift Operating Supervisor (Authorized),1998,9f7d8b7c2eb62a3b3043cb0a8ecf6fbbe66db99eacc729d0ab0591d796ded19d
Crown Agencies,"$128,888.00",$0.00,Ontario Hydro,Ironworker Construction,1998,eedc32d1b51a0a6e3be8e50ac6fb4bc0b79c5813f5712cb9dafd657e3e97e73e
Crown Agencies,"$112,342.00","$43,076.00",Ontario Hydro,"Plant Manager, Lambton GS",1998,992998684d4e6e7557b1796e4e79b8dbc15067398545c595ba6b0ccf824b17b3
Crown Agencies,"$107,281.00",$497.00,Ontario Hydro,Senior Research Engineer/Scientist,1998,839ef88d88bb131ac2c81a489380d143a8af97128298a31fbc74dd67614c7f9b
Crown Agencies,"$109,524.00","$5,062.00",Ontario Hydro,Manager - Elec. & P&C Field Services,1998,125fa079ea05f60c9991c422361b6f4de774d767958a54b8b5fa0446e76e0bfb
Crown Agencies,"$128,315.00",$361.00,Ontario Hydro,Planning Supervisor,1998,b171eed331f269c03f9bc4d591f867109fd4a64a085844a4456cb988d40b2aba
Crown Agencies,"$109,608.00",$464.00,Ontario Hydro,Senior Thermal Station Engineer,1998,a0aa5787bf664c1e020592681bf534f9df584c1e6b684777e5535b00ff4f491b
Crown Agencies,"$137,746.00",$596.00,Ontario Hydro,Regional Maintainer - Lines Uts Level 3,1998,bf54a97b089f0b892387692185348e9639a135f572292854b60dd6d3e110fc0c
Crown Agencies,"$161,090.00","$101,939.00",Ontario Hydro,"Vice-President, Finance",1998,22e20d6477076c3e0fd430ecfe2d14b2ff25028ce39d2c4fb8ea4455c9494b24
Crown Agencies,"$119,138.00","$21,993.00",Ontario Hydro,"Director, Executive Services",1998,21eedb7cc91fdf22ceda3c8803f53aecdf9b6d2087366da10fd3b2068ebd31d4
Crown Agencies,"$133,843.00","$15,038.00",Ontario Hydro,"Dir, Station Eng Projs & Prgms",1998,2d4aecec3024c8b372d5059ffc3fa314d1e05c4d4a688c3064c9535cc1d66f27
Crown Agencies,"$105,583.00","$43,330.00",Ontario Hydro,"Director, System Development",1998,28e98b26069b698e79e87d2bdb55942e11725ee8a9da1b651f84191748dbd543
Crown Agencies,"$113,662.00","$16,910.00",Ontario Hydro,"Manager, Operations Support",1998,6e13c8efeb88975a1bc9686bc1787f755bd56b51d9e78297e42d4399a4ddbac9
Crown Agencies,"$103,016.00",$568.00,Ontario Hydro,Materials Systems Supervisor,1998,9c464c23417d755918a9ffcb6681fc670feff3e3c9656ea6027051a4a67ccf97
Crown Agencies,"$101,025.00",$398.00,Ontario Hydro,Supervising Nuclear Operator,1998,0fa4e7ed3f24416e0541fc7d31c08d37483f70d7e56d4d6386d9f477577d7991
Crown Agencies,"$108,032.00","$16,573.00",Ontario Hydro,"Director, Strategic R&D Prgms",1998,59fca2b994d54a99d9cc4f31cfb06b32267b642d793e1df9bd24ba64728f1cc8
Crown Agencies,"$100,381.00","$6,714.00",Ontario Hydro,"Manager, Nuclear Safety Project",1998,6a7748cc5d4ad8c75942d3c1fdb9c3f4e9bdfcc77ee7d417aff90e5fb3fff1eb
Crown Agencies,"$102,674.00",$435.00,Ontario Hydro,Inspector Journeyman,1998,17590d770e08645c6ae9f95d3f6b2a5cda1e99607193aaf52568f65be8e3181c
Crown Agencies,"$101,163.00",$419.00,Ontario Hydro,Mechanical Maintainer Union Trades Supv,1998,e1a6d528b354268d1a617bddb0433f6c62f839ad3c6ab1f5cfeff749228f4a2c
Crown Agencies,"$118,393.00","$5,644.00",Ontario Hydro,"Director, Customer Care System",1998,efdbe21046430d01a134bf0715d7f9d971a21b3dce21b6ac7b3f16f018bae0a1
Crown Agencies,"$111,119.00",$467.00,Ontario Hydro,Quality Engineer/Officer,1998,033d65d4f9f03cb125411ec566466d760d2eebeb664bdac4658b7f66b2d8e2c7
Crown Agencies,"$100,727.00","$38,709.00",Ontario Hydro,"Manager, Human Resources",1998,381f33dd70bf21bae6ed0e659f619190ebf35946f4e9892a85caa3471221fe9f
Crown Agencies,"$101,012.00",$849.00,Ontario Hydro,Supervising Nuclear Operator,1998,cb6f31b99836af27977ba6b07ad58183d5dbf0479f3552f28c858343ff244e09
Crown Agencies,"$103,019.00","$26,506.00",Ontario Hydro,"Manager, Layup/Recovery",1998,49ffac5180ed7a0f031a916df31d934cfc7a1347261951976c9e0dacd09fedf0
Crown Agencies,"$108,485.00",$349.00,Ontario Hydro,Area Distribution Engineering Technician,1998,c097c06f02044ccd14ba37dd9510db778d9f8e301c9dd6051137dacadfa19704
Crown Agencies,"$119,468.00",$436.00,Ontario Hydro,Authorized Nuclear Operator,1998,211d7daac4e0d4ab3e178e4fe7c12e1aaf8f8baa7dcd8a29f9c5b1ea986b2e2b
Crown Agencies,"$412,980.00","$110,396.00",Ontario Hydro,Exec VP & Managing Director,1998,f5c7305f24ffb7205bbd5739c247823d60c88bc5a6fcf10f901ecb4efc9e1980
Crown Agencies,"$107,935.00",$436.00,Ontario Hydro,Authorized Nuclear Operator,1998,ae7bd9f6ea98861565cfa5c5ad3b3c7bb85c4ad2705ab1496aff11ce72ed9775
Crown Agencies,"$109,159.00",$503.00,Ontario Hydro,Site Project Engineer/Officer,1998,d2ce9e2dd5a26316f84d3f93a46d25a526fd6cffa7c404622a416616c66e6ff3
Crown Agencies,"$138,622.00",$549.00,Ontario Hydro,Technical Superintendent,1998,37bc91425bd74367280100fee4519f410f14dd1c8da871d519d49f19d608f508
Crown Agencies,"$110,386.00","$44,051.00",Ontario Hydro,Senior Human Resources Manager,1998,ce64c00a37e25e298876a0d2605474e839859fc864879824ce196451fd996a7d
Crown Agencies,"$102,815.00","$27,263.00",Ontario Hydro,"Manager, Southwestern Territory",1998,3b95479791c9bd3df46819a43135bfaeeba5c25fe6180b2e8f7d60fe8f8c106e
Crown Agencies,"$125,099.00","$33,528.00",Ontario Hydro,"Dir, Info Technology Services",1998,c6110324c719fad2af2f3a26e7350bdea152346839862115593dd2ac85767f12
Crown Agencies,"$125,429.00","$46,554.00",Ontario Hydro,"Director, Site Support",1998,27e4cbe9d44b964aeebc69eab65fb10b5a98898ad546949620120ed93f90a56d
Crown Agencies,"$104,277.00",$512.00,Ontario Hydro,Shift Maintenance Supervisor-Multi-Funct,1998,583dc799e2ce627d42929d08d46c17de99ad55d038983c29ec4605d8fe2b24ef
Crown Agencies,"$112,960.00","$5,479.00",Ontario Hydro,Audit Associate,1998,e36aa65440f3f1decfd9608cc1bc93fc56378530c41bc649d69232b18b6294b6
Crown Agencies,"$100,273.00","$3,663.00",Ontario Hydro,Administration Superintendent,1998,602d11a0b71fb7b44eff44872cc2fac4a048d80a0c50ed8b5ac1e5bd3b9c06f3
Crown Agencies,"$110,054.00",$436.00,Ontario Hydro,Authorized Nuclear Operator,1998,facf5b5464ae75e6386244bec46b944e7191d4e4b44641992c32bb970ea849fc
Crown Agencies,"$103,517.00",$439.00,Ontario Hydro,Trades Supervisor Maintenance,1998,53a1826da609dd1a9097c167acb30f0f45c76bc45b46f9506ff7b3e14b87f026
Crown Agencies,"$105,100.00",$349.00,Ontario Hydro,Nuclear Operator,1998,6fce8c8af2d7fa083a55d9780035680510e87973996f5663920ac3eb8d876f68
Crown Agencies,"$115,614.00",$749.00,Ontario Hydro,Regional Maintainer - Electrical Uts,1998,fab7371b57b72579018dff0a3fe36c2a0c3df7c6cb8afda6ea0190a8ca3b2cbc
Crown Agencies,"$159,392.00","$38,836.00",Ontario Hydro,"Vice-President, Marketing & Sales",1998,f31682b7589885d9dcd7a947463bacf3885a99213d38e09762b5dbfde8ecae06
Crown Agencies,"$104,094.00",$499.00,Ontario Hydro,Senior Information Systems Analyst,1998,84cf3b5cc0acc6e768bcb285c00f52f8ca7edb4eb513359344436a32cae4ffe7
Crown Agencies,"$102,596.00","$49,736.00",Ontario Hydro,"Manager, Power Purchasing",1998,a0a4311586c256790a978fa9c28862f2c53968680f7f3c6f00e3cf8f04b05c0d
Crown Agencies,"$208,985.00","$4,578.00",Ontario Hydro,"Manager, Pension Fund Operations",1998,2d2e636f08adbd10437731e5666ecc0f48061da72f82f9235ae12201e53bd1f1
Crown Agencies,"$116,785.00",$493.00,Ontario Hydro,Shift Maintenance Supervisor-Mechanical,1998,08190d1e71944841aa42f9d0ac8039efabc3b0c96ec91266a18f1161fd35ce5c
Crown Agencies,"$109,106.00",$436.00,Ontario Hydro,Authorized Nuclear Operator,1998,743097c40d8cebe93703d4888f16ad2f3accbf6ed8858a6f18b9db1bde9c94bc
Crown Agencies,"$100,112.00",$418.00,Ontario Hydro,Senior Shift Control Technician,1998,bbba38c4d14d55540ef333ecfc4632db78280b8595bd4632378bb665261b7a15
Crown Agencies,"$101,617.00",$436.00,Ontario Hydro,Authorized Nuclear Operator,1998,64bec31e66a28c1073c985f417954f0c97f09438fb9ba6e4bc0261d2456ea472
Crown Agencies,"$100,415.00",$561.00,Ontario Hydro,Exchange Engineer/Officer,1998,cb6de5ff825d111622b2fb4bf14c8959f714c9a2cabf583513cb2f135ef8da61
Crown Agencies,"$119,447.00",$785.00,Ontario Hydro,Authorized Nuclear Operator,1998,d08cedcd03c20ec207e5522d6dacb4845195a16ba07a5fa850db466d00d058a5
Crown Agencies,"$100,625.00",$358.00,Ontario Hydro,Mechanical Maintainer Journeyperson,1998,5c2620106c49ff126072dc0d1f4df20afb0e73f0f45c7851fed3ef3411029f12
Crown Agencies,"$101,915.00",$535.00,Ontario Hydro,Senior Design Specialist,1998,731bb08133bcb467928b1b89a7fefdfa9c3b75038c3478b1e919eaa45f96a039
Crown Agencies,"$200,000.00","$1,084.00",Ontario Hydro,"President & CEO, OHT",1998,ec246bc02f2bd4768a13265c01f0f724d6dd0b14a07fb682546f7ecf9c8fc68a
Crown Agencies,"$116,242.00",$548.00,Ontario Hydro,Project Leader-Ohn Im Systems Strategy,1998,6db4030a7b0c297c206f6a5859f2e2726dcc88abda5d8f8e0aa3ab197766ff9b
Crown Agencies,"$114,565.00","$38,968.00",Ontario Hydro,"Senior Mgr, Special Projects",1998,2ed4aafd6796b418bf56bf25df9e817c47f909351974b505007a453132f5ea93
Crown Agencies,"$102,168.00",$439.00,Ontario Hydro,Regional Line Supervisor,1998,68357d061d70a5f84fa686dfa0d46025ee3b1d9a4ae8798a86358e70c44382ea
Crown Agencies,"$100,093.00",$605.00,Ontario Hydro,Project Manager,1998,ce3424b32796583b1ceb29029a5ec9a26b14ecc930534c1e3d66b4cb3b2baf4f
Crown Agencies,"$103,144.00","$2,168.00",Ontario Hydro,Customer Operations Manager,1998,ac49fc7fe6c1110021a3cb7868357bd2961e64778aab691fe8a82af7e4b7c2c1
Crown Agencies,"$110,620.00","$4,110.00",Ontario Hydro,Customer Care Team - Lead,1998,f3eb35bd9fb189c255da013f50e6f4807e433151de50b8f6962aed89e1a2f35e
Crown Agencies,"$116,264.00",$348.00,Ontario Hydro,Regional Maintainers I - Lines,1998,ef24a365cc739b64ce6e6b7404c9542ba7f19893a7cc8c077db5e5228e27ec4d
Crown Agencies,"$106,684.00",$554.00,Ontario Hydro,Technical Superintendent,1998,cc5aa7e9b4bb18cfe7b0ca3ea43caae3618febc1d9c1868507f928de2d54de19
Crown Agencies,"$134,820.00","$37,348.00",Ontario Hydro,Chief Operations Officer,1998,f2756837dc052f02a27e19b8f2ada64ff20ce6bcc0c331d5334cdd90dba89aa3
Crown Agencies,"$108,481.00","$3,495.00",Ontario Hydro,Authorized Nuclear Operator,1998,acef9d43f48defc9cfb4661e8e8d50918604f2a43eac7df63b48eafe0c5b5cea
Crown Agencies,"$103,165.00",$492.00,Ontario Hydro,Production Supervisor - Shift,1998,9455b0b7b7ae171f4040c301f794f68de610caea4712a055086a422be340bea9
Crown Agencies,"$116,319.00",$549.00,Ontario Hydro,Technical Superintendent,1998,ecec48d3cfb1cb4cc40aacff5566172d6c21e6e6d62a98a0092640e93dfc7e4d
Crown Agencies,"$122,577.00","$1,157.00",Ontario Hydro,Supervising Nuclear Operator,1998,ba6995a4bacd05c53fc778fae35f2dc28efb1be19ac1064e00fc9d20a604814b
Crown Agencies,"$121,868.00",$492.00,Ontario Hydro,Senior Information Systems Analyst,1998,2b04fd994e3450d1547d83458580e006b20e577e427b9f81fbe57c269f9722d9
Crown Agencies,"$103,939.00",$429.00,Ontario Hydro,Senior Thermal Station Engineer,1998,0cd9ed678f7e69732e87ce2e899c236ba88b8e30b7be8ad85ae11ae9c3c93d97
Crown Agencies,"$100,263.00",$818.00,Ontario Hydro,Regional Maintainer - Mechanical,1998,61767be72fb389f9d068d8a8b5d822909a0b6ad32bd2312ac94698e64a2a5eed
Crown Agencies,"$113,304.00",$711.00,Ontario Hydro,Rigger Union Trades Supvr,1998,d1a63eab0d80ceeb41f7a283bdad5d16445de295da4a51be20727320d7358549
Crown Agencies,"$111,368.00",$444.00,Ontario Hydro,Safety Officer,1998,e5340b08a513357f10ba9bce09211c972e228c9fd184cd4db104258c1c7dc3dc
Crown Agencies,"$141,309.00","$60,753.00",Ontario Hydro,"VP, Nuclear Human Resources",1998,14093a2fc13f88b2bab7f6ad578ba4e81dd8f8ac5e157f2cb883a3850a9a068d
Crown Agencies,"$113,395.00",$348.00,Ontario Hydro,Regional Maintainers I - Lines,1998,e572e0c4b78fd0c6edad73524a174ef08ba46f098e9c6eda20a0fe34a12db585
Crown Agencies,"$100,051.00",$644.00,Ontario Hydro,Senior Shift Control Technician,1998,4171ec56ff792f49da1af322099cb6472603f6a433d2da6655d509b84677e510
Crown Agencies,"$116,134.00","$57,453.00",Ontario Hydro,"General Counsel, OHII",1998,4bb325e1c798f07b5210fe32d22067afcf1e9578fe0d391e70b1eebb70c51bd7
Crown Agencies,"$103,947.00",$445.00,Ontario Hydro,Technical Engineer/Officer,1998,7609ce673ea55fded1a698c74635eeb1c8a7823e06f780759032697953117b33
Crown Agencies,"$100,972.00",$436.00,Ontario Hydro,Authorized Nuclear Operator,1998,eff05def7abb0e18eec8c2aa1c2bce372135bbe5f9bdcef75698d9488969745e
Crown Agencies,"$101,535.00","$14,548.00",Ontario Hydro,"Manager, Work Control",1998,fe379d36450f545f3e19a0b1c76020c1c44e7ffd2fea5f9c3304528a2baac97c
Crown Agencies,"$105,319.00","$10,300.00",Ontario Hydro,"Manager, Layup/Recovery",1998,00e8e64ba68677c1e874df30d2096d106908f86192a6ace70670e48edb3fac6f
Crown Agencies,"$110,574.00","$1,190.00",Ontario Hydro,Authorized Nuclear Operator,1998,96e45cfa2878ccf1edcc7ec332ee53e88347d5d76610414f4e6ec4d8561d8334
Crown Agencies,"$105,465.00",$472.00,Ontario Hydro,Senior Research Engineer/Scientist,1998,01150d10574faa39127369e544a862c228d975de1c2362b2e885ff64fd5bc3d1
Crown Agencies,"$100,301.00",$596.00,Ontario Hydro,Technical Superintendent,1998,ec3daa2b1d7b183442e622a4dbfd23fec66e9db1e6c4e5b4093f50c38859c5ff
Crown Agencies,"$101,225.00",$358.00,Ontario Hydro,Mechanical Maintainer Journeyperson,1998,73ce4f6ccea3cf9e1a15c107b546f1efd00e7800e49355370057a7321bc94d39
Crown Agencies,"$110,084.00",$444.00,Ontario Hydro,Senior Research Engineer/Scientist,1998,1cfe91c93b9d0fcd70aa15f5abd653245466fb8c08962d8526edb16309a6fa82
Crown Agencies,"$104,820.00",$554.00,Ontario Hydro,"Section Manager, Mntce Program",1998,2ddcbb79abcace3de636c1b2580b095dc138a8e47b398c325b8676f70ceb635b
Crown Agencies,"$104,505.00",$349.00,Ontario Hydro,Unit Operator,1998,150e6e234baeffcd956b07fe8a6727bea759591b8e70bbcc2831a4c56cf5f0b2
Crown Agencies,"$142,257.00","$20,436.00",Ontario Hydro,"Gnrl Mgr, Engineering Services",1998,84f9d93a12280d18e70f68dff74eef7c4a380249470ecdd9cccf0542761919b2
Crown Agencies,"$107,566.00",$516.00,Ontario Hydro,Senior Technical Supervisor,1998,be5393e81ced021457a8c7e665a97f40403d7b8b050082bf7404244865ce9846
Crown Agencies,"$108,815.00","$10,666.00",Ontario Hydro,"Program Manager, ITER",1998,92c3e6e23cb9a9a4467e5b2f68c44b518bd5be21fc403a62d5fc8d3d97d01bbc
Crown Agencies,"$120,796.00","$92,229.00",Ontario Hydro,"Manager, Common Services",1998,249a8a0c3dc0e0f3feddce8be7ad8cf5af2a0c1dd44f7e5499554a0f6d5e232c
Crown Agencies,"$106,709.00",$953.00,Ontario Hydro,Mechanical Maintainer Journeyperson,1998,26c5c2c9a0cd5f76651e63977f9689414743be1c192f086a8dbbb17f4c4911cf
Crown Agencies,"$112,263.00",$534.00,Ontario Hydro,Technical Superintendent,1998,b6b30b47258a264ccb8873bec3b2f14384839ecb0896f7339e745d17cef8d759
Crown Agencies,"$124,819.00","$28,839.00",Ontario Hydro,"Director, Asset Sustainment",1998,d64951e3ca25436f28a3447e1c23fb770cdd4d2ee9fed9c8123639e895d80c7f
Crown Agencies,"$127,491.00","$7,460.00",Ontario Hydro,"Proj Dir, Process Enhancement",1998,b950fe044db986c60be666729fb0cac5de92d75cef42e0cb65ac5e4406f50acc
Crown Agencies,"$103,975.00","$31,132.00",Ontario Hydro,"Mgr, Civil & Geotechnologies",1998,7cc1cfed31fb6f976feb163fb50a6fdf9a5d44c87a5442666b5cd280b5013016
Crown Agencies,"$111,616.00",$519.00,Ontario Hydro,Technical Supervisor,1998,2b1c61167341ea7a93d30816c68adfe2e4247765738932cba7455585714db95b
Crown Agencies,"$133,580.00",$579.00,Ontario Hydro,Production Superintendent,1998,ba08e3dd7b3ab0398ee5f48b35389cadb13cfe852366deb42573adb767fee4c6
Crown Agencies,"$106,262.00",$839.00,Ontario Hydro,Maintenance Assessor (Nuclear),1998,c434f6c1bf88f4229a32d861cdc6d0834906e5d2acca739dd844b31787cac663
Crown Agencies,"$110,694.00",$539.00,Ontario Hydro,Shift Operating Supervisor (Authorized),1998,754a6427ea982a34243735da00ab1aadf2a0445cd4953846d2472b94d7da7061
Crown Agencies,"$116,061.00",$514.00,Ontario Hydro,Principal Research Engineer/Scientist,1998,fa81ef16d3f3c74dc7cb20db0f62610fef483c0e72420cb8f4a6f632ddd09fec
Crown Agencies,"$1,344,860.00","$9,720.00",Ontario Hydro,Vice President,1998,d710db6d02df1bb2eca73f81986f671dee43b0bb7e009456a95f7b5ea8019aeb
Crown Agencies,"$114,272.00",$522.00,Ontario Hydro,Mechanical Maintainer Journeyperson,1998,8cbf09727006f0f994a84b8e4cac30f30b5adbe3a16eef0738ca2de82c005bda
Crown Agencies,"$108,502.00",$592.00,Ontario Hydro,Site Project Manager,1998,6509e125eef4947e314168699c359d0c43bbd4a5020bb84e799bb46888a49360
Crown Agencies,"$109,206.00",$756.00,Ontario Hydro,Regional Line Supervisor,1998,66037e3c776144dc1799339295e61d4453f623cdffbdac997210393a44e19dae
Crown Agencies,"$122,203.00",$771.00,Ontario Hydro,Shift Mtce Suprv (Control or Mechanical),1998,4b2f62381a82ab4d82fcb52f024fe2ebebb38771eaf09692ea3cadaaf2d611b6
Crown Agencies,"$109,501.00",$414.00,Ontario Hydro,Lead Technologist,1998,762b7e2037fbf2006540049a4d095f8bbdd2faba672d0b9bb3097f29c9c19c3a
Crown Agencies,"$106,722.00",$464.00,Ontario Hydro,Senior Engineer/Scientist/Tech Officer,1998,ea0897fcad7e4e36e8836977db5ceedb1e3177bb8d4abf699202fc7f5e14ec91
Crown Agencies,"$103,290.00",$348.00,Ontario Hydro,Regional Maintainers I - Lines,1998,7c1c1fb3bf39eb68f6fca7b665f7412cfa1b308567f0336d0283b458145fe295
Crown Agencies,"$101,443.00","$28,942.00",Ontario Hydro,"Team Leader, Management Policy",1998,62b07b59a78fe4a872f436a4fdf10c23ee0e2ff4bd5e5a2bfc8c38d7b703a91c
Crown Agencies,"$105,723.00",$419.00,Ontario Hydro,Supervising Nuclear Operator,1998,8ca4eca776506a70d4a977e1d78b8188d5d20e4a7cead7e4f4fb5ee8a13049b3
Crown Agencies,"$102,010.00","$1,066.00",Ontario Hydro,Customer Operations Manager,1998,df73080b7743b54a02c9df6c42bb8b2c7f1e4ea1b202a6ae7300b20a0d80559d
Crown Agencies,"$101,427.00","$5,241.00",Ontario Hydro,"Project Manager, CMR",1998,37ba48d8606eb76a4ca632c80748f5f98547ef39501fa46db7e09ffc8c73beaf
Crown Agencies,"$102,396.00",$449.00,Ontario Hydro,Mechanical Maintainer Journeyperson,1998,24841b41229cbc2eb0fd24fb0fcc1b4233f6c6924d461914beadf26e504aea51
Crown Agencies,"$103,127.00",$439.00,Ontario Hydro,Regional Line Supervisor,1998,21b370490b1cfe639cb6f9f865445adfee2ca8b7d7abd609dac5fd5221f21503
Crown Agencies,"$101,083.00",$390.00,Ontario Hydro,Industrial Hygiene Technologist,1998,f688b98395611d7d68c61f6fc5116a62004179830a5dc9fe73eefb2e7b4a0e3e
Crown Agencies,"$103,317.00",$348.00,Ontario Hydro,Regional Maintainer I - Cable Splicer,1998,cd8a40b73bb0bcc94aaa6da67ee6b6891ae8d1811cd5953bf0f00786859d31af
Crown Agencies,"$117,803.00",$527.00,Ontario Hydro,Project Manager,1998,57c0236ad66dad83a55ea187d2f59757d8629017077eecf67f56dc3445657615
Crown Agencies,"$103,759.00",$425.00,Ontario Hydro,Trades Supervisor Maintenance,1998,c652e6f84e090a9646ad50b23b2cc9825c4a0622f6856b2c2822c84432a93ced
Crown Agencies,"$105,019.00",$537.00,Ontario Hydro,Shift Operating Supervisor (Authorized),1998,9be49243262fc47f28091832e5566ad2dc7518d3517b1718ceca936abbf5110f
Crown Agencies,"$102,110.00",$507.00,Ontario Hydro,Design Engineer - Specialist - Power Equ,1998,b3d4224dd5c51ab8e0ac011a9d0a8a4cad9affef4c0519fa6144581d2fe171e0
Crown Agencies,"$102,258.00","$42,450.00",Ontario Hydro,"Project Manager, ISO",1998,97bc821d263e52716b62a92ae50c251b218e192ca83ebddf4e3038a92f099593
Crown Agencies,"$251,120.00","$66,250.00",Ontario Hydro,"Sr VP, Corp & Environmental Affairs",1998,46ab99fd3e04e03ed2233cad23523c2d68a7899099aac700d91022322fd0a453
Crown Agencies,"$114,810.00",$430.00,Ontario Hydro,Regional Line Supervisor,1998,93ee8da709f8d59261c57e60c7247269e918ea9f35e65c57c58aa9981bf929b2
Crown Agencies,"$102,634.00",$378.00,Ontario Hydro,Maintenance Assessor (Nuclear),1998,4a9df3f1d0c4b7c91f3748f8441f6a49d7b23768c0450c4bc0b1675fd73f5e8e
Crown Agencies,"$104,279.00",$469.00,Ontario Hydro,Shift Supervisor in Training,1998,aeab01dc353c33c18e70b53783ddc74a0c1a021e818a0652fc01b877a85e01c7
Crown Agencies,"$105,386.00",$377.00,Ontario Hydro,Regional Maintainer - Lines Uts Level 3,1998,e88b73c00c36d941e2ab2e9ad409e90fae5091e874a9d7b3e9b80e0ce848645f
Crown Agencies,"$117,877.00",$416.00,Ontario Hydro,Trades Management Supervisor-Hydroelec,1998,c28d46698ac9dce824c2522c20fe77ad93c04b40f2f0f47e1df807f543294658
Crown Agencies,"$125,706.00",$348.00,Ontario Hydro,Regional Maintainers I - Lines,1998,1af23acd1c250de070a7e5e043bcc158df8f14130a8ee6715dad82dabcd9cc7a
Crown Agencies,"$100,829.00","$11,308.00",Ontario Hydro,"Manager, Financial Systems",1998,f7519813e99449c8de2cc6b81e93f63fe9bde39ed0750e66af239169bf2c407f
Crown Agencies,"$126,420.00","$13,284.00",Ontario Hydro,"Director, Technology Services",1998,882de09302554a213508d38342ed01604cd294bd779b220738a884ff78217621
Crown Agencies,"$102,042.00",$522.00,Ontario Hydro,Shift Maintenance Supervisor-Multi-Funct,1998,a2c0d5a24a61232325f62f9b84650759727099682449b90f130f2bbe9fdd1db9
Crown Agencies,"$118,124.00",$348.00,Ontario Hydro,Regional Maintainers I - Lines,1998,6bfb2d39c2d2edf59aa2ed095f017672a3d930a830f07d2a1f206a60140279ab
Crown Agencies,"$104,345.00",$690.00,Ontario Hydro,Regional Maintainer - Electric,1998,320c304a5d3fc089c2bb12c89c6b67aee453039dac87b4eb47ba9fb3ee9dd12c
Crown Agencies,"$100,813.00","$21,526.00",Ontario Hydro,"Mgr, Labour Reltns, IMO/CMO/N-",1998,3e94069c499f7704d44769809f8cb6efd36e365d80c20fca97a48f6a64e60942
Crown Agencies,"$101,828.00",$458.00,Ontario Hydro,Trades Supervisor Maintenance,1998,931af22b40d6e43130c2f06c668ec9f90bc0b5355eb53a64693d9bec9b83eeee
Crown Agencies,"$204,571.00","$45,615.00",Ontario Hydro,"General Manager, Hydroelectric",1998,fe584ac09373316edf6fd84cfe891de63f494d8fe9c88a3cb9c45c39ec4130e4
Crown Agencies,"$103,062.00","$8,452.00",Ontario Hydro,"Manager, Business Services",1998,87bb46f52321f52c49d13e3c0514ef89d4c69eca2c41380df21ebc8d603208a4
Crown Agencies,"$115,000.00","$1,085.00",Ontario Hydro,Site Physician,1998,1cdc0f2d82e031b0ec2dc94c72a82957f1e65d41dc2b30fe604701880c1bdaaf
Crown Agencies,"$107,734.00",$548.00,Ontario Hydro,Technical Superintendent,1998,312b01b1ef74508711075c5f6fe9efadb5362a6043bb17f06d448b0dc3b98a3b
Crown Agencies,"$103,139.00",$358.00,Ontario Hydro,Mechanical Maintainer Journeyperson,1998,2f1207c216d98601106890c34acf388241036230d8614d674963e7d7ca54345e
Crown Agencies,"$104,437.00",$603.00,Ontario Hydro,Supvg Construction Engr - Nucl & Thermal,1998,2b7648bab190ccf2e6dc2650b2136503c28a1685e53883b340a2fd0a9922399f
Crown Agencies,"$105,340.00",$818.00,Ontario Hydro,Mechanical Maintainer Journeyperson,1998,d08b35e284556d6f6904a862c4323bba67b661d24532a01800636a3d5590582a
Crown Agencies,"$119,020.00",$646.00,Ontario Hydro,Mechanical Maintainer Journeyperson,1998,4811f623962af7a59b8c27d95680aac44eb00d9cd46cc5047a2f1806c54ece64
Crown Agencies,"$128,796.00",$610.00,Ontario Hydro,Maintenance Coordinator,1998,9b6945de6c96b7bed4c6e7aa4d65371e8d61cf9c7b4eab7e4011291b3ae79808
Crown Agencies,"$106,016.00","$35,851.00",Ontario Hydro,"Manager, Safety Services",1998,2302ef304ddbcfc182047dee1dd13447410f81f09d488ae1a05e735803df3347
Crown Agencies,"$114,392.00",$475.00,Ontario Hydro,Shift Supervisor,1998,49cc662ce06967948168c985f812cf3c53c02285f8e1aeb4b64bcda9ccefac47
Crown Agencies,"$118,314.00","$1,600.00",Ontario Hydro,Engineer/Technical Off-Commercial & Res.,1998,2d1a8adecdf34841de04703040dfccd3befc39c7bc3ba347f525bc35e8fdb7f3
Crown Agencies,"$108,488.00",$436.00,Ontario Hydro,Authorized Nuclear Operator,1998,98777fe0e7724175c4fdc703a3b17134ce1f386f622c7493854cb08361d9362e
Crown Agencies,"$104,323.00",$516.00,Ontario Hydro,Travelling Line Trades Supv,1998,615294d7c142b2da862ae8fccbf34c0cc1d0765312810dc381b8fa73b2abb66b
Crown Agencies,"$116,314.00",$861.00,Ontario Hydro,Trades Mgmt. Supervisor - Hydroelect,1998,528fd1fb608dc987a5e6f7b9bcc79c5ec3c6ebb438d678f832cc70fd7e0bfd1e
Crown Agencies,"$103,765.00","$11,041.00",Ontario Hydro,"Manager, Operations Support",1998,76af1dade16c740ddb4c95073426d57c1e074dc5f99fa1fa89cd157095357080
Crown Agencies,"$101,486.00",$392.00,Ontario Hydro,Shift Emergency Response Coordinator,1998,274cc391b012af3ed15a657121cc03a517c2ec36dcb2989f741baf3902698f97
Crown Agencies,"$102,309.00","$5,914.00",Ontario Hydro,Senior Advisor/HR Manager,1998,a6b87c80a9d17b6c9577420420d017683456ecc4ca96a508744e7ef4e680b2c5
Crown Agencies,"$109,714.00",$436.00,Ontario Hydro,Authorized Nuclear Operator,1998,8c7c0b6f34fb00b928e26541898cac816825776d0e0ac05be90a3ef1448ef972
Crown Agencies,"$104,265.00",$574.00,Ontario Hydro,Production Supervisor - Technical/Chemic,1998,4464af558eece89146dd4f80d7f6db6a0cd5787c296a420fc6070708c1443d6b
Crown Agencies,"$107,040.00",$555.00,Ontario Hydro,Supervising Design Engineer,1998,7b69a392e4758eb8b8c5bc76fdf608deda5a4619a351af3f38986a5c8bef94db
Crown Agencies,"$106,239.00","$1,766.00",Ontario Hydro,Authorized Nuclear Operator,1998,51a8d417a2bf65924752a55021ca2d79fcbaa1526172a46ef699e755b55f439d
Crown Agencies,"$114,916.00","$65,273.00",Ontario Hydro,"Manager, Electrical Inspection",1998,65f412bc5442061dacdc55c982db4bc1631d97e7b03c2b96d44b72b5da66850f
Crown Agencies,"$101,043.00",$447.00,Ontario Hydro,Shift Operating Supervisor,1998,f56e5f2e79008a7a1beeece12f405ba69fc09af248a32f74761eaf39d6e631b2
Crown Agencies,"$143,917.00","$2,316.00",Ontario Hydro,"Vice-President, Organization Development",1998,0f50374df70c1b2cd1049b38ad6b0b8a9240ec5a735b632683997f7daa493486
Crown Agencies,"$103,467.00","$1,811.00",Ontario Hydro,"Manager, Water Resources",1998,5df9874a5a30b48fe623c4be7183e2cd7ac24389eef584ca5a1a0fe893d7e536
Crown Agencies,"$107,999.00",$789.00,Ontario Hydro,Mechanical Maintainer Journeyperson,1998,8c95b08fa39e17b9e68471d6d59b2190eaea26d4031fd6bf89672df2c5bee0e8
Crown Agencies,"$107,915.00","$10,492.00",Ontario Hydro,"Manager, Business Support",1998,c59a740f9a745bc907061e7f00e7cb77b45d104c2d105a0e8aa78f93024c59f9
Crown Agencies,"$101,749.00",$358.00,Ontario Hydro,Mechanical Maintainer Journeyperson,1998,9d20b5bf08d666bdc2d0144fcd434bd5b52bf33a36af0581d0fff7335699443e
Crown Agencies,"$100,539.00","$19,951.00",Ontario Hydro,"Manager, Real Estate Services",1998,6b50c7899847365152a6de32d97001e694f7cccaa9b0f57cca2e32cb8b166062
Crown Agencies,"$100,160.00",$419.00,Ontario Hydro,Shift Unit Supervisor,1998,b626ac96a1651e901e646837654dd6cdd0bd998aeb65d96fb0cf6a8f202c3e01
Crown Agencies,"$119,582.00","$9,338.00",Ontario Hydro,"Director, Operations & Maintenance",1998,b0a8714d771faac6049437717d190ac1045f2121654f4b36ed19518450493d61
Crown Agencies,"$137,658.00",$758.00,Ontario Hydro,Authorized Nuclear Operator,1998,4625cd463130a9b922fb96e5f1e1c0313350905a5838ba59d3f1a00a76bd143f
Crown Agencies,"$102,900.00","$11,786.00",Ontario Hydro,"Manager, Operations Production",1998,bec7ea4b8c803935e239d8edf622f47e710af9c4ffd3b9fa4f7a2331c5cb6c3b
Crown Agencies,"$114,450.00",$597.00,Ontario Hydro,"Section Mgr, Fuel Channel",1998,f3856c09c1c090d6b9ad1b1674354d498973c4696abcc069dc33c280ef60f8c3
Crown Agencies,"$119,069.00","$33,788.00",Ontario Hydro,"Vice President, Hydroelectric",1998,5bb35605ee1a600a3a8ee81b1fa0b414bb02bd025720693b6b2b3ed22f33163f
Crown Agencies,"$102,136.00","$1,339.00",Ontario Hydro,Authorized Nuclear Operator,1998,252d23e1633640b791c8b0d6e0d0de37ae984b21575a8778ee1e5f0dde28ee44
Crown Agencies,"$149,654.00",$516.00,Ontario Hydro,Senior Pay Systems Analyst,1998,eea655a4b2de107f53b9245b3972d9e40fba9a160bf9036112eec8239bb522d5
Crown Agencies,"$118,729.00","$26,747.00",Ontario Hydro,"Manager, Legal Services Retail Company",1998,3840cc7257e4ead30d7c31d2065ee1ebc1ef7de400b6aff87ec7027f7adfa761
Crown Agencies,"$100,359.00","$4,419.00",Ontario Hydro,"Manager, Business Services",1998,bcaeebcd81229d47c4dcb08866b635c986899a2bfc693b807efec11c37f1864d
Crown Agencies,"$103,141.00",$349.00,Ontario Hydro,Construction Technician - Civil,1998,5043f3e5af7b172c720c136e71b406dd45d245d4fbd70e0024f8c3186b6e9f7c
Crown Agencies,"$105,560.00",$441.00,Ontario Hydro,Shift Trades Mgmt Supvr - Mech,1998,b3d6fee1294fabac23b54f5b5054f8044edf9ba9c184a7dfa209d723093a9f53
Crown Agencies,"$109,788.00",$478.00,Ontario Hydro,Shift Maintenance Supervisor-Multi-Funct,1998,f87df00b013e3c81d38694c5678a32ca4ffdb936b34a5071e54474549f6bb32c
Crown Agencies,"$104,885.00",$370.00,Ontario Hydro,Inspection and Maintenance Technician II,1998,4e86bb5697d43835b48cdd85a381083b5a445d50c84a688a50f97b1ec593f445
Crown Agencies,"$102,243.00",$0.00,Ontario Hydro,Millwright Foreman - Construction,1998,457f20b1fabba784244e26e3621dbe5f5df1cbc587f45990e849765876280291
Crown Agencies,"$101,625.00",$538.00,Ontario Hydro,Senior Engineer/Scientist/Tech Officer,1998,c264e7ed29dedb088e015be6b91ccf25f695a6c45237e5712001cc6e0c45fb9e
Crown Agencies,"$122,613.00",$436.00,Ontario Hydro,Authorized Nuclear Operator,1998,d494a102ae85496303aa34a3e0a99267e12982e3945ee7f0a899d6a1c01519f7
Crown Agencies,"$114,246.00",$505.00,Ontario Hydro,Human Resources Information Sys,1998,34bc56059080886c8a480f3d3012465eac899f866326f9e9907dcce3f95d555f
Crown Agencies,"$114,418.00",$419.00,Ontario Hydro,Mechanical Maintainer Union Trades Supv,1998,4712888858ff811c82af8abb6f49cca58d4c95376183b8039b5c48c4906637b9
Crown Agencies,"$101,521.00","$9,685.00",Ontario Hydro,Senior Project Manager,1998,99c00f2a58975ee0c1590990e403ac53915f4a4d35c2e1f00fc5bf3941f756ca
Crown Agencies,"$102,297.00",$419.00,Ontario Hydro,Design Engineer - Specialist,1998,472f580415ac46156ddf96e5c207a1479cc2f6995e1032534ce99f1568c80a1a
Crown Agencies,"$107,951.00",$531.00,Ontario Hydro,Exchng Coord - Schedule/Resource/System,1998,755045558844fcb8d99946d1482eaa378e24d447b5f458a2a1f6cfc3ab11f13b
Crown Agencies,"$291,667.00","$11,062.00",Ontario Hydro,Chairman,1998,91894e08fe11a08ea787a4979cc9aced7caea5b9f5bfffdd08939ae577a11667
Crown Agencies,"$103,448.00","$40,968.00",Ontario Hydro,"Manager, Operations Support",1998,9341ae012700e31f31735d62345c8187a13cf0a77287b76a67c1ed3804dd7a57
Crown Agencies,"$106,542.00","$7,537.00",Ontario Hydro,"Mgr, Distribution Perf Mgmt",1998,4f83d5015525c6ac0160af8e6e83ecf7761705167fb41aeda7ae27b24431778a
Crown Agencies,"$121,667.00",$500.00,Ontario Hydro,Production Supervisor - Technical,1998,ba27dce19bba1ae6272b3b8f422da7cb3a346f05448836905e7ec1e59be85183
Crown Agencies,"$121,863.00","$76,894.00",Ontario Hydro,"Manager, Northern Territory",1998,c49e7c280c49ddd755343c8b55ee92e0ee6a87a6013f4ac84920d10f7188f860
Crown Agencies,"$117,658.00",$478.00,Ontario Hydro,Senior Engineer/Scientist/Tech Officer,1998,431771169fc9c7c9395b6d71d7d4aff1cdf9fc7d00bf7e26e49868926ec5a107
Crown Agencies,"$107,422.00","$31,627.00",Ontario Hydro,"Manager, I/T Operations",1998,9879890fafaaeaf44e056a059db473a73d6e87f73c97df7f498af368e1b9dc91
Crown Agencies,"$110,846.00",$598.00,Ontario Hydro,Technical Supervisor,1998,d0b6315b7b9217a23bfc051a82b80df1e56ab77f292a104596222492198b76ad
Crown Agencies,"$453,384.00","$25,120.00",Ontario Hydro,Vice President,1998,698a7d837e25e2372904f7da993e171f14c9d6f4c6afaffcca246db77c24e0ba
Crown Agencies,"$126,659.00",$419.00,Ontario Hydro,Mechanical Maintainer Union Trades Supv,1998,22205be3de2180251313d02b655c9efa99669dd4abfddec37e9a071c0e187d89
Crown Agencies,"$115,850.00",$786.00,Ontario Hydro,Regional Maintainer - Mechanical Uts,1998,a524b4ff2f8508f273e9049fb54b6a037625e28bf2b666f948f5e39f6af33f53
Crown Agencies,"$116,567.00","$36,821.00",Ontario Hydro,"Customer Relations, Manager",1998,f24b7a66ba7d218be91c09d30625530c72fc9cc53c71436c0015337c43634378
Crown Agencies,"$111,696.00",$431.00,Ontario Hydro,Regional Line Supervisor,1998,c9333f4f40789d4ed43d0f426e78cf3c458903d260b7605e86f92f541e799377
Crown Agencies,"$106,080.00","$1,064.00",Ontario Hydro,Customer Care Team Manager,1998,2686717b95e2e0901478ca7a8e3aaacfccef0de2a1c0e9d8984bce0544bf2844
Crown Agencies,"$120,667.00",$926.00,Ontario Hydro,Authorized Nuclear Operator,1998,f46cf63ca2dbba530a033b3337dcd810e7f2f4c927f8b278e44e3404872cfbcb
Crown Agencies,"$126,846.00","$13,189.00",Ontario Hydro,"Asst General Counsel, Legal Proceedings",1998,b8a595525c66bf02096fdd57efa3196f0cb255060cc7316bc71e9f47a12934d0
Crown Agencies,"$111,784.00",$379.00,Ontario Hydro,Senior Planning Technician,1998,e64528a8b058fcd3d645d28eabbfe3a8bbbf334af15d03381ea85076904d38b6
Crown Agencies,"$126,343.00","$38,250.00",Ontario Hydro,"Exec Dir, Mrkt & New Bus Devlp",1998,b67f95be0aeb67280a882af0ea47aadc7634cdc140de5b3bc706fd87c7e800fe
Crown Agencies,"$106,817.00",$419.00,Ontario Hydro,Mechanical Maintainer Union Trades Supv,1998,74c152a3fc80c2e496cce632873da815ab3cde998cfe101fdab7741770ab3e4a
Crown Agencies,"$100,455.00",$747.00,Ontario Hydro,Supervising Nuclear Operator,1998,7ed542115805dc19c1979b397c1e53583774dd494da296ec8ad79367ef003e3c
Crown Agencies,"$100,006.00",$358.00,Ontario Hydro,Mechanical Maintainer Journeyperson,1998,2114c900a8c93ebe3d3f4fcdb09056ead3feb061eb4496d6b00cad3430f3924a
Crown Agencies,"$121,837.00",$553.00,Ontario Hydro,Engineer/Technical Off-Commercial & Res.,1998,1d2797a3a0e3942981fa971776e4f90e629883850ba2d8dbecba43e2cd4e034e
Crown Agencies,"$108,716.00",$368.00,Ontario Hydro,Authorized Nuclear Operator,1998,9e8c8371cabfb6d65cbed652fb5f9d6e8739567adea07fc999a05d24e7d51a08
Crown Agencies,"$108,412.00",$643.00,Ontario Hydro,Regional Maintainers I - Lines,1998,ea21b2cb03bf4ff08f7a4eed946fadf913edc42ef7a31281c3910ab435a04f96
Crown Agencies,"$105,650.00",$549.00,Ontario Hydro,Principal Research Engineer/Scientist,1998,f85d06470363176f455c8387958cc7a65a5a0f4d867ffe7952b61c23722c68c6
Crown Agencies,"$106,272.00",$439.00,Ontario Hydro,Regional Line Supervisor,1998,aa8f01937d1d95e48036f702ffc3292b9fa0cb83d0c7b39c075f78af78f6308c
Crown Agencies,"$103,872.00",$431.00,Ontario Hydro,Regional Line Supervisor,1998,aa8f01937d1d95e48036f702ffc3292b9fa0cb83d0c7b39c075f78af78f6308c
Crown Agencies,"$109,116.00",$410.00,Ontario Hydro,Shift Unit Supervisor,1998,e22922a00255535aa2138e4729561f70e5d5d39e1a0e0af81c6a056d129f10ef
Crown Agencies,"$101,706.00","$15,286.00",Ontario Hydro,"Sr. Advisor, Investment Planning",1998,af4b321829e880e3944b2b71dd6df1bda6045d6532d1affd3890ebdf9c8a6df5
Crown Agencies,"$103,975.00","$7,553.00",Ontario Hydro,"Mgr, Power System Technologies",1998,77c2d8a01c76f54e03f307ae7a18e5e08a05011dce7635c0ae2b66c0c3b18018
Crown Agencies,"$101,824.00",$680.00,Ontario Hydro,Supervising Equipment Engineer,1998,9132dd6eeba39a2e827d7566bdb9f9231dd12a8b899f59c1856358e26186b1c0
Crown Agencies,"$116,591.00","$15,313.00",Ontario Hydro,Sr Solicitor,1998,bdef095e31e1cad67c9f58c1633f2284123277cfde8f7e904456f799c2c02b00
Crown Agencies,"$124,560.00","$31,545.00",Ontario Hydro,"Plant Manager, Lennox GS",1998,505c1d37ce3e8f20e8882f935ab2543d47500e81ae8cc40030fdca0fa89d1a2e
Crown Agencies,"$106,743.00",$512.00,Ontario Hydro,Shift Maintenance Supervisor,1998,c1043e87a80f0de2779f8a8d82f0a160cced5420f4b15f00a416adc1f774fcce
Crown Agencies,"$101,132.00","$2,478.00",Ontario Hydro,"Mgr, Plant Design Engineering",1998,e867d8689af9df463be76cc644e4ac610f33b908e605b74ceff56027e45cf9ca
Crown Agencies,"$100,359.00","$16,551.00",Ontario Hydro,"Manager, Performance Assurance",1998,85edbf7d752f8d1be9f72e7157a60548c6be713f875b621b8f8cdf10761a6e53
Crown Agencies,"$411,220.00","$67,964.00",Ontario Hydro,"Exec VP & Managing Director, GENCO",1998,fd19d06917dd0dd2ab74669674407a71a2cbdf603d0a5bccba2b595dacbf1f36
Crown Agencies,"$115,436.00","$18,535.00",Ontario Hydro,"Dir, Wires Fnncl Integration",1998,f6d3acbb51a4e2017b1bb3263947dc0c7f7cce9cb3e2681cc8cf29cf66f70fec
Crown Agencies,"$104,245.00",$485.00,Ontario Hydro,Customer Operations Manager,1998,310098300cf2080eef4e29f91f792c53a84482618d1b090ec253d7fce0420188
Crown Agencies,"$102,165.00",$419.00,Ontario Hydro,Mechanical Maintainer Union Trades Supv,1998,e9f033c3d7e20d9de2ac10267962ee539c9e2fd83719980a86a783e3d1233f7a
Crown Agencies,"$141,279.00","$23,392.00",Ontario Hydro,"VP, Performance Management",1998,1de2ec7352f541f0d0b52f8db0b15d5a051778b77fdb4c2d091f90572ec95d20
Crown Agencies,"$103,825.00",$414.00,Ontario Hydro,Senior Inspection and Maintenance Tech,1998,d1004a9da5c8fdacb7795245903b7aa812aa2708a255dc2a7dcccc793c186a0c
Crown Agencies,"$192,953.00","$10,316.00",Ontario Hydro,Assistant General Counsel,1998,7804de08370730ae262691ebcdee07c593410b86125de1ec1348e9ed3d036d5a
Crown Agencies,"$100,529.00","$2,072.00",Ontario Hydro,"Senior Advisor, Corporate Affairs",1998,7b2ae13a470b77fa495566185a011665267c875896d70c57831baf34e1a342d1
Crown Agencies,"$100,531.00",$555.00,Ontario Hydro,Shift Mechanical Maintainer I,1998,7b34cf18158484a6a79efaa079c0e2901bb4effc359f6b418e6ed9448165b91c
Crown Agencies,"$130,254.00",$414.00,Ontario Hydro,Senior Planning Technician,1998,6d9869524574af4f1fc05050fdfaae312da518ce47f083a1289a22769d67ca74
Crown Agencies,"$114,897.00","$38,654.00",Ontario Hydro,"Director, Station Engineering",1998,83d7455339a19bafa9ec067b3fd551c006f25b895de43711747e47c049246bcc
Crown Agencies,"$104,306.00",$478.00,Ontario Hydro,Senior Technical Analyst,1998,52681de95c318b05f49e280c871a7527524ea7d99c869831c906d4fe884e6366
Crown Agencies,"$102,474.00",$570.00,Ontario Hydro,Operator Coordinator,1998,5f381a7e6617086c0999c659dc3ba3633a133241ea8f153c1bf6e0ead8fd773d
Crown Agencies,"$102,619.00",$573.00,Ontario Hydro,"Section Manager, HW Shutdown",1998,961880c7fa08230c559e72a49f0148e64645bda0d6a18f5d6fb86052635d7262
Crown Agencies,"$105,696.00",$443.00,Ontario Hydro,Senior Information Systems Analyst,1998,3350e6878b94aeeced89bc9cc1037fd3d1eb74eda493a1967a52b62f873fc895
Crown Agencies,"$102,324.00",$501.00,Ontario Hydro,Section Head - Information Management,1998,1520d24aff0736a0d1924a7c0abb206e34e79ed2fbaf117b2184c2f1df8cdb90
Crown Agencies,"$108,296.00",$684.00,Ontario Hydro,Regional Maintainer - Electric,1998,e299bee3aef545eff0110ce48bce53854857ef02f5bc5ce36b05a3869d4ca256
Crown Agencies,"$107,287.00",$395.00,Ontario Hydro,Shift Emergency Response Manag,1998,cb16f6e3947d7386d2e40e459cf92383a14600126ec63446fe072827185616d8
Crown Agencies,"$103,683.00","$3,882.00",Ontario Hydro,Unauthorized First Operator,1998,0d94e0c2839c275a92476a14c4db36076e2c506e2a4a3899ea72d5bd068b784d
Crown Agencies,"$108,902.00",$555.00,Ontario Hydro,Shift Operating Supervisor (Authorized),1998,fad7bbda179fc6349084e0f8db050d323b6b506c70180eb51a233e85c032ef4f
Crown Agencies,"$102,480.00",$370.00,Ontario Hydro,Inspection and Maintenance Technician II,1998,c2f4ab383caa41b30caddadb10bc3a8caf0f31ff8c12bf9012be80322cd3eafd
Crown Agencies,"$101,899.00",$467.00,Ontario Hydro,Trades Supervisor Maintenance,1998,5147f9ea872a9976217981422a8857c903011074869ed01dee7c7b40cffc968c
Crown Agencies,"$103,382.00",$529.00,Ontario Hydro,Shift Operating Supervisor,1998,02362af6212e967743c0342f48af437840f6adc8c780f5e2793206d6f48b8a26
Crown Agencies,"$108,678.00","$4,346.00",Ontario Hydro,"Senior Solicitor, Pension & Finance",1998,b0368be961e672757f2ffd493d92f0028ce849885f4690145298c848ac0b1a72
Crown Agencies,"$113,372.00",$431.00,Ontario Hydro,Authorized Nuclear Operator,1998,3493d54ac75671c532f2204c1047bdc1d6051c1ba8e36285b8787da5d7fdcf7d
Crown Agencies,"$104,609.00",$392.00,Ontario Hydro,Shift Production Technician - Planning,1998,0e301797ca5f4c90ad07ad4977f6c1040b211c1706445b3f7b123f35860f6673
Crown Agencies,"$142,912.00",$414.00,Ontario Hydro,Senior Planning Technician,1998,5666e83e56a20509d3595e5c8e274a4d201f5d8620e90edd604f812a494da54f
Crown Agencies,"$104,210.00",$489.00,Ontario Hydro,Regional Line Supervisor,1998,cdb51de5a3c5ae80ff1e02f3f1386119baee92a33e923b08f569d9d126cf3987
Crown Agencies,"$113,293.00","$1,954.00",Ontario Hydro,Mechanical Maintainer Union Trades Supv,1998,4adeadca8ed58569798517fa29ecd416662d48319c57edda0e01f43e9340f59b
Crown Agencies,"$102,785.00",$418.00,Ontario Hydro,Shift Site Supervisor,1998,78afc23cdd81859940fe9cdadcbb8b491eb747089325922207b86230420e9e69
Crown Agencies,"$100,477.00","$6,316.00",Ontario Hydro,"Mgr, Site Implmntation Spprt,",1998,15412fa398b78ca3c51bcdaee2e494dd3f8b4faaee2f160102a97219edb1b2e6
Crown Agencies,"$106,233.00",$547.00,Ontario Hydro,Engineer/Officer-Shift Control,1998,bb77dbb6e31ea1bb4221103a5d705ede7fafc932c867f8d4609e484ee86e0fc4
Crown Agencies,"$126,645.00",$528.00,Ontario Hydro,Shift Supervisor in Training,1998,36e704f84e562f65fa58067cb9fdf0e3cb064479b07cd661dd2291d65b9c3a52
Crown Agencies,"$102,375.00",$826.00,Ontario Hydro,Production Supervisor - Shift,1998,30b7fea5a72b8efb27a35e577031c41b716a9edc3834b6e45c26fde75fb84ced
Crown Agencies,"$102,605.00",$419.00,Ontario Hydro,Shift Unit Supervisor,1998,0630a482f990e05d1c15ab6212cc17f0400a72388d4318f4a29b731589a89891
Crown Agencies,"$103,219.00",$358.00,Ontario Hydro,Mechanical Maintainer Journeyperson,1998,46a359d30b470b689ed1314560eb87ddc21ff42b25939f4bcd808ef0aab671d1
Crown Agencies,"$110,437.00","$29,146.00",Ontario Hydro,"Director, Regulatory & Stakeholders",1998,e3c475bb46293b4be6858cd19c6ee2bc8cf3ec64894e4a3877dc4cb3261e64db
Crown Agencies,"$105,426.00",$348.00,Ontario Hydro,Regional Maintainers I - Lines,1998,1151d0eded096477a372037c578397150d600ac4af0d86f8b666f77be8cf7f33
Crown Agencies,"$109,843.00",$576.00,Ontario Hydro,Shift Supervisor,1998,5ff716006670bafbb887596ef311422a7fffd024d01bb0809865ae576143acf0
Crown Agencies,"$132,400.00","$18,452.00",Ontario Hydro,"Director, Financial Plng & Rep",1998,f43b1e2029e0f7d77e8fe92ddf25b2e2404e8854e7f972c81e5db0fe828d9969
Crown Agencies,"$109,292.00",$402.00,Ontario Hydro,Senior Engineer/Scientist/Tech Officer,1998,3b352ec1294878b8d5234b134ee34665cf7fc64f3d50502a816f798c80aa83e5
Crown Agencies,"$114,105.00","$1,350.00",Ontario Hydro,Senior Planning Technician,1998,263e6c0ff9d7fec3c4e35e98ecaca2807cde36c2ea17e900d490d97a7143ca0d
Crown Agencies,"$110,905.00",$419.00,Ontario Hydro,Mechanical Maintainer Union Trades Supv,1998,ea49f2a05c349922b7ebab8021f2effa70b61447e81efda2c873e89bcc7c9995
Crown Agencies,"$100,055.00",$538.00,Ontario Hydro,Customer Operations Manager,1998,1a2509db8834285e8d8acf98592118d791d3a9d1b52d135fbc5f50698beec411
Crown Agencies,"$131,293.00","$20,232.00",Ontario Hydro,"Vice-President, Human Resource",1998,8a671f8d84bc106ccb6ba4e79df854eac4fb4247c4555a1e998c05d86ec3c0b8
Crown Agencies,"$103,518.00",$433.00,Ontario Hydro,Shift Serviceworker (Thermal),1998,3b87d3bffb02335fda9dafba723e7b3dac3689807e167b010e66c22b716b3582
Crown Agencies,"$102,385.00",$349.00,Ontario Hydro,Unit Operator,1998,ba7ed17e2b5cb671f244a4a93a886ac0aec0ed7829cedff06783b50a2f0a481b
Crown Agencies,"$101,904.00","$6,993.00",Ontario Hydro,"Mgr, Performance Engineering",1998,e0e30f3ca75eb4df820025a4101de4325e42bbe40064a79c4d54181ee3021d18
Crown Agencies,"$100,387.00",$578.00,Ontario Hydro,"S Mgr, Benchmarking & Dec Support",1998,3c60917177b48557728caaf01608eec2b6da00a53dc56272c61838f40852309e
Crown Agencies,"$100,719.00",$431.00,Ontario Hydro,Regional Line Supervisor,1998,6ddb785163952859abf7f2f8a398977c8d441bcbcbcd08866f582c30d7da3c00
Crown Agencies,"$117,562.00",$620.00,Ontario Hydro,Shift Superintendent,1998,30960c8c5ce4093d69bc8018aa17b8b21a262170855a62f9c725538399c2b05b
Crown Agencies,"$223,200.00","$50,765.00",Ontario Hydro,"Senior VP, Central Market Operations",1998,ce668deea30d81802b0ebb25fdc85de59079ba332d2c0d79f0410ca4cc608072
Crown Agencies,"$111,054.00",$565.00,Ontario Hydro,Telecommunications Systems Manager,1998,d0c249fc80317da84b3278aa28d8f99b969eac497e01736131ded0fb92451658
Crown Agencies,"$101,059.00",$535.00,Ontario Hydro,Principal Research Engineer/Scientist,1998,e30eb2158ebbd793251d0cf3df19fd595978c5fce8473df061df4acc7b965bc9
Crown Agencies,"$103,870.00",$536.00,Ontario Hydro,Technical Superintendent,1998,cc066a5a7f45cce0d066ed11cf0645e2028fc20991e4db3291c5a051cdbaf0bf
Crown Agencies,"$101,099.00",$418.00,Ontario Hydro,Maintenance Superintendent,1998,4c77d83876dbfdaa174b86dc2b2bfc41427b5bdf8ef4809b71068399e835c74e
Crown Agencies,"$105,292.00","$16,013.00",Ontario Hydro,"Director, Policy & Standards",1998,691c9cdc7edb8ce1157a1b6f8cd06f19c83b624b6acb58e4c7647c308f34a19c
Crown Agencies,"$125,287.00",$436.00,Ontario Hydro,Authorized Nuclear Operator,1998,3caaecebf3761a6725c2c887c14c65cb323f4cf73b1a61b5bf18af94ef99f51e
Crown Agencies,"$108,285.00",$531.00,Ontario Hydro,Technical Supervisor,1998,f0104c837447e0f95757a05b24aef3d80858c4b05eccba81587b6845b065e121
Crown Agencies,"$100,294.00","$32,757.00",Ontario Hydro,"Manager, Modifications",1998,08595c15619f2ceee3c45eeeb57caeaf5f39745032f65e22f9452990d1d540c8
Crown Agencies,"$118,363.00",$744.00,Ontario Hydro,Regional Maintainers I - Lines,1998,4e44e90987cebed523983a582b27d6031a3c737e810f2f2bf10c50b43c441bd3
Crown Agencies,"$118,700.00",$585.00,Ontario Hydro,Shift Superintendent,1998,b752efaf146d83292a87d105adb1c9ec105558b4db281164796ee5ae1618b9b0
Crown Agencies,"$101,879.00",$419.00,Ontario Hydro,Mechanical Maintainer Union Trades Supv,1998,e027b3026c9cd3fc2566408ed6fb80c74a09fcd7a781515ca59146b4988f10ef
Crown Agencies,"$101,716.00","$1,130.00",Ontario Hydro,Mechanical Maintainer Union Trades Supv,1998,caa04e8ecad50b7ae4797ff9c17e89208da9129130e073e48e1600aade429c0f
Crown Agencies,"$103,531.00",$404.00,Ontario Hydro,Mechanical Maintainer Journeyperson,1998,eda1f67d20d598198000f47f007b3c1c40c93f3aeb2d2fb6d4d84e2d16866ef9
Crown Agencies,"$101,920.00",$562.00,Ontario Hydro,Shift Supervisor,1998,44e07deb71ac52ab7ed83066527e79d1390c9a4e8bf9cc782db2fffae1e3ecfe
Crown Agencies,"$104,279.00",$348.00,Ontario Hydro,Regional Maintainers I - Lines,1998,45bee004b185955b2d01c4fe5da95e8ad579afad1670abe95db4eb8cbcb91fdd
Crown Agencies,"$110,252.00",$485.00,Ontario Hydro,Mechanical Maintainer Union Trades Supv,1998,2bfaf7b38dca3664d84ce16157c45cf015babaa060dea74b824f0b7099bead52
Crown Agencies,"$104,598.00",$761.00,Ontario Hydro,Authorized Nuclear Operator,1998,0547f3d5eb663cc23e18da4bea4953ede9b2fe49ab848c07241789ccf9be3c48
Crown Agencies,"$107,632.00",$348.00,Ontario Hydro,Regional Maintainers I - Lines,1998,993df3827acc5721acf6d64f38069be7f445eff1d687dc689d3c3f98f6141641
Crown Agencies,"$102,222.00",$436.00,Ontario Hydro,Authorized Nuclear Operator,1998,8cce495dea2cd95053d4b1cbf552cd4a688ef46a68a2131a1488eabcc1548d1d
Crown Agencies,"$110,349.00",$419.00,Ontario Hydro,Shift Unit Supervisor,1998,dc04afba3829f8d0294ea554f365135cef16d17994372971d8c80dafc9a093fb
Crown Agencies,"$101,289.00",$525.00,Ontario Hydro,First Line Manager - Human Res,1998,bddf709e5917ffdf29871a5ea9d1ebd1a8a26d5f43722f21ecf346e66206c324
Crown Agencies,"$116,172.00",$454.00,Ontario Hydro,Senior Technical Engineer/Officer,1998,8c022d1228dda17d88ab04fa8ccf12a2cb834b5478cbc0cff40008faab54eb0e
Crown Agencies,"$101,544.00",$504.00,Ontario Hydro,Shift Operating Supervisor,1998,d24a245ddfa90e171b1dddd8a1c760ea54a423220a464b692605c6616d867a03
Crown Agencies,"$104,356.00",$371.00,Ontario Hydro,Technician,1998,25b855cfe47890a12d4cac020335fe19b32abf82f61b435e6a97633747653214
Crown Agencies,"$104,030.00","$51,409.00",Ontario Hydro,"Sr Advisor, Dist Network Management",1998,566dbfaf6f838041056c3602fc49927c5841365fada553a41e405a0d9b81d566
Crown Agencies,"$100,702.00",$392.00,Ontario Hydro,Senior Planning Technician,1998,524a5849c9ee1dcc9da4dcc10248dde35dc7c1415b42cad60160bf01acd4851c
Crown Agencies,"$101,274.00",$441.00,Ontario Hydro,Senior Design Engineer,1998,25a7d6e2abf5308546c566617145bafaef14fb8bdf95b72ee0a4fe96f0942319
Crown Agencies,"$124,902.00",$542.00,Ontario Hydro,Shift Superintendent,1998,4e1a76dfb24fca89a5b92689ca58d07579133e5acee9d1ab4b9a052db6807a72
Crown Agencies,"$109,906.00",$369.00,Ontario Hydro,Safety Technician,1998,4d3562561eea43754c6f18d0bf1bd55a3fe08edbe048fead290c42d3ea5a6151
Crown Agencies,"$143,952.00",$427.00,Ontario Hydro,Design Engineer Specialist - Electrical,1998,42a3b36339dda286aead400078d7edf5957fc74073eca0611643fd73c0024d1e
Crown Agencies,"$305,600.00","$209,786.00",Ontario Hydro,"Sr VP, Corporate Human Resources",1998,56e492b6fa9ea39198e7f69ea0f8d77218e2653fe7ba66e47f9b59f0bbe2a064
Crown Agencies,"$101,414.00","$1,160.00",Ontario Hydro,Nuclear Operator,1998,a872375a94196e2edb5ee780e1e244b1914da0f39811125b37bf79828aaf0a14
Crown Agencies,"$110,214.00",$847.00,Ontario Hydro,Shift Operating Supervisor (Authorized),1998,4446f2fc366a94f5e880bf03aa52e410c379bd9ac8a3044959af44c067ee1bfb
Crown Agencies,"$111,167.00",$412.00,Ontario Hydro,Design Engineer - Specialist,1998,0e2fa6307fd2ead07a75209a5e4792c9ce1a885fefeb8500133a6fa7a7ea3ac7
Crown Agencies,"$113,384.00",$436.00,Ontario Hydro,Authorized Nuclear Operator,1998,4688bde816811519664d47f0c5ce35f8bfffd93888e1fe148eef194b2ee8b370
Crown Agencies,"$107,127.00","$23,815.00",Ontario Hydro,"Manager, Industrial Sales",1998,43418e50ba1ca03684c9c86ca0db16ac8afc136f62e166f495eb68b21363c4d5
Crown Agencies,"$102,179.00",$392.00,Ontario Hydro,Protection and Control Technologist,1998,a434b7edd23a7d68fadb0f9c701b9f9dbbf1c4c3cced69e53bd9e2109d45ce9d
Crown Agencies,"$107,215.00","$18,686.00",Ontario Hydro,"Team Leader, Integration",1998,c2df6b909824765443ea7a93724adf9df428c12248c1e87bbdc417795c0e5548
Crown Agencies,"$110,948.00","$12,760.00",Ontario Hydro,"Director, Human Resources",1998,af394a659815f63113ca65c45e101ae4b127315eb995722e2e39facae6c33ed6
Crown Agencies,"$104,732.00",$537.00,Ontario Hydro,Shift Operating Supervisor (Authorized),1998,cd96efd4479b031179a40f93abb23081f7be2b7b1d74f0d9dd2c15d99215cff2
Crown Agencies,"$102,229.00","$12,198.00",Ontario Hydro,"Manager, Network Programming",1998,bf8f446d8d397aba82a8ba368d3060f6e6f1fb7b7d983c3b8ebc3e72f3a887d0
Crown Agencies,"$110,548.00",$419.00,Ontario Hydro,Shift Unit Supervisor,1998,ff8fc85fe5a14d24a04dab0b813375bd2e3deae53778e803059edae283404482
Crown Agencies,"$102,144.00",$491.00,Ontario Hydro,Production Supervisor - Shift,1998,d59c3f1b1c7f7a77040c25b95b8a3d8192acab61638d5ca2544fcc715d94b430
Crown Agencies,"$100,509.00",$790.00,Ontario Hydro,Trades Supervisor Maintenance,1998,72ec1a5e61249a3d60af7b83a7e3c6b0c0d950fe3e51077964736d41b6e0c04e
Crown Agencies,"$106,435.00",$734.00,Ontario Hydro,Senior Shift Control Technician,1998,046b7c3d606ecd2ae4662f60c0823fdb98f02d193676e7910df137cb5a671097
Crown Agencies,"$101,946.00","$57,438.00",Ontario Hydro,Client Services Manager,1998,cd84acd68023d72973db85cdd04b5229446553e09a1c231ad6cb9cb5900c2853
Crown Agencies,"$113,061.00",$596.00,Ontario Hydro,Senior Technical Supervisor,1998,ee794a50efea4a4d8ec7a7faddb59e7e3661fd638ae8da9eac9603143a9eec4a
Crown Agencies,"$117,402.00",$522.00,Ontario Hydro,Shift Maintenance Supervisor-Multi-Funct,1998,c0958a5937730ea23256fa185773e57fbed384673458bb49d276fa1b25d0efe5
Crown Agencies,"$116,853.00",$480.00,Ontario Hydro,Senior Information Systems Analyst,1998,76e5e3847be85488e8162a4c08c810e7d783e51b093f4fa75d971e242711e629
Crown Agencies,"$107,254.00","$4,286.00",Ontario Hydro,Authorized Nuclear Operator,1998,04a0a8c43853c423ea8a4be5cf2d5b3ff579151499d62e1e42fb6f73f05bf2e2
Crown Agencies,"$133,079.00",$583.00,Ontario Hydro,Shift Supervisor,1998,d3aec1145654fccfb330228f1111d9e6ecfdb517e546c945e1a885c1b4781864
Crown Agencies,"$113,508.00",$438.00,Ontario Hydro,Regional Line Supervisor,1998,a8a56c039ba5d7c331de5f5572e91277368c33692b94fc6331e10426822523a5
Crown Agencies,"$101,877.00","$28,937.00",Ontario Hydro,"Manager, Programming",1998,a82d30f18c9dc7265d616db38d5719b1817677de285ddce92d0a624470926f3d
Crown Agencies,"$110,687.00","$4,447.00",Ontario Hydro,Engineer/Technical Off-Commercial & Res.,1998,58b08a93ecd60039e18bbb74403ca28701bdce60fb08a4c9a8e85cb780be11ed
Crown Agencies,"$110,798.00","$1,178.00",Ontario Hydro,Mechanical Maintainer Union Trades Supv,1998,37b358e9d36f77457d9cdad86da6d122d3c781c6d45931d6538f9b89af2edb1c
Crown Agencies,"$101,820.00","$26,713.00",Ontario Hydro,"Mgr, Radioactive Materials Transport",1998,1e25d0b9c4cff19117ff176f78767642b25cb1bf6a7579960988a21c742c11b0
Crown Agencies,"$111,258.00",$436.00,Ontario Hydro,Authorized Nuclear Operator,1998,b3b530153e0fe31e681d53ad516fa278236464c092a0ec003f5a13df3ba8ccc1
Crown Agencies,"$102,667.00",$419.00,Ontario Hydro,Shift Unit Supervisor,1998,8d448448c5d07e9ab0e159f4abdcbf98264d51ceb393264474444d223f104eb1
Crown Agencies,"$116,370.00",$518.00,Ontario Hydro,Operations Supervisor,1998,74ad892ace98f8b4a18e2f2548d67d0ceecccc51060cf3335f8f3b5eb773e74c
Crown Agencies,"$104,487.00","$46,511.00",Ontario Hydro,"Sectn Mgr, Safety Devc & Equip",1998,e25db712218ab9410072e9b7db5139cdc38b5518ac5bab32ac74e4d2aa7b8dca
Crown Agencies,"$115,027.00",$516.00,Ontario Hydro,Sr Planning/Marketing/Reporting,1998,fb696f2dd5748929219b4815232cc7b05c74c43b6af76b569a536f02dc341ac1
Crown Agencies,"$118,653.00",$480.00,Ontario Hydro,"Design Engr Spec-Lne Stuct, Lne Fndatn",1998,71ecf1b20eb9753dbc2352ce2921ebeb2070a38636092b9a8b0709cd083b2422
Crown Agencies,"$103,179.00",$377.00,Ontario Hydro,Regional Maintainer - Lines Uts Level 3,1998,c909be84bbc5c695a36df0714f87d23a97e2803e70d8ab52a985a67f2c2667d1
Crown Agencies,"$102,759.00",$302.00,Ontario Hydro,Mechanical Maintainer Journeyperson,1998,ac7e73bad26ae552bf5ba8167a8ee8bb59f0de5e74fd4650bb5f4fc519ea7c59
Crown Agencies,"$103,481.00",$436.00,Ontario Hydro,Authorized Nuclear Operator,1998,7bd7c449c14707c64f02f04166f527ebf0b26abb232808f8d261bfd2cb28f9c3
Crown Agencies,"$103,746.00",$377.00,Ontario Hydro,Regional Maintainer - Lines Uts Level 3,1998,e28aef6eeb32bf801dbfd11582438c83e0a0e07df64e4195f4ec24edf61ab05c
Crown Agencies,"$102,840.00",$358.00,Ontario Hydro,Mechanical Maintainer Journeyperson,1998,06ad5216bc924e068efe9257c53feb22252e6ee17ebe6cddf25d0e5d97a2ac65
Crown Agencies,"$114,204.00",$609.00,Ontario Hydro,Shift Superintendent,1998,c81ae325714c1541fac1fcd05f64a53d1e78369756daed938b01d248ddf9c4d3
Crown Agencies,"$100,089.00","$14,201.00",Ontario Hydro,"Manager, Health Physics",1998,d3f6bce5c0b6ba947320d6d27bc23a52f40f59ab43bd529dfc3baa60c2edf556
Crown Agencies,"$100,573.00",$358.00,Ontario Hydro,Mechanical Maintainer Journeyperson,1998,7eb82193b51b955a8a3dd6ee8d221e6e424284693c835a1eb5858d6b0c29be12
Crown Agencies,"$101,614.00",$925.00,Ontario Hydro,Mechanical Maintainer Journeyperson,1998,cbc5c43c5a6611b3f06eefa8f562f973246fad49a527b4f409f18811e1db1a8f
Crown Agencies,"$104,866.00","$32,642.00",Ontario Hydro,"Plant Manager, Niagara",1998,1a3c928ee1d9087b796d8da10b7099f830882e190869c66b2a8781f20c31392e
Crown Agencies,"$121,087.00","$1,460.00",Ontario Hydro,Human Resources Consultant,1998,b37967594f62856e117b83432b6fa413afab21121a6e71a0e316b7d0a4ff1891
Crown Agencies,"$102,925.00",$349.00,Ontario Hydro,Construction Technician - Civil,1998,46b1d5fd57da7b29131f11a907998873297f8e600c2b9cc34e467899eef877f9
Crown Agencies,"$103,445.00",$490.00,Ontario Hydro,Design Engineer - Specialist,1998,51b9c20b1f84edb6f4d755651a3ef81fd5a5a9c22b73ea9ada9e86b1c21842b9
Crown Agencies,"$100,632.00",$419.00,Ontario Hydro,Mechanical Maintainer Union Trades Supv,1998,5177db2fb43a20efa9849657e5b43a8f828ed4115b462c82c2090255b87f720d
Crown Agencies,"$107,107.00","$8,359.00",Ontario Hydro,"Manager, Forestry Services",1998,c168758240e5de245e3d553a58a1203456d5e8cea7f615f6d2e9dbff346229ba
Crown Agencies,"$106,353.00",$395.00,Ontario Hydro,Shift Emergency Response Manag,1998,9685ecc2b8e7927b8f7ff8748333c24ae47e9a9a345cad0a63de306246f39c40
Crown Agencies,"$110,815.00",$419.00,Ontario Hydro,Shift Unit Supervisor,1998,cb41f0b9336d224eb9d1994065c822e0ef3960206389a7c6d0f94405e1c5a408
Crown Agencies,"$121,418.00",$598.00,Ontario Hydro,Shift Superintendent,1998,857e4aeb238b5b23fa40f93f07ed36b021d1bf2b978f4523382859b35d051776
Crown Agencies,"$106,328.00",$543.00,Ontario Hydro,Senior Production Supervisor,1998,3e216f95c627aa627b1f77ee7a6a3cc83145a4564f6c819b3a497934e638f781
Crown Agencies,"$114,923.00",$604.00,Ontario Hydro,Shift Superintendent,1998,da63cc4d2afe80877b9a73d6bfa3f378bdecc996e1c1cd08554acfd7ead90f4e
Crown Agencies,"$105,271.00",$478.00,Ontario Hydro,Senior Protection and Control,1998,a9a6ea6848772d668e5a5d264feb66fb3432c843b6996fc5e8a7a94b4ce184dc
Crown Agencies,"$104,549.00","$1,060.00",Ontario Hydro,Regional Maintainer - Electric,1998,951b55cec82288689f4cd101e620a0deb433d09651899b2f5e926baf9049cb2a
Crown Agencies,"$115,344.00",$568.00,Ontario Hydro,Exchng Coord - Schedule/Resource/System,1998,540c0110986a5f973995ba63d9529ec1e557cb790df393a679cda27aafaac648
Crown Agencies,"$102,726.00","$28,936.00",Ontario Hydro,"Manager, Work Control",1998,b6c3c858efd80ee4fae2d84255579ca287cb36253ba4282b041df02f2f25caa9
Crown Agencies,"$107,846.00",$600.00,Ontario Hydro,Provincial Code Engineer,1998,5bfd8dd459d965c3b25e7e965b226ffb0f0ed4d33a11b69a86e32233eab12795
Crown Agencies,"$106,253.00",$459.00,Ontario Hydro,Authorized Nuclear Operator,1998,86f33fb1f8265f05746c5149ea38d2fb1fc3f82dcd871ae2d63f60892b0002b1
Crown Agencies,"$117,694.00","$9,298.00",Ontario Hydro,"Mgr, Maintenance Production",1998,0db19ea8bfd098112453e20ab232eb875252e7e27399c42e2c1ca176397677bd
Crown Agencies,"$108,937.00","$7,747.00",Ontario Hydro,"Manager, Nuclear Safety",1998,aeb6c1fdc9efa7bf3079db3587a5b4532a68d5787bfb86af8f3e694e1dfab365
Crown Agencies,"$105,526.00",$425.00,Ontario Hydro,Team Leader - Transmission Lines,1998,d3326308132b8498d501463ee1df85b9c0651a886dff18784237a8e24ff6269b
Crown Agencies,"$173,222.00",$0.00,Ontario Hydro,Electrician Foreman Const,1998,a9cb71391824daa0d383690674867ede643b565c8338759c1453210e7f6492ab
Crown Agencies,"$115,861.00",$547.00,Ontario Hydro,Engineer/Technical Off-Commerical & Res.,1998,9fa0c1ad3c499adfccde1bd4dd78e74c077c663ca13fe601f7d71a134a2ebed1
Crown Agencies,"$106,076.00",$498.00,Ontario Hydro,Senior Engineer/Scientist/Tech Officer,1998,3f9c072dd4727fc39490c771e0151e497bea0064e45fd68fed7bb14042540e4a
Crown Agencies,"$105,997.00",$568.00,Ontario Hydro,Prodn Mtnce Supervsr - Operations,1998,44ce328d7d183ea257bf3a7ac8bb268466539566f25fc217f48eb9221ae6c76a
Crown Agencies,"$116,153.00",$504.00,Ontario Hydro,Training Superintendent,1998,ac16b7eadaad88b4f663797ea6cc27d10ea575a31358939d9356f64ae4fac993
Crown Agencies,"$103,517.00",$997.00,Ontario Hydro,Mechanical Maintainer Journeyperson,1998,a4e22d65c6847d694d07bfaf3ddaeca41f2c413bb62ca7ad81a6c57daf04df69
Crown Agencies,"$112,254.00",$392.00,Ontario Hydro,Shift Emergency Response Coordinator,1998,cd35229126a8507c294757ec4be74cf90d2d746a26a8d8c72fb2588a732df61c
Crown Agencies,"$119,184.00",$414.00,Ontario Hydro,Senior Inspection and Maintenance Tech,1998,81e4018e2e13cbf21029bcd8dd4cea4f890292f96b91d413d9a90cf4e16c9464
Crown Agencies,"$104,595.00","$22,262.00",Ontario Hydro,"Manager, I&C Systems & Equipment",1998,74dac917fab592b912aa2030cdbd7e4bac08dd73501133d9f6ded4148c5d2d9a
Crown Agencies,"$100,489.00",$436.00,Ontario Hydro,Authorized Nuclear Operator,1998,65e970dc5cb6cbabd361f071f70c4a835c39f4910ebffdb3066897231bef64df
Crown Agencies,"$101,399.00",$486.00,Ontario Hydro,Customer Communications Manager,1998,b30ffd2a034267a939e9707e7b286dca8041bae26835999d24802a22128aefa4
Crown Agencies,"$103,581.00","$11,381.00",Ontario Hydro,Outage Manager,1998,0031119dde622df437d6ff4d49348a4ff8a0b74025a5897f8a375fdbf3d283c1
Crown Agencies,"$105,128.00",$377.00,Ontario Hydro,Regional Maintainer - Lines Uts Level 3,1998,1dabacbf47eabdbad8554ff65a2b3202e6a321282c3e0e324ae9898a297d217c
Crown Agencies,"$137,943.00","$107,153.00",Ontario Hydro,"Director, Operations & Maintenance",1998,f6c510fa5bb1c0b09e7540b1910055abf4c60f393c98bcf8263a5e128edb2be9
Crown Agencies,"$126,617.00",$414.00,Ontario Hydro,Lead Technologist,1998,1b4cf3d41dece7b7b59fe6ab2eadc49e69cc390246f944247fa15833f842f538
Crown Agencies,"$102,414.00",$809.00,Ontario Hydro,Operations Coordinator,1998,eeb49ed5cbe3a1caa26dbaa02146452a94e791a5de394f0e5d5cd41f6298b349
Crown Agencies,"$100,179.00",$380.00,Ontario Hydro,Maintenance Assessor (Nuclear),1998,6a0780e7fce6f17d40cbdf5e48f9f894cb7e0805d63bd3ae06c4d2e0ab5712a8
Crown Agencies,"$141,285.00",$557.00,Ontario Hydro,Transaction Coordinator,1998,97f42f640be209e277336a9f3bf7774a1b00abc545fdb898f48647c2069d7594
Crown Agencies,"$103,896.00",$447.00,Ontario Hydro,Technical Superintendent,1998,cc163a2ad34fd0021b5754b17ba07996f23fe63986d1062ac71f08f1a0fefd0c
Crown Agencies,"$103,028.00",$491.00,Ontario Hydro,Group Leader - Transmission Lines,1998,2f298f5748cdbf29c9d6ad31c0a27e681526a9a0e0876360e0c066248ab80538
Crown Agencies,"$113,387.00","$11,915.00",Ontario Hydro,"Dir, Environmental Affairs",1998,701a98ebe1aee2a3e5a980e42a977f475d8f3cac002df0a37b18e69787539975
Crown Agencies,"$109,607.00",$505.00,Ontario Hydro,Team Leader - Safety,1998,de6f46665337ac09d6dc3de9de8c758bb842771b18b7888ce4902be81acfabf3
Crown Agencies,"$104,637.00",$370.00,Ontario Hydro,Inspection and Maintenance Technician II,1998,0c7e964b4c75f320ec858dd41cff01d7c71a40c5adb789da92dfa76f2d7de6d4
Crown Agencies,"$119,611.00",$555.00,Ontario Hydro,Shift Operating Supervisor (Authorized),1998,bd5871fd585919d12f9162e31f0e2716deeeb194d8cd22eb1643fc7b5c4224bc
Crown Agencies,"$110,126.00","$3,625.00",Ontario Hydro,Senior Engineer/Scientist/Tech Officer,1998,98899bcde8971ba199d799aa6ef8ea99e408ee595631d81968bf91e5ffd3f72b
Crown Agencies,"$104,552.00",$531.00,Ontario Hydro,Maintenance Supervisor - Mechanical,1998,bd53cf3fd81bce62a0a14ba3832981492412e8a72d19eec5df3d3d4e4482050e
Crown Agencies,"$100,165.00","$5,910.00",Ontario Hydro,Finance Manager,1998,fb50e32ac66e05218510e24bb1245c0365f8f551925bbb23e337e2d3a04922e4
Crown Agencies,"$108,474.00","$43,849.00",Ontario Hydro,Senior Financial Advisor,1998,3d57f03191d51021f0b5cab21a787b3c2e0b07cc5b2d71f03579a26177a2a7dc
Crown Agencies,"$118,373.00","$19,214.00",Ontario Hydro,Acting Sr Advisor to the CFO,1998,f3c3011fb6a823331c647bca65729dc0451505c78a372c28b7cf3d07718c4e3a
Crown Agencies,"$100,646.00",$474.00,Ontario Hydro,Shift Operating Supervisor,1998,0fe87364420b5e1b7cbf75ffc2158dfd2b0aece2979dd5b993dbb574d06c4705
Crown Agencies,"$103,769.00","$30,982.00",Ontario Hydro,"Mgr, System Operations & Mntce",1998,0fffdaa3bf96b48196f22c2456bdea1aba4bc57ad2bf3a116fa895cfe1bc6c49
Crown Agencies,"$104,344.00",$604.00,Ontario Hydro,Maintenance Superintendent,1998,5b92a54e2cfc2f7a3372212f7742496f1e47d1dd8c5cb83ec03e1d53a188158c
Crown Agencies,"$103,022.00",$452.00,Ontario Hydro,Assistant Safety Officer,1998,ac01718942255f2fe8d604a0bfedd6c8aac8bbb151fa132fe185f9825c97c6e5
Crown Agencies,"$102,585.00","$1,434.00",Ontario Hydro,Senior Shift Control Technician,1998,3394e9aad034c48636c9633c09e6b8cf56f41b6aad39f0dd93ef0fe0ff21eff2
Crown Agencies,"$117,592.00",$416.00,Ontario Hydro,Planning Supervisor,1998,a983307e2f28c296a328fef883c5c0985c90935d6d082a8060bdd102de9075cd
Crown Agencies,"$113,091.00",$419.00,Ontario Hydro,Mechanical Maintainer Union Trades Supv,1998,8e3e1c8b8a0febf7b4c3354eaa95d3ce5b2772a1ac697c07bd6786823b313ff4
Crown Agencies,"$104,731.00",$445.00,Ontario Hydro,Mechanical Maintainer Union Trades Supv,1998,6a8be40c7e16625bc76459a547a18c4ff01f1f6096008d1956c8d4beb7e3a6f1
Crown Agencies,"$104,878.00",$551.00,Ontario Hydro,Senior Technical Supervisor,1998,5415374d1f9e952989b1e1cd24e86d6cbec316e6799b86ccd892c49b1a59b992
Crown Agencies,"$113,069.00",$482.00,Ontario Hydro,Senior Technical Analyst,1998,7d4ea976ad5d1ba3f506ff0996361a491de06f4cc5c8a95bee1e15d7934cfcfc
Crown Agencies,"$113,961.00",$414.00,Ontario Hydro,Senior Inspection and Maintenance Tech,1998,7c121e9bbefcd775c37548f4269cba1daf6021e94024ae543f2fa43a2e74a560
Crown Agencies,"$120,327.00","$40,443.00",Ontario Hydro,"Director, Site Support",1998,c7a48885d5460e24e06cf25af7513d00b6bba5c8d84d33097116a89c937a82be
Crown Agencies,"$104,666.00","$12,932.00",Ontario Hydro,"Dir, External Liaison Yr 2000 Project",1998,7897d4400bbdf290c68c645697385692fd55672b592ee25b856535493725c2ea
Crown Agencies,"$105,435.00",$536.00,Ontario Hydro,Exchng Coord - Schedule/Resource/System,1998,056e6579a2d252d12223a3086f414b9727629499df4d8b3c4290edad9fef5277
Crown Agencies,"$104,463.00",$349.00,Ontario Hydro,Construction Technician - Civil,1998,dc0c8fc6839fdc136d971ff5f6127fad67c721ebec4596458aefaac55c085679
Crown Agencies,"$112,373.00",$397.00,Ontario Hydro,Authorized Nuclear Operator,1998,e7e17e10dee27e25afba1cc8744405f1593cd426206a39a02cc7a46b4882b8c3
Crown Agencies,"$103,413.00","$16,918.00",Ontario Hydro,"Manager, Planning & Reporting",1998,b032a22ae7f9ad2515ada7ee6663f400e515077907252b556321d293ca43c5b2
Crown Agencies,"$102,739.00","$1,188.00",Ontario Hydro,"General Foreman ""A"" - Lines",1998,8dd92fff94107cf4eee72fbd07282573a729de891ded3912365b9dfba18985f5
Crown Agencies,"$101,495.00",$492.00,Ontario Hydro,Contract Engineer/Administrator,1998,fb0b7da3f47b6f4ee0fc0091579d96fe8fd866e015b2e35014b7deb6bcdee0a7
Crown Agencies,"$145,665.00",$488.00,Ontario Hydro,Planning Supervisor,1998,8afd6f5cd291b4c520cd3925885ab3829c1c0d34fe4fc27af5d4629b92199789
Crown Agencies,"$101,319.00",$377.00,Ontario Hydro,Regional Maintainer - Lines Uts Level 3,1998,9bf0862d1554f57c861e150bf0c6e278b438c918d088fdc67f21027ccfa1e486
Crown Agencies,"$104,171.00",$364.00,Ontario Hydro,Major Panel Operator,1998,3773d67b3a48bff655bbb76b92a461bd3f758b5cd226d3e860da661c168c3534
Crown Agencies,"$119,366.00",$752.00,Ontario Hydro,"SM, Fire Protection",1998,930d6f7fb7d5dcc97469ed30c495f074c320099d8cc53166e98236b0d3405e81
Crown Agencies,"$105,279.00",$736.00,Ontario Hydro,Mechanical Maintainer Union Trades Supv,1998,ac1667e153dcd822730696d28f72b56c899c61c558fa7c2d4dca739b67cfe535
Crown Agencies,"$103,465.00",$558.00,Ontario Hydro,Project Leader-Ohn Im Systems Strategy,1998,c7f0cf55f9f03205b03ab6b74afbe41cbb772eeb5866ef8ac771942d751a7eb2
Crown Agencies,"$110,182.00","$18,100.00",Ontario Hydro,Outage Manager,1998,016b78557fe7926fa6b300e5c0901f55e07f9462528d87ad8e329050818676cf
Crown Agencies,"$104,559.00",$358.00,Ontario Hydro,Mechanical Maintainer Journeyperson,1998,817eebf99a4d150b6403eed3b42c4f6fdd1f7944a9c1394b30ed3256931e4293
Crown Agencies,"$113,293.00",$580.00,Ontario Hydro,Generation Planning Coordinator,1998,30be608ffdd23ceafac639cbe07d9dc843649927c310510b5d99b7b57c73bf69
Crown Agencies,"$104,167.00","$5,068.00",Ontario Hydro,"Computer, Telephony & Process Manager",1998,4810db30650de55961303ea82783aa6836298ecd1242699658c93045ce56fb8e
Crown Agencies,"$110,660.00",$574.00,Ontario Hydro,Shift Operating Supervisor (Authorized),1998,eea463449598d4715710233f1d455c14429877439a3a694c2a7cb31e92142259
Crown Agencies,"$110,563.00",$481.00,Ontario Hydro,Senior Engineer/Scientist/Tech Officer,1998,0e6c1ff07f83c7b86a9923c7a25d76fe486c771d06268a0234bc692ede1cc7a5
Crown Agencies,"$101,639.00",$540.00,Ontario Hydro,Technical Superintendent,1998,9ce8d71960300d9153c1350f738d8406b0778daa21b99a5b3c35e61dd0bd1470
Crown Agencies,"$102,592.00","$30,201.00",Ontario Hydro,"Director, Project Management",1998,d297145f8928e572e3a35535ab8163ca634d4c31e1f62744239268bbb47f8f6f
Crown Agencies,"$112,638.00",$419.00,Ontario Hydro,Mechanical Maintainer Union Trades Supv,1998,7d4e5c81d220e3a91fb6fa068f9600982ef69ba2b39bdd083dd3c7bdab58dd91
Crown Agencies,"$109,121.00",$482.00,Ontario Hydro,Senior Information Systems Analyst,1998,821290165c3eccf059954f532a674b090f1f6e9aab42156c64afa4849642fed7
Crown Agencies,"$102,967.00",$860.00,Ontario Hydro,Mechanical Maintainer Journeyperson,1998,0ccb318d9814f83afa5f842f9e26a6ece11fdd12fb0708b4a6b4c37cd6b20dfc
Crown Agencies,"$111,639.00","$1,323.00",Ontario Hydro,Authorized Nuclear Operator,1998,4eba409f020c9c3b6375090cf613ab4232a990cb236f6ecc59b3ab852d1afce8
Crown Agencies,"$104,650.00",$436.00,Ontario Hydro,Authorized Nuclear Operator,1998,e8a11b2aabcd8a4bd59d0595abbba2f2a24fa818d06e7a7ac551aea13ed63fd5
Crown Agencies,"$109,771.00",$563.00,Ontario Hydro,Mechanical Maintainer Journeyperson,1998,6cae2142b167bd2c0b4a6f56d9342fd937bb63e5f504f708d7fdb3a170b2cca5
Crown Agencies,"$112,578.00",$418.00,Ontario Hydro,Senior Shift Control Technician,1998,1aceecbd2c6ffe609970644d57852be05b0224052b56685e1e52f4b1ea6ade7e
Crown Agencies,"$119,750.00",$419.00,Ontario Hydro,Mechanical Maintainer Union Trades Supv,1998,bf3c49fd94eda42374dcaf1da6414d5662f22ff3b33645766db31781a4063d0a
Crown Agencies,"$117,813.00","$13,716.00",Ontario Hydro,"Plant Manager, Lakeview GS",1998,534aa22af2b428b0758aeaca19e0716ca361bdc34ff88d5230a29fada8f2ccb5
Crown Agencies,"$101,628.00",$348.00,Ontario Hydro,Regional Maintainers I - Lines,1998,777717201044352b835b171141361c02420a86d7caec5a0cd315cc185fd034e7
Crown Agencies,"$106,099.00",$531.00,Ontario Hydro,Engineer/Officer-Shift Control,1998,8ce019a35822eed19a8c0b087bee46a0ea386e2b2a71b60e41c88dc3b836bddc
Crown Agencies,"$102,062.00",$419.00,Ontario Hydro,Mechanical Maintainer Union Trades Supv,1998,47cee9bf334bc7e6eaaa1ca7bee44cef9161538276473f36219ec24f72c9a15d
Crown Agencies,"$111,320.00",$531.00,Ontario Hydro,Senior Technical Supervisor,1998,70c8d57800ca6419bcaf046ee7ed597ab6581f64a73b48e43ac5ad432b42eca2
Crown Agencies,"$105,069.00","$10,356.00",Ontario Hydro,Business Development Manager,1998,6d00a8239b5f7351d511cbd4002ee818e8c1bdfc5280b83a24c4d2d9588824e6
Crown Agencies,"$106,729.00",$487.00,Ontario Hydro,Design Engineer Specialist - Instrumenta,1998,2f0bed6ff41c488d0ee68291d48ce375aa3e3ba3376e044d4d90f2d0eb160bd2
Crown Agencies,"$106,883.00",$409.00,Ontario Hydro,Regional Line Supervisor,1998,2dbc66d979d0b7fe402e10fcd54851d3ea65859528aad3c6427495d62538299d
Crown Agencies,"$111,411.00",$573.00,Ontario Hydro,General Foreman - Mechanical,1998,de944d6f8495f2445977af08ac91658841f2c8727bb834d184a06578ce969486
Crown Agencies,"$111,193.00","$6,438.00",Ontario Hydro,"Asst Mgr, Provincial Lines",1998,64509fe1f1408b8ff2603e7f569dbcbf0c7e433cb60e81a1e58fdef489f9f8dc
Crown Agencies,"$107,219.00",$438.00,Ontario Hydro,Regional Line Supervisor,1998,205ae2d1e395745430d407ac1d4144ddd1035a3ee2632d5dd6b1b2b46c33a379
Crown Agencies,"$102,401.00",$436.00,Ontario Hydro,Authorized Nuclear Operator,1998,8e09892f10e0643d4855f6da09dd30557c9060773e051e10c43ef06b4838b559
Crown Agencies,"$107,152.00",$413.00,Ontario Hydro,Unauthorized First Operator,1998,2c74167229e62821cfe5da61fd3ade32a5a14d37736d1dc434a370dd421c6b0b
Crown Agencies,"$103,296.00",$775.00,Ontario Hydro,Senior Design Specialist,1998,b927ca07abfb669a8976f583c59e6dacd435be4f17189165f9d9b720ceebf732
Crown Agencies,"$105,448.00",$803.00,Ontario Hydro,Customer Operations Manager,1998,2ee9f7899f7f4c81f4fb1d369fd2d0df8a435dc5280df68801533f25ae111dd1
Crown Agencies,"$102,293.00",$504.00,Ontario Hydro,Senior Control Engineer,1998,bb184060f78b37830054b600906295a7d99017c5e4c96ae5b05abef81d490a36
Crown Agencies,"$104,119.00","$17,448.00",Ontario Hydro,"Sr Mgr, Distribution Network Services",1998,5d52aa3b823d38fb1f23e7cbcca89ef13196d1e5d7acd305a3468a7d2ffa0a0c
Crown Agencies,"$102,538.00",$435.00,Ontario Hydro,Senior Telecommunications Engineer/Offic,1998,71f8149412c07d63ce8fdac6ac3480dac6a7c559b41cd2c0c66735ded0e3b7ab
Crown Agencies,"$118,342.00",$436.00,Ontario Hydro,Authorized Nuclear Operator,1998,a66ac8f99692b5b052a16f9db6664aa2e18e6bb0caede0b67b70f5a7dd7cc90e
Crown Agencies,"$128,939.00",$535.00,Ontario Hydro,Technical Specialist,1998,deba63937f4485c8be7655ed412721d0e6d86815adf1a4e888aabd7491f255d8
Crown Agencies,"$104,380.00",$441.00,Ontario Hydro,Senior Engineer/Scientist/Tech Offcr,1998,6596e0656ef648b36ef9e5382ff183ceeb527a90d85c6985dbf2d26a9a9ce4ec
Crown Agencies,"$104,842.00",$436.00,Ontario Hydro,Authorized Nuclear Operator,1998,00b712acd0ea0e6189f49644adca7253a6ad955d7fb53629c9e968da21303c9e
Crown Agencies,"$128,222.00",$597.00,Ontario Hydro,Shift Superintendent,1998,874c9ebdc44e66788189d6de0992bc8aaface184ecf566a5139ed8d38a817780
Crown Agencies,"$100,695.00",$576.00,Ontario Hydro,Mechanical Maintainer Journeyperson,1998,a731477ef71250be4c818e67b992ca257cddd5300aa6bc6b95c152adb0498658
Crown Agencies,"$103,530.00","$12,166.00",Ontario Hydro,"Mgr, Nuclear Waste Disposal",1998,43d9706e2742b73cc60fe5c0b5710595f1c9c869b53295ffbe157ced54bfad45
Crown Agencies,"$109,997.00",$598.00,Ontario Hydro,Shift Supervisor,1998,652935fc6169a177f5255819149ef6f73a0e4813e8260eb634c3bd293f488d78
Crown Agencies,"$107,849.00",$562.00,Ontario Hydro,Technical Superintendent,1998,83ce99f183e6bcb03288882d8beeee69613de716ccda099c5e6f11aa1eed73b2
Crown Agencies,"$103,352.00",$905.00,Ontario Hydro,Maintenance Assessor (Nuclear),1998,c7efe8c11c9b2f6bb0570a76bbfa2a623e3a808aae091d633ac5f59265c60078
Crown Agencies,"$112,712.00",$436.00,Ontario Hydro,Authorized Nuclear Operator,1998,8899188a5eaf5f4a7a5cf6c4483787df02a1ba84585032cfa66623cadb917444
Crown Agencies,"$108,739.00",$457.00,Ontario Hydro,Senior Thermal Station Engineer,1998,95ae427efb333cda9d923da9becef2b2848ab070ee7e54a17445a190670f86c1
Crown Agencies,"$107,047.00",$426.00,Ontario Hydro,Planning Supervisor,1998,4f2b5f01663f55871e48a45c34900a362b77a11bdfe099dfd809ac40b779a37c
Crown Agencies,"$108,564.00",$399.00,Ontario Hydro,Transaction Coordinator,1998,3aae709b68d7d5a97afb23b757238be3e3c855170cbdca57bfb9a2da14f98358
Crown Agencies,"$105,275.00","$29,083.00",Ontario Hydro,"Mgr, Mechanical Systems & Equip",1998,2e33e39f211603bb3ae4c089c68f030ea025b70d793813e3dc450fe88354c237
Crown Agencies,"$101,538.00",$525.00,Ontario Hydro,Engineer/Officer-Shift Control,1998,81eb33020d10d9dff3ab8fd3eba653026c46532f8689651da75133c9c0887256
Crown Agencies,"$100,113.00","$6,099.00",Ontario Hydro,"Mgr, Joint Use Agrmnts, H&S",1998,a932359f60df7bd0302da0f6a15fb17e1b0d3ee2af74667a71870b5c020e3ccc
Crown Agencies,"$108,524.00",$616.00,Ontario Hydro,Shift Mechanical Maintainer I,1998,ddfe3d45b0b41d09bdc3a651ac63d32fdc1fb6888294797b7a2858e0ee79d534
Crown Agencies,"$103,678.00",$449.00,Ontario Hydro,Authorized Nuclear Operator,1998,1f56614ee071cad7fab33cf4eb20e92438adde99df3268fb0d5a425cd1aa2a53
Crown Agencies,"$102,802.00",$418.00,Ontario Hydro,Shift Site Supervisor,1998,c976be7c483ae824cb117f57f7bca3363a01cbb92a4f00161b7c70144a62d702
Crown Agencies,"$121,189.00",$677.00,Ontario Hydro,Mechanical Maintainer Journeyperson,1998,cc5d796d1675bab02cbbc748a293a47df86397572c6bed1ef065fc2a24775a84
Crown Agencies,"$110,751.00",$600.00,Ontario Hydro,Shift Control Technician,1998,99236ce469b7c0a3391417838421561f93ba5b1ed7bf6cb05c19155ecc593838
Crown Agencies,"$106,840.00",$473.00,Ontario Hydro,Senior Technical Engineer/Officer,1998,ba10c39055b1e9a23888b7d6c3fce3e8f134709974f19691dd7ef1f2320e5f2c
Crown Agencies,"$100,942.00",$486.00,Ontario Hydro,Technical Supervisor,1998,52f19d0afc6fa2a75a1efbcf6fcfde465357765d8223343b416210ff729e29f6
Crown Agencies,"$109,781.00",$555.00,Ontario Hydro,Principal Research Engineer/Scientist,1998,f533c40834836585433677986ef24a16be9561176340456d100c1c0fbdad909c
Crown Agencies,"$123,696.00","$2,127.00",Ontario Hydro,Supervising Nuclear Operator,1998,b0977ee2b5ac916c4962b62e9c6a92477a08f54a41da681bd3856d746dd158ca
Crown Agencies,"$113,880.00",$436.00,Ontario Hydro,Authorized Nuclear Operator,1998,41a9645988593baa91b2ca1fea75eec579286949553b94aa5a1e0d6831c71fe0
Crown Agencies,"$105,882.00",$558.00,Ontario Hydro,Principal Research Engineer/Scientist,1998,4b8e9e672a0e57ab1646f8c93de0f03eb94ac012c17cfa4e2b85228f9fef4835
Crown Agencies,"$100,083.00",$414.00,Ontario Hydro,Senior Inspection and Maintenance Tech,1998,2fc3709960515ea1b9fef6f880b4d68459d42a2a976c812bc4ba58d1290aaa01
Crown Agencies,"$101,342.00",$590.00,Ontario Hydro,Maintenance Superintendent,1998,3367df294b95e6c4a5c7df0fd270c9bfe5bd31f261e2cfbd6c5b5f8c60331357
Crown Agencies,"$114,216.00",$527.00,Ontario Hydro,Maintenance Superintendent,1998,95ccf5df0e17d65aa0228cf9d1f359de8c5c3b7d4539689bca48a5c472d9f58c
Crown Agencies,"$144,888.00",$566.00,Ontario Hydro,Technical Superintendent,1998,55156a4c3dfcd9cd97ae2e69b1b8ab2cd3efd0e7301877fa266ac347e53b0bca
Crown Agencies,"$100,034.00",$410.00,Ontario Hydro,Shift Unit Supervisor,1998,3bcddd3b972d07ada60ca8d1742ccaea89060368a187711119833a8a1cfbc4aa
Crown Agencies,"$942,959.00","$2,018.00",Ontario Hydro,President & CEO,1998,babbd7910badf8defc0bb08817927eb41f1d6d0aa860a9b3514ee744787219b9
Crown Agencies,"$106,311.00",$418.00,Ontario Hydro,Senior Shift Control Technician,1998,40440a6cc753c274ec5b367e5d644c9f36ff940df64388137f6c951359109804
Crown Agencies,"$104,892.00",$480.00,Ontario Hydro,Senior Protection and Control,1998,fe93cee8386333798dfd96a1b5801d05b536a8cf3827c1f2a2d0a026b3eeabc3
Crown Agencies,"$116,800.00",$401.00,Ontario Hydro,Level 1A Operator,1998,aa05af65b3ea5bd9ae58c6e5fbb55976eef5f8ebe120b4368eeb6d9b696bd8cb
Crown Agencies,"$107,841.00",$508.00,Ontario Hydro,Maintenance Superintendent,1998,8d812172ae20cebe61060012a6c17e78d0eaefd01f30f4b4d08a256f34bd1ff7
Crown Agencies,"$116,741.00",$571.00,Ontario Hydro,Shift Supervisor,1998,034525df5d44c5084a81a271e1eb56bb62176d1ca9733e9ec409ee9d90070764
Crown Agencies,"$128,534.00",$610.00,Ontario Hydro,"Section Manager, BBSS Ops",1998,b94b0cdd43b85100add676c479b830cb3f2ccd9be20cfceafebcec29deab1531
Crown Agencies,"$103,651.00","$13,988.00",Ontario Hydro,"Mgr, Components & Equipment",1998,f07448167f1612f940f7ac47d0aa1104ed4e5a58abf5fe8f2df4ce237cfbbe6b
Crown Agencies,"$103,688.00",$530.00,Ontario Hydro,Technical Supervisor,1998,7e335c823dacbef3067e1df47425a6ae9df0e366dd036dc137202a7c08faa3e7
Crown Agencies,"$107,917.00",$498.00,Ontario Hydro,Senior Information Systems Analyst,1998,899e9c7e793de9c6faeb9eeb10c26b4a12aba460d4f26bfb256f1609801b38e9
Crown Agencies,"$100,928.00",$462.00,Ontario Hydro,Senior Technical Analyst,1998,d6f2110a4df5b12385e310e084386148adf457dc8f346e76ea826d1d2636b1e1
Crown Agencies,"$147,754.00",$415.00,Ontario Hydro,Assoc Engineer/Scientist/Tech Officer,1998,eb369e405b039e6b378129d7942d4f2643379bb8ba6436a3422c8899156047cf
Crown Agencies,"$101,189.00",$0.00,Ontario Hydro,Lineman Foreman Construction,1998,2c76d6e7b534e3869f27b7dea2a9920493873bc6bc863830456750158b4f0eb5
Crown Agencies,"$110,307.00",$625.00,Ontario Hydro,Mechanical Maintainer Journeyperson,1998,59f5d795a9097785203d22d4d80404cfdf143db8514e998635b310b342968e62
Crown Agencies,"$106,118.00",$974.00,Ontario Hydro,Customer Operations Manager,1998,4ab91f118e787774f4b28da4d274315ae2a57090addcd23edea6d97e9c1c0fe5
Crown Agencies,"$112,910.00",$436.00,Ontario Hydro,Authorized Nuclear Operator,1998,6a5913491a43838406c9b195c7e9e65f5cc431ebdfbc8d342862b02a5b2761e0
Crown Agencies,"$102,592.00",$522.00,Ontario Hydro,Shift Maintenance Supervisor,1998,5bac0dcac69a5830a3368c82a3ee0cd7a2f4c71d3316599733dd98ad01b54358
Crown Agencies,"$108,583.00",$348.00,Ontario Hydro,Regional Maintainers I - Lines,1998,ab324bd733d861d1d1415384104a435880c719efe7127fa5499265d2d4bb4b4d
Crown Agencies,"$112,585.00",$477.00,Ontario Hydro,Shift Operating Supervisor,1998,91b7092325bebda85d0355f8ba9bb27e04bcfcc27220a3696895b244756dbf5f
Crown Agencies,"$107,584.00",$537.00,Ontario Hydro,Supervisor Environmental Studies,1998,237811ee2805d38e72ba0ba57b80a5ff86f5836efb619fc0d642447905ff53fb
Crown Agencies,"$101,495.00",$504.00,Ontario Hydro,Shift Maintenance Supervisor-Multi-Funct,1998,9127421dacc5c677f21a4940f5a9a5963b28cb84da40462351c1e0859e69abcd
Crown Agencies,"$125,548.00",$467.00,Ontario Hydro,Trades Supervisor Maintenance,1998,63a90706cb66ec6123bb97044a85dab318508a2ab5a684e738751d0bb2c0ed08
Crown Agencies,"$105,758.00",$418.00,Ontario Hydro,Senior Shift Control Technician,1998,eb8d997603ee176f0745f76ddd07c0e7d204b6500e703ce0eb325ee0687b3aee
Crown Agencies,"$103,843.00",$583.00,Ontario Hydro,Shift Supervisor in Training,1998,ce5181c919e6c9ef687c964ef8a02ccd0144425dda67201c7b89c09f26da2b38
Crown Agencies,"$136,061.00","$38,100.00",Ontario Hydro,Senior Project Manager,1998,302eb86a9a3f2ccc34db1d1d0d6c20aae3b4028bdc1d6b9b2e4296baee2798c8
Crown Agencies,"$107,976.00",$0.00,Ontario Hydro,Plumber/Pipefitter Foreman - Const,1998,945d8d88a5cad519412922c34c6516f8361e6a1e38ce2fe01bab44fab9457370
Crown Agencies,"$108,953.00",$392.00,Ontario Hydro,Technician V - Geotechnical,1998,91c7edf04fe9ab55df280a3d7b6f53d0dfebea67ece23f57c7ebc3ec0036de64
Crown Agencies,"$106,761.00",$392.00,Ontario Hydro,Senior Planning Technician,1998,5b6e3233e689f79435d9ad50f56ea402d9cecccbdeb6d255ac0e6faac862747f
Crown Agencies,"$166,250.00","$35,628.00",Ontario Hydro,"VP, Venture Development",1998,a094ea1587dbf9b0ce22093144278ec2b804ee411c27e19786837e577035a831
Crown Agencies,"$103,734.00",$497.00,Ontario Hydro,Shift Maintenance Supervisor-Multi-Funct,1998,e57650aa17c08264ddcc3ab1199efdfb3da5c400cc6723d0ca127cc5939f1312
Crown Agencies,"$115,660.00","$1,010.00",Ontario Hydro,Authorized Nuclear Operator,1998,24271caa9268a4fcc064ec1329c052063a468f1b5c36ce85cc15187c297d97d6
Crown Agencies,"$111,039.00","$18,128.00",Ontario Hydro,Human Resources Consultant,1998,eac844e6507852168920effab20a8817e84267705dbc1f17073e6a0ebfa7cfe7
Crown Agencies,"$109,150.00",$574.00,Ontario Hydro,"S M, Piping Syst & Supp Des & Const.",1998,e56efac18eb8c27d75875c9b40e3a301a171e0e4d838f954dc1a4b3566abe04a
Crown Agencies,"$103,564.00",$739.00,Ontario Hydro,"Director, Public Affairs GENCO",1998,8857f26996624e845d3e8705ba3b01c92d07042bb7fcfb8ee45c18d5616d9c68
Crown Agencies,"$118,016.00",$617.00,Ontario Hydro,Shift Superintendent,1998,1bd4030bcb6cbcad3c29b1b2f7f0d2890abc03d8b370cc4ad5fde7481c81cfb3
Crown Agencies,"$101,476.00",$349.00,Ontario Hydro,Technician - Organic Analysis,1998,a274c5566370ae8c6c62dad704409c3463af963fab36938c30a534e26b6ad6fb
Crown Agencies,"$107,179.00","$8,392.00",Ontario Hydro,Chief Information Officer,1998,41ff8710ef62a0dca3c831d15c617cc6fe33a823973e19de7e5b699355c7cb32
Crown Agencies,"$146,009.00","$45,151.00",Ontario Hydro,"Director, IT Strtgy & Policies",1998,a611188589ce22abdd317ac5aec6b1bb0977a25c87b933be8fc9cbf39e74fff9
Crown Agencies,"$102,432.00","$15,737.00",Ontario Hydro,"Mgr, Fuel Handling",1998,a7f18c48d3c1c9731ffb9fcf91dd8e5747fd2ff3e267b04bd0d0a8ba3596b3a9
Crown Agencies,"$108,885.00",$547.00,Ontario Hydro,Shift Operating Supervisor (Authorized),1998,d4febeb0dac9053b15353b82b89627e4f57b3c8f6983ac9bf93476acab9b8afe
Crown Agencies,"$103,336.00",$582.00,Ontario Hydro,Project Leader-Ohn Im Systems,1998,928c6314256e38ce3eed0ec11d9246c0590db89def5b8786f9a43533e04b2406
Crown Agencies,"$100,529.00",$336.00,Ontario Hydro,Thermal Technologist,1998,547773b3e02d43045fd9ab547028e48ebc68a4f2a2b571d2100366a20160362e
Crown Agencies,"$100,772.00",$504.00,Ontario Hydro,Shift Maintenance Supervisor,1998,cba3ca267312c73b740bcbb139e985c519a0bcc4907e1bb9335584bd50bf7556
Crown Agencies,"$246,720.00","$57,945.00",Ontario Hydro,"Sr VP, General Counsel & Secretarial",1998,31cf9449d7fc4d22d54958b613d25425eee01c845c7f5eeea686afd37fa76f69
Crown Agencies,"$102,878.00","$11,651.00",Ontario Hydro,"Manager, Procurement Strategy",1998,a93e4be420d58cf7e9909c6712c31e47ec53d632ceec253ed2ec3cb0c32b455d
Crown Agencies,"$103,077.00",$489.00,Ontario Hydro,Senior Engineer - Civ./Mech./Elect,1998,20854932c1e251e6fbf058b15cfa17c73ec1c2c3a1d5aa236f17c4a0a3a31aaf
Crown Agencies,"$100,732.00",$510.00,Ontario Hydro,Senior Information Systems Analyst,1998,5da304867a22175c0994667ddb9c9ed33c480ff0938f667f56154853c9681da7
Crown Agencies,"$112,563.00",$571.00,Ontario Hydro,Supervising Design Engineer,1998,b07fe376e8dd157d795dcea6f79d2c78a34d154063677302650fb0cf1b1199d3
Crown Agencies,"$106,824.00",$358.00,Ontario Hydro,Mechanical Maintainer Journeyperson,1998,c1f68d5d381859e41f7e3d1396c174509d59955842c4e7c79da0c2a4c6d4e555
Crown Agencies,"$115,051.00",$317.00,Ontario Hydro,"Director, Training & Simulator Serv",1998,8ac67de0614ee6a141434fea5ebeea2975a42ad400c9a217ee3646408aebf564
Crown Agencies,"$101,297.00","$13,222.00",Ontario Hydro,"Acting, Chief Operations Offcr",1998,b5e0add650f45a48459bea049ca59a55b6cab03540da6ad92a87ea3dea334249
Crown Agencies,"$103,133.00",$549.00,Ontario Hydro,Senior Industrial Hygienist,1998,ca16634836ee5225041ec7e605a5d6d01127890da4deed1b5be7e31745493333
Crown Agencies,"$103,968.00","$39,021.00",Ontario Hydro,"Manager, Material Technology",1998,576c107893b2e41cd53f9b57b6e0a33cd10db22be98fe984d5f7da3ca3c4f562
Crown Agencies,"$105,427.00",$349.00,Ontario Hydro,Construction Technician - Civil,1998,01af25c6e6d68d8e3c6b09b91ad3ba6e09fb06d5c1ccbb7f0a24e7165e8c13b1
Crown Agencies,"$101,339.00",$358.00,Ontario Hydro,Mechanical Maintainer Journeyperson,1998,3767ea4c30755b9e0f341177b6e1d6974358c41b47da43742f1f8e4a9330d11d
Crown Agencies,"$108,381.00",$436.00,Ontario Hydro,Authorized Nuclear Operator,1998,c0eb9f1f6fa60d78ab92a32f9faa03afb9aaead2ae0ef8637c63caa031fc940f
Crown Agencies,"$105,695.00",$431.00,Ontario Hydro,Shift Emergency Response Coordinator,1998,57e5dbdce6b56bbf0ffa471d2947ced6bda73ea79461e72e8a70be18db31578b
Crown Agencies,"$106,667.00",$431.00,Ontario Hydro,Trades Mgmt. Supervisor - Hydroelect,1998,65bf8c0717b7315f0596ab573f181e0cad03e4fd5f718796d2408e59823efaff
Crown Agencies,"$105,595.00",$570.00,Ontario Hydro,Technical Supervisor,1998,a3f5b7dee5b85fe9fde82dc5f8a1751ad007e2a4ed04ca37b3faa5a85f8e6aaa
Crown Agencies,"$108,112.00",$562.00,Ontario Hydro,Senior Production Supervisor,1998,10e6423b821cd7b3e0bea07e02be90ed1f59a57b321295addf8eaae5a3c2c4a9
Crown Agencies,"$210,600.00","$43,544.00",Ontario Hydro,"Sr VP, Diversified Operations",1998,f3a7ca4c937511fbe4ed952267664dbfa0a5fe42575cf222c1d386b432f29574
Crown Agencies,"$125,946.00","$32,419.00",Ontario Hydro,"Director, Financial Strategy & Policy",1998,bfeea7191987a5f2d8cbc9e071596b7f454d99418ab62ecd580c1f2a1a26a3bd
Crown Agencies,"$110,273.00","$3,655.00",Ontario Hydro,Authorized Nuclear Operator,1998,6f8ba50c1d71a25db2e172cb8aa3741df6b33176feaa7d97b32d689cc2e80087
Crown Agencies,"$130,246.00",$537.00,Ontario Hydro,Shift Maintenance Supervisor-Multi-Funct,1998,8080bf68abd184eed3b5991c24a7d1f1d6344fe4fafc2d803d4352d14fe1a680
Crown Agencies,"$118,641.00","$1,637.00",Ontario Hydro,General Foreman - Mechanical,1998,7ae68877609bc07699405e65ed94aa5972c582ceb802641c38f5a68b463231b1
Crown Agencies,"$102,241.00",$555.00,Ontario Hydro,Section Head - Finance,1998,f4cf341b5a1d8b3595b6ff936b00ec5189ec68e1d04575bf55b0b14fbdef9c84
Crown Agencies,"$109,595.00",$529.00,Ontario Hydro,Performance Assurance,1998,be1abd2360ddfe5aea9c80b4fb110e28b7284909df66799a40578403e0cdca30
Crown Agencies,"$100,726.00","$7,577.00",Ontario Hydro,"Mgr, Electrical Systems & Equip",1998,622078b61b6e6f6380f4a399f925691962c71771a47689fd44795f65ed550026
Crown Agencies,"$100,888.00",$436.00,Ontario Hydro,Authorized Nuclear Operator,1998,72cfdca2d4433b014567047db37de39522279e47a0d9d92857fdde8f5def52d6
Crown Agencies,"$106,876.00","$43,425.00",Ontario Hydro,Finance Manager,1998,efd4f6961db7752e6e59866a6d3fb7fbeec059b01418b4237b20b551430e9f3e
Crown Agencies,"$131,463.00",$594.00,Ontario Hydro,Shift Supervisor,1998,79c0cd0b3e2bccce465dfefeae3a02a39cb58c7f48c0c5b540fd959b3ce60c97
Crown Agencies,"$103,924.00","$18,636.00",Ontario Hydro,Chief Architect,1998,d16323c94ce3cb7ce587400ecd0d14f872d7b3f6889bf164386406ebaaa15acc
Crown Agencies,"$105,997.00",$983.00,Ontario Hydro,Resident Construction Supervisor - Hydra,1998,323852516ba37f58d0897d14cc8910efdc58137143b67d730b5bcfce96589672
Crown Agencies,"$107,685.00",$349.00,Ontario Hydro,Construction Technician - Civil,1998,46398ef3998e855727d988cef5c7b8cd4fc56fa8b0fc3724827e022c3c02b92a
Crown Agencies,"$102,995.00",$419.00,Ontario Hydro,Mechanical Maintainer Union Trades Supv,1998,bb602eef61f4e2b7335620db16cedce173d6c251c6cde1132c518ec1b3c6aea1
Crown Agencies,"$106,896.00",$465.00,Ontario Hydro,Prodn Mtnce Supervsr - Operations,1998,2a7d1a8133b88ce8409b87842c91408184ef1e276e1d5ff8caf355fb2d9da76f
Crown Agencies,"$100,872.00",$436.00,Ontario Hydro,Authorized Nuclear Operator,1998,1005695507b6e92db9f3057b1d1a956166d78871d659f7b79d31b7393d079919
Crown Agencies,"$101,733.00","$19,135.00",Ontario Hydro,"Manager, Nuclear Safety Technology",1998,d5b27475e4e3a36657f88b88826b6fa122c57c0126bd35464da187e28da45aad
Crown Agencies,"$129,082.00","$29,520.00",Ontario Hydro,"Director, Hydroelectric Production",1998,f14aab7a7c8369aafa0f7e401a94edc4c43ba9ce1a4613e2b851c278b00faac9
Crown Agencies,"$111,310.00",$559.00,Ontario Hydro,Maintenance Coordinator,1998,08f3e537dc1deb1796326d2d58594be6b67cf35ca26142dc8ca922cee2b78b0a
Crown Agencies,"$101,795.00",$398.00,Ontario Hydro,Supervising Nuclear Operator,1998,db6510fb4d420798d2f5ea191a33a9decb4672794ef6851a3fbb7f6774aa7986
Crown Agencies,"$115,312.00",$583.00,Ontario Hydro,Shift Supervisor in Training,1998,aa52f015f158182dea1ac476a60aad5f8686214b6c3386d9a949832879fb2c28
Crown Agencies,"$110,298.00",$620.00,Ontario Hydro,Shift Superintendent,1998,44bbc7ae46d3fd06ce016bd340d8db11ca9fd82e81b71381eeeb11ea5c7a99d7
Crown Agencies,"$120,824.00",$615.00,Ontario Hydro,Shift Superintendent,1998,363d42e60548b85cf81d51b07b42286a3a1ae756984fdca8833ac85140d45dca
Crown Agencies,"$115,972.00",$381.00,Ontario Hydro,Mechanical Maintainer Journeyperson,1998,a5d5590acc06726526492824998281483098a06ed1fba10fdfe5af3e66e12612
Crown Agencies,"$104,768.00","$33,079.00",Ontario Hydro,"Dir, Perf Measurement & Benchmarking",1998,6d61d570c67fbff20e822620ec449b1ccc6c554aa5892dafb20552231bf566fa
Crown Agencies,"$106,127.00","$33,787.00",Ontario Hydro,"Director, Transmission Operations",1998,5aac3e151387203e67ad4967bc3a45d3ad20b3eaf44dbeeb942eb36e84626e73
Crown Agencies,"$154,649.00","$6,430.00",Ontario Hydro,"Manager, Special Projects",1998,f5c00eca7376b82c6e82d1141783168c76ecf596e5a247a0c85dbce614ca8292
Crown Agencies,"$105,858.00",$401.00,Ontario Hydro,Level 1A Operator,1998,0808d1e8d07bacc70beffd81ef5545eba1eea7ff3030fb3d936d0c821baec9ca
Crown Agencies,"$114,722.00",$569.00,Ontario Hydro,"SM, Fuel Handling Operation",1998,72c82ed74dcf7967444a10d59afbf70c26b9ded664e89355809d9c91895a8698
Crown Agencies,"$789,625.00","$20,117.00",Ontario Hydro,Vice President,1998,4f7e1afbb79615f480bad25d729454e7d9589e3eee7c407950e43d17203ba7d2
Crown Agencies,"$105,043.00",$511.00,Ontario Hydro,Shift Maintenance Supervisor,1998,adeae822ba756106ef09fcbf4cda5f08f5a4993ac41881eedf84f9925195450c
Crown Agencies,"$117,331.00",$427.00,Ontario Hydro,Pay & Benefits Systems Dev. Analyst,1998,0406d63e4b8de760d01ae9d59466758fdf5e57fe41f113085b54ae6ee2fad242
Crown Agencies,"$100,161.00","$9,799.00",Ontario Hydro,"Plant Manager, Northeast",1998,51001f0fff006730db0df40da55c56a76c6f124037dc72b8d85d65fc1c266b5b
Crown Agencies,"$104,760.00",$440.00,Ontario Hydro,Senior Technical Engineer/Officer,1998,dbbe299e64ba96a7c52aa13662e34a145cdf5067a6dcc57cf9225ee9b04fa767
Crown Agencies,"$100,200.00",$436.00,Ontario Hydro,Authorized Nuclear Operator in Training,1998,8029cab6d48fbbb50c987d979f5427d54027c400970b450c6f3b83640c822abd
Crown Agencies,"$104,538.00",$452.00,Ontario Hydro,Trades Supervisor Maintenance,1998,e02d83b91c3f7220136c7fba9f6113e1b2fe30d7ef0218fbd44cf50107015a3c
Crown Agencies,"$100,499.00","$5,523.00",Ontario Hydro,"Manager, Common Services",1998,dba26e2522dd2e4ec7f1e04ecce62bf5ca44ddf228e8d8e8247b72fbafc3dfc3
Crown Agencies,"$127,577.00",$553.00,Ontario Hydro,Shift Operating Supervisor (Authorized),1998,8702a9e95db1c2c26f6d74df991257f2cd5c3e601c598e42d50f973facd42690
Crown Agencies,"$114,159.00","$9,345.00",Ontario Hydro,"Manager, Legal Services Corp Bus Dvlpmnt",1998,71bcf28fef031132b96106ddd8472ceb9017da88309adbd06bc5abd00014e795
Crown Agencies,"$108,700.00",$348.00,Ontario Hydro,Area Distribution Engineering,1998,a6a5c3e807f24091f86c65f223b9eb318c67b83fe97271771470c09488c73e3f
Crown Agencies,"$106,337.00",$348.00,Ontario Hydro,Regional Maintainers I - Lines,1998,ae0ccb16664626a5dcbf42541b3583ce8dd1d323b3bd19bd01a216caa8b9a65f
Crown Agencies,"$126,514.00","$43,918.00",Ontario Hydro,"VP, Regulatory Affairs",1998,a8dd37abf997546bfffc14b6bcb1c0ca49be89257d975b3a64e3a99535e28e48
Crown Agencies,"$102,934.00",$573.00,Ontario Hydro,Training Superintendent,1998,d29a4a7cd8cfc75c447934ff5ad27211c4ca5e8b4a41aeeab54f063999faac17
Crown Agencies,"$104,557.00",$713.00,Ontario Hydro,Shift Production Technician Planning,1998,26ee16103c0a417248e9a309f401d1b497389ee6d002a205c42eabc56005e815
Crown Agencies,"$115,417.00",$547.00,Ontario Hydro,Shift Maintenance Supervisor,1998,5b0bc294303fff6e9d003eec57aa7a84eaddb2ea18496681a0679b679bfc8f20
Crown Agencies,"$109,496.00","$1,511.00",Ontario Hydro,Senior Protection and Control,1998,0ad9dacb3985047c88bff921cdbafee06d32dca70d9dfbb823a05c77ce83058e
Crown Agencies,"$119,016.00",$392.00,Ontario Hydro,Shift Emergency Response Coordinator,1998,7104ad2ec43195e68ef6cf66f988258c99cf57a3beed9cf65eb13521eb81bef5
Crown Agencies,"$100,635.00",$603.00,Ontario Hydro,Sr Exchange Engineer/Officer,1998,af296bd4c34e65ee21b394fcea7619297c6d9d746845439cb4b5102d8866b3da
Crown Agencies,"$113,981.00","$43,732.00",Ontario Hydro,"Director, Human Resources",1998,49bc6317a17c8a0e8fc6e006e371f34a6ac3fdcbaf41aa43c05bf8cc6bbe7cb7
Crown Agencies,"$103,518.00",$553.00,Ontario Hydro,Shift Supervisor in Training,1998,c30d37d8bb16a373c4225ecc2479b5b28d237d3db6fb63f52d29681e63c4cd0f
Crown Agencies,"$107,666.00","$16,625.00",Ontario Hydro,"Director, Employee Services",1998,1a724df12847cce6d647f6cc9a39801a7360ccbbc34d66bd1152ee153fa8e6b8
Crown Agencies,"$126,182.00",$447.00,Ontario Hydro,Technical Superintendent,1998,5d498ad00dc85d47f2bc433d4ff2adcaff96f99e89af3b02bb03e88c6bf67092
Crown Agencies,"$104,050.00",$436.00,Ontario Hydro,Authorized Nuclear Operator,1998,7f1f28078196a9c0840fb2b8edb4678cb4e4dba0709fe3a6d470aabe54dd8cee
Crown Agencies,"$102,993.00","$42,670.00",Ontario Hydro,Protection & Control Technologist,1998,bfb0eb635bccffae99fe8341972836df0db4e760303d16b9471a3d888ece54ac
Crown Agencies,"$134,225.00",$414.00,Ontario Hydro,Technologist,1998,b1794880489508f0d5c3c2016c81bd6c105c3b86b8aae9a52fde7373b640cf16
Crown Agencies,"$109,450.00",$525.00,Ontario Hydro,Senior Technical Supervisor,1998,4804d4993157b524aa2893d4a84a5623361492072a9a508f955cd4fef583529b
Crown Agencies,"$112,965.00",$542.00,Ontario Hydro,Team Leader - Health & Safety,1998,f1e4cdbba8b49c2f27a559207fa009981f1b365d7b0c6d60bc49db5d7e7d68ad
Crown Agencies,"$100,206.00",$358.00,Ontario Hydro,Mechanical Maintainer Journeyperson,1998,2ed0d26834e1eea1d05a41b1484d7af03b53dbab99c283995fcc23498d0e3ac1
Crown Agencies,"$103,792.00",$431.00,Ontario Hydro,Regional Line Supervisor,1998,9ba3f48fbf9010fbfb7481521d71538fad6ceb01b410b418c665e9303a594ac0
Crown Agencies,"$101,735.00",$455.00,Ontario Hydro,Shift Maintenance Supervisor-Multi-Funct,1998,9ba3f48fbf9010fbfb7481521d71538fad6ceb01b410b418c665e9303a594ac0
Crown Agencies,"$112,218.00",$419.00,Ontario Hydro,Shift Unit Supervisor,1998,70924cdf0ab50db46ae235feb94cdb01efc3b778a207275164ad8babd80099db
Crown Agencies,"$100,333.00",$419.00,Ontario Hydro,Mechanical Maintainer Union Trades Supv,1998,f9179d19388427a50a81a44da7120b9ca58c16734cdecec33c4e6d4e95253115
Crown Agencies,"$100,385.00",$484.00,Ontario Hydro,Exchng Coord - Schedule/Resources,1998,313ffa78a3300d742d86bed70fe2f8a9b78456989118048edf7745c87b24fc1e
Crown Agencies,"$116,336.00",$543.00,Ontario Hydro,Principal Research Engineer/Scientist,1998,63709eda1c8bacc578922fc8cb23dbb5b5985e0cb4c81d8446def4e59cd97cc3
Crown Agencies,"$101,676.00","$1,442.00",Ontario Hydro,Shift Control Technician,1998,51bfc051ef247e74aadeddc3839d4f6824b60b7cece4e850453c6b3c8f1e7983
Crown Agencies,"$106,884.00",$451.00,Ontario Hydro,Senior Protection and Control,1998,d0266006d26edc72e62625a1ddcf2b85806ce4e63f2c0e29ae063adcc76835b0
Crown Agencies,"$104,186.00",$358.00,Ontario Hydro,Mechanical Maintainer Journeyperson,1998,cc21e1cf43d520cf4a560a2fa802a0d50b81e383074e2795e418dcec53245caa
Crown Agencies,"$100,306.00",$442.00,Ontario Hydro,Shift Trades Mgmt Supvr - Mech,1998,0ea27c75acb042ec39cdf597256e2aa98ae6ed6db2b6fcb413cb049a12759c09
Crown Agencies,"$110,000.00",$547.00,Ontario Hydro,Technical Superintendent,1998,f2216ec9c0937139de778dd35a162f55591f3bce688cdb5e625c260844c2ff5b
Crown Agencies,"$104,895.00",$414.00,Ontario Hydro,Lead Technologist,1998,5789f153f6a548d08aff6b584b1273dc2db7b442375ef3cb9fe3f97ddef55a32
Crown Agencies,"$104,086.00",$488.00,Ontario Hydro,Training Officer,1998,97edbfcc72929b7289ded16031407d88340f29ede4d40c8e9394bdf5ed9947c4
Crown Agencies,"$102,332.00",$542.00,Ontario Hydro,Principal Research Engineer/Scientist,1998,2e01a8cf08395281bb1d6194ee78952ad0bbed043857cf88299c6c9e5073685b
Crown Agencies,"$104,679.00","$3,291.00",Ontario Hydro,Engineer/Technical Off-Commercial & Res.,1998,664ff9e1c5339f33306f72207759e573cbbcf66f7eaecdbab8e57adc05877d8d
Crown Agencies,"$103,081.00","$37,952.00",Ontario Hydro,"Manager, Utility Commercial Relations",1998,d1c1e22adfe46b5e269a79ffdf6309469ab9c93d8effab2e113cf0d0b70cb1fb
Crown Agencies,"$103,460.00",$398.00,Ontario Hydro,Supervising Nuclear Operator,1998,2d4c54c89dc5c46d40d108bf23b6395d1658cc711fa7d13b39f8dcb6fefbcdfe
Crown Agencies,"$125,057.00",$347.00,Ontario Hydro,Supervising Field Technician,1998,ec8bdc357e77d816ab1bd1abd84ea0a890a2050e1478a2a2bd703d402e6244bd
Crown Agencies,"$118,599.00",$474.00,Ontario Hydro,Senior Engineer/Scientist/Tech Officer,1998,21a8e7c4d84733b16f4fd79a619c7da08f3c20c6b0ea7cbd98e8377d8a41b8f2
Crown Agencies,"$105,837.00",$470.00,Ontario Hydro,Senior Operations Analyst,1998,ab7675f1a27671214eb882250329e8916708584fb6bec43b92baf5deca187c22
Crown Agencies,"$128,750.00",$429.00,Ontario Hydro,Regional Line Supervisor,1998,f4eee8d23c609e9442876b6477b59c5d0ebf5f1ea0fd52f1a1089b76ad131534
Crown Agencies,"$126,781.00","$1,567.00",Ontario Hydro,Chief Physician,1998,4b402cdd5d974633b81006605ef59eb4c6b0955b3eef92b24a5c596a0c46f53d
Crown Agencies,"$100,575.00",$461.00,Ontario Hydro,Senior Information Systems Analyst,1998,9b9a4d6a375a53151ad09d60a3fa67eba7a0a812457d5f16798c39d0449a62c9
Crown Agencies,"$100,744.00","$7,294.00",Ontario Hydro,"Project Mgr, Pay & Benefits",1998,889973d75141f1504ebc79e3a43463b68a979344a0f59b5e86f2447bb1f31587
Crown Agencies,"$112,761.00",$377.00,Ontario Hydro,Regional Maintainer - Lines Uts Level 3,1998,07f45ac16d864f19198d90928e25776337247502d3374b72da72bfb0a251b219
Crown Agencies,"$136,394.00",$619.00,Ontario Hydro,Shift Superintendent,1998,d16b7c1acd3d28f7b3f96c4367a4fd9b4fa5bc7a0b5ab1eefcbc84bda81e249e
Crown Agencies,"$105,391.00",$456.00,Ontario Hydro,Senior Technical Engineer/Officer,1998,7c51bc161c01915244cbd33faff4a8b70e141ed82bcd2ba1914ecc27ae297e49
Crown Agencies,"$132,119.00",$571.00,Ontario Hydro,Shift Supervisor,1998,512034da44045dd80069b29fe176635d80e225d1bb0b06111e5d48f636710135
Crown Agencies,"$129,690.00","$2,012.00",Ontario Hydro,Shift Operating Supervisor,1998,e11b59acd9584a6ea26e2d8f80c5937608c70d38f1eb2a0bb0a7a2b5ae17f64e
Crown Agencies,"$114,021.00",$419.00,Ontario Hydro,Mechanical Maintainer Union Trades Supv,1998,16c7c7a8e2c80da1cb01d174554093af6154c5cf155b36cacbd56e9a74597d4c
Crown Agencies,"$101,613.00",$581.00,Ontario Hydro,Maintenance Superintendent,1998,b8ce736cf362229857650e9758d8a452f49be2caafdc7f133ff43f4a799116a1
Crown Agencies,"$101,498.00",$536.00,Ontario Hydro,Shift Operating Supervisor (Authorized),1998,b9cab71fa49268c4f9a88b7f1e068bf4ef6abb786257fc1979440a59f0329603
Crown Agencies,"$106,112.00","$20,673.00",Ontario Hydro,"Mgr, Fuel Handling",1998,63482b3d1b60207482dc43ebde3f9b6a142b5416390d615756455b8e18e79158
Crown Agencies,"$102,172.00",$451.00,Ontario Hydro,Section Head - Business Controls and Stu,1998,e0d2150769d09182407d2877476380bc3414bd872c8951dd241c214405cf20b9
Crown Agencies,"$102,583.00",$461.00,Ontario Hydro,Shift Maintenance Team Leader,1998,c0834c08eda8099c80dfb9303857ee69ea4efa29754ec3df09ac10845f640d21
Crown Agencies,"$101,121.00",$565.00,Ontario Hydro,Supervising Design Engineer,1998,436b4be1097917b8a8424a962f0d15cceb48b133ee60fbc27d0382b05ffedff7
Crown Agencies,"$130,340.00",$507.00,Ontario Hydro,Shift Maintenance Supervisor-Multi-Funct,1998,ffad72f56e7a45270971c8d50b0295f2b61a059a53226c475c4cd930b6fd1089
Crown Agencies,"$118,938.00",$620.00,Ontario Hydro,Shift Superintendent,1998,c9f93a89cf16c87feb2692a43e16a50d4b280b706064c7989aca9dbf5f9cbdf1
Crown Agencies,"$110,951.00","$91,931.00",Ontario Hydro,"VP, Integrated Improvement Project",1998,a97d8c6b7612af94dfeb96566d8603a4aa1e961ee2eefd3e05643b2496e3ca64
Crown Agencies,"$101,413.00",$436.00,Ontario Hydro,Authorized Nuclear Operator,1998,d1387b6e9d46baaba76d2a03c1e769b8563d0b651c079d6d9e7f5485281780dc
Crown Agencies,"$151,586.00","$34,882.00",Ontario Hydro,"Acting District Manager, NE Dist.",1998,0b8986ac701cc1517fd85624afff80390aef08e2b2b40ba487b24df89182462c
Crown Agencies,"$100,161.00",$435.00,Ontario Hydro,Trades Management Supervisor-Hydroelec,1998,49e4686b8be6ae041b9b4af4b474d55637dec7af6cc6e21b52c8ea2eb972249a
Crown Agencies,"$100,619.00",$348.00,Ontario Hydro,Regional Maintainers I - Lines,1998,590880c186d35b674a97fbda56ff4b930c633bbb34327810a627a8bf57d068cf
Crown Agencies,"$103,941.00",$418.00,Ontario Hydro,Senior Shift Control Technician,1998,a9f26842ce222651d436639113a44253c3d815be9939948937dbc4bdc22e7df3
Crown Agencies,"$123,415.00",$464.00,Ontario Hydro,Senior Technical Engineer/Officer,1998,975419008b9910e2464a5368ec4cede20f033dba82589e77a6d8a9b788f9799b
Crown Agencies,"$104,141.00","$20,687.00",Ontario Hydro,Finance Manager,1998,5b15341d6b9ee2829dfdf4f3fb17888798efec48f63ddf8843b76dbc7c17c7cd
Crown Agencies,"$106,392.00",$620.00,Ontario Hydro,Maintenance Superintendent,1998,689b6a7e6ed3e7b600d751a52758be4867a73e1cddebe6668be0580623811205
Crown Agencies,"$108,209.00",$879.00,Ontario Hydro,Unit Pair Outage Coordinator,1998,d03f8d2b09b6680e5b626d6ad5d96a0166d45c32a8a2b72a74e30340d66f1db3
Crown Agencies,"$102,528.00",$439.00,Ontario Hydro,Regional Line Supervisor,1998,ab7b4a24deab790122eeea56c249cf8d8d34ba71ec72e45a8e01762de83ebfd0
Crown Agencies,"$112,289.00",$541.00,Ontario Hydro,Exchng Coord - Schedule/Resource/System,1998,acffb5287da3608d3953f3858ed8a67cf7d841d088448e6ec6402f7868ca937c
Crown Agencies,"$104,156.00",$542.00,Ontario Hydro,Senior Production Supervisor,1998,083a1021fab9d147592491b3b63e5e6c07fdb1ad7935ef1ec9a3a20bdd747ba1
Crown Agencies,"$114,509.00",$377.00,Ontario Hydro,Regional Maintainer - Lines Uts Level 3,1998,91729c71b5f48ad92026f888e38d25174c98e5eab02f9a4c9d0773914706b758
Crown Agencies,"$114,675.00",$377.00,Ontario Hydro,Regional Maintainer - Lines Uts Level 3,1998,fa8d72213e2bb8af11f65077a3d93dc42440a9c2c5ec9c052ac56517e4d8153d
Crown Agencies,"$111,545.00",$462.00,Ontario Hydro,Shift Maintenance Team Leader,1998,07c6448b0dac696a216cc6eaf7d13f038dd05ca88d27dbc6dac8833cedbd4200
Crown Agencies,"$104,726.00","$8,237.00",Ontario Hydro,"Mgr, Trades Training Services",1998,dc0a5dc97f5fc84f77e8a03995559c48e63a1d7adee292428bb34a8bf9e820ce
Crown Agencies,"$112,822.00",$419.00,Ontario Hydro,Shift Unit Supervisor,1998,92d3a9104e3bc3fb86a69a991119c066e2e52711b460255e6356b09374abc42e
Crown Agencies,"$110,578.00",$499.00,Ontario Hydro,Production Supervisor - Technical,1998,4966af7b3dbd93e0226885aeaebe29126832bf89c51f844115cd904885566970
Crown Agencies,"$101,123.00",$348.00,Ontario Hydro,Regional Maintainers I - Lines,1998,bbe024a9567374407909b08e03e9c84c47d0ca219ac7285b7948ca18334d5ede
Crown Agencies,"$100,497.00",$348.00,Ontario Hydro,Regional Maintainers I - Lines,1998,00f004a5d883ecfcfe8ee8c37725c3a4a30ef438d2cd4ad9f2f2400b15ad0357
Crown Agencies,"$107,890.00",$547.00,Ontario Hydro,General Foreman - Mechanical,1998,488249d22ca30cce5a547c3f649a96f3156ec330e0a1b0ed407b0a44a5a40ec9
Crown Agencies,"$179,900.00","$70,997.00",Ontario Hydro,"Vice-President, Corporate Planning",1998,223ffe0c25ed4596f222289382f7b371d4ce5ee4ab65eecd7eb5cb4bd7b6a6e9
Crown Agencies,"$137,523.00","$21,521.00",Ontario Hydro,"VP, Nuclear Human Resources",1998,ed16cd9d42a381eb44a06fa71ba87f3bd997c9f6b6447bccfab4ca1bbecaf9f1
Crown Agencies,"$226,826.00","$1,040.00",Ontario Hydro,"Vice-President, Labour Relations",1998,042cb28affc26a6192cb99038288802f60eebec8f6abcd9ed8ca86b6aa6cf74c
Crown Agencies,"$101,524.00",$531.00,Ontario Hydro,Exchng Coord - Schedule/Resource/System,1998,1fccd07eb3db6c9581d42ab6a82c9c15d0efd5a22bcc0cdef02d3c781138734e
Crown Agencies,"$114,484.00",$453.00,Ontario Hydro,"SM, Oper. Mods Spprt",1998,12510146f904c5dc587dab4325a1a9daa7dfae18bc5fd1f062b75b7d646b4b7c
Crown Agencies,"$101,193.00","$15,055.00",Ontario Hydro,"Dir, Strategic Procurement",1998,c80d28ef6ad056948b926204fc9ad95ea295b28fff21e88311aa41fe77ad5e82
Crown Agencies,"$116,994.00",$349.00,Ontario Hydro,Construction Technician - Civil,1998,01627c0c39e302c2ce374f4a410e5482bbf9f7e8760d1ab6e23ba82045ace31b
Crown Agencies,"$102,447.00",$414.00,Ontario Hydro,Senior Inspection and Maintenance Tech,1998,e7725146aec832b3df599dc92704647784d6fbe175787707d30e031bc718c462
Crown Agencies,"$100,305.00","$1,176.00",Ontario Hydro,Maintenance Assessor (Nuclear),1998,81db713a0a6763c808f9b3d40df68319da54df345688c1fe308863d290267f4b
Crown Agencies,"$135,104.00",$625.00,Ontario Hydro,Shift Superintendent,1998,90cd9f9356665d34e66f8cc3eb9fc6ff52d2cb341696dbd58c23a93cd68c0b14
Crown Agencies,"$108,769.00","$20,448.00",Ontario Hydro,"Mgr, Maintenance Production",1998,d7c4e8f83960e85362d82ddeec2b39075d858ccaaa0711ffd7e6f3ebb7c56692
Crown Agencies,"$109,574.00",$703.00,Ontario Hydro,Regional Maintainer - Electric,1998,854e4c2be30fb0c7e1e19c1d0efba12f503a8debb4102f71d9e586a034d056b4
Crown Agencies,"$105,351.00",$419.00,Ontario Hydro,Mechanical Maintainer Union Trades Supv,1998,653f7131425d14ffb5a0b5442b5bf12da7329f830a57de734a3e7342965d7e85
Crown Agencies,"$101,886.00",$531.00,Ontario Hydro,Exchng Coord - Schedule/Resource/System,1998,a1dd6ec93255fd16a16b72ef20bbde8a63b13da0457539b71c5dc4ed99208081
Crown Agencies,"$118,061.00",$566.00,Ontario Hydro,Snr. Nuclear Design Eng.- Spec,1998,6a22982f005c2e2a6dea19ce3f38ad66cb2e5cbef9869b5bcd681db415d24442
Crown Agencies,"$103,935.00",$535.00,Ontario Hydro,Senior Design Specialist,1998,b87d81fa6a1b7392ccf9d41da1a2510b4f0fe6db5fe09e05376dd6c0b05e676d
Crown Agencies,"$118,700.00",$498.00,Ontario Hydro,Hydraulic Studies Engineer,1998,b9889955ed5817925657d216ac7697c7aeb723aba62c7b78f75078c141383cdd
Crown Agencies,"$103,925.00","$7,444.00",Ontario Hydro,"Manager, Finance",1998,059bcd1d530fd25f598a6ffe1144befe1f23c82f8c616c14918396b5a384a5d9
Crown Agencies,"$105,727.00",$566.00,Ontario Hydro,Exchng Coord - Schedule/Resource/System,1998,b68b767976a445573b0058fd697a3cce59c1b9f782d25469f939c580f0a20a9f
Crown Agencies,"$106,205.00",$437.00,Ontario Hydro,Regional Line Supervisor,1998,d541a91aa7a5c33319bf09efdb499b8750834ff90620a7944c795838bad7a948
Crown Agencies,"$101,387.00",$524.00,Ontario Hydro,Production Supervisor - Operations,1998,1b5070009c4a3cae2d890f69224c9757b66d788d192bb5925656a7c1a0897c09
Crown Agencies,"$107,081.00",$438.00,Ontario Hydro,Trades Mangement Supervisor - Hydroelect,1998,2a855c63e46c6bbc343bf0bac17ddc40b62fb924b80cd76f06121e7d61935263
Crown Agencies,"$113,634.00",$377.00,Ontario Hydro,Regional Maintainer - Lines Uts Level 3,1998,7ff3fffe1309e5a2369ac38181cea63e56463511fc8c04956f3e19d85623bf45
Crown Agencies,"$100,047.00",$463.00,Ontario Hydro,Shift Maintenance Supervisor-Multi-Funct,1998,3add21b6d14763cde9fe77e1ffa3e9c53b38bd48d247478d48b2da3808479dbe
Crown Agencies,"$114,041.00",$525.00,Ontario Hydro,Production Supervisor - Technical,1998,104e3815951f9763e698c8b94086d0853040a78c32236444f61ac730172aadbe
Crown Agencies,"$107,538.00","$2,239.00",Ontario Hydro,Supervising Nuclear Operator,1998,bef676d4d2221e164ad2f06449c12ea624b50457f0932a6fb4858c99ca96e16c
Crown Agencies,"$119,263.00",$546.00,Ontario Hydro,Shift Superintendent,1998,96d45d6d80420e6ea8cce35938a1529dcd5ce17a6e1664b6eaf86e25cc74e605
Crown Agencies,"$106,699.00",$368.00,Ontario Hydro,Authorized Nuclear Operator,1998,39655cbfba3ca64d15dd74b063513bfcb357079b61b7fa33f25f6e2ca28248a7
Crown Agencies,"$104,855.00",$412.00,Ontario Hydro,Maintenance Assessor (Nuclear),1998,69b92879b06e5c745d9048b1d0b1e4cac06fc98383f89adfcb5c7555001283a0
Crown Agencies,"$106,568.00",$539.00,Ontario Hydro,Shift Operating Supervisor (Authorized),1998,b40cff9d3d82a156cdaa17a70e95ec95900fa445cb0fac9f7a39ab855b026a1b
Crown Agencies,"$100,254.00",$604.00,Ontario Hydro,Production Supervisor - Technical/Chemic,1998,c736321b6f2a930cdd988d0e662ee03e5f1b1bb5ebfcf9740ff4e5d2a7e66f70
Crown Agencies,"$108,491.00","$1,072.00",Ontario Hydro,Mechanical Maintainer Union Trades Supv,1998,2016aea1a7e7f0bbfed6fc114ba39a85e0dce92c19354ba052f2c0f950f1e70f
Crown Agencies,"$107,446.00",$482.00,Ontario Hydro,Senior Technical Engineer/Officer,1998,e709fcf6c5a208ea3d72ac7427fb1353bb0a8ed1fedf2d13cc38eb03378ea942
Crown Agencies,"$100,590.00",$541.00,Ontario Hydro,Design Engineer - Specialist,1998,adaae6c4a5c4d601d901a1c26f8dbc51c48d5304943fbb5b1667c269df6f20cf
Crown Agencies,"$130,162.00",$195.00,Ontario Hydro,Protection & Control Supt.,1998,d6a93e35e53228c7f43a248e7fa2056e128b81990eaf79032383701da8a5827e
Crown Agencies,"$102,598.00",$349.00,Ontario Hydro,Construction Technician - Civil,1998,98d05bb426ac1b10672b5cb7f631309a42be724d504e99b5d3b5af9c5dd18715
Crown Agencies,"$116,383.00",$263.00,Ontario Hydro,Nuclear Security Guard,1998,98d05bb426ac1b10672b5cb7f631309a42be724d504e99b5d3b5af9c5dd18715
Crown Agencies,"$105,487.00",$484.00,Ontario Hydro,Technical Supervisor,1998,acca9740d2a878e377c28620f6d6c7e4cb0362bde05142c3303adc9feff762c0
Crown Agencies,"$105,518.00",$470.00,Ontario Hydro,Technical Superintendent,1998,5bf0a3512664fa676988ebfbbf5e9dff2286cd5aff960b79dd65c310fd0abab4
Crown Agencies,"$116,855.00",$420.00,Ontario Hydro,Mechanical Maintainer Union Trades Supv,1998,f52acc42a9342e449ccd26fcce42ca04556d3513494570e9f69a0e792591f624
Crown Agencies,"$117,558.00",$498.00,Ontario Hydro,Senior Design Engineer,1998,6b4dff3076f9fa7022fa0764966e06bc420aee43cf1e85d2b55d0564bc42010a
Crown Agencies,"$120,877.00","$31,993.00",Ontario Hydro,"Director, Station Engineering",1998,e62511ca9f9ed9ebeb75a4891baff311e8ab9da11adc0b41f5b99b0e66483945
Crown Agencies,"$101,658.00",$565.00,Ontario Hydro,"Manager, Performance Assurance",1998,216b5a495290fcc1bbb803afc931e2d5b4391cf496c901f20132d5e5a6c7fab5
Crown Agencies,"$132,969.00",$541.00,Ontario Hydro,Engineer/Technical Off-Commercial & Res.,1998,460f7b9ef5e023b28417d6139ebf39b5b199dabde6c990b11328a37ad75b60c5
Crown Agencies,"$122,729.00",$528.00,Ontario Hydro,Senior Information Security Advisor,1998,2dfd5c6b581963ad427cd1f55b3869f9e25e25ac89fd28a7eb8fd55e7db94965
Crown Agencies,"$108,963.00",$609.00,Ontario Hydro,Shift Superintendent,1998,841b6d1fe497bc746b01128535e0d968c6ec14b09bea193caa0137533f2ef014
Crown Agencies,"$100,060.00","$36,224.00",Ontario Hydro,"Mgr, Plant Design Engineering",1998,b71f4e8b7e8dfa34efe1db4ac17fcb5f658cb89b8b471a3612df8f13ad342f74
Crown Agencies,"$138,944.00","$62,637.00",Ontario Hydro,"Director, Compensation & Benefits",1998,8d8939caa197e6ef531c3ed17514311f11a49696da7b8d4dbb898402f18d2ddf
Crown Agencies,"$135,076.00",$522.00,Ontario Hydro,Shift Maintenance Supervisor-Multi-Funct,1998,b3bbf2eee87c81720b6ee5fff0aa08e94c3913fb9367c84d77f2a8100bb65eee
Crown Agencies,"$101,221.00",$377.00,Ontario Hydro,Regional Maintainer - Lines Uts Level 3,1998,22776156cba5a9bc2a4b686e84efa1f33ae08daddd5c20edc9157c0a66b1892f
Crown Agencies,"$127,757.00","$26,962.00",Ontario Hydro,"VP, Mngd Syst & Oprtns Perf Assurance",1998,824e613337bc96c0b2d8b5d5b60df2d450cae5b5beb105ee453e4abb2dfa1c3e
Crown Agencies,"$102,794.00","$23,246.00",Ontario Hydro,"Manager, Nuclear Waste Operation",1998,1c9701c8b2a401966310b108d595fb646d51d55bc4f98758d818288e751c3644
Crown Agencies,"$103,791.00",$487.00,Ontario Hydro,Senior Technical Engineer/Officer,1998,4fa672e592f5f1040f2ea9823f19b6580d29fe56e685dba79062f9d87bf7bf24
Crown Agencies,"$106,837.00",$358.00,Ontario Hydro,Mechanical Maintainer Journeyperson,1998,d2d355208dd00c1e6ad632278c944315e77f26ed059e74e39ff13dfce81649d8
Crown Agencies,"$100,859.00","$13,830.00",Ontario Hydro,"Senior Advisor, Health & Safety",1998,10b786db2f5f13032acb199954aaedb2309074eef4474acd91c6ab57d8427686
Crown Agencies,"$129,935.00","$23,215.00",Ontario Hydro,"Asst General Counsel, Engineering Serv",1998,eba8e01f9f8c2001fcffd227926f3a45e1b172fef49f7e1db088585f35bc32e6
Crown Agencies,"$120,114.00","$15,387.00",Ontario Hydro,Business Development Manager,1998,14a7a5f596ace91ee6e4a75cda8a2906ec699b320998771dd6a0db529a4ec416
Crown Agencies,"$116,682.00",$525.00,Ontario Hydro,Supervising Equipment Engineer,1998,0fba6eee135609a5d26481f3431666ca21b7f2244ed09821d1c0a40d03c684bf
Crown Agencies,"$100,633.00",$419.00,Ontario Hydro,Mechanical Maintainer Union Trades Supv,1998,c4392b44483d3e94a99767178cb693a3dcccc27a0419068de3308a4a114b23bc
Crown Agencies,"$107,271.00",$307.00,Ontario Hydro,Nuclear Operator,1998,5d02815c2bd8367b9adf7508ac7c04de0763a5fb07cb89ac376cd4c2677f7ebd
Crown Agencies,"$142,090.00","$33,913.00",Ontario Hydro,Treasurer,1998,13f770734238d683beb3c1a9df21819e3c0fe9a3044f11af32ebe958cb22f649
Crown Agencies,"$114,152.00",$419.00,Ontario Hydro,Mechanical Maintainer Union Trades Supv,1998,d9cc9873f2a040aa793cdcf640605b2b56045c76f9905276c8a78d57cc440b53
Crown Agencies,"$102,768.00","$9,654.00",Ontario Hydro,"Senior Advisor, Nuclear Governance",1998,03a7175dd1142eb03fe60df616caecad45f4f22711533e487e5f54249f63b509
Crown Agencies,"$134,777.00","$17,711.00",Ontario Hydro,"VP, Market Effectiveness & Evolution",1998,46b4191eba05d3be1bfbfcccbf29f7fdd318e2bd89489e9f780f446aa7c5b2f9
Crown Agencies,"$106,475.00",$497.00,Ontario Hydro,Vault Supervisor,1998,f9d1a574d3d9d9438a77a2314fb17065bd690d49b9747e67eaf03f7cbafb86cf
Crown Agencies,"$105,193.00",$602.00,Ontario Hydro,Meter & Relay Services - First Line Mgr,1998,1f4f23a80bc9d0ddb08923ed404851ccc317de354726e6948d9f0779232e30b4
Crown Agencies,"$146,048.00","$37,698.00",Ontario Hydro,"Vice-President, Nuclear Waste",1998,9152f07527be7f26457dc2cce405f6765c85bdedc97e7ff323ebe09d4af299d7
Crown Agencies,"$136,310.00",$497.00,Ontario Hydro,Senior Engineer/Scientist/Tech Officer,1998,458535174d4bb96c716a243eabd076b3b593dd72d1030b4296d71ace9ca72158
Crown Agencies,"$100,059.00",$429.00,Ontario Hydro,Shift Site Supervisor,1998,b083e56a06e84ee5a4cc35c9bf692cf7dcddf6ef066c4184223105948862f39f
Crown Agencies,"$108,279.00",$609.00,Ontario Hydro,Mechanical Maintainer Journeyperson,1998,a8c167a740f7def8a4e0b2ddfbac4bef3503cd9619fa00805ca592b303f63854
Crown Agencies,"$102,738.00","$7,304.00",Ontario Hydro,"Sectn Mgr, Budgetary Ctrl",1998,3e59514fb2b15fb9aee2d122b59cd7b08178fc5114cca392888b1a2d5a5f7345
Crown Agencies,"$101,597.00",$302.00,Ontario Hydro,Mechanical Maintainer Journeyperson,1998,3f477e385ee1f0bd14adc23665f1533825c2b8de97e2c65d0b612f34d465b530
Crown Agencies,"$103,302.00",$543.00,Ontario Hydro,Mechanical Maintainer Journeyperson,1998,741d423f9978b7119177751217abe6c51f4635c26036dfc50b8a67b813d8aa01
Crown Agencies,"$112,535.00","$1,313.00",Ontario Hydro,Authorized Nuclear Operator,1998,17485388a074001a00e33ec0f73967872410e5cc67637c993ad3704d1f872a92
Crown Agencies,"$112,213.00",$492.00,Ontario Hydro,Senior Protection and Control,1998,9a24013abd90216d2e9f1529f18da92aaedd507283997fe4dea7251cd772aea9
Crown Agencies,"$103,922.00","$33,553.00",Ontario Hydro,"Manager, External Investments",1998,6a9d86528e566947f77a9a3ffa43debc534d60c3f3605486b480d513a4557e0b
Crown Agencies,"$112,629.00",$583.00,Ontario Hydro,Shift Supervisor,1998,4762d529aabfafe8d4830ba681cbc980b32c5d882ebaa305c88730cd48e5c942
Crown Agencies,"$120,220.00",$529.00,Ontario Hydro,Senior Design Specialist,1998,b1edaf6dd417b3b320bdcc99cc9eb0afcb98d7978ccb6c1f36b65fc6a09e8801
Crown Agencies,"$107,047.00",$528.00,Ontario Hydro,Shift Mtce Suprv (Control or Mechanical),1998,88cbd112734096db67e5ed16ec3b68d907e7600c73f837e5e798e715909db9aa
Crown Agencies,"$103,239.00",$348.00,Ontario Hydro,Regional Maintainers I - Lines,1998,f530005dbe67ec203abe10f661b6b3fef84fdf8d78ae84a051086d6c598ae15e
Crown Agencies,"$209,220.00","$36,087.00",Ontario Hydro,"Chief Financial Offcr, SERVCO",1998,0ffe87348110112d604f7dea552e97887040d6c3964ce27a3f74fd8eaa6a3e63
Crown Agencies,"$109,746.00",$515.00,Ontario Hydro,Senior Design Specialist,1998,63f784aea907c0d4ba7ecd70c00c8cf9a5a30a9bae97f6b3893ea28a3505e727
Crown Agencies,"$104,189.00","$11,327.00",Ontario Hydro,"Mgr, Financial Support Srvcs",1998,dbbc0dc86f19791a4c38a7db500a382df9284c0c8cadc800b5ecebb3402f2485
Crown Agencies,"$157,666.00","$27,478.00",Ontario Hydro,Chief Financial Officer,1998,141b74cd40456983775dbe57d0320ea805c136a79b305b5382a91ff32e62b8c4
Crown Agencies,"$114,915.00",$761.00,Ontario Hydro,Regional Line Supervisor,1998,b3bc630fd12acc84e8388d8df9692e605b297e14e075a43d016e694b9d15c504
Crown Agencies,"$100,988.00",$436.00,Ontario Hydro,Authorized Nuclear Operator,1998,d10eaceb4aa1f9a9a64dec810f924eb208b0b491541facdc44401045c3a424ba
Crown Agencies,"$122,443.00","$37,380.00",Ontario Hydro,"Site Vice President, Bruce",1998,1649e8128ce20baf43b0bfda164179afffef8a7b7a2493f786e3621de5d9e7e9
Crown Agencies,"$112,484.00",$596.00,Ontario Hydro,Shift Superintendent,1998,49644424654a94c45fb7d3a4bc15a7a184f9e9c6b9641549e909a81a7ea71346
Crown Agencies,"$101,761.00",$555.00,Ontario Hydro,Senior User Representative,1998,9635143afffe318e402e72e0bb20a3c105f0d26ec14003018d5c90a2232eb1e7
Crown Agencies,"$125,251.00",$589.00,Ontario Hydro,Shift Superintendent,1998,6deb19892dd4fc29cff126005f1e2bf4fb82070c5376b2c07afe521e45fc421a
Crown Agencies,"$101,742.00","$9,239.00",Ontario Hydro,Superintendent - Radiological Services,1998,54959217f29f89de7f7083d04281e310ab7e8fef426ab26a65ae850106c601ed
Crown Agencies,"$108,744.00",$522.00,Ontario Hydro,Shift Maintenance Supervisor,1998,af5c6acbb8ba03d70ff2d7c8ce2465ebdf76db7fb870be27cabd6e2186281e84
Crown Agencies,"$125,824.00",$603.00,Ontario Hydro,Shift Superintendent,1998,2022280f008b6aab424a8ae709ffbd4c1a68d2e7a133d7cd71ca7ac8bf98601b
Crown Agencies,"$121,611.00","$2,002.00",Ontario Hydro,Shift Operating Supervisor,1998,463b482b0776eaa56135e2708501e4b449bbe1df48e0523822408229da1db4b7
Crown Agencies,"$101,345.00",$516.00,Ontario Hydro,Technical Supervisor,1998,fa5539d8cbd7bb09ea14a44c21ae49916615e65d8f222ec8997400de1e687c5d
Crown Agencies,"$104,635.00",$436.00,Ontario Hydro,Authorized Nuclear Operator,1998,147e60f002ceeac945455152447f7a76c873000d62d2dac8ea953dfe19b9fd86
Crown Agencies,"$118,938.00","$51,045.00",Ontario Hydro,"Director, Services Integration",1998,d62d529c661c6a8d7c8fe8b12d8a411b0f9f1b0b967a0200c54a8f4684efa09f
Crown Agencies,"$104,987.00","$33,166.00",Ontario Hydro,"Service Mgr, Environmental H&S Services",1998,9cc2fb387d924ebfa130fbfc4ba170f998da2aa10378773a8250c6e75bbd19fc
Crown Agencies,"$122,487.00","$16,708.00",Ontario Hydro,"Director, Strategic Development",1998,2b4fcd51d7a71319b9ae8115d2314a8421c036c561722c3635a552b678312c29
Crown Agencies,"$101,798.00",$463.00,Ontario Hydro,Shift Maintenance Supervisor-Multi-Funct,1998,138123cbfb2c46c7093639cbf4c34bf08ef2d3c88b0d38001d851d2691ccc769
Crown Agencies,"$195,319.00","$25,865.00",Ontario Hydro,"Senior Vice-President, Network",1998,d1b38a254e0d400cc403bfb550341c8fdd85d71882e4266b5e8df39ba0e637fe
Crown Agencies,"$111,972.00","$14,370.00",Ontario Hydro,"Mgr, Operational Business Planning",1998,4bdb33eb4a560c85e562aa939e6837d0c71fdb911e651b09ef497fd23f87aa5e
Crown Agencies,"$115,829.00",$537.00,Ontario Hydro,Shift Supervisor in Training,1998,91a1056eac3db8a54284d596cfff36608cad9d693869c8fdc4c8b8450cef9bb0
Crown Agencies,"$100,167.00",$362.00,Ontario Hydro,Maintenance Assessor (Nuclear),1998,aa6856bd102da60e8a98a2235719a6f7cc15f25be998eeaa3012df7fedeb25ec
Crown Agencies,"$1,150,000.00","$2,581,047.00",Ontario Hydro,President & CEO,1998,27ecf6a339d0c5b91793d6da9f1f0f8d1f5bac4f357a9cf34661d68c0b3f03e1
Crown Agencies,"$107,765.00","$4,293.00",Ontario Hydro,"Director, Corporate Security",1998,47f3ffc1633e9f5621f4beed913d0bc2d84013afb516536bc06ffadd6c8f2f8c
Crown Agencies,"$109,481.00","$24,965.00",Ontario Hydro,"Manager, Ottawa District",1998,3d8d2cf56751042d2ae42610ae6e2b987f051ebf1f6701ef8efebd28f1616569
Crown Agencies,"$103,912.00",$446.00,Ontario Hydro,Regional Line Supervisor,1998,2a32e78063265e0c6e1053b1dd5e88c80ac5ba3e8024a87781461098a5a2484c
Crown Agencies,"$100,966.00","$14,508.00",Ontario Hydro,"Director, Info Management",1998,e571aa51edfa17b5bedb75cff53e13ba6c0e379f2af0780c8fcafd0ae2ddd78c
Crown Agencies,"$100,870.00",$369.00,Ontario Hydro,Mechanical Maintainer Journeyperson,1998,bb197682b1ce99feeb09fd31296d2e6978077f1116dec8c3c5b0ee5c46794864
Crown Agencies,"$143,334.00","$18,744.00",Ontario Hydro,"Site Vice-President, Darlington",1998,c64f4e1f66fbe06fc1ee6282303e560225e56e5124f94c5a865f8ce88cc21425
Crown Agencies,"$137,208.00",$549.00,Ontario Hydro,Technical Superintendent,1998,4db3fcf3490a4b98b76e9929abd7bd8f141f6741acb9ce93552315d7172d5218
Crown Agencies,"$117,028.00",$487.00,Ontario Hydro,Technical Services Coordinator,1998,e771bb0c822cfadad6ca7b15c77e2bedb0220702fc47a0bbd0032887438689b2
Crown Agencies,"$112,557.00",$468.00,Ontario Hydro,Senior Technical Engineer/Officer,1998,f2b5b77f444aa7dd7ee79cdff340a262a8a43bbfbd9f017773063cc33e4f4397
Crown Agencies,"$103,013.00",$600.00,Ontario Hydro,Supervising Design Engineer,1998,2a084cdbc0d7f4809a1ea0a9975fff93b4e63822c48822500895e52a422a2f3c
Crown Agencies,"$114,886.00",$540.00,Ontario Hydro,Shift Superintendent,1998,1dd195e27df135b2e35d7217f504f78787f1ed82c85708f04e82036134f637c6
Crown Agencies,"$110,098.00","$1,509.00",Ontario Hydro,Mechanical Maintainer Journeyperson,1998,62687e06151e3f09d4e8a2ffd6c8f6b755e06a9367013020858570c7d65802f5
Crown Agencies,"$104,791.00",$529.00,Ontario Hydro,Senior Design Specialist,1998,43ea5e960f20a44fad1f54f5df9d92f18c46adf15836d68609f85c155cdc7187
Crown Agencies,"$101,369.00",$370.00,Ontario Hydro,Inspection and Maintenance Technician II,1998,125318fabcb6d7b1154d688ec5a1e88b0575ac711c979b0f542e6284a715cbe7
Crown Agencies,"$116,395.00",$374.00,Ontario Hydro,Senior Information Systems Analyst,1998,f0b7a806a72b2e1f22f5376437c7d31bf0a90c4c626e8ce40737e5d4d53ab67b
Crown Agencies,"$102,449.00","$1,216.00",Ontario Hydro,Maintenance Assessor (Nuclear),1998,28a3d50531be1691ac1e56f0bc9514fc5170a62714a0865143f0ac646b65186b
Crown Agencies,"$112,215.00",$539.00,Ontario Hydro,Shift Operating Supervisor (Authorized),1998,b6a70261ee543fdbfc77e9c04be1f386b6c167cd4339fd40a2e1687db6b2273a
Crown Agencies,"$108,614.00",$632.00,Ontario Hydro,Shift Superintendent,1998,b58efa142c406aa8f0d8618ccd47ebea539bb3ef3b7256c214ff1ee9787da14a
Crown Agencies,"$106,388.00",$511.00,Ontario Hydro,Technical Supervisor,1998,9826c527b9773c421566a21f9bece053d6bde0259753e66054e76d822cd68d21
Crown Agencies,"$100,772.00","$7,857.00",Ontario Hydro,"Manager, Work Control",1998,43c6a8c6b213172c026e44049287364f1c2f4281f3a9c6697305677c9472e0fa
Crown Agencies,"$108,000.00","$1,760.00",Ontario Hydro,"Director, Policy & Research",1998,8b4cbdac3e5654606d92b16fe674b7601de79e657647468aed6635e76ff818be
Crown Agencies,"$108,579.00",$490.00,Ontario Hydro,Computer & Communications Systems Off.,1998,850c9fbbb8d22f15028d31bacb3beb13ac68be2630d69933f97598854fbf2d30
Crown Agencies,"$108,161.00",$828.00,Ontario Hydro,Senior Planning Technician,1998,71c70046c260506313d92da64efede98c292ba55846584ac8b9f09b17071e890
Crown Agencies,"$948,188.00","$283,128.00",Ontario Hydro,Vice President,1998,cc3c0858521338fa036b12a3fb4f075977947ae1b88a717ef8a6ed4e71e7b9dc
Crown Agencies,"$110,570.00",$370.00,Ontario Hydro,Senior Construction Technician,1998,f70e6150a069b4beeff7b07489b4f3984ec63d09acdd497b148ec31c73c34aa3
Crown Agencies,"$128,343.00",$462.00,Ontario Hydro,Transaction Coordinator,1998,cce9103a6c1dacc5a94242219417415074e22eea24679cca6174336f215abab2
Crown Agencies,"$103,469.00",$436.00,Ontario Hydro,Authorized Nuclear Operator,1998,02aed5fc00883c34c5c35ef879f041a456813641c9fdac6ebf2e49a00d640767
Crown Agencies,"$102,720.00","$1,105.00",Ontario Hydro,Supervising Nuclear Operator,1998,b04fa018ec3dd57b08205829fd914cef55cc948f0424e9e95397f453657824b1
Crown Agencies,"$118,155.00",$348.00,Ontario Hydro,Regional Maintainers I - Lines,1998,4fb4600e11a3aba85536b92b5b6f7dc4cecb6362810807b9f2684e4f6bc469ca
Crown Agencies,"$104,736.00",$723.00,Ontario Hydro,Mechanical Maintainer Journeyperson,1998,5c5b3cdce1fe73d4d460bb3e4c735771fcaa9a43d349d37d719942816a8a2635
Crown Agencies,"$103,675.00","$2,758.00",Ontario Hydro,"Manager, Information Systems",1998,6cff7c76ec3d672b523153ad4db5cecf25692b3514de1af72c07ee840a0fee66
Crown Agencies,"$109,040.00",$547.00,Ontario Hydro,Helicopter Pilot,1998,0e31d45118d84ca45517555b086201ba5c6eac0bea940c179e70d519dc9d8f7c
Crown Agencies,"$103,086.00",$419.00,Ontario Hydro,Mechanical Maintainer Union Trades Supv,1998,cd5ce4960c16984a3b18ecf095a47015edac2b7c767c565841b3e0c768bec0ed
Crown Agencies,"$112,573.00",$471.00,Ontario Hydro,Shift Maintenance Supervisor-Multi-Funct,1998,b90020b38ecffb443943cb833a48d98a02bbabe126917b4b4b97de5ebfebcbf1
Crown Agencies,"$110,310.00",$449.00,Ontario Hydro,Authorized Nuclear Operator,1998,806740c0f429717ff065477308a468c288aeb316075b5670b085e67e659d1027
Crown Agencies,"$129,769.00",$615.00,Ontario Hydro,Shift Superintendent,1998,3751c533ddadcca03fc54098bcc2eaed3dd8451476ef4edfebc216d7bd83de1f
Crown Agencies,"$125,783.00",$581.00,Ontario Hydro,Shift Superintendent,1998,40d1dcb194be7c4f97deea8d00d96acc36dd6e32ac72247cd34935a6bb3ce583
Crown Agencies,"$106,421.00",$461.00,Ontario Hydro,Senior Information Systems Analyst,1998,9c8fe93bc93dd6f3b7f888b879cdc61b82ad74f0435425db35c7a48ce889fb88
Crown Agencies,"$103,782.00",$481.00,Ontario Hydro,Mechanical Maintainer Union Trades Supv,1998,9ee7734dddb85eb328b749c23ca013d29b3b6992fe69c495a3dc8437cd179660
Crown Agencies,"$101,491.00",$414.00,Ontario Hydro,Senior Planning Technician,1998,4e98d2f0b11f09ec3e44b263543b8a5b12283c38d9370939f35f6d3af2934f22
Crown Agencies,"$105,651.00",$500.00,Ontario Hydro,Senior Engineer/Scientist/Tech Officer,1998,25f3fc8a18d3a9744739b9052081f4cb8543918e301cc08ad485d6bc4302f2df
Crown Agencies,"$103,228.00",$650.00,Ontario Hydro,Supervising Nuclear Operator,1998,a2810442d80ce734ab1efc1464abca7e86377b2790a869dce40fbf6445144aa2
Crown Agencies,"$144,908.00",$626.00,Ontario Hydro,Production Superintendent,1998,2c63a4e29c5aea93981beb5fc0ed3ceab3865a057cd89cbc6204473d69f38c84
Crown Agencies,"$100,571.00",$444.00,Ontario Hydro,Trade Supervisor - Electrical,1998,e75b757bc53f5f3b0487579dfbb76d7f450e3eeb0e8fd4e114a63f05add38acd
Crown Agencies,"$107,020.00",$452.00,Ontario Hydro,Senior Information Systems Analyst,1998,b912adef0645246b7ab18ac2c944697ed51bfbde705ca7bbbe36a8cfc38723fc
Crown Agencies,"$116,451.00",$531.00,Ontario Hydro,Maintenance Supervisor - Control,1998,10902891160795341a8d42fa5241b94b2ea77067fda3ea6b61293f9e347aa891
Crown Agencies,"$101,895.00",$378.00,Ontario Hydro,Maintenance Assessor (Nuclear),1998,79c770c62d24ed8832fc92db32b2378f8b54f6377296f9284b8111e96cda6da9
Crown Agencies,"$104,453.00",$535.00,Ontario Hydro,Technical Supervisor,1998,96088bdbba7dac8fa146db3c00ccb44218dc3adf3f68f0286ccf47993828d110
Crown Agencies,"$118,378.00",$615.00,Ontario Hydro,Shift Superintendent,1998,7f36e03b8e4558ac87572ccb0f6a2684c7029f2a3c3b884337ec65926fad06dc
Crown Agencies,"$110,265.00","$31,400.00",Ontario Hydro,"Sr Mgr, Investment Planning",1998,3d3fc6cf1b158acb3b106e49851acbf0fcaa8d106cec0740e4d366b99146367a
Crown Agencies,"$105,493.00",$458.00,Ontario Hydro,Trades Supervisor Maintenance,1998,44e9f630c90625ff94bb2ce6385a57c12edc5ec6336860b74dc2c0ff5bff2673
Crown Agencies,"$107,364.00",$555.00,Ontario Hydro,Operations Coordinator - Fuel Handling,1998,e495d38dcc1ba0a839c4da2295ab135a3e12356a1cb0341ecba568fc8424146f
Crown Agencies,"$781,790.00","$14,080.00",Ontario Hydro,Vice President - Naop Coordination,1998,844a7b9522edbc114f1fb998a48408f825c65e3b3caae67af39763f4c2f9a988
Crown Agencies,"$151,150.00","$7,627.00",Ontario Hydro,"VP, Corporate Services",1998,0bb632e448328cc3a453e9eda076472fc8339c55ee0c7f55770b6a03c7a0b01a
Crown Agencies,"$100,094.00",$348.00,Ontario Hydro,Regional Maintainers I - Lines,1998,fc78067206071f858ebb026cc6084871e8a44286025993ff436be9befaa59f02
Crown Agencies,"$101,147.00",$513.00,Ontario Hydro,Shift Maintenance Supervisor,1998,fbe1b0fefc41b4a1e56f72a0b3df438905989352c98313aa5b90bb2ce1d2fc83
Crown Agencies,"$217,211.00","$43,386.00",Ontario Hydro,"VP, General Counsel Services",1998,66bbd181f7e71cc84ad734cb3c466468981284f0c0f0c7a5a2e77e7ff6ed89cc
Crown Agencies,"$101,537.00",$531.00,Ontario Hydro,Technical Supervisor,1998,6428335efabe31ca39d7414eb687335cc1ae0ac0329234c4df4183d9788557ee
Crown Agencies,"$107,377.00","$14,801.00",Ontario Hydro,Mktg Project Director,1998,b2abb8e3221e767f765f76e4f31f6041398c8f542e649d6fe69b82d7c0ab2b96
Crown Agencies,"$116,799.00",$500.00,Ontario Hydro,Single Unit Shift Supervisor,1998,d9f579e467bccba27b6aee45c0ea659903024b8a5a1d41a3011d99d13ac42b85
Crown Agencies,"$163,942.00","$9,119.00",Ontario Hydro,"General Manager, Commercial Ops",1998,2bb4447406fe8faba87e93443fff3be83623175271d2c80e7896b9bfd7e2cdbb
Crown Agencies,"$105,456.00",$446.00,Ontario Hydro,Regional Line Supervisor,1998,2dfbc24109447551f5cc9fb300c60e08d926123ddbd8fe70ea6647784d2ed165
Crown Agencies,"$110,697.00",$396.00,Ontario Hydro,Shift Mechanical Maintainer I,1998,4ed39a31b85f3b2a95e52f5c45c0f0569b0916d65558d0328eee97bb31b304c0
Crown Agencies,"$100,571.00",$427.00,Ontario Hydro,Authorized Nuclear Operator in Training,1998,eb1f189123848187ea56f7df761ec0eebeecaf01ddc2a2fbdd64b0f68b9ec754
Crown Agencies,"$105,625.00",$419.00,Ontario Hydro,Mechanical Maintainer Union Trades Supv,1998,b987501056f546cb927ecb7d4a21537597e8cf1fdcf6e5acb804bdfbece5af9f
Crown Agencies,"$103,909.00",$419.00,Ontario Hydro,Mechanical Maintainer Union Trades Supv,1998,823b933c1dc799cc7877fcaa5e1594d92fddc60f2f403a79c1f2ed6dcf7504a5
Crown Agencies,"$112,352.00",$596.00,Ontario Hydro,Shift Superintendent,1998,baff2f757f2fc845a94e7925e08e81da48fceb56ecf91157c83116d0ee825c6c
Crown Agencies,"$103,014.00",$348.00,Ontario Hydro,Regional Maintainers I - Lines,1998,c1cb42d7f581cefd5edbaf17cc8fffb26bc61cd8a32c95f0f465ff59b4683255
Crown Agencies,"$111,709.00",$436.00,Ontario Hydro,Authorized Nuclear Operator,1998,81b7a0628ffe0af138b1fc0f3b65eee64db3cdfa1339159ee1751b42d0ff8ba0
Crown Agencies,"$118,045.00",$555.00,Ontario Hydro,Supervising Design Engineer - Control,1998,8445780030580e3c65ab8c00d6fff80e310cf4a3f3cdecc9977581a009062ab3
Crown Agencies,"$130,302.00","$19,778.00",Ontario Hydro,"Manager, Programming",1998,c267d094739cf57a0dffdf0f7625c166ceebe0a468f8727ee0875c1697ed6ae5
Crown Agencies,"$105,081.00",$358.00,Ontario Hydro,Mechanical Maintainer Journeyperson,1998,630c7bbc10bd247cc66f8c4dbb61133cd28f6e756d3bbd0b9b92d37df2b4952d
Crown Agencies,"$103,603.00",$699.00,Ontario Hydro,Regional Maintainer - Electric,1998,54c962ff9653554e90d71426a54525d16c4a7f301577ead90b94470aed38e02b
Crown Agencies,"$108,933.00",$377.00,Ontario Hydro,Regional Maintainer - Lines Uts Level 3,1998,0bd405146de225a9276333af426a98187b299abdc25ba5c5d9c87d56e9d2a449
Crown Agencies,"$107,355.00",$436.00,Ontario Hydro,Authorized Nuclear Operator,1998,ab8ccd3d943fb319f27072e0f97f27c1228da2298785a95bddd5816302440044
Crown Agencies,"$106,256.00","$2,124.00",Ontario Hydro,Engineer/Technical Off-Commercial & Res.,1998,fad6b1add1298a2bb11510971dd8e002dc9da8b7ed60f7ca22d81bf732eebb82
Crown Agencies,"$101,407.00",$443.00,Ontario Hydro,Contract Engineer/Administrator,1998,c648cf43fb3132c5ba4c5d18e95ff2d105a4e09e6490497fbe290222a74d8478
Crown Agencies,"$100,664.00",$411.00,Ontario Hydro,Unauthorized First Operator,1998,1d9cb26d6fe442b2e33a8d79a92d507d863070331d0abe39deac0e0bc92133c5
Crown Agencies,"$108,257.00",$465.00,Ontario Hydro,Mechanical Maintainer Union Trades Supv,1998,033bd888ed0fa86b53cd1bdb51436780c096d81f3d63d26a35135d81e8f8efe2
Crown Agencies,"$104,059.00",$359.00,Ontario Hydro,Construction Technician - Civil,1998,088aaca7d4259e6c0cd775893e3a53b2c72b23a96b054f206fcad7385c1fb3b0
Crown Agencies,"$101,277.00",$377.00,Ontario Hydro,Regional Maintainer - Lines Uts Level 3,1998,c44d19ace4ece0f5962bb030f69b6ae19da8ea7a40336194d62b1d4a8ac745c8
Crown Agencies,"$108,598.00","$9,235.00",Ontario Hydro,"Manager, Line Design",1998,e3180c039498674c8d45c45e26a7c2fde2747cef92dd8aecd80a9494c9a3f894
Crown Agencies,"$108,393.00",$491.00,Ontario Hydro,Senior Information Systems Analyst,1998,3b3f4a2107c6bd884e3d67a1dd0974f2fb4ef76b5569816ca96d2d3d52de6b89
Crown Agencies,"$110,915.00",$489.00,Ontario Hydro,"Mgr, Dist Network Dsgn & Stnds",1998,2e405a2de9da94e8a836b8429e3d957558bef149f00a0af8a81cca5fdaff9884
Crown Agencies,"$100,880.00","$3,611.00",Ontario Hydro,"Section Manager, Dosimetry",1998,73f636753fa3d8d6a2d70cc90915f80ef72e1ba6ce691656665b3142cc54f2e5
Crown Agencies,"$101,009.00","$39,958.00",Ontario Hydro,"Mgr, Line Sustainment Prgms",1998,aed2d827d9818f5e43d15d59fe6b695d235c7d868cfce08784759d9cc9208bea
Crown Agencies,"$102,015.00",$392.00,Ontario Hydro,Shift Emergency Response Coordinator,1998,3aaec5f8b936e3305040473d4f26c23f7a1e8c1f13bcecbe8e6d41a17e225160
Crown Agencies,"$102,262.00",$348.00,Ontario Hydro,Regional Maintainers I - Lines,1998,51b634fdfafa78738ccae77bdf34f072e264f13352e7df6397d48538c67ccb0b
Crown Agencies,"$102,096.00",$391.00,Ontario Hydro,Senior Information Systems Analyst,1998,59cb5148bcc2058c488a5ce76b13cfa5520fae8cb9cf1ea91c527bc86ce110cc
Crown Agencies,"$109,114.00",$437.00,Ontario Hydro,Regional Line Supervisor,1998,9b315dcfd2f5c68bbc703350b0e145e158901eeb694ce649bab53d5827fa9c53
Crown Agencies,"$110,787.00",$530.00,Ontario Hydro,Technical Superintendent,1998,2ef3a3ffb8a8513bdd18f8b8f0cff5a75a384db1dad0824cc65e02c6cd0befc8
Crown Agencies,"$116,920.00","$9,904.00",Ontario Hydro,"Manager, Maintenance Support",1998,ce284745abaa65cef85183a2127cdc51a790805681236eb9bdef42ee27b0526f
Crown Agencies,"$121,551.00",$349.00,Ontario Hydro,Area Distribution Engineering Technician,1998,38b6ba6b97b2f2f6fa6212116424f7387c28e42dea7aed4c415acaa85e927753
Crown Agencies,"$105,049.00",$531.00,Ontario Hydro,Technical Supervisor,1998,f8f723518c7d67524aba6b9b0edfb9c0127c250055e93a6dfd4250e1de69327c
Crown Agencies,"$102,271.00",$419.00,Ontario Hydro,Mechanical Maintainer Union Trades Supv,1998,3fab308ffb205efbd062bce0198b7c226aa52fc1cb5fa9b649a8873f833293a5
Crown Agencies,"$107,725.00",$398.00,Ontario Hydro,Supervising Nuclear Operator,1998,bd045f08c7bd9e1dbf4291dbb6c8deaee7ad947b8eb21716d838816b47f83521
Crown Agencies,"$100,530.00",$433.00,Ontario Hydro,Shift Trades Mgmt Supvr - Mech,1998,6b4e31dfe3a37bfeef5a1ed66ac4fd92c820f1fbf487ab49eb32cbf60001b290
Crown Agencies,"$198,000.00","$64,287.00",Ontario Hydro,"Exec VP & Managing Director, Trans",1998,e30792f55f0d1f2216a0fa8234345acce48f3d09890c49555f4902cd1277d1ff
Crown Agencies,"$106,655.00",$559.00,Ontario Hydro,Maintenance Superintendent,1998,74cab3bcafa76ed2b751580d64790774ab02e64b4f4ea846784199a4d25f52fa
Crown Agencies,"$118,746.00",$584.00,Ontario Hydro,Mechanical Maintainer Journeyperson,1998,85889826db4370d9d26549ce05dae8dbe3d228077eea1acf40b877f342e6f98d
Crown Agencies,"$103,792.00","$29,032.00",Ontario Hydro,"Senior Solicitor, Corporate Services",1998,9b1ae7632832aee82b02a22f55cdae413479080e4d26541eff7f869b19b8983b
Crown Agencies,"$113,652.00",$419.00,Ontario Hydro,Mechanical Maintainer Union Trades Supv,1998,b04e9a28cd7fce88e72df382fa131f4e6d5d239d1f28723c30a1cf0e4c06aa21
Crown Agencies,"$105,118.00",$896.00,Ontario Hydro,Planning Supervisor,1998,8df32c48c650b89028c537633705f057a94678e8855a009cf6190231fe1fbff3
Crown Agencies,"$105,699.00","$15,002.00",Ontario Hydro,"Senior Financial Advisor, Generation",1998,e726f3489165ea4ee7cb744924b36537478d9895ff91e708ac67d477d7bbf757
Crown Agencies,"$127,630.00","$83,409.00",Ontario Hydro,"Director, Contractor Mgmt",1998,6e79bd9031e1509506cf70e52c7e4561cf61f27edb90182ab4e193fcfc48045e
Crown Agencies,"$105,436.00",$374.00,Ontario Hydro,Shift Control Technician,1998,e28f4806fb51c1cc43012361240ea23acc51401444db511f94e9a0ff716fcc72
Crown Agencies,"$104,893.00",$431.00,Ontario Hydro,Regional Line Supervisor,1998,18d300c4a0f8cecbf998b69f998828a21583dd394fc75aeef0a8c9cbca99cdcf
Crown Agencies,"$111,396.00",$436.00,Ontario Hydro,Authorized Nuclear Operator,1998,257d496fd86df7ddb8660501cffaa7dab3f1a57dbce6928e82adc4f9e9cf04c2
Crown Agencies,"$105,225.00",$487.00,Ontario Hydro,"Safety Specialist, Protective",1998,50d46fee7d1c1a82184ade14a691c83cdf46052e45e1eafc5889e41d83f4879f
Crown Agencies,"$115,686.00","$32,533.00",Ontario Hydro,"Director, Commercial Market",1998,31cf26aa5bca85d183e998caf2415ad2634cd4f400a62b0e570136d105600cac
Crown Agencies,"$110,014.00",$358.00,Ontario Hydro,Mechanical Maintainer Journeyperson,1998,a2718c9cbf62fbd5e978211a037a3e87925dae4d645b468c9f93ca8189044d06
Crown Agencies,"$129,379.00",$610.00,Ontario Hydro,Shift Superintendent,1998,e989594b738a403d014b9a5820e1bc4f4ec84347eb4802757768f264b9985e41
Crown Agencies,"$116,336.00",$379.00,Ontario Hydro,Senior Planning Technician,1998,2f271207f1d70d9a35fbda361bc98373954d64110ad7c8f9f08d6df2d49a2fc9
Crown Agencies,"$100,260.00","$7,817.00",Ontario Hydro,"Manager, Nuclear Fuel Supply",1998,fc905fa652458c8df0dec05adc66115470270f2337b9d38ef04672238f42a578
Crown Agencies,"$101,099.00",$370.00,Ontario Hydro,Inspection and Maintenance Technician II,1998,c9791589f54397a7de6a58f53acd3f29071fc56bd9c5bb9d31789237c6cfec78
Crown Agencies,"$102,752.00","$12,697.00",Ontario Hydro,Senior Financial Strategist,1998,8c1df2419be97db962ed47aa1dd9cbb56f3baadcbb45c1a6ee8dbdf039ee1b3d
Crown Agencies,"$107,219.00",$908.00,Ontario Hydro,Authorized Nuclear Operator,1998,d49e427c4d7dc1a1530398fd73d5ee20252456bb0b1293a1df9ec864743f3912
Crown Agencies,"$115,958.00",$453.00,Ontario Hydro,Senior Protection and Control,1998,3ce5a3fab824bc4ce748464958f86d3893465e919bd7d81b463708abdc231cff
Crown Agencies,"$101,189.00","$9,510.00",Ontario Hydro,"Mgr, Plant Design Engineering",1998,c9ca84ccc4c39636993c5362afa15619f79fcf639f3db7420d5e279f41c99c33
Crown Agencies,"$109,443.00",$444.00,Ontario Hydro,Shift Maintenance Supervisor,1998,e264815abc6bd6ac2e7fe509fa9c8e7fa0395e2b5d514f4bb09e2e31aeb93a78
Crown Agencies,"$108,662.00",$398.00,Ontario Hydro,Supervising Nuclear Operator,1998,1b630673b6ecef60280bc04f44454ade584d7b7d3bee126fdcf2c59f66d4b7a7
Crown Agencies,"$103,951.00",$406.00,Ontario Hydro,Senior Information Systems Analyst,1998,49c50ea4d824a1c207ecfb8c97e05641757117f7cb1ce0d3a6671fb97cf2a812
Crown Agencies,"$106,528.00",$410.00,Ontario Hydro,Shift Unit Supervisor,1998,0de84ad4b04a117d086094fccd1750b49b72c6029dfd14fb200848f4bc49bc49
Crown Agencies,"$133,693.00","$23,672.00",Ontario Hydro,"General Manager, Distribution Network",1998,b28942b9266211ced8958ee5181afa8f567aea34c98d5c815e817ba5c7b4a1c4
Crown Agencies,"$110,201.00",$436.00,Ontario Hydro,Authorized Nuclear Operator,1998,94dafb484a539935e5c725395e800b063a5b20a89a7bca900dc0acc9cc06371e
Crown Agencies,"$105,679.00",$504.00,Ontario Hydro,Technical Supervisor,1998,f38472f14c201e10abc534552cc0b5eb5df5356d9dce089bc3d08a1eae6be4fa
Crown Agencies,"$100,170.00",$377.00,Ontario Hydro,Regional Maintainer - Lines Uts Level 3,1998,534b3f3565518b030dd69ee08c0266d656ac4f15818d629f916723a2091e9a12
Crown Agencies,"$102,450.00","$15,717.00",Ontario Hydro,"Manager, Env, Safety & Health",1998,1b6d73acd4d4fe96c74760b2518f0dd2f4b1cce7f0fa803b22f8e36a11dc51fc
Crown Agencies,"$123,681.00",$597.00,Ontario Hydro,Shift Superintendent,1998,a41ead60d2f2423e7caede118b8ea03d6e524dbc753f0e0a817a35af33c2c3e7
Crown Agencies,"$112,270.00",$537.00,Ontario Hydro,Technical Superintendent,1998,42788be5ccd5cf8d27836ddcc54fd71344e5d549aaf60e4f7b645478fe378b4b
Crown Agencies,"$103,824.00",$467.00,Ontario Hydro,Trades Supervisor Maintenance,1998,994fdf8efa219831deedaafb5c48f36431e1484db93c07d520cf9a03fc393c8e
Crown Agencies,"$101,135.00","$23,295.00",Ontario Hydro,"Manager, System Planning",1998,ae38c7b2411e761fb793e6dee12a3b2c7c426a6195bca5124a9d5bd684d150e3
Crown Agencies,"$106,787.00",$325.00,Ontario Hydro,Shift Control Technician,1998,377daba2bc9c57bbcba2f1d63f91a7097ade83e4f317aeb666a755606914dcdb
Crown Agencies,"$103,247.00",$504.00,Ontario Hydro,Shift Maintenance Supervisor-Multi-Funct,1998,8035301114ef6756030dea9e49301b1ff2cf82ed7cd1c88e67ff2f8e3b200ff1
Crown Agencies,"$106,827.00",$436.00,Ontario Hydro,Authorized Nuclear Operator,1998,203c062a019abeae85f22027379328c7e5179a6e92196dcaac913c08caaf07c9
Crown Agencies,"$449,912.00",$742.00,Ontario Hydro,"Director, Technical Services & Eng.",1998,b77b86be969aa92fadaa6cbcf613faa590d633a9697056f39e34273a6426c31d
Crown Agencies,"$120,458.00",$562.00,Ontario Hydro,Shift Supervisor,1998,facb0fe114533139e3d6c8d6126d68d799dd3d19a9ab1152d501058280b1590b
Crown Agencies,"$111,718.00","$1,177.00",Ontario Hydro,"General Foreman ""A"" - Lines",1998,897efa4d9788af828af0cfed84f9cff04622e9a04154dee9ceed8125672d47c7
Crown Agencies,"$119,329.00",$571.00,Ontario Hydro,Principal Research Engineer/Scientist,1998,667e101a74a3ce45f96b2c66a084ee576f18144c649559d95b8e07206289a0e3
Crown Agencies,"$150,080.00",$598.00,Ontario Hydro,Technical Superintendent,1998,ff5f7744a9700f583359ab66f5856a33a15e2c5624da05a463cc04cc5e3ab97d
Crown Agencies,"$127,357.00",$500.00,Ontario Hydro,Unit Pair Outage Coordinator,1998,fa8e150d634a964a4ec62680014825d212e015ee7187eb81b592bae76769b42b
Crown Agencies,"$105,808.00",$586.00,Ontario Hydro,Supervising Design Engineer - Electrical,1998,4a83046603e9cb902f7a17bae24ffaae48cbc22465db5c6187f8c65acdf43f8c
Crown Agencies,"$106,983.00","$18,729.00",Ontario Hydro,"Director, Finance",1998,2de378ddaa57285f042ab1550704b1b28bbe510b2062561c557eee52902a2335
Crown Agencies,"$131,250.00",$615.00,Ontario Hydro,Shift Superintendent,1998,b33f3dbdb928de330c0b3ba4baf09cc046e93856e15bcacd4146fe97521ccd02
Crown Agencies,"$104,339.00",$439.00,Ontario Hydro,Regional Line Supervisor,1998,3c99cd929f592ff8436cde51997abf5b637c48f3f2ab4b1ef0d60736b2d8eeb1
Crown Agencies,"$126,819.00",$555.00,Ontario Hydro,Principal Research Engineer/Scientist,1998,0251ddb61a1841cc66418c12ee84dfd0c58ea4751463115fea1bc40f34467a09
Crown Agencies,"$101,632.00",$348.00,Ontario Hydro,Regional Maintainers I - Lines,1998,f688b51ff4b3112fc4a201ee41bd0fa9ac0ee8b306d11dbf91450d020b89d3d1
Crown Agencies,"$222,745.00","$43,934.00",Ontario Hydro,"Manager, U.S. Equities",1998,352110b0c74e924fae6ca9d2a35248b09461d86be3daa1cf075c7713f1365187
Crown Agencies,"$113,756.00",$641.00,Ontario Hydro,"Manager, System Operations",1998,800ef3baaa883ee0d46c49e40e77824abc23c6fc0dea87558d6da7f9bffcb12c
Crown Agencies,"$100,762.00",$302.00,Ontario Hydro,Mechanical Maintainer Journeyperson,1998,891593df287e24c1a90906cf73e653008af932d442a1d88b0a64395d0594c28d
Crown Agencies,"$110,892.00",$551.00,Ontario Hydro,General Foreman - Mechanical,1998,d71802e88954b6c989ba4819789de3d8173f4f810bf1bc20e881edc88a3ead7e
Crown Agencies,"$118,583.00","$1,564.00",Ontario Hydro,Authorized Nuclear Operator,1998,0591553daf320bfe5547b052be724a7defa9fdf55f1be5d9cae5ae4935928bcc
Crown Agencies,"$127,034.00","$12,706.00",Ontario Hydro,"Sr Advisor, Reg Affrs & Nuc Assurance",1998,1e43be3d0a3ca59adc668f636316aac668bd62b37569be2311ff5a440bad456b
Crown Agencies,"$102,195.00",$419.00,Ontario Hydro,Mechanical Maintainer Union Trades Supv,1998,1ea0437acd288fa28c0700e4442ed17b0810ebfc77ed58bcc0598ae4b83279eb
Crown Agencies,"$107,018.00",$779.00,Ontario Hydro,Mechanical Maintainer Journeyperson,1998,dd452ebdea5e4b22546d04cdef4144ee3e76540fdfe8118a547b6cfb7801ec52
Crown Agencies,"$102,468.00","$5,440.00",Ontario Hydro,Outage Manager,1998,c6d6d0726644da2a39e326993b6ebb0f24ce0fd1583c591c233c43af213c57cf
Crown Agencies,"$113,493.00","$5,335.00",Ontario Hydro,"Manager, Corporate Accounting",1998,6649c901d571573f092896754e07d8921f0b7da185a646750c93b62898111249
Crown Agencies,"$113,374.00",$500.00,Ontario Hydro,Customer Operations Manager,1998,d8dd1eedf4923aaf1d4deba11ba4a06a396681f5792602f1037d689c8f621405
Crown Agencies,"$109,360.00",$0.00,Ontario Hydro,Ironworker Foreman Construction,1998,f6611b51a0a844d44445c6a468dcec783f0832a2017d7dc57962e45d247595f1
Crown Agencies,"$116,739.00",$536.00,Ontario Hydro,Shift Operating Supervisor (Authorized),1998,76b9de1fa8f8d12f1b9c36ed4c83d835f841159278cd36954c51bc0419c77f24
Crown Agencies,"$110,283.00",$554.00,Ontario Hydro,General Foreman - Electrical,1998,599d4e79067a46437d563d2f8dc15f035e550b312392a608c14eb20d713e8e96
Crown Agencies,"$106,277.00",$525.00,Ontario Hydro,Shift Operating Supervisor,1998,584222941994237ca955f7634aef18b4c6372a1a8d53509f3e0f6af8214d6e3d
Crown Agencies,"$111,483.00","$15,412.00",Ontario Hydro,"Manager, Work Control",1998,4a7ed5ae72c5e375b086e0241f11d8ab62ceccc68c2e631232af75947c2de1ac
Crown Agencies,"$101,055.00",$497.00,Ontario Hydro,Maintenance Superintendent,1998,c6591adbf0a2201a386a29db61d2d1d0c79f240b8a57cb95323260301e348385
Crown Agencies,"$103,409.00",$436.00,Ontario Hydro,Authorized Nuclear Operator,1998,4e4909ac661b7f457e28496cd9fffe7d6321a7ebd37f1d907167d87e8c289c50
Crown Agencies,"$103,486.00","$21,333.00",Ontario Hydro,"Mgr, Components & Equipment",1998,d25e5ca8b3a18f4c3aea834286c69b7e372a2548983598b664b9802d47790ab4
Crown Agencies,"$115,733.00","$15,126.00",Ontario Hydro,Asst General Counsel-Employment Law,1998,9aac0429afae5be16d3d0960b18895e18c2f24b013dc98402af83d15ccf19ebc
Crown Agencies,"$104,550.00",$463.00,Ontario Hydro,Vault Supervisor,1998,47c895b7580d510132e84c56e5b615fa4494367f8548625042181ebde6ccaf21
Crown Agencies,"$106,957.00",$378.00,Ontario Hydro,Maintenance Assessor (Nuclear),1998,304d6578d6e49a3b892ad56645636e6acc833d660890de6458891179f3f78700
Crown Agencies,"$104,995.00","$16,303.00",Ontario Hydro,"Manager, Network Contract",1998,b3a345cf84b38f9459a5ec7a380fba560e24ea0303610b3ff5876c07e4d8a3d2
Crown Agencies,"$100,334.00",$526.00,Ontario Hydro,Project Manager,1998,69c2fdf42f5af932153075598dc4d19a481f8c75a5daabd39e97813d31551638
Crown Agencies,"$104,663.00",$565.00,Ontario Hydro,Technical Superintendent,1998,57e4075e377b81467b9c8d003328939c0d956e1d9073df4a8fa74d2485fcfcc3
Crown Agencies,"$115,046.00","$53,141.00",Ontario Hydro,"Director, Operations & Maintenance",1998,36fa508fe0052fe8d66e0c2ac21c41e4f60e6fc53c609fcd498891de96f12190
Crown Agencies,"$124,292.00",$566.00,Ontario Hydro,Site Project Engineer/Officer,1998,e6e3fed6251b8ebac1299589b6ba571ffd8189d8365aa763baa4ed8d68b35017
Crown Agencies,"$146,050.00","$69,249.00",Ontario Hydro,"GM, Supply Chain & Spprt Srvcs",1998,637787fdd2d236e1327c92f9007dcf33e067ce0694216efb2190fa785f4c9d20
Crown Agencies,"$100,292.00","$3,304.00",Ontario Hydro,"Manager, Fleet Management Serv",1998,53af1d07a5b8655aae1ce32a6653ad7ec8cced01ad45721aac019f20ad064210
Crown Agencies,"$161,090.00","$119,833.00",Ontario Hydro,"Gnrl Mgr, Transmission Network",1998,bd2fee2556711d3e04d2f3ff4601ba0f5df146e1e9c5fb71ceac10f19357c349
Crown Agencies,"$120,152.00",$553.00,Ontario Hydro,Authorization Training Supervisor,1998,aade867a4e293095070e88dcbdad022f3cb509cfd6ce1fe111b9fc4c102a164a
Crown Agencies,"$126,557.00",$463.00,Ontario Hydro,Senior Planner - Stakeholder Relations,1998,834c9e3261180b19e25f0c8a4b016281e2b98520bac161fcd3364c19db9365e2
Crown Agencies,"$101,585.00",$505.00,Ontario Hydro,Technical Supervisor,1998,8f3b70ac9c1fb3ac4097d1041d206ecee4e5ae190ea3ef398f9d4d3f67ae81d6
Crown Agencies,"$106,881.00","$1,280.00",Ontario Hydro,Authorized Nuclear Operator,1998,14511fb92a53da5a5a74d17d239b1c2cdc259dc00597263f31099e9eed72b002
Crown Agencies,"$110,740.00","$46,319.00",Ontario Hydro,"Director, I/T Infrastructure",1998,f30e394f3626e667dd2aaf89ab2fa228cae6f73635988477117d99d596d5541a
Crown Agencies,"$114,119.00","$2,582.00",Ontario Hydro,Engineer/Technical Off-Commercial & Res.,1998,4b1e2ae77aeddfefdb83c14948949a1708980e519f91ca1b28db771591e1528d
Crown Agencies,"$109,289.00",$462.00,Ontario Hydro,Senior Technical Engineer/Officer,1998,c42107dd06256cd99169bae2343446da693cc959e4f5d733d71e63d30f50648d
Crown Agencies,"$114,694.00","$33,292.00",Ontario Hydro,"Manager, Human Resources",1998,82cc151ba0ba2bfed8d56575dcad9e7a7788fc3eebc4d558e8724eddee877220
Crown Agencies,"$116,663.00",$446.00,Ontario Hydro,Trades Supervisor Maintenance,1998,126f90f7b01d2824d54205e47ce395495c96ce477a4dd3a2a12e10eaa004f85c
Crown Agencies,"$111,698.00",$354.00,Ontario Hydro,Shift Mechanical Maintainer I,1998,81e0fc68880dd4548b0d4b0556a67ec0041297f0519ab9ee770d245b1c445d6d
Crown Agencies,"$110,622.00","$19,541.00",Ontario Hydro,"Mgr, Configuration Management",1998,65d32e400763d6a66d847d6f95eac277cd863a7c1c5299cbba26402234f86869
Crown Agencies,"$109,923.00",$436.00,Ontario Hydro,Authorized Nuclear Operator,1998,910ae69c1ba7903cd326338e4ab876cfd20227c70f8d3c5ded49f42fe23ed283
Crown Agencies,"$120,610.00","$36,742.00",Ontario Hydro,"Plant Manager, Nanticoke GS",1998,89a94777e06b82fd33aa402e722830f3e83eb692a9ebf591bc836a53e2297b4d
Crown Agencies,"$109,019.00",$482.00,Ontario Hydro,Authorized Nuclear Operator,1998,95b612b52f3307ee1180d5d2414713901e5b7251b26e7eed3e9386269a48ce1c
Crown Agencies,"$119,132.00",$384.00,Ontario Hydro,Retail Customer Supervisor,1998,95b612b52f3307ee1180d5d2414713901e5b7251b26e7eed3e9386269a48ce1c
Crown Agencies,"$120,137.00",$348.00,Ontario Hydro,Regional Maintainers I - Lines,1998,1db844fd4079fbbe3394b76af4e7cc0795e0e5b5483918a39d579314dcaa5ce4
Crown Agencies,"$109,550.00",$512.00,Ontario Hydro,Shift Maintenance Supervisor,1998,a23827e45452b502c753510bed9999a336f3ec314de46910a9d7a83bb0f2670f
Crown Agencies,"$103,297.00",$469.00,Ontario Hydro,Production Supervisor - Shift,1998,cbf57490a295fab249c0ba1da1ca22df1f01f36eedaffaf90e62989d32c77189
Crown Agencies,"$114,844.00",$436.00,Ontario Hydro,Authorized Nuclear Operator,1998,346853d6c29d47f46a8967617c6c214f05bf16ee179f91a6a090f15b514858dd
Crown Agencies,"$104,052.00",$557.00,Ontario Hydro,Principal Research Engineer/Scientist,1998,8cbe3dfa10281496dbefce5828ffdebabd28259384b63dd1a193336e6a492a56
Crown Agencies,"$117,421.00",$610.00,Ontario Hydro,Shift Superintendent,1998,66c240690b2139f21c5fc415d020473a3c679714ba3a0c4d7cbbb8043cce9fef
Crown Agencies,"$121,125.00","$11,871.00",Ontario Hydro,"Director, Nuclear Engineering",1998,0bfb00959934e30a9fb9b3a5558f42cbdd0a9df90db0001a2fcaa6a50881d5a3
Crown Agencies,"$107,888.00",$500.00,Ontario Hydro,Customer Operations Manager,1998,c147e87eabf4d5bc5582c420a2f0f39377a5892bbccc000b249313bbe567f287
Crown Agencies,"$108,826.00","$4,082.00",Ontario Hydro,Supervising Nuclear Operator,1998,d481110af4f8cec82eb15bab59408a22e716e593e75a9d3e606f8bcd431fa046
Crown Agencies,"$113,993.00",$469.00,Ontario Hydro,Senior Information Systems Analyst,1998,d04717e61ae1b0b99ff56ff05a81a5f5d6d717ca3b9076745ed266a5d073d22b
Crown Agencies,"$103,619.00",$436.00,Ontario Hydro,Authorized Nuclear Operator,1998,e6d9cb828f88d2582195afe7669043ae465aacf607374181692f8bedb7a4c0e5
Crown Agencies,"$100,104.00",$933.00,Ontario Hydro,Mechanical Maintainer Journeyperson,1998,27cf658bbc0d622d4f077b7c12bf66e68242a964c4409d30dd877d7187474d7c
Crown Agencies,"$109,343.00",$411.00,Ontario Hydro,Senior Business Analyst,1998,11e264c012b21f0cd4914f009df34736065f55bbfbc8d55dca9ac57972d7635f
Crown Agencies,"$114,750.00",$458.00,Ontario Hydro,Technical Supervisor,1998,e3db5412e724165a25d92913a8807c95ede3daa1aa0a6230350ac28a0ccd9506
Crown Agencies,"$101,091.00",$436.00,Ontario Hydro,Authorized Nuclear Operator,1998,ad181245a2c8a57b3377941b9917dc7aba7024cc22dc6d40e71251d1e83fa0dd
Crown Agencies,"$101,002.00",$784.00,Ontario Hydro,Territory Mgr Inspection,1998,131a169c111a64b5d9f0a1f1bcd2700e8d18e75ea0acdb09df9b8d50d940edf7
Crown Agencies,"$122,068.00",$594.00,Ontario Hydro,Single Unit Shift Supervisor,1998,c59d6490644ef3d2209537b1d8e3854f656975b9796515873ee630fb5cf7ac68
Crown Agencies,"$128,464.00",$610.00,Ontario Hydro,Shift Superintendent,1998,d862b37ba0766b7c500dc972316658a9d59e60e31cd7d8a3da9bbbc543105940
Crown Agencies,"$111,177.00",$368.00,Ontario Hydro,Authorized Nuclear Operator,1998,8fb14b7091dfd7b1506de91aabf23386bb87d8745ed2a024e929c07bc9b4b042
Crown Agencies,"$102,214.00",$537.00,Ontario Hydro,Shift Operating Supervisor (Authorized),1998,8fb14b7091dfd7b1506de91aabf23386bb87d8745ed2a024e929c07bc9b4b042
Crown Agencies,"$105,147.00",$377.00,Ontario Hydro,Regional Maintainer - Lines Uts Level 3,1998,744a75e3ba37812a24f025f0751cce81afc2e10a493f89481db886cc0db2c3e9
Crown Agencies,"$101,080.00","$8,804.00",Ontario Hydro,"Director, Prfmnc Msrmnt Strtgy",1998,f0126063ea6b995f0801a5ec2be46d652027c88b4b6329862bc24f53e9ed6faa
Crown Agencies,"$114,039.00","$13,122.00",Ontario Hydro,"Director, Materials Management",1998,36f0a342b449c97ba406c4b0829c2d3179725998cc5e92ca17e0218df4686f18
Crown Agencies,"$104,866.00",$811.00,Ontario Hydro,Customer Operations Manager,1998,fae6b2601d1464710da00db738a1c0aac89f8fe546765510580359a5e96c7493
Crown Agencies,"$106,813.00",$892.00,Ontario Hydro,General Foreman - Piping,1998,8cdfb5cd26ac8cc10c537579aaa791cd8b1b8b1ef1fb876250b34e422c9ae2a0
Crown Agencies,"$116,487.00",$525.00,Ontario Hydro,Projects & Modifications,1998,61c6df82c42aad26509c19185ba9bae563e43ee5ea917fb09885a9cfd57dbdcb
Crown Agencies,"$102,478.00",$436.00,Ontario Hydro,Authorized Nuclear Operator,1998,be6f19753ff954be24a3c9db4892c159e64d4b23f7dc6b5b91695460f714a62f
Crown Agencies,"$151,702.00","$84,182.00",Ontario Hydro,"GM, Mtce Construction & Operations",1998,e35c864bee749b56b60b50be1bcf5ef5d82220e81b8645afe5a65c2f7d2684a5
Crown Agencies,"$100,477.00",$342.00,Ontario Hydro,Protection and Control Supervisor,1998,e245c7b033ef41bba1553e303121cf15f17ec38a703b7847578b704e50e0a69e
Crown Agencies,"$183,121.00","$21,167.00",Ontario Hydro,"Manager, Reactor Engineering & Service",1998,921e8f2dec39d46f1151402ff7e097df90f989641ae85bf39e97cb27ac36add4
Crown Agencies,"$108,071.00","$1,334.00",Ontario Hydro,Territory Mgr Inspection,1998,eb8a756b3f7232f2fec1b02aa304004b71d53590fab51bb2fe90ba2614cc2ba1
Crown Agencies,"$129,085.00","$7,644.00",Ontario Hydro,"Vice-President, Technical Supp",1998,2cb1c8540a41934a01b452626809886a6495c2f6f7800ac1514d2101dc9a4e50
Crown Agencies,"$102,806.00",$590.00,Ontario Hydro,Technical Supervisor,1998,f604b52d62d4f6e2e3cb17ec6ca2cd4b4464517c1bfcba301066278b126cedad
Crown Agencies,"$106,202.00",$431.00,Ontario Hydro,Regional Line Supervisor,1998,c127f370667553a58b317736c88542f07c686b695554d97932f1f591df76d530
Crown Agencies,"$101,879.00","$4,868.00",Ontario Hydro,Authorized Nuclear Operator,1998,82da324f6c8c77cbd0e319f5c553dc1a1882b15b5e48ecfafb1ac10b71cf28f3
Crown Agencies,"$110,926.00",$406.00,Ontario Hydro,Vault Supervisor,1998,af678e1b8b18cc584601f39851c24b6718a56197e6b8e4ab6607d0dad79a0ec3
Crown Agencies,"$113,335.00",$573.00,Ontario Hydro,Authorized Nuclear Operator,1998,3dfa1b0dc9e24fef1115ef39ee44fa19d6e842dab743dea274e4f0599fdb7bd0
Crown Agencies,"$110,886.00",$398.00,Ontario Hydro,Supervising Nuclear Operator,1998,823485afe81d719cd65d66363793ad562218ac35facda0e49c355e3d18ed98e6
Crown Agencies,"$104,540.00",$431.00,Ontario Hydro,Regional Line Supervisor,1998,213e7c98cc865ccef7f93417fd84e801f86b4a4bc6cbaaadfa7fcae7230b2d95
Crown Agencies,"$104,829.00",$377.00,Ontario Hydro,Regional Maintainer - Lines Uts Level 3,1998,4878b41d81195d1430b96714aa2e9ba07cd56245637270ffbdf4819df66b8197
Crown Agencies,"$108,129.00",$482.00,Ontario Hydro,Maintenance Superintendent,1998,bc2ee1c4e633f48c9a2cd30c36933b44aa75117afd8bacde1c87eaaca1d8dab5
Crown Agencies,"$104,499.00","$36,473.00",Ontario Hydro,"Director, Settlements",1998,af5defb9bf88e2dc9d4a02d209c3c52be6d24d9c380aaab873703163a3e48bf7
Crown Agencies,"$121,971.00",$521.00,Ontario Hydro,Shift Maintenance Supervisor,1998,49bdf00fa2ed77b62cd4145d93783df3d6716fd32e0b476b811e22b25cf9dba1
Crown Agencies,"$100,979.00",$358.00,Ontario Hydro,Mechanical Maintainer Journeyperson,1998,00a5ed2fa1295b7b11d8586e0580a0094c56b9b8ce5e2daffc37407b832c8f40
Crown Agencies,"$127,877.00",$596.00,Ontario Hydro,Maintenance Superintendent,1998,fe099066271f2184a925257b30269f7721752fa31b570b84a10542c189de06fe
Crown Agencies,"$104,138.00",$436.00,Ontario Hydro,Authorized Nuclear Operator,1998,5f7dac5fc71da9377c3fafb3aef188543a91f4bfb55ea17ed25299954e121527
Crown Agencies,"$115,317.00","$76,187.00",Ontario Hydro,"Director, Station Engineering",1998,3532116d5f15adef802a2fef9da1319dcf2665485f58b6107a1f53956d7b8984
Crown Agencies,"$209,831.00","$54,350.00",Ontario Hydro,"Exec VP, Transmission & Dist",1998,d164a2d3416bcd65214c819201a54bd4eab1a286508762d1bf2b8685bc3acb7a
Crown Agencies,"$123,689.00","$1,209.00",Ontario Hydro,Authorized Nuclear Operator,1998,7ba6bb26da2255fa0632a64c3e01da4a751b8793ee56895ff9ef63a18bbdce12
Crown Agencies,"$102,893.00",$412.00,Ontario Hydro,Safety Specialist,1998,58ae08b82dd2cd5b5d88374a6e8dbea29d369af83530c5e699827e807caf639c
Crown Agencies,"$198,863.00",$271.00,Ontario Hydro,Admin Nuclear Executive Services,1998,854cce81e17f3423812466edd86868339fa0fff76dc161db35686ab32a0ce2ed
Crown Agencies,"$107,396.00",$501.00,Ontario Hydro,Technical Superintendent,1998,8f6f4c68f9d11cee4e5fc6585a80c3cf020d762ac7014f241a3f0a9923361650
Crown Agencies,"$100,720.00",$563.00,Ontario Hydro,Planning Technician,1998,3fb2624349bb31d7a045693e11dfea05e81f1364d5fc8790942275ba9fc4c06a
Crown Agencies,"$105,271.00","$38,553.00",Ontario Hydro,"Mgr, Labour Relations Nuclear",1998,ffffc1d6151dd4d844c722bf80780a96186a8dba12c65a21f3e28f0da067fac7
Crown Agencies,"$308,612.00","$65,074.00",Ontario Hydro,"Director, Internal Investments",1998,fca7bb61511bb1b7e19edbb4029292f2faed2f50b70f456424acd5402639a075
Crown Agencies,"$100,670.00",$897.00,Ontario Hydro,Planning Supervisor,1998,253e119ca044419b50f90687161e3bb8c91f8bfaccb20ca4d77826a1935c6ad1
Crown Agencies,"$101,054.00",$580.00,Ontario Hydro,Supervising Design Engineer,1998,40982c5a2ceb45dd0e9bc016e54fe1e5baa716f56a1b2f493a81dbce29272c55
Crown Agencies,"$100,745.00",$447.00,Ontario Hydro,Senior Technical Engineer/Officer,1998,d8d130efbfc77bf152b08c279952a1210ad853ee1367caa63b313a2b1fe4a659
Crown Agencies,"$102,368.00",$377.00,Ontario Hydro,Regional Maintainer - Lines Uts Level 3,1998,f3d08e135a4c07fd9b9c4703cc86ab1f854c7c22cc9d3ba240ff7ade575dded6
Crown Agencies,"$178,608.00","$26,592.00",Ontario Hydro,"Site Vice-President, Pickering",1998,9b3703c3526479693e161d2a8e0427bb463cf58175fad6aabfd92b775eca7320
Crown Agencies,"$165,510.00","$56,127.00",Ontario Hydro,"Vice-President, Labour Relations",1998,7a25d311f37975e19a8efe3f923e912fe38fa30c2ac0642318c485d415d457d2
Crown Agencies,"$100,256.00",$491.00,Ontario Hydro,Senior Technical Analyst,1998,c0dc3397e7dd254021092447a4871c8b1c17cda26cbe93448ea65072e73499d6
Crown Agencies,"$103,217.00",$430.00,Ontario Hydro,River Control Supervisor,1998,8d3962c9d9fb07adb754bc4353ebca929bdde63de4496dd5d8f55968d4ec12ca
Crown Agencies,"$101,557.00",$598.00,Ontario Hydro,Shift Superintendent,1998,5f3c6630583e0f2b8338f6c0f8c9282f90e3a42c2d1912ee9c49279d09100a0e
Crown Agencies,"$103,497.00",$478.00,Ontario Hydro,Senior Protection and Control,1998,3fa88a207941eb73016d89a4fc1adeae58506fa0f647bf70fb276b262ac55f52
Crown Agencies,"$104,041.00","$23,460.00",Ontario Hydro,"Mgr, Info Systems/Info Technology",1998,d24c7fe954c048e3c4580f191e3b232e1416ba295b3853524af5d33441602f0d
Crown Agencies,"$119,992.00","$7,672.00",Ontario Hydro,Treasurer,1998,18a61c401e6f08a8b8aa568418c3e1cbe69eca2bfbf85006423b277c74017ef6
Crown Agencies,"$111,229.00",$488.00,Ontario Hydro,Customer Operations Manager,1998,bd0934998bfd7d668eb1a80350387342e60afb057dbbda7cb492f03ae7956384
Crown Agencies,"$173,673.00","$39,030.00",Ontario Hydro,"Gnrl Mgr, Dstrbtn Network Assets",1998,63a933ec30b22c29122388f3107bb586658e94e9a40102db2e5e01759798391b
Crown Agencies,"$112,077.00",$436.00,Ontario Hydro,Authorized Nuclear Operator,1998,fe4769e8d52d7369fbd79870deb0b251278987212767c69c8ef6a88550760c74
Crown Agencies,"$102,701.00",$717.00,Ontario Hydro,Regional Maintainer - Electrical Uts,1998,1d607ae4b36349cee29591fedb29f067fefed59d3f05d680144e42938fd4025c
Crown Agencies,"$100,618.00",$549.00,Ontario Hydro,Technical Superintendent,1998,7643c4d0f8dd8d0d12cebd44c9b58a3c96ddd66fb23004913ce77a7932b0eaee
Crown Agencies,"$100,048.00",$348.00,Ontario Hydro,Regional Maintainers I - Lines,1998,a1c525e8863fa260c4f51814af384f6da28612f2cad5979011296adf7b10939d
Crown Agencies,"$109,903.00",$432.00,Ontario Hydro,Shift Trades Mgmt Supvr - Mech,1998,6903d573577e901eda2948fac1986eb858ee6c8cb9ebab4c6ec669635aeaae6a
Crown Agencies,"$102,439.00",$419.00,Ontario Hydro,Mechanical Maintainer Union Trades Supv,1998,f78ecd98787bb843c47acde62d89c1d82065acabc4a8e4f3b4bc472fd0390980
Crown Agencies,"$109,023.00","$15,446.00",Ontario Hydro,"Manager, Design Projects",1998,ca2495d59b6d68a18e6682ea405a8359cd05c55a78d2ee7512bfc6be56808cf8
Crown Agencies,"$103,987.00",$563.00,Ontario Hydro,Mechanical Maintainer Journeyperson,1998,07f836a47917bcf6988d5a4566e48856e98ab32eeb38d067142b25ab1a166d36
Crown Agencies,"$108,080.00",$598.00,Ontario Hydro,Shift Superintendent,1998,441bd9c3d4e293a1d03ed4a6b6fe5590ab175402af5ecbeb36e3931c906436cd
Crown Agencies,"$102,986.00",$439.00,Ontario Hydro,Regional Line Supervisor,1998,5e6844e1ca7f14b306330b792e61bf4dc253262b46ccf8ef34efec6084fc95ae
Crown Agencies,"$100,931.00",$380.00,Ontario Hydro,Maintenance Assessor (Nuclear),1998,1a458988c53615312f0cdfe6d838865723cceff7f45f4ad767b7a57a61e0c361
Crown Agencies,"$160,061.00",$440.00,Ontario Hydro,"Site Vice-President, Pickering",1998,2abfcd694f1d7f4e32b36375d3a778dfdc832746ffd0c7ef6fac5779b2b679c2
Crown Agencies,"$128,573.00",$614.00,Ontario Hydro,Technical Superintendent,1998,a82066ddfbe7b90f33ddbd2a196b172215c75aa903d2b778557c918aea0aedc5
Crown Agencies,"$101,564.00","$10,064.00",Ontario Hydro,"Plant Manager, Ottawa-St. Lawrence",1998,a8690aae7368edde17468ce492f76b3d434abfa3e8f84633256b190f7a27f1e9
Crown Agencies,"$105,009.00",$538.00,Ontario Hydro,Regional Maintainer - Mech Uts Lvl 3,1998,a88a2173ca83c49a2f2cbdfa1b424f837bea66af121231e9bbc57bc81bcca2d2
Crown Agencies,"$101,763.00","$2,184.00",Ontario Hydro,"Manager, Communication Services",1998,c6598c42cd8f3621749e3b0a02b5cc9218873f82f57f34a137ecb3e360ecf290
Crown Agencies,"$125,266.00","$16,853.00",Ontario Hydro,"Vice President, Fossil",1998,8eb0604f5329d95e0463e4cd2a7e99e221bc2d563d0dfd53fe2d682dab280e03
Crown Agencies,"$112,899.00",$734.00,Ontario Hydro,Regional Line Supervisor,1998,39c0172de2cf9674630416a1eb3b952d7a81e6909f6ab57ab4c22029da7abe57
Crown Agencies,"$106,677.00",$655.00,Ontario Hydro,Mechanical Maintainer Journeyperson,1998,62bde2816030f4ee4a00b24ff80985ab230ffd9244ed245e25c2f95649ac6db5
Crown Agencies,"$108,107.00",$504.00,Ontario Hydro,Shift Operating Supervisor,1998,44c0d7a9f8f6bbb9609fcb8f6cae3e3ea434ae76e9da94ff090290f2f0bdda9e
Crown Agencies,"$119,597.00",$503.00,Ontario Hydro,"SM, Fuel Handling Mntce",1998,1e55215db8123e2c1da4de45ab80d1ca4f8a69877e78ed04e2762f8f864a8a6b
Crown Agencies,"$105,901.00","$4,083.00",Ontario Hydro,Field Clerk,1998,d7f016ea12dfaf2ad4fa9a83fea9b93fc210e08249ad69924415578c3e784702
Crown Agencies,"$275,600.00","$51,183.00",Ontario Hydro,"Sr Vice-President, Network Asset Mgmt",1998,dca5e04b6bb62a4f253bb7ff3e87728fc559dde3eac46234dba7b1bbf340eda6
Crown Agencies,"$100,112.00",$463.00,Ontario Hydro,Vault Supervisor,1998,46463b786cddf1d9316828f9d6e8d828dcd6e193c7ec9eaf0244b4dd51a66922
Crown Agencies,"$101,745.00",$574.00,Ontario Hydro,Supervising Design Engineer - Structural,1998,83155b40020a12d06ed1ea2bd9a1f054432f0c5c98b4dccd996c9c06ec7bb415
Crown Agencies,"$101,258.00",$358.00,Ontario Hydro,Mechanical Maintainer Journeyperson,1998,a33c0249bb4ff19dd5bcbffa5b75709481f52026028f049db134807a04d4986f
Crown Agencies,"$106,702.00","$1,172.00",Ontario Hydro,Mechanical Maintainer Union Trades Supv,1998,9b9e1af1d0b5906f25468c8432dc0b11d586a88ffdb9ca6bbd9e6bfca3d29c3c
Crown Agencies,"$100,684.00",$437.00,Ontario Hydro,Regional Line Supervisor,1998,808f2ded98d81de7986fd616a84602a9e7a4bec181bdf983831f2431c5a31e01
Crown Agencies,"$102,518.00",$392.00,Ontario Hydro,Senior Planning Technician,1998,11e8a343ad5dc3f861865e949e51e342245c3ec1fc2450196aa96f6389591b2b
Crown Agencies,"$100,728.00",$468.00,Ontario Hydro,Shift Operating Supervisor,1998,0fd071d8c7bb6098a46c2abac86e0abeb2730cef45e03964b1873332ee90d3a5
Crown Agencies,"$105,267.00",$371.00,Ontario Hydro,Design Draftsperson - Mechanical,1998,573ae9f7ac4d3032cf802b98dcc27d4ef83b2a5e3bc6f4bb07609f9ad73a6fc9
Crown Agencies,"$113,796.00",$557.00,Ontario Hydro,Transaction Coordinator,1998,e978dfd65eb4bc214f999bfb7011a132e6b7a65246f34a953b10735d357cdf37
Crown Agencies,"$110,099.00",$583.00,Ontario Hydro,Shift Supervisor,1998,900429457ffaaff91315c3e8461b655ccb17161ee693c3984e0fe3e7b5805efe
Crown Agencies,"$122,565.00",$436.00,Ontario Hydro,Authorized Nuclear Operator,1998,0a6d280067cbe68307b2e167de96badce3783bf113b134010430dae6011cd5a6
Crown Agencies,"$122,242.00",$577.00,Ontario Hydro,Technical Supervisor,1998,07dac1c8bfd51d95370242d5c806816f4bcf0b6ba2c7909bb58cef0782ecc5d4
Crown Agencies,"$106,868.00",$396.00,Ontario Hydro,Supervisor - Supply Services,1998,45251a3703e211b671cba11b4e37b08bd65b790c79f17f19427c6bb6da112d8b
Crown Agencies,"$116,218.00",$419.00,Ontario Hydro,Mechanical Maintainer Union Trades Supv,1998,1ef58015736551979e4ce300b9de0ec49e43273b13f57849b7534e18ddd00c5d
Crown Agencies,"$103,754.00",$586.00,Ontario Hydro,Mechanical Maintainer Journeyperson,1998,bfc82fab7cbe97571208a1c9a80722cda64656cfcac062143e20d99d73f1aa0c
Crown Agencies,"$110,669.00",$436.00,Ontario Hydro,Authorized Nuclear Operator,1998,b574a5f24d17d0fba2d45a2bc7f6689b973000851ff9bca7ed42982fd2f5290f
Crown Agencies,"$121,375.00",$813.00,Ontario Hydro,Maintenance Coordinator,1998,ce5f3c1b9d09bff1df76557a7cd11f16d42d59e83854519a95a818ddd0344f25
Crown Agencies,"$101,558.00",$854.00,Ontario Hydro,Shift Mechanical Maintainer I,1998,cf4fb1cce42990b634178f2d0acc5c7655c05cfd79016b831276a62e258b03f9
Crown Agencies,"$102,447.00",$419.00,Ontario Hydro,Shift Unit Supervisor,1998,1c2111049131b9fb52af0b4cf1e9676faa443a3ed0dfd618d12bf44d3699a81e
Crown Agencies,"$116,728.00",$469.00,Ontario Hydro,Senior Engineer/Scientist/Tech Officer,1998,d5107472137cc39809bec23e3395d441f19598bbd9a059a4e40251390ba20feb
Crown Agencies,"$126,041.00","$19,626.00",Ontario Hydro,"Vice-President, Nuclear Training",1998,17e5d8f243e7daee9b6ecfa77bfea9a4cc66d3150f0a3619132df94bbe7a4168
Crown Agencies,"$102,726.00","$31,733.00",Ontario Hydro,"Manager, Nuclear Safety",1998,cb9df9d2666ed5f05210d36a91adee7e02c5d0a1785370e5b2bf62257ccab873
Crown Agencies,"$106,053.00",$436.00,Ontario Hydro,Authorized Nuclear Operator,1998,f18f04a759095e2df869b4e7c3cdbe63b8a8a1f84931a22cd5200c7e8d590323
Crown Agencies,"$106,016.00",$634.00,Ontario Hydro,Technical Superintendent,1998,dab176c04b8f92045c9b696687028e3173611902f2451d066eefe565173878c6
Crown Agencies,"$100,786.00","$5,689.00",Ontario Hydro,Business Development Manager,1998,79359b42f7f71ab998f12d28d068cf2861b58f03abf0ed74d0e930eefd600d99
Crown Agencies,"$108,313.00",$414.00,Ontario Hydro,Regional Line Supervisor,1998,db3deee988d620d80245d50b57c63c7f402d9eae349adfe16e909e38c4189b18
Crown Agencies,"$125,231.00",$414.00,Ontario Hydro,Senior Planning Technician,1998,738d08682518b0c29cab0882a832f18aa460aabf5b3a51081cf001358921189e
Crown Agencies,"$101,190.00",$474.00,Ontario Hydro,Senior Research Engineer/Scientist,1998,9f226e51843b937500fbaba64562613e4cdbe63441881d251bce68b66bbee3cb
Crown Agencies,"$113,781.00",$430.00,Ontario Hydro,Planning Supervisor,1998,d40b2552266861298d71f5cca33589103c9d72e53575a7dc1c5cf6fd92e871c3
Crown Agencies,"$103,077.00",$377.00,Ontario Hydro,Regional Maintainer - Mechanical,1998,353e1b182ee37e0591af04a6ddb67dd414b67a59d8e3ff3952acc9779b350a05
Crown Agencies,"$104,405.00",$503.00,Ontario Hydro,Shift Maintenance Supervisor-Multi-Funct,1998,74cd24172ba440a0b10f3b0a63860e3f981efe4c179b47d0f37e265e88e3122a
Crown Agencies,"$102,697.00",$414.00,Ontario Hydro,Senior Planning Technician,1998,ca09e73a049e26dc15ed27e4cfa1654dc0bde5b630dc6df31aadfb6c3901f66e
Crown Agencies,"$114,628.00",$781.00,Ontario Hydro,Senior Shift Control Technician,1998,3487ab7ece4877b5eaec967cca1d5c3db20587780b96961f77c8bd2b7a4a03f2
Crown Agencies,"$100,946.00",$542.00,Ontario Hydro,Technical Superintendent,1998,2a72ab33211e550bef9a8ef0a5b42f63f6f856ef7ccd0fcdfbfbda73195c6f7c
Crown Agencies,"$141,700.00",$531.00,Ontario Hydro,Shift Maintenance Supervisor-Multi-Funct,1998,6257afdaee7f705eaab0911a6b161c98de8f9256551e7644505bcabfa58cba33
Crown Agencies,"$105,224.00","$34,701.00",Ontario Hydro,"Dir, Dist System Planning & Development",1998,aeb532cc5902a9de52bde0f7c0565561b29bc0e3cd02f53e088a7a7d8592c769
Crown Agencies,"$100,625.00","$18,478.00",Ontario Hydro,"Mgr, Station Sustainment Prgms",1998,ac032df08f307b96403c3fb789611a6cb273eb0888e692b84ee904e760744833
Crown Agencies,"$112,224.00",$480.00,Ontario Hydro,Senior Engineer/Scientist/Tech Officer,1998,2f91f609cbd08ffe07672884cce9bfc264199b065aba03af39fc55c900cbe0f2
Crown Agencies,"$110,800.00",$744.00,Ontario Hydro,Authorized Nuclear Operator,1998,70cd72c4aeeb06d45fa16ca228412fc94ff7b569603f77dc34d247d5a28e434f
Crown Agencies,"$106,072.00","$23,333.00",Ontario Hydro,"Senior Advisor, Human Resources Plng",1998,4b182450d28fd6c78a62873658e21a81049aea8c878f916ad2745a08f7a5ef4e
Crown Agencies,"$158,357.00",$459.00,Ontario Hydro,Marketing Supervisor - Customer Service,1998,2b4b626ffddb49461f1d538581ad4f39fd9b87f8240e01d0795b32b89e8697a6
Crown Agencies,"$131,288.00",$553.00,Ontario Hydro,Shift Operating Supervisor (Authorized),1998,0a6025584fb289191a3773b72740c785b1bc6aaba7968a93880235caed168a0d
Crown Agencies,"$103,885.00",$419.00,Ontario Hydro,Mechanical Maintainer Union Trades Supv,1998,817cdb9ca58c8b95de7230ce051cf4bbb547f2b7da091dfd60cf0c7d8b81691b
Crown Agencies,"$107,134.00",$496.00,Ontario Hydro,"SM, Field Engineering",1998,c28e5dde9d67aa7e393350b6acd4945433d372d7db1a818ac3603d061be991ec
Crown Agencies,"$107,951.00",$349.00,Ontario Hydro,Construction Technician - Civil,1998,2367687e76b45d109a31b152bca6c01def6c6ce0e1443357daf985e4341deb23
Crown Agencies,"$101,759.00",$772.00,Ontario Hydro,Mechanical Maintainer Journeyperson,1998,fc5fc0842703c67785136b281a8fdb23193651a9be3a8130c40f2ca2707d9cb0
Crown Agencies,"$103,789.00",$455.00,Ontario Hydro,Senior Information Systems Analyst,1998,3dcb64e442b6b2988f9e3f72a4007ae79c36fee6dfe1c749d863668780af525e
Crown Agencies,"$100,153.00",$677.00,Ontario Hydro,Mechanical Maintainer Journeyperson,1998,5fc78445b9b7f5aa9454878acfaf71b7d3089bc9879537e2eebc21d2dbfd7578
Crown Agencies,"$114,796.00","$31,713.00",Ontario Hydro,"Exec Director, Corp Finance",1998,0514130e500e441c17d902351a7783e1be756a7f1dbde58f8f3e30c0e0e80260
Crown Agencies,"$104,973.00",$469.00,Ontario Hydro,Senior Engineer/Scientist/Tech Officer,1998,db615d8309670c380f19639f5e82fadf08393e32672423fc34376335bf8a214a
Crown Agencies,"$105,157.00",$349.00,Ontario Hydro,Shift Unit Supervisor,1998,6825b1f308d426698673b56fcda15daca469f91691403404ef160c0e9582ce39
Crown Agencies,"$105,051.00",$481.00,Ontario Hydro,Exchng Coord - Schedule/Resources,1998,9b18a84ba24e4b4b0ca9f0e0e590961d8356f79654b668698d2c96d921c7d6b8
Crown Agencies,"$104,831.00","$25,533.00",Ontario Hydro,Human Resources Manager,1998,4e12b901e8b3064ca672821b7ef14f12920e074194130e8830500f0c5fa114f6
Crown Agencies,"$101,957.00",$573.00,Ontario Hydro,"Section Mgr, Piping Stress Analysis",1998,cd32b1d458301edf0560db16194c7e80d265858c17f77719a0a948ed730944a4
Crown Agencies,"$163,835.00",$433.00,Ontario Hydro,Planning Engineer/Officer - Customer Del,1998,c24b05b61db172d66a5e70c82088a5637cb34bbea320232a35c2b608224251d9
Crown Agencies,"$102,899.00",$481.00,Ontario Hydro,Senior Information Systems Analyst,1998,949e09978e202a32b2df065d14e3ecb4b3ecf4e26f8cd668a4ec71cb752be69a
Crown Agencies,"$102,222.00",$369.00,Ontario Hydro,Maintenance Assessor (Nuclear),1998,eaa07ca61de6e2b58e9cb5106f25a8160c1a7978d89bcabb79fd526f3afb504e
Crown Agencies,"$100,467.00",$541.00,Ontario Hydro,Technical Supervisor,1998,42b6e37b2ce460c12d87d63e4ba30ec97947fb1983055233fd5ac1d6a321cbcf
Crown Agencies,"$105,091.00","$1,073.00",Ontario Hydro,Shift Maintenance Supervisor,1998,92c79f19ab017c1a130ec6dc39eff848b53e0b7aef12be6e5e99d7f5db13f24a
Crown Agencies,"$104,158.00",$510.00,Ontario Hydro,Technical Supervisor,1998,30f5b3098f2cf23c93da548874047f4be211ed9c11723387c266eff4e66a70b1
Crown Agencies,"$105,755.00",$377.00,Ontario Hydro,Regional Line Supervisor,1998,691745c7bb1e1138184d185e136efb04fd81f7596da57b2b8ee62fd84eca27ca
Crown Agencies,"$113,573.00",$489.00,Ontario Hydro,Maintenance Superintendent,1998,b22b363e2e5c0e8bed76771bab7da6d730153511525db011c1f2126624b56943
Crown Agencies,"$126,936.00",$480.00,Ontario Hydro,Senior Engineer/Scientist/Tech Officer,1998,b22b363e2e5c0e8bed76771bab7da6d730153511525db011c1f2126624b56943
Crown Agencies,"$117,236.00",$555.00,Ontario Hydro,Shift Operating Supervisor (Authorized),1998,bd51d343ba598a9cf65e389928156feec0426e672ce07edb0b6ff14e961e4fb6
Crown Agencies,"$147,962.00","$66,616.00",Ontario Hydro,"Service Mgr, Info Technology Serv.",1998,dffd6076d159ccc6fd44701299b1f0469aad0395c78aa51c3588572779e54be1
Crown Agencies,"$109,650.00",$436.00,Ontario Hydro,Authorized Nuclear Operator,1998,c16d3963c67adece6821443cb9bd4779418f5da773f68dcf5c015df352e7c1c8
Crown Agencies,"$103,686.00",$530.00,Ontario Hydro,Senior Engineer/Scientist/Tech Officer,1998,b52200eb623f2eb93026215296a664bba782365def008a8afdf29f29dcc34778
Crown Agencies,"$117,613.00",$377.00,Ontario Hydro,Regional Maintainer - Lines Uts Level 3,1998,891f7383c7aff53002ec2c2c0387514ed3bc90607634d55ba0b0f34205dc2bde
Crown Agencies,"$103,142.00",$513.00,Ontario Hydro,Shift Operating Supervisor,1998,f9da1b354cc1a9fb3e4c3be9977cd7ad7eef58739639eb1514f3476828b7d3bd
Crown Agencies,"$103,177.00",$349.00,Ontario Hydro,Estimating Technician,1998,85e664dc74e02875e8073e0df90d47a50a8ef83162b3e6b940b4d8bdc7c1b3c7
Crown Agencies,"$110,455.00",$600.00,Ontario Hydro,Technical Superintendent,1998,20de3587af00bcfa138c1dbf45456ac73cfb9be992b7a313b25ce2533b57030c
Crown Agencies,"$106,673.00",$516.00,Ontario Hydro,Business Process/SAP Specialist,1998,74e6e06057996a1dec9d5fb999fc12b9f68e11a51f2bbc88b920a8ce26ab3220
Crown Agencies,"$104,848.00","$2,015.00",Ontario Hydro,Scheduler - Customer Comm. Centre,1998,a80560f0ecac0f705fc9b036374b01ba8df4ee140c3eaa16e6090503900d3a39
Crown Agencies,"$125,935.00",$481.00,Ontario Hydro,Shift Maintenance Supervisor,1998,b98ae5fed9abb2774b35a0c6d03e0ecc1c669698f10ef1f7223a39cf2d9c2999
Crown Agencies,"$112,993.00",$646.00,Ontario Hydro,Mechanical Maintainer Journeyperson,1998,130fa7a77e3c01f0e466ad32355a4ba4ecabc1937f9c98aa7b3001f004386b00
Crown Agencies,"$124,302.00",$522.00,Ontario Hydro,Shift Maintenance Supervisor-Multi-Funct,1998,1671c10c23aa9afcd61ba027fd3705b2d2f39e50c4b5475bf92b72d9ee749534
Crown Agencies,"$104,534.00",$562.00,Ontario Hydro,Exchng Coord - Schedule/Resource/System,1998,567f52d12ae06cb52ee983e7810dddef9dae30feac3aa1645e4d743d31c88ff3
Crown Agencies,"$117,767.00",$355.00,Ontario Hydro,Construction Technician - Civil,1998,9802a2c812f41df158464b0a2fed43985ca17a6fa653529589b0a8f54a91f0b3
Crown Agencies,"$118,099.00","$4,280.00",Ontario Hydro,"VP, Marketing & Sales",1998,77882b9a75b7aff96b47b36bc968876222dc6ae413a1c8d3756f9003923f6130
Crown Agencies,"$101,626.00",$586.00,Ontario Hydro,Mechanical Maintainer Journeyperson,1998,d0fb9274fccf2e55a73b973607d7e8e7aae12a2aac34e3a865c57128094e420e
Crown Agencies,"$105,408.00",$371.00,Ontario Hydro,Technician,1998,5bef091008c0b50f080d39e73c34024f86101f6a5aa4514a7554218ad136a45a
Crown Agencies,"$111,140.00",$505.00,Ontario Hydro,Shift Maintenance Supervisor,1998,e0c46fab59ea5dc666c2e8d068c2779964bb0ce77b22e882fb6eb1921e386897
Crown Agencies,"$130,661.00",$565.00,Ontario Hydro,Shift Supervisor,1998,fb9c5d71781e8ff9ddf060a981edac27c9725228692123582c0a4f6f51d8d73e
Crown Agencies,"$104,453.00",$502.00,Ontario Hydro,Mechanical Maintainer Journeyperson,1998,c4fc93a8f5f21d79f26b99dbb6854ba3e3acb6c03c8162b02f2abc9ecd6be3ee
Crown Agencies,"$111,970.00",$419.00,Ontario Hydro,Mechanical Maintainer Union Trades Supv,1998,c13a49c448aab8c4aad21189b03b775f4a2d3fcdc71891114cc275229d746054
Crown Agencies,"$113,257.00",$571.00,Ontario Hydro,"SM, Corrective Action",1998,4c62237d712ed8c4cd9d0da1f35c19a385307a4d0b37f49568d915515dcb3317
Crown Agencies,"$113,162.00","$19,194.00",Ontario Hydro,"Mgr, Eastern Territory Srvcs",1998,f2cc1b85e93061149353beef9a54d461ff99a3c842f6d52810c35a948b2d9c50
Crown Agencies,"$101,443.00",$399.00,Ontario Hydro,Assistant Technical Engineer/Officer,1998,d7c2217e2401233b034d78cdfea0331f01178b2d71be48e6325ad65f5dd59430
Crown Agencies,"$123,507.00",$610.00,Ontario Hydro,Technical Superintendent,1998,4b2bc782f39e9cbea105b980f92c75f62c27d165f00f2229c8dd11930c1667df
Crown Agencies,"$104,477.00",$379.00,Ontario Hydro,Mechanical Maintainer Journeyperson,1998,eb087edb610150997b6c57de74b969a9bda30c57f434c45f516b97c03df2df20
Crown Agencies,"$105,317.00",$354.00,Ontario Hydro,Shift Unit Supervisor,1998,eaf7e788814c491c8cb577b68bd1a21f313942f3f8a17aa4f1e2738357d89c8d
Crown Agencies,"$101,613.00","$21,711.00",Ontario Hydro,"Plant Manager, Northwest",1998,9049f8b6f4be0faee97d586a58f2685af4b468db1b7af87b4aa0199ec085d11e
Crown Agencies,"$101,110.00",$710.00,Ontario Hydro,First Line Manager - Operating,1998,7e1e12671405e984ae3002344c75da21fa4cc4db0635e81ba0b2874bc44cacf4
Crown Agencies,"$100,533.00",$524.00,Ontario Hydro,General Foreman - Mechanical,1998,24e9cc175a4285fbd63d9eb7aac3dec68dc751f77dd71900e043e4a8ea6b6c97
Crown Agencies,"$109,081.00",$460.00,Ontario Hydro,Senior Technical Engineer/Officer,1998,e0cfb4e7fb398331d3d9112e173a5aa65fd885ee83f9145ff8f82aed743f0bad
Crown Agencies,"$115,094.00",$349.00,Ontario Hydro,Construction Technician - Civil,1998,0cbd9119d80a214fdaf34d73bbbee7e6c8c9db6558df707e378fb5e145407190
Crown Agencies,"$141,797.00","$24,859.00",Ontario Hydro,"Executive Director, Pension Fund",1998,e7304e2b98c882685a95c8dd2205e0337bae2ec5cf8b51a912968dac621f1a49
Crown Agencies,"$110,268.00",$520.00,Ontario Hydro,Technical Supervisor,1998,e97220b91ac899c1953c6ffcf4cd93bf8496384df412875c39e34b3a1bd932ae
Crown Agencies,"$109,880.00","$43,158.00",Ontario Hydro,"Senior Advisor, NPAG",1998,65526923fd1be1bd906595a63ba2c3af4a2f49240d032e845f1accb166bc5b0a
Crown Agencies,"$120,060.00",$570.00,Ontario Hydro,Planning Superintendent,1998,0b97e21caf5f24b1c396a5c40d241a8d3a218918304d7eb6ac3eecec9ca038ec
Crown Agencies,"$108,141.00",$609.00,Ontario Hydro,Shift Superintendent,1998,4677771531221b0cb0f0da6268fe7a725597882426d077ccdd35974d58458bf3
Crown Agencies,"$102,974.00",$302.00,Ontario Hydro,Mechanical Maintainer Journeyperson,1998,45846fca25f11f3b4e7f037f80e12f30b157549671bd0b3e6bd99a721b4f3ea0
Crown Agencies,"$112,404.00",$436.00,Ontario Hydro,Authorized Nuclear Operator,1998,b7a122b5f890d5c8c1271be9a17df203faa2485c0a9e5165bb5a8db28591dfd5
Crown Agencies,"$118,572.00","$51,918.00",Ontario Hydro,"Director, Business Support",1998,ecdcade34a61722cd33a45cce7c130c49e921e48e4e0e23a9b348a4f5ef479c2
Crown Agencies,"$122,018.00",$620.00,Ontario Hydro,Shift Superintendent,1998,f0d2a3acd3bb457133a9c05db71b186ddc4d3e97216fa7fbdd2190d3ac059a3e
Crown Agencies,"$104,145.00","$19,737.00",Ontario Hydro,"Manager, Strategic Market Planning",1998,432803fa81efae3ee8663d32eed8f26c314b9318b8f8a4fd969088fa3e778c0b
Crown Agencies,"$107,199.00",$419.00,Ontario Hydro,Shift Unit Supervisor,1998,78298a3fdeb4ed3cdff2879ac065cb234ccc005212a21a7d43857c8f2bd9fa4c
Crown Agencies,"$116,505.00","$5,831.00",Ontario Hydro,Plumber/Pipefitter Foreman - Const,1998,442716d0bc9744d4b6eb122c33b7c9a24a22ed995dd10c52cea605c59f4bd9dd
Crown Agencies,"$106,669.00",$528.00,Ontario Hydro,Shift Maintenance Supervisor-Mechanical,1998,f2b6ae80fd1b897037a5fedfed648144cb7387a0d7ea104b5c2ec0cfbfac7af6
Crown Agencies,"$106,034.00",$414.00,Ontario Hydro,Senior Inspection and Maintenance Tech,1998,1113f3f71d4e4f4f8d518a45c975bd51858983ff221d58eafb5e756d44aa7811
Crown Agencies,"$104,661.00","$18,857.00",Ontario Hydro,"Manager, Legal Services Trnsmn Company",1998,0272e1c049580c8f13b431625a0cf6fa1e9fa4ac0c261ccc731f469d56e1a7a7
Crown Agencies,"$104,516.00",$463.00,Ontario Hydro,Shift Maintenance Supervisor-Multi-Funct,1998,9e8fe4e4af71d82a626a25e2df36506b66f66d7e8e54544a5f9c3b8fe50c7071
Crown Agencies,"$116,064.00",$439.00,Ontario Hydro,Regional Maintainer - Electric,1998,44b629a672d70599859477539db99126a19cb13ea87a45d0edff1e93307ef43d
Crown Agencies,"$111,453.00",$539.00,Ontario Hydro,Project Manager,1998,d0885f9afca0057c1648204726bc3b7d1158dbc69d201d6b8fa813947dc5a595
Crown Agencies,"$125,016.00",$553.00,Ontario Hydro,Shift Operating Supervisor (Authorized),1998,ddae396487367f7a39837459c1bd7720dc6f2b9654d72f17b5a9ecb03a888546
Crown Agencies,"$106,689.00",$440.00,Ontario Hydro,Lead Technologist,1998,dcd3ac4a3d908e01868512e2f2fe0504394111cac98e4815b8d1581e3e5546f3
Crown Agencies,"$104,845.00",$436.00,Ontario Hydro,Authorized Nuclear Operator,1998,5a2c7d7e5e2e9baf9350fd8786c6f6d1f1fed9b7570f8505040bb8a3876f042e
Crown Agencies,"$139,401.00",$500.00,Ontario Hydro,Field Engineer,1998,b4ec4a62a063898abe20b1871a3f81a2b5a4b8231f4637f95c011d82f695d30a
Crown Agencies,"$105,160.00","$23,720.00",Ontario Hydro,"Director, Year 2000 Project",1998,f6bf23244ada9c46638af4ea786408510023ac7bd9c06ac3adab84ca49c139f3
Crown Agencies,"$106,618.00","$30,497.00",Ontario Hydro,"Manager, Thermal Hydraulic Analysis",1998,5ed5c318a971cd3033297dbb0a33a34ca2e1fa198a0a08cd0e8c62484d230a16
Crown Agencies,"$104,181.00","$13,913.00",Ontario Hydro,Senior Financial Strategist,1998,fb3d42455f377d67df6e4258617bc1e75f9854abd79c1bb17d75253f8908556a
Crown Agencies,"$121,350.00",$362.00,Ontario Hydro,Information Systems Analyst,1998,8646b148a6b94fb1e34dc2dd5078b83efd0bb6fd426af39ff3d5a51a851c74ba
Crown Agencies,"$100,601.00",$374.00,Ontario Hydro,Shift Control Technician,1998,86730578ba82063ba2aefd6903eb468a2187618008545677f7b3381bd11cae8a
Crown Agencies,"$123,364.00",$615.00,Ontario Hydro,Shift Superintendent,1998,7c4e417e1ac464e604ab477d13ebbc0aeb87ae98343ae52d7698776673d2ac66
Crown Agencies,"$102,190.00",$457.00,Ontario Hydro,Trades Supervisor Maintenance,1998,29c233ddf4ff1b3c6d6324c2ac3a4707b099f6b83a10abed9372e0c0331fb844
Crown Agencies,"$105,535.00","$32,562.00",Ontario Hydro,"Manager, Lines & Stns Proj Mgmt",1998,f1c07eae78139a5ade2578f2bcd4b0219b9053bf13a584ef15767e6b5c391f76
Crown Agencies,"$101,025.00",$361.00,Ontario Hydro,Shift Site Supervisor,1998,238aec070e69fc7c3d1c7d9d7284f18fde256b306504696dd4d5dd20d4c52b84
Crown Agencies,"$102,246.00",$417.00,Ontario Hydro,Information Systems Analyst,1998,bfdd85ecf838b4422ab33844d215319b3afd3ed491356915fd3aec147a78814d
Crown Agencies,"$109,290.00",$488.00,Ontario Hydro,Senior Technical Engineer/Officer,1998,86bf2b3694b5fb75df9cfa2b4283dfac18011ca6e42506b9b8e7ecdcac9267b2
Crown Agencies,"$113,419.00",$419.00,Ontario Hydro,Trades Supervisor Maintenance,1998,3f7070001222c9b6378ac30d2e2d499dd038c50ebc60b722aea34b618d808eaf
Crown Agencies,"$117,535.00",$414.00,Ontario Hydro,Senior Planning Technician,1998,6454ea5661eabd919b6c8c39cf10a9c3ad3b9cf5d607266c0d80c656dc610d84
Crown Agencies,"$106,305.00",$471.00,Ontario Hydro,Shift Maintenance Supervisor-Multi-Funct,1998,3d93b06c15a4cd268baee8b59e8d917494f61f52d7be916744a24093b134ddde
Crown Agencies,"$100,226.00",$392.00,Ontario Hydro,Protection & Control Technologist,1998,344e94afce8be3ec6341ad0dc1327eb79f272bd262a98867f34a89f70373ca5c
Crown Agencies,"$102,783.00",$438.00,Ontario Hydro,Shift Maintenance Supervisor,1998,ce29835a9c2858a9f4c0f6eab92c0ea6038566fd515d63bade6b71997934b311
Crown Agencies,"$112,696.00",$481.00,Ontario Hydro,Senior Information Systems Analyst,1998,029358b102d63deac6129085d9686b82474bbe347893079d07a96e82dbe83c5d
Crown Agencies,"$116,059.00",$523.00,Ontario Hydro,Regional Maintainer - Electric,1998,4f2d5b5b095949eab31575b660a1f897da1343777b0bdf143a2f87fe87e723d1
Crown Agencies,"$102,278.00","$58,894.00",Ontario Hydro,"Mgr, Strategic Plnng & Assmnts",1998,16418bd50249a0f4fa81aa21bf89cf5575f49bb61a6b5f2dc223f07dff232bcd
Crown Agencies,"$109,078.00",$525.00,Ontario Hydro,Technical Specialist,1998,8b124826a7544b45bee67d3d5731f08fd1a2117df7741031cfd1c9ea7c31bd7c
Crown Agencies,"$102,403.00",$516.00,Ontario Hydro,Department Information Systems,1998,202ee29bef4f5202b032fef50898c51f1970df2470ac3c88e8f7d237d2823100
Crown Agencies,"$116,031.00","$50,407.00",Ontario Hydro,"Project Mgr, GENCO Year 2000 P",1998,970e998eb88284b7e6f0a610cbc69fcab3f21e4d39d1884a499df464d15f4ae9
Crown Agencies,"$105,759.00","$2,137.00",Ontario Hydro,"Senior Mgr, Risk Management",1998,981aaba88952d88f27a49542b190aaba254f74b1cf6f74dbeadaa8f81014e009
Crown Agencies,"$113,979.00",$528.00,Ontario Hydro,Shift Maintenance Supervisor-Multi-Funct,1998,40294a2596541bef2af21e8f48813a337ba4f55469c6216778fb83e88a7ef619
Crown Agencies,"$124,147.00","$12,930.00",Ontario Hydro,"Director, Public Affairs",1998,b93fcfc6735ab6884460f65e9bc2b7c0144b0dcecc6dcb64822345397237b29e
Crown Agencies,"$100,239.00","$39,213.00",Ontario Hydro,"Mgr, Pension Administration",1998,053d97f8c3f0fb38c852573ce9acec47f1af830478b0b463dd634c102b2ff4ce
Crown Agencies,"$104,718.00",$480.00,Ontario Hydro,Design Engineer - Specialist,1998,ffd52fb0132db1e036b1e31b123a2b86820688eb2a8638ad0213c5be885d4c0e
Crown Agencies,"$109,950.00","$1,927.00",Ontario Hydro,Shift Supervisor,1998,428e380075e9cca721691df09e1deec8971292b06b406639ce9efd2157492288
Crown Agencies,"$106,041.00",$524.00,Ontario Hydro,General Foreman - Mechanical,1998,686497e80b8c888a6c31846d7b9b7068bdc787a493c88088bf0868b6eec3783a
Crown Agencies,"$131,077.00",$536.00,Ontario Hydro,"Manager, G.R.M.C. Operations Support",1998,471eedbc741edb96485d33d81094822737a9b5e0880ef3cb0e3c295ff34927dd
Crown Agencies,"$125,840.00",$490.00,Ontario Hydro,Team Leader - Information Management,1998,619b0d3a9d74b7bd835984a92482d00f8921bbe3f28863dd6b4bdc4290aa4282
Crown Agencies,"$103,734.00","$10,338.00",Ontario Hydro,Senior Financial Advisor,1998,eb09fcea4b2ee6b95a97d0e76936dbb9440d8d7bfc4d039c8702c576fa450d75
Crown Agencies,"$102,963.00",$580.00,Ontario Hydro,"Section Mgr, Primary Syst D & C",1998,e599385c88b35a8d324a6d7558f1367ac81d06f30f4f1f19828d79e016443a67
Crown Agencies,"$102,760.00",$516.00,Ontario Hydro,Production Supervisor - Technical,1998,dea510ac03f9d2055d43caeef6ce8db3e1c3eb8bf59c5a7225147ff9918aaed8
Crown Agencies,"$122,240.00",$632.00,Ontario Hydro,Shift Superintendent,1998,fa62c6f62f00ed3793b559d2a8af5c7c6052b3a0c7ea95ff65d833efa4727888
Crown Agencies,"$131,993.00",$583.00,Ontario Hydro,Single Unit Shift Supervisor,1998,417ed1305e70c5ce11b41be7237a738e8e71dfb1656e7deb47e20f17d874f44d
Crown Agencies,"$141,811.00",$507.00,Ontario Hydro,Shift Maintenance Supervisor-Multi-Funct,1998,108acffd10d743c37c9a5b688f2fc5a12b6bd1ccdae058bcf1697fd42b4c8352
Crown Agencies,"$108,146.00",$587.00,Ontario Hydro,Maintenance Coordinator,1998,762bd388f54474504b39f1aaac9d608bdf515c68671121f2df0a372b28b09fd6
Crown Agencies,"$115,948.00",$626.00,Ontario Hydro,Shift Superintendent,1998,4e5342d2f74936e0eaf1b6a9a6e6e732d0065da2e6b5d49263c8a345eb1a995e
Crown Agencies,"$119,642.00",$626.00,Ontario Hydro,Shift Superintendent,1998,8b0aa1240169dc60ead551b2e32f43536a1fbd2fa5fbe1cddc772c5cddfcaedf
Crown Agencies,"$102,866.00","$36,510.00",Ontario Hydro,Financial Team Leader,1998,a314f6c8bab27c94aac6c3d120189d4d9de820ffe9dc885c0fb8889e89c72571
Crown Agencies,"$100,678.00",$554.00,Ontario Hydro,Supervising Encon Engineer,1998,5d2b11d871f462cfe7d89269a7d469d8e2d092ff07d3bfd521ed0a52134bc636
Crown Agencies,"$116,238.88",$332.40,Ontario International Trade Corp.,President & Chief Executive Officer,1998,fc25e4d0a025ca382b53f15f365ac7ae021aef0db9b0e600a9e00c546c3d0e41
Crown Agencies,"$106,396.53",$242.04,Ontario Lottery Corporation,"Relationship Mgr., Finance",1998,f986171d94a7689baf32ef07b7a6c1c5fec5e5e7a0ad51167c39fc364c0125c1
Crown Agencies,"$122,431.84","$7,694.29",Ontario Lottery Corporation,VP Finance & Admin.,1998,ada47847ada5c72ea51bfe5c7549949dd89f30ba14d342cd9886a9db150cc06f
Crown Agencies,"$110,814.12",$268.20,Ontario Lottery Corporation,"Director, Human Resources",1998,80c2b5a418d2e5e0bb9b51484a50757c972c35198aea1525c17f66862d0a704f
Crown Agencies,"$120,675.70","$9,506.30",Ontario Lottery Corporation,VP Corporate Services,1998,55d1df36c722c4fb565cd3cdac15868b6f4708f9ee73969d5f683d4fab51e3b4
Crown Agencies,"$103,613.89",$244.42,Ontario Lottery Corporation,"Relationship Manager, IT",1998,c327a145b3bb4b094e60af817efb2aa817de224b503bfe4b781a958d78894cf9
Crown Agencies,"$100,292.80","$8,148.98",Ontario Lottery Corporation,S & D Trans. Team Leader,1998,db80a190aace85e569b4f4c681150470dc906c86f671676d28589e4ea5ce64e6
Crown Agencies,"$133,968.80","$27,379.82",Ontario Lottery Corporation,President,1998,4059ddb0b0ce11817f0eecc23d2c3d6677e7d615be751be9e1b18392ad8a2ff9
Crown Agencies,"$111,983.77",$268.20,Ontario Lottery Corporation,Transition Team Leader,1998,41b84a2bb302f341e3c1426b199c6d8092c17de69fed854a070af8d5f72b18b3
Crown Agencies,"$109,099.34",$268.20,Ontario Lottery Corporation,Benefit Team Leader,1998,0bc1a296bd80104bc68ecaedc449a7bf927f8949eb0a13ea6ec204420cd0b473
Crown Agencies,"$122,431.84","$6,355.75",Ontario Lottery Corporation,VP Info. Systems & Tech.,1998,a4a36f7a5633f29eb48d84ebd938f664832dccc53da020996874b3789732061f
Crown Agencies,"$108,358.10","$8,288.13",Ontario Lottery Corporation,VP Corp. Comm.,1998,89d5822b5ef6597ce0ecdcb27cf6fa29f21609aa49c9e45745e64d629b36e7c9
Crown Agencies,"$119,373.54","$8,036.74",Ontario Lottery Corporation,VP Sales & Business Unit,1998,bbd5a74d488e25580b89c9bd24e2e0937e34d6863889813dad2bee575ef97421
Crown Agencies,"$106,831.23",$308.46,Ontario Mun. Empl. Retirement Bd.,"Portfolio Manager, FX & Short Term Bonds",1998,0ee53abf2df180716d16f34df1705ad4479c2918b25b8ef0a6880bbb9a6bba75
Crown Agencies,"$140,413.90",$400.14,Ontario Mun. Empl. Retirement Bd.,"Senior Portfolio Manager, Core Fund",1998,8e8137db2dde982d8849cd73ea30823908a06898b2b460b849dcffbbc13dca95
Crown Agencies,"$160,609.18","$8,582.84",Ontario Mun. Empl. Retirement Bd.,"Senior Vice President, Pensions",1998,b06c951f3084014117387cdc9983d9dd819358b15874129ed4fabf0be7c6a7a2
Crown Agencies,"$114,073.47",$407.42,Ontario Mun. Empl. Retirement Bd.,"VP, Corporate Planning & Budget",1998,cb74c34582a146b91379a7d88cbd621eca5774fafed9a24175386dda327e5e34
Crown Agencies,"$136,638.19",$391.04,Ontario Mun. Empl. Retirement Bd.,"SR Portfolio Manager, Private Placements",1998,52b0e4c955809d156252bab58754c9267e7f3d12de75718f304f82ddd8ed6800
Crown Agencies,"$130,077.27",$374.65,Ontario Mun. Empl. Retirement Bd.,"SR. Portfolio Manager, Small Cap. Fund",1998,40aa638df7d397c991b210d1231c46546b65aafa0bf3c37bffa3f49c095e2390
Crown Agencies,"$110,961.46",$394.04,Ontario Mun. Empl. Retirement Bd.,"VP, Economic Policy & Strategic Research",1998,f9bfc10be25fb21b000f89b9d372302503bea139fcdb91d603c2051df480c5a1
Crown Agencies,"$182,693.32",$528.90,Ontario Mun. Empl. Retirement Bd.,"Vice President, Private Placements",1998,184469664046024d9ee5a0f079465de3181f05b4c3f64e632455939c5c231a52
Crown Agencies,"$106,273.11",$375.50,Ontario Mun. Empl. Retirement Bd.,"Portfolio Manager, Canadian Active Bonds",1998,906745cfde77cca5444ac389dd6d01131353942d40011a903e9af4b730768e50
Crown Agencies,"$108,446.07",$387.40,Ontario Mun. Empl. Retirement Bd.,"Vice President, Financial Services",1998,b05274e35e808215d75ef045d4984717e3995fe380110694ee0d5dabff989810
Crown Agencies,"$122,996.46",$361.60,Ontario Mun. Empl. Retirement Bd.,"Senior Portfolio Manager, Derivatives",1998,e54d34ea639fdb5c8c3a5ec18fd6c3ae76155de9f3ab034c2a4bef14c093ea85
Crown Agencies,"$113,722.49",$247.36,Ontario Mun. Empl. Retirement Bd.,"SR Portfolio Manager, Private Placements",1998,42081785d6e99447fb8ef128d26d6530011e39bf2c2f764995cb0ce10ab5cfbc
Crown Agencies,"$142,606.91",$411.76,Ontario Mun. Empl. Retirement Bd.,"Vice President, Pension Administration",1998,014e9074e165c50f12f63134a85c6567436d8d7c618f927cefdd13acebf02aee
Crown Agencies,"$173,099.91","$7,055.92",Ontario Mun. Empl. Retirement Bd.,"SR VP, Finance & Administration",1998,2d37c460332b9a1586cd25fecc018ffa44263696b5c2a8921a81016d3c39d973
Crown Agencies,"$151,673.03",$556.56,Ontario Mun. Empl. Retirement Bd.,"SR VP, Portfolio Mngmnt - Office (ORC)",1998,c80b3b973d8ed547f4d689083f1b71b320de9560384a524dd88aee1ce2217c95
Crown Agencies,"$309,566.70","$4,572.34",Ontario Mun. Empl. Retirement Bd.,"Senior Vice President, Investments",1998,1b19612b8d557af1ecdf76b7b694c29d1b1796deb5f85c22c3b68ba918414db8
Crown Agencies,"$115,192.28",$358.36,Ontario Mun. Empl. Retirement Bd.,"Vice President, Fixed Income",1998,76cff05bcaa45c819317112c76e8a90a28d938a376d0bcc868f5d4c6cc4a6cd6
Crown Agencies,"$193,501.00",$377.74,Ontario Mun. Empl. Retirement Bd.,"Senior Vice President, Finance (ORC)",1998,4c7b8327c2f62bf40ae01b628f68256e71eba205873a4e320e164884e05b0eee
Crown Agencies,"$122,124.15",$351.43,Ontario Mun. Empl. Retirement Bd.,"Portfolio Manager, Foreign Bonds",1998,6d91755a366844cf7ed8581571887879ac40c9e41ba34626c406a3ce8c96b7f0
Crown Agencies,"$305,942.55",$929.04,Ontario Mun. Empl. Retirement Bd.,Managing Director (ORC),1998,4738e56ea27911b6db37a1957bad1ed3504297def49289f50e601c896948bc05
Crown Agencies,"$178,485.12",$538.14,Ontario Mun. Empl. Retirement Bd.,"Vice President, Public Market Equities",1998,a4d2de43c9428fde595ca9833d859194f8047f2a781ab1b186d168cd9f6b82b5
Crown Agencies,"$102,894.23",$376.97,Ontario Mun. Empl. Retirement Bd.,"VP, Pension Policy & Communications",1998,3533340faffd74026213faab592fac0f71aee57d7ef745140f3ad456125d1115
Crown Agencies,"$111,599.50",$395.52,Ontario Mun. Empl. Retirement Bd.,"Director, Pension Finance Policy",1998,fc1f5ea69d00377a25dbc0e2ac8610ccea340d079779c72652937dfa12efebab
Crown Agencies,"$236,671.94",$611.11,Ontario Mun. Empl. Retirement Bd.,"SR VP, Portfolio Mgmt.-Retail (ORC)",1998,8c776f0aea9226814284e578ded61758dced22ed90b30397ba83b5b34ded16b4
Crown Agencies,"$106,834.84",$340.94,Ontario Mun. Empl. Retirement Bd.,"Manager, Application Services",1998,94006c0c6b16a79aa455252295fc0b159becf38a87ccc604a762cdbbfcd75393
Crown Agencies,"$122,783.07",$364.54,Ontario Mun. Empl. Retirement Bd.,"Portfolio Manager, Equity Trading",1998,4170a095b4548ad40b61367fd286a2d15b935c94f221e0cf5b5cc128b34ea504
Crown Agencies,"$139,482.86","$7,480.51",Ontario Mun. Empl. Retirement Bd.,"Senior Vice President, Corporate Affairs",1998,ec2ebb541da57d6db319297d14b1f3a3dcf830efb54bb59e697a22604e517dc3
Crown Agencies,"$353,785.40","$20,862.34",Ontario Mun. Empl. Retirement Bd.,President & CEO,1998,d380f2156f4d2b5bfec83a61aad5b9ddb60bb12d75bb5c34f3ce53bea12b30f5
Crown Agencies,"$154,933.73",$524.28,Ontario Mun. Empl. Retirement Bd.,"Vice President, Real Estate",1998,dff2be1d42464455b0160d65b6da28ab39c77c8849c8c70aca003486969c4455
Crown Agencies,"$157,131.10",$489.24,Ontario Mun. Empl. Retirement Bd.,"Vice President, Information Services",1998,2cdf79b4335129c1808fb8fb7f3bc5850b78705a338c54b1859cae84ff8961d3
Crown Agencies,"$114,460.00","$28,615.00",Ontario Municipal Board,Board Counsel,1998,6adba13855a6badf2238afc3f4277284170b1e8497a1551de1587a7394109e70
Crown Agencies,"$114,932.56",$272.40,Ontario Municipal Board,Chair,1998,4b15b650eaacfbcbea6adc0ff3a6ddb202bf78e05e7d1ea05abb4bd3180d7faf
Crown Agencies,"$113,672.00","$1,170.61",Ontario Northland Transport. Comm.,Vice President Finance & Administration,1998,e8eb290435c4e691788ad3ef0b0c3f307d80e28542f716f6c0506a306d7ed84c
Crown Agencies,"$113,672.00","$1,170.61",Ontario Northland Transport. Comm.,Vice President O.N. Tel,1998,ce49f240307e3c58f7c48a8b1934f73b47d0b2ea76b634bc0378a8c4b8d2ac90
Crown Agencies,"$115,844.00","$1,149.01",Ontario Northland Transport. Comm.,Vice President Transportation Services,1998,fc2e42dbec6b4ebdee168e916ab3da13d696c089cb0e14ed05dcbc20a4138405
Crown Agencies,"$145,475.00","$8,801.03",Ontario Northland Transport. Comm.,President & CEO,1998,cb6ca996ae0cf2f09f9d178c1d2a97482acc076f029bab7d9bef4c5750589ea6
Crown Agencies,"$137,903.75",$352.48,Ontario Pension Board,Gen. Counsel,1998,620f7559309e0f91b828e1a3fddfc056072ec5de0b19415a85da53a9a11ac347
Crown Agencies,"$127,920.38",$326.08,Ontario Pension Board,Sr. Vice Pres.,1998,f584eac25601a7281ceb41fcaec2fcede564599bc5c0a94701a771c31d6bbe8c
Crown Agencies,"$146,254.06",$364.68,Ontario Pension Board,President,1998,3c6e80407a466a56e39af7528bde88a8f48680342360c0920e815faf694391a2
Crown Agencies,"$124,203.56",$0.00,Ontario Pension Board,Chairman,1998,7014de71868336be92b82b094170a0aa2d7dc54b470ea7aebd134929a8e27760
Crown Agencies,"$116,238.88",$332.40,Ontario Place,General Manager,1998,695a858a794497638f80e87aaa1ce0d926c82a6a8a96ad67ea4a8193b6318fce
Crown Agencies,"$104,414.60",$298.56,Ontario Racing Commission,Solicitor,1998,e5f695c2a02a4e58b2a9bb79cc0308d72ccc7d90c376897f78c73d3633b124df
Crown Agencies,"$137,016.77",$351.36,Ontario Realty Corporation,"Executive VP, Property Management",1998,36f1e22c2f7666f4c211ae1c568bde1247b7c8d754aee19b2727366d959de4cc
Crown Agencies,"$221,137.49",$0.00,Ontario Realty Corporation,CEO,1998,87b7af7117b141399fce3c2bacd9fc1153d5435cc264de0c677e5a17579a030a
Crown Agencies,"$108,902.29",$89.80,Ontario Realty Corporation,"Sr. Consultant, Interior & Office Design",1998,5ab8f3744b048e1915f41d6b61580bc5b72e50802d5b957e5739c8835bd89f08
Crown Agencies,"$141,329.29",$351.36,Ontario Realty Corporation,"Executive Vice President, ORC Transition",1998,09fc6b06f23a208b9bd5a63dad7c081d21e48c208b176ae2bfd239508907803c
Crown Agencies,"$109,711.57",$224.50,Ontario Realty Corporation,"Senior Consultant, Civil Engineering",1998,f41e7132172631b35fae8699e9927bbc92481aabc0918e0f7e5fe5d61629991b
Crown Agencies,"$111,972.17",$296.71,Ontario Science Centre,"Gen. Mgr., Bus. Planning & Operations",1998,38f038273bd759789cc41704c5459d559b12bc5153e95f078a6ab1e45ab50e6a
Crown Agencies,"$127,353.26",$343.98,Ontario Science Centre,Director General,1998,5b502e915f9f6764462b24d541f205dba3ed86c5fe036839a132e506063952c5
Crown Agencies,"$163,607.27",$49.14,Ontario Securities Commission,Director - Market Operations,1998,6bf7f9268ba942ada6a80b7c3541c44620f4b3565c4e441c4f3fb43604f685fe
Crown Agencies,"$316,097.58","$5,247.34",Ontario Securities Commission,Chair and Chief Executive Officer,1998,712baaf1be6f8a94604a5d2e9f517dab77fef5d43dfe1eef85fb222059b6194b
Crown Agencies,"$116,818.84",$254.20,Ontario Securities Commission,Director-Account/Auditing,1998,54f24e5b5e99800c77ea9fa38baeefb2d163c339eb0689ce18248c6f0d7f1141
Crown Agencies,"$165,818.33",$0.00,Ontario Securities Commission,Vice Chair,1998,eed112a67ac8385dc3da2aefd005e6f5ef798cdf9e8d9b10b966ca80f1f0c978
Crown Agencies,"$117,485.08",$220.14,Ontario Securities Commission,Executive Managing Officer,1998,2f1c1004f0be65b2747833c559c5aa50632769e8380e8307595e498145537786
Crown Agencies,"$106,602.36",$29.74,Ontario Securities Commission,Manager - Business Planning,1998,5c40022691f91717c85e999de98ccb3766adacfe426a00a1b8d6f8cc6730353c
Crown Agencies,"$101,563.59",$179.20,Ontario Securities Commission,Chief Forensic Accountant,1998,85bf38fe65c70760f8a9ffe2d49e7ca3730218bb3c48a43d83b39af013e65d4c
Crown Agencies,"$105,926.71",$248.90,Ontario Securities Commission,Senior Legal Counsel,1998,57dbf6a62641b6a8f642c9b7c75145d7693758876f340a16e32bc1d044583851
Crown Agencies,"$186,445.05",$670.80,Ontario Securities Commission,Vice Chair,1998,4480b60abddf702c8f7a6de1ed58d739195f1936e2182e4f44b7b4a2c71db4cb
Crown Agencies,"$113,236.06",$258.58,Ontario Securities Commission,Senior Legal Counsel,1998,4d7600b28bf3d89937373a49dd2145652f28dc5a52145253334a236081c75e05
Crown Agencies,"$105,793.66",$247.65,Ontario Securities Commission,Legal Counsel,1998,e3c02b8d9bdf93290febb37f04f950476ade7041df27fe193b49426ab134d47b
Crown Agencies,"$120,012.95",$96.58,Ontario Securities Commission,Exec. Director & Chief Operating Officer,1998,e8593f2fae0ff3a81eac151ebe31b9afb47c6a737cbfc692c31c936bda8edac3
Crown Agencies,"$102,692.33",$222.02,Ontario Securities Commission,Associate General Counsel,1998,aa78f004b341a17c1888afc0ff3d773074ad02a063bf113730fc174ead19e4ef
Crown Agencies,"$104,511.85",$313.28,Ontario Securities Commission,Senior Legal Counsel,1998,4083f44ff114f5ad5779512d69fc35cf0c88f7ffa051c2275990a5a1d9e34a0c
Crown Agencies,"$102,077.88",$235.80,Ontario Securities Commission,Mgr.-Litigation Team,1998,2d76437506dcaf70c76212aaa177b583c397d1e4c53eae56ccded25babad4104
Crown Agencies,"$153,373.13","$5,749.60",Ontario Securities Commission,Director - Corporate Services,1998,ed69b763c6c495fd13f2a93d146bb868c05ed75945d5f9b4a0a08ca8cd48b444
Crown Agencies,"$134,116.01",$235.71,Ontario Securities Commission,Director-Enforce/Market Reg.,1998,94c88314bfb000a2f4506e64158183ab3c5598da82f7761985ed8fb8604070ad
Crown Agencies,"$105,494.27",$270.50,Ontario Securities Commission,Filings Manager,1998,76d6a95eb757f76f67728f5c63c5f852f7fc88a91f74db6bf706028180349e1d
Crown Agencies,"$122,062.00","$9,406.00",Ontario Trillium Foundation,President & CEO,1998,9ac51ae003ca19a9cf9948c1f9c5932a329069c8ee06688552133adf77caeb77
Crown Agencies,"$112,200.00",$735.00,Ortech Corporation,Manager,1998,ec341ad08bfc857004d592940e9e98789036e5919f9093bd81229027c632faf3
Crown Agencies,"$148,324.00","$19,303.00",Ortech Corporation,Manager,1998,83164832fc53cfbdc0feb897ea69ecb38f7c8a05c9b37f4ad51e8e27400f2c2d
Crown Agencies,"$114,000.00",$745.00,Ortech Corporation,General Manager,1998,9ea3d49372086211644dc01ffc6d74626c9c669984ed9c90e5c690667e0cbedf
Crown Agencies,"$137,940.00","$11,446.00",Ortech Corporation,Senior VP Secretary Treasurer,1998,caa2f0ecc1fb72ce51a74e7a5c7e945263c2c950295eb59a2cfe19bf2dd124bf
Crown Agencies,"$220,000.00","$12,335.00",Ortech Corporation,President,1998,5e52ff56da3da0298add76772fa2eee0509a306164807a70e08208a4f47cf4cf
Crown Agencies,"$113,115.00","$14,039.00",Ottawa Congress Centre,President,1998,6272a69033463220e55cf5838dcda2ec44736974644463adbe87f2f7f1a1d026
Crown Agencies,"$115,053.00","$3,190.00",Photonics Research Ontario,President,1998,9884b43760145acbb997d7853130698e504b73dd0c993b2ffe42e9c9bf2643a6
Crown Agencies,"$114,999.82",$897.24,Royal Botanical Gardens,Director,1998,cd36f83e5494082ce09659f0928c5eba9e6c8dd184b5751c6533f2e45e13ab97
Crown Agencies,"$115,203.00",$328.00,Royal Ontario Museum,VP Collections & Research,1998,6bd0ac5f7735a8a167f49e8468c09a9db2ae9ddf00b5605ffa1c7775a9f02ed4
Crown Agencies,"$176,003.00","$23,159.00",Royal Ontario Museum,President & CEO,1998,af6bd1cc3b96a7ecb380dfa4758317a725e81439401d6ac745cca3aa2a1c14b1
Crown Agencies,"$119,953.00",$342.00,Royal Ontario Museum,Senior Vice President,1998,d4827cc9cc448a3bb93e4000f47d56bf5681e183d76b22e9b55d98a34a0da8dd
Crown Agencies,"$105,976.00","$8,155.00",Science North,CEO,1998,2e206e633463b2e3d70997d61a61f5e0f78d590f39f82a29f3aad4245e0db671
Crown Agencies,"$112,828.90",$318.24,St. Lawrence Parks Commission,General Manager,1998,f714a595e74b33776f53f3217340b7db54c858981a8c6f82bcfd40b0360fbc64
Crown Agencies,"$105,000.00","$1,000.00",TVOntario,Director-Human Resources,1998,8af459e2801b39f65a4ac3877539383f61f2bd9344c77c67cea63e309613a4bb
Crown Agencies,"$100,000.00",$956.00,TVOntario,Managing Director-Marketing/Development,1998,e7879603c89326273423af69474545c17938ac9bab2dad9d20a71dcb030c56ce
Crown Agencies,"$113,500.00","$1,083.00",TVOntario,Managing Dir.-French Progrmming Service,1998,ca8779782db9664099448c9f0737a2075a0c28576b3cc8dd9ddbdb8ae403eae7
Crown Agencies,"$114,948.00",$740.00,TVOntario,Project Officer II,1998,3ad2e1c1005ab2d64cb6d52758ade8b815c05c6f7583c38c264c4c576b34cd2f
Crown Agencies,"$119,400.00","$1,140.00",TVOntario,Managing Dir.-English Progrming Services,1998,ad3da29be4b5a8b42fcb34a30423268976a29f0fe3e806d8c9f2b2beb801090f
Crown Agencies,"$118,909.00",$458.00,TVOntario,Account Executive (Underwriting),1998,1443b5773f9509b1bfd156c403cd734400e16cfee4e8431a0c43b084f9f9c7d8
Crown Agencies,"$115,027.00","$1,098.00",TVOntario,Creative Head-Public Affairs,1998,650abd33fb1f48bf722bc92c2edd2caf4d2021ebf70747e6d8cb14e4487e6878
Crown Agencies,"$135,000.00","$7,850.00",TVOntario,Chairman & CEO,1998,620d292e3722d21f6936fe3d2288c8f7f3325ebe12c0ff5f747308edc8c3f8a9
Crown Agencies,"$145,602.00","$2,396.00",TVOntario,Project Officer II,1998,7b6aae278c86ce8f4b60d3e24993e290a64dd23d80d9f191cbd3b681a3486f50
Crown Agencies,"$105,000.00",$943.00,TVOntario,Director of Finance & Admin. & CFO,1998,fa65943e6d2dd2c97998c19a7fe9a2c6fadcd83a05cad523b2a054291a3f3b71
Crown Agencies,"$133,492.00","$1,656.00",TVOntario,Project Officer II,1998,3c375acf32f23c1267b19b236b4095f3ba69967ada1bb8bbefd2f3d5af6a198f
Crown Agencies,"$104,414.60",$298.56,Workplace Safety & Ins. Appeals Trib,Publication Counsel,1998,a9d405a4ff4f7d80d7c4175fc87d30cffe280ab7b35ec0c60cd01c0780f45c17
Crown Agencies,"$120,357.80",$344.16,Workplace Safety & Ins. Appeals Trib,Counsel to Chair,1998,368d50bfec969e3c874d1a7abd45ecdbda2c89fec39607031be874e2a2c2634d
Crown Agencies,"$120,357.80",$344.16,Workplace Safety & Ins. Appeals Trib,General Counsel,1998,13b93b0267df1d8e3441c199a33f5662739a3f76c28fd32b834cb6164daf28da
Crown Agencies,"$115,377.76",$0.00,Workplace Safety & Ins. Appeals Trib,Tribunal Chair,1998,5d1d803ad1b3f91297b3d9ede46b0310743b7d0a2c43af4cc8757bd70ac16512
Crown Agencies,"$102,599.92",$185.25,Workplace Safety and Ins. Board,Legal Counsel II,1998,3ed5f04371b078ba20e2846a9c8b5441ad03363028cd23f0045998f23162ee02
Crown Agencies,"$142,714.52",$152.57,Workplace Safety and Ins. Board,Chief Information Officer,1998,6b910b01bb72f8517479f4a2f84ecd56dd94dd58058d360f29d896bd82568296
Crown Agencies,"$104,557.83",$150.17,Workplace Safety and Ins. Board,"Director, Research & Evaluation",1998,e03240704564c74b4c855b3cdcea23217f9852c021d6e43c6e2b165eb101b009
Crown Agencies,"$101,618.35",$179.23,Workplace Safety and Ins. Board,"Director, Transportation Sector",1998,482959c97cd1ad4c74be96a99d3bbb8f556c2ae3f2cd040c2bbc319f7f5acddf
Crown Agencies,"$122,326.25",$40.78,Workplace Safety and Ins. Board,"Vice-President, Human Resources",1998,c5a48617fa32a25b5d14dd0b728aed134b527c0640f42c930195ae809b4f8cf6
Crown Agencies,"$105,254.65",$123.81,Workplace Safety and Ins. Board,"Director, Applications Development",1998,97427eec0b453afa05752964f5f479566a0f041a074364ba76682ad3ab9138ef
Crown Agencies,"$115,444.92",$152.61,Workplace Safety and Ins. Board,Medical Advisor,1998,5a066def2c7a4797acacf39fadf5e7d7776ed9965f745b43ef677bccf8714d44
Crown Agencies,"$114,686.61",$152.57,Workplace Safety and Ins. Board,Medical Advisor,1998,fa22d03f4b3acdb08b2c3709aba496cbe2d936a832a80450d476a41982ac33d5
Crown Agencies,"$109,171.27",$196.01,Workplace Safety and Ins. Board,Legal Counsel II,1998,6d83da565605596c04a929386967c57b38f2ee00a66a10b288c34d2ed4c7d5ff
Crown Agencies,"$115,444.92",$152.61,Workplace Safety and Ins. Board,Medical Consultant,1998,131a26f32274fd0281f56733870288eee251fe2adeea424ac90fdc41777980e7
Crown Agencies,"$141,962.27",$152.58,Workplace Safety and Ins. Board,"Exec/Med. Director, Downsview Rehab Cen",1998,f9683cdddcc7e43b0c5f4f710dc0490844b97fbc194ea30d543c5d00baa3729d
Crown Agencies,"$127,699.54",$152.58,Workplace Safety and Ins. Board,Medical Co-ordinator,1998,bc452fbafaadceebd5e659709467fedd1f246730d5635555108cbdebfc89e08c
Crown Agencies,"$129,422.94",$152.58,Workplace Safety and Ins. Board,Medical Co-ordinator,1998,7fee9b4893365e5c5ae9903fb47df802e827e6448356e971cea9f0e101bfffa1
Crown Agencies,"$107,425.93",$192.95,Workplace Safety and Ins. Board,Legal Counsel II,1998,71c0d762e2c61215085891220d15d9c8b22fa677a57ac233f47724e445ca07a3
Crown Agencies,"$104,378.92",$78.90,Workplace Safety and Ins. Board,"Director, Client Service Development",1998,ca2cde3d950f8171a22a7b672f87d4d6646911171ce4ecb116cba973028273f6
Crown Agencies,"$127,699.54",$222.51,Workplace Safety and Ins. Board,Medical Co-ordinator,1998,83927edc6559a83d74cb63fafa24737334c194e39a8266399c04681e1259cdb7
Crown Agencies,"$114,686.84",$200.68,Workplace Safety and Ins. Board,Medical Advisor,1998,44fc08bc68a8aaa364372b01347b64815bcf38c333c89ee80b46859791cfbd48
Crown Agencies,"$124,856.03",$148.48,Workplace Safety and Ins. Board,Acting V.P. Finance & Corp. Services,1998,7af786f81e0870e2243d00e42895721f520c70456d8012d1001c8d04e1420653
Crown Agencies,"$127,699.54",$152.58,Workplace Safety and Ins. Board,Medical Co-ordinator,1998,5c2f9033a4a3735b6e8978c89db0998797045bc82a824f127a87652f872cab2a
Crown Agencies,"$100,382.35",$183.67,Workplace Safety and Ins. Board,Medical Advisor,1998,3c88f81d93d32896ebd997f64d07f8d42133fe5f61d091608680b3eff42800e5
Crown Agencies,"$104,250.55",$177.21,Workplace Safety and Ins. Board,"Director, Technology Service",1998,f911f11eade45dc7e45d1103f7895ac2fa9de309c7d310283a945949b4ad2854
Crown Agencies,"$122,987.38",$148.44,Workplace Safety and Ins. Board,Medical Consultant,1998,0caffe65e7495206423b9038bc39b11d4ac0b6a005de6ee4d0acc704e767fa9c
Crown Agencies,"$115,944.91",$164.16,Workplace Safety and Ins. Board,Medical Advisor,1998,38976f41387f26c623951ba9e32f37519b7a6ee9448ee9a5a75de458e9b1a87e
Crown Agencies,"$105,218.49",$172.45,Workplace Safety and Ins. Board,Medical Advisor,1998,f62c2561dd7394d7b28020e423b72a701e7a1531c0742ae7e6988aa1e50d8f78
Crown Agencies,"$123,365.46",$187.46,Workplace Safety and Ins. Board,"Director, Employee Relations",1998,9749642d5962c63fc58ea4af96641c8adaba5f64467b360821d800702a7d2af2
Crown Agencies,"$109,171.27",$196.01,Workplace Safety and Ins. Board,Legal Counsel II,1998,75f0199cd61a245c013bb1698d06e480f27d2febeca4f598bf3327323dfda819
Crown Agencies,"$109,800.04",$152.55,Workplace Safety and Ins. Board,Medical Advisor,1998,497601f7bc430b5dfbb6a62904d1a146827fdc0f2094372a9770ad8e13e917cf
Crown Agencies,"$104,114.07",$189.03,Workplace Safety and Ins. Board,Legal Counsel II,1998,84d6a75c91431d077b8544ccd62226457cc6f0f1c436268b5b660fa44cb1cab8
Crown Agencies,"$109,171.27",$152.54,Workplace Safety and Ins. Board,Legal Counsel II,1998,8b684f0daab677f6f1fbfbf78c95e3745d641e5635e57f271efa4f4d468672f4
Crown Agencies,"$115,444.92",$204.99,Workplace Safety and Ins. Board,Medical Advisor,1998,5259aca2f0c05f681bdb78f5b29dc1362ebd187472cf11ab98ca53c8094af954
Crown Agencies,"$116,631.52",$179.39,Workplace Safety and Ins. Board,"General Mgr, Specialized Claims Srvcs",1998,bcf1739e67f71cab7010048b519d9a47ad96b5fb9ef386260014436371a972c4
Crown Agencies,"$115,444.92",$204.99,Workplace Safety and Ins. Board,Medical Advisor,1998,83f5b9993dd66001037662e248e0eb6faa6d49968066a459fb96532c77db4c36
Crown Agencies,"$209,684.53",$152.59,Workplace Safety and Ins. Board,"Vice - President, Investments",1998,a08f86d24e26ee75c7248ea796b317947dac4c37937ef34dec485f809d12741c
Crown Agencies,"$141,319.54",$216.71,Workplace Safety and Ins. Board,Chief Actuary,1998,8742d74ed2bcb27cbfb51cbddb8d613e01d20e44425a5a404879c927b0b5e541
Crown Agencies,"$127,936.14",$205.78,Workplace Safety and Ins. Board,Medical Consultant,1998,5ef1468ee7cff8d532661a5f737cbd5f0c392a8367b34f76c8af85a9431826be
Crown Agencies,"$101,843.47",$184.46,Workplace Safety and Ins. Board,"Director, Automotive Sector",1998,b19a97ecad27a47cc6a88eb4253a2cb4eea19c248c282993569fff3802027fbf
Crown Agencies,"$128,946.18",$0.00,Workplace Safety and Ins. Board,Medical Co-ordinator,1998,750349eebd222183efb1468fd3d3b38fb2e1f652011925a6742ec2a263f5fc27
Crown Agencies,"$105,140.20",$190.26,Workplace Safety and Ins. Board,Medical Advisor,1998,ca0721f9ca0d6b062de81fa2ff69f7a4425ea4e59502723b4004b7af365e253b
Crown Agencies,"$128,354.58",$152.58,Workplace Safety and Ins. Board,Clinic Training Specialist,1998,4ebf1a6ac1bc3d9b62d82bc860660e8dcf60c350a9d1f0a3671c66880819fab9
Crown Agencies,"$167,557.73",$270.59,Workplace Safety and Ins. Board,"VP, Health Srvcs & Chief Medical Officer",1998,b6de80e36c7e4a9fa8eb8bd6668493c3ed8597334f553d863e7ead0e45ea25ae
Crown Agencies,"$158,334.13",$236.00,Workplace Safety and Ins. Board,"General Counsel & VP, Legal Services",1998,743f3c4aedbd1c13d42129648af87c93e5019e668b984c51069aff801b2176a4
Crown Agencies,"$197,115.58",$205.75,Workplace Safety and Ins. Board,"Sr. Vice-President, Operations",1998,8f8e8fbe0a7fd91d878634eb95160552f2d3f053cb685c7be3916d1b1ed477d7
Crown Agencies,"$157,542.27",$234.38,Workplace Safety and Ins. Board,"Vice-President, Policy and Research",1998,0b50829a72fc03cc460942182f611826ec49bd63076ac1f857ed3b30b92dea25
Crown Agencies,"$115,444.92",$152.61,Workplace Safety and Ins. Board,Medical Advisor,1998,14d18f62ad9b726002fd5061ae0c8bc2441a9d99326891468ab3333b910f817e
Crown Agencies,"$127,699.54",$152.58,Workplace Safety and Ins. Board,Medical Co-ordinator,1998,24449f2e90837557b99579fd25c151236c8c67646532f59da7ad95eccd659418
Crown Agencies,"$109,123.69",$195.96,Workplace Safety and Ins. Board,Legal Counsel II,1998,f4ee02f6eeb2c937e9e1e15cbb3620fc79a3eaabab5799fa7f967396408876b3
Crown Agencies,"$100,903.21",$152.57,Workplace Safety and Ins. Board,"Director, Small Business",1998,9afc02ff1644428d16dea8253329caf6a711b5ca30843e216972dcc444f4d3eb
Crown Agencies,"$127,082.74",$221.19,Workplace Safety and Ins. Board,"Director, Special Investigations",1998,136de1e5946cbbcb1021a396b06eca0af7fbb3b9ed4bcc037757733ac761ce2a
Crown Agencies,"$103,875.09",$175.46,Workplace Safety and Ins. Board,"Director, Industry Sector Construction",1998,acab34109df1a4994024a9bd2d13f17760cfcd76c4a9aa841e261fdb0eabc36c
Crown Agencies,"$106,374.21",$70.38,Workplace Safety and Ins. Board,"Director, Client Server",1998,57afd6532f0aba39ec2fc54eb444b9002bb993c2145de7a02252ad8c1b619cbc
Crown Agencies,"$112,449.28",$0.00,Workplace Safety and Ins. Board,Medical Co-ordinator,1998,06f3cc614d28c8b60032c31e3e7c8531e9bc65e5a3560f45d579a16717cf29f2
Crown Agencies,"$104,721.78",$459.20,Workplace Safety and Ins. Board,"Director, Service Sector",1998,5c5b7dfd5bcabb31907684a49d01a58f1e34d8ad75f4381b40f62fe9e8c978ab
Crown Agencies,"$127,699.54",$222.51,Workplace Safety and Ins. Board,Medical Consultant,1998,235c791be96b0422ada2cfefa010ba599bfe5f9ee7ef04fbe0a1d3145d8276d9
Crown Agencies,"$108,954.60",$192.25,Workplace Safety and Ins. Board,Medical Advisor,1998,aaf4140f44334aa1a12c2e1dd14be8bbc813b7c27868aed3bf5b9194648ae5bf
Crown Agencies,"$127,699.54",$152.58,Workplace Safety and Ins. Board,Medical Consultant,1998,9481d793b9d66c7629553b018fa0f50dce59665019288119c326b3c98bafff1a
Crown Agencies,"$115,444.92",$152.61,Workplace Safety and Ins. Board,Medical Advisor,1998,b861f0a1a12de4d232b833d836b158f5908b172d86b267fecc0eb5791b822e12
Crown Agencies,"$103,776.37",$53.10,Workplace Safety and Ins. Board,Medical Advisor,1998,d782e9a90ade15b901931206ca7dc4e1d2a7c164ff39adf174bc306affaf7a2a
Crown Agencies,"$120,907.73",$70.41,Workplace Safety and Ins. Board,"Director, Application Development",1998,377d42c14dd13cc4ea239f52ad9ae165eefe98bc557cf483cd47e1d70f3063cd
Crown Agencies,"$136,713.50",$152.57,Workplace Safety and Ins. Board,"Director, Clinical Resources & Consult.",1998,1c3ba27d3fa56ab5b95ad0e55667005f49cb931d7386a7d10d3aafa849d710c0
Crown Agencies,"$115,444.92",$152.61,Workplace Safety and Ins. Board,Medical Advisor,1998,2d4491caec54c42a8f6c37583c07b6bd86b6eb9ec28d6967a1a0f5c64b6d4548
Crown Agencies,"$115,444.92",$152.61,Workplace Safety and Ins. Board,Medical Advisor,1998,8f6c54c0474c3cf764f42057a81514d10c2f8d75f6e24e3d5fa1975f0fcd3515
Crown Agencies,"$123,586.61",$152.58,Workplace Safety and Ins. Board,Medical Co-ordinator,1998,d2ba871828f0a8cf904f0ed3ac4cd8459379e1a90d09483df7e63731d14b0a6a
Crown Agencies,"$127,392.81",$222.04,Workplace Safety and Ins. Board,Co-ordinator Special Clinic,1998,8f5cd96c768753467174ac6ca0cfb10a94394c21c15a82c7c369adb1346408b7
Crown Agencies,"$102,243.77",$216.85,Workplace Safety and Ins. Board,"Director, Quality Improvement",1998,8ddd3e4a13f6dcd4091acfb6a523f3a38689fc5fbd8332803c09be70fba13086
Crown Agencies,"$115,444.92",$152.61,Workplace Safety and Ins. Board,Medical Advisor,1998,0c5380b3a3d821ba21ec951b11950651d553c540a2a4ec0e61c61f7698b83f11
Crown Agencies,"$107,806.80",$152.59,Workplace Safety and Ins. Board,Medical Advisor,1998,ab907c1f3c4b74adaf0ea2481364b3e13c967b18bfc28be1fe57327143503751
Crown Agencies,"$164,159.49",$152.59,Workplace Safety and Ins. Board,"Director, Bonds and Money Market",1998,fb1051a6a8a628f96387f9ffe60e7aa46639b161573451db2b30fe76d01fa48f
Crown Agencies,"$114,762.14",$193.92,Workplace Safety and Ins. Board,"Director, Appeals",1998,24a45bebd9b553fc0d7d585fb7743e4aaa8293135c3936363d6f5a796e5e0f41
Crown Agencies,"$116,346.44",$202.64,Workplace Safety and Ins. Board,Board Auditor,1998,3ed5a5b9df37d2dc0fb970a42d889a5b582fd407ab0e7f933e034e171f11bcc9
Crown Agencies,"$127,699.54",$152.58,Workplace Safety and Ins. Board,Pension Medical Consultant,1998,748a3f61f158c69e8d46e95ee3e1e0074a5d1bf5643c651b1df9037dc41068cf
Crown Agencies,"$127,699.54",$222.51,Workplace Safety and Ins. Board,Medical Co-ordinator,1998,d1202ed2fd1f944c867d142f6bccdb33ce89f5dc89bcd920b2753283c526042f
Crown Agencies,"$100,538.59",$183.79,Workplace Safety and Ins. Board,Medical Advisor,1998,74370890733909c6a5a4cf23d17a92224239b8d23d8f6bb127329f345efb3335
Crown Agencies,"$127,699.54",$152.58,Workplace Safety and Ins. Board,Medical Co-ordinator,1998,3e393557cf229068fcb6a9d4498b3e4ce26e112da7c26df7374e5838712adbc5
Crown Agencies,"$135,429.95",$205.78,Workplace Safety and Ins. Board,"General Manager, Industry Sector",1998,450928a3f8532a821d39cd39cf50c19f6d28015a531e8edbd4205c6cc6d1b66a
Crown Agencies,"$101,961.69",$152.54,Workplace Safety and Ins. Board,"Director, Benefit Policy",1998,66d96938a6709a2f2e7f828621eb6da6b78059c51a74b5ade659c203725f0b9b
Crown Agencies,"$114,385.15",$203.54,Workplace Safety and Ins. Board,Medical Advisor,1998,c1fd3ce35f5353410c6e9f75c7b73868bb86e33aebeed165ae0f65b56a8338dd
Crown Agencies,"$137,160.70",$152.59,Workplace Safety and Ins. Board,"General Manager, Small Business",1998,99a8dbb389aa2d82f0248cc14fbc1ffa92032a23ef7f85688fe2d223770dca1d
Crown Agencies,"$104,557.83",$123.81,Workplace Safety and Ins. Board,"Director, Revenue Policy",1998,2fc40ec50d1d5d930bf2467d968f43066571c2b51e9fedf2052d2bf3b06afa11
Crown Agencies,"$265,877.00",$183.28,Workplace Safety and Ins. Board,President & Chief Executive Officer,1998,33cb774dc3ba10cdbd9ccc9906bce7c7fc73a7747aa6a0118cabdd796e89770e
Crown Agencies,"$244,442.00",$0.00,Workplace Safety and Ins. Board,Chair (Acting President/CEO),1998,c4b1c5883997b455aa6c5f0c02b32328fb2952345bb3c275d4e3457c83c54da0
Crown Agencies,"$129,083.12",$222.30,Workplace Safety and Ins. Board,Medical Co-ordinator,1998,69d7cd09c78fd2905f7b42a6061a26f99cae5b2c2ed7540bd4b0790e9d31ddd5
Hospitals,"$134,892.33","$1,168.70",Baycrest Centre for Geriatric Care,"Vice President, Professional Services",1998,f243dc7588a7a47bd07e438a11916f20567148d5309a5d97142f2f06bcfc2182
Hospitals,"$110,021.71","$5,957.84",Baycrest Centre for Geriatric Care,"Vice President, Medical Services",1998,75383774e09684a8b696c70df7fcd36b2381b0d97019c59e3298fa4f5b7e06b9
Hospitals,"$125,646.03",$682.80,Baycrest Centre for Geriatric Care,"Vice President, Finance",1998,fd92097a907cee8301c9ea8393fbef63d56d1dd35a03eefa02abdc8a73920769
Hospitals,"$327,000.84","$25,125.61",Baycrest Centre for Geriatric Care,President and Chief Executive Officer,1998,d7c37abad8bbda13f20857ee3be77eccc4633f704aab3d8915cc764bb72c9e1e
Hospitals,"$152,461.65","$1,247.14",Baycrest Centre for Geriatric Care,"VP, Information and Support Services",1998,53d437195d125ff0a9ebc0c347e91edd658369feb0cd04558ab32b2b52352c07
Hospitals,"$180,553.78","$1,416.54",Baycrest Centre for Geriatric Care,"Vice President, Social Services",1998,6ccd79339c2e0587778b17d22050515829ac34aacdf4fb19f6c7d04b2340d1a4
Hospitals,"$141,170.92","$1,212.62",Baycrest Centre for Geriatric Care,"Vice President, Human Resources",1998,2a7c8644928cf09e1db85a61d178c23c1c70547723860cb5beec4918b05daf61
Hospitals,"$127,173.93",$612.63,Baycrest Centre for Geriatric Care,Senior Scientist,1998,ebb18fdc765e310e379509fc23c89dd840faebcbe812ad604a35a32d122ac6f8
Hospitals,"$141,006.69","$1,003.40",Baycrest Centre for Geriatric Care,"Vice President, Nursing Services",1998,5747a6d634861e3e8b37fc34a15106c7a19340b66f695d46dfe322d711b55835
Hospitals,"$154,000.50","$1,440.36",Baycrest Centre for Geriatric Care,"Vice President, Research",1998,5b6372d787373766dd69b0744af74c5edc302b9c9930a8ca8dc4e4b724d97581
Hospitals,"$116,695.19",$0.00,Baycrest Centre for Geriatric Care,Senior Scientist,1998,e7515bfbed4e2f3a2ed64e5599c5d17a8b1c834ab5e64cb1048422838cd5cab3
Hospitals,"$133,693.02",$463.29,Bloorview MacMillan Centre,Physician Director,1998,40ce9f8913ddb018628d4a22843d407276f570530cadd68724b8d5399a890f63
Hospitals,"$103,463.85",$337.80,Bloorview MacMillan Centre,Physician Director,1998,a4f327753aa8441a0a24f4c9ee00a4d62a31b4b690f8dc41b5382371d9b1b48f
Hospitals,"$115,547.28",$374.12,Bloorview MacMillan Centre,"Vice-President, Programs and Services",1998,8fb5c04b80d093d005bedce3c43f5f05e0977dc9b15f660e6843b9669c072e1c
Hospitals,"$184,287.78","$6,483.00",Bloorview MacMillan Centre,President and Chief Executive Officer,1998,d77e5f864bf8f56cea495d4c20501477ac91202f2758682c3844f3298d844469
Hospitals,"$190,415.69",$630.96,Bloorview MacMillan Centre,"VP, Research/Dir. Ont. Rehab. Techno.",1998,b5ac1069395c5714f860532ca1bdc74774db49d7b5f33d7d2a8134e0584bb8ab
Hospitals,"$127,500.89",$422.28,Bloorview MacMillan Centre,Physician Director,1998,c10a812ed783595e4b69b2b7ec321d80e503deca72bc5ee145f55d22b0cacdf2
Hospitals,"$145,919.00",$0.00,Brantford General Hospital,ER Physician,1998,ba3db96a26dd94ac502064f45d6cca03a5eb6188db89e29f43fb98851013f2bf
Hospitals,"$123,111.27",$657.35,Brantford General Hospital,Physician,1998,2195c5b34678426f4fc5686dea8eead5327c336a61e4a15535c0c4b560e5d9d9
Hospitals,"$141,614.00",$0.00,Brantford General Hospital,ER Physician,1998,2c0d099516b08cee8a27ec9425487fa2dfa5bf65954a7712f6508fcb5d2205de
Hospitals,"$158,161.50",$0.00,Brantford General Hospital,ER Physician,1998,88228da4ca5e763a7cccfd58b1c48eb6254a1a3b0d27647d51fc5a379656a961
Hospitals,"$221,340.00",$697.01,Brantford General Hospital,ER Physician,1998,aa804f8e52fd0c75b0b3f1fdb340610db32ba783b0fb87dfb68266655f21c0b8
Hospitals,"$141,204.00",$0.00,Brantford General Hospital,ER Physician,1998,22a012b53aaea987d2b89d11aef5ca1a779d819b8a951f36480448e12238c021
Hospitals,"$143,072.77","$9,616.69",Brantford General Hospital,President,1998,b3191957199a9b7187ca9a8d03ce29e9434c7364409aba8d0e7b8be02453d405
Hospitals,"$110,933.62",$735.93,Brockville General Hospital,President,1998,0a2e38d7bc7d94bf023b8aa1437f87dd862f2b9447242bafb345ecbf56b0d63c
Hospitals,"$173,690.00",$965.00,Cambridge Memorial Hospital,Pathologist,1998,8bc7b1f86c1df97eb8cadac730cd75d745e459b5cd1e713254f92b43c52e9dfb
Hospitals,"$153,629.00",$0.00,Cambridge Memorial Hospital,Medical Director,1998,ba31d110d84de5887ce4a636ace190f66f1ae0658149de3279b33c354a917da8
Hospitals,"$154,024.00","$11,601.00",Cambridge Memorial Hospital,Chief Executive Officer,1998,4a3651be98e1cac7fb3dd8097e74dfa2f498f539161338abbd1c35d6f246e3f5
Hospitals,"$153,629.00",$0.00,Cambridge Memorial Hospital,Medical Director,1998,0673db12c4d9e707c395c85c9b724947d5a3153dbcded0bc5b1dd903757f1f01
Hospitals,"$173,690.00",$965.00,Cambridge Memorial Hospital,Pathologist,1998,40055fd881c8e12361bc9763b154655c94774742d9bbc4ffd7e7709193bc705b
Hospitals,"$154,024.00","$11,601.00",Cambridge Memorial Hospital,Chief Executive Officer,1998,3b8fc93f989059c405f363a12278cd73d00c9e9906dca07d4d3f8468c89278c4
Hospitals,"$109,389.56",$0.00,Campbellford Memorial Hospital,President and Chief Executive Officer,1998,a0bcdc765de8878191c74812536f9a4a237caa7470b8aab0fad86988c15e84e6
Hospitals,"$187,000.00",$907.06,Chatham-Kent Health Alliance,President and Chief Executive Officer,1998,c436141a6046c22d52a7b42a9ee2d0408d3ba0bb989002916e68a924f8f00a4a
Hospitals,"$143,307.90","$1,627.89",Children's Hospital of Eastern Ont.,Geneticist,1998,266f6db804d780f77fcddd8f10bcfca802e4653ed7a88b28688be73bf153c4c3
Hospitals,"$204,000.02","$3,850.11",Children's Hospital of Eastern Ont.,Chief Executive Officer,1998,5bb8b35faca506422666b8f0b52d55fe747c7f9d8eb9bbe4376bc418de8026ab
Hospitals,"$161,004.33","$1,675.95",Children's Hospital of Eastern Ont.,"Chief, Pathology",1998,d2bf1961e6ebf9827475057884fed3ae0bcfcd8c316cdf2d5c021c6415272e17
Hospitals,"$106,053.31","$2,359.83",Children's Hospital of Eastern Ont.,"Vice-President, Patient Support",1998,8d14cc228762c2a5f24feecf487d54dae2dd4719f4380c6e4dd87526461f6ada
Hospitals,"$156,560.42","$1,657.70",Children's Hospital of Eastern Ont.,"Medical Director, Laboratories PSU",1998,e7e159d4b0c7a2d561b37d9470d7c52348193087d96e315160eb302d1d495f3b
Hospitals,"$166,152.60","$1,702.50",Children's Hospital of Eastern Ont.,"Medical Director, Genetics PSU",1998,683b4120e6ad6ffd98a1c8cd23edd5c8270f4012c0cca85576605035db026885
Hospitals,"$141,851.49","$1,615.23",Children's Hospital of Eastern Ont.,Pathologist,1998,0e07311179090f4242f14736c64893c51868405b7bbfb4d9f431bfb1eecc0f56
Hospitals,"$124,615.80","$1,566.87",Children's Hospital of Eastern Ont.,"Director, Molecular Genetics Laboratory",1998,a12cf5636dcd441f1c89c8e58d39f5c47198dbaa5fc557554b09011426992c3a
Hospitals,"$102,693.16","$1,489.59",Children's Hospital of Eastern Ont.,"Chief, Dentistry",1998,1a570c9afebb72d57d69e65e74d4b8ac88079d92ac3ee6caae5f4ac42d60c5f3
Hospitals,"$121,163.70","$1,548.87",Children's Hospital of Eastern Ont.,Pathologist,1998,9bcbbb08130ad4837f64e9bd8a6b665e7f5252c5cdc9aa93dc809d7344a833f4
Hospitals,"$133,890.51","$4,226.04",Children's Hospital of Eastern Ont.,Chief Financial Officer,1998,a0490b6d0dbb25065dd9eec045dfb770dddc52956599e7c49b18a5cabadc69c2
Hospitals,"$114,592.04","$2,638.97",Children's Hospital of Eastern Ont.,"Vice-President, Patient Services",1998,97012e64e7e68f8562ebe0f269c7f42a913d362dfa184b8b2121f41e38817014
Hospitals,"$114,992.00",$695.84,Collingwood General & Marine Hosp.,Chief Executive Officer,1998,2d61a6eac30b74bb49dbba97efbed250303912e6cf1d4e60b8b4578d04713884
Hospitals,"$118,558.19",$520.07,Cornwall General Hospital,Chief Executive Officer,1998,8e8126f2a6d8e885b5df39820b5bf5b262f3ba0d784f83c1f660a9f6711732ef
Hospitals,"$114,901.43","$4,062.69",Credit Valley Hospital,Vice President,1998,ddea130ce5360ea76bdc36acc98f5ed36123a00b729f6f8a9521501129bd551e
Hospitals,"$107,500.21","$4,085.76",Credit Valley Hospital,Vice President,1998,bea1efcf90ac4ee37092e65872a531f0cafd0eabf64b51ff46478943399aeb10
Hospitals,"$161,264.38",$253.90,Credit Valley Hospital,Pathologist,1998,9820ecdafb6931b6585cab394528c161890c031cbf0444476ccc2db5efc0c4f6
Hospitals,"$195,999.99","$11,931.66",Credit Valley Hospital,President & Chief Executive Officer,1998,1b47e4057b016e02f806b3aa468cb44db90f4112f145908e35ef6c667cdbcb06
Hospitals,"$161,305.47",$253.90,Credit Valley Hospital,Pathologist,1998,ad1acfd0480c59225653f043c1cd5af23b8be14602ddee066d249025e14b97d4
Hospitals,"$102,546.20","$4,048.77",Credit Valley Hospital,Vice President,1998,849df43cae8ea88465b6e49fb5ecef653eb0e9a8c34112afbbbd20c161981e2d
Hospitals,"$132,238.80","$6,540.54",Credit Valley Hospital,Senior Vice President,1998,7cdb474790ccfdff31b01147a8af17f68ee2efd665864b199c7bfc7c08deafe7
Hospitals,"$161,264.35",$253.90,Credit Valley Hospital,Pathologist,1998,98878c74e716b58a2f384760560bc3a195143819d56d3373cdae2cc7c83a8a73
Hospitals,"$110,188.71","$5,660.97",Credit Valley Hospital,Vice President,1998,d621f4fa7a600949b8f41f9abf3e4b4101a1390cc72751a854af358682932ce6
Hospitals,"$213,016.97","$13,175.80",Doctors Hospital,President and Chief Executive Officer,1998,c8b2c2ca5cb2129fb26455b38573e60304fb26adb9a3079eea46e1c1cdb8fc48
Hospitals,"$174,555.59","$1,687.18",Etobicoke General Hospital,President and Chief Executive Officer,1998,0753664a74dd9a2bc113e943bc9ce56ecd1f4be68821adc34b615f8aeea82d28
Hospitals,"$111,855.84",$551.88,Etobicoke General Hospital,"Vice President, Patient Services",1998,04aa4902515bc904089b0e260bcded167e3eb3667912a299bba267835aa25091
Hospitals,"$110,907.32",$602.64,Etobicoke General Hospital,"VP, Diagnostic & Support Ser.",1998,c1fd3ce35f5353410c6e9f75c7b73868bb86e33aebeed165ae0f65b56a8338dd
Hospitals,"$155,008.44",$827.55,Grand River Hospital,Pathologist,1998,a26d7240bb22415f562f5239ab6d1b137856eac8455402abbf4b2bbf781f3405
Hospitals,"$118,859.12","$6,829.64",Grand River Hospital,Former President and CEO,1998,b614610468ffaf8decf1c91b4a02091ee23ac32bdc91e7b31e77f62f23763636
Hospitals,"$131,899.38",$674.57,Grand River Hospital,"VP, Finance & Chief Operating Officer",1998,7a5a137b70c7e3d825721dc7a52b0a9546e17c6b5614f71e43b5f9b61a47518a
Hospitals,"$175,704.65",$944.78,Grand River Hospital,"Medical Director, Lab",1998,4b0c9c03104f27f611a5225cef180d764a9ce630762427ab6f04d22c5865ce3b
Hospitals,"$193,154.27",$907.26,Grand River Hospital,Medical Director,1998,32f330b16fa48802cf7e39d492e0fcfe0fe6839d0215b6fc8a7162055a48f892
Hospitals,"$124,615.35",$676.08,Grand River Hospital,"VP, Clin. Prog. & Prof. Prac. St. Admin.",1998,4556d06dfd809a65fed043d95dfac222295bde6339841d490c0397a7ff0207e5
Hospitals,"$153,602.08",$827.55,Grand River Hospital,Pathologist,1998,d575622bccc708daee882017abddb98a430e44ecef33083748a002aa469edf7e
Hospitals,"$116,485.00",$615.00,Greater Niagara General Hospital,President and Chief Executive Officer,1998,ad3aa3cecd0245b25e780e2c650a97616f6f4226752d1e3056d8744906a9f113
Hospitals,"$148,416.00",$784.00,Greater Niagara General Hospital,Associate Pathologist,1998,cfea31d134a9722390f6f4c92e7ac58d4c61c9eb19c74c0e867f1bddb15fa28f
Hospitals,"$185,505.00",$979.00,Greater Niagara General Hospital,Chief Pathologist,1998,b028f8597cc2f433aaab646c0f6d3f30dbcbdc9ae5edbde0c9eb6ae9fd254fd8
Hospitals,"$124,809.12","$4,551.76",Guelph General Hospital,Chief Executive Officer,1998,07964ab85ce53147780ce62af62c61c23b3a046a27584cbe39b7f047fcfed44c
Hospitals,"$115,985.52",$0.00,Hamilton Health Science Ctr.,Physician/Laboratory,1998,6df06d297107a013296fda8165748601577caf2e8239472bd322e00619bc39f2
Hospitals,"$148,562.28","$9,427.20",Hamilton Health Science Ctr.,Vice-President,1998,62d3325c175dbb657d1ba83018faa2e3f44770f53414238e5ad82bf0aeada3a1
Hospitals,"$150,000.00","$8,052.81",Hamilton Health Science Ctr.,Vice-President,1998,0108605b515ffbd76f237f1e525beb92ac5acb95a91034519e9838fa6dedf469
Hospitals,"$161,523.96",$949.17,Hamilton Health Science Ctr.,Physician/Laboratory,1998,a23cff44ece36fceb475d52a828a5099d70f9076a9f962fc19d2d7c900c4d0d6
Hospitals,"$242,000.04",$509.95,Hamilton Health Science Ctr.,Radiologist,1998,83e3d210efee4b55a63fd5c2c044b56e7348cb06b3f029433a54fa2b98a39281
Hospitals,"$128,500.00","$9,808.04",Hamilton Health Science Ctr.,"Director, Human Resources",1998,eba53074e71fc38a4f05ff277fe4616df08c6c4fe09d9c64272e7c0b2ef4be0d
Hospitals,"$125,836.53",$226.64,Hamilton Health Science Ctr.,Physician/Laboratory,1998,9446d94d07d51e860628a7f9f23de650483962458579f4714723f6d86b408f44
Hospitals,"$231,199.92",$509.95,Hamilton Health Science Ctr.,Physician/Nuclear Medicine,1998,6e6d5792f9a5ffee60a4b48a1faa2d781b1cf496e3cb3d8a0808749063d0d2fd
Hospitals,"$242,000.04",$509.95,Hamilton Health Science Ctr.,Radiologist,1998,a1946ad08171a6fb45e2fc0225ca85310725d2f5a1e390972628e73a4a72975f
Hospitals,"$151,728.96",$320.52,Hamilton Health Science Ctr.,Physician/Laboratory,1998,99015b2e807cc97590effbbf3a058efae67ede4dda7f0dbe2fe98197c120fbd9
Hospitals,"$134,049.96",$330.12,Hamilton Health Science Ctr.,Physician/Laboratory,1998,e6e706dfa4a49ce113621ec8ea3c71fbd3db48dc30c6b5e9ce42de3db16c0eee
Hospitals,"$141,631.00",$354.91,Hamilton Health Science Ctr.,Chief Admin Officer,1998,9194795c589b6d587e0f23c6f426a2d62097d6a3116c004b4acbff22ebda849c
Hospitals,"$156,819.96",$331.08,Hamilton Health Science Ctr.,Physician/Laboratory,1998,963992938978d5fef53c42210c650dadce7014121daf2522fc22ff03f47dbef8
Hospitals,"$139,411.92",$330.12,Hamilton Health Science Ctr.,Physician/Laboratory,1998,2b1e5ac983ad8156128ec9bfa53b6d5cab4cbc6824421a344ddbd2fbc5adb8ed
Hospitals,"$161,500.00","$7,806.46",Hamilton Health Science Ctr.,Vice-President,1998,73897a85c065651be2a655c7fdf7eb6b97f1339795b93c52fc2e67415bd3e47e
Hospitals,"$112,470.00",$277.20,Hamilton Health Science Ctr.,Physician/Laboratory,1998,bf5df455406b117d691d2b3a9de35fff565d7e064c9546ebc9b947289c38ecc1
Hospitals,"$141,405.96",$431.40,Hamilton Health Science Ctr.,Assist Prof Pathology,1998,fe0de033ed9f6a1151182f4316b4804628caaf307f690eb954eab38c7e829470
Hospitals,"$114,999.96",$242.88,Hamilton Health Science Ctr.,"Director, Clinical Trials",1998,7cfbb2352b595a192a729ff9ce438f519e5b232e4eede65e19e0fd3a809256c3
Hospitals,"$242,000.04",$944.34,Hamilton Health Science Ctr.,Radiologist,1998,1c2ab24171b0686686a42d602ef9efb7d6741dae47d26b37dfd765683ccefcb3
Hospitals,"$100,000.00","$7,368.12",Hamilton Health Science Ctr.,"Chief, Professional Practice",1998,3176ff30815633be9a7160f4a1d3eb51455349b3889b421d384b7e28c4e8d7ff
Hospitals,"$100,000.00",$211.20,Hamilton Health Science Ctr.,Physician/Palliative Care,1998,9023daf73bf601d53b88bef281158f7ad9d586166b7d18fc56f08c78d2f6cbf1
Hospitals,"$161,500.00","$7,880.44",Hamilton Health Science Ctr.,Vice-President,1998,a0416a3074483d315e1e39f11b58d3322fecdac08ebde655c165034f8b04bb0b
Hospitals,"$100,874.04",$592.77,Hamilton Health Science Ctr.,Physician/Laboratory,1998,2d7a84685ad946cc724aafd078bb98672686c0125896c0324875a513711b75d6
Hospitals,"$150,000.00","$7,835.88",Hamilton Health Science Ctr.,Vice-President,1998,9b9cbb9472ffed6e20b942cf6fc8c672a0a740f0f8512a27b814adb6cbc822ed
Hospitals,"$130,463.52",$345.76,Hamilton Health Science Ctr.,Physician/Laboratory,1998,d529e170023c4f813164a648272d7a486c6a282f050edf46a09542558514bf06
Hospitals,"$113,043.00",$664.28,Hamilton Health Science Ctr.,Physician/Laboratory,1998,c076e2450a6689d9703122bebb32c32278bdc02facd548685444e3912dc64822
Hospitals,"$126,000.00",$266.16,Hamilton Health Science Ctr.,"Director, Research Centre",1998,f98c3583302c94021202c915738e84d8554a6fd7e95c0c4482f0ab9d0f0fdf12
Hospitals,"$133,325.48",$269.28,Hamilton Health Science Ctr.,Physician/Emergency,1998,b28b10e0e9bfb2cc731a95572f8e0833ea2842262f4d90f8c50c930bd72898fc
Hospitals,"$112,470.00",$237.60,Hamilton Health Science Ctr.,Physician/Laboratory,1998,b8d7d76d75740b1141463e57c67756d34f9bc7beff137da532bab2addc3c3bdc
Hospitals,"$229,000.02",$474.28,Hamilton Health Science Ctr.,Radiologist,1998,950e8ee94a91dd9d815adc6872f87f8c26d7f07fee5d330b5b4743780aec3612
Hospitals,"$150,788.04",$318.36,Hamilton Health Science Ctr.,Physician/Laboratory,1998,55a525abe60817179fc7a1320ad30ce73a91828a6181e79804c1b8f5f6f6e5bf
Hospitals,"$144,989.04",$306.24,Hamilton Health Science Ctr.,Physician/Laboratory,1998,29cb1125e5b5d184e6f0e298a6ca1122371f89f357ad30dae5b92dd3794896c6
Hospitals,"$105,443.04",$222.84,Hamilton Health Science Ctr.,Physician/Laboratory,1998,c36067a8721713932ad38e48c7f273ba607cae19916b1b2661867f6d86ac51ae
Hospitals,"$144,989.04",$306.24,Hamilton Health Science Ctr.,Physician/Laboratory,1998,9c5da00355b855c5ddee728102b44e91fb561ef2a1945f876ad776d31fa984cd
Hospitals,"$175,794.00",$371.16,Hamilton Health Science Ctr.,Physician/Nuclear Medicine,1998,8fb6c3ca9263909d15e34576861a9a077b8797a2bf9ef3b8d56af00a42e2c6b8
Hospitals,"$161,500.00","$8,041.68",Hamilton Health Science Ctr.,Vice-President,1998,b9d6cac4b05fdae1afef1487b84d0a3b087f77843a1f304e6fa9f90addee087d
Hospitals,"$134,054.40",$270.36,Hamilton Health Science Ctr.,Physician/Emergency,1998,902f0391854b9be2a788fc2faa684bedadf0c2868533a460caa0b9f490b2aa22
Hospitals,"$212,829.96",$507.89,Hamilton Health Science Ctr.,Physician/Laboratory,1998,04f21bcf91743b01041ec646901de4f804c573e74ee86e0496b50219d075867d
Hospitals,"$229,000.02",$351.29,Hamilton Health Science Ctr.,Radiologist,1998,ebe1647898be2e9cfca752fe011838f501226b36e846b9a0e1193e0a663a8b91
Hospitals,"$100,869.60",$575.11,Hamilton Health Science Ctr.,Physician/Nuclear Medicine,1998,4cb5a000c832c7e97cad578f42530d48590ad9445f3bdd3b8bbb1177282007c4
Hospitals,"$139,781.28",$227.36,Hamilton Health Science Ctr.,Physician/Laboratory,1998,8f4352c829d1cccf4b971e90e3022c277d44f96cb3e3f82e31ee94cb35717a90
Hospitals,"$108,956.52",$215.19,Hamilton Health Science Ctr.,Physician/Laboratory,1998,7c93e136645b6c0d3fa7918b2f0922d988f682364682652c99cf0db344d1e29d
Hospitals,"$133,199.17",$267.72,Hamilton Health Science Ctr.,Physician/Emergency,1998,dc8b2a5146f0b8bb2b0bf51881903784125a054fe98be79950926f3be67de43e
Hospitals,"$242,000.04",$509.95,Hamilton Health Science Ctr.,Radiologist,1998,f81bcdf9e8866c9db31529e92202088415a4373550750bce1c41ba1a6bf1f99e
Hospitals,"$107,166.49",$466.88,Hamilton Health Science Ctr.,Project Manager,1998,3e51d3e995169e8cadf115352b274939461789bdb0c40b5e609e10a9f09e6979
Hospitals,"$136,060.98",$410.02,Hamilton Health Science Ctr.,Physician/Laboratory,1998,a5b34faa98c0739bb38991710e16f16b34062212dbb813d958e7eeea8747307c
Hospitals,"$150,788.04",$443.43,Hamilton Health Science Ctr.,Physician/Laboratory,1998,8fa19d6005502056a60cd3f9eefe60bec68d28225bf99f4631f3f995986fbe2c
Hospitals,"$130,463.52",$226.64,Hamilton Health Science Ctr.,Physician/Laboratory,1998,06a9cbb76a22b774b1ae448a0b6b32650a85608b8e988783143ec7817e090997
Hospitals,"$139,412.04",$294.60,Hamilton Health Science Ctr.,Physician/Laboratory,1998,430cad330dd6e3d4215e6b89466fb98ae188b82c3fc232b93aafe678d0eb4d3d
Hospitals,"$230,250.03",$509.95,Hamilton Health Science Ctr.,Radiologist,1998,27d9019729eec5d5a3ec0b74b48987c43acfe76549942c4b00ca3f96a815e1ab
Hospitals,"$117,150.07","$1,087.12",Hamilton Health Science Ctr.,Physician/Laboratory,1998,9f80bf1af9d742df2c51e8d3f3a685c7b710bf2267c19d5023033b3256db798b
Hospitals,"$149,337.96",$440.55,Hamilton Health Science Ctr.,Physician/Laboratory,1998,3a1894b9286e7ecfc5e9afa6a6e19ac72af22c94c890daabd4f980f4a5e87040
Hospitals,"$328,426.00","$10,574.00",Hamilton Health Science Ctr.,President and CEO,1998,a1047b8e4855a8ffcc5529c108514a60f64297032151131cd00a2aea2d3492c3
Hospitals,"$105,725.00",$152.04,Hamilton Health Science Ctr.,Physician/Laboratory,1998,d6b0b6b34b1b30e5f9145a098ce41cc56fb883ca1a1180ea10fed1e9b511ca39
Hospitals,"$142,200.54",$416.08,Hamilton Health Science Ctr.,Physician/Laboratory,1998,29fc1086285cd14d3c1106496a6009bac015531129dce379cf427a153659f3dd
Hospitals,"$161,500.00","$10,786.94",Hamilton Health Science Ctr.,Vice-President,1998,34a05564aa637ffa7bb32959cff9cf8846a8446864ac221b44c670380cbde682
Hospitals,"$242,000.04",$509.95,Hamilton Health Science Ctr.,Radiologist,1998,acf76ce7abd69cf8a362146ad68eb7e203af0913ffec49900c92f6bfea16b1e7
Hospitals,"$142,966.70",$849.30,Hamilton Health Science Ctr.,Radiologist,1998,3f5e8116f5aedd1832084450e70ceb8068c85f11767b562d4f1694a3b336e434
Hospitals,"$128,895.00",$272.40,Hamilton Health Science Ctr.,Physician/Laboratory,1998,8ec17e2b0ca3d5b0caf60c16ad4c4281dc342ab21bcf0c9294b34692c0c41ab0
Hospitals,"$161,500.00","$9,768.46",Hamilton Health Science Ctr.,Vice-President,1998,bb6f31c73f265077ee290bd2f0ec17466c9000f4c09b83cf2cc68b8607081045
Hospitals,"$170,730.54",$965.16,Hamilton Health Science Ctr.,Physician/Laboratory,1998,5b0556d922dd1b983951a11d44395baa20640630e87de35f40dd37ba236ca011
Hospitals,"$109,856.33",$385.69,Hamilton Health Science Ctr.,Director Finance,1998,6d777f94bc514af18d59ccb87ecd36cf777152d08b6cc13cfad6ffa4a5ecef59
Hospitals,"$147,239.33",$327.36,Hamilton Health Science Ctr.,Physician,1998,4d8bdc8ddaef18e8256d4e9ba0e507e3fc2a5f8f20ccbeaebf4495da893a394b
Hospitals,"$115,500.00","$1,048.37",Hop Gen de Hawksbry & Dst Gen Hsp,President and Chief Executive Director,1998,6f4cdd96a5911e25611c301f3b77d9dd02754d0c53fa584db72917a2348c8875
Hospitals,"$103,106.00",$0.00,Hospital for Sick Children,Senior Project Director,1998,d5b793db13f2210801cb275987c6e42f94b217a0f1ac7146ab0b62d838d897fa
Hospitals,"$139,503.00",$0.00,Hospital for Sick Children,Managing Director,1998,858deb140621cddbe8b37a451bb5964d9070343c6b85118d1524943a80259307
Hospitals,"$221,243.00",$778.00,Hospital for Sick Children,Radiologist,1998,b546ddb4b11a16e7d9c382eb1233c7887d6440b277d8b22e837d9e25123ae88e
Hospitals,"$154,772.00",$778.00,Hospital for Sick Children,Radiologist,1998,69c21c875f388e29e2f458a6530aa9a9578a0c74e34250ad3aadcb53f5bbddfd
Hospitals,"$137,052.00",$0.00,Hospital for Sick Children,Chief Planning & Development,1998,5028e969fc4120efa6002e0bb3518610ba50055fdb6d2bc8e6c7f4846a755d59
Hospitals,"$227,833.00",$778.00,Hospital for Sick Children,Radiologist-in-Chief,1998,b5b393e0b2aeeaa67cf5c9c8855ebfdb9f2706a25399048524d370d1141b8273
Hospitals,"$272,412.00",$778.00,Hospital for Sick Children,"Chief, DPLM",1998,ed07deff7041a9760368ae3e7715fa99778b63920c0aea8f5595703b9443639b
Hospitals,"$225,138.00",$778.00,Hospital for Sick Children,Radiologist,1998,3f0b2b624ce5986a44059851b469ce90dae0ec314e2e1f59b66635dde9cd64b3
Hospitals,"$142,391.00",$0.00,Hospital for Sick Children,Managing Director,1998,216599d9adfc3d90573f623468708f105f298ad8bef2f291fb9b00f42e5d22c6
Hospitals,"$106,601.00",$0.00,Hospital for Sick Children,"Director, CHS",1998,a0c454a21a7d47c5fe6607e1121c7db5c9d6806bba714f07bbb4f82654c3c40f
Hospitals,"$248,769.00","$4,831.00",Hospital for Sick Children,Chief of Research,1998,87c8f033e3d9baa0d8ff8c160e9eb8a7a4c30ddf9a1cfc93ed6289523868189e
Hospitals,"$223,173.00",$778.00,Hospital for Sick Children,Radiologist,1998,08da2fcad84b6c1206420b91aa6781fd0cdf4f2e67c391ed0834225e09c46488
Hospitals,"$111,652.00",$0.00,Hospital for Sick Children,"Assoc. Director, Research",1998,1cff82d2cb75c0e2fb75a36204a746972da474b75351d77875ebe0ed6a6f99fa
Hospitals,"$202,194.00",$778.00,Hospital for Sick Children,Radiologist,1998,22ecb6b23dd330be69f71fc43afbebe43ff7cbe90f24fcc14000a8583188a2ed
Hospitals,"$133,242.00",$778.00,Hospital for Sick Children,Senior Scientist,1998,1ff8ac7f741f932687daa7aa674d6121f6e7015a8a0b2b248f254fddb3218402
Hospitals,"$213,432.00",$778.00,Hospital for Sick Children,Radiologist,1998,58ccbb63ff5a16d2b4692d94349afd23d7672a67494218592e98fa701d527d98
Hospitals,"$216,709.00","$16,875.82",Hospital for Sick Children,Vice President,1998,be242bb7047289c24249156d5e169ba2c190efa030beaa3c8ed739cf6f5d5932
Hospitals,"$149,986.00",$0.00,Hospital for Sick Children,Senior Scientist,1998,fa69cdd2fecda6aa6fc747d8e1bc283696f89e60d0040d9aee0cba1270cddd56
Hospitals,"$164,057.00",$778.00,Hospital for Sick Children,Pathologist,1998,3e4277da2fd58dbde1b325cf1543fad4b03b99d95f8ca16aa973fcd9b7b8dafe
Hospitals,"$253,891.00",$778.00,Hospital for Sick Children,Radiologist,1998,dee08d1513d566633e94a1b4c4cedbd09b05a118322ed2d9c3c144e6dd548ee3
Hospitals,"$105,001.00","$5,795.00",Hospital for Sick Children,Chief Public Affairs,1998,2db22b5a2f0a0712f7938a63913c59dd76459d23e7d4136f73f66a29f3f6fab0
Hospitals,"$100,355.00",$778.00,Hospital for Sick Children,Senior Scientist,1998,d07a304617e473a611108df52fceb6f32af8ecc21e6be185ebd474ac4aa7f297
Hospitals,"$105,578.00",$778.00,Hospital for Sick Children,Senior Scientist,1998,da18e31b343e12d143d26700a0fdd2bc5a2b3b2a1371909e1819dcbae1abe064
Hospitals,"$126,943.00","$6,126.00",Hospital for Sick Children,Senior Scientist,1998,dcf0a17e83bae5e8a0abb7064da3b38fb2c01a61712de342bf43c71c9544cf13
Hospitals,"$106,743.00",$0.00,Hospital for Sick Children,Senior Scientist,1998,e68a296325dd051e9d20096a67386a615ca019b6161ba0c4d1293b1bd4f46b17
Hospitals,"$239,862.00","$13,830.37",Hospital for Sick Children,Vice President,1998,41769417b5d637e9a6320584804c119447bd73c7c80d783a0d84485b48a48b83
Hospitals,"$119,993.00",$0.00,Hospital for Sick Children,Mental Health Liaison,1998,eddbeacdd0536bf008b9012a4c55d4c63d8e3963d631c9fc7fee626772c22884
Hospitals,"$168,850.00",$778.00,Hospital for Sick Children,"Medical Director, External Relations",1998,2ee84a3170ad070a3e6fe6f7c07c472306d0c28bdd5aafec6905f6e1eb7edb8f
Hospitals,"$118,464.00",$0.00,Hospital for Sick Children,"Director, Business Development",1998,1719ba70f0cd3227fd395d5007b5ff75039ab02677aa2bdbad1feab38fa4f0c0
Hospitals,"$102,375.00",$778.00,Hospital for Sick Children,Senior Scientist,1998,0e47a5a62ef2f4218294eef8a6e97de19c8935f5bf1ec6e39d32b68620d99b25
Hospitals,"$161,482.00",$0.00,Hospital for Sick Children,Senior Scientist,1998,eb65c0b8c9fc2e990d7ed26689c6d31b715ff3af634548bbce0044259cfa9a7e
Hospitals,"$202,708.00","$11,741.00",Hospital for Sick Children,Vice President,1998,f7aac432452be8aa82b5c57477db003f573fba6ac17dafa0042120626a0c228b
Hospitals,"$107,480.76","$4,077.08",Hospital for Sick Children,Vice President,1998,db41ed1f727b5fb0376764143a7375711dc22b9bbae4d37dbda21fd2f845d505
Hospitals,"$246,427.00",$778.00,Hospital for Sick Children,Project Director/Radiologist,1998,24ce73af6ef7f1ab41463453f19c3834bb1e91d26c762d2ed6eba9eb1bec8e4e
Hospitals,"$258,914.12","$22,827.18",Hospital for Sick Children,Vice President,1998,38a851e41c7f27823962b8d3a7b0606acb4b264a1e8b4390f16e7ad07d193636
Hospitals,"$142,160.00",$778.00,Hospital for Sick Children,Senior Scientist,1998,d944b6de09e13124b058298724a611415c90a33f79e0b6cd4a6999c5b1bbeafb
Hospitals,"$130,499.00",$0.00,Hospital for Sick Children,Director Information Serv,1998,303fa7321b9e2104b08c6e8c360917122a2a7413fbf80802e1d8ea09741b0e5a
Hospitals,"$111,050.00",$0.00,Hospital for Sick Children,"Director, CHS",1998,7ab70d9332f35bb340cfaf52afd86a5de97d38beac77354d35d3be5f04b9e1bb
Hospitals,"$107,313.00",$778.00,Hospital for Sick Children,Senior Scientist,1998,037a63f0230b1399540a106200d94bf3b257725dbe2d59f16ff06123b83f1daa
Hospitals,"$105,253.00",$778.00,Hospital for Sick Children,Senior Scientist,1998,547713bb56f6b716afaacf589d0a0524bb849ec236bc6ec44fecc9c5dd04af7d
Hospitals,"$113,295.00",$0.00,Hospital for Sick Children,MIS Special Projects Director,1998,9fbbdb398ebc0eee53e4a6b83fee029c95313aff25b89ce5da7d9a6a57161841
Hospitals,"$150,577.00",$778.00,Hospital for Sick Children,Pathologist,1998,0457442ed40e3a06a88f0576110c87ce1c2a2a38dcbea33e285eaf72eda889e5
Hospitals,"$163,567.00",$778.00,Hospital for Sick Children,Dentist-in-Chief,1998,62cced8b129e3f04e7c2be1d9bfa6eee551a7cc3b873460846f250c1e87cc696
Hospitals,"$110,234.00",$778.00,Hospital for Sick Children,"Director, Paediatric Den",1998,a137055fe322db46c3e92d8e271c9a3ee2e9a7a198600d9ac301458bb6a6f632
Hospitals,"$116,764.00",$454.00,Hospital for Sick Children,Bacteriologist-in-Chief,1998,59b210cd960e5fe68983b3a9bc0a74eef5975808d18a4c6c97915be710560fe0
Hospitals,"$106,074.00",$778.00,Hospital for Sick Children,Senior Scientist,1998,3715c481d438c5d15d73963374da959b747b7bfe592643b957147f9311cf188e
Hospitals,"$151,054.00",$778.00,Hospital for Sick Children,"Director, Dental Research",1998,a798c432ddf0fbfd4952fab402aeda2bfa1e716f279d7d7b1c4bfaeb628f357c
Hospitals,"$126,376.00",$778.00,Hospital for Sick Children,Senior Scientist,1998,516081d45ba89513bd67c62f62101600efa2d00e7d977708d615c2810fcba343
Hospitals,"$107,999.00",$778.00,Hospital for Sick Children,Senior Scientist,1998,d866f66d51f6f6fc89e5d6f5efb7d0f2bd3b9588bce9e271f90e17168565e4cd
Hospitals,"$122,625.00",$778.00,Hospital for Sick Children,Senior Scientist,1998,0153521553aeb1a26c58d9570f928ff92d7e44e4fee9e72ff5d9fa9df1e620e6
Hospitals,"$232,072.00",$778.00,Hospital for Sick Children,Senior Scientist,1998,391a952f355d68d537089840308629d127bed34595c12f5e58d890b5e19d6f3f
Hospitals,"$208,041.00",$778.00,Hospital for Sick Children,Radiologist,1998,d60abcff625593dbd737439aa4b9b54bc94ad1fd78367f96ccc9a8126260410a
Hospitals,"$130,627.00",$778.00,Hospital for Sick Children,Bacteriologist,1998,ad3aafe6411abe6f90a2f05d0fb0dbb494c4a18fded1bc8bbf6dc833b3117e9c
Hospitals,"$297,069.00","$4,831.00",Hospital for Sick Children,Paediatrician-in-Chief,1998,ab04a4d0741145cc4feee74eca6542252df08f283ba23c6f8726209f5202ea59
Hospitals,"$176,754.16","$11,399.33",Hospital for Sick Children,Vice President,1998,9e378bd8d068318aeaecb8d9c192e5a0692dbaa0815789bc19c155376b1531bc
Hospitals,"$113,968.00",$778.00,Hospital for Sick Children,Senior Scientist,1998,d0db9e8cc387c43dc4f5ea53d19371ef596f281b36b66cbb5c7129bbfef5f9cc
Hospitals,"$112,829.00",$486.00,Hospital for Sick Children,Haematologist,1998,515c93c8da9d39c8f7f62554bbbc5964df38b6a65a32cd1db7240e55830ee355
Hospitals,"$107,799.00",$778.00,Hospital for Sick Children,Senior Scientist,1998,7f24930685db6c64924d160341eb38af52f56e8b1e430c08bd0b461e5053fa26
Hospitals,"$177,500.00",$778.00,Hospital for Sick Children,Radiologist,1998,04331fc271875837a14b1a306bc71565d6bf2b172520ce5ea84ddde142383915
Hospitals,"$120,006.00",$778.00,Hospital for Sick Children,Director Genetics Lab/DPLM,1998,11907a2564333ad2db2df3bf385fc07555fff1e004e8a459dbc1ea60c479fbf0
Hospitals,"$183,304.00",$0.00,Hospital for Sick Children,Chief of Nursing,1998,21cb956bdca45a2057e0c7c30038e810f7b0aa810dabf582e1f7d3f34fe5338c
Hospitals,"$123,217.00",$778.00,Hospital for Sick Children,Bacteriologist,1998,f0662dfa48287ec12f910c018acae2f0879c1865d49702b00f0e0f06fe6c3599
Hospitals,"$135,266.00",$0.00,Hospital for Sick Children,"Director, Strategic Proj.",1998,59a754b16b36f2fc07fb831e26c5089fffd32aa2d58feebed398db6900070b68
Hospitals,"$121,291.00",$778.00,Hospital for Sick Children,Research Scientist,1998,94ff483c8642a3d912116d7b6920158826263cfa1f526b36fcea900bba896a62
Hospitals,"$116,127.00",$0.00,Hospital for Sick Children,Staff Nurse,1998,55a59c80913b827b44d962cb693f8208221bbb60d66691eaa8999f40e1b19419
Hospitals,"$134,682.00",$778.00,Hospital for Sick Children,Senior Scientist,1998,7a87f52aebe1d4a227ba0f25af2e0ec7f4fa5b82f470c01bd3abd9ed38f8e30b
Hospitals,"$110,684.00",$0.00,Hospital for Sick Children,"Director, CHS",1998,b750058f8c83bd2ddaca23841399a7863084403a688042ecc8deca39627f9b5a
Hospitals,"$182,143.00","$4,831.00",Hospital for Sick Children,"Chief, Professional Services",1998,cf47bf1bab2e24ea916b970781183b12be7be82a26ed89c051069cb922912c0e
Hospitals,"$202,732.00",$778.00,Hospital for Sick Children,Radiologist,1998,45c8c378df3fdfe4dfcb10072336811986ee5df19bc8c6cef952b220439c2dc1
Hospitals,"$111,285.00",$745.00,Hospital for Sick Children,Pathologist,1998,0b0a2fbaccf3d81ebe66aef73fddcc193bfd5251e455a3864338dd5c3a7e36c4
Hospitals,"$164,801.00",$778.00,Hospital for Sick Children,Pathologist,1998,71274089b7d548b29c5a63984772d4e8071d7791d4e9ffc88cf75d5ac6b9cceb
Hospitals,"$114,476.00",$0.00,Hospital for Sick Children,"Director, Med Techn. Pla",1998,0a13cbee320f3a1e5ad3b4c92a1b4eef3d0565c733de0911997a1f24f1e0c159
Hospitals,"$458,888.00","$83,363.00",Hospital for Sick Children,President & CEO,1998,8ed45e30d59510889d016b5500fbd4a1d7f1154f74770f8926a4ef5cc7ab04b9
Hospitals,"$107,125.00",$0.00,Hospital for Sick Children,Systems Manager - ICU,1998,c2a1c29e475039e56ccfdbf6386187eded88f00fe76152d333ed88c0583477e5
Hospitals,"$173,046.00",$778.00,Hospital for Sick Children,Pathologist,1998,79a5e50bd1b8d7557741a48298385f0894ca68c41d7d15f9cbacf00007c3cd72
Hospitals,"$172,940.00",$778.00,Hospital for Sick Children,Pathologist,1998,d0db0e3fa42a2ba8db31689a9e64b4ccb241994fb2490011e2a37b939d7d8e84
Hospitals,"$105,644.00",$0.00,Hospital for Sick Children,Systems Director,1998,c2c05d24bf47ac72f703b1557e07697170338d92add1d0c2eae358937a3314c9
Hospitals,"$110,234.00",$778.00,Hospital for Sick Children,"Director, Orthodontics",1998,f953ef9af4bd00568fc4d4f9ad5711393571372fe8f14ad309369db6b7cf9bba
Hospitals,"$186,514.00",$778.00,Hospital for Sick Children,Geneticist-in-Chief,1998,b80ecc072fe767fdb1e1bede3f6ee9ac27b07306b44f40c672a1501585ee2550
Hospitals,"$123,596.00",$778.00,Hospital for Sick Children,Senior Scientist,1998,dba0b70b0f65c78c72ff26f30f011cae39ecde864065782d2c76912ef8ac465a
Hospitals,"$369,025.00","$64,020.00",Hospital for Sick Children,Surgeon-in-Chief,1998,ffbf8c196e194b5bdd2be941c2c12abcc32e5d748a70d9f68b7a1779d0c03ca2
Hospitals,"$130,836.00",$583.00,Hospital for Sick Children,Radiologist,1998,de4da59b883007d3feab061743534995a13a6dcf072061f22031745c504244b9
Hospitals,"$166,421.00",$778.00,Hospital for Sick Children,Pathologist,1998,828c05bcaa167a978850bf60eb60dc231c2590f2aad37bd01e3021eca61868aa
Hospitals,"$134,142.10",$357.12,Hotel Dieu Hospital,Lab Pathologist,1998,101b71bef8ed317df713ca372a7fa3f81d037401751b09379c4762eb1a6692d7
Hospitals,"$227,630.36","$21,698.42",Hotel Dieu Hospital,Executive Director,1998,57d8894d79788420be5abb00751d9fe1984314548ef00398cb702672e371239d
Hospitals,"$107,354.34",$288.06,Hotel Dieu Hospital,Lab Pahologist,1998,fbf25338304acb44c92cbe00cce249c7e231486bc0e542709c8258b85e576ec6
Hospitals,"$122,620.50","$7,069.95",Hotel Dieu Hospital,"Asst. Exec. Dir.,-Planning & Hosp. Svcs",1998,9c22658d37345760702a9503324adcf44aa30f2345e8028c892c19f4087e772d
Hospitals,"$123,026.70",$329.82,Hotel Dieu Hospital,Lab Pathologist,1998,8d37fc95a1f55b25e2de98b01bb604012423a6823ad2072504c592f88c025a6f
Hospitals,"$109,704.57","$8,272.76",Hotel Dieu Hospital,Asst. Exec. Dir.-Fin. Svcs & Info. Svcs,1998,611efce54c30b54829fa1d6e987d155e88c0aad1f9c0d3e55b4bcf10abc085c5
Hospitals,"$109,162.42","$8,272.76",Hotel Dieu Hospital,Assoc. Exec. Director-Patient Services,1998,9cfadd41bf9869924e932961589b24aea38ff01b3e5f1e182b52f7c7b6e6e924
Hospitals,"$107,445.78",$285.66,Hotel Dieu Hospital,Lab Pathologist,1998,d117e701622950637d2db74c7c36787b4444bf1a5832bd7c3a9c6b7023482350
Hospitals,"$153,940.00","$1,663.00","Hotel Dieu Hospital, St. Catharines",Executive Director,1998,6cd4d7e86d92a047f104c29a2789741f1a86fe20741eda8ff38a41f14df67db2
Hospitals,"$164,496.00","$12,987.00","Hotel-Dieu Grace Hosp., Windsor",Executive Director,1998,3955be7ddf4771c686c3eae37133e69031080af22f7bfd53fc2f1b14315e824e
Hospitals,"$145,507.45","$5,791.12",Humber River Regional Hospital,"Executive Vice President, Programs",1998,ea8cc75262405d5fb77204d2aedd59dc8212608d3e60fe5e37f1e18ef51b604f
Hospitals,"$204,827.79","$9,011.14",Humber River Regional Hospital,President and Chief Executive Officer,1998,587ec372597697b1ecf955bcbbc0e159bd066df90defab72b7106c1de0765986
Hospitals,"$124,456.29","$5,676.72",Humber River Regional Hospital,"VP, Finance and Information Services",1998,a8dbcc2c5e73de7fd83f814e6d57265a2aaa77d50bad8e0138ef00199728beee
Hospitals,"$123,115.00","$5,638.63",Humber River Regional Hospital,"VP, Planning and Support Services",1998,215fd4682c9fb082c7f7f1b10691c898234b2c7d31380b71c22bf91c626f8374
Hospitals,"$117,123.87","$5,600.54",Humber River Regional Hospital,"Vice President, Corporate Development",1998,bdaf26d40d535b52c9c323457a565ff846f041a818d9436dcfd0d6c0c6103227
Hospitals,"$129,998.77","$1,707.48",Huntsville District Memorial Hospital,Chief Executive Officer,1998,00e865adaaeb61895dbe4a715c4b94ce3b0d54fae3cbc40f19f66e5844148576
Hospitals,"$164,121.74",$605.94,Joseph Brant Memorial,Chief of Laboratory Medicine,1998,462aabb0939dde50d54d434fe8f74d27c8d5a1e658b1c2c30ee4313a60daba06
Hospitals,"$146,514.10",$771.64,Joseph Brant Memorial,Chief of Laboratory Medicine,1998,fa6b78853c85149417a475d5b9789f6572bbeca11915712ff3e3a461f1fbf91a
Hospitals,"$143,710.71",$778.51,Joseph Brant Memorial,Pathologist,1998,7e7d861a2f3df3184832e33f8bd032668a6d195bf5cff60d08bb3e3d33110606
Hospitals,"$152,223.15","$10,781.64",Joseph Brant Memorial,President & CEO,1998,e795aba49766e0a90941c64b6e1779220725cdeb185e584ae95aa0b6fa26faec
Hospitals,"$120,550.02",$415.74,Kingston General Hospital,Anatomic Pathologist,1998,1284c2621c8d0c8d7147f1f053aaa38acb3ce2de43600f018e08645fcf62828b
Hospitals,"$122,400.00","$7,771.79",Kingston General Hospital,Vice President,1998,ae41914d505d55131b19eed8fbb08af5222941381edf55b7b97098ffc2a183ae
Hospitals,"$105,637.98",$366.56,Kingston General Hospital,Anatomic Pathologist,1998,885d463098685fc2f4c0f84c7d52cfcf82b57855c82ee1b3d15346d72eb9675e
Hospitals,"$123,349.98",$426.01,Kingston General Hospital,Anatomic Pathologist,1998,b0b880097ea3eb5bdb9614c3438ee5dc60214be20ed45ed23c79ff498483aeb5
Hospitals,"$202,299.96","$7,385.58",Kingston General Hospital,President and Chief Executive Officer,1998,6b5f574fdf6fd2e5c76f10eaff34f1264a88ca793407362915ca4068d1bf49a5
Hospitals,"$108,666.64","$7,571.20",Kingston General Hospital,Vice President,1998,9755a6416009fad8dd807bf77744ae7db09091b40a9db23531c4c318ad770f74
Hospitals,"$117,266.04",$404.55,Kingston General Hospital,Pathologist,1998,b3703db8c0c169f74c95a30a712a4ac7670e45a13fab1ae59cab216e3a0ceaa2
Hospitals,"$116,774.94",$379.96,Kingston General Hospital,Director of Neuropathology,1998,4ae25537cb43acf8f2fccf9c906d09b98d84f47b402b210d3cdfad37c28055e4
Hospitals,"$109,275.00",$379.96,Kingston General Hospital,"Professor & Head, Dept. of Pathology",1998,4e72db0ce7feda62b077905ac84f4fea7bb50707560e06fb5cd24f0be9559af6
Hospitals,"$120,000.00",$414.70,Kingston General Hospital,Neuropathologist,1998,cb4eaf5d9538d386ec27044b60e736fd5e3d71050338832e9a7806c4c5b39b3d
Hospitals,"$133,500.00",$460.52,Kingston General Hospital,"Deputy Head, Department of Pathology",1998,b7163bc5e5defafe5c62661485c5d6be438347dfb42229b77824983098c6ec25
Hospitals,"$121,304.46",$419.05,Kingston General Hospital,"Director Division, Anatomic Pathology",1998,20850ea20458bb1ccfdecdf69b544f72c057c4e6190fa3a64865ddb58ea6e8bf
Hospitals,"$115,005.80",$460.92,Kirkland and District Hospital,Chief Executive Officer,1998,ab3e79028c3fe9cbde652a86edc705c50e7a065432a5b56df1c3bc65a85470c9
Hospitals,"$191,096.12",$562.56,Lakeridge Health Corporation,Interim CEO-Oshawa Site,1998,d98424580809a2c8851683ec08a9e23a3aca7273790fac99620307ac2b6a9a56
Hospitals,"$119,422.52","$9,186.73",Lakeridge Health Corporation,CEO-North Durham,1998,ced8a70d45d2b2419487f9a4c446ed37ef6fcb7bc70bc5473e15d1721bc3fd5c
Hospitals,"$114,922.00","$1,422.00",Leamington District Memorial Hosp.,Chief Executive Officer,1998,162873a8847be1c499709e3972cb798dbd67a039811d02ef902f6d116c57a7b7
Hospitals,"$133,984.05","$15,913.41",London Health Sciences Centre,"VP, Networks and Alliances",1998,9be903685ac26c7c57bdff43b75d0f40809fe13bdc1b700d59357be361a7601b
Hospitals,"$138,999.60","$18,623.04",London Health Sciences Centre,"VP, Integrated Diagnostic Services",1998,ccb2ccca7f33494028b9a23f951c33ec3ea6e7fd58a060dcd39ebabed8a229da
Hospitals,"$144,407.63",$365.73,London Health Sciences Centre,Physician,1998,84a4c08d85322707b6f9fe375305e5efc1d9e27f3c7ba46c0546d6844e0941cb
Hospitals,"$125,538.30","$8,100.00",London Health Sciences Centre,VP Finance and Information Mgnt,1998,7159f19e9ceafb2f90ee96651d9fcb312e5e71c8805b4ef1bd1ee7ac97b2d663
Hospitals,"$175,672.22",$445.20,London Health Sciences Centre,Physician,1998,aa406546f5a96c02c5c313e66c2f354ebd635dba51281f9f89784fc9805f054a
Hospitals,"$123,899.18","$11,007.18",London Health Sciences Centre,"VP, Planning and Facilities",1998,7d5bc20e8158df14e79103a7a34a4231a781be6331d88c84acc81c91bae913e5
Hospitals,"$110,096.48","$11,028.96",London Health Sciences Centre,"Executive Director, LHS Fdn",1998,1f8f628694cf58b3ac1e51046fd42449f4ee9b48494bb768288b135e1619add4
Hospitals,"$324,999.81","$19,232.67",London Health Sciences Centre,President and CEO,1998,b833726866512221b556bd071226c3a91a6211f5d9a2a291d77592825ced775b
Hospitals,"$154,832.07",$393.72,London Health Sciences Centre,Physician,1998,3031ca857dd6b09a545987d3bcae583955947e85eb8c2440a0dbf630e4a90b7e
Hospitals,"$139,218.41",$353.04,London Health Sciences Centre,Physician,1998,e9d32430730059c26a133d080dc6fef9c3e024ce38da9da319206e1821d4c775
Hospitals,"$138,999.60","$17,820.46",London Health Sciences Centre,"VP, H.R. and Corp Services",1998,b38ddabf92bb7fc55d85eb798c607e5b04dc8119f25cb40b80b51350e511b516
Hospitals,"$165,633.92",$419.76,London Health Sciences Centre,Physician,1998,7354f09d68edbfc5698c67ce08c80041f11dbacc61aec6e4aab809ddf6bd8170
Hospitals,"$187,354.10","$9,457.00",London Health Sciences Centre,"VP, Research",1998,abd3335f4c0662934055a9f0d020e9b0d60cec85d8c41f2ceb490be07f7c9bed
Hospitals,"$115,383.83",$305.28,London Health Sciences Centre,Physician,1998,a0efec439b345473c226fe3672e28afa1d5e97133de7b8c50bd593c1d7cabd1d
Hospitals,"$133,407.60",$281.72,London Health Sciences Centre,Physician,1998,08916fe3d91b809be4820deb553a3944a2e96a402f6275412ba6b9712a94d7b3
Hospitals,"$138,637.20",$323.62,London Health Sciences Centre,Physician,1998,2c8cf7be4ae01a80dfaf6ce547bb17143c2da530c0922c6fd0a9606b0b77fd44
Hospitals,"$134,727.47",$342.84,London Health Sciences Centre,Physician,1998,2e82b8a8aec5d2312ceb90e1c4b6cb457d0984466bba044e877717b6e659851f
Hospitals,"$125,000.84",$318.00,London Health Sciences Centre,Physician,1998,1a84bc1e0bf357f06ebdd511d014da67242b2548c68dad0e94b2e47c4035ba84
Hospitals,"$175,672.21",$445.20,London Health Sciences Centre,Physician,1998,77f3c19bbc4c0dd06fa7893d5c3eb670ec0dd56e5841481de8f42934f859979e
Hospitals,"$108,603.04",$271.17,London Health Sciences Centre,Physician,1998,e55ae54c68150b28c4a75bb2b838bd61aa84f2effe45d8796ad33a615ede77e3
Hospitals,"$138,903.81",$353.04,London Health Sciences Centre,Physician,1998,1b587dd0396ae50140597d77c952b4a6d813a903f967df3c422591513cd3471f
Hospitals,"$156,834.53",$394.32,London Health Sciences Centre,Physician,1998,8808b3ce8bb5a2fbe60b527df45e05a3cc301a0869aaa7809a1000d2636d959b
Hospitals,"$151,408.11",$383.52,London Health Sciences Centre,Physician,1998,5ecc0da0975f471a90f070c19d3b2689125377c77dc4115cb8829297502f1696
Hospitals,"$143,408.32",$363.12,London Health Sciences Centre,Physician,1998,54b43a41d1c2e1b5c854c92ec492ec4abc0065827447fe0ae76389c32586529a
Hospitals,"$158,407.71",$401.28,London Health Sciences Centre,Physician,1998,2958ce26c2d1d958858411bfbeed58de423c1afd7ba082da28937a142deafcb5
Hospitals,"$138,999.60","$16,793.57",London Health Sciences Centre,"VP, Patient Care Systems",1998,22a80a01958667fc71269dcb7851b8e6bbaffcbc504546785c32f275c49781fe
Hospitals,"$101,948.76",$274.54,London Health Sciences Centre,Physician,1998,b6f6f51d108418b531459f887f5caf974d2c2dac9eb537ba04792d6f7ffcc569
Hospitals,"$170,510.73",$429.30,London Health Sciences Centre,Physician,1998,edd51dd5db4a036ff286c7b3a021adba347503c48910ea50876df04fea3b352d
Hospitals,"$138,637.20",$323.62,London Health Sciences Centre,Physician,1998,b66116a12b9b7c4dd320d79d2b883b0684c0bb8143d1fe0d739b8ba54f1d3071
Hospitals,"$145,407.98",$368.25,London Health Sciences Centre,Physician,1998,0e3236b6bd1acf68873ee5a59c4e22d9b0f9042a6d3f305d16becf1eaa5b34c6
Hospitals,"$173,795.58",$483.21,London Health Sciences Centre,Physician,1998,e9350a7f111c42b82dfc244a44b68e092e07f7e711a2ead01db72198acdf6368
Hospitals,"$175,672.20",$445.20,London Health Sciences Centre,Physician,1998,fad7c598510e921ca8735896983c6f5df24db374920953db54102d5a090d48f5
Hospitals,"$300,462.14","$1,337.04",London Health Sciences Centre,Physician,1998,770bf5a409909b74531f49191175b9e6c4cbfa4772908db7447c1065185620a6
Hospitals,"$123,138.62",$297.66,London Health Sciences Centre,Physician,1998,75a9b7a7545bfe8ee9a7bd6a1e6e78595a3dc2a97258167597ce06750329ef2b
Hospitals,"$123,408.00",$312.24,London Health Sciences Centre,Physician,1998,d88b5e52d53e850d16a6cc17d1bac86d6114df68ebcb0c15dd22281fdda9b837
Hospitals,"$108,119.15",$466.53,Markham Stouffville Hospital,Vice President,1998,5dd47d0248f12639e22a1dec6a6659ffcb50096b4863a4af1d9282e83aff202d
Hospitals,"$183,636.54",$238.20,Markham Stouffville Hospital,Chief of Lab. Med & Med. Dir. Lab. Serv.,1998,6736de90285c9163ce9ce54166f288d59fc4fc6a88dc102e79b6175f5771d30a
Hospitals,"$147,789.59","$6,868.33",Markham Stouffville Hospital,President and Chief Executive Officer,1998,7e56d7286fb125bf491d5f820f00c5ffd535897771cfe27b722213391b48bc8d
Hospitals,"$106,441.00",$0.00,Mattawa General Hospital,Executive Director,1998,09e01b4446e1bf6043419bdadb4d980f9c993231f7f221a5e9ee0ba8e0ae10fa
Hospitals,"$142,308.13",$638.28,Montfort Hospital,Pathologist,1998,0ff95b5a9799cc406101df3cea9706588107bf50ece4cbfb22f0bfbd94e65992
Hospitals,"$169,024.10","$9,285.24",Montfort Hospital,Chief Executive Officer,1998,60ced0bfffce7d910885875e547d07c31e1980dd611a32139a3b4233a4680938
Hospitals,"$135,230.76",$338.00,Mount Sinai Hospital,Researcher,1998,182a32de35fafe8623a5ff9c6f9db458992ba6e6527070db40cb58d9cb57f27a
Hospitals,"$168,322.97","$1,269.06",Mount Sinai Hospital,Lab Physician,1998,6d86cd685f1b6141f62f76674112e03597d5ff396ebb01db2d49fa44df4ab114
Hospitals,"$174,568.90","$1,319.48",Mount Sinai Hospital,Lab Physician,1998,b3aecb9cca692195635a26b941548b2e142bee4b234f4df0b9398084a03c244f
Hospitals,"$237,499.99","$2,942.10",Mount Sinai Hospital,"Director, Research Institute",1998,b231b3d4f5727f6a9890b5dcc72a07f06ccf7ae947166c70051526a541145c41
Hospitals,"$166,787.49",$286.00,Mount Sinai Hospital,Neonatologist,1998,2b6a604fa5100bb834325bc492ce52ed92cde18d9c71d4bdcfbc60d9d04d9870
Hospitals,"$154,138.42","$1,244.13",Mount Sinai Hospital,Lab Physician,1998,5343b7d312aa53b7cebad50ea111aaa8cd7daac1e59e774dd8c8371854a33246
Hospitals,"$101,372.65","$1,472.43",Mount Sinai Hospital,"Director, Materials Management",1998,fe49b67b5bd85a4f1dd9161603c483eaa88e6a20a2b2fb5aa891b21f0f529942
Hospitals,"$130,892.33",$338.00,Mount Sinai Hospital,Researcher,1998,3ba1e3b9a231c455873cfbc853dc90daf2e0a5786007e960ddae567a33adbe6d
Hospitals,"$261,929.98","$10,283.16",Mount Sinai Hospital,Physician in Chief,1998,a033e93bd36a24c24a8e120b5ae446596c0a0db4e9a167781ac5a0629d8d58bf
Hospitals,"$169,393.87","$1,301.81",Mount Sinai Hospital,Lab Physician,1998,e919b38846ce298612cb2c9e4510463724a62ce7ad0e6f4feb3bfac01ef3330e
Hospitals,"$174,123.26","$1,315.77",Mount Sinai Hospital,Lab Physician,1998,6d26edfd88f73f39060696d3972553e232e3682a1e99bdc7484e0202bca8e055
Hospitals,"$297,446.78","$12,023.19",Mount Sinai Hospital,President & Chief Executive Officer,1998,43bb858e30cab6817e2277b1746edb08285f38033322ade7e59bad306d63ccf5
Hospitals,"$129,582.51","$8,576.04",Mount Sinai Hospital,Vice President,1998,d4b3f8b8fdc8c5034203a00e4a204747e39108d3497ce0df3a39e944bce328e7
Hospitals,"$149,220.17","$8,723.52",Mount Sinai Hospital,Vice President,1998,e413edcd3cb5eac170dca53d0b27bec0e28dd894bf224beaa431c3730d8db19a
Hospitals,"$128,738.44",$338.00,Mount Sinai Hospital,Researcher,1998,0fab0b642591cb76cf395947bdaf1a17abafdb05635104aedb51d4b914b8dbdd
Hospitals,"$172,071.98","$1,323.46",Mount Sinai Hospital,Lab Physician,1998,5c0e3f716d8b9cd37e35caa24b7e3e7d4cf11dbac33927ae1d94e507904a3091
Hospitals,"$159,797.82","$1,244.13",Mount Sinai Hospital,Lab Physician,1998,ad7b983615b480b45ceeba8b74537a8a20f1a6bdf279ac869b3bf87e80077619
Hospitals,"$166,588.55",$338.00,Mount Sinai Hospital,Neonatologist,1998,697d0a6cd0e3ec241cfc72da4cea44b757018942c7b646637b6444cb21205d03
Hospitals,"$165,298.47","$1,268.82",Mount Sinai Hospital,Lab Physician,1998,857bad05be12a96f442cc5b93ad003375a718cb70a87d1737ee7445446d7e011
Hospitals,"$170,454.00",$338.00,Mount Sinai Hospital,Neonatologist,1998,5d71781ead21ffdff1a6579f2c3943c554e5025eb77e714ba47811c079a44223
Hospitals,"$100,094.60","$1,973.89",Mount Sinai Hospital,"Director, Building Services",1998,47cec69707bf61294787e83848de30a0add2b64c74ee427bdd605c45ca04ac1f
Hospitals,"$179,245.97","$1,371.67",Mount Sinai Hospital,Microbiologist-in-Chief,1998,642ee1d330e924df631c9f8a8004f5f20197fca15d19958e04306c88dc9868d1
Hospitals,"$143,486.87",$338.00,Mount Sinai Hospital,Researcher,1998,b4d90f6d3288559cbec5b3500dfa3e6c49b66aa4c290dbbee6c334784d6ddd43
Hospitals,"$154,138.42","$1,244.13",Mount Sinai Hospital,Lab Physician,1998,3d3e182aaf1731cce0b1f34e4b2da913aaf2a69d18a78ccc645df27b25d207bd
Hospitals,"$238,041.78","$11,420.02",Mount Sinai Hospital,Executive Vice President & COO,1998,aaa06d544652a4183bfbe52f1a2bdcc7d9ea94621b328dc8d3db7f3b5e40fb34
Hospitals,"$160,138.42","$1,244.13",Mount Sinai Hospital,Lab Physician,1998,4114677ab29dac395f6b4730d6309bfe530cd637bceed29a13da2ecea24fa318
Hospitals,"$161,978.42","$1,244.13",Mount Sinai Hospital,Lab Physician,1998,edec927fb67a2af6e3d97ac7d090946b80dfcd9454176b82c909ff943124368b
Hospitals,"$176,276.91","$1,333.20",Mount Sinai Hospital,Lab Physician,1998,62a38ff7b5193b3764f0236980595a36a13ff87d3256d8e4f1dfebfa407d024f
Hospitals,"$118,889.98","$5,247.71",Mount Sinai Hospital,Chief Information Officer,1998,dfc41246655b78b7285f8e0ce002d2ee410aa5d51de50e66ffc923fcfda0f118
Hospitals,"$141,415.95",$338.00,Mount Sinai Hospital,Neonatologist,1998,0a97dc0c75d5186dbda8ebb0435fad19bb4ba0b70f854f8dd963b91eb065d1b3
Hospitals,"$154,816.32",$338.00,Mount Sinai Hospital,Researcher,1998,440c01d311faee275b6b197d2badaf381bc2872811d1e7ef494e99639bc9d795
Hospitals,"$279,361.74","$3,553.92",Mount Sinai Hospital,Pathologist-in-Chief,1998,7c13cb3537d1d6024c0aed9e8c8a90584532e7fd0d07382adf03186c1d9edfe7
Hospitals,"$156,115.63","$1,244.13",Mount Sinai Hospital,Lab Physician,1998,5be8dcf652da119b574a1fe4572f0e36984684807297ccbcae04376246e0f68e
Hospitals,"$137,751.51",$338.00,Mount Sinai Hospital,Researcher,1998,de4a01103ff53b1bf00f6a9603a83876b8359ca8c7d210c77932361c60fa7443
Hospitals,"$162,098.58",$338.00,Mount Sinai Hospital,Researcher,1998,fa71771d03464103e7cf5a8cae5ff4519d18e3c34f561934314a039b2ff364d3
Hospitals,"$169,735.18","$8,876.82",Mount Sinai Hospital,"Vice President, Nursing",1998,f7b0e9ef7406313e3e85735a4bfd807865306e52aa505c641e0dd08fe79d9350
Hospitals,"$143,985.98","$4,840.36",Mount Sinai Hospital,"Vice President, Finance",1998,c45ad9a728d7f9b338e021e00be4a60730a3f56dc864b5abdcf8e63dcdfa4d03
Hospitals,"$128,857.90","$1,039.44",Mount Sinai Hospital,Lab Physician,1998,c883f60f597f62937728739eb641f1307cbcd86a0b6ef438173074a23e548efa
Hospitals,"$117,668.22",$535.44,"Norfolk General Hospital, Simcoe",Executive Director,1998,17b95f84bde0c2c745572d2d8d526212edc54f39ebdc86df48f5663ba66bfed2
Hospitals,"$137,310.92","$7,233.62",North Bay General Hospital,President and Chief Executive Officer,1998,654a06edba776cd4082377e85f99b4fca30ac326424ffb4643469e659f017fd8
Hospitals,"$142,077.41",$368.04,"North York Gen. Hosp., Branson Div.","Pathologist, Sr.",1998,8f19ab4e06054699391f20bc4ddfef8b9931ceffcba5e7f30e3964faed380714
Hospitals,"$174,001.08",$245.36,"North York Gen. Hosp., Branson Div.",President,1998,b99bed680d28694223da357e446261c7bb246ea6205b6735cfa09e26107aca18
Hospitals,"$147,528.26",$368.04,"North York Gen. Hosp., Branson Div.",President,1998,8bcab079c820a41c9f22a8e600a790bbd62729d4f597f48b39f2d86e2a9191c1
Hospitals,"$101,884.19",$363.16,"North York Gen. Hosp., Branson Div.","Vice President, Patient Services",1998,2dfa0390ccb188233d8da879afcedfdc120d5e9fc055d77cdae2564a0f344fd9
Hospitals,"$131,549.84",$214.69,"North York Gen. Hosp., Branson Div.","Director, Laboratories",1998,24abff6f3693507bdc639cb69ba45d9e57bf00e4bb5b2af749f0c86945412c90
Hospitals,"$100,032.13",$147.25,"North York Gen. Hosp., Branson Div.","Director, Financial Services",1998,3dd841f26ab131247067d0612657448050d69311c273e1b4a195ff7d95f78236
Hospitals,"$143,715.25","$1,133.44",North York General Hospital,Vice President,1998,099886a4e1b7dccaa77be0794bc19e3bf5fbc5d9d554a7584fb447cb112cb48a
Hospitals,"$108,728.18","$1,064.82",North York General Hospital,Vice President,1998,d746edc70ec22eeb215e763744809513a6ed3721fcdfa881349e8cbeefa18a49
Hospitals,"$134,715.31","$1,133.44",North York General Hospital,Vice President,1998,211944bd7d41eb4db7d0175802e6ddd0743ebab07c3f3608359312d7a199e188
Hospitals,"$108,496.53",$516.11,North York General Hospital,Chief of Psychiatry,1998,23ca51b3767ca7a63eb6b1e5a05ac2048c296af1479df6e43d42b1a608c36bc5
Hospitals,"$149,766.92",$720.84,North York General Hospital,Pathologist,1998,07a78eee93932c799fc12ad3703ec80f29494f6bf74b047d57177775b7ebfdff
Hospitals,"$218,577.10","$7,762.82",North York General Hospital,President and CEO,1998,6ee9cc09b9dd446d379acab4cd794687946d29bef72a26785c5ca6f8ee760bcf
Hospitals,"$157,286.59",$761.34,North York General Hospital,Geneticist,1998,83c3dd6ed6353410869e2df174982db4393778bdee75d2c2ec5b2ebc2357dc7e
Hospitals,"$149,766.94",$720.84,North York General Hospital,Pathologist,1998,df4abd04010f1fdd03073cb76d87769238a4dff68fe4393406efe77097797aa7
Hospitals,"$146,815.01","$1,146.64",North York General Hospital,Vice President,1998,ea0d9e027fc91c18517c1bcc5499772b51b3da7c86abe2fa9ef17ab17e6101fb
Hospitals,"$140,943.34",$685.20,North York General Hospital,Geneticist,1998,d5c89ac084d8e6f95fafe819f23b1d7cb8e1ec83e8f5a4e0dd0e3f7e6725b5b0
Hospitals,"$194,321.49",$942.04,North York General Hospital,Chief of Laboratory and Pathology,1998,93fa4383b0e7c8ea61621561f8ad7e9737d2f08d0ae73c50a9018fd0f6c77d5d
Hospitals,"$149,766.98",$720.84,North York General Hospital,Pathologist,1998,3833b499f5de7955e59a3b765b50b8c38f1559f3a08da23f7ea8aa31c9bc2dcf
Hospitals,"$134,587.40","$7,353.39",North York General Hospital,Vice President,1998,d188cdbc6cb836fb4bd4910641ac1a888564576e200356be899885889ac55f7f
Hospitals,"$153,122.69",$740.58,North York General Hospital,Geneticist,1998,524813b191e97a9377094dd5153a0616092ddc75386384aa5e15b0b1ccc44d1e
Hospitals,"$188,817.26",$851.08,North York General Hospital,"Chief/Medical Director, Genetics",1998,d71b34c1fb90a1f775eff0ca60878c52f7175ef6d736256a5b974e6ece5d05ed
Hospitals,"$125,635.22",$628.18,Northumberland Health Care Corp.,Executive Director,1998,40b4643a19a76f4f67c692656903df52fb010a48887025a2b60afdfc89590703
Hospitals,"$118,627.00","$12,130.00",Oakville - Trafalgar Memorial Hospital,President & CEO,1998,449d8e0489390bdda174b91f270b6c6f4266ae536192c4cb26631b3208a4e193
Hospitals,"$139,999.86",$604.80,Orillia Soldiers Memorial Hospital,Chief Executive Officer,1998,f448d6189cb4c3ec7ab6453e819813f9fbba99406ebdb4589f593bc9dcf0880e
Hospitals,"$145,896.00",$548.64,Ottawa Hospital,Pathologist,1998,dae2997d310db932e5d5bd19fa2da3cc86c038bf1887e33147cc32fe6feb1b2a
Hospitals,"$150,786.31","$10,453.60",Ottawa Hospital,"VP, Finance",1998,d43853c53c9b5147c0667d74759d421ed059725a6bc0c7d3687b42b30018bddf
Hospitals,"$156,473.44","$10,468.20",Ottawa Hospital,"VP, Human Resources",1998,8f0cefc4202ce2474ab6bf283dc9336591ee5ab5fed774e5cb55962bacb11bdb
Hospitals,"$127,509.04",$719.44,Ottawa Hospital,Laboratory Physician,1998,38e0b54f02b144f1d32a9ac59664e2ec0389253da9dd1577a6a3289d3954347c
Hospitals,"$133,985.08",$396.80,Ottawa Hospital,"VP, Nursing Services",1998,919ff32c7a2ab9ceb342348ab7731ef689451d9b60f664428197363573146c86
Hospitals,"$111,546.93","$10,386.64",Ottawa Hospital,Associate VP,1998,fb1e56e4ced6653fcf28ebfaf4a62fcba27521107c705bdd6f4ead967b3b3380
Hospitals,"$145,896.40",$548.64,Ottawa Hospital,Pathologist,1998,11c7d3935e286822ebec30f29e3f29507698f16dab8801ae5317c98eb9f1f2e6
Hospitals,"$145,896.42",$0.00,Ottawa Hospital,Pathologist,1998,b226c072c405742107b23fef6b7be315fdb5480edf41f6b6aa5641cbb4095a27
Hospitals,"$103,904.18","$4,096.63",Ottawa Hospital,Senior Vice-President,1998,bffdb76c3d63250d00ea23f5af2a0d762863d05151b6d7b22cddd544d26d4e00
Hospitals,"$121,090.53",$683.08,Ottawa Hospital,Laboratory Physician,1998,296530c97b921041ec93f42781a1e54e84dbcf3ffdef4dd411374425d7ab5133
Hospitals,"$113,164.69","$1,149.40",Ottawa Hospital,"VP, Finance",1998,de18a24b3cfc587c722ca2bce774a72ee31fbeb08a0693ba551fd063cb75a93c
Hospitals,"$141,468.22","$6,227.78",Ottawa Hospital,Chief Executive Officer,1998,a6ddf468e32b207bb3880176d1380f5e415f2a4232fff9cc382a436b348c2a1e
Hospitals,"$127,493.67",$719.44,Ottawa Hospital,Laboratory Physician,1998,9a372fe968ff5b43b3a7228b03c599001014bf391c247ebeddde9ab45d720c73
Hospitals,"$145,896.40",$548.64,Ottawa Hospital,Pathologist,1998,cde22421ddb82f887e6513f22f37fdc468bd4a8a4ab3393c284093d03d8fb2d8
Hospitals,"$146,187.62",$840.36,Ottawa Hospital,Laboratory Physician,1998,a9e8be1a1844ab07b073f0d99772d2604de58f1f35cf2d31de6c6f9e918d29b6
Hospitals,"$131,159.10","$1,300.68",Ottawa Hospital,Pathologist,1998,ae61e68302c5bc2d295854f0483d4928420fac9ffb83204b9db016a3a0933a05
Hospitals,"$175,283.62","$9,335.00",Ottawa Hospital,President & CEO,1998,80e7276333bf3c507598f2c2d02c47ed99d43c0970bb172db542fe2dd188d091
Hospitals,"$154,567.62",$874.80,Ottawa Hospital,"Chief, Medical Division",1998,20033277ee384cb212983e5200aaf5a11c5bd45b72fe3696decc2e1d0a3c4883
Hospitals,"$148,440.87",$840.36,Ottawa Hospital,Laboratory Physician,1998,2745917bd690308d65714f43197c0f7753918448273bb12920205427683a5199
Hospitals,"$120,798.48",$548.64,Ottawa Hospital,Pathologist,1998,2ebc983493acf85f3936ea943365a580028a62bb7b290313af8f52800bd97905
Hospitals,"$161,431.93","$5,880.27",Ottawa Hospital,VP Nursing & COO,1998,285c4a84d47ccdf2c999db172cf9d5309d62bc7032657e34ff8b26de77641c85
Hospitals,"$145,896.40",$548.64,Ottawa Hospital,Pathologist,1998,859ec3411b70b1763d6ed6b70837b79f7e7c6a7fbe2821dc321cc73248557ec6
Hospitals,"$154,567.66",$874.80,Ottawa Hospital,"Chief, Medical Division",1998,83128d032454306e36959533756ad584a8e1c64c1e3ecaafc815761407989327
Hospitals,"$154,567.71",$874.80,Ottawa Hospital,"Chief, Medical Division",1998,272a97b99d1eedf71b6e1ca488aaef4ef58e819198d52e78eab729bbdd085fcc
Hospitals,"$145,912.61","$10,448.16",Ottawa Hospital,"VP, Strategic Planning & Development",1998,3d5ae42304ff3ba0ab8d5f12ab95919fb96f32c0d7034d72d70312c35e0b80a3
Hospitals,"$127,939.94",$548.64,Ottawa Hospital,Pathologist,1998,37df49bf3c68f1fa0d3402290c7d85ccbdfbe33de522f7c9d26575d4840f03da
Hospitals,"$154,274.43",$874.80,Ottawa Hospital,"Chief, Medical Division",1998,8a142c8fcbedfc942b3ea7832c4546d120c0ab9f8b440e73d9214d8169471d1a
Hospitals,"$121,503.49","$1,583.00",Ottawa Hospital,"VP, Ambulatory Care Services",1998,3d036a335fe80b2775e4e9e04b6d6173c712576661241b2af325c77e7cdc78d8
Hospitals,"$136,255.07","$1,351.08",Ottawa Hospital,Pathologist,1998,6bb49c6c1bbee328183a03e723b546853ebd8daed8e18a17b6f28cf53d99ad97
Hospitals,"$143,685.87","$10,450.28",Ottawa Hospital,"VP, Professional Services & COO",1998,c61e79f67cfdc79fe856eb563b594be07aee1ae2a46f9a9a96ec302e3ebe0e61
Hospitals,"$151,628.36","$6,057.64",Ottawa Hospital,Vice President,1998,839913506314370a0ea765b82e96c877602f93fee376df85aff3ba0b061c85d4
Hospitals,"$145,896.40",$548.64,Ottawa Hospital,Pathologist,1998,5e41af6fbc438d494ab5d01479083a0a5d84fb30f8630838cdfb0396e41ee57c
Hospitals,"$150,756.84",$561.84,Ottawa Hospital,Research Director,1998,720918bfdcbe246bcc900b6855a0caa6b01151e0d7e8adcdae8a7ed0e5fe6932
Hospitals,"$131,310.00",$588.92,Peel Memorial Hospital,Vice President,1998,4a85f7a6281d0ff8002026ea8ba5ff1cc313510488f5777a005d590f851f0e92
Hospitals,"$165,591.00","$13,295.28",Peel Memorial Hospital,President and Chief Executive Officer,1998,0551bdbbd6577511c03b60079a25581f14751fd47d5ea112e3c76ca241e48f72
Hospitals,"$131,158.61",$874.51,Peel Memorial Hospital,Pathologist,1998,92271d4421dde848ea640c080e75cc635ed0b1ca16cb034b32e425d365245177
Hospitals,"$158,940.32",$851.07,Peel Memorial Hospital,Pathologist,1998,618483404b45d9c3221bdfe182b7626aa2280b347f0a29cc496e63e1ffa964ab
Hospitals,"$100,334.00",$545.52,Peel Memorial Hospital,Vice President,1998,81219f312bec69b8c16ca86058c687d4a3b08d81670d95410b47f2f396195393
Hospitals,"$197,336.42","$1,071.98",Peel Memorial Hospital,"Medical Director, Laboratory",1998,648046ef4109b018e18f0932ab1f9c33453774695958a1b4b46d36ea04798348
Hospitals,"$124,736.94","$13,843.92",Peel Memorial Hospital,Senior Vice President,1998,edbc6274899f8346f26aaa61ed5a5c4787041c51f4e9a3f0d3be2b021e307a1d
Hospitals,"$102,767.59",$584.58,Peel Memorial Hospital,Vice President,1998,7fe04f59abd1f850f107dc8087cc96e00bcedd8d6ff74fec2e5ca0ed44caa709
Hospitals,"$116,679.00",$980.00,Pembroke General Hospital,Executive Director,1998,19c64df549f653af6c44ac79263bb896f350713631015850297187688a3f8675
Hospitals,"$130,000.71","$1,071.36",Perth & Smiths Falls District Hospital,President/CEO,1998,4035c08c5505131fb91b1f3a9a4e95437098594213ec20dec40bf5320c852516
Hospitals,"$101,165.00","$1,052.00",Peterborough Civic Hospital,"Vice President, Acute Care",1998,c55c1840554ac64a2825ffbefaeccc6c738cbd8bb08ebad72455704514a39eab
Hospitals,"$105,125.00",$620.02,Port Colborne General Hospital,Executive Director,1998,02463e5edf1b74e27f0d18f9cba0c56b64dfd4c21a55edd407885f929c67f641
Hospitals,"$141,839.10",$833.52,Queensway-Carleton Hospital,"Chief, Psychiatry",1998,b97507a621d6692b48ba0a51b38a3a0d3ca60e10bab297b2502d2708a56336cd
Hospitals,"$114,520.50",$449.40,Queensway-Carleton Hospital,Psychiatrist,1998,9ed29baf7390484ce841d3d0358fc0d151898c61038c29cbe28aae3e4cf17183
Hospitals,"$154,995.00",$755.00,Quinte Healthcare-Trenton Memorial,President and Chief Executive Officer,1998,dc7e5ab566beed81dc614e47b3f31d613ea000a748c66c0835189e3be4ccb41a
Hospitals,"$126,784.31",$753.78,Quinte Hlthcre Corp-Belleville Gen.,Associate Pathologist,1998,9930eb259bdb4f346841d48b77d0f794a226159f8a38bd52ee27fa03abb82483
Hospitals,"$211,820.96",$759.27,Quinte Hlthcre Corp-Belleville Gen.,President/CEO,1998,6e4ffdcae432eb3ea2a3706185924799bc912cee4148cdae6b127b0b93ba8973
Hospitals,"$129,092.46",$772.46,Quinte Hlthcre Corp-Belleville Gen.,Medical Director of Laboratory Medicine,1998,930cdb50225a5e23f3429e3d7c1a462f71a3de74982bf3097acadc1537dd4a45
Hospitals,"$154,995.00",$755.00,Quinte Hlthcre Corp-Trenton Mem.,President/CEO,1998,dc7e5ab566beed81dc614e47b3f31d613ea000a748c66c0835189e3be4ccb41a
Hospitals,"$146,213.93","$23,480.29",Rel Hsp St. Jsph Health Ctr Cornwall,Executive Director,1998,ccf367f41008b09a9fff09852d3b312810dfa4a7ad22e1a847bc3af67d67d6ab
Hospitals,"$108,007.55",$448.30,"Riverdale Hospital, Toronto","Vice President, Medicine",1998,4cfd48d97609ac27bcc7b06f39430e2e9a81da504bd451223790e35f714ae8a3
Hospitals,"$225,846.34","$7,356.10","Riverdale Hospital, Toronto",President and Chief Executive Officer,1998,297170f959c6955ec69b4adedb2946adf018a2f19aa0294d892d436e16e361ef
Hospitals,"$138,832.20",$731.22,Ross Memorial,President and Chief Executive Officer,1998,e2c47ef20b1ff9a02ebeb87222ccc722c6cb76acf38ba6523e6596a4831798f3
Hospitals,"$129,501.00","$8,885.00",Rouge Valley Health System,Executive Vice President,1998,d8b76d41e81363c6b7a4917a246fa98f8ae369a75ab11493c049bef952934d70
Hospitals,"$147,925.00",$58.00,Rouge Valley Health System,Pathologist,1998,8b8fe7f5b5b64b3ab9b9e261b23a095c7da0af35a2726e13829c9fc992535546
Hospitals,"$114,988.00",$24.00,Rouge Valley Health System,Pathologist,1998,517ebd58a015c956cf7fdba181d7f12107402d8e5c91edf7d4bc2b0fa4316692
Hospitals,"$149,745.00",$34.00,Rouge Valley Health System,Chief Pathologist,1998,19c85e65e9254640a37db51193c83af3044faf2080b9dcd23934844ba11df06e
Hospitals,"$139,151.00",$58.00,Rouge Valley Health System,"Vice President, Finance",1998,96706c82c9ffb96d6f0144ad9c1464fe7b0bc4f5356ea57a1ecb7f3b1ca310bb
Hospitals,"$121,196.00",$58.00,Rouge Valley Health System,"Vice President, Human Resources",1998,2ab8181bd7c1da892ef37e7488452a43769f6db04bd0771cec2d3b32647f60d7
Hospitals,"$152,727.00",$0.00,Rouge Valley Health System,"Chief, Medical Affairs",1998,1d9f58421133753d9fd8af061bf72f6fb9244a8e481645892e8eb6bcd2d78920
Hospitals,"$244,140.00","$10,870.00",Rouge Valley Health System,President and Chief Executive Officer,1998,d54659709459dc3bd7da7ecbef62b55d0f2e3cb8eacc246b4036f47ab069e1bf
Hospitals,"$119,198.00",$58.00,Rouge Valley Health System,"Vice President, Support Services",1998,f8e420464a80ded244025cc74ad53cbb3d4178525890f5438a821a6603dcdb81
Hospitals,"$104,874.22",$391.68,Royal Ottawa Health Care Group,Associate Executive Director,1998,6b69ec491d92c8fbcf59845484ead3c2f8e7df916806240dbf1fc73796ede1f1
Hospitals,"$104,874.22",$391.68,Royal Ottawa Health Care Group,Associate Executive Director,1998,6b69ec491d92c8fbcf59845484ead3c2f8e7df916806240dbf1fc73796ede1f1
Hospitals,"$160,676.33",$601.64,Royal Ottawa Health Care Group,Executive Director,1998,e0de9f3d4522ed46abe828ab1bb4fb502486b948961e9c28a6b269301fbb3c7f
Hospitals,"$160,676.33",$601.64,Royal Ottawa Health Care Group,Executive Director,1998,e0de9f3d4522ed46abe828ab1bb4fb502486b948961e9c28a6b269301fbb3c7f
Hospitals,"$100,446.97",$374.84,Royal Ottawa Health Care Group,Associate Executive Director,1998,563cb0e195809c8994f1d67b3299aff7da6bd400317fbbb0460b9731689b6bd8
Hospitals,"$100,446.97",$374.84,Royal Ottawa Health Care Group,Associate Executive Director,1998,563cb0e195809c8994f1d67b3299aff7da6bd400317fbbb0460b9731689b6bd8
Hospitals,"$101,495.33",$364.38,Royal Ottawa Health Care Group,"Chief, Finance & Facility Support",1998,fd0be5c256104b641dd1dd8a4b2470e94f7a12857f41da41259a464a5271cec4
Hospitals,"$101,495.33",$364.38,Royal Ottawa Health Care Group,"Chief, Finance & Facility Support",1998,fd0be5c256104b641dd1dd8a4b2470e94f7a12857f41da41259a464a5271cec4
Hospitals,"$150,481.06","$10,981.08","Royal Victoria Hospital, Barrie",President,1998,0465ad5d830c696e27aeab3c53dce629298ec512daf20cce3d4903dbd7364333
Hospitals,"$196,516.39","$4,403.61",Runnymede Chronic Care Hospital,President and Chief Executive Officer,1998,798cb847f2e6bbe675977b51138f7dcba637d0ec7d6cae11a790b3a3f351c734
Hospitals,"$147,933.64",$809.45,Sault Area Hospitals,Associate Pathologist,1998,ceac8671f34339caa8116bee44b2dfedffe1b0d94921d6ef196acfb2e2b7fc6d
Hospitals,"$174,461.59","$6,482.41",Sault Area Hospitals,President and Chief Executive Officer,1998,bf42a03abfee479d71d8c2ae3f7d3551020db5b692bbebc7af75332f65c40f1d
Hospitals,"$138,901.09",$759.27,Sault Area Hospitals,Associate Pathologist,1998,24b35b6aa866446c466c46afa4d2c3d246d2ff7deae45e630f9c35a169343d29
Hospitals,"$147,933.64",$809.45,Sault Area Hospitals,Associate Pathologist,1998,e1a35379f2dcbefb0ac48298a5ed6ed631c80b63868060ff42dcb2dd5254f2e5
Hospitals,"$176,902.59",$968.13,Sault Area Hospitals,Chief Pathologist,1998,1513b2ff8a7658b0ed89f31c38f74fbd79ec430d3c3c39070ca9aaadc5277dd3
Hospitals,"$234,538.08","$1,216.58",Scarborough General Hospital,President and Chief Executive Officer,1998,c65bfdb611b1685d9ae40b52f46e8629726ed1256c9edc6b9e4779068f356792
Hospitals,"$133,492.68",$792.23,Scarborough General Hospital,Vice President,1998,bff2e401503ca6a505658495ceebd4f93ee6563f45fbcd80c326141d6a506af2
Hospitals,"$171,684.77",$0.00,Scarborough General Hospital,"Deputy Medical Director, Laboratories",1998,947d92b21daa6648fc881a971de83dac4a33621dd9261ef2c1cf77a5d1946f79
Hospitals,"$147,866.96",$500.79,Scarborough General Hospital,Associate Pathologist,1998,aaecd142194097963c9a13996366dbeee65300ba062ec551d6542fc27a1a215e
Hospitals,"$132,953.96",$500.79,Scarborough General Hospital,Vice President,1998,91324ff116f78d21d9041b1c810c13d4e9d0f1d05d0db9f52b51363a690ed771
Hospitals,"$123,203.72",$858.06,Scarborough General Hospital,Associate Pathologist,1998,63ca66826e5382735d99d7c44e302c30c64893091369721e27743994addc8af1
Hospitals,"$132,953.98",$777.04,Scarborough General Hospital,Vice President,1998,c57fa6ed6bc7e1b0a54b122d43d465701af6a6675b234059b95b0a8231ef0b66
Hospitals,"$147,037.05",$900.53,Scarborough General Hospital,Medical Director Lab.,1998,8af914accb74c75af00c2c759cb3aef370849dd5fc58897453540a3be897c65c
Hospitals,"$101,070.00",$141.00,Scarborough Grace Hospital,Vice President & Chief Financial Officer,1998,1b50426af8134145b58aae0c6f931cbfc15309b562c6e310b96d36c72c43945b
Hospitals,"$172,484.00",$245.00,Scarborough Grace Hospital,Chief Pathologist,1998,c47c534f09e700b5efe62629b48295fbc087b674d081b4b84799eaaab9b1a63e
Hospitals,"$111,316.00",$107.00,Scarborough Grace Hospital,Pathologist,1998,5763e6886075cea38a2bed8fb2721d452eb501964354c1e5cf13c741c4c95155
Hospitals,"$101,049.43",$611.25,Shaver Hospital,Executive Director,1998,9cd11082a236d4dcaf974ca2f84c2b94465f732f13ed811c1f836b70fafcbf50
Hospitals,"$171,820.00",$713.00,Sisters of Charity Ottawa Health Serv,"Vice President, Human Resources",1998,1733059c42d2fb1c5c16020013517215d761138a33d3a0bc59d84d007acfd911
Hospitals,"$174,999.00","$11,749.00",Sisters of Charity Ottawa Health Serv,President-Chief Executive Officer,1998,e7803b8d47ca6fc1dca560381d3298c869459b3aca03afe9706682c860b88570
Hospitals,"$108,000.00",$766.00,Sisters of Charity Ottawa Health Serv,"Vice President, Support Services",1998,cafcbf1f439bfb3db2678aafe86cd9376ba0cc421bfd1e891a16bd1ba90d4abe
Hospitals,"$157,028.00","$4,372.00",Sisters of Charity Ottawa Health Serv,"Vice President, Geriatric Rehabilitation",1998,222402fde642883899918aa5695862ec334c5d1bb557f246090bb5a909ea48f5
Hospitals,"$103,274.00",$731.00,Sisters of Charity Ottawa Health Serv,"Vice President, Chronic Care Program",1998,19f9a92f85d4d392f16980d464afdd4ffa491c0b59f5e83da6bf798e18fb695f
Hospitals,"$108,000.00",$766.00,Sisters of Charity Ottawa Health Serv,"VP, Care of the Elderly & Rehab Programs",1998,fb2d56aa81cd0c32bef59e77cc8a04215108325a199b61fd892e53bce0bfef41
Hospitals,"$108,000.00",$766.00,Sisters of Charity Ottawa Health Serv,"Vice President, Finance",1998,e80d704cdbdbf85f40cae150138f8e486dc541375cb7cd378b316baf1d7e1bf3
Hospitals,"$134,998.62",$696.28,St. Catharines General Hospital,Pathologist,1998,36e1cf9241e54786eb59bfaa3f5251b239ac1f521b18b15269e7c4824af90422
Hospitals,"$144,515.92",$716.00,St. Catharines General Hospital,President,1998,d15aa587c8e8ea03e6437cf069fe741a8cca173db310cff63a28cd0daa15fb6a
Hospitals,"$132,350.56",$696.28,St. Catharines General Hospital,Pathologist,1998,e77f372559a4e1598d75fcea466eb449f6d6df50b3de2d20739a578993e7c4e6
Hospitals,"$118,970.04",$598.52,St. Catharines General Hospital,Vice President,1998,0cc9932b4f0a05d1cf670deed51db6cc32cd6ccb444b8804109d98f205479bae
Hospitals,"$149,994.00",$773.76,St. Catharines General Hospital,Pathologist,1998,160bb0dbc57c1edf97c65e4c21330b3e063b68e6ef89663829bd1f8b627937e9
Hospitals,"$159,173.52","$7,080.28",St. John's Rehabilitation Hospital,President and Chief Executive Officer,1998,a833a3c92180c53fe9abfa99f026ec43f2a5cdf64c626ecfe1f54fa7748a5532
Hospitals,"$130,478.29",$657.48,St. Joseph's Care Group,President,1998,644409642893dd270731e70993413267063a08a27b58afa9e3bfa110d4d315ac
Hospitals,"$104,423.00","$1,198.00",St. Joseph's Health Centre,Chief Executive Officer,1998,c9ebee774b4d1520be7b27d5a251d0ca91f282664a721519167ee56d2870de38
Hospitals,"$152,018.89","$12,987.00",St. Joseph's Health Centre London,Vice President,1998,6f318d9a4a80efaa1dac50748d67dfb4b19f028c9c3b069fc3bd0c8886a1a001
Hospitals,"$164,301.39",$974.85,St. Joseph's Health Centre London,Physician,1998,a4e9aaec7360a035a27d59a0f6bed6513856d1bba5735135d4dad894289ea356
Hospitals,"$110,698.94",$712.64,St. Joseph's Health Centre London,Physician,1998,20db05ae7184dca0b3c145a36b8a0d128bdb50c6b359e0d463b1417fb86e1245
Hospitals,"$107,380.42",$637.98,St. Joseph's Health Centre London,Physician,1998,72e22211fc58d119dda8565a769d7ee6b5242dab463154e186ee5ef5c1b81c73
Hospitals,"$170,773.35","$9,869.79",St. Joseph's Health Centre London,Vice President/Acting CEO,1998,9c69f85c15ea7aab3efed7d270877b612664bea818e526c6009f9fdb86d78acc
Hospitals,"$121,871.16",$729.90,St. Joseph's Health Centre London,Physician,1998,753be0679df70f4bfaee36ef434f12ba96663ca05b901945d76655dfee598b6f
Hospitals,"$140,450.13",$833.10,St. Joseph's Health Centre London,Physician,1998,b82fee22672dfdb69be3c242fcbc296529c043f8758b3a7aa2ba4cfe51ccc100
Hospitals,"$125,526.22",$745.83,St. Joseph's Health Centre London,Physician,1998,e966719bfdabd151caf0d47847f975681be216d4b8a167438d7689d1a7eddfab
Hospitals,"$139,911.14","$10,212.48",St. Joseph's Health Centre London,Vice President,1998,4d74ac8d69efa4bd9e6110fcc00d924d9ce2daafb3653c4b0c5b129bd7b410cc
Hospitals,"$134,433.87",$797.67,St. Joseph's Health Centre London,Physician,1998,b6a4f2babe2afe87f0ae341e18dffd5dc6c846c84a42350ee713fbfc506bb497
Hospitals,"$104,351.10",$0.00,St. Joseph's Health Centre London,Physician,1998,7e5e8c2dc957ffa27060f7e6a3f78df16ea129f458ec909252e1bca13a352ca3
Hospitals,"$184,794.90","$1,097.34",St. Joseph's Health Centre London,Physician,1998,a148b406bb9944948f9c0233410811e28c62dcc6ec4aa052cc54ef274b29569e
Hospitals,"$194,614.59","$13,076.82",St. Joseph's Health Centre London,President and CEO,1998,c4787418aa504019f37e4c252d80ad62b7b56ec26726074c0f7535f59342bbe3
Hospitals,"$164,301.40",$974.85,St. Joseph's Health Centre London,Physician,1998,ba89f579a040e886ac601c064a930dc336802c080fdc3ee22adb73bf531e02af
Hospitals,"$110,776.64",$657.24,St. Joseph's Health Centre London,Physician,1998,81d2ad9f97f1d8cd60291926d29be16dce1871eef54cf1e51d903e51ad882e40
Hospitals,"$101,595.83",$349.38,St. Joseph's Health Centre London,Physician,1998,7181e02cb4715281dbe8b1c57dcdfca3958d0815827ea2979d2bd9c77adbfe15
Hospitals,"$120,553.53","$10,287.87",St. Joseph's Health Centre London,Vice President,1998,c9eb93e7ec378d103e2f1b70b14d95f5007a3b4e44eff575e20327e87cc9bcbe
Hospitals,"$131,658.42",$781.38,St. Joseph's Health Centre London,Physician,1998,4b8230183bb6044d68d07643420cd49e762fc6ac762b11ad6f250732f0142a13
Hospitals,"$144,000.00","$2,321.57",St. Joseph's Health Centre Toronto,Vice President & Chief Financial Officer,1998,57f55138c69b6b54326246acd7ad2c459abc3ecfb1ec6dd38cec3a90d529e402
Hospitals,"$215,000.00","$9,593.20",St. Joseph's Health Centre Toronto,President and Chief Executive Officer,1998,6e6d92a7d6fb9a66961e11b2af785235470851b4eb3ac82b528705cee9f5874a
Hospitals,"$165,000.00","$2,210.81",St. Joseph's Health Centre Toronto,Director of Laboratory/Pathology,1998,18603243fb8ee22b7600c3e08f95e356d58deb8be078218b9b3e7410b0a68ce1
Hospitals,"$150,000.00","$2,046.15",St. Joseph's Health Centre Toronto,Dir. of Microbiology/Chief Infection Off,1998,09d44b1201ac86da983ebb9a17a026a399922638874e3925d1faeff6581b8e14
Hospitals,"$163,596.00",$0.00,St. Joseph's Health Centre Toronto,Vice President,1998,57d47ef2dab7b9e14e7e8705a5ae7eea2074c73aebd2cd1218b183e8a33be125
Hospitals,"$136,000.00","$2,222.19",St. Joseph's Health Centre Toronto,Vice President,1998,c1ec3ae5b1a7009c462970ab202153c3c0ef72fcf38b0a352947bb171133dcbb
Hospitals,"$150,000.00","$2,046.15",St. Joseph's Health Centre Toronto,Pathologist,1998,a74f0e58d1b6cdf3bf0fce9e0164b93d2123ccfe23008c9a762178bf0e64fa3a
Hospitals,"$112,806.00","$1,060.00",St. Joseph's Hospital Brantford,Administrator,1998,9e046d559ef2c68587e6d25eb708dfc105a632eef218a7569264974d26cc9d67
Hospitals,"$149,338.00",$791.00,St. Joseph's Hospital Hamilton,Pathologist,1998,19e90747fced6553aa0abb4dcd631fc0d044aa26379aba07ff1b8ba1dacca71a
Hospitals,"$120,953.00",$507.00,St. Joseph's Hospital Hamilton,"Director, Lab",1998,51f9796bd2770de18828a8ed585b8bb38934bcc5c964b44b353004ff489ee05f
Hospitals,"$134,462.00","$1,905.00",St. Joseph's Hospital Hamilton,"Vice President, Finance",1998,26b09c0067a9a35b14590b9af90cc279189fb901f521a98d115dbd98145e7dc1
Hospitals,"$143,595.00",$760.00,St. Joseph's Hospital Hamilton,Pathologist,1998,80f697c0ee85b93368e4e317a8776a594bac00022444a5d3fc9d6cca58672854
Hospitals,"$113,043.00",$599.00,St. Joseph's Hospital Hamilton,Scientist,1998,0f4154295c7175682d5909c18d6bb864df6fee6b9687d8876af3865c9367b0af
Hospitals,"$267,769.00","$4,017.00",St. Joseph's Hospital Hamilton,President and Chief Executive Officer,1998,ab9ad9803837866802cd39ff03e9253020ea41ccb119b167da9c3717423498eb
Hospitals,"$158,251.00",$831.00,St. Joseph's Hospital Hamilton,Pathologist,1998,7578b41cd021dcef129f0fdb7f250de6b43c0fded3052c392633f632de1c8c4a
Hospitals,"$144,292.00",$764.00,St. Joseph's Hospital Hamilton,Pathologist,1998,8aaa3f88c425ef720520aad9d391af338b22e1cca6c4a749af55c051ae37ee86
Hospitals,"$131,365.00","$1,883.00",St. Joseph's Hospital Hamilton,"Vice President, Patient Services",1998,c34849a926279ef2b44d3d49b196f814af539b948e1a2f4b5e07e13586764c32
Hospitals,"$150,788.00",$799.00,St. Joseph's Hospital Hamilton,Pathologist,1998,82a2bdf2a6f0f2fc42003becd9dedd8dc9cd64fcab5bf60823787b2999a242ab
Hospitals,"$132,694.00",$698.00,St. Joseph's Hospital Hamilton,Pathologist,1998,a719722eeb58a50dd05ebcde34a20b21f35f2d0ad42089792e2c6af2fb8cfbaf
Hospitals,"$131,365.00","$1,883.00",St. Joseph's Hospital Hamilton,"VP, Comm. Medical & Academic Services",1998,02bad49ee6e713508834a486b44e33c5ce69747b3001174363da06ace0bbea6c
Hospitals,"$134,050.00",$710.00,St. Joseph's Hospital Hamilton,Pathologist,1998,9cb7302d387d7565047e09e4b7c6779979d9631f3e704faa60fa6f0d679c89e8
Hospitals,"$143,724.26","$6,153.72","St. Mary's Gen. Hospital, Kitchener",President and Chief Executive Officer,1998,593ba5901559d6adaa2180adac92ea809d0a61a9bbb4a28a40cf12dfe59328f6
Hospitals,"$150,876.36",$880.92,"St. Mary's Gen. Hospital, Kitchener",Pathologist,1998,00a7ffc398be848540a49bb1fe456bb3b92063a5cc28276450b79e45bc6c160b
Hospitals,"$165,724.89",$973.32,"St. Mary's Gen. Hospital, Kitchener",Senior Pathologist,1998,3ae0076c7a7cd925969699b89a02a58b833a02dffdb888c884e826b85d306353
Hospitals,"$120,065.71",$620.10,"St. Mary's Gen. Hospital, Kitchener",Pathologist,1998,a6749d474dfff1d80e3d594b2ca3c8db0fdc3adf27b225b36a06813d0e9a437f
Hospitals,"$107,152.50",$328.96,St. Michael's Hospital,"Director of Research, Obs/Gyn",1998,30b9d043f75e252ba678cf40eb079fdf638151334984ddc9bc24ba16d333644b
Hospitals,"$141,199.50",$433.25,St. Michael's Hospital,Staff Neuro Pathologist,1998,638a9f4f141c4ec0fbd504d15f832e670b353f77b8ceff66a6d55435735f1fde
Hospitals,"$145,991.82",$0.00,St. Michael's Hospital,"Director, Emergency Services",1998,f507e9378ee50f153a8748edb26e892c55c626e7d7d75b1f095af4003ff4797f
Hospitals,"$141,191.50",$433.25,St. Michael's Hospital,Staff Pathologist,1998,537f4fbe8cfb5ab96433f275ea8ca92e79fd7292daf7ecc5960eaede5cfcf05f
Hospitals,"$141,199.50",$419.72,St. Michael's Hospital,Staff Pathologist,1998,8043c1ea0b62c94d500974136cafa38cf3ccf3fe0ad27c75a08f9cc05833d1ae
Hospitals,"$148,434.00",$455.49,St. Michael's Hospital,"Director, Transfusion Medicine",1998,8236c8477ec3ac9598e90c5e69bac1eddfa8f0dcc5f65d34a247b945b1c3fc0f
Hospitals,"$141,199.50",$433.25,St. Michael's Hospital,Staff Pathologist,1998,3425539d290e7aad922acddf06cddd25e93bdc34faa270002fa1bbac49054c30
Hospitals,"$111,267.00",$0.00,St. Michael's Hospital,"Chief, Dept. Of Lab. Med. & Pathobiology",1998,cbc93e291a11c1e8da5e185e6d08f564fd604c941835b7d7fafbc5899a936aba
Hospitals,"$130,000.00",$529.58,St. Michael's Hospital,"Vice President, Human Resources",1998,3d1f5b5a99bb9d6cd1e22d6ea3f158a0e9a83400d4c940b4dba1aa2eb5ba93d4
Hospitals,"$175,000.00",$920.16,St. Michael's Hospital,"Vice President, Finance & Admin. & CFO",1998,74064cefbd2b6ed502f7a8ed36fbf7b3a24b4317604d8440294772fc997af96f
Hospitals,"$210,000.00",$425.98,St. Michael's Hospital,Executive VP & Chief Medical Officer,1998,64387536ad5a4b39e1fb3a857ba93d253deb66d94e4e38ee377e5edc588e8c46
Hospitals,"$157,326.00",$0.00,St. Michael's Hospital,Staff Pathologist,1998,77b3e76345dd553eb0c2575f7625db9f1d51bffdb4766fb009987845ea6f3d7d
Hospitals,"$141,199.50",$6.91,St. Michael's Hospital,Staff Pathologist,1998,0390184aa92101ea8672d3bd7f0cad85edab6b6421a6f22a4ed96c4add9c549f
Hospitals,"$331,500.00","$9,961.00",St. Michael's Hospital,President and CEO,1998,1d3c024d56f81898cdf1643eb4b06dc1464800f26a686240f6f05b24c133539d
Hospitals,"$150,000.00",$756.48,St. Michael's Hospital,"Vice President, Development",1998,6323dfca8bf09256d650330c61f817625f2740904b01d3b913856c3933d6fecb
Hospitals,"$167,000.00",$774.15,St. Michael's Hospital,"VP, Pat. Care Prg. & Chief Plan. Officer",1998,1f96eea99ffc9cb2c5003b7d65a4af4f27ff7cdd15c1fefa25ffa39a292fccae
Hospitals,"$167,000.00","$7,074.38",St. Michael's Hospital,"VP, Pat. Care Prg. & Chief Nursing Off",1998,396986869c5cd9b8316bead8be6fbb06052dc13e43e8e4d11698843a8aba4337
Hospitals,"$141,199.50",$433.25,St. Michael's Hospital,Staff Pathologist,1998,69af7317fbb78772e50f0b8f9ce23e9c63055d29a9b5f30ee7cdac8a788a315e
Hospitals,"$108,102.07",$447.31,St. Peter's Hospital,"VP, Patient Care",1998,b9904dc14fe1b9cd774ab4a8f4db469071e414216daa70e50f6794c3914647ab
Hospitals,"$150,893.22",$723.46,St. Thomas Elgin General Hospital,Pathologist,1998,b16320a95a36c1ad4bc8b700d7d1b0907c86a522a634f8aadc3dd34bf87db215
Hospitals,"$141,215.21","$1,324.31",St. Thomas Elgin General Hospital,President and CEO,1998,6db0bfa22239aff0f28034c21146e8fefc44522c0c8dc31109c1476f293c4a9a
Hospitals,"$150,893.20",$52.96,St. Thomas Elgin General Hospital,Pathologist,1998,84a6b8bde0e1675e008d1a35b0af464942ef6dc59aefaff0a9c50821073093fb
Hospitals,"$155,540.00","$1,279.00",Stratford General Hospital,Chief Executive Officer,1998,b37f0cec08b4b5f89b20780a72733010f1e705179a804137de0739824a1d9da9
Hospitals,"$112,266.00",$577.00,Strathroy Middlesex General Hospital,Executive Director,1998,8da244770332c39332fc2115deb041a0dfa5d11d96e5526523a4bb4615b1eb58
Hospitals,"$168,223.60","$6,559.75",Sudbury Regional Hospital,President and CEO-Laurentian Site,1998,a7681645c8014e397c0136ec55ade516d231e4c533a50f6a9b8025f33ffc6733
Hospitals,"$111,427.50","$3,477.58",Sudbury Regional Hospital,"VP, Clinical Programs-Memorial Site",1998,8c5daf4c78a6e0bad194979c1bbcbe41920a7c23cb1bf9593e029c047393dc9d
Hospitals,"$136,047.33","$9,028.63",Sudbury Regional Hospital,CEO-St. Joseph's Health Centre,1998,570cc1bfef3ed5a7becd2fb301d9139ee945badaedfc74b972db6b05813bc708
Hospitals,"$115,685.26","$3,986.13",Sudbury Regional Hospital,"VP, Finance & Admin.-Laurentian Site",1998,7150a81e6670c97286b549f0451dc8aae9e14b64ae3f2805568294d9580657df
Hospitals,"$112,655.38",$936.72,Sunnybrook & Women's College,"Director, Research Administration",1998,b322e160562fb99f5f1ea0e868eb387b8d9506df91a92d06adec0e9209bcdc58
Hospitals,"$112,524.08",$929.16,Sunnybrook & Women's College,"Managing Director, Estates of Sunnybrook",1998,cb951fb598d92fc645538ac1e3d3fbb541fccbfa683c83112c8c85a236aa6fd3
Hospitals,"$119,463.28",$990.96,Sunnybrook & Women's College,"Director, Research",1998,a40cb7cb9db0887e0b2ddaf5dd0d505c962acf29a2381fccd74494dae09e3ce9
Hospitals,"$288,317.40","$7,641.12",Sunnybrook & Women's College,President & CEO-Women's College Campus,1998,9f1339952be265ef43a80f7863dd3570bee8581cbee0f30edb4956ad0963b556
Hospitals,"$243,360.00","$3,378.00",Sunnybrook & Women's College,President & CEO-Sunnybrook Campus,1998,1bc9e78c8570e57e38eee8a1cd623e1d308c7c711fb22049aed5fe9631788acd
Hospitals,"$104,570.75",$954.20,Sunnybrook & Women's College,Director of Operations,1998,70ed8b71c9049621c6c438efd549aa605a5b2ff7b5cf01eadfce360e400c3743
Hospitals,"$105,365.00",$7.00,Sunnybrook & Women's College,Chief Financial Officer,1998,8980247d82c2bd316c8e2b656eaf48f46067176d005401f0a29f7f2837244ed4
Hospitals,"$222,637.20","$1,643.19",Sunnybrook & Women's College,"Director, Laboratory Medicine",1998,f369c6cfeb31997792322f5f061dc43d2ddfb351c89338488ac18a6bd381748c
Hospitals,"$175,499.00","$3,697.04",Sunnybrook & Women's College,Vice-President,1998,41771e3c0f5093c9c78a09e3dfea1efde70790006099158074192eb3c0fc0a1c
Hospitals,"$120,149.29",$354.36,Sunnybrook & Women's College,"Director, Obstetrical Anaesthesia",1998,629cc303123d41905201e02fceb364a331d62a4a4426b788894ad1c1c6ed6d86
Hospitals,"$195,000.00",$441.12,Sunnybrook & Women's College,Pathologist-in-Chief,1998,595d0092ffbb499b307d1147d2f7b455d947499ede90f8d0cb87166bd886e1d4
Hospitals,"$185,269.58",$441.12,Sunnybrook & Women's College,"Director, Maternal Infant Research Unit",1998,d2c9b6516234be424c2d26d7ad5283c99a464b69ba3e9bfcb8c652a455440366
Hospitals,"$189,441.43","$4,588.79",Sunnybrook & Women's College,"Vice-President, Research",1998,c91a228ea62b8fa5b11d82964b2e3cc7c77584f0cb875384d5c92b18eda8992e
Hospitals,"$101,354.37",$234.36,Sunnybrook & Women's College,"Director, Human Resouces",1998,a0ae515004f2039d7c91f13b72df61b5da3814aeb5de0660fc3615ac9db4afa1
Hospitals,"$108,914.30",$639.08,Sunnybrook & Women's College,Vice-President,1998,1f34623f9e4aedc15a453845afa717d955993b6f2fb3dea108a37ee115516c6d
Hospitals,"$156,284.81",$441.12,Sunnybrook & Women's College,Medical Biochemist,1998,ee596044eaf9963bb88e3f650b98bb99e55a6ff95fe024bccc531a1c37ea5f0f
Hospitals,"$113,386.06",$0.00,Sunnybrook & Women's College,Registered Nurse,1998,d3296d98749ffabcb397d8ddfbe0f38a39c7d4d75336a3e5eede0c5dc03fb0c1
Hospitals,"$165,975.17",$441.12,Sunnybrook & Women's College,Staff Pathologist/Associate Chief,1998,20e7254b2c134ad136940cf7efd41e02f82d9d392ef2b2d02696cff962d9a98c
Hospitals,"$130,887.00","$1,018.68",Sunnybrook & Women's College,"Director, Research",1998,2873df978b63e389f3323bfc9afaf8192c70051def90b8d374be0acb572f48e8
Hospitals,"$112,282.02",$306.66,Sunnybrook & Women's College,Vice-President,1998,7dccce09a69f7c93dc9529f1db5b5821954131afe4821ab4f1d270df3797b6db
Hospitals,"$145,857.17",$431.02,Sunnybrook & Women's College,Staff Pathologist,1998,7cd55a692af030bbd82d95759322d6f1201ea1d9b916491362f75e32f2143eb7
Hospitals,"$128,142.80",$441.12,Sunnybrook & Women's College,Head Haematology Division,1998,8188fdc5bbf2f2849383cb48a4812a3319b459944c6739cc00eeb01c7af1cc31
Hospitals,"$118,229.99",$0.00,Sunnybrook & Women's College,"Director, Centre Research Women's Health",1998,46e632b247251a1610fba4972e9c4ac1a191ec8e33be9ce08b716f1cf95e0ef1
Hospitals,"$182,250.50","$6,998.44",Sunnybrook & Women's College,"Vice-President, Transitions",1998,33233ec6456fca01b019d4d2b6d4d5325ebbd9d8907dbb94fd3173f3d2ea76cd
Hospitals,"$163,741.63","$1,829.12",Sunnybrook & Women's College,"Director, Info. & Materials Systems CIO",1998,05e1acded7b4cd7ae24f4010db1a8cfba777afa68f50b5ec9c55dccfc2cb3d04
Hospitals,"$227,311.98","$8,024.90",Sunnybrook & Women's College,"President, Acting CEO, Sunnybrook Campus",1998,8df34004dd2497f55b240785c0e8c8c822e67847d0dbf9b3c95e3dd9cd9f752d
Hospitals,"$124,546.51",$296.52,Sunnybrook & Women's College,Chief Nursing Officer,1998,cd39ded14f7f1736e228c26be9c6e354995ea153840e180af25978da091e2089
Hospitals,"$196,765.53","$8,063.87",Sunnybrook & Women's College,"Vice-President, Operations and HR",1998,97d2f19c4fb199c9b2e805399a5402c0cf01ed31f9fc0354b869b10f72b5e88e
Hospitals,"$163,479.47","$5,644.66",Sunnybrook & Women's College,"President & CEO, O&A Campus",1998,88b1c4ba771f2b9fb5114c248b31d3cfe8e1b5c69277d67a0c70c24dedc34cbc
Hospitals,"$141,808.10","$6,553.11",Sunnybrook & Women's College,Chief Financial Officer,1998,673e9c6f3aa8b6045a3189bc518c0f2a4baca829fac028ea61cffa9c46d4f6fa
Hospitals,"$201,225.84",$441.12,Sunnybrook & Women's College,"Chief, Clinical Labs",1998,726fd31c3dfc5ad0f961818f2572ed96a72ec1a1df67b8392954ff8991ce51e1
Hospitals,"$107,175.00","$4,415.00",Sunnybrook & Women's College,"Director, Public Affairs",1998,3c9a35c3dad6351aafcc66216fb95d5bfb0e76e00ed9d979f49563f800456456
Hospitals,"$154,900.18",$441.12,Sunnybrook & Women's College,Staff Pathologist,1998,e1d15425cb66c3be62de34c9914a5cfe857dbcb304b6f5ae6a9e5f7bccb4d77e
Hospitals,"$114,672.01",$693.16,Temiskaming Hospital,Executive Director,1998,6ff9c2ce892ff7ffa8ac24d0a59ecf16a8f12f826ccdc2534adb5a6a67fe82b2
Hospitals,"$154,622.67",$638.55,Thunder Bay Regional Hospital,Associate Pathologist,1998,4754b78a863d889b452282fddb4e225d5081102bb223ba02a479369113de2ebb
Hospitals,"$106,541.50",$541.43,Thunder Bay Regional Hospital,"Vice President, Finance & Support Serv.",1998,b8c9d9efa5bb968a48a1b53b72adf774ea079996f8c812db8424c2cab7aeba07
Hospitals,"$138,139.01",$638.55,Thunder Bay Regional Hospital,President and Chief Executive Officer,1998,20ebb21ee3df17de56338d37f298630d0b0d4803806bd1a4dcf17bcce2a2614f
Hospitals,"$156,420.15",$638.55,Thunder Bay Regional Hospital,Chief Pathologist,1998,65d163f61b45dd8b79b9a3653c47923d74a9609d6139622572d9b472d736c7e4
Hospitals,"$127,874.04","$6,226.93",Tillsonburg District Memorial Hospital,President,1998,353baad3b8a82e3222322ca5673f9eb892d02b9c7c971f8a895192ca40cff0f2
Hospitals,"$140,080.23","$3,590.84",Timmins and District Hospital,Executive Director,1998,f7e91cfa59e3e2eb1f5f053ace8c38a308b487b73fbc890580c0687080db171c
Hospitals,"$139,000.20",$744.53,Toronto E. Gen. & Orthopaedic Hosp.,Pathologist,1998,363c33f3238e37623a737bf711545bc983381d142272af1e88cd7d9418503c01
Hospitals,"$180,996.85",$969.39,Toronto E. Gen. & Orthopaedic Hosp.,Pathologist,1998,971bd2a9abfd747c4ca437cbad8d0a30779965e35063de596cf5e2e6d4d16c24
Hospitals,"$129,206.76","$5,025.84",Toronto E. Gen. & Orthopaedic Hosp.,"Vice President, Finance & Admin.",1998,df4d38908134606a7decb3591d0555a82edf41bc63e657fe7c6ac378a7eb952f
Hospitals,"$108,899.08","$5,639.89",Toronto E. Gen. & Orthopaedic Hosp.,"Vice President, Planning",1998,1f41abbf67abc4fc15191e6c2694ab9e283880f972fb39bf285c2ada9b3e4f32
Hospitals,"$102,177.35",$419.86,Toronto E. Gen. & Orthopaedic Hosp.,"Director, Information Technology",1998,d2afbaa905c2948d8a0c06e89d1317e999727ab18c0b13b410b6287b63c89187
Hospitals,"$139,000.19",$744.53,Toronto E. Gen. & Orthopaedic Hosp.,Pathologist,1998,d7c8b16725369005a8da7f8dc74b86228d8be0c8fcc2e4a0309bef818cb21f35
Hospitals,"$129,206.73","$1,025.84",Toronto E. Gen. & Orthopaedic Hosp.,"Vice President, Med./Prof. Serv.",1998,b6a1b5b87f5d623ea62b2a7730b43a70f9f6a71181c4fce9f63e32129413423c
Hospitals,"$171,047.95","$2,592.12",Toronto E. Gen. & Orthopaedic Hosp.,President & Chief Executive Officer,1998,b984bece5f80b3025dc1486cd7d634ffc19e8f13b12bebc205bb8be74fcacb68
Hospitals,"$129,206.74","$5,025.84",Toronto E. Gen. & Orthopaedic Hosp.,"Vice President, Patient Services",1998,1b250cfcc1ada621c73558a80adcc85019af9c4cbc1fa34772835c312378d6f2
Hospitals,"$133,580.38",$360.59,Toronto E. Gen. & Orthopaedic Hosp.,Pathologist,1998,6d8360d590bdfb11d56699a782cf60fedfa7863886d13653be78e41a4a1e3cb1
Hospitals,"$159,359.10","$9,877.62",Toronto Hospital,VP Public & Community Affairs,1998,aa4b055421494b9523feb0d5c23bf0b97abd3ef6d43947d153fdd094083683c0
Hospitals,"$335,669.88","$26,264.70",Toronto Hospital,VP Med. Directorate/Physician-in-Chief,1998,f5262a2d26f52986fe007b7ab1634b24e3ff6070ff8862834e51cba8113fdf91
Hospitals,"$212,411.24",$624.15,Toronto Hospital,Chief Pathology,1998,35e4dd27bd524a6d6fb631984775f097f24de2f184545a8d79561625b8ef8c9c
Hospitals,"$139,126.00",$315.77,Toronto Hospital,Neonatologist,1998,f1b421250505d55d004a6492700db6cc28574bd021247ca6b32a022d4556bd04
Hospitals,"$164,724.07",$463.24,Toronto Hospital,Pathologist,1998,9d567381cc2cd671561388e21215108e6b8b05b2832109dd9a42c83629ab6c96
Hospitals,"$167,806.54",$477.43,Toronto Hospital,"Head, Cytopathology",1998,543bcbe3d91c6f4e3f2554e707ac9ed40c690f6cad8240dbf282db7c8284f227
Hospitals,"$208,942.43",$534.27,Toronto Hospital,Division Head Bioresearch,1998,4a0bce2e7bc412d52d0100a5f3f6584d517d9464d216b929421dd6a78486aad2
Hospitals,"$143,741.20",$432.54,Toronto Hospital,Clinical Chief,1998,1705c9c3c0335c769a113a35a8d15b725ab9ecefe39ee2c2649b099b6b152ea1
Hospitals,"$179,424.26",$526.79,Toronto Hospital,Pathologist,1998,cf15d1908ef26692916f2d96c1e7da062f7130f39d569322a8011fd779b3fdfd
Hospitals,"$158,251.13",$467.66,Toronto Hospital,Microbiologist,1998,5feaec54818bc3d7c0553656a441f56c3f10d8ba110286ed3703853218c7079a
Hospitals,"$144,867.55",$409.52,Toronto Hospital,Oncologist Radiation,1998,6d3263d593800b815c536c230953593ea13f0790f48826ca91bd68972d2847ee
Hospitals,"$219,721.16",$461.16,Toronto Hospital,VP Medical Education,1998,0a53493773e58dcf7a24b4a3544e524ef73043e469538762ec9c0947d5d19b99
Hospitals,"$255,999.96",$769.50,Toronto Hospital,Chief of Lab. Medicine and Pathobiology,1998,b1de0e060c065315acb78645eb669f728e05714376290a9e4cd3c3fc08204b82
Hospitals,"$175,452.34",$497.02,Toronto Hospital,Pathologist,1998,4d04a92e9677d892131d05a0bae136077d293f06ee81a53e34a7c8da164d8fe3
Hospitals,"$126,731.20",$381.41,Toronto Hospital,Biochemist,1998,2d23dc38d0d2810ff77b4aa1e26f4156f39488f53a91bfb4b5b83f860c46dbd9
Hospitals,"$181,865.44",$532.35,Toronto Hospital,Pathologist,1998,0acf8fa048872271ba559a18d217b27b9e9ad5db1f70d698bbcd0b7ede61cad7
Hospitals,"$124,108.20",$373.70,Toronto Hospital,Epidemiologist,1998,5a80169188ec1207d9d70d42903a5b64cdda43deeadd1299887a631f575ed417
Hospitals,"$209,599.96","$21,687.18",Toronto Hospital,VP Finance and Chief Financial Officer,1998,1c1fc4cd1e6f853ed3965a7bd879e7eea9ab06e5f5e7a02468d409ac015e0248
Hospitals,"$264,332.75",$632.45,Toronto Hospital,Chief Radiation Oncology,1998,2d834e0e9456b7f55699176ee7b184f67bab579d2dd2799195176a829e2c5d87
Hospitals,"$174,335.96",$499.24,Toronto Hospital,Pathologist,1998,bd5f05c17f987e2075302e32cf38dd846470ef7cd4df769da0b0cbb293c103a5
Hospitals,"$111,864.95",$343.79,Toronto Hospital,Oncologist Medical,1998,32bbe0104f85e0c77dcefb872852d40619dc9e772b813422f199d0a81cc8ffd9
Hospitals,"$147,414.21",$317.98,Toronto Hospital,Oncologist Radiation,1998,5aae2d05118cd89bda5294f064c82e83b00d036c27c4d98ef82f32419e5a05d2
Hospitals,"$116,566.15",$242.54,Toronto Hospital,Pathologist,1998,318a8c9aa311bce86510814bdffc034a441cab515db26c2beb9bdb43eed2db2e
Hospitals,"$206,018.96",$546.92,Toronto Hospital,Oncologist Radiation,1998,baf3fb0c19ee9fd62b0efcb6dcf24116cb8167ae6abba095c404b910ab73de25
Hospitals,"$294,999.96","$31,241.61",Toronto Hospital,Executive VP & Chief Operating Officer,1998,a7729a37bb3ce2e5bc8e62d263faca52d190524cbc83a528892e7fb121438d44
Hospitals,"$107,988.00",$324.92,Toronto Hospital,Director Oncology Research,1998,9035e939c77e07c5f1fd021d82853db6baa3f5d78cf5fae04350bb7d17d47edb
Hospitals,"$489,999.99","$47,218.94",Toronto Hospital,President & Chief Executive Officer,1998,ae27c9b398c20529357935241ceb5aaedd886128df50bb1012680a190c8eb1b8
Hospitals,"$117,387.85",$308.67,Toronto Hospital,Scientist,1998,c717b7902906c7f86f28425d96ecf8991bad54c9882674bf42eec9dfdeb60072
Hospitals,"$119,546.25",$294.98,Toronto Hospital,Microbiologist,1998,2403837a2087f8b399d95ffef0b86675e1981cf7729c8cd21685daf28dd0a8c9
Hospitals,"$157,889.15","$13,633.87",Toronto Hospital,VP Patient Services,1998,2f6bfac9c7469d382e05a2cf72e070a3207aa107a66b53f8b9c737a4d91731a4
Hospitals,"$149,212.47",$434.24,Toronto Hospital,Pathologist,1998,53a5d53440327e35a86b69632dcc7cfdc10e1ebd44fffe7c868b633bc2b8a87a
Hospitals,"$148,884.62",$725.12,Toronto Hospital,Oncologist Radiation,1998,c82f73f3b152362a644e467a4dbb37f46a33c04c19d285007f1e1babf4f3065a
Hospitals,"$148,943.25",$418.64,Toronto Hospital,Oncologist Radiation,1998,d2518041b5f3ab817969765907e5f2b44f9d6a2e0e8a77d37d2a463ec881f63a
Hospitals,"$108,546.65",$336.62,Toronto Hospital,Oncologist Medical,1998,37a33d5f63f96e34f6061f2a064ccd6618d0f2a0a89bda1d076ff8bcf4f08407
Hospitals,"$163,171.15",$450.69,Toronto Hospital,Oncologist Radiation,1998,4593968bb6dc94b02f2ef21024d10cdbd0168ea0444ce9e571998ab83853e801
Hospitals,"$147,610.98",$433.13,Toronto Hospital,Pathologist,1998,ca0886e54b61f55842518abfeddae0b01d2b1d5816f9890c938e4ed997972c81
Hospitals,"$169,118.22",$499.38,Toronto Hospital,Pathologist,1998,a8ba095cb6b5449a01350861b546a12ee3d91332c2c4dcf4b10e771cd485ad18
Hospitals,"$111,231.12",$333.62,Toronto Hospital,Oncologist Radiation,1998,5f42fc62d824e3bf8dd5890d21270a15000025fa241849b3c999d79b279ed4fc
Hospitals,"$132,556.80","$9,525.33",Toronto Hospital,General Counsel Medical/Legal Affairs,1998,970c61f7bda6ad842434ca60f5801f0ded07f0b65c853f1df6d937b2a2b4310c
Hospitals,"$168,619.85",$440.21,Toronto Hospital,Chief Dental Clinic,1998,7421c4a185a9f0753b3628f50e57062275ba0916c499c5f8890ec943fc3f376e
Hospitals,"$133,655.38",$384.05,Toronto Hospital,Oncologist Radiation,1998,bee68f1ece7367cee68ecc4631126c5b7adabc8109cca73ae06ac406d72738c2
Hospitals,"$108,546.67",$350.33,Toronto Hospital,Oncologist Medical,1998,0f96680976fb4c2b064be056baf4aacc35c8cc2645e1bf0dfcfa14bf3b2aeb4e
Hospitals,"$194,586.91",$567.91,Toronto Hospital,Clinical Chief,1998,795d55fcb76cc3c22fb64a57aedfc8b75a70bb4685e1296ced3bfee05976a279
Hospitals,"$119,306.68",$241.74,Toronto Hospital,Pathologist,1998,869e2e9a8508cf8c37c0ef907be267eddd290576e25b4a4de80320943559303c
Hospitals,"$106,335.42",$322.49,Toronto Hospital,Oncologist Radiation,1998,43d148b7b50dea623beca3f9e52f17baf308b98fdea886742330a23359ca10c8
Hospitals,"$108,570.16",$337.30,Toronto Hospital,Oncologist Medical,1998,024a6bf73d077e9cc86dcd074098a16a8bd8c287691f079a025bbfc8ed3b5a0e
Hospitals,"$108,546.69",$341.94,Toronto Hospital,Oncologist Medical,1998,db3db98b2a3edcb9cbc85599c9b75deb9b6844075f58fbf6ba78a21f7f48afb9
Hospitals,"$178,413.86",$523.49,Toronto Hospital,Pathologist,1998,f0e52a92da1ef9dc022cde061e7c02d0a11b4bfe46c831bca115d92dbcf251b7
Hospitals,"$167,798.08",$461.16,Toronto Hospital,"Oncologist, Radiation",1998,e164c1d6edeebee27e799039706850ed2b4a27d290178ddccd1fbc83712c056f
Hospitals,"$265,050.00","$20,435.53",Toronto Hospital,VP Research,1998,15472f7468fa90c64866feae246fedff861ac5d33031b2725b4a345f528c5145
Hospitals,"$186,735.53",$536.56,Toronto Hospital,"Head, Lab. Services",1998,8a9ecbca5d98da8bc4964578816237e82f8e46640405ab2a52d00ce3d228a432
Hospitals,"$185,456.19",$506.10,Toronto Hospital,VP Medical Education,1998,d5669d2929b9b2526fd6c955d770544129f51d2abd08240bcffade2139f392c2
Hospitals,"$176,300.00","$13,072.42",Toronto Hospital,VP Human Resources,1998,71fcb1fe3c0f45d4f8d18d2e000ec12cd02c0a22525f4c5d321461426b648660
Hospitals,"$163,213.49",$450.77,Toronto Hospital,Oncologist Radiation,1998,5fc3bf56b983052e7060dd07c8b23a77d1f03b99683349fdaa5c5f35ecc7ff2d
Hospitals,"$108,546.70",$336.05,Toronto Hospital,Oncologist Medical,1998,1e8ba0383a6133034ca7e717d6da2a1d121bcb581d75341260cde88b9faae3a2
Hospitals,"$119,966.16",$330.80,Toronto Hospital,Dept Head Clinical Physics,1998,ea2aca1f1e33903aedd7f2d5944aba8b20cb5892ce68ad117f7e1d059d7445c1
Hospitals,"$189,550.04","$5,323.62",Toronto Hospital,VP Special Projects,1998,7e8c0e8868c185c11d2e82d4e99faf80d8d49586e3101cb0916898d19a4dd743
Hospitals,"$135,251.00",$315.77,Toronto Hospital,Neonatologist,1998,8286407c88a30539151f8c9fbc9ee4d52263bd39debc38cd2c991ba7381dc7c2
Hospitals,"$170,943.56","$12,548.91",Toronto Hospital,VP Nursing and Patient Services,1998,97e74b99a6a2ebd4b9fc545f31592022e9cc5e4edd8f29bd195923c28c62103c
Hospitals,"$148,595.41",$396.57,Toronto Hospital,Med Scientist,1998,d46ac1f2b23cf7dadfbe5353a30aeda76b539a1eb1be823302b15273663e965f
Hospitals,"$108,546.85",$333.44,Toronto Hospital,Oncologist Medical,1998,fd34737108d08b18d701e2ac44ed2e27a40c7d100bcb5563ed93779f894d6764
Hospitals,"$174,702.22",$499.38,Toronto Hospital,Pathologist,1998,0bcc9bc2290391e14a7cec127bb5f2b0679b1faba44112e383f4c63a68e3e638
Hospitals,"$141,441.08",$418.21,Toronto Hospital,Chief Medical Oncology,1998,2f9caa72dcef0af42cfc54482389a04420b281c0b64e68c5ab5d85f18e00c24f
Hospitals,"$161,740.38","$11,934.34",Toronto Hospital,VP Community Prgms/Strategic Alliances,1998,d5450782d33cda51aa41dba4b5828dffd78559021bb8a954c4e7f4d19bd1b4bb
Hospitals,"$123,972.30",$362.41,Toronto Hospital,Oncologist Radiation,1998,2a1436894175c5becd111d2a1c9cd5712b19e8a58c333223fbb471f218842ae9
Hospitals,"$175,452.34",$497.02,Toronto Hospital,Pathologist,1998,afcf5e77a06637c38572be6a4e11cfe6eb37c8f0713a00ea725f5ec85109d94b
Hospitals,"$106,423.51",$321.16,Toronto Hospital,Radiation Oncologist,1998,27379751a5179f7bbfe653e9738241ce71d193a8a9068cca37e3ca2a05d1a53e
Hospitals,"$306,249.96","$31,616.37",Toronto Hospital,VP Surg. Directorate/Surgeon-in-Chief,1998,9a13bbc188200b8713a4b433b3fe2e8b98362b54ddc6815bdabbd91756e7c7c6
Hospitals,"$174,702.22",$499.38,Toronto Hospital,Pathologist,1998,ece4d93a874438223cf9c0c2d4d919cb7c010fb1c9722edf60d4d10dd94e123d
Hospitals,"$153,911.97",$429.60,Toronto Hospital,Oncologist Radiation,1998,b4ce9399181e87b8e9cd68eeded93a741b3b0ff3c73a5be263e2380ac755c8b0
Hospitals,"$108,546.68",$336.05,Toronto Hospital,Oncologist Medical,1998,b4ec1d8b191e39a804b80075badfe35ae18b597f52c808023dab76c9893edc03
Hospitals,"$134,673.01",$386.59,Toronto Hospital,Oncologist Radiation,1998,269e8169886a156997b131c81fb2d20499f2d30f2965d7b4449e2594321383cd
Hospitals,"$146,664.78",$615.90,Toronto Hospital,"Chief, Clinical Physics",1998,b2f08f342ee62adb87d64b8e0b295fca6a98138b2a2611af5d9be9e267a7220b
Hospitals,"$162,702.05",$449.44,Toronto Hospital,Oncologist Radiation,1998,9caf4c57e2edd6141036c10a0d76f2b83d142c978f509f5402d6e1ecc2b0cbb8
Hospitals,"$147,413.86",$352.37,Toronto Hospital,Oncologist Radiation,1998,b5a30d05caff57dd185be0ba401592891630673e2e30e2d96fe0882ceb7c8389
Hospitals,"$160,553.36",$467.24,Toronto Hospital,Pathologist,1998,45e29090b767a081916303067f6d779912b8bfadb89caaef939b5326ebdafa19
Hospitals,"$142,487.80",$428.58,Toronto Hospital,"Director, Pulmonary Function",1998,c83799cd436b3823757905262edaad9cdcfbf2680cd33530a4fb56b962d4725a
Hospitals,"$125,027.34",$610.88,Toronto Rehab. Inst. - Lyndhurst Ctr.,CEO,1998,318a51dd774a4e98a5c66bcfbcccd5625d23de2335dd354584fb831e8322285f
Hospitals,"$110,825.00","$2,584.27",Toronto Rehab. Inst.-Rumsey Cent.,Administrative Director,1998,6abae89a718169de7b72214c7465d3712b20ff996651c968e05aec7ea731cecb
Hospitals,"$103,792.53",$173.10,Toronto Rehab. Inst.-Rumsey Cent.,Operations Director,1998,83aab9c18f4ea5122c3a531b0c12fb3af584126577a95af33890967522e9ad03
Hospitals,"$187,769.04",$0.00,Toronto Rehab. Inst.-Rumsey Cent.,Medical Director,1998,1cd4a39d0caf4ae0921e80762cbca5c0ac31cc661234810acd6356720810b266
Hospitals,"$119,893.50",$195.65,Toronto Rehab. Inst.-Rumsey Cent.,"Director, Human Performance Laboratories",1998,8dfde4443b82c8115b0e5d698e57007dbd221c37e9947af6ba84618fbca00288
Hospitals,"$116,196.81",$192.96,Toronto Rehab. Inst.-Rumsey Cent.,Clinical Director,1998,2f79ffe785193e4d8e8b6144c9d443c2b2c58f4d3b68819e1a528d0d93fe0e0d
Hospitals,"$108,661.83",$495.46,Toronto Rehabilitation Institute,"VP, Human Resources & Org. Development",1998,6e14c3435ccbfd2e9106332fe2125304861e681d84db7f5c815e8e7f21aaa9d0
Hospitals,"$123,750.61","$5,298.63",Toronto Rehabilitation Institute,Assistant Executive Director,1998,facdd72be304e68fec8713353ea5fedb792f340e3039d72eadf37aeafe10648d
Hospitals,"$171,346.23","$2,876.76",Toronto Rehabilitation Institute,President,1998,610df9a4fef257df367642c1aaf5085ecf7015928d85506bcd32dbafb66bc8ce
Hospitals,"$122,619.16","$3,542.32",Toronto Rehabilitation Institute,"VP, Administration",1998,0b72ac51cc3ead4f3a1080f0f34a0118ca9385b47b68b913e47bf21a33d3e3f9
Hospitals,"$125,902.26",$556.70,Toronto Rehabilitation Institute,"VP, Programs",1998,d1f9c45ef058ab67c2504f61f79a4f6a6e9ecda6f35503a6a85483db633c38b1
Hospitals,"$117,459.96",$391.87,Trillium Health Centre,Redevelopment Officer,1998,d182b100b5ffd538060158fed6dea1b4cf99c71079cbc3cb5885059bc9b9da56
Hospitals,"$154,501.50",$645.61,Trillium Health Centre,Pathologist,1998,566fd0d7ea65c1218ff33fc093ea92e5f128535aa93dbec7be2d104cb11e5cc1
Hospitals,"$139,979.43","$1,079.67",Trillium Health Centre,Vice President,1998,bccf16e7c908c8615bfddd9c4be285084cc51a3e601bea2d44fda25be907990c
Hospitals,"$155,831.85",$651.42,Trillium Health Centre,"Chief, Pathology",1998,a3d3367dc44ea7c72d669bfccc14be2340f92075cbcedaa2338de53f55ab3e6e
Hospitals,"$148,168.97","$1,648.66",Trillium Health Centre,Vice President,1998,39aab08b9963f2b0c815d20d71576440d4cf4b13e6591a5ba5a07448a021e746
Hospitals,"$159,026.35",$904.17,Trillium Health Centre,Vice President,1998,86216e5a0ac71cf448d6144e82fe015a5d4dc1ddc9bc47dcb4580180779f0c4f
Hospitals,"$124,892.60","$2,154.64",Trillium Health Centre,Vice President,1998,46333b0c8be90dc1dc06aeb4c356d22913435e318977095335dedfa4f420f768
Hospitals,"$119,311.68",$497.26,Trillium Health Centre,Pathologist,1998,ff38a32db5c3b31e7235f9867ef3e7d907326794ea9222ccc534cab0e9e9c097
Hospitals,"$272,531.45","$1,839.74",Trillium Health Centre,Chief Executive Officer,1998,5d01418b5588da8feb31abdaa417790345618ab7f0456a803c9a9acbe79c5c55
Hospitals,"$124,000.00","$4,597.60",Welland County General Hospital,President and CEO,1998,dbca374ed741f9b841b6040b1c1b58b81bde81977c29860e409ecac9442eda48
Hospitals,"$111,667.00","$3,115.00",West Park Hospital,"Vice-President, Programs",1998,704e6a800f90db3ac3ba756f6763f083f3e8d494c7fc82737a4e89f2fc0432c1
Hospitals,"$176,758.00","$9,131.84",West Park Hospital,President and Chief Executive Officer,1998,4222bbb08d828527b5d15e05a4e67f5bd9e7e6f1c8f50236791498c4fd92a1d3
Hospitals,"$144,346.64","$5,337.58",West Park Hospital,"Vice President, Corporate & Support",1998,edd6d5e97f590dae99e1418695ba35aaf326f4a1b1153409ad8ca30522b9f230
Hospitals,"$117,230.00",$521.27,West Parry Sound Health Centre,Chief Executive Officer,1998,c7c50c7a537796a8764642e1cdead7901004ad25eacf171f074992e37967e84a
Hospitals,"$120,000.00",$454.96,Winchester District Memorial Hosp.,President and Chief Executive Officer,1998,2f4c45238e19678447071539cb3d6cf4466515991b5e86dd88f6fed7a4b0b9e9
Hospitals,"$102,000.00",$654.00,Windsor Regional Hospital,"VP, Human Resources",1998,b2c8b17f7d1b4c8cbeb71816b74792107c331504298234d2fff110fe4af35a31
Hospitals,"$112,000.00",$719.00,Windsor Regional Hospital,"VP, Finance & Administration",1998,1d2df8fcc0b8f2816e4385beaee927f79a0968cab9a85607aed306f502532717
Hospitals,"$145,292.00",$690.00,Windsor Regional Hospital,Child Psychiatrist,1998,f9547b63482d574d327614f0e3f4f4d595c332eb59c91a482832201913499bb5
Hospitals,"$137,940.00","$3,812.00",Windsor Regional Hospital,President & CEO,1998,3d645d22ead1cedf23cf3ef5426b56d6c20776be3ddd3d99370ef203db197461
Hospitals,"$112,000.00",$719.00,Windsor Regional Hospital,"VP, Rehab/Continuing Care",1998,aa75596b5cc29eb7e6520713a3e6c0f158c69f7110af3d5505eb892acb837931
Hospitals,"$125,000.00",$802.00,Windsor Regional Hospital,"VP, Patient Care",1998,0299fd532cd65e55b0d2d09d980287b24ea670ef821ade8ab22433449348df87
Hospitals,"$200,000.00","$23,144.00",Windsor Regional Hospital,Former President & CEO,1998,3dd26d86de3f96058b98b1667e0ea6715da0fffe32ec87a766968eeeb5188778
Hospitals,"$115,464.33",$578.13,Wingham and District Hospital,Executive Director,1998,bcc718b3d585c706589b8cd3f36c4837a33956214cfe34ee9a3ef25fdec3864f
Hospitals,"$169,736.79",$630.77,Woodstock General Hospital,Pathologist,1998,03e4d88a11d407065c50836ef82bd0caaa4dd25db06ec13df2609efb5d442d73
Hospitals,"$117,942.99",$518.32,Woodstock General Hospital,President and Chief Executive Officer,1998,80eb51df94cdd1ea64359c8e2e7aa633105a5fad55c4beba91445f44e69ad208
Hospitals,"$262,731.60","$1,155.70",Woodstock General Hospital,Radiologist,1998,6279f690caa1489048e441335c61d462dd5eb25e85230e82b133168148275deb
Hospitals,"$106,873.00",$302.00,York Central,"Vice President, Corporate",1998,da36289f0c0f4cc817cddb064939c7c90aca887bfe0a864fdba88dc4741343d9
Hospitals,"$188,539.00",$501.00,York Central,"Clinical Director, Laboratory",1998,0485b2745a3997256116c6c8433f2de20dd76a60655a5e206b3c12e5c8849f55
Hospitals,"$106,873.00",$302.00,York Central,"Vice President, Programs",1998,c70619a88d5f466dbbe5f8504e976e3039c8cabf506926d68954a4b0de991126
Hospitals,"$136,113.00","$6,365.00",York Central,President & CEO,1998,e1217d6a836caf1b6609f30580c5c53ee5032a5d957db2067181261d97cfdbc7
Hospitals,"$157,450.00",$426.00,York Central,Pathologist,1998,1555f6597d1bb0e180852f38a91f048d25e3408a186ee9ca16915caaec867f4f
Hospitals,"$111,511.00","$8,974.00",York County Hospital,Senior Vice President,1998,4b903772929a6fa961d79ccbb8907814ce70d720911fdcb9b98d71d6f31b5acc
Hospitals,"$157,112.00","$7,191.00",York County Hospital,President and Chief Executive Officer,1998,7efb0c31ae0302a487faf4dd928d8e191a78befc43fa0e96add7f6fc212918d9
Municipalities,"$107,698.27",$348.06,City of Barrie,City Administrator,1998,06379ffbe1118621df191125bb46b65fa98cc4929d91cf1bca7838e860e260e0
Municipalities,"$103,890.20",$458.16,City of Belleville,Chief of Police,1998,500188baece1b817e75e186daaf710ac0b0ac527f7b09f01fa65cb8e1cc39753
Municipalities,"$106,648.37",$459.60,City of Brampton,City Treasurer,1998,00a83fa5796966985e9e677f4577199e8f5707f872603a10133921453b9f51b7
Municipalities,"$105,553.57",$520.99,City of Brampton,Fire Chief,1998,06d2a78accddbd0588fedc8de2536fd4f3350e38f00c645b426686aaca01a35e
Municipalities,"$100,027.81",$440.90,City of Brampton,"Corp. Counsel, Dir. Real Estate Services",1998,17c1aa4a6b88617636b2507680835109922e8e9dd955f321534778218219ecbf
Municipalities,"$109,374.32","$4,555.89",City of Brampton,Comm. Community Services,1998,3ba4f4343ca8a384b7c39501357a01c39b162fec4601701bf2c8bf2af9daca48
Municipalities,"$100,071.81",$440.90,City of Brampton,"Dir. Admin Services, Works and Transport",1998,75c6d798351fd1174570683350ae3d9a25b8e828e9715d154a65caf4bef16a1b
Municipalities,"$121,474.66","$4,666.31",City of Brampton,Comm. Works and Transportation,1998,c779a75decf81f120bed7466a2ad8fcde2df029ab3d884400243e6137fd9fe1c
Municipalities,"$102,701.22",$572.64,City of Brampton,Commissioner Corporate Services,1998,b08fef8153827dff0d4f91bcc9cc36c026f404856b1031c6bf20eb30213c1018
Municipalities,"$100,071.81",$440.90,City of Brampton,"Dir. of Maint. Operation, Works & Trans.",1998,fc8ad2b91147329d8e2bbe2b7ba16286a5b4fb6e6afb9417111ce8ecd59034dd
Municipalities,"$120,483.77",$632.91,City of Brampton,Comm. Planning and Building,1998,f83eb68fb3bd1ccae4f948c38e2056cdead56c8833c3a000951c3d57a9c26550
Municipalities,"$121,476.77","$6,824.28",City of Brampton,Commissioner Legal Services,1998,62c7ef06fc502067ddbbaee5aa69ec21958843340ed6b9c5d5dcb33d1930cdcc
Municipalities,"$139,970.57","$5,614.34",City of Brampton,City Manager,1998,ca1e1a4239c916c23c7e7a3017c2c27cd565172937276177c40a21333320a0aa
Municipalities,"$106,936.00","$2,280.00",City of Brantford,"General Manager, Hydro",1998,d3a80de79180b0d1d582d4588ca0a74c438406350400b0856ed6ca5faf01a772
Municipalities,"$100,524.00","$1,432.00",City of Brantford,Police Chief,1998,eb39479aabf38daedd4cc1167bb4cb372ab2b2d1097289e2e688cf50989869e2
Municipalities,"$103,030.00","$2,207.00",City of Brantford,Chief Administrative Officer,1998,d5b937428f5215d57baccabd2fe8c3a73524ca6b4cb512d07fe2e8f5f2bd35a9
Municipalities,"$103,777.00",$683.00,City of Burlington,Gen Man - Corp Serv and City Solicitor,1998,dbcc9fbd902fedee972aa604c1ec6d6bcb58429570dee45bf6ed5a010ee23d7d
Municipalities,"$100,220.00",$582.00,City of Burlington,Director - Fin. and City Treasurer,1998,cd5996c8705636ca1ae1e80b3284d31769d68aefe82843d90a8877a85e01c1dd
Municipalities,"$118,508.00","$1,093.00",City of Burlington,City Manager,1998,a189839d887e1744e6f2e92949e96b428b99eb02962b8f0e70c6277d123ef649
Municipalities,"$103,776.00",$558.00,City of Burlington,Gen Manager - Community Services,1998,006cc4cfbc140fa1200989888877f83c216c30f632728eb16c5b922a6a1a6018
Municipalities,"$105,776.00",$558.00,City of Burlington,Gen Man - Development & Infrastructure,1998,e4f298ef258786748b10d3041a74a4b612b04f2624721dd6a47560915c78edcd
Municipalities,"$109,798.45","$5,050.65",City of Cambridge,Chief Administrative Officer,1998,dc4d60f1632d77c40eb4c5026e1316e6c9b0d02f65d87c7a4b87b358ba012f0f
Municipalities,"$103,112.77","$2,768.28",City of Cornwall,Chief Administrative Officer,1998,fb16da57125665b5a8f095621769ba83d50517a6eea7a93fccfb183cc317c38b
Municipalities,"$116,073.58","$3,178.62",City of Guelph,City Administrator,1998,b98420c11e9a5edb46d06cc51bfd6ef7cc063c2fd2da927426c3f24458a9e1cb
Municipalities,"$104,850.17","$2,041.85",City of Guelph,Director of Works,1998,65a789ad989a9141badbe1b97f316b1ea9c954b344b5be045c56d784451d793f
Municipalities,"$105,592.39","$6,822.26",City of Hamilton,General Manager Community Services,1998,7c68442fb273c9aa75772da8889a5f1c1b8f0d7e514296ca81ed2b303c365ef7
Municipalities,"$114,820.85",$755.42,City of Hamilton,Director Information Technology,1998,f95f0b301a04166546d52f6dcf5be8004a3197c9d9a468d8fa56618a30db90f7
Municipalities,"$107,983.61",$706.70,City of Hamilton,Director Building,1998,3dd4ef0aff5870c782edc099d9d242556ffb26eda54032f968de404e8a9a571c
Municipalities,"$125,836.79",$755.42,City of Hamilton,Comm. Public Works and Traffic Services,1998,b979e5989e2162053812116a0cf1cd1d1db3904a8cec54907206bddcb60c8c0a
Municipalities,"$114,820.85","$1,119.27",City of Hamilton,City Solicitor,1998,02dc4d65b123101a8af70bd9b47db23ee1a639eb7a53e7d913a63c992e134690
Municipalities,"$120,223.44","$5,562.98",City of Hamilton,Chief Administrative Officer,1998,eabb631a14f15c10649983b275bee3dd91dd5dd95b3a3723718b04a6c6e8ce16
Municipalities,"$115,078.51","$3,063.26",City of Hamilton,General Manager Finance,1998,8c8f3fc37b8300e10492865fac10a56d1c97a6e9efa42712eab4474aedbbc124
Municipalities,"$102,239.91",$924.55,City of Hamilton,Municipal Clerk,1998,7f0cca218cf0736765d5150ba096012d0ca91bc1622759ac34bb25623d369faf
Municipalities,"$115,999.48",$0.00,City of Kingston,Senior Advisor,1998,a1d018431112acf234580debdaa4b32cd08b5694964b5c5469576723cf04b25d
Municipalities,"$111,527.14","$1,556.11",City of Kitchener,Chief Administrative Officer,1998,d3b8f9523161c980aa462c4dbf5f65692464f4bda0a3eb5e1ff06a256d0eafd5
Municipalities,"$108,065.96",$291.60,City of London,Deputy Police Chief-Admin. & Supp. Srvcs,1998,c0311dcef6cfaa8e72e147c3e3cd9e4895db74ec131b66ac9ee8248af03b567e
Municipalities,"$123,646.96","$1,111.11",City of London,Commissioner-Leg. Srvcs & City Solicitor,1998,ecff55dd7f2139c3cb79d6b39df3a24b56687f2ffc2bc31670d2d546b4a64734
Municipalities,"$119,481.26","$1,063.50",City of London,Commissioner of Planning & Development,1998,fe5fcebdc18ee94073a7ebbbd57a2672ad3d34378f68a82671c4c3e53259a619
Municipalities,"$111,671.46",$291.60,City of London,Deputy Police Chief - Operations,1998,7edbe4ccb4ec9c682ba4708042b8e5c2c32cbdc75377ef8a2754adec5ee8233a
Municipalities,"$119,481.26","$1,063.50",City of London,Commissioner of Community Services,1998,0350ff48b437b0a6a0719242468b14185c9afc80c3f16e5412a99a0b093c255c
Municipalities,"$119,481.26","$1,063.50",City of London,Commissioner of Env. Serv./City Engineer,1998,7a1f4f5dfbabb4fbcc6d1cc0e479bed564c3ded638410a8908108db3949b5113
Municipalities,"$111,375.28",$965.61,City of London,City Clerk & Sec. to Board of Control,1998,4cbdbb979cb46722956c27110d8a8a821a42c3e9e16be2800d61a24482357b80
Municipalities,"$132,369.79","$1,194.03",City of London,City Administrator,1998,c9f847f22c1961582ed6a4483fa5ee8d139aaf9187077dbbc50d0f63abb0cd56
Municipalities,"$115,628.23","$5,195.06",City of Mississauga,"General Manager, Transit",1998,48b6faa4ec0f1900644342306b69692ffc59f96f40ee8dcd6b724a0db689aefe
Municipalities,"$105,690.84","$5,195.06",City of Mississauga,Fire Chief,1998,6bdae532f599fd792454aa2c2c270d1594167dbc0f43b43a32e6ad0afe48324b
Municipalities,"$118,998.86","$5,606.12",City of Mississauga,Comm. Transportation & Works,1998,86a48ba16cb89a312c195a23d7f878806592bd8df452d5dca429d0507eae4155
Municipalities,"$107,765.84","$5,188.24",City of Mississauga,Chief Librarian,1998,ccfecc4435d7544dc0dfc8596304b0e6636a7553c866013ef1625c91db9696de
Municipalities,"$117,385.86","$5,598.88",City of Mississauga,Comm. Community Services,1998,f6ae9b7f280d8bc4aaa94ecf3897bc09617de0ed350ce2b77d34fee0715beaa0
Municipalities,"$118,998.86","$5,029.70",City of Mississauga,Comm. Planning & Building,1998,6184c35cc8bcbe25f67a01bcfbfe93a203b847580b1848a4319ad4b63ac1634a
Municipalities,"$118,998.86","$1,326.63",City of Mississauga,Comm Corp Services/City Clerk/Treasurer,1998,9c875935f852f2bb5a079a99a2e33b9b424d2693d13dc8a4c2dd10ec25422fdc
Municipalities,"$157,932.12","$7,354.21",City of Mississauga,City Manager,1998,9e8feca04f7d04a7faad915c8672d9c5daa1b8c6286768abf012db63ca0c08d1
Municipalities,"$112,392.74",$545.35,City of Mississauga,City Solicitor,1998,453a231e162f97affde027a1cb3c97e45b73977b10139e0c1e23a32b9f848512
Municipalities,"$100,294.54","$14,369.28",City of Nepean,Commissioner of Public Works,1998,3f4ba004b84e962b2ae95441bd71f66283f75e744be24e544a0d2cf60a826b3d
Municipalities,"$119,160.15","$11,321.34",City of Nepean,Chief Administrative Office,1998,97648ec137dfe6e32147cbe0d5e08039af1e66d3ce51b559248cdf2055870fb7
Municipalities,"$100,294.49",$594.30,City of Nepean,"Fire Chief, Comm. of Fire & Emerg. Serv.",1998,3268ce54181c21818ee29fae0055a36d6f55eb1425eb9d35201b846fdd1944e9
Municipalities,"$100,249.49","$11,124.63",City of Nepean,Commissioner of Finance,1998,e7531b6717c309eaf8234075f599e96fc5afabe18e011c65dc899e0f3d04a08b
Municipalities,"$100,294.46","$14,369.28",City of Nepean,Commissioner of Planning and Development,1998,9b63ea5fce3a1687b50fe42ea5f92bbb30c13c6797c33c33b3b159d68a7df926
Municipalities,"$100,294.39","$12,487.05",City of Nepean,Commissioner of Parks and Recreation,1998,d8e7d0255aca9372594fb8df062ea474cf3783727e248ec18af35c71fed9e06d
Municipalities,"$107,085.97",$450.93,City of Niagara Falls,Chief Administrative Officer,1998,7009b5f6720bb88da82ba628c95b92c5b42ae22ff3a304240dfced5c0ad64778
Municipalities,"$109,272.78","$3,899.10",City of North Bay,Chief Administrative Officer,1998,7ed7de237fe0e66c62a74469234eae1618ddd04302b60a24e05ede7ae7b60ad4
Municipalities,"$108,371.12",$553.98,City of Oshawa,Acting Commissioner of Public Works Serv,1998,9c431ee083c5f1b70114c6bad84b2edddad8e9e5b1222310f2e1a547b3311d57
Municipalities,"$108,371.12",$553.98,City of Oshawa,Commissioner of Community Services,1998,a2d8a1f3ac9e4f4622b2a49c7a0be1d89501b56badada963b9dfb8aa64a32920
Municipalities,"$130,517.44","$9,331.16",City of Oshawa,City Manager,1998,1a162fb6525bcfeec59a14fb14a6f793bc3441a6f19744bc3bdc5f2da3aeab40
Municipalities,"$108,371.12",$553.98,City of Oshawa,Comm. of Development & Planning Services,1998,a8b4644e0ff3344bc60a3804dc4ec35f42e84466d29b1ef64717a6ecfd1d4376
Municipalities,"$100,988.69",$516.30,City of Oshawa,Director of Human Resources,1998,073a6581c0cfa23c226eb708c6fe4c20f8269e13fde557b29b3f253d4c39cbaa
Municipalities,"$104,165.11",$527.35,City of Sarnia,City Manager,1998,334960100476f893d9734045950ad187ef2a80ee61979aac42c789003021c3fb
Municipalities,"$100,198.13",$613.18,City of Sarnia,Chief of Police,1998,09f3e4818d542ed7e9091998d2780f612941bfce69d6438917ac94cced2a45c6
Municipalities,"$100,617.00",$0.00,City of Sault Ste. Marie,Chief of Police,1998,7a1f5412687088c85a33de48ca7171f159193042c0dc8e14ae7aaa8de1cda1be
Municipalities,"$104,763.00","$3,386.00",City of Sault Ste. Marie,Chief Administrative Officer,1998,7cb1b9e2f9a3f4bd39fb4e05e11de41eb1b61bc0e6f5398fa1e00cdd1d0aec05
Municipalities,"$114,229.27","$5,550.90",City of St. Catharines,Chief Administrative Officer,1998,e296370136bfb8ee0b2494682c21240b29380ccac3bd59f0b36d2b52c3c1ef06
Municipalities,"$109,045.46","$1,087.44",City of St. Thomas,Administrator,1998,f4cf1c18e5965dba5597bb33a1d19dff3b8596c76e0b79018bbf455f06460eef
Municipalities,"$106,380.00","$8,096.00",City of Sudbury,"Asst. City Manager, Eng. & Comm. Serv",1998,e186e41b3b667f06ead9f451629c3b418362bffaf16af8d57e3ba9a71160fa9a
Municipalities,"$105,954.00","$8,074.00",City of Sudbury,City Solicitor,1998,2f973f748a8eb63b626031da99c287929a282d89363cfd2669cd32db8488dcf6
Municipalities,"$133,904.00",$473.00,City of Sudbury,Fire Chief,1998,5bd35d3b7229a59a0e11f1398cd728fe127660a968de6afc9b6e84f94150eb80
Municipalities,"$118,877.00","$8,171.00",City of Sudbury,City Manager,1998,1bf374268331c966fe0c97d2db5a29406241b2e0be4578a9ac285e6b6d856efe
Municipalities,"$119,328.00",$505.00,City of Thunder Bay,"Manager, Materials Management",1998,86f7252a63cce6258808d66004e6e5226759063167e2fe933e29857336bcdcb7
Municipalities,"$109,660.00",$505.00,City of Thunder Bay,"Manager, Transit",1998,b3f1937c185b6dc16889510b4a8950949782df8d8d480cce51b6aeb4db90fc2c
Municipalities,"$124,615.00","$5,749.00",City of Thunder Bay,City Manager,1998,9076d865f548b92e16dd04ef8f290a67fa164e46bf3d3da2f4b645348b994173
Municipalities,"$102,138.00",$615.00,City of Thunder Bay,"General Manager, Finance",1998,34ac88b71b6ba770e662ebd377681886c19d1a15771fd56327971b5af4e8f8c2
Municipalities,"$102,520.00",$484.00,City of Thunder Bay,"Manager, Engineering",1998,83638da0551743d6527236210f2b41ec94b3ba4beb5e49818bedd580939041d7
Municipalities,"$107,979.00","$9,924.00",City of Thunder Bay,Chief of Police,1998,a9fcced2cc197168e9f6160be045b38ea6cdf6376c1b84f32be8475ac7f30e92
Municipalities,"$117,973.57","$2,361.04",City of Timmins,City Administrator/Secretary to TPSB,1998,53cabdb1c8038ead0327d6e9ea525bf022756e6503fe139d1dbcf5de69c08434
Municipalities,"$110,735.98","$2,947.52",City of Timmins,Director of Public Works & Engineering,1998,4d16b39cac61f7285ff1137ee3aa24f6de5b321bebe7c6e75ddd218652d67574
Municipalities,"$109,132.48","$2,343.86",City of Timmins,Director of Social & Leisure Services,1998,7838a850b2d61d65cdcadd6349d6094b13a3d32cd0e3128b1ec1f9c41587462b
Municipalities,"$104,836.46",$993.49,City of Toronto,"Director, Municipal Law",1998,30d6035bfdf6c74f2a935e40cd897dff7ffe5cf29c4a0d983a353286cec28725
Municipalities,"$107,941.66","$2,881.42",City of Toronto,"Executive Director, Information & Tech.",1998,de80217b1e5564888174334c1d9965e70bb8c84a6a2fa82571bf50f86cfde792
Municipalities,"$117,795.98",$989.47,City of Toronto,"Gen. Mgr., Solid Waste Management Svcs",1998,52a55b9bc09f6f7ee3669a9bd462d13bc22cfb572a51570e06a719f1f7911631
Municipalities,"$106,386.92",$48.07,City of Toronto,Solicitor,1998,c62d5845b3afb7740688973b799bc188fad7702cd89b0e7014ef3b37eeb61969
Municipalities,"$104,836.46",$993.49,City of Toronto,"Director, Human Resources Services",1998,b7f9b88b33edce0a6922db96a6a021421beb5f9da342fee8d6ef9013d4357654
Municipalities,"$109,561.53","$1,001.78",City of Toronto,"Director, Prosecution",1998,33e6fa6e2e2350dc2c5dd48697b84237c742774e63e9c9820edce0fcd48e4adc
Municipalities,"$137,844.72","$3,073.03",City of Toronto,Medical Officer of Health,1998,d3e1ed08090e832bf194374a0e8de0524f63a3224a3d2d8bd6fb35e6cd1e2842
Municipalities,"$116,719.64","$2,144.55",City of Toronto,"Exec. Dir., Urban Planning/Chief Planner",1998,c34a971ed4224a79f809577b79ebc0f07a07e19864b94a2e0e960b9a2683d73b
Municipalities,"$117,012.94",$565.29,City of Toronto,"Director, Municipal Law",1998,2fafb6cfa306ba27dca1557ca859d9a02f6a54595133fb321c6ebbefd6bc1c3f
Municipalities,"$121,026.62",$993.49,City of Toronto,Deputy Commissioner Parks & Culture,1998,d4f2d9fc5fedd677ab61b7ec9c4054dc852ce9b70127657e508bd0bc9e2754a7
Municipalities,"$102,948.49",$129.66,City of Toronto,"Director, Community Planning",1998,9ea5b8a4df34ba17de8076c65d198c802749b0592e04bcec859a025ee2d6846e
Municipalities,"$106,072.54",$48.07,City of Toronto,Solicitor,1998,84e81b625469db92938a06a82e2d9b0e63b9cc43e8971a087a775944c5ecbd50
Municipalities,"$110,654.96","$3,147.24",City of Toronto,"Director, Community Planning",1998,0774f25cf5040af476c37255203aa378f409ec780b0ceca27d9d9a52342e21d8
Municipalities,"$104,836.46",$993.49,City of Toronto,Director Pension Svcs & Deputy-Treasurer,1998,5abeeb231c6dab975e46f7f2fcd37b5127effda539c5cc306e82d24a6c3434ea
Municipalities,"$104,836.46",$993.49,City of Toronto,Solicitor,1998,133ae6bc4e7dfc2b92b27485e8bdcee29af25e8b7a8ea254567bf2d29f790de5
Municipalities,"$116,411.66","$1,100.51",City of Toronto,Deputy Commissioner Corporate & HR Svcs,1998,20b9badc7a25bea8b4ce52fa0b3147ccebfa776e07f02175586ee1cbd4b3dc96
Municipalities,"$106,072.54",$48.07,City of Toronto,Solicitor,1998,4a5281f7d9e964105fb4e440cfab68f91a6c1806b31342246fd2f102980c6c5d
Municipalities,"$120,712.46","$1,120.79",City of Toronto,"Gen. Mgr., Shelter, Housing & Supp. Svcs",1998,fb461839af4f3123b78242c83a0d93bf26d8480b4450df1166b2e5b8dc4bfeca
Municipalities,"$104,071.94",$48.07,City of Toronto,Solicitor,1998,1adb7db350b9929db7d80c253c3a4ccbd14521fb03f692da04879e47c8fa2701
Municipalities,"$116,411.66","$1,100.51",City of Toronto,"Director, General Litigation",1998,25311747da8736b39048dbff1d3e78c1f516ecad96978c7718f74fbbf0e585fe
Municipalities,"$106,072.54",$48.07,City of Toronto,Solicitor,1998,5fc032bdb431895b1079956d2c2bd4d08fcbfad256837b3058a3f64db2ee5ed8
Municipalities,"$104,836.46",$993.49,City of Toronto,"Dir., Engin. Svcs, Works Fac. & Struct.",1998,39aa9a3dc5f16443d9eadafe22638214e9fc9768234242acec3f44f5cc625482
Municipalities,"$120,009.39","$6,429.35",City of Toronto,MOH,1998,b8072e6b577e80243ae75a09b08d6dade610b05216984a991319174b8c9be6ad
Municipalities,"$112,703.90","$3,144.05",City of Toronto,"Executive Director, Technical Services",1998,6c6a25c0d81da545630acec3c7d7b5577151a2a5563574a8365240c84ce9a090
Municipalities,"$104,123.37",$952.06,City of Toronto,Commissioner of Community Services,1998,6782ae9a88498f13134116f14cb0f604af720930db5a0db402163d8d09a75fab
Municipalities,"$117,012.97",$48.07,City of Toronto,"Director, General Litigation",1998,3fdd092c3e03544bea10cb260564196aaaf72139378c2dc64c585944709290bf
Municipalities,"$123,755.56","$1,169.88",City of Toronto,Solicitor,1998,fb9a81e61db7dfb110d7e06fcb53d961e0b2adf869ce6be5a4d037d074c2c3bf
Municipalities,"$127,713.86","$7,060.41",City of Toronto,Solicitor,1998,d3d543c0f15291ea9dd6ecbe0bafef3794ade094d4d9ac7b02966460053cb853
Municipalities,"$104,836.46",$993.49,City of Toronto,Solicitor,1998,e039b4ca5924d04a1e62d7cdce295d127631206a8461f76c18df883dc4e7f400
Municipalities,"$107,398.39","$3,147.24",City of Toronto,Medical Officer of Health,1998,223854dcb1b05714b89b2be546a33cdc3a1988d8ae219bdd36ceb4baf324ccba
Municipalities,"$105,358.04",$524.50,City of Toronto,Solicitor,1998,cb06f8f20de91c4bb30be127c960287a0645bac34fa11aec84a69341ca5c93f2
Municipalities,"$104,071.94",$48.07,City of Toronto,Solicitor,1998,f2ea81c744b751468a97cc8bfe1c0594d363c382c1a8b6dde5093436666e3440
Municipalities,"$104,836.46",$993.49,City of Toronto,"Director, Real Estate Law",1998,33d462c4b857c332e8c5299be26fac80b01ad687f57a73cfd3c1251106ee2f55
Municipalities,"$121,404.29",$787.76,City of Toronto,"Commissioner of Rec., Parks & Culture",1998,e66f41c3ae11cc6e7a4184fce4d6224eb0b8487074dd50fbe387f313f263e73f
Municipalities,"$127,713.86","$1,210.41",City of Toronto,Commissioner of Transportation,1998,1f5aa1d8499ddf6fd7405232c2f314400dd3d4910cc10c4db771e7bfa5be8357
Municipalities,"$100,872.50",$826.82,City of Toronto,Director Technological Development,1998,80970a0c7a988fe7e32364a9389699387f636b6e98de135c51a50c235bfdb7e6
Municipalities,"$104,836.46",$993.49,City of Toronto,Exec. Dir. Social Dev. & Management Svcs,1998,690af435bf9aee5f5570f132bf44ee4d3c4c928b5e3023f5aa6bebcf976bbca0
Municipalities,"$186,262.56","$11,690.66",City of Toronto,Chief Administrative Officer,1998,52982bdbfa3b208340da765ba87caa970a2ed1b3e75ffaaece39ea8f3d1d23f6
Municipalities,"$132,392.80","$9,987.74",City of Toronto,"Executive Director, Human Resources",1998,85118924f05838608d21eebca4dc540ec6d73ab8c11c693079fc23e6e8d7e36f
Municipalities,"$102,275.99",$190.19,City of Toronto,"Director, Quality Control",1998,a7fd3e437a1fd35c50e6886fb6dfea0f78ce95786ea654973ce2ae682f116d18
Municipalities,"$180,038.27",$723.54,City of Toronto,Commissioner Board of Management,1998,6eee8151c54faa26174419f8af0908c491616d90dd14bc7a91c5e63dfa07e37a
Municipalities,"$129,220.82","$8,756.87",City of Toronto,City Auditor,1998,361be71da2c4fff82bd56ca4cb6269e642d05d2db21c021b0fded39cff1e5742
Municipalities,"$157,593.07","$6,384.51",City of Toronto,Deputy Commissioner of Planning,1998,4e3010b77148f11d00c7358e0e48223133300c5ade243f072d2f38313bb7eac1
Municipalities,"$152,905.74","$4,774.18",City of Toronto,"Commissioner, Works & Emergency Svcs",1998,0b96b66edccf101e99b7768372a33a8b533b6cf177976ac39c856a6d19828aec
Municipalities,"$143,308.62","$4,792.79",City of Toronto,"Commissioner, Econ. Dev., Cul. & Tour.",1998,8069bad099f9825adac177a7ab314a485449e77ae8eaf3cf6d63582f14e4f394
Municipalities,"$106,072.54",$48.07,City of Toronto,Solicitor,1998,0ff2217264d6a2498fbb756cb117cb1c56dbc7a0ecc3bae7a666e67f9a933a71
Municipalities,"$104,843.60",$48.07,City of Toronto,Solicitor,1998,7cd589dc00048dd30549d8e3fcff9988d49ad28297ca7782df930711d2417f01
Municipalities,"$104,836.46",$993.49,City of Toronto,Solicitor,1998,d40999afd719e565fccd58da34007816c4ddff07f2b559b216608dbba33a2b8d
Municipalities,"$115,996.62",$535.69,City of Toronto,Senior Solicitor,1998,ba9de7727f0eed9483e0a3df370a28bd32b25091a711a2728be4423247c4d1b2
Municipalities,"$151,991.05","$6,491.41",City of Toronto,Commissioner of Community Services,1998,242c094cd408630e9c3b112342822234bc09c519bb967f0602e79d79a91315b7
Municipalities,"$121,480.78","$7,437.47",City of Toronto,"General Manager, Transportation Services",1998,bb80562897874ccdeedbbc5161ffe76b027f469f713c2236a1ad6aef8238a00b
Municipalities,"$101,841.30","$9,954.20",City of Toronto,"General Manager, Ambulance",1998,0d801557d452d3c72f8b8a1eab2a67621c8c63409fc0034931cca4edda5e587a
Municipalities,"$100,401.02",$606.73,City of Toronto,"Dir., Planning & Admin. Tribunal Law",1998,c2c8f4233765acbf18a962add6d95fea8adc1f41a76e0e3fb7078d30ef65cefc
Municipalities,"$123,755.56",$262.92,City of Toronto,Commissioner of Transportation,1998,9c3ffe0a9680e590baa23edc1cfc3a4a8947c2eb08ab4654020c8cd106a14cf2
Municipalities,"$108,037.31",$968.05,City of Toronto,"Dir., Svc.Int. & Sup.Urb.Pln. & Dev.Svcs",1998,35f659875b59819437b34fb26f0bce870d13f7ead5521abf4c00312eb22fe579
Municipalities,"$152,952.23","$9,226.85",City of Toronto,Chief Financial Officer & Treasurer,1998,0d8f22eb9d14450c22709af7fa8797944eee55a15b2d14188bd1e0611e7b956f
Municipalities,"$104,862.93",$222.78,City of Toronto,Deputy Solicitor,1998,92ac9501b7f8c64f5417b69b425669c0015e921e180b4f119b162b0c20023091
Municipalities,"$106,785.20","$1,009.78",City of Toronto,"General Manager, Social Services",1998,992debf57aad88f69d8fed19cbd92b5792144d01556d3c7ac931be5ada7b9140
Municipalities,"$101,662.06","$3,796.15",City of Toronto,"Division Commander, Fire",1998,c7f7d967b427f866635f76324cfcf69ba1acfe53eb08c3661d0e08d38252dcee
Municipalities,"$104,862.93",$222.78,City of Toronto,Deputy Clerk,1998,2cccf93e383eddea1ca7f6d260de31e4d4f8f88f612ca6617a20ece82a8c341a
Municipalities,"$116,411.66","$1,100.51",City of Toronto,"Director, Employment Law",1998,1191c2ada7666f5bb3ab6377b5966f49706aec692201f2452d3ffab74ceb35f6
Municipalities,"$145,495.14",$264.00,City of Toronto,"Commissioner , Board of Management",1998,5b6f34ef013747a8d576f4c4f99b50a64b03fd0f6179899c677eff7b9c4c7c88
Municipalities,"$106,322.54",$524.50,City of Toronto,Solicitor,1998,c873214d075d7dc50c6ffc4ddb5c5f4d813223d04ec47db60a6456f0acb1a9e4
Municipalities,"$125,632.34",$905.47,City of Toronto,"Director, Policy, Planning",1998,45332878171e9197956bb0ae37abfc79615fd4068b33e378b17d6a1a736ac4f1
Municipalities,"$114,846.69",$48.07,City of Toronto,Solicitor,1998,91d48491932f4ec74d43b70f58af2426f2a505c3a7ed78d2787b18d52bd96b3f
Municipalities,"$132,211.48","$1,004.70",City of Toronto,Chief of Staff,1998,c5b366e5bf9b48f340c3d047cce12a012feb527286b5229c9d9ef8640c5617ef
Municipalities,"$116,233.79","$1,099.00",City of Toronto,"General Manager, Homes for the Aged",1998,6fa615e34f7f06f55a321e550bcddcb490c2e0f365253f4f7b3341f23962498b
Municipalities,"$106,512.29",$714.90,City of Toronto,Deputy Fire Chief,1998,f46694a052012bf7b3b9e8dcabc463c3265e9b9af2cd5438216e20d6f6b8a2b5
Municipalities,"$130,134.15",$807.20,City of Toronto,"General Mgr, Water & Wastewater Svcs",1998,2e19f17fb1e8bd6afcef66d24439a05c9f61e9a03844f28a10fb1ad6619ba840
Municipalities,"$152,905.78","$6,826.44",City of Toronto,"Commissioner, Corporate Services",1998,e2edf86acd123301a4413c0e121a8fc5ac74ce23430eb0bcacad3d45523a59b0
Municipalities,"$116,411.66","$7,470.51",City of Toronto,"General Manager, Licensing",1998,01010368f3adddc2fea876b818b34b27c59155a98bf956c87743fa6db239003d
Municipalities,"$104,836.46",$993.49,City of Toronto,"Dir., Strategic & Corporate Policy Div.",1998,f5cd112a1ddfb2907ce677aeeea5ff6e0cb831a421240548bcd87f0cad32aaa0
Municipalities,"$100,125.95",$657.69,City of Toronto,"Director, Dental Services",1998,c548026c6d623d8eb5d7da4ab642d0a67dadfabdb9e93655951e51078b163514
Municipalities,"$117,217.21",$249.00,City of Toronto,"Director, Accounting Services",1998,0ccc6ab42adc319fdd65a9b684ed9213be77742d5ca46e7250cbdef1c20919cf
Municipalities,"$104,836.46",$993.49,City of Toronto,Solicitor,1998,4c42414dbef98061869b8694c0454eb650745273edb3f86716038ff4ec7992a6
Municipalities,"$104,836.46",$993.49,City of Toronto,Solicitor,1998,0774bd5e710700397f8df6cf482022d5983f5e552b00734b2b10d06bd902e7c6
Municipalities,"$104,836.46","$5,960.49",City of Toronto,"Asst. Dir., Communications, Ambulance",1998,cafbe0f6ef98431a93f5f6ddb528c8fec1bbc3745e3b262b080871c3fe37f887
Municipalities,"$106,072.54",$48.07,City of Toronto,Solicitor,1998,51c6028683a0e3acfa0308cc42503e82c1c4e6fe79425e2e0f3ccb9981852e4a
Municipalities,"$140,237.65","$5,489.61",City of Toronto,Fire Chief,1998,6ec12833720bd39baa2e6ab7aa97f632bd30e5ffc9ec705eb0cfe547dd4397f0
Municipalities,"$104,862.93","$1,769.42",City of Toronto,"Director, Parks & Recreation",1998,3e03ebea92c7080f31951ce1e1e514f43f06a832966b12f7a25b5928a6b3bc42
Municipalities,"$104,862.93",$222.78,City of Toronto,"Director, District Transportation Svcs",1998,efecf0c6246c82684ebe9fdb946efeab94927047abe79f065d433767ca18f3c3
Municipalities,"$109,662.88","$4,267.65",City of Toronto,Commissioner of Works,1998,a44eb473b02ae56a316d968b0541f07e66809e8b2429ac4b50d1f310525b78b0
Municipalities,"$104,071.94",$48.07,City of Toronto,Solicitor,1998,b42f15c15bdaa12a0b3d3a86a57e0f15cdfaa62ce38b33a143c0ff7e81dc9fb4
Municipalities,"$116,628.18","$2,898.02",City of Toronto,"General Manager, Parks & Recreation",1998,26ae4352cb92072091b91695645f23b4b1de13abcab8bac8a9ab8a7b696828a4
Municipalities,"$101,016.81",$665.94,City of Toronto,"Director, Community Planning",1998,ae5d1489294a4f2c5e56a5c8d2f801e5da04f19414936044a4e5fd37cc93291c
Municipalities,"$106,785.19","$1,009.78",City of Toronto,"General Manager, Children's Services",1998,71f4d02ab19547bfa1e8f6f92055f3d9ee9ee696abdcddf8445a33a607b933fd
Municipalities,"$142,322.75","$4,335.93",City of Toronto,"Exec. Dir., Building/Chief Building Off.",1998,2975cf01c683b1c25a7ab979dbf55d8c0a36ac4178f86148f0552d7d62880de2
Municipalities,"$108,073.14",$48.07,City of Toronto,Solicitor,1998,abaa18f10ba153c6ba2d06cdaa321ebb8a275da24b9d5d18968a6a691e0f38ec
Municipalities,"$112,263.46",$773.43,City of Toronto,"Project Director, Y2K",1998,7614424443f1358362d19a0b59ad5e3b68be263fd9519ae44644d06bc5667bcf
Municipalities,"$107,350.73",$508.87,City of Toronto,Solicitor,1998,ac33e733a36a26ead6c4bccae4f9d20ea2a53352af5a530a22259fea6e414603
Municipalities,"$104,033.88",$452.20,City of Toronto,Deputy Metropolitan Clerk,1998,f9f411d148fcf88fb4e63f7a28dfd90a14987625bd604968af217350b8525e2c
Municipalities,"$106,419.75",$536.45,City of Toronto,"Director, Environmental Services",1998,79a841cdc435770ba28690b26ea7dbea888b2bc0170530e759a11d74baa0fd01
Municipalities,"$121,710.24",$48.07,City of Toronto,Corporation Counsel,1998,16b1569d1b2a9126aa468da346b36fe99256e436ccf7130b2ee89447cfe3a0e9
Municipalities,"$106,072.54",$48.07,City of Toronto,Solicitor,1998,a4de123dc36ac70a259188f7cb0f4667dd628a1b30546659ea9e871681d5135f
Municipalities,"$153,547.13","$7,985.44",City of Toronto,"Commissioner, Urban Plan. & Dev. Svcs",1998,3b659ec37b276ae04ba81b59f5238a0b48e569ed1ee925eac3a962bbb8a49ccb
Municipalities,"$127,713.86","$6,822.41",City of Toronto,"General Manager, Toronto Zoo",1998,b7be9c1d1222bb1d704c2e3cba726ed18b547203f4d412c0e23372c5e9979ab9
Municipalities,"$106,419.83",$48.07,City of Toronto,"Director, Engineering & Surveys",1998,06ba7bb7dda3507577da2fd8eee6962f049e0c4a0e39b365aa896f8f4d9c5eaa
Municipalities,"$131,148.90","$9,205.11",City of Toronto,City Clerk,1998,b623bef24e6de3b9787c89a905ed5a7b1d9ae026a2d2f4510925b0d699f7adcc
Municipalities,"$123,755.56",$262.92,City of Toronto,"AMOH & Dir., Communicable Diseases",1998,d3296f82ea22f67e88faa00f78236fb780e1b89b1ae257cb5cf706ce3ccf3e05
Municipalities,"$105,711.72",$826.82,City of Toronto,"Acting General Mgr, Exhibition Place",1998,88c6aa76134eba98ff629896f020c48e4d971e28f5654bd72c7b418c756b2f3e
Municipalities,"$116,538.15","$7,933.52",City of Vaughan,Deputy City Manager & City Solicitor,1998,8f339a76ae0f4f3955eac27d02899ee7e52014657abbf98cc57dcf7bde3d656c
Municipalities,"$111,338.90","$6,781.23",City of Vaughan,Commissioner of Community Services,1998,2c9fc43953df86ee7326439aa068205d7966575a6a3e7910f7d8486c218ef0e2
Municipalities,"$111,338.90","$7,409.77",City of Vaughan,Commissioner of Finance & City Treasurer,1998,bd249451dd1a250f3f51a8aab422ad290909bd2a6bf668d6bcdc3a02790b6d0e
Municipalities,"$111,338.90","$5,246.01",City of Vaughan,Commissioner of Development Services,1998,2ce0d80e9657f9b42f027377acf01c62f8f42832139dc894dd8eb6954f0e1b54
Municipalities,"$142,513.49","$7,678.38",City of Vaughan,City Manager,1998,a4de63063e81c1821a6e9a8d89c9dd3416dfbcf5aef8ac013ef27446bdc8336e
Municipalities,"$115,461.65","$6,659.70",City of Waterloo,Chief Administrative Officer,1998,e6efde641c740fe1fa4b31591135634d311b84c2aadcb9e7bd2b99e359045f23
Municipalities,"$104,351.64",$605.40,City of Windsor,Deputy Chief Operations,1998,224e4257c1e36f72274eea872cc740fe349007193a685887be8e39d58a115528
Municipalities,"$102,289.26",$537.47,City of Windsor,Comm. of Fire Services / Fire Chief,1998,1d7d07ae87b6c774b679ed4862f858ec43760154d99cb0dbd8a8740a8019747f
Municipalities,"$109,112.11",$607.04,City of Windsor,Comm. of Legal & Human Resources,1998,737b1e484d3eee0eb748ec4eef5db1218c18cae263a222c3d4e883a46880cda1
Municipalities,"$111,965.50",$631.45,City of Windsor,Commissioner of Works,1998,1955f29fae04d41732e9e2c1e1989aa610684ae0d1b2ef79a4d425feffa29dc3
Municipalities,"$110,752.43",$631.45,City of Windsor,Commissioner of Social Services,1998,9415031fdb22b223d82d96869c37a740e2bbddf1d33dcf5a2beb907c663b881e
Municipalities,"$122,011.44",$550.25,City of Windsor,Chief of Police,1998,437e893dd06e88f40e757d11c80a889ee07aba51242dd3b0215780d9384eab60
Municipalities,"$110,752.43",$631.45,City of Windsor,Comm. of Corp. Services & Treasurer,1998,bc462d042575aaebdf8604d946d98880b75b9835644afcc9894f77415ece8a8b
Municipalities,"$105,614.08",$777.26,City of Windsor,Deputy Chief Administration,1998,522f49b880fabf5fb46f36df5e598278abfe046765c2f5d887830d16b0e9f573
Municipalities,"$128,866.89","$2,356.53",City of Windsor,Chief Administrative Officer,1998,77db22f9d40848ac146227fc7e471012ec5cf19893973e819c87d4a51e7cae09
Municipalities,"$100,613.33","$3,076.28",County of Essex,Chief Administrative Officer,1998,98a354e0d8c17e07bd34ee41e31695d478e694bf41db78ca2b3cdecad7955961
Municipalities,"$100,380.38",$658.83,County of Lambton,Chief Administrative Officer,1998,8e74c043c10a21e602ff34cad02425d53f900aeffc5d70d9d5c8a63cdb62027b
Municipalities,"$102,760.59","$5,983.32",Gloucester,"Dep City Man., Community Development",1998,6b57d51f33df7da49fa10b9ea7e8c04afbc929850a8505510479b36f6021e7f0
Municipalities,"$102,853.08","$5,980.82",Gloucester,"Dep. City Man., Operations & Fire",1998,bc60d8f10260bdda5034da7fa73291c2728d51c2d9ad72ea831cdb1e3513c5b6
Municipalities,"$120,207.59","$1,069.20",Gloucester,City Manager,1998,498ba8440cf18774aef9f93b55c435a5802ea492534fd9793feac4c9ae37c8bc
Municipalities,"$158,505.22","$1,213.10",Municipality of Chatham-Kent,Police Chief - City of Chatham,1998,5a65caacd28aff4c5c13c3df83e6aa9962f67f183d8e57e7bcf83d44fb9f9cd8
Municipalities,"$111,843.86",$490.10,Municipality of Chatham-Kent,Chief Administrative Officer,1998,267f99e9094265956731a8af1c085832720c879ba2dd72ba550c7d3e342405b9
Municipalities,"$125,223.96","$2,228.43",Reg. Mun. of Hamilton Wentworth,General Manager Corporate Services,1998,e5779bf8e9e14ad1b0a734c6454bf69aa5647c2e390e38bbbc70c86aac1de070
Municipalities,"$107,666.41","$6,903.82",Reg. Mun. of Hamilton Wentworth,Deputy Chief,1998,5adfb2f896b0fea010341dd74f05278e364a689dff1b41b96b0f8fbadaa70400
Municipalities,"$103,972.04",$779.02,Reg. Mun. of Hamilton Wentworth,"Senior Director, Roads Division",1998,89e78b6e950e9e967dcaf819a8a0f3d017b6f24eae0ecaa5b58d54d45e14d737
Municipalities,"$107,275.93","$4,788.57",Reg. Mun. of Hamilton Wentworth,Medical Officer of Health,1998,76952426afac1212e3a6663b5e936419a5618fd771e4d29a349a62b2dcc30dbb
Municipalities,"$108,040.19",$171.46,Reg. Mun. of Hamilton Wentworth,Sergeant 1st Class,1998,e9104ce1080af942f6f9ab167e35173edd0b73a1da748548cd6bcf24f52005dd
Municipalities,"$117,551.07","$2,398.40",Reg. Mun. of Hamilton Wentworth,General Manager Human Resources,1998,9a7814ee0d6b553724fc128fb17a2c2543357682399a78fcefabf5b6a857f441
Municipalities,"$106,487.53","$5,381.28",Reg. Mun. of Hamilton Wentworth,Deputy Chief,1998,231b74d73e1670e1bcafe55d2e3ff361d6b9884a04269915b7e63c5ec7d2ec73
Municipalities,"$102,259.45",$381.49,Reg. Mun. of Hamilton Wentworth,Superintendent,1998,bea66863a167b3a2acc365b486db8930f34eaa1ca15432402eb718a86bc6f2a4
Municipalities,"$114,972.81",$153.24,Reg. Mun. of Hamilton Wentworth,District Supervisor - Environmental Serv,1998,b233f8e9b523878bb245f31fe5c8ac1b46130e92c26b775ed6211bf91632917c
Municipalities,"$126,697.21","$7,032.70",Reg. Mun. of Hamilton Wentworth,Chief of Police,1998,3682ecf6fa6ac569fb0584d06300fe058a08a2116ef2343cb7018b94a9facd54
Municipalities,"$136,030.01","$20,900.24",Reg. Mun. of Hamilton Wentworth,Chief of Police,1998,d843cf1458c7aec267d125e6daca603fbd4f6478db2f054e6d68d1666f90bd73
Municipalities,"$116,793.33",$473.40,Reg. Mun. of Hamilton Wentworth,Corporate Counsel,1998,229b0d69700d0bddb470319fc15315a42d0893a6765ce08ad9298281377ffc6a
Municipalities,"$117,831.82","$2,398.40",Reg. Mun. of Hamilton Wentworth,Gen Man. Social & Public Health Services,1998,eda6c04733cb82487331308cb2c5d1d2627057a3e832299ecc5fec5e826c9a55
Municipalities,"$101,144.74",$381.49,Reg. Mun. of Hamilton Wentworth,Superintendent,1998,710610f56f2620b4a6aefbd3b5269ad79148069e4fbc326540c9c310453cde2d
Municipalities,"$122,288.40","$20,320.87",Reg. Mun. of Hamilton Wentworth,Commissioner of Transportation,1998,73679c383b70b710be7a923ef011a7f53a1f9720180fb0b047391fbdd4b46689
Municipalities,"$107,853.04","$7,535.25",Reg. Municipality of Halton,Deputy Chief,1998,b3246c7b05d09d3c8a0c807981755c05cd52ae1f66fb22d25a814f0236aeb51b
Municipalities,"$130,275.52",$407.70,Reg. Municipality of Halton,Chief of Police,1998,ee40fa6bed9f09bc8aaf999e9116a8997beaf385b1be5c7c33d4d011f0790137
Municipalities,"$108,010.14",$325.06,Reg. Municipality of Halton,Chief Administrative Officer,1998,eb3d952614318235fcd6e16db142dd9099d56c57479b58f21063bce279f8be90
Municipalities,"$115,437.92","$1,955.90",Reg. Municipality of Halton,"Commissioner, Health & MOH",1998,e653ce6e52aa7ccf36a5e443583cf1950727f9c06cba8f885e3b5d40c87d8da8
Municipalities,"$104,846.52",$903.28,Reg. Municipality of Halton,"Commissioner, Corporate Services",1998,68f76cc4f6dfa862a1d67a87f18a3c580d930966edeb52e1da9b8655ff2f167c
Municipalities,"$103,826.55",$446.16,Region of Haldimand-Norfolk,"Superintendent, Regional Police",1998,66d703bafb2a4db6992df49bcc99c1168eb19ab0f69028dd1f58f36e4c740c74
Municipalities,"$101,788.82",$710.87,Region of Haldimand-Norfolk,Chief Administrative Officer,1998,75600fc8b7dfd67234ed96133cc2e88129d627aac6944486b7cbb5de118e2276
Municipalities,"$128,978.49","$4,704.53",Region of Ottawa-Carleton,"Commissioner, HFTA",1998,f3cdf2bcc211f219b5a09e90b883cabf9409d668184c6c61b0876c417bfc2ffe
Municipalities,"$169,414.26","$7,349.04",Region of Ottawa-Carleton,Chief Administrative Officer,1998,29761dcb74e7e16d31476727909c1501a10c044d31f7e5b6d187bac35535f875
Municipalities,"$101,369.82","$2,257.23",Region of Ottawa-Carleton,"Commissioner, Human Resources",1998,78d5d20fdcdcbb62b68e4230d5ea1236af545633d8ec0223f1bb5e4c2fdfa0ed
Municipalities,"$103,618.06",$427.32,Region of Ottawa-Carleton,"Dir, Mobility Srvs/Corp Fleet",1998,a291901bc7f762be6f817c8748041e59ab11c4f3ee369c0bba232d5b85671bb3
Municipalities,"$124,368.93","$4,704.53",Region of Ottawa-Carleton,Acting Deputy C.A.O,1998,c2774f5117c4f6c3b0da32dd5eaa5aae32599790e0c2f63ca62a0234ed318360
Municipalities,"$104,922.14",$436.46,Region of Ottawa-Carleton,"Exec. Director, Economic Affairs",1998,86c58b80ed5e90f4ebe2dc1f50c6e828fc219f7103ae3d91ac5a9e39e113a07e
Municipalities,"$103,618.07",$427.32,Region of Ottawa-Carleton,"Executive Director, Island Lodge",1998,59e0c1c0ab24772e47bda5ec40fed0ad20e67836b7c8887ed23bcff4d4183c12
Municipalities,"$129,550.03","$4,704.53",Region of Ottawa-Carleton,Medical Officer of Health,1998,056407a7af309f4739e569454bb132e1df0f5adf098984342e3a9ee7eb3df856
Municipalities,"$116,042.84","$3,492.06",Region of Ottawa-Carleton,Deputy Medical Officer Health,1998,40ee9cc6fc6e60f1fe8faa9362e4e4a8144481a2402e6669f3749e6fe8afbc30
Municipalities,"$104,914.18",$427.32,Region of Ottawa-Carleton,"Dir, Development Approvals",1998,5e150e25c90d3f7fe78583012d5f5cccb47ec9f179448fefe06d721c8be97b75
Municipalities,"$115,883.01","$3,752.91",Region of Ottawa-Carleton,AMOH-Clinical Services,1998,d03f0c6fc0fc55d85799150c45ede5f77289f97f666d3198db72a9fc109d63e0
Municipalities,"$100,836.12",$104.76,Region of Ottawa-Carleton,Maintenance Planner,1998,9a4c5764def05c38af7d4b60590ffea0ffc7a88912bd5ebf25fc08ab74265c20
Municipalities,"$108,456.15",$459.12,Region of Ottawa-Carleton,Regional Solicitor,1998,9e0372185ca87b26d3cca871abe6ce418e4e53b3cf7b0b76acd1f222ebcb65d0
Municipalities,"$111,389.94",$459.12,Region of Ottawa-Carleton,Deputy Treasurer,1998,54b436504669bcaf93caeccb8d85adb89ff1007722d3f4e77a9fcc3d6117d745
Municipalities,"$124,368.94","$4,704.53",Region of Ottawa-Carleton,"Commissioner, Finance",1998,52e37d9190d5d4e6fee81522be6918625708d226c9d884a3f6466b85a15ce3a3
Municipalities,"$100,689.27",$409.56,Region of Ottawa-Carleton,"Director, Information Systems",1998,cdd240f48bedc8fd09639a5b682c770d85ca3e417a2f262e7fbc3724abc529a6
Municipalities,"$103,618.06",$427.32,Region of Ottawa-Carleton,"Director, Area Operations",1998,f7628174cae9a30548459bfc5c208843cc02a142a1379f536dce08492446b245
Municipalities,"$101,766.46",$427.32,Region of Ottawa-Carleton,"Director, Solid Waste",1998,447fcf998f47b97bff0dc4fd44bc147368fe244b36e7acc76dbb1837b2012d14
Municipalities,"$111,389.94","$4,631.81",Region of Ottawa-Carleton,Regional Internal Auditor,1998,77087e5e56c0146fb8b8e4582156e22f7bab6f56b932c082ba8bb3c144a4b7a7
Municipalities,"$124,368.95","$4,735.33",Region of Ottawa-Carleton,Special Advisor Social Housing,1998,35cb2d70aaa20a48760b67e831b35af1b4e4c1bcc6d0637a5abaeb3e9dfee935
Municipalities,"$103,618.06",$427.32,Region of Ottawa-Carleton,"Director, Area Operations",1998,adf5f5e88e2044aec5e66d753d2d4abd573483479ccdbfe45d69620c842ab772
Municipalities,"$135,334.42","$4,704.53",Region of Ottawa-Carleton,"Commissioner, Environment & Trans.",1998,672949a26fc6ffc29d835dd716ed3deafff1e3e48ab87d44ac96f9a27b61fb6d
Municipalities,"$128,978.52","$4,704.53",Region of Ottawa-Carleton,"Commissioner, Social Services",1998,019061c82bbcbf396ac1be76ee7f6a7c6838323097f6e7da269d57fba5162dab
Municipalities,"$124,368.92","$4,704.53",Region of Ottawa-Carleton,"Commissioner, Planning & Development",1998,db9eb128823ff7c405ee0e0693185562a162ad464a03ef1c75b1765d419f7d35
Municipalities,"$111,389.93","$4,631.81",Region of Ottawa-Carleton,Regional Clerk,1998,3093bb228ae652866bbb74b16bb80947fe4c0bd8239b54ea9b39d06a172f1eb5
Municipalities,"$119,804.14","$6,957.12",Region of Peel,Commissioner of Planning,1998,6c54f30bed1212640bef1eea56a51de6a4236517ced949403d4b0fa4be07282d
Municipalities,"$127,679.72","$5,340.66",Region of Peel,Commissioner & Medical Officer of Health,1998,c9e139313fb43a0dfd1d9660b73cc8bae1833bc7cbbd8e3dffa1707f79927ae3
Municipalities,"$119,677.60","$7,931.42",Region of Peel,Comm of Corp Svcs & Regional Solicitor,1998,67220edf91ab02c428ae1be29af871b4f2a377c6295f4c34d6138af81c59128c
Municipalities,"$105,608.95",$496.42,Region of Peel,Acting Medical Officer of Health,1998,ce5490f1b046dbc7b9adc3fb6be26ce773045d721ae6d0a4b271c563c0c8d341
Municipalities,"$138,671.20","$7,678.98",Region of Peel,Chief Administrative Officer,1998,69e081b9fd6ab702a284a356d6aa47b8e3b4f5b32b8e45eb281ea9a2d9828abb
Municipalities,"$117,413.40","$8,470.84",Region of Peel,Treasurer & Commissioner of Finance,1998,ba8d93f120a0f3218253e4cb564e82f5f26b0809e6cefcadb353b925851569d8
Municipalities,"$109,200.36",$491.92,Region of Peel,Director of Ontario Works,1998,127e3add076c028d049008298a044671524de89909aa49abe73479b29a0d4b6d
Municipalities,"$119,677.60","$7,597.43",Region of Peel,Commissioner of Social Services,1998,bd0e4b365e4c0c5e167cfe9371d0da15f1a3a4772e081b8aec6728d3e65e4f71
Municipalities,"$109,200.36",$491.92,Region of Peel,Director of Human Resources,1998,743586ffcaa72b3b68ceb0c89865130b2482d2d40209c18db42d886dc2551cb9
Municipalities,"$103,580.60","$8,488.67",Region of Peel,Commissioner of Public Works,1998,4fb1eee3720f681ac01460dbce3c3f2ef4bdfdd307a3834f51b1cafcdea4908a
Municipalities,"$130,815.26","$7,988.95",Regional Mun. of Niagara,Chief Administrative Officer,1998,f29bea7c09d4002145f599c2ad83a209e688d8f0ba353f957ea079642d9bceee
Municipalities,"$114,665.13",$674.52,Regional Mun. of Niagara,Deputy Chief of Police,1998,804973236aa1fd537dbd9064625f8b637d32307bca846e1770d18bb795c05bf2
Municipalities,"$104,812.39",$0.00,Regional Mun. of Niagara,Director of Human Resources,1998,25180a89ccce827686477fdbd2c0c722a6f544d000ad08bc255100d75d20fe37
Municipalities,"$116,690.49",$0.00,Regional Mun. of Niagara,Dir. Social Services & Seniors,1998,43ecf428adb021fcd208d1cb77b188a6bbb51d40011c181a2dda4beb228fbe6c
Municipalities,"$122,891.57",$0.00,Regional Mun. of Niagara,Director Corporate Services,1998,23985571ff5aff0d270d632911b356b310d9adf2822a23b1255518bff51041f6
Municipalities,"$136,394.81","$10,463.86",Regional Mun. of Niagara,Chief of Police,1998,2a55b3adf59f13a67a561db61efc2378575ce5632fec46978d33312aa14bdd24
Municipalities,"$141,803.63","$8,856.04",Regional Mun. of Niagara,Medical Officer of Health,1998,5e2c0504845fc4bc5c391ef1ab14735ade424cbf09a2136016a867ec4355150e
Municipalities,"$123,464.00","$1,174.00",Regional Municipality of Durham,Deputy Chief of Police,1998,2a2fed734b5f830ba430952f6e4f02b44bdfc094607ab78e140f3aba316b5bfa
Municipalities,"$112,490.00",$734.00,Regional Municipality of Durham,Commissioner of Finance,1998,40fbd352f7c8d1af7aeaf98aecd85c1c0bffacf7d3880ee71dff348b9c8ec146
Municipalities,"$127,724.00","$9,764.00",Regional Municipality of Durham,Chief Administrative Officer,1998,2de1870fa2352c8f73354b3816cfe7b66a98570bb32122ae78cd33f694ed0066
Municipalities,"$128,190.00",$671.00,Regional Municipality of Durham,Deputy Chief of Police,1998,d5102b1a5b0b685cfc532060c6958f9fe749e2eaaf12387146b8a3c8e7685c86
Municipalities,"$113,373.00",$738.00,Regional Municipality of Durham,Commissioner of Planning,1998,edcf019d8ad77c1be7b5c7e656768218f84f3047ade6dcb8417544f4490bc881
Municipalities,"$152,740.00",$806.00,Regional Municipality of Durham,Medical Officer of Health,1998,98993662ac0c259e0cb44912dd43e888b779ae15fae928c478aa38446e8022b6
Municipalities,"$139,307.00","$5,400.00",Regional Municipality of Durham,Chief of Police,1998,c9d6f55828bf66a86042cc99960a484588e033bd3925319f85c0b8fdc5657ac9
Municipalities,"$111,083.00",$813.00,Regional Municipality of Durham,Commissioner of Human Resources,1998,627ce2a778782bf7b26603fdf2567f07f0d96edbe0e9894098eff75f6402eda1
Municipalities,"$113,373.00",$738.00,Regional Municipality of Durham,Regional Solicitor,1998,0e049ac8d7d28c2c6317a067ebba737c68a5327d79650a56396947fa07c2bbb0
Municipalities,"$113,373.00",$738.00,Regional Municipality of Durham,Commissioner of Works,1998,3298ce2a5cd9f2c0b5ffaf2004f0b7bcf1f8e84dc70e632662538785edde34e6
Municipalities,"$104,514.96",$946.41,Regional Municipality of Sudbury,Deputy Chief of Police,1998,43251b3f636a5b3120b67f7e69a9b01f0b6251b4c6d41ac45ab0f79491f5c61c
Municipalities,"$101,412.31",$569.18,Regional Municipality of Sudbury,Director of Financial Services,1998,6dc3904977ad75a7d3a8d8550addf0b670ac490b625a2272bdad1af0ba3ec005
Municipalities,"$102,749.36",$670.37,Regional Municipality of Sudbury,Commissioner of Planning & Dev.,1998,0f46a7ba9756daca2a9f95a919a3586a5e9aa6ccd2ec4c391c819a8b285d3829
Municipalities,"$123,423.60","$1,062.51",Regional Municipality of Sudbury,Chief of Police,1998,b93a3c069f5f5dab77f315dad2aa62e026392fe313d3e2dfe574819676882b0d
Municipalities,"$102,749.36",$670.37,Regional Municipality of Sudbury,Commissioner of H & SS,1998,38d4ef8db3d21e64faa25aeb69188c2cd6b3c28d9f32ebae41f6280aaa2cdc29
Municipalities,"$107,282.42",$872.94,Regional Municipality of Sudbury,Commissioner of Public Works,1998,488ac9b70a7b22c4ef98eabc62d4f1b3adead4bb013c790e0819a47e9a020154
Municipalities,"$117,326.44",$765.50,Regional Municipality of Sudbury,Chief Administrative Officer,1998,5100a203a024e2ee942b99490657849be3c2dba7014bfe1b101a166ada902b66
Municipalities,"$103,021.36",$948.57,Regional Municipality of Sudbury,Director of Legal Services,1998,d974d9ab4af473b20b17ff06be15c56ed56e07df70325853bef7eb2f68039aba
Municipalities,"$106,379.98",$693.18,Regional Municipality of Sudbury,Commissioner of Corporate Services,1998,101344b31029d5504d3f551dcee7457f88c412f805c4d9efdd360cc92e19e6bb
Municipalities,"$106,363.07","$2,311.76",Regional Municipality of Waterloo,Commissioner-Corp. Res./Reg. Solicitor,1998,97b329d77fc7dfba3e931b00413e29ad5c77a2a827298e0f65b7d36d28ef985e
Municipalities,"$106,363.07",$778.97,Regional Municipality of Waterloo,Commissioner of Social Services,1998,2b07f26248c068532b491e6dca80f0352ad17e51ef84a04b2b87f06e7ee50d0f
Municipalities,"$106,363.07",$495.97,Regional Municipality of Waterloo,"Assistant CAO, Human Resources",1998,e774cf6c0cb8c25d2ecb1edbc2deffbf8215dd3b32dba2c2fe7d3c19f01a2a26
Municipalities,"$106,363.07",$635.07,Regional Municipality of Waterloo,Commissioner of Engineering,1998,0729a8b7e023aa19e298249f54db30b58a4598ca5c457f38df6234cc50992a22
Municipalities,"$120,531.96","$1,969.42",Regional Municipality of Waterloo,Comm.-Health Svcs/Medical Off. of Health,1998,cd3cd1f12586d2488ee1324391fa95df0caa77636a6b16605d9e0e2bdc45085b
Municipalities,"$125,100.04","$6,467.97",Regional Municipality of Waterloo,Chief Administrative Officer,1998,d3850b98712ee2b923387c0a8dff629ca192d8a89c0622ba12652e1141d689ab
Municipalities,"$115,736.75","$7,111.53",Town of Aurora,Chief Administrative Officer,1998,32e52f0314734a411cf6b5752f56223047940a932a25474d260f042f47ed13f8
Municipalities,"$104,085.83",$175.64,Town of Lindsay,Chief Administrative Officer,1998,f3bc87b13ed20c372b35b7c2f4a8997692b9db987b37df520d622aa076402e3b
Municipalities,"$115,238.28","$7,593.72",Town of Markham,Commissioner of Corporate Services,1998,90eddcecd84993b7e28ea7669a5bdf2598e834f83f73e2a70cf60813465ecb19
Municipalities,"$136,096.87","$9,679.48",Town of Markham,Chief Administrative Officer,1998,fa032c5edac11b7e807c3c21e883614ee3f264831f778787c28887ce9c5aacf5
Municipalities,"$117,291.30","$7,629.84",Town of Markham,Commissioner of Development Services,1998,90d969c3627704f0c749e157c969455b54b4d2db4281e50c19810ed153f31cf2
Municipalities,"$117,581.00",$657.00,Town of Oakville,Town Manager,1998,baa2bac4c45083725a981f7527b52745f13a7485ea6ab4ee6d076c6dfbc17672
Municipalities,"$104,801.00",$588.00,Town of Oakville,"Deputy Town Manager, Comm. Services",1998,ebb517f7bca412a59c3bcfeb2b25226007ccecdedb5edba2e5606530f2ed7af8
Municipalities,"$104,801.00",$606.00,Town of Oakville,"Deputy Town Manager, Admin. Services",1998,d56f81db83812cac7ce20006edf6b0ac4e6ab8ea357ce72106a2346d1f3cdcd0
Municipalities,"$101,391.37","$6,603.94",Town of Pickering,Chief Administrative Officer,1998,27099284193ff7a3a73fd964011be8cb43537df432f8d8be71768fd611fb2476
Municipalities,"$108,398.56",$368.99,Town of Richmond Hill,Commissioner Planning and Development,1998,f9b930ab51401f61e13a1dc88ab6674dde5fe2f7b169e8d5bbf82071478030b9
Municipalities,"$101,024.46",$358.29,Town of Richmond Hill,"Dir., Council Support Svcs/Town Clerk",1998,045fac0d2975fb36882d9fd6cb5d345715c6cef767f01b39efd36194214ba920
Municipalities,"$110,016.21",$383.14,Town of Richmond Hill,Commissioner Parks and Recreation,1998,4afe8426575936051a402259f01fc769fdc0a723bfe4f6831b1fb143a5780b8e
Municipalities,"$114,070.56",$381.69,Town of Richmond Hill,Fire Chief,1998,0c53f4dafd46b134e96060c0f7b6884d305db277803819828a0cb38fc4f1a069
Municipalities,"$113,887.32",$398.21,Town of Richmond Hill,Town Solicitor,1998,2f06bf7e566db78150b3ccd107a0ccff558c363464684349d2f8c014886ac65a
Municipalities,"$102,090.16",$374.58,Town of Richmond Hill,Commissioner Corporate Services,1998,9c50377cb26b0d8147f51f8a58ad18f93a3691237722777cca0bdd383ce076da
Municipalities,"$113,202.55",$379.54,Town of Richmond Hill,Commissioner Engineering & Pub. Works,1998,b1fea713708a8de21002f6cb8b78772591d8e441a14485dab2ca0fbc53ce8520
Municipalities,"$137,893.00","$7,673.40",Town of Richmond Hill,Chief Administrative Officer,1998,9f6173b0196291de26b047b81f2cbb4b48020b220086cb0f37149deda74d1420
Municipalities,"$105,719.41",$374.58,Town of Richmond Hill,Commissioner Finance / Treasurer,1998,790b492ab52d2bb7468b909be62c634152325fb09a6a5db7d922a3afaebe03e8
Municipalities,"$104,268.60","$9,171.12",Town of Whitby,Administrator/Director of Human Resource,1998,cc212f905a31b972dc7e0376a119e2abc95fd0f118b577a751f879e81ae79ba6
Ontario Public Service,"$114,367.93",$320.32,"Agriculture, Food & Rural Affairs",ADM Food Industry Division,1998,696cfdb075204708d48825911e6182196b53ce7240e808f30bdeb0bca3de8fcc
Ontario Public Service,"$129,164.70",$350.24,"Agriculture, Food & Rural Affairs",ADM Education Research & Lab Services,1998,6803f63dc1bf7f12fa1eced48580a85e78c0e7b517b69f0144a5cb485dcf4889
Ontario Public Service,"$144,415.92","$1,883.03","Agriculture, Food & Rural Affairs",Deputy Minister,1998,5b0e9186ef6d888f434f1032827ed9d0b4bb3575611fba98ed39273b3f4e2f1d
Ontario Public Service,"$108,571.88",$297.36,"Agriculture, Food & Rural Affairs","Director, Food Industry Competitiveness",1998,53676907ac369e794d4e6b9c65778570b80d10f77b1b33efa0a2a63caa526788
Ontario Public Service,"$132,088.16",$351.36,"Agriculture, Food & Rural Affairs",ADM Policy & Farm Finance Division,1998,a16eaa76507571e77ad9995aad2faf79b61588ce3876973cab8ba9219094a99b
Ontario Public Service,"$112,840.98",$318.24,"Agriculture, Food & Rural Affairs",ADM Corporate Services Division,1998,c69a4af1084f2f1291cef78e325082f9e776973085dbb26fc9b1a48a6d63932c
Ontario Public Service,"$127,307.49",$344.72,"Agriculture, Food & Rural Affairs",ADM Agricultural & Rural Division,1998,e65bf777479dbf40b7e38129a7f4aa1f7d76eade27dac4844d05a11befa01438
Ontario Public Service,"$129,716.86","$3,758.19",Attorney General,Provincial Judge,1998,d13bb6cd96f1822c1806ad4411163de3a9a1b6a56ea93d4dee48a221c16a8b02
Ontario Public Service,"$103,468.82",$294.69,Attorney General,Asst Crown Attorney,1998,268c808d775b3c50dc96c6db246f8b986e275008103242dfb29680105ed56ab9
Ontario Public Service,"$102,408.16",$298.56,Attorney General,Legal Counsel General,1998,f492d0afc3e094e23126bb3a693c89d726c87308feef889b9d17cf2a1cd9c212
Ontario Public Service,"$120,357.80",$344.16,Attorney General,"Crown Atty, Simcoe",1998,ca34acba7f13e518046000b262d24f0f3367929e5f3c5ca83f348e0c44abdb12
Ontario Public Service,"$102,375.54",$298.56,Attorney General,Asst Crown Attorney,1998,3aa537541a339fda6025fd06fcd46aa6900b040937665458641a92105f73898f
Ontario Public Service,"$104,414.60",$298.56,Attorney General,Asst Crown Attorney,1998,e4a10372e6be84c69abb6e876ad6fa8e15ba3552168cb87097d300756c20146c
Ontario Public Service,"$129,716.86",$0.00,Attorney General,Provincial Judge,1998,9609ac732c6866506ff0f83efa014c1cea21d78b5a4b63ae4e9221288508c668
Ontario Public Service,"$129,716.86",$0.00,Attorney General,Provincial Judge,1998,3773cdfef3062a1d94d56148642d9bffe798aac63d54faa311828afe038d0fab
Ontario Public Service,"$129,716.86",$0.00,Attorney General,Provincial Judge,1998,e618ca7572ca05473d5547db4319306735e27570f0200d849aff9010ca51c0cb
Ontario Public Service,"$104,414.60",$298.56,Attorney General,Asst Crown Attorney,1998,54c03b989674ea521fcd868b4835dbcf00494f93d04dfc1b8051d1d49245b937
Ontario Public Service,"$120,357.80",$344.16,Attorney General,Crown Attorney,1998,572bf824e3f4fcdba3cf3c95d2239a362fdb3d8d6da0e1bcfb2ee7a57b0cd7be
Ontario Public Service,"$106,452.93",$301.41,Attorney General,"Crown Atty, York West",1998,eec9c8b3ff2bd2644229d5709f2d7105a80dee47bbdfd88e6daa5a24ec33b59d
Ontario Public Service,"$125,629.56",$359.28,Attorney General,Asst Crown Attorney,1998,f9cf04c8c03b41899c028f80aa86c2587d7e2e06b9a776217e1ad3dcd4e6b078
Ontario Public Service,"$120,357.80",$344.16,Attorney General,"Crown Atty, Middlesex",1998,41862c84ea560b6cb80452ffa4fec1a0bd5fb53f6eab5e09b7bd8e512678a2ff
Ontario Public Service,"$110,498.86",$313.53,Attorney General,Crown Counsel,1998,bf03e30a44021b711d677801caabf975a61d84e77b2a25d2e1bfde4e2ac831cf
Ontario Public Service,"$120,282.21",$343.08,Attorney General,Crown Attorney,1998,525dca4529d1d9345b731ac3e6efdbd0b70393f110b476032310a3470501d18f
Ontario Public Service,"$115,317.56",$329.04,Attorney General,Asst Crown Attorney,1998,b4b7fbf3a616a24a314078056e30195fe0ef14c975267220039e77c5e4de6d6a
Ontario Public Service,"$129,716.86",$0.00,Attorney General,Provincial Judge,1998,58dd13327357aa2feb4fc8e4f40b1f152e0c965abdee726e06d4a0624655a434
Ontario Public Service,"$142,073.03",$0.00,Attorney General,Regional Senior Judge,1998,c65fb9855902b2a3d26a89a23c24471e55b60678ebf72836700b7b7b95905b1f
Ontario Public Service,"$129,716.86","$3,758.19",Attorney General,Provincial Judge,1998,62c8fc0fecad8a89874fed7e1671551299857e23a268b93d395999bb9bd15051
Ontario Public Service,"$111,722.73",$315.96,Attorney General,"Proj. Dir., Legal Aid Prog.",1998,eed6e73d1d22dceecdbd61afe1b90ffc0addc012d46655fc9cc0a95757c3d60f
Ontario Public Service,"$104,414.60",$298.56,Attorney General,"Counsel, Estates & Corp.",1998,dc4184f7dcc4957800fa8b01bf5d592e81d5b45e10d773ded994811a69e5db91
Ontario Public Service,"$120,357.80",$344.16,Attorney General,"Crown Atty, Norfolk",1998,0fde417906a10d5f970f849d8ba82df0f267d33b0a64edbaf615341ed959657d
Ontario Public Service,"$129,716.86",$0.00,Attorney General,Provincial Judge,1998,efaeba5a93d625ea50729872359109165bf395ef709f67cde2d65474ef981969
Ontario Public Service,"$111,776.45",$318.45,Attorney General,Asst Crown Attorney,1998,b3f806fa38f3f7bd910bae88d5d447fa4979acddace9ed433d1bc107244313a2
Ontario Public Service,"$129,716.86","$3,758.19",Attorney General,Provincial Judge,1998,f2abd6b904dd2d3574dcce13a7e5a3f76ad242c3aa68b3f835c62d082cffe45c
Ontario Public Service,"$119,432.83",$340.20,Attorney General,"Crown Atty, Kent",1998,f09717421f43022b0bb02a6c1bd18b34b91e539bc9e985f7f91f6ee06da1c3d8
Ontario Public Service,"$129,716.86",$0.00,Attorney General,Senior Provincial Judge,1998,b04a4d62cfe155b0a5633f00a31b05d5d89453a145ae85fe7921caade178f424
Ontario Public Service,"$129,716.86","$3,588.94",Attorney General,Provincial Judge,1998,6ae480ca3871e5ebb3451db4d85cae75bae06aa506bbc0b71109121fc28b5f72
Ontario Public Service,"$110,916.21",$318.45,Attorney General,Legislative Counsel,1998,e6a6f832056a38df2174a08e53b7767ff03c6bc7ca650f48a62beac40547d9d1
Ontario Public Service,"$129,770.58","$3,758.19",Attorney General,Provincial Judge,1998,255f9ce8508c95dc29446499e535f05a3f75ca457f814a4b159182d10da3d0e3
Ontario Public Service,"$120,357.80",$344.16,Attorney General,"Crown Atty, Renfrew",1998,a498a8517af2eb64e0a7b813a63918645dbf9163d7c435807ad87eaa8800c929
Ontario Public Service,"$104,414.34",$298.56,Attorney General,Crown Counsel,1998,a4a164c1856b622ba02dd951f0deb5e07b55ebd911c821fac579d620343fde15
Ontario Public Service,"$110,828.67",$318.45,Attorney General,Asst Crown Attorney,1998,eab1d6c2c98e3e5656c5a764189f7a284fb7c9079e6bdab7795025dc3e8cdec4
Ontario Public Service,"$129,716.86","$3,758.19",Attorney General,Provincial Judge,1998,875d410e3d298309a678dfebc4cce627703fd51ea43b74ecb43d010973d544e4
Ontario Public Service,"$104,414.60",$298.56,Attorney General,"Director, Legal Services",1998,9ff445a0ce1dd58c92d63e15d1c2b65ccc2540b1b514a37bbc4f63fdd06cddc8
Ontario Public Service,"$119,856.62","$2,573.44",Attorney General,Provincial Judge,1998,93ece5a82f281874316f9dc251b99b073e708bfa403d20a83f38b8330590b96f
Ontario Public Service,"$129,716.86","$3,758.19",Attorney General,Provincial Judge,1998,11e28b9cf9edb12da542f11a470b7658a3d4c525eb7a0a893b0f7ebd2510ad47
Ontario Public Service,"$115,229.03",$327.78,Attorney General,Asst Crown Attorney,1998,39b5eec009d3e7e594d1f8f65d4b34cf728604c339958aee88b63e9224c63ab1
Ontario Public Service,"$118,447.06",$338.76,Attorney General,Case Mgmt. Master Ont. Crt.,1998,c3d387482ff3258af9c2a4a0be40e1a61cf80ba2aa7b0e7291e98f5032ba781d
Ontario Public Service,"$115,383.48",$330.00,Attorney General,Legislative Counsel,1998,e58ea6a6ce1db1a4033ac48cb7e8c389d0e8b53d192bc726f3747aca532bcc6a
Ontario Public Service,"$142,073.03","$4,116.19",Attorney General,Regional Senior Judge,1998,84d7e16e71cf046147124a97e55e28fc070bc9ae67d222589d1c77b6836e73d5
Ontario Public Service,"$104,414.60",$298.56,Attorney General,Asst Crown Attorney,1998,bd914714ad63e5fd9991150421649f41c43c1cdbf4bd93c9f46633cccfb5b80d
Ontario Public Service,"$115,317.56",$329.04,Attorney General,Counsel,1998,d1d1e8b9d4e7133b8f3cd140a71c98113a0f2b155fe705645ba2ad16f28a2b55
Ontario Public Service,"$129,716.86",$0.00,Attorney General,Provincial Judge,1998,d07df279a870b762d6d8526916826fdcdcb6a688badcee802f6f95f3f4b538f5
Ontario Public Service,"$121,867.65","$3,081.19",Attorney General,Provincial Judge,1998,875fe73fd14bad968ac09ce5ca8d1fa1ca6cf27b3ae12f46a77b775db8f82745
Ontario Public Service,"$115,383.48",$330.00,Attorney General,Asst Crown Attorney,1998,4f3e5a7eb215fbae90666784b124753baf2ce5fdc7b3588ab2ee9d92a3cebf18
Ontario Public Service,"$102,765.76",$297.66,Attorney General,Asst Crown Attorney,1998,a3b8178b5660f5e3d5cecfdd560ec019b7e79ab5c3a63b38c72e82ff053f86c9
Ontario Public Service,"$129,716.86","$3,758.19",Attorney General,Provincial Judge,1998,c73ab7af8f9e94e5fccc167fd373eb8034dccf7fa958c62ba18e7544cdb7eaa7
Ontario Public Service,"$115,383.48",$330.00,Attorney General,"Asst Crown Attorney, Team Ldr.",1998,beb315642553bb246481c2d494c0dd05625783d8daf0ff852ac8a2132adb510a
Ontario Public Service,"$104,414.60",$298.56,Attorney General,Asst Crown Attorney,1998,7cb112ef868a718c28ed727feb0d0b89f2bd89868e5761ea9feb56e895e43ea1
Ontario Public Service,"$100,990.17",$286.65,Attorney General,Asst Crown Attorney,1998,bd15041961fbe2b9e76c95c2a0a44299a806a9d4bbd18aadd2c3e1fde670c6bb
Ontario Public Service,"$129,716.86","$3,758.19",Attorney General,Provincial Judge,1998,898f23dcc398f15d6b45c6709c87e566e3c04f152324024de2d103a11a911c24
Ontario Public Service,"$111,776.45",$318.45,Attorney General,Asst Crown Attorney,1998,9d31b012d2807cb4035a58bd8b8001ee58728875a4c5b7fb30f5d862f5cba7d5
Ontario Public Service,"$115,383.48",$330.00,Attorney General,Deputy Director,1998,36cdf039d7b458fc229712898c44f4a39299a861329589ad453e7bc6c41447e1
Ontario Public Service,"$120,357.80",$344.16,Attorney General,"Crown Atty, Ottawa-Carl.",1998,002fa78f8dc5aef575475cfceaccfb777c501e943355cb8030fe18a8d904cff8
Ontario Public Service,"$115,383.48",$330.00,Attorney General,Asst Crown Attorney,1998,0bc91ed2aed1d3d8d232da07f6175be5a2e7a9db347660b222ef378ca9eed91e
Ontario Public Service,"$129,716.86","$3,758.19",Attorney General,Provincial Judge,1998,43c9e5c7d0d0986d09de1812fc1b36e952bb295b2880ea84a15011a32802a36d
Ontario Public Service,"$100,655.56",$277.48,Attorney General,"Director, Family Responsibility Office",1998,f44623042edafa30a5e207d8f152dd66daf631dce2cab62257792d0df481cc7a
Ontario Public Service,"$100,934.87",$287.46,Attorney General,Asst Crown Attorney,1998,ab69f4b3379e52d2fa4ace6465c66b7878e6914400b8bcb9125d1e10a85a15b0
Ontario Public Service,"$114,839.88",$0.00,Attorney General,Counsel (Science Centre),1998,922cc51e5553c0b73e0c50d7e99e430382483b980131ccf88563bad95ee4978d
Ontario Public Service,"$132,200.38","$3,810.19",Attorney General,Regional Senior Judge,1998,92b63ea62400801d55298199f750c21894d461067209e4a9a75a2a05a06ad014
Ontario Public Service,"$129,716.86","$3,758.19",Attorney General,Provincial Judge,1998,cda7613ab9128546bfaf58d5bd859175468d41958c4523e0000542d1a4e4c40a
Ontario Public Service,"$102,345.06",$285.80,Attorney General,Counsel,1998,14857ec1395d7c4eb35060a19bf4251f7018f3b1dde7cef7e87272982c6d94fa
Ontario Public Service,"$129,716.86",$0.00,Attorney General,Provincial Judge,1998,0f8e51080749fa194939e1f0ffdd0b1de1bb77395c27bf94136067d794363432
Ontario Public Service,"$129,716.86","$3,758.26",Attorney General,Provincial Judge,1998,b8e87c6ebf4a5722b826b152adde908cf67f273aed74524299199243177da78e
Ontario Public Service,"$129,716.86","$3,758.19",Attorney General,Provincial Judge,1998,6221d94a872c0057a677977786f10e59e66cc2a147bda692b31f1d91153cf877
Ontario Public Service,"$129,716.86","$3,758.19",Attorney General,Provincial Judge,1998,da58a8907f8f326b51f7dda8dc7e10f51a83c3ee6c4b138351b5e161c754d817
Ontario Public Service,"$129,716.86","$3,758.19",Attorney General,Provincial Judge,1998,423ca61321404f61aa98e5d4e98df9ad2937fc3f7bc47899607d9ab3808f00a3
Ontario Public Service,"$120,357.80",$344.16,Attorney General,"Crown Atty, Lenn & Add",1998,acfefaa314c122ef11d333baf5d97faf9c2d25bde824c332d3a723dd15683820
Ontario Public Service,"$129,716.86","$3,250.44",Attorney General,Provincial Judge,1998,01c8a5ea694852d45f2ff68cee27eec41140620612dd0e218add75e1cbed63b2
Ontario Public Service,"$103,911.66",$295.41,Attorney General,"Crown Atty, York North",1998,19b77c4674f4a1ff49515514e18ca7bc9a8bcfc05daba0db5acfbf9fae24d007
Ontario Public Service,"$106,495.31",$302.90,Attorney General,Deputy Director,1998,f446a5bad74cda551442f6336ac3ba9660d0c8dea1ffcca9d91f76ffdd97c4d2
Ontario Public Service,"$129,716.86",$0.00,Attorney General,Judge PC (CVD) Toronto,1998,8c9dcc8df3ccff11851be266364d59f4f7cd1f48b119c25edbb58cef690645f1
Ontario Public Service,"$104,414.60",$298.56,Attorney General,Asst Crown Attorney,1998,ac4eb628b69012ed4be97b662784bbeb661e8bc42442034b954567beb39379d0
Ontario Public Service,"$104,414.60",$298.56,Attorney General,Legal Officer,1998,36c19bf40f2b815de5671d7c388c96eb4d68eebf59b8f5ec43cef743d88e3108
Ontario Public Service,"$129,716.86","$3,758.19",Attorney General,Provincial Judge,1998,bda2b2e1a3a96d4a82fe1917b93d10a9e7081a13bbd513a3415435c72617eba2
Ontario Public Service,"$104,414.60",$298.56,Attorney General,Lawyer,1998,8228a5050e8cc06c284aea294a5b16587bb429e051dc287f6b64ff481cbc9b45
Ontario Public Service,"$106,128.16",$301.98,Attorney General,Crown Counsel,1998,bd509185fa2c43699aa1e2efcd5d14222fd835737071eaec3b525b6eda410f40
Ontario Public Service,"$124,401.03",$339.73,Attorney General,General Counsel,1998,99defacb8362a75f2c5141a3a6617fe38e34ca407d0643158a664de840ac2581
Ontario Public Service,"$115,384.00",$330.00,Attorney General,Asst Crown Attorney,1998,17d8a6121d69fdbd2e687b4053119a18a70850d5ee4500bbaadabb6088c59441
Ontario Public Service,"$111,776.45",$318.45,Attorney General,Asst Crown Attorney,1998,807918f6f67945bec2aaf7d407bcfdf96e98e233689aee0991b533033377acc6
Ontario Public Service,"$129,716.86",$0.00,Attorney General,Provincial Judge,1998,678179340850e503db6468b9d6c48cf0b932c39159dd66be8e5dc40fc586d138
Ontario Public Service,"$129,716.86","$2,036.92",Attorney General,Senior Provincial Judge,1998,5849149a6e74b41cc12800f0b730f06353ce38b961f60fbee8274beee0296239
Ontario Public Service,"$129,716.86","$3,758.19",Attorney General,Provincial Judge,1998,1f2ffac00c78a53ed4a865110d5fa6e2c1cadb8cd4067cc41dc70165cc998a01
Ontario Public Service,"$103,417.99",$294.57,Attorney General,Litigation Counsel,1998,3a92d2a95f04a505c4777502a3fc9d4e37ed5a6d5477fd0ae0dfc9cd0fbe653c
Ontario Public Service,"$115,383.48",$330.00,Attorney General,Senior Counsel,1998,1b594bdeacddd65c19615f9897306116e8034148eeee6227858e88bcc4d5547f
Ontario Public Service,"$120,457.16",$344.37,Attorney General,"Crown Atty, Perth",1998,8a4cb65ce820d12567e300b5d9b1e7384f4c79a29b6b24b7960cfae9f17daa73
Ontario Public Service,"$111,777.49",$318.45,Attorney General,Senior Counsel,1998,ac4f9abb85f4c6e42cdefa248658ae5e2e131cc5a6f5c8185d4407a245f81d17
Ontario Public Service,"$104,414.60",$298.56,Attorney General,Solicitor,1998,4984c38c5810deb054745efe96bcad4917de0b6279f7b0228b0d1eadc7ee031a
Ontario Public Service,"$129,716.86",$0.00,Attorney General,Provincial Judge,1998,b887272aee27d7a300f756ef40349c16ea0c19d4fac285f32a3ec55758b76d75
Ontario Public Service,"$101,006.67",$286.65,Attorney General,Counsel,1998,ce8809fc14e62708416467c18b56b329d9c2db177ca0eb4d113ecd163ac596a4
Ontario Public Service,"$115,373.09",$329.82,Attorney General,"Dep. Legal Dir., Prop. Rights",1998,b55e42f55aef9fed8d06a96adb0f06fe912a10e879d0fcecf6aa7ac6d178bc04
Ontario Public Service,"$129,716.86","$3,758.19",Attorney General,Provincial Judge,1998,f6ba498a1027ef0b31122cfa2cfdb6d56a27cc5cde1ad45b7c56d92708db6315
Ontario Public Service,"$104,414.60",$298.56,Attorney General,Asst Crown Attorney,1998,88d7d7289a9a4a6b71926b11fb226d935ca3d73b6e58eca014b0c3960e4d54f7
Ontario Public Service,"$115,372.03",$329.82,Attorney General,Senior Counsel,1998,da5591b39f00fa694279454583eff900b59e197956884d962a44157c01125858
Ontario Public Service,"$115,384.00",$330.00,Attorney General,Asst Crown Attorney,1998,092a0724ffcc29b30572bb92d93158511f84178103b1525b6b206ac89e34526c
Ontario Public Service,"$129,716.86",$0.00,Attorney General,Provincial Judge,1998,0ea05fade29239ac2d3224a5a740821de2b9ac79d01922d9da4d29d2a6154341
Ontario Public Service,"$104,414.60",$298.56,Attorney General,Counsel,1998,0fd6f0d09c54abc01079ddbf3f901ed8f142af1e6095d35565f50a961fbf9104
Ontario Public Service,"$120,357.80",$344.16,Attorney General,Crown Attorney,1998,fa2e5c4b8779e684c0ba6b31de9ba81f87a7b904a1ae31d37beca73319a1c3c3
Ontario Public Service,"$129,716.86",$272.80,Attorney General,Provincial Judge,1998,afab4118e4263d59310b44126a4173e2a21e96f67fc037c29e63536b9578b525
Ontario Public Service,"$118,789.67",$333.55,Attorney General,"Director, Legal Services",1998,7f6c8844856dbd2ea6b52e103e3a5a6dfb2b486a87bf44a3c311d3cf735e0e62
Ontario Public Service,"$129,716.86","$3,758.19",Attorney General,Provincial Judge,1998,f714987f2a5604e95be127fd24607e068ec6a5e9f340841078abc5b201c9d677
Ontario Public Service,"$115,383.48",$330.00,Attorney General,Senior Legal Counsel,1998,56b55cf7d1c139185a58ce89ff4e83a7c6395502807df9ced87f9df6f5fc2a76
Ontario Public Service,"$129,716.86","$3,758.19",Attorney General,Provincial Judge,1998,509a5768c8a7a6b729ee44c51bd201c8dddfaf0d635a2ae3b072463033981a83
Ontario Public Service,"$115,383.48",$330.00,Attorney General,Senior Counsel,1998,996656d73394bf73b6b931911426279d9c76e0fd677c8d9304020b4c51b7fa41
Ontario Public Service,"$115,383.48",$330.00,Attorney General,Senior Counsel,1998,8079bcca4bcf0db611ccc8c567048bad7b03c7e9015dc64e7e7c6564edf899c2
Ontario Public Service,"$113,156.51",$321.09,Attorney General,Counsel,1998,061bf21600dd9f8d9655402cf83b865b3148e813f3afb723be24552836754618
Ontario Public Service,"$134,412.93",$175.50,Attorney General,"Director, Crown Law Office Civil",1998,9e879a5fa505c7c1a3a83f1b62a9a1d8c827b3161de0b185ae40fd453ba0e77a
Ontario Public Service,"$103,104.17",$293.64,Attorney General,Lawyer,1998,a94f992c63e1cba80122170d2853cba7e1ae75c110b94c29160817356f6692cd
Ontario Public Service,"$129,716.86",$409.20,Attorney General,Master Supr. Crt. of Ont.,1998,b9a95bd3a6b70570e45896035f19cafaaf64375eb48cb8cd02f2f8328a429cb9
Ontario Public Service,"$103,998.83",$295.89,Attorney General,Asst Crown Attorney,1998,a7b404ea1c9350b8ddd2664e09f0abe748248f80dbbc653bf82373a6c9ccf619
Ontario Public Service,"$129,716.86","$1,453.01",Attorney General,Provincial Judge,1998,76ad26cd58fb9d9cc0ac7384199ff58c060cbc5c7c709c07ebc33d9956565aae
Ontario Public Service,"$129,716.86","$3,758.19",Attorney General,Provincial Judge,1998,9c33c845b0b928287fa72b2959e14e7d13518f1cfebdd874b029a8068e3a818e
Ontario Public Service,"$129,716.86","$3,758.19",Attorney General,Provincial Judge,1998,495d914a836629f8f9b4372371939c1a06509b1358e36eddc056d10b63424ef0
Ontario Public Service,"$129,716.86","$3,758.19",Attorney General,Provincial Judge,1998,20b3137a0e3622fe264dfa2e956155d7b7e79d9ea379bb672c24a3d0410d91c6
Ontario Public Service,"$129,716.86","$3,758.19",Attorney General,Provincial Judge,1998,383bde0cbd90e061f48b29d03abd15595e1c84041d6221e52ea294208e645b51
Ontario Public Service,"$129,716.91",$0.00,Attorney General,Provincial Judge,1998,52edea6a76783f00e7a435f225a9b7ef740af4761668f17d221b1536b082d59a
Ontario Public Service,"$129,716.86","$3,758.19",Attorney General,Provincial Judge,1998,7452c341f804c3173d4db5acb93640cab2c23c5d36f77ad7c488ae4d8fcf631d
Ontario Public Service,"$110,765.90",$0.00,Attorney General,Counsel,1998,0c0751634366dd3123ebe7bd12b2fadea9fbdd71a2e00af7a755de3ff88ff05b
Ontario Public Service,"$129,716.86","$3,758.19",Attorney General,Provincial Judge,1998,4f4e0fc7c48734c2243614203cecafd8f8aa2fe9c87b05bcd63ef7f6640f05e2
Ontario Public Service,"$133,469.72",$361.44,Attorney General,Asst Deputy Courts,1998,38c3e76b8f70c7e85f8070bfc8ec9d8f16e3adc2350a3acffe2a7b128ba32dff
Ontario Public Service,"$102,933.68",$287.40,Attorney General,Asst Crown Attorney,1998,989294f78711cec62f1ee022dd52575e792ec9b3b4b2c2d7078fcdb2bcf84490
Ontario Public Service,"$103,939.91",$295.53,Attorney General,Dep. Dir. Fro. & Dir. Leg. Serv.,1998,61892db523d97849d56b9d514d526f91bfaa2d5260e1388e2459b05bd0b45ea7
Ontario Public Service,"$122,730.88",$343.08,Attorney General,"Director, Legal Services",1998,57b50de59b58b6ac8dc2e5838341d53e4c669711663181cf6706158bd3804f41
Ontario Public Service,"$129,716.86","$2,911.94",Attorney General,Provincial Judge,1998,a5cec915decac02b9cdaee07ddebe52706e8396f043d99fb1dc96375a7d7bb6a
Ontario Public Service,"$129,716.86",$0.00,Attorney General,Provincial Judge,1998,96a0d395c6471eaca82b4792d2394f350ccdbe339ec4b4ae6b29753e7fa8a046
Ontario Public Service,"$129,716.86",$338.50,Attorney General,Provincial Judge,1998,e3adf4d23a4f7ab697e60e5c61752fb19c8a3094f09ee765a4ffe9ae29925ba5
Ontario Public Service,"$129,716.86","$3,758.19",Attorney General,Provincial Judge,1998,e1f893ee77dac4ea5c61789549ff80cf0d5589a80bddab4ee757f024b0c7e47a
Ontario Public Service,"$129,716.86","$3,758.19",Attorney General,Provincial Judge,1998,4983493f6c70ef382dd86fce1d45659ff3092c076faecfeabda750fb0338a0ad
Ontario Public Service,"$125,629.56",$359.28,Attorney General,General Counsel,1998,c8d654fb1939f2833c2106aecf218de655af86dbdd5b45c0d7b7897d6969816d
Ontario Public Service,"$104,414.60",$298.56,Attorney General,Asst Crown Attorney,1998,f74b345cdb510c341dab58a2cbea697a5e8c4439a6e6456074796334838e28e6
Ontario Public Service,"$108,188.07",$307.86,Attorney General,Asst Crown Attorney,1998,0b39317e8228e1af33857ab57ae666b4f18bd0b1b7410e89fa7f0badcd540537
Ontario Public Service,"$120,357.80",$344.16,Attorney General,"Crown Atty, York Central",1998,6b1e41047424986426bbbf2f74f11a8252bda5f673c3a1e16c4b98fa692cad34
Ontario Public Service,"$129,716.86","$3,758.19",Attorney General,Provincial Judge,1998,1ec76b16eab43c9271b7f2fb157034cafa30556e4c887cebd745dffc5a17b38e
Ontario Public Service,"$120,357.80",$344.16,Attorney General,"Crown Atty, Kenora",1998,d0c5dd9595b31a8539a4428a0214d3ca96a7e675bbfc6914a3abc2eddf56ca80
Ontario Public Service,"$104,313.99",$298.56,Attorney General,Law Officer,1998,19d55bb031026f1ebf37f28b34b3b1e615e6b87fefa820b41d6e43cd72c6bfd7
Ontario Public Service,"$103,938.47",$295.77,Attorney General,Asst Crown Attorney,1998,0940ab94b1396d30d70f9c415127e7c593f7acf108a017676fbf739dc2d89226
Ontario Public Service,"$127,568.51",$0.00,Attorney General,Executive Legal Officer,1998,6d259fc1cb844d6a1ba7e98cc98afee70722ad6276f11e31b0160a06436cb08a
Ontario Public Service,"$127,209.90",$0.00,Attorney General,Provincial Judge,1998,3e0dfa9d603b736071d5767b4549c66f29cbee3396b0f24c898a41d886259ca2
Ontario Public Service,"$129,716.86","$3,758.19",Attorney General,Provincial Judge,1998,adb4265a1cfdd187b40a85c2184b432cf50f0e06240d72866281f9587489edb4
Ontario Public Service,"$129,716.86","$3,758.19",Attorney General,Provincial Judge,1998,c07e8a0d38552466825ca62c63d9a7f8be2c812865aeebe077619d4a2f25c06e
Ontario Public Service,"$125,035.84",$356.22,Attorney General,Crown Counsel,1998,112524795c831a6174fd88c7ba64fc745b1c2e4d27e12950f2d17289eb55b872
Ontario Public Service,"$111,776.45",$318.45,Attorney General,Asst Crown Attorney,1998,7dbb080bf591ac357671ed0eef14e65b224f42bb52d92f4ecc28230efa33472c
Ontario Public Service,"$115,384.00",$330.00,Attorney General,"Sr. Solicitor, Company Law",1998,3c35964a6c34ceaed2039261809d5f11471aec51eefe1aa2b366baf85e862e01
Ontario Public Service,"$109,961.97",$311.82,Attorney General,"Dir., Crown Law Office Civil",1998,ffe8970cd45913d8f7962b25db28f14e4170b168f0c786930b19e9a80969b2e2
Ontario Public Service,"$129,716.86","$3,758.19",Attorney General,Provincial Judge,1998,fd67f3f222c62d6f9fb676c8b8548d1c75cbebe31cb0abd03340391b297fd528
Ontario Public Service,"$129,716.86","$3,758.19",Attorney General,Provincial Judge,1998,5e9656306e8ac4032c02f2b5345aee7c7868c20433a6319cb76af9bde3921e7a
Ontario Public Service,"$129,716.86","$3,758.19",Attorney General,Provincial Judge,1998,35f3d767dbb63b5737fe3bc7f19547d2d7df88a53e7b0012e9917e36f0f3699d
Ontario Public Service,"$129,716.86","$3,758.19",Attorney General,Provincial Judge,1998,a8c01056f247c6a78191e56b580a2a6b77998cb1b057a6cc203fb660b1a52b9f
Ontario Public Service,"$104,414.60",$298.56,Attorney General,"Solicitor, Social Housing",1998,f30b5f32272570f040891c39201403fd4c26cd06f643d5afc645f1526ab21a71
Ontario Public Service,"$129,716.86",$0.00,Attorney General,Provincial Judge,1998,df20fe2a5fda613a00fb38dc70961392b9187c0b156e79b697f92a380f6a25e7
Ontario Public Service,"$104,414.60",$298.56,Attorney General,Asst Crown Attorney (DES),1998,8eb4b8a553f1048160ff63119ff704344746c5d9426a080694ff0a11b0556cca
Ontario Public Service,"$129,716.86","$3,758.19",Attorney General,Provincial Judge,1998,00ef776a1038a6d2d71ad64a093c1526ebf84d783c893e3aef6e1abe475bcc65
Ontario Public Service,"$142,073.03","$4,116.19",Attorney General,Regional Senior Judge,1998,4d0a5948ac84699103b83a85e94edc17388c9625fb6c5c6b8885af331b0a45ec
Ontario Public Service,"$104,414.60",$298.56,Attorney General,Research Counsel,1998,aef55f0a99c8d84dd5eec0833bc87d26485f8c3d1ab932f6e473731b385cd19b
Ontario Public Service,"$129,716.86","$3,758.19",Attorney General,Provincial Judge,1998,9a5066cf35cd7d6aed009d48c2be6b28778e97fc4c567731c02ba0c206b43a2c
Ontario Public Service,"$129,716.86","$3,758.19",Attorney General,Provincial Judge,1998,5dde4a8225431ae036220c93248d60b394bfe911d120a484f61ef787d8555871
Ontario Public Service,"$104,414.34",$298.56,Attorney General,Counsel,1998,dad42d36cdf698b93ce76619b5ff1026e50fce9d36384132db0de1f2f70b94a4
Ontario Public Service,"$115,383.48",$330.00,Attorney General,Asst Crown Attorney,1998,563653417aceced2f892abe542b621cb546a067807d81386f93e9a555ffec358
Ontario Public Service,"$109,317.80",$311.31,Attorney General,Legal Counsel General,1998,4a7f848cd00b102dbc1c3efafaca704f92a0eb7fdfee14f1a02cd764ccc6749d
Ontario Public Service,"$115,383.48",$330.00,Attorney General,Asst Crown Attorney,1998,69a43cdfaea07ae9d727351f796ec5543a275496b08ac61d101a971aee5df938
Ontario Public Service,"$142,073.03",$0.00,Attorney General,Regional Senior Judge,1998,a93aebb923e71794cabd43dc4eb62a3e5d0e7ca98133f9e355a1a785ada5bb2b
Ontario Public Service,"$129,716.86","$3,588.94",Attorney General,Provincial Judge,1998,4a3ea78ccae3d31986d52d732d2d7dec3527ee0b883e5757c36a1ca22a4cddfe
Ontario Public Service,"$104,414.60",$298.56,Attorney General,Asst Crown Attorney,1998,f4024341c4364bba0254302f18a9020bd71aa81d316342cd702be0274abaa97f
Ontario Public Service,"$126,815.00",$359.28,Attorney General,General Counsel,1998,7cdf71e891bc644e3a4523aaeb2c712ecca1beadcc925c0f128b100c1f1e45f0
Ontario Public Service,"$114,849.96",$0.00,Attorney General,Crown Counsel,1998,287277ccceb23502c815056ddb1ca6540635f165906b580a6e68fff381329056
Ontario Public Service,"$100,667.84",$286.71,Attorney General,Legal Officer,1998,cf78b125fad94b37e3ea8485c62d882489cc52c2c9f3551bb094eb65dc8a5282
Ontario Public Service,"$129,716.86","$3,758.19",Attorney General,Provincial Judge,1998,40ba2d3be030c7435a48e9859577c80d007fa62606a5628c2bccb2af86d95ede
Ontario Public Service,"$120,357.80",$344.16,Attorney General,Crown Counsel,1998,8ddde57aadb5287239c871dc9030396aece22b18964d1afd80172382e30953cf
Ontario Public Service,"$104,414.60",$298.56,Attorney General,Counsel,1998,11430db4acae97fbd3c98c305523a0970ff512fc420dc6a6333be06193dd378c
Ontario Public Service,"$122,321.68","$2,573.44",Attorney General,Provincial Judge,1998,54f43e39794344f0bacd10afd57b0d0e23645f0a3ba68829f1e8d1db2e862262
Ontario Public Service,"$104,413.56",$258.72,Attorney General,Counsel (Temporary),1998,3a2186c23252cea9350421b6eaad47c17a94dd93b01640fd5c91213fb164cb46
Ontario Public Service,"$115,383.48",$330.00,Attorney General,Asst Crown Attorney,1998,a82bd527e9afc9d27751f7b28749da2526b8ef27550f96cd4455ce8afab17a83
Ontario Public Service,"$115,385.82",$330.00,Attorney General,Senior Counsel,1998,737290a84e0415fd3aa6a8ab9718735cc2ee9030841c1267ccf70a9191442ea3
Ontario Public Service,"$103,895.87","$3,758.19",Attorney General,Provincial Judge,1998,7e1edfa7bbe65f6f55141c6101ebe5aba5c39b4a4f01b5afa2b777a72540975d
Ontario Public Service,"$105,271.77",$299.61,Attorney General,Asst Crown Attorney,1998,019a6e8c2f7b5ebfef3056f03e318b36e752d040281d281eea9b2df80738bac0
Ontario Public Service,"$112,280.18",$319.44,Attorney General,"Dir., Crown Operations, North",1998,7fc1e4c0996730c2164f958c9537f7ab7ff2d11261a3305b30d09930dfdb96ed
Ontario Public Service,"$129,716.86","$2,911.94",Attorney General,Provincial Judge,1998,a8fa1b4d2dc4e375a14b7ebdc9c63461a09ced476f635a2605e0e3b01f1eec00
Ontario Public Service,"$115,383.48",$330.00,Attorney General,Counsel,1998,ae97701fbea66aa4e2d6720d26b3b761a5d7fa7598e75c638c2a3fe0bd2b98f1
Ontario Public Service,"$129,716.86","$2,911.94",Attorney General,Provincial Judge,1998,6a7c6decd5a0bc18fbf9eac2b4c2047bc3138abf6d8e79127b71ca3b79ac68c7
Ontario Public Service,"$120,304.60",$341.73,Attorney General,"Crown Atty, Leeds & Grnvl.",1998,0998e4dc36cff130e7e948373fb3863811b157523a14ebda9d1d26a670e34e1c
Ontario Public Service,"$104,414.60",$298.56,Attorney General,Counsel,1998,7484ce5231e195a07c98d428295ae4f46b2ef605944522d309c5542f713f5c0f
Ontario Public Service,"$129,716.86","$3,758.19",Attorney General,Provincial Judge,1998,39dc27257cad4f5bb4343aec9b3e9ae31d205ea595724b0a5a6b0ceedb9c336d
Ontario Public Service,"$104,414.60",$298.56,Attorney General,Counsel,1998,2646d110294d277a24c3259ddf3a8cbc8c175d62c00b9c0d86551326511bf23b
Ontario Public Service,"$104,414.60",$298.56,Attorney General,Asst Crown Attorney,1998,9bae47b1972dfe98e9e01b3ca3ba324bb15b44a8a115d376c6662fdd2e289c1f
Ontario Public Service,"$129,716.86","$3,758.19",Attorney General,Provincial Judge,1998,b47721f0cf990964f5364a32c3c9a275a15fb2264841967cf44aba8e4667e1a3
Ontario Public Service,"$104,414.34",$298.56,Attorney General,Asst Crown Attorney,1998,f94de17c05a76f29123c20ade031e0e57ea77d121defb07577d471e05ebb041c
Ontario Public Service,"$129,716.86","$3,758.19",Attorney General,Provincial Judge,1998,9b417561b7285516d8935cb483b2b0db6172072c67dd73d8c4443e7045af10b0
Ontario Public Service,"$109,586.85",$312.15,Attorney General,Counsel,1998,7d9d111b777171614aa28518ac603184cb45974d8e7829fee66eea9285c55132
Ontario Public Service,"$115,383.48",$330.00,Attorney General,Counsel,1998,64655fde2ef19aa84ed948427a7dd7e4db3dc7dfa32d4b3b6629e28a28948c00
Ontario Public Service,"$107,858.33",$308.99,Attorney General,"Director, Legal Services",1998,7346e52523bae467ff22bd5e5069be19d6de67892bbf1051958b80883d5c3d03
Ontario Public Service,"$129,716.86","$3,758.19",Attorney General,Provincial Judge,1998,a90a74042a46fdb91c49ebb1465031885167314e18755b3c8f14fb84ebbe1fd6
Ontario Public Service,"$129,716.86",$0.00,Attorney General,Provincial Judge,1998,c926a0d55d90210bf006989547b1450ad7288914a945d37a3e1c70fc425d096a
Ontario Public Service,"$129,742.29","$3,758.19",Attorney General,Provincial Judge,1998,1c0104f116297ebcc0282065e4fea66cc3ddbfc14533a2095a45dd3a7e44c0ad
Ontario Public Service,"$104,414.60",$298.56,Attorney General,Senior Counsel,1998,ea043a4989c206e99f9d3f297aaeecce661b3a995ff397cbad4e18fdbca84a81
Ontario Public Service,"$112,280.18",$319.44,Attorney General,"Director, Crown Operations, SW",1998,e80116510a5151bd29fe0648b37f7a805b5bb7c58027e83ebde3f6808f549b57
Ontario Public Service,"$142,073.03","$4,116.19",Attorney General,Regional Senior Judge,1998,fb456ee2200c74d0f8bf156c0671b08b893e3d664669ee100495240e315dfe82
Ontario Public Service,"$106,696.20",$281.16,Attorney General,"Director, Program Development",1998,2648cf3ba1389337a63745af02987c9b67b6af424c88f77bc3fe3f49f26d7107
Ontario Public Service,"$104,414.60",$298.56,Attorney General,Asst Crown Attorney,1998,b6cd126c4cfc0701e8c194d3381eeb0d391a44b913d8ff61c450f3102a95593a
Ontario Public Service,"$129,716.86","$3,758.19",Attorney General,Provincial Judge,1998,cf511949466f5749cc2c8b6c77439de7ce693043bf56b9d7c650f4fe9e0e0d4e
Ontario Public Service,"$104,414.60",$298.56,Attorney General,Solicitor,1998,6a7b038db5f562c2bb75255b88452105d419e728c979d6a99f1e08f1b85550c3
Ontario Public Service,"$121,321.88",$347.62,Attorney General,Director,1998,03cb5889b145acde9954819aea28212dfa112490efddc1a2d5b418265eba8053
Ontario Public Service,"$129,716.86","$3,758.19",Attorney General,Provincial Judge,1998,a2041ac72121384b41ac6bedf378202f1c28e8273603617ce380a1af193f8f6c
Ontario Public Service,"$129,716.86","$3,758.19",Attorney General,Provincial Judge,1998,0a01c700f30c7521c974b16e043330b92c53242e563d7de8ee5db6b676c92f82
Ontario Public Service,"$104,414.60",$298.56,Attorney General,Asst Crown Attorney,1998,f30acbb1c5f05a1ab7e3be6fdbc99fd8f3597d7b235fb7b01659f425c20c2005
Ontario Public Service,"$129,716.86",$169.25,Attorney General,Senior Provincial Judge,1998,d672688a49509aa33dfcc7d4556c0fe8d07e6db32dd5e6b291613501ecf323f6
Ontario Public Service,"$129,716.86","$3,758.19",Attorney General,Judge PC (CVD) Toronto,1998,bfc87cebcb3bececf1a9168ced5fc47f037af8b7c27fce624dd07f458b033186
Ontario Public Service,"$112,047.65",$319.17,Attorney General,Counsel,1998,a2ae2ed528f70f75167c1383e097af7d19f96bfb22ce78f2a14003404b4b77bc
Ontario Public Service,"$125,527.83",$357.81,Attorney General,General Counsel,1998,b0ede9e66b951ed866c4342fd9c69ceeac8c3d42145ccae9c61749b0345f2260
Ontario Public Service,"$142,073.03",$0.00,Attorney General,Regional Senior Judge,1998,0a9806bbdf11d754dff6aee5fb056936321d98a1b707fa8ab1e9c3a166db35cc
Ontario Public Service,"$120,647.75",$342.75,Attorney General,Executive Lead Agency Reform,1998,429a5f87e8f529df34a0d8e9e9c0fcdd760a34d04b7aa55e53a7c7c214c31085
Ontario Public Service,"$102,544.01",$293.34,Attorney General,"Team Leader, Litigation Counsel",1998,fd27536b143fad47aaa328fe27dd31259b681792c566dc153b042675e2679ed7
Ontario Public Service,"$115,383.48",$330.00,Attorney General,Asst Crown Attorney,1998,5d075bd45183fd4295b30fedfa96b93fdf84a0a955744ec77934c8fd225edb45
Ontario Public Service,"$129,716.86","$3,588.94",Attorney General,Provincial Judge,1998,83badb521bc2ed66e026a9cd25beb8343539e274e48c16154c3ea6a457852f24
Ontario Public Service,"$111,311.72",$315.51,Attorney General,"Crown Atty, Elgin",1998,597149084815aa89ef5679bb8afb8d01222050241c46150682c2010cebd5c9f1
Ontario Public Service,"$104,414.60",$298.56,Attorney General,Solicitor,1998,af9921c2d652238aa263d4af2b88010e099f277a62256e9d1c0f52e93b0badb0
Ontario Public Service,"$129,716.86","$3,758.19",Attorney General,Provincial Judge,1998,3ab4ca828b99e1481791f97642aceca6ad6d6461ed8b849839092b24f6c03e30
Ontario Public Service,"$115,384.00",$330.00,Attorney General,Asst Crown Attorney (DES),1998,8195d39cdc69e4f93a77a0f2713ead88801708a7d5f54c89ecd29437ca495541
Ontario Public Service,"$104,414.60",$298.56,Attorney General,Counsel,1998,0e91fb2ff8f4806726b5ab321243f189fc33486aefd231dd010204b233a0c59d
Ontario Public Service,"$121,034.31",$49.76,Attorney General,Counsel,1998,04ed2a5938e426775268bd502f9f41e107c7efe9e6c44b2df43ae9f6e5502cf0
Ontario Public Service,"$104,414.60",$298.56,Attorney General,Law Officer,1998,a0e8a212c88dcb46ce4419b64b342d94d293733c1b3ba17bbf0206906fc02ee6
Ontario Public Service,"$129,716.86",$0.00,Attorney General,Provincial Judge,1998,4aaee11e62a7cb0318f67f08c6b0ec6ba37b77918813aa914853c1638fc44ba4
Ontario Public Service,"$104,414.60",$298.56,Attorney General,Asst Crown Attorney,1998,0845875ba3dcc9f49cf0ebf7c663a746f0627542f9a6132c4b702f0120e3e0f5
Ontario Public Service,"$129,716.86","$3,758.19",Attorney General,Provincial Judge,1998,d7a28d8d235b9ab72b811310db66686da2bebec7ee82125fc2148ff098b9e366
Ontario Public Service,"$115,915.88",$331.64,Attorney General,"Crown Atty, Bruce",1998,9088a4f097761331e1eb523bd8e966d44fd7e1b6eadc534da344d63c36fd2ea4
Ontario Public Service,"$120,357.80",$344.16,Attorney General,"Director, Legal Services",1998,2697a553b47d321ae893eae0d5e43fb5dfef15d98eb6aa91fe3a61995ea5b9a5
Ontario Public Service,"$104,614.29",$283.92,Attorney General,Case Management Master,1998,ddc951400538cba6b4289273aa109255ddd6686c39ac427ed9d4571814256aab
Ontario Public Service,"$129,716.86",$0.00,Attorney General,Provincial Judge,1998,c243804767f3409c2bfe70cff9db91d59d42c2971266ea6fe86d86034c4ef3d1
Ontario Public Service,"$129,716.86",$0.00,Attorney General,Provincial Judge,1998,4c743f9e99a02d43e1b0249fa47b2e863551c5fd7d9fe3fe70e4d4c340134057
Ontario Public Service,"$129,716.86","$3,758.19",Attorney General,Provincial Judge,1998,8dc10a44eb74c64112d6bf2b96337a967e88966afcb88c29835c5d96e1ce7087
Ontario Public Service,"$104,414.60",$298.56,Attorney General,Counsel,1998,b734ea1bbc73c12d2c7a8677d659c91083743a64ac8a7cdf0db815b1f0183e1d
Ontario Public Service,"$110,681.98",$315.36,Attorney General,Crown Counsel,1998,d9332e56d607d1ff33abc577f8ec1e175b8467279ba4dd6fa88212b7d56daa31
Ontario Public Service,"$111,777.63",$318.45,Attorney General,Asst Crown Attorney,1998,6bbe3311cd1536c13058629bd95445f383134032db17e5dc5b52ace7ad4c1357
Ontario Public Service,"$129,582.73","$2,171.05",Attorney General,Provincial Judge,1998,30e62aa9e6c99333dc44f0157aeb7d8770c8ecc12941c6f8fe6901a8cf814d95
Ontario Public Service,"$104,206.88",$298.11,Attorney General,Solicitor,1998,d0efcc43509563896af2afcecd247609f54cf734d2c86f7a14858d6b04f43bf4
Ontario Public Service,"$104,414.60",$298.56,Attorney General,Asst Crown Attorney,1998,6992af349fbdc5f4260e977d4f44725c14403f9402d52496c5f567280cc7ab06
Ontario Public Service,"$129,716.86",$0.00,Attorney General,Provincial Judge,1998,ad7e5a01d061572be4cfce04b0d094c9ab8bcc25e91b7a454f939c2367636d23
Ontario Public Service,"$129,716.86","$3,758.19",Attorney General,Provincial Judge,1998,c823f22e53fd926210a4cb6b1d9ee864aaaaac1d19c9258aac43fb286b60ece9
Ontario Public Service,"$129,716.86","$3,758.19",Attorney General,Provincial Judge,1998,d87cc489e7f3a4011496611dab3f305dacba4c81da45375046407e5dbd903cce
Ontario Public Service,"$129,716.86","$3,758.19",Attorney General,Provincial Judge,1998,9e7ba359a6eb6d322040ff5aa0891cc58d9d808b26937df21c5ca7e8d6dc2169
Ontario Public Service,"$120,357.80",$344.16,Attorney General,"Crown Atty, Essex",1998,4660d85947081534da9e4f351a20057a5e1e7193d20a5d41e59fac4f730318d7
Ontario Public Service,"$104,013.25",$293.58,Attorney General,Counsel,1998,10f60a24432556667b4cba3a7369f02ae19d942bb36b3dd8e4c0cd91502e5793
Ontario Public Service,"$129,716.86","$3,758.19",Attorney General,Provincial Judge,1998,8427c91ab8b3df17c92074525ee770a8c8da49909a593848ed889c29290ee280
Ontario Public Service,"$114,925.18",$258.12,Attorney General,"Crown Atty, Wellington",1998,0a367e35526dae7460f6b9ab551455598413c4ccf0485f52dc17ee554ad00395
Ontario Public Service,"$129,716.86","$3,758.19",Attorney General,Provincial Judge,1998,5a337eecbaee91dce9d13c3e2dbecae1abceb022b68b9d95af198c962f5b958f
Ontario Public Service,"$104,414.60",$298.56,Attorney General,Asst Crown Attorney,1998,0a0da3429ba40c152c626a70dc5ef98258bd71c20c8b193579725a9deb3aa7d3
Ontario Public Service,"$124,862.48",$338.32,Attorney General,"ADAG, Integrated Justice Corp. Serv.",1998,d7cea5c45c4f6f3fb1ef0bef69077f021b8ab9118d945d85ffe20ae5874136aa
Ontario Public Service,"$108,197.86",$307.86,Attorney General,Counsel,1998,4be728c2e1e8fea5e114a53a60ed617960786b88830dc6d24ea6b342a4239ed1
Ontario Public Service,"$115,383.48",$330.00,Attorney General,Counsel,1998,026e3eb32d79fd8d79117a44da383553d2b7f6b4a79a6a728708cc1413b7f284
Ontario Public Service,"$104,414.60",$300.81,Attorney General,Asst Crown Attorney,1998,40428f9affcb8833c750e8edc53f6e085295cec6666282570b7abe42738371f5
Ontario Public Service,"$105,183.38",$298.79,Attorney General,Solicitor,1998,6f423a0755fd90487c3ba0e6991d622bb25de925e643ce7badebdef377252cc5
Ontario Public Service,"$129,716.86","$3,758.19",Attorney General,Provincial Judge,1998,98e367c44a0cc635a945894a5c0324d5ae4359b8c5842b9d0d84c1ed73a11530
Ontario Public Service,"$129,716.86","$3,758.19",Attorney General,Provincial Judge,1998,7b8fcf343b497021c8272a16d789389e22bd1548af0d1b58aded8fe629b8cb1f
Ontario Public Service,"$104,414.60",$298.56,Attorney General,Law Officer (Orillia),1998,52361307a683cb6a1d48d3659f7b5e32ba7f27a96fb17447883fe449e909b349
Ontario Public Service,"$113,859.63",$323.04,Attorney General,Legislative Counsel,1998,ea1c9a53c43d0a3485fbd59fc96d3007f9023f8aaa0d8b240c2e7c3d178e60e0
Ontario Public Service,"$122,321.68","$2,911.94",Attorney General,Provincial Judge,1998,d0cc6851d27e3520aaf4cffa0d6e300b0270e8903c8879d2d5443922a57ffafa
Ontario Public Service,"$120,357.80",$344.16,Attorney General,"Crown Atty, Niagara N",1998,43731838f2b605a40983a02b7c0ee6fb630bd6ccc4d5e87a3ca4640072d9659c
Ontario Public Service,"$120,357.80",$344.16,Attorney General,"Crown Atty, Haldimand",1998,e2541b729a70fdfdbf9d183d07378032cd5b256ff93a38adc23fd371f89b5c8f
Ontario Public Service,"$104,423.54",$298.58,Attorney General,Counsel,1998,c16eda19fd82394945811bd3213f4af0275a37146871659fc675cd85643aeef6
Ontario Public Service,"$129,716.91",$0.00,Attorney General,Provincial Judge,1998,cd32f900006075391c64a369af05dda237fa4175ed8841ffefe176973057bc97
Ontario Public Service,"$129,716.86","$3,758.19",Attorney General,Provincial Judge,1998,5641e28801c382d9abc45009e47d378d66fb0887d9b4e08ceb562210c1511683
Ontario Public Service,"$115,384.00",$330.00,Attorney General,Counsel,1998,e5e08f6f8ca05924d0f29ea66ac5bc3814697bfe763268edf54efffadf63138c
Ontario Public Service,"$129,716.86","$3,758.19",Attorney General,Provincial Judge,1998,cc6c8a8fdd2f73d13cdda7c03dcaee4ab0ece08d8d2f9f05b3a27c672eaa51db
Ontario Public Service,"$129,716.86",$818.40,Attorney General,Provincial Judge,1998,d76fa04f5a8d10fa3fcd7e8cf8927ccf7b5cf307fc3e447b060c73ae695d6488
Ontario Public Service,"$104,414.60",$298.56,Attorney General,Asst Crown Attorney,1998,b334a7f04bbb24966e9428aec759dc60f32eedba28f0889ca0f5b5bd442be553
Ontario Public Service,"$129,716.86","$3,758.19",Attorney General,Provincial Judge,1998,8218fa83c16db77e42d4f311093ac897fc4ed2cbfba6787405d11ee8ebb69be7
Ontario Public Service,"$115,383.48",$330.00,Attorney General,Asst Crown Attorney,1998,b72f2f673448c07eb60cce6c63929d83e2323b97842c2fab996057857267a862
Ontario Public Service,"$102,903.49",$294.65,Attorney General,Crown Counsel,1998,d8aa800dfe5b370b181f7b4918a743fcc1af7ccfdd1abd3a3125f0f1cc4f672c
Ontario Public Service,"$129,716.86","$3,758.19",Attorney General,Provincial Judge,1998,03a7b9ad2644bea18d6c99152b985e97cc98ac6e3d180a3efcbb7636826cbb1e
Ontario Public Service,"$115,383.48",$330.00,Attorney General,Counsel,1998,907cefb1588f0061ec8ea9cfdcb60280b9c9475567fb1dcb5bf39c0326c6ae40
Ontario Public Service,"$129,716.86","$3,758.19",Attorney General,Provincial Judge,1998,f37bf6ac2169d0e72138762620da392551ebd6806a3bf0304272258c07cc3733
Ontario Public Service,"$104,367.25",$0.00,Attorney General,Law Officer,1998,9acc6af90b50eddc5623b4f6af125b700ea46707444a974de6cad64ec9b25408
Ontario Public Service,"$129,716.86","$3,758.19",Attorney General,Provincial Judge,1998,c5587f966e3db8ce81477cee91c5dfd4986ddac46d629b3731c827f613fd3b2e
Ontario Public Service,"$122,705.60",$351.00,Attorney General,"Director, Legal Services",1998,a5ad2d7425c84c8bd18f51e3885644ba46d622e74271ec65a93566b9ef236d74
Ontario Public Service,"$115,383.48",$330.00,Attorney General,Asst Crown Attorney,1998,05aaf8f4f27ce86624e5bd0441200e7946e6a2a9003afbe931eb1e891c180a08
Ontario Public Service,"$129,716.86","$2,036.92",Attorney General,Provincial Judge,1998,c1c958d4776a5c2e9774bb6eeb3f85837d9b7a4a039cfece36c2e693c11e81c5
Ontario Public Service,"$120,357.80",$344.16,Attorney General,"Director, Legal Services",1998,7741dc16c125e6f40f3d14995719939fd9a38a3abeff56bab99a00a1adf4daf7
Ontario Public Service,"$105,128.99",$122.85,Attorney General,Investigator,1998,167d691641ba0a867dbbbae2ca2a282bd316acf2eb6dc66315596f576d43023c
Ontario Public Service,"$129,716.86","$3,758.19",Attorney General,Provincial Judge,1998,3e4a66254fdba9e2350b96781ab30fee0bdafa96d941810a946195c2f0a07f91
Ontario Public Service,"$104,314.25",$298.56,Attorney General,Solicitor,1998,044d803b7af2bd007be71aa381161d123ca0ce9bf0a2adcb292f848196a5e572
Ontario Public Service,"$148,250.33","$4,081.42",Attorney General,Deputy Attorney General,1998,90b7a2b9928289bba887ff90a9f879ed3383bae463b824263d1a96ac60ec859d
Ontario Public Service,"$129,716.86","$3,758.19",Attorney General,Provincial Judge,1998,bcb10cbb517f705bad465e80c5bdca2675ce3c35ff83919670b528d575267cfa
Ontario Public Service,"$110,408.65",$318.45,Attorney General,Asst Crown Attorney,1998,5e6716a7350dcfc001b7df49ab80792099e7cec5f2ae0f49be866d047e277774
Ontario Public Service,"$129,716.86","$3,758.19",Attorney General,Provincial Judge,1998,b2561ebed3b0dedb5e39a5c60ac5df03334ce178c2844b1773b23196538444fc
Ontario Public Service,"$142,073.03","$4,116.19",Attorney General,Regional Senior Judge,1998,218953fb9f1ee7e91752fe000378d093a2a7766f5b59eedbc17ea8e28d2b36f6
Ontario Public Service,"$104,414.60",$298.56,Attorney General,Asst Crown Attorney,1998,e953d835afb9be42e2d0aec48d10ad2e9f71c633d79a957e9a13ebfa10500e9c
Ontario Public Service,"$114,675.07",$0.00,Attorney General,Provincial Judge,1998,68d1627207cbefd5eaafe1196cc7848840f818ae8c767696e598b42c0aca3d40
Ontario Public Service,"$129,716.86",$0.00,Attorney General,Provincial Judge,1998,584700b7228230c349c1d613f290f0be6974c9998e3cf8b375f7e17df534928e
Ontario Public Service,"$129,716.86",$0.00,Attorney General,Provincial Judge,1998,8ed421d5b7005098a282a68e7e6c062f4ac011267a95c98a6dc5a533c382efd9
Ontario Public Service,"$104,414.60",$298.56,Attorney General,Counsel,1998,cfd8a669752281db471dca1a2428be3969e95dd946b1003eb296b4cdd8b4961e
Ontario Public Service,"$104,414.60",$298.56,Attorney General,Legal Officer (Oshawa),1998,85331ef7cde04c54cae1978b4cbac023a69d2ecbe389cda2b423accc5a578e20
Ontario Public Service,"$129,716.86","$3,758.19",Attorney General,Provincial Judge,1998,8a3629b2b23dc40cdf179361794ca7e7a1aff187695af718093b6e390accd343
Ontario Public Service,"$129,716.86","$3,758.19",Attorney General,Provincial Judge,1998,a866feaea60b1cc9690fcb6a71d8f220f0405c08f45c41dccfd87896b5920e69
Ontario Public Service,"$104,414.60",$298.56,Attorney General,Asst Crown Attorney,1998,11fe4b69d21a1a1338e6ff31cdb052329f2e4fb401b9c78df091ccb79bd21467
Ontario Public Service,"$104,775.74",$300.06,Attorney General,"Crown Atty, Brant",1998,f074f3e2b63b789056dfa6d975e5519069a9cba5b8cda661e7e86b965b5d5191
Ontario Public Service,"$129,716.86",$0.00,Attorney General,Provincial Judge,1998,514f9a52587ae7eb77a8d8b8724c1eddbbc84429fd0f0a1e121950f6709d2fe0
Ontario Public Service,"$115,384.00",$330.00,Attorney General,Asst Crown Attorney,1998,beea9eddacbff12d099d7fda2899db831372a58aa3a6c7290e9574955d37d2fc
Ontario Public Service,"$129,716.86",$0.00,Attorney General,Judge PC (CVD) Niagara N&S,1998,58522d7ee0dd20df3c80a1504ca1b1f357d95b5d0b9e621321f3eb563e2be3cb
Ontario Public Service,"$129,716.86",$0.00,Attorney General,Provincial Judge,1998,0952c904b6d6a9fc14c16d3e6ca15559bb18f0b96ca78105a81a0ee80983d24a
Ontario Public Service,"$104,414.60",$298.56,Attorney General,Legal Counsel General,1998,dc34b6f656abb091fa6ab14ea7224a9a96286b775591fc8f870fea2164cca62f
Ontario Public Service,"$129,716.86",$0.00,Attorney General,Provincial Judge,1998,e4d865a63aaa125c1e03cca2ccc38a609be8f385a3eb1996a2be5feec0a60db5
Ontario Public Service,"$104,165.48",$298.56,Attorney General,Research Counsel,1998,109189ce4a8c93ca945df781bbacbce510ac2df87c4b8e9771f2350b263909b0
Ontario Public Service,"$104,369.87",$297.72,Attorney General,Crown Counsel,1998,7ac172aa2712fc173356770389f61ee7db42f7fd281061c91c362e9bcce9f6a6
Ontario Public Service,"$104,414.60",$298.56,Attorney General,Counsel,1998,4a72fd8efd85545adfe30a0e9fd363dd076e30b6f2bf4df23e1e8a1b7f5c9cf6
Ontario Public Service,"$116,308.70",$332.00,Attorney General,Regional Court of Appeal,1998,e9a444a3376230c0fca9d93a6044717ab2132dafb45645d7ae3bc51e5806be88
Ontario Public Service,"$129,716.86","$3,758.19",Attorney General,Provincial Judge,1998,15852fa3ad81d8b043df0333dd52532aa8318a72187dc1828d328dc2f7bca450
Ontario Public Service,"$129,716.86","$3,758.19",Attorney General,Provincial Judge,1998,871cca13ec6968aa12f947140b9f184ef4513e1cb7ff4d24dafacc7760af2190
Ontario Public Service,"$102,601.20","$2,305.18",Attorney General,Provincial Judge,1998,813600ea13af2377c642a2c37b1c62b4bd04f993468266dcee0a6e107b977371
Ontario Public Service,"$129,716.86","$3,758.19",Attorney General,Provincial Judge,1998,41798205139af2eb75855f2d05610d61d61b23251caef2404bf60a7e45162eb2
Ontario Public Service,"$129,716.86","$3,758.19",Attorney General,Provincial Judge,1998,fd591ded632feee49f079a1503544cef158a5529641d09d29fd2d431c78edbd9
Ontario Public Service,"$104,414.60",$298.56,Attorney General,Asst Crown Attorney,1998,1361f054ea5a8182b39bdd235fbd1cad1321e4de9aa3106fb43b9ddffbc5c200
Ontario Public Service,"$129,716.91","$1,453.01",Attorney General,Provincial Judge,1998,a706e05d2e3e5f091ed63c42ab959014358a4ebb019a3395ae1019f082f14a37
Ontario Public Service,"$129,716.86","$3,758.19",Attorney General,Provincial Judge,1998,03f8155b8397e2d660920e673c445fb50f7dedef768ec63d968171289886c8de
Ontario Public Service,"$144,604.46","$4,211.40",Attorney General,Associate Chief Judge,1998,ad27f3fcf0104cfa076d6bef6a4af49d7f1bcf494751a3699b2d7b7d79a9e102
Ontario Public Service,"$129,716.86",$0.00,Attorney General,Provincial Judge,1998,a7d27c617727060647af50aa86cd3f77427d27cc0378587d7c9f7ea5d5ad230e
Ontario Public Service,"$104,414.60",$298.56,Attorney General,Law Officer,1998,1fb3b6777e6d35c43d30703da90c290eaa6be07d70663ecdf28e5d41c4d753bf
Ontario Public Service,"$111,777.49",$318.45,Attorney General,Senior Legal Counsel,1998,7b47496551399e9ed479a386b9ada3c4c5c17053c6e0fee9f05ee29deb386204
Ontario Public Service,"$114,912.84",$326.32,Attorney General,Counsel,1998,dd359509ea7edb01c98bfd963523335405bc4f73a39395cbe049655d9c003524
Ontario Public Service,"$129,716.86","$3,758.19",Attorney General,Provincial Judge,1998,77b665daea6dfdb2027ab95bdd443485c51ec3cbeb77a7385f5e3441bfa358be
Ontario Public Service,"$129,716.86","$3,758.19",Attorney General,Provincial Judge,1998,a6665cb37ebf30668d6c925fade7536683e4245e8f2da01b1f3f51a7ca17c3e6
Ontario Public Service,"$110,663.56",$315.31,Attorney General,Chief Legislative Counsel,1998,418d53d298c19cbddfbdf2bd033fab93a55220d9749eddf198f84c3b7db5d175
Ontario Public Service,"$145,160.07","$4,205.56",Attorney General,Associate Chief Judge,1998,e52743cd135e5e6df78683dc91a575c05abd4d9dc067ee3e07cf47f9b5af63ff
Ontario Public Service,"$129,716.86",$954.80,Attorney General,Provincial Judge,1998,b39565a5a662956412ed0fe936740fbe87b4cc8715ecd8fb7007612136b9530e
Ontario Public Service,"$114,804.74",$327.06,Attorney General,Counsel,1998,9d2b92e39a2a35f9d4296bf36479d9f033d0be2981853cb97bee56566259d455
Ontario Public Service,"$104,414.60",$298.56,Attorney General,Asst Crown Attorney,1998,787e40432f1a8712090234bab73c7082ba33ad4d13be4ef0ec084f332d36221f
Ontario Public Service,"$129,716.86","$3,758.19",Attorney General,Provincial Judge,1998,f3ff232dcd62a8e99d12457edbc0ad3f8f16a2a18d0e99b3d5140a1a4d5cda0b
Ontario Public Service,"$129,716.86","$3,758.19",Attorney General,Provincial Judge,1998,9d40c4293d2b24beab949a4324ccfd2a087a08bd4c366ff92e17d4e64f7b4b69
Ontario Public Service,"$104,414.60",$298.56,Attorney General,Solicitor,1998,ce25e1a5f0cf5cc23d82f00b2fd1c40eed543c60bb62d63f12d051bcf70c0e21
Ontario Public Service,"$102,556.52",$290.94,Attorney General,Law Officer,1998,fe1f46d07cf81dcc69ffed9eae30eea1db6f7f43d27d8bc88794d1cfb3703964
Ontario Public Service,"$129,716.86","$3,758.19",Attorney General,Provincial Judge,1998,74daa2a681a1e049c87c735041c383e9815f24401bdb998ea05b371baad6128d
Ontario Public Service,"$148,247.73","$4,295.04",Attorney General,Chief Provincial Judge (CD),1998,a9a5b3ace7c8069efa8364259278c0a2170133884a31c4172e2637349b5be8ea
Ontario Public Service,"$129,716.86","$3,758.19",Attorney General,Provincial Judge,1998,eaf6ec1fb6038d7e41e29a0f1f7b42702298954349747bba6dd9ad43d8814cf2
Ontario Public Service,"$126,689.22",$345.60,Attorney General,Asst Crown Attorney,1998,19e432c4e6f13561f3bdf19eac99b57155a397fb8d72bad82868ad37e719afa6
Ontario Public Service,"$123,867.84",$344.76,Attorney General,Director Crown Law Office-Criminal.,1998,ca0c5ef3c76985ce3900234ec13a738929a7d4afc3bcffcbd96c38b6989a49f2
Ontario Public Service,"$129,716.86","$3,758.19",Attorney General,Provincial Judge,1998,1cf938a34c2ab5e9b1122f173460b7068601b066d36cc309ae7709bf5211ad63
Ontario Public Service,"$129,716.86",$954.80,Attorney General,Master Supr. Crt. of Ont.,1998,e27324c658ea32b37491680ee0347949b4012d25502029b7fdbf0ce332474c50
Ontario Public Service,"$104,414.60",$298.56,Attorney General,Solicitor,1998,0a2ed20f1061ec536cb73770fb5a78abaf0b31a6651a9c31cda203b0df4206e1
Ontario Public Service,"$129,716.86","$3,758.19",Attorney General,Provincial Judge,1998,4b4179cc653a3e6ff3fda48448f39bf39c925e798348b31259a700dcfe9e4c2c
Ontario Public Service,"$129,716.86","$3,758.19",Attorney General,Provincial Judge,1998,c7cb627d87e2f10108943a10e901a41efa27b4b27e561dafcfce85c752f6b8e4
Ontario Public Service,"$111,776.45",$318.45,Attorney General,Legal Counsel General,1998,b2a1816b1221292558478d51afacef42eb0d24d3e4bfe11639924cebcb7b442d
Ontario Public Service,"$115,383.48",$330.00,Attorney General,Counsel,1998,9c0563d2f247731ecdaddea876702d3c7845ba4404eb16ab911148bcc519a14c
Ontario Public Service,"$122,705.60",$351.00,Attorney General,Counsel,1998,5a714726a4917ee2b2605ef88975c6a422d56365ee74f4eb4e24fddaf656d295
Ontario Public Service,"$122,220.29",$337.68,Attorney General,"ADAG, Family Justice Services",1998,dac724797166c9a6a4353c0ba3ef5adaec17ebfd5105ca9a802d0b9c811f3fc5
Ontario Public Service,"$102,070.38",$290.67,Attorney General,Counsel,1998,4f20e2f6c209adb32e8af1ecb462767be020aa9827194d4708056171df5c451d
Ontario Public Service,"$104,414.60",$298.56,Attorney General,Asst Crown Attorney (DES),1998,8bfa6c0678b089ccfb1444bb6572f272d792bca01562c3db6da3d0551b79760b
Ontario Public Service,"$104,414.60",$298.56,Attorney General,Counsel,1998,e5be91cc1756646ded99c752cad027ad673a0c10cace7b3b013f0eb1dbce52d6
Ontario Public Service,"$129,716.86","$3,758.19",Attorney General,Provincial Judge,1998,05ecf7191ad44f49ff57d519256a29d4c7e71533e8617497228d2f826811c264
Ontario Public Service,"$104,414.60",$298.56,Attorney General,Solicitor,1998,847a08acc45bfa47bf8c9b3fd599ae2b37efad08dce5bb7065ab3065fbfcfa06
Ontario Public Service,"$122,705.60",$351.00,Attorney General,"Director, Crown Operations, Tor.",1998,89d85a13c432dbfed90c7c993ff26ea3a56c4fb6c5474ea0781f0467989a6f51
Ontario Public Service,"$113,860.82",$323.04,Attorney General,Counsel,1998,9b89ba27405470da5eb89e235138c6bec4f7b9353bc08386b192a1b167a5f549
Ontario Public Service,"$108,357.95",$306.96,Attorney General,"Crown Atty, S.D. & Glen",1998,b8353930438418653d8576f0bf0112f227a030d5d31113de07577826a5dc3aaf
Ontario Public Service,"$129,716.86",$0.00,Attorney General,Provincial Judge,1998,6a76e9909dcfb4fd1e307c4bbebdafccfd31563c5033e06e531d231f9f101ceb
Ontario Public Service,"$115,383.48",$330.00,Attorney General,Asst Crown Attorney,1998,878a1ac0d01c3d0b7bbbafe9361b06407c8a325895d95617bb6c8ec3efdfe5ff
Ontario Public Service,"$101,914.10",$290.31,Attorney General,Asst Crown Attorney,1998,70edb405dcb9be5364583b23a92487c9cd48fdccef3fcc7afbf28fe668b3c19d
Ontario Public Service,"$129,716.86","$2,036.92",Attorney General,Provincial Judge,1998,aaa3b8485cedfe0cbf14a8e78edcab1cb11045360b0bf4416f041966d3178c68
Ontario Public Service,"$115,317.56",$329.04,Attorney General,Asst Crown Attorney,1998,f4b85400cd8eafed62df42fbee9cbedeb06f8b0910cc1281c5b0b3d074b5f6b3
Ontario Public Service,"$124,757.43",$344.24,Attorney General,"ADAG, Legal Services and Victims Support",1998,0dc507a4807dd11f243940b55f8129adc2069116a86d2e0dbc921100da2f9dc9
Ontario Public Service,"$104,414.60",$298.56,Attorney General,Legal Officer (Oshawa),1998,f274447b3a68156ba6de44904f37bb6c734caefa0ad6e5c93864fbfd2aaad1b4
Ontario Public Service,"$129,716.86","$3,758.19",Attorney General,Provincial Judge,1998,7b0f6acdafbba0d94bfdf4edc26a6ea4517954c2b2bc7b080866cdc25be52a87
Ontario Public Service,"$129,716.86",$0.00,Attorney General,Provincial Judge,1998,334dd1a0f67d47d3de539d9096224b7875d6c5b98176a94285b395b4f40cc8da
Ontario Public Service,"$129,716.86",$0.00,Attorney General,Provincial Judge,1998,ecf1e8ccfde9d39cca0388a5ab994b72ee01704af0fb296595c1d660ade6b342
Ontario Public Service,"$129,716.86",$0.00,Attorney General,Provincial Judge,1998,572d9b066c80bd803d93b3f7ca2e24fad72966fff29a766382d020795ac241a7
Ontario Public Service,"$129,716.86",$0.00,Attorney General,Provincial Judge,1998,da7d673cd9c970605a930dd23ccc2183a51248a364b6e30ef6e4e8ab62c92539
Ontario Public Service,"$104,414.60",$298.56,Attorney General,Crown Counsel,1998,402697a866e2a4e25e170eb5160ff86150db95046ba48b41b99bb47f98ad03d8
Ontario Public Service,"$129,716.86","$3,758.19",Attorney General,Provincial Judge,1998,dfca64830cdb1b54782d5667e17ccef4444f7cfbcfddc48f46a6b6e0b85c15d3
Ontario Public Service,"$129,716.86","$3,758.19",Attorney General,Provincial Judge,1998,fca5c215a500f5040804a42f3811e5cb2c9218ab49c3a369cbfded3334e781e2
Ontario Public Service,"$104,414.60",$298.56,Attorney General,Counsel,1998,a76d4f59406cecabb7a3e02f07ef8e1769cdd2adc7657312d7d09262fa9a8201
Ontario Public Service,"$125,629.56",$359.28,Attorney General,General Counsel,1998,3d375540623764956dd0c2da24ea81fa902163b3afe9b361ac96a411e28383d3
Ontario Public Service,"$104,414.60",$298.56,Attorney General,Asst Crown Attorney,1998,b94b790213bcd456ea589dc226b0d4afbf9175d6caa51ee76b2f8d8894ec404d
Ontario Public Service,"$129,716.86",$0.00,Attorney General,Provincial Judge,1998,b760fc0f513745ae08357e8b2f55773ac541bd02ee9f5f266adb15ad2a6456d6
Ontario Public Service,"$129,716.86","$3,758.19",Attorney General,Provincial Judge,1998,a1e4aeb370304e24ad60b30d0ae16e9cc896712c86199f76f0ed143c814579c7
Ontario Public Service,"$129,716.86","$3,758.19",Attorney General,Provincial Judge,1998,8e0efcb2517a826aca710a9e63065d6bc61bf3eda812ccd49ab02bdb940ca573
Ontario Public Service,"$104,414.60",$298.56,Attorney General,Asst Crown Attorney,1998,0e9afaa4517e3c24ddf373fdbf33efba7c3cf5056b132d03866e4c8918489b4c
Ontario Public Service,"$115,383.48",$330.00,Attorney General,Counsel,1998,4020cf70eb40281bb03e0838fdf1e3a3ad31f5fd72002d509971198c7358fac0
Ontario Public Service,"$115,383.48",$330.00,Attorney General,Counsel,1998,d436254d63682511edcbd37218b24d5d8a58de45f01c3340728d5af5a6ef6cb4
Ontario Public Service,"$115,383.48",$330.00,Attorney General,Legal Officer,1998,1213a548c8af9674b0fcefde770f77ebf3465fd95b09ccc2a11b3e59795bf071
Ontario Public Service,"$104,414.60",$298.56,Attorney General,Solicitor,1998,0eccecf6235526d96cc6c7d3fc03ba6370e9e75e35ea5a21dc267aefef3c902c
Ontario Public Service,"$117,274.28",$332.76,Attorney General,Director Legal Services,1998,74bab9d4cf257a5257b251fe74f2d1db6f471a5a1ece755e717c0bc5c8794f5f
Ontario Public Service,"$115,383.48",$330.00,Attorney General,Asst Crown Attorney (DES),1998,6db4518672f3e223abfc7a616d683320cbb4cfe235f34281501b6bf4d34b797b
Ontario Public Service,"$111,776.45",$318.45,Attorney General,Asst Crown Attorney,1998,f0869899e0eacbb8eac00ed58a684269c257e0b71748be2212a98545f65cf6c4
Ontario Public Service,"$104,414.60",$298.56,Attorney General,Asst Crown Attorney,1998,56b7add9417f8b5d9c6ba54e457af9f53c725b130e0683a6c90317f8a8c03684
Ontario Public Service,"$100,444.54",$286.02,Attorney General,Crown Counsel,1998,e47998ee0a81e7a05c802c10df707af334006fc908c8712e4b1eb04ff916991e
Ontario Public Service,"$104,414.60",$298.56,Attorney General,Asst Crown Attorney,1998,4e33b4b31ced7b539c72878c978a8781b2ea8548218ef0c0395ff912633ca321
Ontario Public Service,"$104,414.60",$298.56,Attorney General,Solicitor,1998,6313f3318c68b4295ed457c39259f9ea96fce359fa524387be265b77191e68c4
Ontario Public Service,"$120,357.80",$344.16,Attorney General,"Crown Atty, Prince Edward",1998,ea6bce34a543d1983b3009eeb1686dd58d1971ad6a025358d1b1f4c4fc19bb89
Ontario Public Service,"$108,799.34",$309.87,Attorney General,Asst Crown Attorney,1998,a3ec8259c34dfee4561ae1cdba0af902a8b38816657266f06f17ceabb740b043
Ontario Public Service,"$129,716.86",$0.00,Attorney General,Provincial Judge,1998,06ab6f858ef2b76d454af44eafd4cb7b4beaac6ce28dd7125111b23fd4675883
Ontario Public Service,"$115,384.00",$330.00,Attorney General,Group Leader,1998,2216f8acdcee96aedc0e1b0826f841de6f9f8bec0f58f1dbbfd070c0f4755865
Ontario Public Service,"$120,357.80",$344.16,Attorney General,"Crown Atty, Fronten",1998,e6745acd6b5d0ffd5ce4a386fede6619edd76b6aeafee431fa9a614505259b13
Ontario Public Service,"$120,217.13",$342.18,Attorney General,"Crown Atty, York East",1998,c2cc23a91cd9f0b4069883413a106ebba07dc2fed9cf402f6aa8c5c6579a49b5
Ontario Public Service,"$104,414.60",$298.56,Attorney General,Crown Counsel,1998,4147ce367d4650ff0cc446becae76fa30a877cfb9de599106a3f91455ac67569
Ontario Public Service,"$124,386.76",$355.80,Attorney General,The Children's Lawyer,1998,ace3c2598c609371af223b912ced0529c36d89d04dc2ca2ddfe82bfede241e4b
Ontario Public Service,"$129,716.86","$2,036.92",Attorney General,Provincial Judge,1998,c3b7d7aa9baaf91c697839cb7ab446e70babb34fbfed38134e163e82aab14bbd
Ontario Public Service,"$104,414.60",$298.56,Attorney General,Law Officer,1998,88373ca5343831f7d7b7d92048dce72223f0934d2fc3df84723474e2d1a867bb
Ontario Public Service,"$129,716.86",$0.00,Attorney General,Provincial Judge,1998,ca3e53da0809f002c0ef0fb2e756122e7c9929abd92f10898783eb99b0634cd7
Ontario Public Service,"$111,777.49",$318.45,Attorney General,Counsel,1998,9f8abde9ee9660bdb245eb37fa4385881e335343ef7dd30d13f9cc4a5df9d87c
Ontario Public Service,"$129,716.86","$3,758.19",Attorney General,Provincial Judge,1998,03966099618b7289c2210508c1f4eaac4410fa5c8dd4a29277deb2e80ed45cb8
Ontario Public Service,"$129,716.86",$0.00,Attorney General,Provincial Judge,1998,c66473fe761efe69fc5ad5c923c60d47ad6cf67eb653170ca0142b51b0117b2a
Ontario Public Service,"$109,586.92",$312.15,Attorney General,Counsel,1998,41277c34f4ddefad7fa9a845c33962e721ca0ea1a69d779ff80c69e6c6b8272d
Ontario Public Service,"$104,414.60",$298.56,Attorney General,Counsel,1998,679bff365d2cbad139f044f2ac9dc33868af3531406462ffd3729884b174e56d
Ontario Public Service,"$142,073.03","$4,116.19",Attorney General,Regional Senior Judge,1998,fdeefb8240e192ec3c6681d8f5afa1fd4b325d6b470176254bf780c55b1d3e0e
Ontario Public Service,"$129,716.86",$0.00,Attorney General,Provincial Judge,1998,8a403489e15e7a6f8c4fbea92cb992d9f361f0f83f0b7b9b2ac4c52d97b54c49
Ontario Public Service,"$129,716.87","$3,758.19",Attorney General,Provincial Judge,1998,26bc2715f8a32e7c64172908b323a6ba2bb905ccbdf42145cc7ca3469c2e4e60
Ontario Public Service,"$104,414.60",$298.56,Attorney General,Asst Crown Attorney,1998,0fef382ab29239a45c025930e84005d9f670fee1f09249da828ec7f3d2208e3b
Ontario Public Service,"$125,629.56",$359.28,Attorney General,General Counsel,1998,f1768782fe34fdcc85194f6374501c20154ea9cd1c56c852f0bc078c41d08e43
Ontario Public Service,"$120,357.80",$344.16,Attorney General,"Crown Atty, Thunder Bay (DES)",1998,95b27f990694a56a6a8509e1485ae1d4cc561269af84fac996a93a5de607aaa7
Ontario Public Service,"$129,716.86","$3,758.19",Attorney General,Provincial Judge,1998,5c15a671c9896845a002cad2dd4201a0e611e2583408077442301506ca80f71d
Ontario Public Service,"$129,770.58","$3,758.19",Attorney General,Provincial Judge,1998,f95222b1b4c01221a71eeba9e557b88134e158b1a4a107acbe508c20772c3a9e
Ontario Public Service,"$142,073.03",$0.00,Attorney General,Regional Senior Judge,1998,2bcf349b0572ab68b6572fd866b4e308c05e1635834298a70f24f182c4213469
Ontario Public Service,"$129,716.86",$0.00,Attorney General,Provincial Judge,1998,627c4681bdbd187b76fd756fb28d3ea457962d4c2c28be645673a9b929db2992
Ontario Public Service,"$104,414.60",$298.56,Attorney General,Counsel (Kingston),1998,faf72c15d02ee98a56ad2c818576412de38ad50e22d7415ca50d747236bca390
Ontario Public Service,"$104,414.60",$298.56,Attorney General,"Director, Charities",1998,399d658489b7c4b3c5d8a8a5656daf7d7de9bf7d7fecd0a6a1ee557016e4c2ab
Ontario Public Service,"$119,856.62","$2,573.44",Attorney General,Provincial Judge,1998,cbb7437f7770e8ae3d755f393ce7cfe05e1d081f31ce814ac9356de009748664
Ontario Public Service,"$129,716.86",$0.00,Attorney General,Provincial Judge,1998,17c58172ffe512689a2a779312c24d1892ae023da9046f09b7b2412bd4c5247a
Ontario Public Service,"$129,716.86","$3,758.19",Attorney General,Provincial Judge,1998,3a3125bc43a3f06e29f5be3df6def080ba94ffb7e27ccb53a4fec6d246412667
Ontario Public Service,"$120,357.80",$344.16,Attorney General,"Crown Atty, Huron",1998,b55fe0d7b0630c4ee57bc4c35dc27928de943c2796b6883ce4ef838b1fd03059
Ontario Public Service,"$129,716.86","$2,911.94",Attorney General,Provincial Judge,1998,9ed69a87cb9b4150e202c0e42377d22a9515ff7dcff0d273c8c24dbc0349420a
Ontario Public Service,"$104,414.60",$298.56,Attorney General,Client Lawyer,1998,9b72cdc9cde82e390611db96678e31ee52f0eda600c4ea02305764d95155d241
Ontario Public Service,"$129,716.91",$0.00,Attorney General,Provincial Judge,1998,a96d9d3c2cf56badcdc247fbb37feb8241d7e2c19c9b7a75b39327c84722ed74
Ontario Public Service,"$115,383.48",$330.00,Attorney General,Asst Crown Attorney,1998,3130f95e86431b0b84e7632a8e9a6f01a1847eba98962bc8260bc912dc24f09d
Ontario Public Service,"$112,989.79",$320.64,Attorney General,Counsel,1998,be5bb8772b17fe00572726eec108f4a9447851d85f89c8ccd1ef0a9e45f0a5a2
Ontario Public Service,"$104,414.60",$298.56,Attorney General,Counsel,1998,692b3c2f82ee1b48a81f33b15c892eb690d3563e4e0e134a1d07f3b01d2f1cb6
Ontario Public Service,"$129,716.86","$3,758.19",Attorney General,Provincial Judge,1998,f6eb0e0ccbe780825f95d100fdbbf3f4a06eaefa91b8a29562b20dc9b19f7258
Ontario Public Service,"$114,651.52",$326.61,Attorney General,"Crown Atty, Waterloo",1998,911ed5ef3463193685ec616a39bf99f5f2312fbfd37bd536e4790d7dc1ad7ec0
Ontario Public Service,"$109,586.85",$312.15,Attorney General,Counsel,1998,f84818118882eab1dea76194f540aceddb192a5f60515305284d01fb8ca7796e
Ontario Public Service,"$101,833.43",$290.04,Attorney General,Legal Counsel,1998,58d160203c2d6e1d3beb7fcb26ec2dd5378b8616f552cbd64ec0ddda22fafb3e
Ontario Public Service,"$115,383.48",$330.00,Attorney General,Asst Crown Attorney,1998,ae326d2faae17bc0293d7aa72d90505feb6e9b54d4e7ba2f1c3a8c876fa99946
Ontario Public Service,"$129,716.86",$0.00,Attorney General,Provincial Judge,1998,2ee808068b12670bcc21853ceab9505bb1519941b4ef42b217f67b3484400c1e
Ontario Public Service,"$129,716.86","$3,758.19",Attorney General,Provincial Judge,1998,1928250b96c72ee1747524b16a15b90581b2276404913b6eeadb4f9bd449ae7e
Ontario Public Service,"$129,716.86","$2,573.44",Attorney General,Provincial Judge,1998,4b6cb7aea6227d6ed15e15e99f8974373fc60cc01115cbec97c6d987f758a2bf
Ontario Public Service,"$116,813.37",$313.39,Attorney General,Counsel,1998,c0b853b9cb3022956719bae23233f9ed485253796dbdbf34178b8bd0777c47a3
Ontario Public Service,"$104,414.34",$265.41,Attorney General,Asst Crown Attorney,1998,a39c1b1f8d8a2c6560727034c0034b2d27b418b6dd4566270320c7b65574cf49
Ontario Public Service,"$104,414.60",$298.56,Attorney General,Asst Crown Attorney,1998,cbb4ffe4cbb19367f8c3272aaeea6c5a885ec2d6e3e56370e07fa04b72e4e3f8
Ontario Public Service,"$118,427.82",$338.76,Attorney General,Case Management Master,1998,f5d7058d833fb2a2b7fb6209fe556abdb9fe8d468f06328a0d8d51fdc846ca01
Ontario Public Service,"$104,414.60",$298.56,Attorney General,Solicitor,1998,34003537c2b14a1a8e7853b19f44398a63095ae3b8734700d2474e8e7a7a4ab6
Ontario Public Service,"$129,716.86",$136.40,Attorney General,Provincial Judge,1998,a54d8f84d8bed58ebe62f29c5a6e765f6d828561cc142e601f1d1defdc812c5a
Ontario Public Service,"$104,757.18",$278.77,Attorney General,"Deputy PG&T, Client Services",1998,1fd236f531dc61661477c3a5008e0e24729f935259bac1796146f4ba507fa555
Ontario Public Service,"$107,324.81",$305.43,Attorney General,Asst Crown Attorney,1998,7fbb0b2c80fa1c2d783bc570be2911037d5fa14514e875f9ab70400ded1e1ce2
Ontario Public Service,"$129,716.86","$3,758.19",Attorney General,Provincial Judge,1998,48e83d80a8a4af01c19cbc874970f19103481109c9a3101a2b3b6a96fad46452
Ontario Public Service,"$105,137.14",$299.22,Attorney General,Asst Crown Attorney,1998,65091179680bbd6be9f4552de916d9de324dfdb027ee02c2f02236c266f42cb7
Ontario Public Service,"$120,357.80",$344.16,Attorney General,"Crown Atty, Halton",1998,cf9421a091040dd016e695054b98665ccbae047e4bc87ffa7c5dee0d24db33b8
Ontario Public Service,"$129,716.86","$3,758.19",Attorney General,Provincial Judge,1998,4a2783715c9ab3d2cc9db0556877a5a912ac1215b89f87e8dc8fa8dc6cc79686
Ontario Public Service,"$129,716.86","$3,758.19",Attorney General,Provincial Judge,1998,4e0663c8dd2b3d6d8cf38dd4b68f3b78d323a4e6e91e9f1883c1d710d4c63df9
Ontario Public Service,"$104,013.21",$298.56,Attorney General,Counsel,1998,840b72c5d9c9b9aacd73af9c3f986ee54a8de74080b7e448a2c624b0922a734a
Ontario Public Service,"$129,716.86","$3,758.19",Attorney General,Provincial Judge,1998,69a5ca0580246d36186b7ff7437f8008d2ee5d0a47c38e9340a4c07d8021e8dd
Ontario Public Service,"$101,107.86",$288.00,Attorney General,"Crown Atty, Manitoulin",1998,de243fb1e131dc965456eca18a845fcb17aeda24708242a5598c51d70e5dc31e
Ontario Public Service,"$104,414.08",$298.56,Attorney General,Asst Crown Attorney,1998,8cb804613938f3d6633fef9c4dff663d03499e7007bc17d7b577eb532b875ed6
Ontario Public Service,"$129,716.86",$0.00,Attorney General,Provincial Judge,1998,6da227f147413b0210fbf7a6616b3bf88dc883f2a823d63e83adbf969e306de5
Ontario Public Service,"$100,033.63",$284.80,Attorney General,"Crown Atty, Oxford",1998,a133187e64a0fe9b5086e71a7778e3372d5516d9b4660d3bf1d74ae69890613e
Ontario Public Service,"$129,716.86","$3,758.19",Attorney General,Provincial Judge,1998,c2ae211e51a5a710072d76e1b8f29f9fbc3fa3eb52c4c34fc4c8d3568df5fb26
Ontario Public Service,"$117,246.28",$330.82,Attorney General,"Director, Court Operations",1998,a7657a1bcfa48c8af12dd755035780f04db68482dfe843e7ac9796f0b672e0a1
Ontario Public Service,"$129,716.86",$0.00,Attorney General,Provincial Judge,1998,2c29ca6b130bf3a791a1d608b9d330d76c37c978ea9454490de412b905cb4b02
Ontario Public Service,"$122,750.84",$350.76,Attorney General,"Director, Crown Operations, C.W.",1998,52b9036a9a8f5ba18e8a1d7bbcbc67089ad1ecaef996071d9b9c74edb3a1d99d
Ontario Public Service,"$129,716.86","$3,758.19",Attorney General,Provincial Judge,1998,71bb9b37fec8dad0de758ec354e4d819b7243c5226247180d0feb6466c542b3f
Ontario Public Service,"$121,263.20",$345.19,Attorney General,"Director, Crown Operations",1998,8e00ca3649b712fd8350ae2cf7ee0441891e9a3aa8ed1a3aa5240579b7f87e03
Ontario Public Service,"$111,776.45",$318.45,Attorney General,Asst Crown Attorney,1998,4dc5a6199bbe3876e6c2f4a7be1c59ebc3950c129703608c08262c89870b7033
Ontario Public Service,"$129,716.86",$0.00,Attorney General,Master Supr. Crt. of Ont.,1998,2591d91998b394bdc2b81af327a6c499e29e065a784f3596b8dd732664c987ae
Ontario Public Service,"$104,370.18",$297.93,Attorney General,Asst Crown Attorney,1998,fa56718d8c9d4d9b1448349431b2dee093c6c816522ecedf6ca3beeaf853dc08
Ontario Public Service,"$129,716.86",$338.50,Attorney General,Provincial Judge,1998,4afff742fc330ac70f45268d405b1a7f083e24caa112c0d972f4b9f2558b38f7
Ontario Public Service,"$120,357.80",$344.16,Attorney General,"Director, Legal Services",1998,395707a9af6bfdcf8083bd664ca1900577327ce560ce677c607cde160261de6c
Ontario Public Service,"$129,716.86",$0.00,Attorney General,Master Supr. Crt. of Ont.,1998,c72f93de2a2d6af79dfcefffdda693fac7664eeb2b5c5f58cc22d31965cb5964
Ontario Public Service,"$129,716.86",$0.00,Attorney General,Provincial Judge,1998,ad5ff89aa064905b807655e883ce2772f44a8d544792bf8efbe00aa7d6dac591
Ontario Public Service,"$129,716.86",$0.00,Attorney General,Provincial Judge,1998,272ccca1170eb0867bbc106a935b26ef1e06ef89156550ec5d357e0ec966254d
Ontario Public Service,"$129,716.86",$0.00,Attorney General,Provincial Judge,1998,afafa8a0919b906ebab4aae4ff0ec028b38ef37835c26398de708f35cd73c3fe
Ontario Public Service,"$111,777.63",$318.45,Attorney General,Legal Counsel,1998,74b8c139eec9265791095f26ac4bee0ca7f356fa16b14d6cc1295a9d896df4a2
Ontario Public Service,"$129,716.86","$3,758.19",Attorney General,Provincial Judge,1998,492f2c857ace035dd40270f1fdf63ea5fb4da557b962c08d34a7f446e59e718d
Ontario Public Service,"$118,393.34",$338.76,Attorney General,Case Management Master,1998,809bf6cd9f1701ccfffbbec04b2f34d96cd63e3b3ed049ea967d2216cc7d5f30
Ontario Public Service,"$120,357.80",$344.16,Attorney General,"Crown Atty, Oxford",1998,b4caf59083ed43525c9910b59fae7c580d44d069d36cf2bad7cc9178ce6bfbc5
Ontario Public Service,"$129,716.86",$0.00,Attorney General,Provincial Judge,1998,7008823189635bed3fad979037fd62fc420e2761844eeb7cffd85b91024d612b
Ontario Public Service,"$116,820.74",$333.28,Attorney General,"Director, Legal Services",1998,39d8d01b121322640071338540c5bd44d5b8351fe571b9fa5ddbf6dff4e91f6b
Ontario Public Service,"$104,402.54",$298.38,Attorney General,Asst Crown Attorney,1998,71c503eed11a5dcf19587a0a06c510205d2095276cb88550a46555af9a3fa16d
Ontario Public Service,"$114,163.64",$330.00,Attorney General,Asst Crown Attorney,1998,1d9ff1e60b02003e71e7238df9c082350eabac15e28afb3d892e4e87ba6fda4b
Ontario Public Service,"$115,383.48",$330.00,Attorney General,"Asst Crown Attorney, Team Ldr.",1998,d604c5b3d293118eaa7d2f4232f4a2790b8bcdf22ff27883270e770fd8c41581
Ontario Public Service,"$104,414.60",$298.56,Attorney General,Asst Crown Attorney,1998,602fec18ae3f092302d2c97bdc8273716246ae238442b2dce25f5cb96ea1dca9
Ontario Public Service,"$115,383.48",$330.00,Attorney General,Asst Crown Attorney,1998,861b342b24a54f12d15d894e7aa69ebc63944f16794ff1d4d1fec6e83e2bd8d0
Ontario Public Service,"$120,357.80",$344.16,Attorney General,"Crown Atty, Grey",1998,5a63b1c29faff7e1aa9586d97bdcdb15bd2bde75672e02e886b7faf350d7b76d
Ontario Public Service,"$115,384.00",$330.00,Attorney General,Crown Counsel,1998,fe760a2056ff453dcf0001bb86a6d316aba05e6c65fc169089f944eb8132f161
Ontario Public Service,"$104,370.00",$297.93,Attorney General,Solicitor,1998,6cd8f2ff859953e9374582ccc52fbb4767f2070c6552b19af764ff0b66e5b935
Ontario Public Service,"$106,371.27",$301.76,Attorney General,"ADAG, Business Policy and Planning",1998,6fe52b11b284f8f319e27398d9a3d85a28b34a41b85f0d7a3543a7c8734baac7
Ontario Public Service,"$113,860.68",$323.04,Attorney General,"Group Leader, Crown Law Office-Civil",1998,1b0e92d6f7fead068d88de7885dedbb602ebe336f8a42c3e79e226ec47c7dcd9
Ontario Public Service,"$129,716.86","$3,758.19",Attorney General,Provincial Judge,1998,a0a9683990a6b4aa3b0ba5f3b29166e634a63b4fa55cd05272ab98f6e2b4cdf6
Ontario Public Service,"$129,716.86","$3,758.19",Attorney General,Provincial Judge,1998,1bcb14d044bf8af1cd59a8a0314da459494f8cf1077d83bc69b0d452d3a5d705
Ontario Public Service,"$104,414.60",$298.56,Attorney General,Counsel,1998,c5cbc411544335f8249a0dd0f8f928479aa3529e576cc1ed6cfe66db689a9486
Ontario Public Service,"$129,716.86","$3,758.19",Attorney General,Provincial Judge,1998,3bb4405c8bdbecfa56e6fbb43a14800922e419068243c4019c6c98356208080d
Ontario Public Service,"$129,716.86","$3,758.19",Attorney General,Provincial Judge,1998,9a5728b7adf7ca08ff1ccd0236057a30c32456f6f00da0fc3e62586aa2377206
Ontario Public Service,"$129,716.86","$3,758.19",Attorney General,Provincial Judge,1998,ff6e509b2a3238123e7eae0a0477e70f2c9ab398c95328f5123c92aef745f99d
Ontario Public Service,"$129,716.86","$3,758.19",Attorney General,Provincial Judge,1998,62f333d031604176ae3ccb9ba53bf709f01ea90a5405c3d1b1a51c662ca37a0a
Ontario Public Service,"$124,386.76",$355.80,Attorney General,Chief Legislative Counsel,1998,d77f0ecd9b013efa4728a86f482196605a56467fa91b58482bb530ab1a33804a
Ontario Public Service,"$129,716.86","$3,758.19",Attorney General,Provincial Judge,1998,af80c4b6ea8d66dae8ac1c22904b064f66a29e210f0e0ab9e90f8d6db64ff707
Ontario Public Service,"$104,414.60",$298.56,Attorney General,Lawyer,1998,dc254f487e3f199086fbf368e27673f6f5d874579da744ffcd8862164200990b
Ontario Public Service,"$115,383.48",$330.00,Attorney General,Senior Solicitor,1998,73b6cd918090f1f410b5863a055c73b0c53d8df3dd17d11d2096981736da2c1a
Ontario Public Service,"$115,383.48",$339.84,Attorney General,Asst Crown Attorney,1998,03f3b531868f150bddd5ab627b58b826b39f8f22651372a1c3e7eb6af14fcfb8
Ontario Public Service,"$145,160.07",$0.00,Attorney General,Associate Chief Judge,1998,5e840ce9d094deb32dbf18d6177fab605e9b4fee1fbb58415f236163fcbcf3ff
Ontario Public Service,"$129,716.86",$0.00,Attorney General,Provincial Judge,1998,4b05a8fbc5e3941cf5886cbae9c4a9df42df8da414ab3af9582925e9cfc38f15
Ontario Public Service,"$115,383.48",$330.00,Attorney General,Senior Counsel,1998,3f7ac2931ad72b1a34d2a4c027fb559ab010a6b3cef394f7ed9e606f7fae9765
Ontario Public Service,"$100,403.19",$284.69,Attorney General,Asst Crown Attorney,1998,f6269e9d173aad53f18aa934377f0ef191a6773309a59a108540ddcf49b7ce7d
Ontario Public Service,"$129,716.86","$1,768.66",Attorney General,Provincial Judge,1998,8c1d12818222230ed4d674aac2b302918f7c56bc15427c07309d0c307fe4b1c9
Ontario Public Service,"$120,357.80",$344.16,Attorney General,"Crown Atty, Niagara S",1998,03ea0baa31a13d62b16c28fd92b52235c6d30fd2448d2e1418b77705ca1f4ee0
Ontario Public Service,"$129,716.86","$3,758.19",Attorney General,Provincial Judge,1998,f37fb7103b2202ad7aaa1e79e99ccf54b17cae2da004bdd6682baabc7045fc00
Ontario Public Service,"$101,112.71",$287.76,Attorney General,Law Officer,1998,6c5a8dbfb62dda6a3eb9f39470fef510caf30a4dd0062e49f0753a6bf30cab3e
Ontario Public Service,"$114,921.68",$327.33,Attorney General,Asst Crown Attorney,1998,38f992cbb3cd40cb4a20e2f0dc7853b38f7b2d6eaa0cef496d078f0f68c733d8
Ontario Public Service,"$129,716.86",$0.00,Attorney General,Provincial Judge,1998,3e6351d05c0a16c0803c025ee5056d19feea69be8d9a15a90d20e7e6ba042e18
Ontario Public Service,"$134,419.90",$175.50,Attorney General,Senior Counsel,1998,053188b82646d1a5fc80babe017dd940194ed7e8311e48d3c372441cd8d610fb
Ontario Public Service,"$129,716.86","$3,758.19",Attorney General,Senior Provincial Judge,1998,e8403695854b7699681b191b8c1c5d36a27ac4c27ec96d649252e063b2d9c0e4
Ontario Public Service,"$104,013.94",$295.11,Attorney General,Asst Crown Attorney,1998,a3155297267694ae39ebd3b9a575f58eb8e22fbe1b028d109250a7ec9dc4c0b0
Ontario Public Service,"$115,383.48",$330.00,Attorney General,Asst Crown Attorney,1998,c36c9241e3c9b8a71b22cfada20449e6c9fef1ae817f30b761e5ec9cbb6ed22b
Ontario Public Service,"$104,414.60",$298.56,Attorney General,Legal Counsel,1998,951bef9b43a96d90d72bb84ead5fe98d2e9e2985d5bcae554079afc25309400e
Ontario Public Service,"$129,716.86","$3,758.19",Attorney General,Provincial Judge,1998,044d1e4475a6334874856dfa3c7b163600b1312d2f2ec5d833bbac4f2cd9aed8
Ontario Public Service,"$129,716.86","$3,758.19",Attorney General,Provincial Judge,1998,56c1c957b2c4c9206714e87b780ab3aad54e958ecc66832ac6d8545fb20206ae
Ontario Public Service,"$102,243.77",$291.00,Attorney General,Asst Crown Attorney,1998,5e362b8be0f8047ea599388542425551c8f472993e5ca9d2aa654ba6f081c923
Ontario Public Service,"$104,414.60",$298.56,Attorney General,Counsel,1998,f7fa47c355f0f53887e3051851cc2512bcad10876b9d529cbefb712feb8e59c4
Ontario Public Service,"$129,716.86",$0.00,Attorney General,Master Supr. Crt. of Ont.,1998,5b1a2ca1f004d401d9e81443c1946bfaa44589afaa50c88fe0133cf2f98a16c3
Ontario Public Service,"$129,716.86",$0.00,Attorney General,Provincial Judge,1998,b346e3f56fc7f15e2b5e90c9bac8922ce7a3b3247f6a1ae4b61d7dfc34c8ca6f
Ontario Public Service,"$129,716.86","$3,758.19",Attorney General,Provincial Judge,1998,e00b9c6641ae0776b9d1852ed519ec86902013eb1ef728cb6b70718b4d683abd
Ontario Public Service,"$129,716.86",$0.00,Attorney General,Master Ontario Crt.,1998,376be31a4d61748dcf2125bc8d017ccbc1d99f40541794987078c57c0abc92b1
Ontario Public Service,"$129,716.86",$0.00,Attorney General,Provincial Judge,1998,8d838b9edee590f3e56b9e97143ec434fbb231d3d338069c74e383036958317e
Ontario Public Service,"$120,357.80",$344.16,Attorney General,Crown Attorney,1998,b11c168a89b78c48cd1e68561db1069304d1c90795cccf6275101d5461ed29ca
Ontario Public Service,"$129,716.86",$0.00,Attorney General,Provincial Judge,1998,a4588b56bddd8edd2317d41816887d32a6c0538805d23299dcd5c2b8c906d21d
Ontario Public Service,"$129,716.86","$3,758.19",Attorney General,Provincial Judge,1998,6bcc192be20da38f5eba266928100751d31cf99514b500ea874394649cc95749
Ontario Public Service,"$126,538.10",$351.36,Attorney General,"ADAG, Criminal Law",1998,3775d6658a06a358dc2df886c82158b7023404bcac7d4dbe3c92577904095fc6
Ontario Public Service,"$129,716.86",$0.00,Attorney General,Provincial Judge,1998,e3c72fd2b38665e1404ea46ea4e69632030ff41d80505066c8feede881c60dbd
Ontario Public Service,"$120,357.80",$344.16,Attorney General,"Director, Legal Services",1998,730cb727933e9031d0ea95477e01352eb2cee867243e279248425cb13a5634ef
Ontario Public Service,"$129,716.86",$0.00,Attorney General,Provincial Judge,1998,d035688809d5bca8b57810dd47fda46392e59cb537df0d5f6d1e55374d5170d1
Ontario Public Service,"$129,716.86",$0.00,Attorney General,Provincial Judge,1998,1f90414ebaa1edc62e0bf1ff2cb322f411bd6dbc493e93d484d564c243c9e34f
Ontario Public Service,"$129,716.86","$3,758.19",Attorney General,Provincial Judge,1998,013639e1d17b239e240bdf80f2f4ce4a2d883480044319fd4cfe2d45b412aad1
Ontario Public Service,"$106,940.63",$330.24,Attorney General,Asst Crown Attorney,1998,62498b3a65e3927900c8a22479a8331a61f209e90482b9751783c733b22fcd2b
Ontario Public Service,"$115,383.48",$330.00,Attorney General,Counsel (Kingston),1998,773ac302c4c6b6442da4dc9ffa3bfb44566a3bda23b9ddd7474939010a129213
Ontario Public Service,"$120,357.80",$344.16,Attorney General,"Senior Counsel, Revenue",1998,292b09d4e2e530403be9e0aceaa419b9211365f6d11562f8bdfba4dd08e347ee
Ontario Public Service,"$109,258.16",$311.19,Attorney General,Crown Counsel,1998,9416afe26ec51e7af02996cfa923d51bf31aff199ace41ec5132a2fb5d7021af
Ontario Public Service,"$120,357.80",$344.16,Attorney General,Legal Counsel,1998,7766ae001b8f0ffafac2a9f9055303058536e6f2edb745b1cafb0152c61ba4e9
Ontario Public Service,"$129,716.86",$0.00,Attorney General,Master Supr. Crt. of Ont.,1998,f5d6fc9740a40f3580b3f5b2fd4ed10d9297472608f7f27c5ed45c79c4132afb
Ontario Public Service,"$112,935.97",$321.42,Attorney General,Director Legal Services,1998,6c58046d4ec29affa5fc096fe536a6a5ae247588d4e6d46ab32f476809471af1
Ontario Public Service,"$110,691.83",$315.36,Attorney General,Asst Crown Attorney,1998,7481859e2c397bee6f39b4e43615bb566212c6c0a85c18ffb58390da7bc069b9
Ontario Public Service,"$129,716.86",$0.00,Attorney General,Provincial Judge,1998,ae5f93c57c09b302ac72487978088c0ddec70edf03257072d2b642e0c3917550
Ontario Public Service,"$115,383.48",$330.00,Attorney General,Counsel,1998,d317160eb66df4b10a335704462cdbc9a47a1a51b6bc85ae881647813cf4ede3
Ontario Public Service,"$104,414.60",$298.56,Attorney General,Legal Officer,1998,2adedbc6730f3b90f9017b4f4011ba57bf2a49aac21bda31c0edd8f33f42401c
Ontario Public Service,"$104,414.60",$298.56,Attorney General,"Senior Solicitor, Rent Review",1998,00aa7e5c467c8f3732741cbf21ab16064deadca9291de5f81ebef4c1fd57241e
Ontario Public Service,"$112,280.18",$319.44,Attorney General,"Director, Crown Operations, C.E.",1998,1338ae08af261ed608d194efcafbb3f7909a1461261d1627e8c015c0338402d3
Ontario Public Service,"$129,716.86","$3,758.19",Attorney General,Provincial Judge,1998,04787a0713f3fa38e0ab733631441ce449f5352b1f74074ed0299607a2f5653a
Ontario Public Service,"$104,763.19",$296.73,Attorney General,"Crown Atty, Wellington",1998,dbf21a4cba1ddc56bca9f6cfd2fde6170f81c5ceb2adff98aa12256072cafbe2
Ontario Public Service,"$120,357.80",$344.16,Attorney General,Senior Counsel,1998,385d0b9596e90d8f0ddfe8f03c14aaa5f8273e7df57f8c92036a3827e2856b53
Ontario Public Service,"$120,357.80",$344.16,Attorney General,Counsel,1998,3a7ad9fa3649a59029c9665ff361d37259b02f567c5cc46e8977ef2ac12a1d74
Ontario Public Service,"$104,414.60",$298.56,Attorney General,Legal Counsel,1998,b6d79c78c3b00b1316a9dc96068a05a623603a99c1a4c3e2bab3de85bd5e6bbe
Ontario Public Service,"$129,850.99","$1,318.88",Attorney General,Provincial Judge,1998,65fa997d872dbc9a1a2f49da28a12590bdc18eb27a345a4fd3d35c329597b197
Ontario Public Service,"$129,716.86","$3,758.19",Attorney General,Provincial Judge,1998,e30d840795839bc8138734004c8825eb0926cb0a2d3ef5aa200eec0c09248d2e
Ontario Public Service,"$120,357.80",$344.16,Attorney General,"Director, Legal Services (DES)",1998,9bd196f5db1efc6945fa3abb753ccc3f393208b1c2c6dc182a765e3a3372dad2
Ontario Public Service,"$103,256.94",$281.16,Attorney General,"Director, Court Operations",1998,e84452e007efa4707acbba3df8bebeeb7a94df0af39d06983af58ccc8f913370
Ontario Public Service,"$125,629.56",$359.28,Attorney General,Asst Crown Attorney,1998,82efc4597045b745a221545aa33fcfcb19031a07f644871b2c7f418d8c4ea69c
Ontario Public Service,"$129,716.86","$3,758.19",Attorney General,Provincial Judge,1998,759638e6b1749bf7b3847e1caac54e689d7ba12634dcf0a6fcd5f93c9b25b7ce
Ontario Public Service,"$120,357.80",$344.16,Attorney General,"Director, Legal Services",1998,706a0881597174f4329a86065e2f99e9d06d2e7b29e398ea9433ecee1561ab61
Ontario Public Service,"$104,370.00",$297.93,Attorney General,Counsel,1998,006446f3e5fabb408600b69cc891f6244fc471c48e5ac0729e1cba9e651f1593
Ontario Public Service,"$120,357.28",$344.16,Attorney General,"Director, Legal Services",1998,d5d9d495e8b3b8f47b94b66d6de8dfac43dab675178c97a661d1ee317f9e0dac
Ontario Public Service,"$104,414.60",$298.56,Attorney General,Counsel,1998,2ba9e35a14d4a10dc0855672bc9caa499365e05e8cf1f91375e97302d735cc77
Ontario Public Service,"$104,414.60",$298.56,Attorney General,Legal Counsel,1998,6b003c750cd5dbba136e868da5021c9087c4cf633388fd3b750d642549a10036
Ontario Public Service,"$133,203.34","$3,810.19",Attorney General,Provincial Judge,1998,4828d5724c02a2b7b1b5a2ece0ec3908457b5e6d60a1fcf4a1c3db979c70ed3d
Ontario Public Service,"$129,716.86","$3,758.19",Attorney General,Provincial Judge,1998,7edb45520b37e0f4893f8b0c5b7e4cdbcc645fca9d2c0122937c049f0eaafa4d
Ontario Public Service,"$120,357.80",$344.16,Attorney General,"Crown Atty, Peel",1998,d49dac1f5e9bfa3c0343bf12115ffc613ce682dc74a5a1eb27564e870ec944d9
Ontario Public Service,"$104,414.60",$298.56,Attorney General,Counsel,1998,3b87593569b34501b6463fcbcdd4e38d6fad2fa9022ca1ed26b681671e38b2bf
Ontario Public Service,"$120,357.80",$344.16,Attorney General,"Crown Atty, Cochrane S",1998,1d85121684b5feef243d8a145bb36ed9bcb8402786296c5b5adab2925168e7c5
Ontario Public Service,"$120,357.80",$344.16,Attorney General,"Crown Atty, Northmbld",1998,7a480c2607baa9e87e9b797063b903f1e0fff876d40927238efde16414f7bd45
Ontario Public Service,"$143,212.32",$409.56,Attorney General,Deputy Minister,1998,5fa60194e6ec2aa93f9c82164ae135c016dc4ef26109bf71e8f3c19083c60b7e
Ontario Public Service,"$129,716.86","$3,758.19",Attorney General,Judge PC (CVD) Toronto,1998,80d298753f3d6c3cefb4dc2047edf07d066be2e91cf00b5a545f66fae1549675
Ontario Public Service,"$129,716.86","$3,758.19",Attorney General,Judge PC (CVD) Ottawa,1998,d94b3a728e9fc68606f9193a30bc60a93a85490f093bbca4c2da1851637fa5d7
Ontario Public Service,"$129,716.86","$3,758.19",Attorney General,Provincial Judge,1998,32b152ca75f045793eaed709d6315ae71cb383d4b6ff30e83dbd02ac004ea521
Ontario Public Service,"$104,414.60",$298.56,Attorney General,Solicitor,1998,0530011f585e234d81ab60e80e202d2994d205d61a924dfb932598df705de938
Ontario Public Service,"$115,491.21",$330.22,Attorney General,Solicitor,1998,1768b3f54ea5b00d8ab28c7a1a0f512d195479c51d841fd0405339e1084a364a
Ontario Public Service,"$115,384.00",$330.00,Attorney General,Counsel,1998,1b09f00eea48606f9aee0afb3bfaa84e9c514cde6118a52bfa8d2d061017ec14
Ontario Public Service,"$104,414.60",$298.56,Attorney General,Legal Counsel,1998,8fb86f8778aa6c073331af431e304d8a508ffb994a98257bb3546a11bdfb45be
Ontario Public Service,"$115,383.70",$330.00,Attorney General,Counsel,1998,59d2ed38282aa8c0aa231b9ff4271800926d12c962223dc36b5ad8d430be3275
Ontario Public Service,"$104,414.60",$298.56,Attorney General,Asst Crown Attorney,1998,43501e4c76667e52eaffbd153959e8784752bd996aa535d0bd979bbc4d781cb8
Ontario Public Service,"$120,357.80",$344.16,Attorney General,"Crown Atty, Parry Sound",1998,8d654f8e6660ac0bbc473095343f6cf4cb78c9b2fa0f631c8b9a79201df01dbb
Ontario Public Service,"$104,414.60",$298.56,Attorney General,Asst Crown Attorney,1998,54be61b46fc521df048f37c5c4d8d0adbdcf8faf85ff3c126e1de8bebd35852e
Ontario Public Service,"$129,716.86",$0.00,Attorney General,Provincial Judge,1998,5e866560077d81d8ee0ef0272e9de307c9c9f46daf084da2ecaaabe151437013
Ontario Public Service,"$120,357.80",$344.16,Attorney General,"Crown Atty, Lambton",1998,fb06517dd22b4d3af0de4956dc83731508b7cfc2d94f97273215c80901e050ee
Ontario Public Service,"$104,414.60",$298.56,Attorney General,Asst Crown Attorney,1998,0f2cf3a69a0b2407030ef1c48cae55c15843c365ba533bde1ca7082c773f6b43
Ontario Public Service,"$115,383.48",$330.00,Attorney General,Counsel,1998,932027151734a0b9d3b7c8704c89e0b51397d09159fc6ded7ba706fabb37e779
Ontario Public Service,"$120,357.80",$344.16,Attorney General,"Director, Legal Services",1998,e1afe62eb64ab1daaf08faab828a7f42f2bf00d03d13d28fa4a9bc2b60670834
Ontario Public Service,"$129,716.86","$3,758.19",Attorney General,Provincial Judge,1998,fd552321cd69fe288babe7d46015fdcfef9f6e5e265e7615a2bdf785281553dd
Ontario Public Service,"$115,175.74",$329.28,Attorney General,Project Director,1998,a290fbfdd1944d211853a4974ef701277642293ee72c5e7e5660135196e228e3
Ontario Public Service,"$104,218.94",$296.88,Attorney General,Solicitor,1998,5149a3c219db88c6e45c8d10e779e0d6b3f01b1a4da29e8f5acde1eb413aab67
Ontario Public Service,"$129,716.86","$3,758.19",Attorney General,Provincial Judge,1998,7b04c9b210bafe9f2f572da0f3e9736f1c2ae11457529e30f06c26244311a97c
Ontario Public Service,"$129,716.86","$3,758.19",Attorney General,Provincial Judge,1998,5ba849e36ccb6bc86d90697126b33cd4eff4e25fe14b216133cd5b4dc7b0994c
Ontario Public Service,"$121,855.62",$348.46,Attorney General,Executive Director,1998,35435099270be6bf482eb4810d745852a1c2843cda66c952eeb0ba2a006eeabe
Ontario Public Service,"$129,716.86","$3,758.19",Attorney General,Provincial Judge,1998,4a994f8a0b86d055769d9ed2542fe906169edfeb1f1baf7448915ccf81d8c079
Ontario Public Service,"$129,716.86",$0.00,Attorney General,Provincial Judge,1998,bcf806b5eb19a0b34ae8c8458bf3db9b53f57aa0ef7322721408b9bd042b9cbb
Ontario Public Service,"$142,073.03",$0.00,Attorney General,Regional Senior Judge,1998,981f2a338e1df295906685b1bd0d1d74fc7665c43d976670bbf4bf2427238b99
Ontario Public Service,"$104,414.60",$298.56,Attorney General,Client Lawyer Team Leader,1998,804d91522b1acd1ec26381e1ec4cf367ac4f9bdeb13461793de2ac16029ffc9e
Ontario Public Service,"$120,357.80",$344.16,Attorney General,"Crown Atty, Algoma",1998,cefe7c13b28fccf4ede0b4f76828ef912ab39e1a38687df2f3b46e42e06a6d18
Ontario Public Service,"$120,357.80",$344.16,Attorney General,"Crown Atty, Lanark",1998,cd47a777f3f3d043e2f744795f4b142fc961bc5a7e48c3c35c2eec7ab0f4b143
Ontario Public Service,"$104,414.34",$298.56,Attorney General,Counsel,1998,341c742204c58257e1c92ba241b0c7967c9693742a9f81de30f9d2973ec98b29
Ontario Public Service,"$129,716.86","$3,758.19",Attorney General,Provincial Judge,1998,775685f65989c04b01484174945ab65968e96ab81dec8db0eb83640412028cac
Ontario Public Service,"$101,107.86",$288.00,Attorney General,Crown Counsel,1998,914d10374e7be46e6eee61cf5794f26f1226ac627b56243c6faa0efa6e8b64c8
Ontario Public Service,"$129,716.86","$3,758.19",Attorney General,Provincial Judge,1998,359319b8db6386d795ac49c79c5cc9ef3cae03d887bf7823508a15414ff397f8
Ontario Public Service,"$115,383.48",$330.00,Attorney General,Senior Solicitor,1998,2d516c5e61d19d95926bdf64a90251ec075b1aee14c8d8d9d15a75068ca50841
Ontario Public Service,"$129,716.86","$3,758.19",Attorney General,Provincial Judge,1998,07e26d6d53ab397330d3f86f392a4bf311b4c407abd6a08c01f1af9d1e68bb3d
Ontario Public Service,"$122,080.21",$347.76,Attorney General,Asst Crown Attorney,1998,823c963e5bfdfe041d6246c679b2330afbf04cdd668712c010366f0d8e0b92f5
Ontario Public Service,"$129,716.86","$3,758.19",Attorney General,Provincial Judge,1998,b2048bfd6ba550d62418316fbeef3d1be4b9304e6890298f020045aab8b97976
Ontario Public Service,"$129,716.91",$0.00,Attorney General,Provincial Judge,1998,14b51d8bafee7cf27d8df5283ebff59beae5158b550ac743d4817ba290abe4cc
Ontario Public Service,"$129,716.86",$0.00,Attorney General,Provincial Judge,1998,32d5e3c93163df015192158d3aadae37be3828f099d0abe0c48fd5861bf54e56
Ontario Public Service,"$129,716.86","$3,758.19",Attorney General,Provincial Judge,1998,2020f2ab301b8e8983eb4a892d4187c64bc117bd42ac4dfb1c86d3feb9b02dd6
Ontario Public Service,"$124,054.37",$292.50,Attorney General,Regional Director of Crown Attys,1998,0f6b9ebf10a0a1b3cadfb4d0912fdb75506f06ada58722878655dbc596624f3e
Ontario Public Service,"$115,373.27",$329.82,Attorney General,Deputy Director,1998,b901f7460ad8162904422981db79b440dac9d51a570bb67579be1e436f08021f
Ontario Public Service,"$120,357.80",$344.16,Attorney General,"Crown Atty, Dufferin",1998,d367525aac768532d709dc9822fadd7bdabfb48aa3002019c08a01266abf718a
Ontario Public Service,"$129,716.86","$3,758.19",Attorney General,Provincial Judge,1998,ed117539ee969574998bca4f4b302d96196c537d92ba7f96a53daad86d728fcc
Ontario Public Service,"$107,735.81",$306.54,Attorney General,Counsel,1998,4279361f9114e239e811b41f8c6a1f0e196d35697a32b06e683c4c264b04f616
Ontario Public Service,"$115,375.59",$330.00,Attorney General,Asst Crown Attorney,1998,cd3865ac012c618f345ef3349cba106227dbbaf664a58d344c7cae7937ede6ad
Ontario Public Service,"$104,414.60",$298.56,Attorney General,Counsel,1998,daed8aed17405a8e8f2a57a064673e3495152711caef53acb4ed4272179afd95
Ontario Public Service,"$129,716.86","$3,758.19",Attorney General,Provincial Judge,1998,238a3772f871c16a0b8dc490c4ab6488a1a3ec9c0e51914d98ca2812266cb8a4
Ontario Public Service,"$120,357.80",$344.16,Attorney General,"Director, Legal Services",1998,d40a03d5b2d4b296371dc10e756ae413deb7809e1503e49b0c9aa991b38c5f32
Ontario Public Service,"$129,732.14","$3,758.19",Attorney General,Provincial Judge,1998,bb55953d9b2a70b5910dde9359ec3fb113cc1dc07b6ddacde04fab42beca980f
Ontario Public Service,"$104,414.60",$298.56,Attorney General,Legislative Counsel (DES),1998,d56f81db83812cac7ce20006edf6b0ac4e6ab8ea357ce72106a2346d1f3cdcd0
Ontario Public Service,"$104,414.60",$298.56,Attorney General,Asst Crown Attorney,1998,03fad9f46d197a73314fdaa17ff80aac8e3da58f762530b6f7b5be2eb9a56dea
Ontario Public Service,"$129,716.86","$3,758.19",Attorney General,Provincial Judge,1998,92d7f15ee28a8fe49bb7fe84582d15535b7092257be11c45f696b08baec4c086
Ontario Public Service,"$129,716.86",$0.00,Attorney General,Provincial Judge,1998,437885f1d5e426cc4e50b0b36c1ca0b4c2e1bd1abc1f05d459037d9336b8a2f7
Ontario Public Service,"$117,683.38","$3,758.19",Attorney General,Provincial Judge,1998,5fbfe14bb5a62ffc4d0d1a16cbda0bd8ee2c65de0b2d9f8574110fc0ec3106d0
Ontario Public Service,"$104,414.60",$298.56,Attorney General,Asst Crown Attorney,1998,c0bc70cc9ad8e189c3dc3655defc1e80fcbe5cb6e67ba86793f9e9a55c90b001
Ontario Public Service,"$129,716.86","$3,758.19",Attorney General,Provincial Judge,1998,5280458c688fb4d96a0e6e316ac0ba851d31364f9b14006ae620ec3193f942ed
Ontario Public Service,"$129,716.86","$3,758.19",Attorney General,Provincial Judge,1998,1ea6a4f2f561b47365a62aea110fb3426c76b8c7b6ceef02acfb0bb88bb40d61
Ontario Public Service,"$104,414.60",$298.56,Attorney General,Counsel,1998,e2765516b592a1464fe2eff47b6328a516e13e27a35c4689a87b3a058f8b7fdf
Ontario Public Service,"$129,716.86","$3,758.19",Attorney General,Provincial Judge,1998,b4dbad35ee574aa396613158739c9dd2e822b07fc004b619329f60ecaa35345a
Ontario Public Service,"$142,073.03","$4,116.19",Attorney General,Regional Senior Judge,1998,10c4ecd2c201b2c344f5ae856139bbd82ac6a7737ad5afacd9b9c048b72c77de
Ontario Public Service,"$137,016.77",$351.36,Cabinet Office,"Vice President, Projects",1998,2f3abdc47cf06d1d479572c652102ec7347c7e397c7a33b522ead82924b6c52f
Ontario Public Service,"$100,566.32",$274.04,Cabinet Office,Exe. Co-Ord. Mun. & Justice Pol.,1998,857cf7f96365837129d773ce7f613aa481ceb7c6092fdb56f39ef03a5a4d4ed2
Ontario Public Service,"$103,836.93",$280.76,Cabinet Office,ADM-Strategic Communication,1998,bad3b846ff6940404e350d80ef9362d753ba41c270bbb98aa03910ad0b987967
Ontario Public Service,"$195,603.14","$6,387.67",Cabinet Office,Secretary of Cabinet,1998,a17c163f85b7fcd2b12c190c218e06ceb867446fb373cccef3760b4cc4799279
Ontario Public Service,"$150,769.38","$7,030.60",Cabinet Office,Deputy Minister,1998,1b6d97a42d55942ad9bc5c9ebcd46d69f38e67946eb72127f034a6409ae10876
Ontario Public Service,"$106,015.20",$278.20,Cabinet Office,Exe. Co-Ord. Social Policy,1998,01a04ef55586c99d14aca9d3aa7702497e1dfc44d3bc2fa417b8c22a4eb4d1cb
Ontario Public Service,"$112,927.52",$298.63,Cabinet Office,ADM-Strategic Communication,1998,343e30ca349099996b25bb2c2a81aa4f934a349fb6d3dac411f95e35748a3265
Ontario Public Service,"$105,028.68",$278.20,Cabinet Office,Exe. Co-Ord. Resource/Ec. Pol.,1998,1df549e83212ad86685f9d4ea132ea4c05798d00fa8a0dbce329c31ca2b55b26
Ontario Public Service,"$179,072.98",$870.41,Cabinet Office,Deputy Minister,1998,ff7d754a0f83e335c0a8a360119c826ece6ff9b1e7d99380359d1d75e3ce5397
Ontario Public Service,"$105,323.65",$280.60,Cabinet Office,Dir.-Red Tape Review Comm.,1998,a6ff498dc3ced903f495624671c871e119987f9f55f7f4dad9817617f4481d51
Ontario Public Service,"$102,184.22",$287.40,"Citizenship, Culture and Recreation","Director, Millennium Operations",1998,ae245627b58fddb758050026a38e8bb4379fe60e4b1d84cbd2bd5d20e83630f4
Ontario Public Service,"$171,082.98","$9,674.74","Citizenship, Culture and Recreation",Deputy Minister,1998,525f7c9923a078d5f6927b540fc66f866cb899b6fe4c1bac4ec3a2f3c68994f9
Ontario Public Service,"$125,257.45",$343.98,"Citizenship, Culture and Recreation","Executive Director, Ontario Human Rights",1998,664fec65214a332bd9a34752be039e4337e1b6789879c4d8af7801f0a3693b6f
Ontario Public Service,"$102,530.93",$312.49,"Citizenship, Culture and Recreation","Director, Regional Services Branch",1998,defb7eab0507d5276002c5d65d2a2bd5a35318db18302b866fa27c16d0cd3e25
Ontario Public Service,"$129,931.90",$351.36,"Citizenship, Culture and Recreation","ADM, Citizenship Division",1998,c5139cbb49473750561d4026bc973cbd896c6910a0d4f74ef051c421b81707df
Ontario Public Service,"$114,360.44",$318.81,"Citizenship, Culture and Recreation","ADM, Regional & Corporate Services Div.",1998,b5dd987985111a9858f7570aabd655cb9427b542a8ed7bfdcbbe877d64c78fd2
Ontario Public Service,"$122,705.60",$351.00,"Citizenship, Culture and Recreation","Director, Legal Serv. Ont. Human Rights",1998,01b1c997575b7c1bc2aa3f4e0662b37f2edc765e08c68e47c8e6fbc75905c0d0
Ontario Public Service,"$102,023.78",$281.16,"Citizenship, Culture and Recreation","Director, Arts & Cultural Industries",1998,6bc4a409068ca6a91c1f23f4dfdfbbfe7a73ef72b33f3fe933b171fac0dbfab4
Ontario Public Service,"$131,309.61",$350.10,"Citizenship, Culture and Recreation","ADM, Culture, Sport & Recreation Div.",1998,d3499560fe3885e56179129d264007aefd25b8e35384025ef9452cdf0c85f1f8
Ontario Public Service,"$100,790.27",$279.18,"Citizenship, Culture and Recreation","Dir., Equal Opp. & Disability Access Br.",1998,e434e82777459f8fcca846128d18eeef4d3caf8bacc0425dc90852f7a6fac381
Ontario Public Service,"$122,585.77",$326.16,"Citizenship, Culture and Recreation","Exec. Dir., Ontario Heritage Foundation",1998,0a3b097cc5cedfd62335c4d63fe79ad3b1183a21196686a26545e597ea95478e
Ontario Public Service,"$103,010.43",$273.91,"Citizenship, Culture and Recreation","Director, Heritage Programs",1998,74bb23a9e354ffee29c3cd2fce3342f08693629074c6f35609038538ca45e17c
Ontario Public Service,"$102,851.24",$272.25,"Citizenship, Culture and Recreation","Director, Information Technology Branch",1998,4e6b62c8e6690463a385873ade80dfd304bc503f31a00f7b1b5d7ff214eaf581
Ontario Public Service,"$125,257.38",$343.98,"Citizenship, Culture and Recreation",Archivist of Ontario,1998,87382311093740985aa6b0ced815ee22d70eb1c84ce4020327752ba169f19b10
Ontario Public Service,"$101,608.49",$273.15,Community and Social Services,"Director, Children's Serv.",1998,295f49191e3077069d99a9f06618b3b09b69e57ecdd1d3a15293f5a7d41b1b9d
Ontario Public Service,"$159,736.27",$448.52,Community and Social Services,Contract Psychiatrist,1998,8686b7c1ff0be06371474191424e7e7b2c784b2c2f7daa9bce3dc7ed99f55e89
Ontario Public Service,"$136,604.68",$350.64,Community and Social Services,ADM Children's Sec.,1998,a2cce8e2aa6f7479c405df3dc793c1b859417985571965ec05d7272e34b896a5
Ontario Public Service,"$100,566.49",$273.15,Community and Social Services,Administrator Southwestern Regional Ctre,1998,d2f5c34ff4726d90f705dc734ea8216a3946ecf7d55df32350ac4a162dd7c3ee
Ontario Public Service,"$103,588.64",$277.83,Community and Social Services,Administrator HRC/AOC,1998,88c7263af0f38a1f8752c83ba78ea176e2c9aabbe94423cee75510256556a837
Ontario Public Service,"$108,187.18",$281.16,Community and Social Services,Team Leader,1998,715ff3531ba6d0ec727ca815a97244bd7e1741e1c1b32dcfd0c0e48f2f6350bf
Ontario Public Service,"$137,017.04",$351.36,Community and Social Services,ADM Program Management,1998,ab746d34f4aa93ecbdf42f302cc3e470c621fd1c2f8d48948c42e4a14bbf668d
Ontario Public Service,"$105,233.28",$273.15,Community and Social Services,Area Manager Windsor,1998,b4cdcdebc5b90cdeb3f2008793d17efb5a5cdbd6389819d7be6ce6fb3b8b6faf
Ontario Public Service,"$114,343.22",$327.00,Community and Social Services,Team Leader,1998,cd9de4ac10203b8e5c4505e854682e7685b93240bdfcddbd181db1fcdeca76ce
Ontario Public Service,"$111,181.10",$303.33,Community and Social Services,ADM Business Planning & Corp. Serv.,1998,dadc3cc3179d4191b663568ee99d06e8d5dc01fb6edd25a07cb066c78b08ec78
Ontario Public Service,"$100,566.49",$273.15,Community and Social Services,"Director, Management Support",1998,5002eebd9c2ad1f51b90a6d6c992cc6ce8c7f42f3febbe38b1ea876f9dc47c61
Ontario Public Service,"$154,547.94","$8,614.07",Community and Social Services,Deputy Minister,1998,d08786f10718bdb5560d44cf5c808d37a7c4d2e66b3d4cc19f2de9c33021e5f1
Ontario Public Service,"$105,722.18",$281.16,Community and Social Services,"Administrator, Prince Edward Heights",1998,83dbe3f4ff3f8110c5f6b67e4aad1f34a2b6687cf387795fe72a1a69190e121e
Ontario Public Service,"$103,588.64",$277.83,Community and Social Services,"Area Manager, Northern Area Office",1998,e808cf0c3a8fac9bf811f4e4e56be064c38c0f73e543f4c7242e76cfb53d1e9f
Ontario Public Service,"$103,588.64",$277.83,Community and Social Services,"Area Manager, Ottawa Area Office",1998,a6c04659ebaed104932901202e59582d6b02877597dc93b2c9f563abdea5afc9
Ontario Public Service,"$105,192.78",$299.51,Community and Social Services,Sr. Counsel,1998,e644aacd4d53e4d5aa6b0ba4b96d936018254a1526ec59f936b530058ecf2753
Ontario Public Service,"$102,937.49",$273.15,Community and Social Services,"Area Manager, North Bay",1998,e814c30605155bf6e6324507e136782ac9912975f90b791ea383d5870a50c798
Ontario Public Service,"$106,015.64",$277.83,Community and Social Services,"Director, Developmental Services",1998,89eaff816fe714d8c05f64eb576bff15c5f270f6ae4ef6785b10f6e7f1e792f0
Ontario Public Service,"$100,566.49",$273.15,Community and Social Services,"Area Manager, Kingston Area Office",1998,4eea24aef2c3e09c8b4c7386eebd3422bcc282b63ff204be58ad8a73e5dd76c1
Ontario Public Service,"$140,907.76",$350.64,Community and Social Services,ADM Children Family & Comm. Srvcs Div.,1998,27427529d0eda1736850b9a9bc438580819f3070916b0a4627a74a23cb5a56a3
Ontario Public Service,"$106,015.64",$277.83,Community and Social Services,"Dir., Corp. Pol. & Intergov. Aff.",1998,c809f224690bcb63b7038c470fb9029b465b3e0554c8128fba1c1c52e7c6197b
Ontario Public Service,"$101,495.65",$274.50,Community and Social Services,Team Leader,1998,62abc5c5857ceebd8db61f1305729308d04161c063f644c34e9085a998a2820d
Ontario Public Service,"$113,510.34",$314.28,Community and Social Services,"Chair, Social Assistance Review Board",1998,d25ab9521d70ae6eea94b34fa682101bf08f43eb3cdfd6826bd37aab026108d3
Ontario Public Service,"$103,016.29",$276.93,Community and Social Services,"Administrator, Child & Parent Res. Inst.",1998,fdda7e8771b3865522940a087f6011d8eb5f78c89859071c82f96c0c37370470
Ontario Public Service,"$102,937.49",$273.15,Community and Social Services,"Area Manager, London Area Office",1998,44e51a93540bd5e48ec75eff6cdc05d777c13ea6e3c1fd55b69783de75124f3e
Ontario Public Service,"$100,566.49",$273.15,Community and Social Services,"Administrator, Midwestern Regional Ctr.",1998,48e79f530a07431e1ab0976b66d461c68b5b12ff7551580d42c092dfe49176e2
Ontario Public Service,"$159,290.37",$444.84,Community and Social Services,Contract Psychiatrist,1998,c4f889b88ae28849fb2f2d28d7c788989d76777e8d23da61dfb3aa9c148b890a
Ontario Public Service,"$101,495.69",$273.15,Community and Social Services,"Area Manager, Mississauga Area Office",1998,419a98708c5c442925898d508d90ebbefcd27622ac343b3a10f927ec90768bc7
Ontario Public Service,"$106,014.64",$277.83,Community and Social Services,"Director, Ont. Disability Support Prog.",1998,1ccf5dac9978ce5f7a8c3d97796171bac05ad15fd7bdff97d1aa9800b7b77fca
Ontario Public Service,"$118,814.10",$323.31,Community and Social Services,ADM Local Services Realignment,1998,6a4abea48de58116e6522c89f8994e7d57590b426f3a4ad3babded08dc2eebd8
Ontario Public Service,"$109,921.40",$314.28,Consumer and Commercial Relations,ADM Business Division,1998,bf2135a1817f40af255f5750d0e6a92ec8cfd0aad66f1d7f5a5249d8173a9638
Ontario Public Service,"$137,016.76",$351.36,Consumer and Commercial Relations,"ADM, OPS Restructuring Secretariat",1998,e32f33a3258a0f41ac081126363a0d027053f9859618599e7b07574f5c4dafe3
Ontario Public Service,"$129,272.65",$344.80,Consumer and Commercial Relations,Project Executive Ont. Bus. Connects.,1998,b3b8da9509652fa7defca8196fa6dbea512279c38eb976849dbf6c1eab888d6b
Ontario Public Service,"$125,765.40",$344.80,Consumer and Commercial Relations,ADM Registration Division,1998,ef6d4f1793552456980c9b5500f8a7c9efb01b4225a336e7504c196a0a7911e1
Ontario Public Service,"$114,367.56",$320.32,Consumer and Commercial Relations,ADM Information Technology Div.,1998,1184e41b4fa14ba425ada487a6e981c54a50e63326164dc8d6aacf4ee6ee114d
Ontario Public Service,"$171,082.98","$6,636.89",Consumer and Commercial Relations,Deputy Minister,1998,ca8c6762ec4c09a0834821c7e20704fa369aac0e9212d7300a8da73e3b854760
Ontario Public Service,"$132,088.16",$351.36,Consumer and Commercial Relations,ADM Corporate Services Div.,1998,0d767e9d61dcba1267f3df0e2e1bb1bf0f4e25be46bd6c3f7d6b94a292df75d7
Ontario Public Service,"$184,137.34","$6,566.14","Economic Dev., Trade & Tourism",Deputy Minister,1998,07f01036d08512cd5f50e8b50c377b8951525e141ef25f50ca3a399ccaef4a1c
Ontario Public Service,"$109,156.33",$177.92,"Economic Dev., Trade & Tourism","Director, Special Projects",1998,10d156af791373771b2dc79bf140bddc756ea68c0d2345e3c7f3bcc68be45a3e
Ontario Public Service,"$112,377.25",$303.24,"Economic Dev., Trade & Tourism",ADM-Corp. Res. Acting,1998,c0b1cc5de60eac2671731f7fc9063e67fa03e7facae34c784e046d8b9c8cf4ad
Ontario Public Service,"$110,252.67",$310.18,"Economic Dev., Trade & Tourism",VP Jobs & Inv. Strategies,1998,11ce395347c6db48aa717db8b5b20d5c70ef2f55e795c41d8088842a7ec17fad
Ontario Public Service,"$123,002.96",$338.72,"Economic Dev., Trade & Tourism",ADM-Tourism,1998,701a6f054589b9b12f0114ac3c6cf878d57929f111c6f2e55e382c903bb5c1fd
Ontario Public Service,"$123,572.05",$342.40,"Economic Dev., Trade & Tourism",ADM-Investment,1998,ad9740a32c9ea88286cc2e78ad61c2b548a5140b665d8b3d795a51c2b2a798fa
Ontario Public Service,"$129,931.90",$351.36,"Economic Dev., Trade & Tourism",ADM-Empl. & Bus. Dev.,1998,341b9ef2f1562c65fff1f9ea7b3d2a8397a79212066c6655f03eeb51f1a1ea78
Ontario Public Service,"$125,646.03",$342.40,"Economic Dev., Trade & Tourism",Director of Operations,1998,053f6adb78d4e674163ac4c5e2373724f860a6ffdd72e2d3776c2d7f89d56bcf
Ontario Public Service,"$131,746.01",$338.72,Education and Training,ADM-Training Division,1998,7f92767eb9eb47592f307772bc3e9fb0d7a39d0f762dbbb33db1e49bc78e2b95
Ontario Public Service,"$100,792.77",$223.82,Education and Training,"Director, Adult Educ. Project",1998,425ea5b525c4e3a9b71b8e0baf1f1c7db2661b6697d0c1dabdfb14fafc63bd99
Ontario Public Service,"$103,796.47",$281.52,Education and Training,ADM-French Language Educ.,1998,a1c072f543c712e129fa2a6661fc5ef6919f9dfbecb49285cbef8ade99706bcb
Ontario Public Service,"$108,186.63",$281.16,Education and Training,"Dir., Educ. Quality & Acct. Office",1998,5d9cb78a8e42e62469f4bc909cd79a2cdd2f95794fce56006cfbcb0300e4dd79
Ontario Public Service,"$148,130.72",$383.04,Education and Training,ADM,1998,4b16e75f2b13264813b508ba674161febaa85fa4ac210bba5eb4d57e98c5214a
Ontario Public Service,"$101,275.34",$270.12,Education and Training,"Director, Colleges Branch",1998,2b89aace73fe7654fb2ebb9609bcd952013fae1059d512ef8e38439ac8ff7587
Ontario Public Service,"$122,826.99",$274.28,Education and Training,"Director, Employee Relations",1998,7ec0454e5e38ca1e528a433c40411aec167ad99e8d22fe1c8d8b07da9d7e7557
Ontario Public Service,"$136,780.62",$351.36,Education and Training,ADM-Elem./Sec. Policy Div.,1998,0a32c4210c6f9b9b0636e3ad0172c31aef165a45242bb8a7e3409905ede724cf
Ontario Public Service,"$105,864.92",$286.52,Education and Training,"Dir., Workplace Preparation Br.",1998,bf071df94fec6361677aa62117708a0d3611d880bf28b8f4a86ef4f09b53bd02
Ontario Public Service,"$101,399.23",$271.88,Education and Training,"Director, Policy Branch",1998,f47352fd84ba2d1244e17367d3598d61d5c26cf3659ef7c0caeb4825315902a7
Ontario Public Service,"$141,066.26",$351.04,Education and Training,ADM-Corp. Mngt. & Services,1998,51b7d5fc19118e539d26d44e40f688ce8f3e02e3f58b12dfc9b6fb13308a0676
Ontario Public Service,"$127,665.60",$338.72,Education and Training,ADM-Postsecondary Educ.,1998,43a4f0306de793db7bc6be983e4d2c1d985c5fd1c055dd7595651e0fcf5d9142
Ontario Public Service,"$103,136.69",$91.40,Education and Training,"Director, Educ. Finance Br.",1998,9e722dd176c8e0ad85c2dad3b6873f747e6254cc3d503a82a71467ef8fcdaf82
Ontario Public Service,"$102,024.44",$281.16,"Energy, Science and Technology","Director, Regulatory Affairs, OEB",1998,90d8d0cbad7f6fe37bcc5971214ae0d62312693107deec46cb4def80d436e466
Ontario Public Service,"$132,088.04",$351.36,"Energy, Science and Technology","ADM, Energy",1998,f1bbb8600d6bca282196b789f4dc3a7eaa3150c932c62b57c93fc6f047806d73
Ontario Public Service,"$117,199.24",$331.86,"Energy, Science and Technology","ADM, Business Planning and Corp Services",1998,2d076b928023923ddbe18f934b33c65be3fa1f461c2325d6a502859914a59cfa
Ontario Public Service,"$171,082.98","$6,553.52","Energy, Science and Technology",Deputy Minister,1998,3f77fa7b93d55fd8f6ccf81c0df73be4582f346e7315e65297bdf9a4935242e6
Ontario Public Service,"$115,624.88",$314.28,Environment,"ADM, LEPD",1998,8257aad8888cf22252a920b59ca61dc869ceab91fc35913d1faf025ee41bab3f
Ontario Public Service,"$101,491.32",$280.44,Environment,"Director, Communications",1998,c3b2badc6431a25a244a22485efdf6fbc7107e0c9d9cbe8e63d7bf72eeccc319
Ontario Public Service,"$120,357.78",$344.16,Environment,"Chair, Environmental Assessment Board",1998,16224073af488bd0871fc4b13ec62224ef88b614fc705bb5ca3417a3900a7f0f
Ontario Public Service,"$150,714.41","$7,432.87",Environment,Deputy Minister,1998,a2d31645ba54e737dfe2abea90084c5e4f642f513fdb6d57d3204b4942f5db69
Ontario Public Service,"$108,328.41",$352.20,Environment,"Spec. Counsel, Environmental Assess. Brd",1998,ea399449a045bf5cea5b464732e23e1eb82d12747ed2aeda1957a7b5c05bc602
Ontario Public Service,"$115,721.03",$322.16,Environment,"ADM, Corp. Mgt",1998,56d57ee5ecbbd571757fb296cdebadb7454d5440d28c5b103d47131b9e26251c
Ontario Public Service,"$114,367.93",$320.32,Environment,"ADM, Operations",1998,c282386c0ed55cd66a7db4508b0f17dfd9a2ec90c156a388408dacddc26140cb
Ontario Public Service,"$102,024.44",$281.16,Environment,"Director, Environmental Services",1998,766d07327f547534a92dd3f63a7a79e06455980fff3f914d25e0b8659268c9ab
Ontario Public Service,"$101,133.71",$274.04,Environment,"Director, Policy and Research",1998,1e34420422aab70c37c93871d8e0bcc3f2d77dce18057472c376e3c49c26471d
Ontario Public Service,"$143,776.70",$253.92,Environment,"ADM, ESSD",1998,be472a68eb1c9287f11c22eb3b470eeffbb88c0cf866b5257efa919b18d2aa23
Ontario Public Service,"$116,199.40",$322.80,Finance,ADM-Fiscal & Financial Policy Div.,1998,08100f768e313118bdc1bd98fd5392d9381c6586257aec538a63434b066a36be
Ontario Public Service,"$101,924.15",$299.35,Finance,"Vice President, Corporate Dev.",1998,974e162f47066b95a88784c354b591e1d2aa3b63ae9150c5020c57fde9fa8519
Ontario Public Service,"$105,642.00",$314.28,Finance,ADM-Financial Serv. Policy Div. & IFIS,1998,a1fe5cd3e51777004d40ba84336a8a7b36c0df0acb978664cc1d8b8d8eb4a8b8
Ontario Public Service,"$101,473.40",$275.24,Finance,Dir.-Guaranteed Inc. & Tax Cr. Br.,1998,afdbf7a41f9c92b3f5ab53d684ccacc01cdc49d8c813c609280b85c75d6f4868
Ontario Public Service,"$105,784.68",$277.96,Finance,Dir.-Employer Health Tax Branch,1998,f90170caf177c7bd0a1a37837269a2c74286c5454fb05f53e3f3dffb90c17401
Ontario Public Service,"$117,532.74",$324.60,Finance,ADM-Priority Projects,1998,2f53b7cc40605b6324bff0e09a57edcc2d8c10dca7aff9b37f0c3ba9c97547a7
Ontario Public Service,"$101,473.40",$275.24,Finance,Dir.-Macroeconomics Analysis & Pol. Br.,1998,0b209ad519b6b41d620ac481551a40eb090e73dcaa486b218d205676111a453a
Ontario Public Service,"$141,329.29",$351.36,Finance,ADM-Office Economic Policy,1998,6ab8b5f193d1780b8f3773fbf0dbfe60081bcc2d06f6fc1b40ebee54ff336713
Ontario Public Service,"$114,367.93",$320.32,Finance,ADM-Fiscal & Financial Policy,1998,dcf5d8ca8386ef01b41b5fdeb535b72c909dad2631b7d0807fe1d37d330aa32e
Ontario Public Service,"$111,818.76",$281.16,Finance,Dir.-Human Resources Branch,1998,3b48b8a5c5428a67ddf509cf99daae32a159b3556eac16cb7c30721d24c999d1
Ontario Public Service,"$105,253.31",$280.52,Finance,Dir.-Collections Branch,1998,8402ac05e19662943d410469b2c61644805458ba6d1327b412a8492af224051f
Ontario Public Service,"$160,752.63","$4,489.88",Finance,Deputy Minister,1998,6cb292c2644bdf4408f65319ae73036d9745860d473305092fdc63d9b3e33ab1
Ontario Public Service,"$134,403.82",$347.84,Finance,ADM-Tax Revenue,1998,99b02978ec72d5513fc5dbc1d3959276d71e580cae0afbfb8bbffe491e119296
Ontario Public Service,"$101,390.20",$275.24,Finance,Dir.-Information & Information Tech.,1998,bcd6eb6a13532ce4934d8697f1156e81c2a9625574f99d8028b4f5c484e50529
Ontario Public Service,"$117,325.71",$220.86,Finance,Dir.-Data Services & Development Br.,1998,031efb8fc50924a33e6b932f739bff49ba0939b126277f43953306c98d2527be
Ontario Public Service,"$100,861.48",$271.16,Finance,Dir.-Intergov. Fin. Policy,1998,9ddf7ce22cffc8a363e3c3f61f33027f9ee53cacd0845c041b1bae2fb34b7a31
Ontario Public Service,"$108,187.44",$281.16,Finance,Dir.-Labour & Economics,1998,0d0a2c2fad409e41ff90557c7a21da3c5b538dfd424ce0f86ff7e2d7798c3757
Ontario Public Service,"$120,506.68",$363.92,Finance,"Vice President, Corporate Dev., OOP",1998,f1b5fd82b5137a063554f1c8fe2eacdd2b2ba00db76cfe7b3451fab2fd78ec90
Ontario Public Service,"$134,534.30",$342.40,Finance,ADM-Property Assessment Division,1998,74673ccaf21f6345fa9f210e7d0fb1f4c75128318ddbd43dfc2b3ae238eb43f4
Ontario Public Service,"$109,921.40",$314.28,Finance,CAO & ADM-Corporate Services Div.,1998,d447ee4fbf5481d7b302fa9267ef41ca0801ba89764912df416aa1596a0640cb
Ontario Public Service,"$103,588.88",$278.20,Finance,Dir.-Structural Economics,1998,040d6473a41d7ecb75b6977fc9e64a233bae887b9f4000c04e2426636d077e00
Ontario Public Service,"$103,861.12",$275.24,Finance,Controller,1998,70ffefdbe1ddc9e25a4874ca9ae38a5f3c2284a37144ec5133f8b69eb455dae0
Ontario Public Service,"$116,444.62",$323.12,Finance,ADM-Office of the Budget & Taxation,1998,6ef0b4e012ac5f67c5862c100b5b68f9f08fb3239955ed614518f36bdf57bbcd
Ontario Public Service,"$192,199.07",$349.85,Finance,"Chief Executive Officer, OOP",1998,06caf78c8f234a5f9e00782d37c1b9375afb9c77a7a7acbb0b7f5654f0733da7
Ontario Public Service,"$105,980.73",$212.92,Finance,Mgr.-Property & Land Tax Unit,1998,a102f95dfe735d997c62288698ba97ff0a4a0b387fc59cb9ef75f3a74e4e73c1
Ontario Public Service,"$102,937.49",$274.04,Finance,Dir.-Corporate Planning & Finance Branch,1998,56925c002222d194cd37574fa3e11550bed2277e50f2a2545f2e51e089d40ef3
Ontario Public Service,"$120,962.59",$338.72,Francophone Affairs,Exec. Dir.-O.F.A.,1998,42045b9413df7bfa80a9c1b32bf7d974b474dbe52c6d02fd9156c1131b11b21c
Ontario Public Service,"$159,736.58",$0.00,Health,Psychiatrist,1998,c078ceea6f3512264c101d32c115baa858cb5d8daa5ea98d75bb230210387664
Ontario Public Service,"$159,736.06",$0.00,Health,Clinical Director,1998,a006c137c076f9eade4d776881e83c39b058776b94ceea6acac7aa132766de2a
Ontario Public Service,"$134,930.89",$0.00,Health,Psychiatrist,1998,abab997be894d795cf736e33967b61184aab03130f76786b8e8f225a7a80810e
Ontario Public Service,"$159,736.06",$0.00,Health,Psychiatrist,1998,d64f90a6293170877dffdcf72cfda15849f82d68921923daabf7d475e546de18
Ontario Public Service,"$138,151.00",$390.82,Health,Psychiatrist,1998,a4f20b8e457cca2ea9b62b07cacad9743587347d92678667db82537a3a1757c5
Ontario Public Service,"$159,553.71",$0.00,Health,Psychiatrist,1998,c0511beadf9d8f7521fed07f60b2625622942ef7118f7467140d8108d5e265f3
Ontario Public Service,"$107,278.69",$278.48,Health,"Director, Policy",1998,b1e888af23019eb8988288411fe3252ecfc2a1619d73268129d214fc09d3370c
Ontario Public Service,"$181,083.65",$0.00,Health,Psychiatrist,1998,5d1d024aef53369e25d6918748a00feb118029edbd1d616bd5ca92afa8c951f5
Ontario Public Service,"$159,731.34",$0.00,Health,Psychiatrist,1998,e63c810560a9f59ed1feae8c89e1b85429547c03c11be824add1fe87bbe19689
Ontario Public Service,"$137,016.76",$351.36,Health,ADM-Corporate Services,1998,c7b3ca8d8568883de79aee7796d499a3b3c1b77f7ca03010c651ad9723f0fc36
Ontario Public Service,"$139,334.38",$390.82,Health,"Director, After Hours Care",1998,51bbd0dd8d3fec9693bd37be52118a362aa78f03b47c8ff170fbe98369c5d719
Ontario Public Service,"$173,893.68",$0.00,Health,Psychiatrist,1998,a2391f791037fcfed6a742b5eee8edeb67b8696da6543060a23f738968546b8e
Ontario Public Service,"$126,277.30",$335.12,Health,"Director, Emergency Health",1998,960a4619248f78fb6e96fdfaf8344f23b7c04a53bfcc2123ae2cb1783313af80
Ontario Public Service,"$169,927.23",$0.00,Health,Psychiatrist,1998,666e27f3d68d430cf2a269e658d8f5b3db22947828f5fb18e57494dc57ad04cb
Ontario Public Service,"$101,326.99",$270.44,Health,"Director, Professional Relations",1998,070ad394919a1b80dfa6466cef6d63d567fcebb3b9402d0b38da8940443ef8b7
Ontario Public Service,"$158,874.35",$0.00,Health,Psychiatrist,1998,fa529471df922ea740354e69ca287eabf3d46b77d2fc84c1fafd189d5a8948f6
Ontario Public Service,"$159,736.32",$0.00,Health,"Director, Rehab Unit",1998,990c829554ee5def051ac0fed30ff9533675de40bd46c2c86030e3040b951b3c
Ontario Public Service,"$173,893.68",$0.00,Health,Psychiatrist,1998,28820bbd1ceadbc85cf583ef9ab970a7f286b1d5d7efe4d7e1b742e746f357fe
Ontario Public Service,"$115,158.58",$0.00,Health,"Chair, Ontario Review Board",1998,371310c1d7753774492c9e28513e0582518d2923b585987d4a22774ac047d34d
Ontario Public Service,"$159,736.06",$0.00,Health,Psychiatrist,1998,025b169a333608717e2700b543d746d85941f4af34186dcc520f70a10fee17a4
Ontario Public Service,"$159,736.06",$0.00,Health,Psychiatrist,1998,95185008aa3ba6f7f07b088a92078f1300c595288175d7c3480cbd3bd128172c
Ontario Public Service,"$159,736.58",$0.00,Health,Psychiatrist,1998,f977c63f6797d598cf7fb3e6c54a2d4798485f14406e3012d65903e29341c7b5
Ontario Public Service,"$155,622.54",$0.00,Health,Psychiatrist,1998,9c2308cce0022f37a8f9e82184d3e1077ceee412232df39ca318f530ec0f9cea
Ontario Public Service,"$100,618.82",$0.00,Health,Dentist,1998,b2ce5b1bb132ef17a78215eff83ad9c2202eb9dad79e76708694e8397702c898
Ontario Public Service,"$159,736.58",$0.00,Health,Psychiatrist,1998,f2e416c9fb1793fe0ab711981f3d43acd2e6aecdf002941bd56778901547ad77
Ontario Public Service,"$160,564.81",$0.00,Health,Psychiatrist,1998,67c16c102db6634dde88976e46517ff329c1b74ce2d5eb13fb96e14e100c6aa1
Ontario Public Service,"$121,856.51",$326.64,Health,Executive Director,1998,3e4318520c23113c5cff10be1093f16c4effe597303a1e0c2e56ecd043888617
Ontario Public Service,"$179,966.00",$0.00,Health,Psychiatrist,1998,9844b6877654c90ef76b7c41ab7c5984a0ce40a8f9f4dc9e59ca8fca438fd2da
Ontario Public Service,"$105,284.64",$0.00,Health,Psychiatrist,1998,2581e706d99a4408c9fc243583563fcead113f089ea939896f099c08688c46c1
Ontario Public Service,"$103,588.89",$278.20,Health,"Director, Communications",1998,41bcb7c565cc907c70c4f21465f4d16b2ff5421e923bdd8c2fd5eb4c255b00c0
Ontario Public Service,"$128,478.38",$291.24,Health,"Director, Lab Services",1998,cbd44d73afe81a682f0818d536d324b712ced83cff5e4bc7b099b908073a5cf8
Ontario Public Service,"$130,134.21",$0.00,Health,Psychiatrist,1998,6c32cb0668db28ecefc12b6b94c0f5ea1e83168bb22444f6c494128b5954ee00
Ontario Public Service,"$102,206.35",$278.36,Health,ADM-Organizational Development,1998,5370441aadbff03072d98178ae52f543bf2ffa8d1e1e9e1d1b61a1243b7b3720
Ontario Public Service,"$159,736.32",$0.00,Health,Psychiatrist,1998,eac02974959c5646143712b32508c3388289d9915bda888205ae2952dcd55c3f
Ontario Public Service,"$121,919.10",$348.60,Health,Reg'l Medical Consultant,1998,4fba2d769f6449f9256108958ca83e9f8fea14b3506d3b9688ddbb25da8567d5
Ontario Public Service,"$114,612.51",$300.52,Health,Medical Consultant,1998,1f796d4f1d8db2cce8780affbb1a59583d83a8ee348afc5d5723f42e9ccc34cc
Ontario Public Service,"$139,076.24",$387.60,Health,"Medical Microbiologist, Virolo",1998,28febc71b4924964c7d1074cbcb9e6caf520041d0b5ff43972d1ffd00363cf22
Ontario Public Service,"$127,711.38",$365.16,Health,Medical Consultant Coordinator,1998,5c78bb3afa17f197333482208b86d969cc729e02392af265eeea62e4620487e7
Ontario Public Service,"$159,686.39",$0.00,Health,Psychiatrist,1998,dd4ff72b569f518e5c27f021f1f342910de67957d6bc9c6f19691fe9e62f1d43
Ontario Public Service,"$186,712.76",$0.00,Health,Psychiatrist,1998,7de03ec84433521c1a0fe426b2c7687d72f52a242e6d5dd70e5dc1d372007f74
Ontario Public Service,"$139,334.90",$387.72,Health,Program Manager,1998,5f3b022d0b0ca534c61adf63b6f024edd1b3e382e702ab8d8dcf0629ef54d3cc
Ontario Public Service,"$181,073.24",$0.00,Health,Psychiatrist,1998,bc480fa2c9d30001dcece19f0e91f442cdf1522c5a09754a2fe7419b10dc5728
Ontario Public Service,"$110,932.59",$296.04,Health,"Regional Director, Mental Health",1998,08a837cad1e5ba2bde0b9a22584486d63185a9d92b82630fb7946ce857dc853c
Ontario Public Service,"$173,897.62",$0.00,Health,Psychiatrist,1998,41dfe121d1089f89f83d73e2481691160429b9f8440f557efe7c5b25b39d852f
Ontario Public Service,"$130,136.74",$0.00,Health,"Physician, Health",1998,ba6dfe08763854d160331a9caacc745a51ba303439c71dab0f2e3c641bc319b9
Ontario Public Service,"$159,736.06",$0.00,Health,Psychiatrist,1998,ab80d673f2a969f3964a10de9c281053140c39003f6d3465980f197d0b5b8af9
Ontario Public Service,"$159,736.58",$0.00,Health,Psychiatrist,1998,1f9b78dfdb4c66fa0ac59b5f544badb22274a3784e22ff282e711862d68403d5
Ontario Public Service,"$104,385.31",$258.48,Health,Psychiatrist,1998,766b1bec16cfe8418ef583e137224752a832e33378f8466c71b2fbd29ec43a1f
Ontario Public Service,"$100,582.05",$0.00,Health,Psychiatrist,1998,61293dfe9a8e1b444295a3426d011a814261ee786769d326685a674d4dcf8696
Ontario Public Service,"$180,261.37",$0.00,Health,Psychiatrist,1998,a3da3976419ba946d7f2d601ad2742baee065e5cab1d989a8a477114e8729ffa
Ontario Public Service,"$159,228.15",$0.00,Health,Psychiatrist,1998,403f127f87e3bbac5d336ad6c9c1ee9709768c74bc0c3e70a1415cb59a966603
Ontario Public Service,"$157,808.06",$0.00,Health,Psychiatrist,1998,f9738862fa977c9f8dc9afadf21aa1ee80e5d64589ab31576ab26ac4dbecf93d
Ontario Public Service,"$124,984.39",$335.12,Health,ADM-Mental Health Programs,1998,84bd7174efc0bbd3a17d143b74b6f8396ff02300e047f0046e3e77ad58bbb434
Ontario Public Service,"$159,093.38",$0.00,Health,Psychiatrist,1998,d39899c3e159744b15ddb38a5f627ef93315a8a6c1f9a6916e1c78fe83b6e0b9
Ontario Public Service,"$156,687.89",$0.00,Health,Psychiatrist,1998,e3a2fadff628896075ee239d753f60a1f2987972a295febb42a360d8fc58f0c3
Ontario Public Service,"$146,319.56",$407.76,Health,"Unit Director, Psychiatric Serv",1998,7d9d86f574c3626315636687ca7763b825044aded92f189eaa66e989eae1a276
Ontario Public Service,"$125,680.77",$348.60,Health,Manager,1998,b96059a7c1ad2d52a2c35b40a95e9971ba6c115c8c41075e47729142664aa88f
Ontario Public Service,"$130,939.35",$0.00,Health,Physician-Health,1998,d68230de2a202348ffabb7332094f478df7f6524264fbc4ea5aad01fa139b2fe
Ontario Public Service,"$159,297.65",$0.00,Health,Psychiatrist,1998,78ff1fb36e79751c2b140fc2984f92a1cb04894e2a1aaf7a86037bbb7a9ee5ed
Ontario Public Service,"$110,687.56",$290.79,Health,Psychiatrist,1998,5e800cde0d457fd33c9cdb32db0ba3f0d997aad29f2614968e691cae92920e2d
Ontario Public Service,"$159,736.32",$0.00,Health,Psychiatrist,1998,43d6362f6449c5dc299e687d365624440ebc5fe2cf73f9f97e7daa65af7bb243
Ontario Public Service,"$194,643.44",$0.00,Health,Psychiatrist-in-Chief,1998,7c5a36b581c195a643fef160ba0d92b7d1314909a72b7484111721f2867fa13d
Ontario Public Service,"$181,073.44",$0.00,Health,Psychiatrist,1998,28cde9b3271a4e81a450b7aca78641e963f4a0a8cc7309e62307b0a074088275
Ontario Public Service,"$116,144.90",$332.67,Health,Medical Consult,1998,18784fa6359285e2681fda7692abf65d621f86ff0aeb390d62cf03e5403875e3
Ontario Public Service,"$173,902.89",$0.00,Health,Psychiatrist,1998,d00d28b82a853fb12528865748ff9ecee385230112220ef60555db30efdb48c8
Ontario Public Service,"$173,897.62",$0.00,Health,Psychiatrist,1998,bd86b2f64f5b97456526f20f626f3a4c832473862f0d2703c73c9c49ed78ceb6
Ontario Public Service,"$159,691.22",$0.00,Health,Psychiatrist,1998,0b9d4db49bd86d9b95df6ac4023071c1baa0aaa043d7dc49820c249f0f471ec2
Ontario Public Service,"$159,736.32",$0.00,Health,Psychiatrist,1998,7b7f4570c58aad246e36f076619742e7efe86ea37c2d9bf609f467a85a98648d
Ontario Public Service,"$128,224.46",$355.56,Health,"Medical Microbiologist, Bacter",1998,02367796bc052b39ea0ca768dc619e668835654ac5a396a1ac6f6a6ce5f30782
Ontario Public Service,"$159,736.06",$0.00,Health,Psychiatrist,1998,5e5a1e4a53727b5c08ab0199dbe90f9dabb606aa89d2f7f302c088114bd50e75
Ontario Public Service,"$131,014.21",$0.00,Health,Physician,1998,c7742c91b413768c1f3b91c4f482a4efc4b98d4ee2d62ff98afa247c6685a68e
Ontario Public Service,"$114,073.99",$311.52,Health,"Executive Dir., Health Systems",1998,191af15b7913e2fffc0e218976420539f0764f76441ddf738796a1b1b3b57bf9
Ontario Public Service,"$173,902.89",$0.00,Health,Psychiatrist,1998,6ba89cfcc0861e989aecfe6439acec55990bd02b70354df10297a15271aa1604
Ontario Public Service,"$145,453.28",$410.81,Health,"Director, Psychology Unit",1998,1298b149b687995730ebac3799a64e1eeffffd5fa51aeff63c8547a8a9a1d4b8
Ontario Public Service,"$159,736.06",$0.00,Health,Psychiatrist,1998,096d6ef87508409f2a78be4a351c4d79f94df0aa7f4b12a76c169d6de952e185
Ontario Public Service,"$137,173.50",$0.00,Health,Psychiatrist,1998,3e2750c794d895fbe3b50c35728e5bf404a50b82ddabe5cf8852f4598fb74f0b
Ontario Public Service,"$101,725.54",$272.36,Health,"Administrator, Penetanguishene",1998,e8c975c19ae78f4e6973eed0311db0866936adeddc09dd43695b610f32d1e2a2
Ontario Public Service,"$100,768.81",$0.00,Health,Physician,1998,5fd3b96713e1923c7a3d927ace59e3ca73d14c44cc71b2cc67e937fd118b0371
Ontario Public Service,"$184,137.34","$6,568.18",Health,Deputy Minister,1998,343d10633fc27122bae01ded3e0a1fc61ed2bc63523bbbb04f666d3f500b4ee5
Ontario Public Service,"$104,323.33",$279.24,Health,"Director, Long Term Care",1998,a0d625eba0f4085086cc6ea086b5cf5915f8776be9a5e7063921a385b945cc61
Ontario Public Service,"$171,070.28",$0.00,Health,Psychiatrist-in-Chief,1998,6e75571b94db200c6d975d9c1ad1451651c65ed0e6358a0396f079d77b7b343a
Ontario Public Service,"$126,116.57",$336.64,Health,ADM-Health Programs,1998,29cccfd682a92781b9c1501f047a1e9f9ffe6b71694e846f06043100319c64f4
Ontario Public Service,"$146,320.58",$410.76,Health,Program Director,1998,7b68000c8c39b0e8a7eff1c1613e0d40a344bce10cefc3eda708753ae6794dae
Ontario Public Service,"$119,498.46",$336.96,Health,Reg'l Medical Consultant,1998,84bcf89bdf2c734655d724d837ddbc0b0774624563aafcd69e8c2d62feedde99
Ontario Public Service,"$131,228.63",$0.00,Health,Psychiatrist,1998,012f9ee63aafb78073844ed8bdfed86a0a2b182c26fa8e41ec0cd74eefe18bea
Ontario Public Service,"$141,362.17",$0.00,Health,Psychiatrist,1998,17b866d3685d10c3242fefdd5b53619fd45f7bb07797b970b95e0e9e922281d0
Ontario Public Service,"$130,165.17",$0.00,Health,Physician,1998,217ca1386a6e48cb99f9e1d26dee6348788531056d55cf5c276d74dfe9d419a1
Ontario Public Service,"$159,682.86",$0.00,Health,Psychiatrist,1998,26bba6aa68644180cd5479243bfc5109051d1a2a2f3fd289e8f5213999daaa01
Ontario Public Service,"$131,228.10",$0.00,Health,Physician,1998,feae01de30ab08fac85d0d479b7eb2c541fd60f8977f6293d66e2f8fdfc74e0c
Ontario Public Service,"$173,947.40",$0.00,Health,Psychiatrist,1998,79552a7fde3e28e72983f65a523b13587bb7a161c1140e0a40d9b1b20cfe4040
Ontario Public Service,"$152,213.32",$0.00,Health,Psychiatrist,1998,7418d3fe4820c3feba82b24bf4bfe4ab4612d8310b2ada6708484c2d03b041c8
Ontario Public Service,"$159,736.32",$0.00,Health,Psychiatrist,1998,422cb7dde11e41d2ed994fa1b42549d9e750a7db6f4088eb7013b2865f4667a1
Ontario Public Service,"$159,736.06",$0.00,Health,Psychiatrist,1998,924a5b96468ce1b17f1ba8993a8c106755f329a6fa16292a7d5f5b15c401d9ae
Ontario Public Service,"$107,506.43",$278.00,Health,Deputy Minister,1998,1d182dcd91bef46264f4dca5fa276c68bebe5861c7a8bfd227cbcf51ce9dd8bb
Ontario Public Service,"$159,736.58",$0.00,Health,Psychiatrist,1998,dcc49a62971fe2b9e0146daa4547b69e88a62b4377631f40f3275590f1e36d15
Ontario Public Service,"$159,736.06",$0.00,Health,"Clinical Director, Geriatric Psychology",1998,82d0df68d5934b098313768fb3b203ba9852e71d9c7953e94c69c27b1d2c3d54
Ontario Public Service,"$132,607.43",$367.88,Health,Physician Manager,1998,b8959f51704ec3c5b77bf6d345ec7719e802b1eb3e5f5985ddee6aaa0851fd6e
Ontario Public Service,"$137,016.76",$351.36,Health,Executive Director,1998,44d2fd1c48c40ea14bffde7a0b6de86c60ef0dd03d27a81a300d16a24b28bed4
Ontario Public Service,"$159,736.06",$0.00,Health,Psychiatrist,1998,5a092ef0a338b1ddfd0b2a211a6d881e89b26233915d1e5e7fc97c796e3abb70
Ontario Public Service,"$146,320.06",$410.81,Health,"Director, Eastern Region",1998,7e4e0031c7e893bd69dbb00508b63c959bde843afff6bf4cf9e6f23d106ce97f
Ontario Public Service,"$128,905.04",$368.64,Health,Manager Consultant,1998,ba8afe0e7958d33f83b5212f90311f405c8513a5ceccd236026a6fe5c4302aa9
Ontario Public Service,"$130,362.14",$0.00,Health,Physician,1998,d47e54f77d1a5ea36fc3846a770efb8cd4ac7e0567e72249aa6673a5171a7c07
Ontario Public Service,"$116,379.33",$332.64,Health,"Medical Consultant, Claims",1998,09e96eba344ad15dfea6d29ff22f797d6030bf5ca11aef8ff69130aee216965e
Ontario Public Service,"$173,893.68",$0.00,Health,Psychiatrist,1998,a2efdfc764d97fab9c817a126754f0c09b0fbee2eb1ef31291778ee11b10536a
Ontario Public Service,"$146,320.06",$410.81,Health,"Clinical Director, Assessment Serv.",1998,638f3178dc07559e932cb5e3f8bc09b02c5e50f75832de1849b603fe91772a06
Ontario Public Service,"$124,984.29",$335.12,Health,ADM-Seniors Secretariat,1998,c612a1fb133bb31bff184db2da970b98451f64cf2c8ab5b9c91e6cc24c9398cb
Ontario Public Service,"$159,093.40",$0.00,Health,Psychiatrist,1998,983205f7b6de28ce8325cfb9921e2638fa1f79e50c94928814d66506413385d7
Ontario Public Service,"$105,736.69",$297.47,Health,Psychiatrist,1998,81044baafbdcf01efc5fbe1701efaa98717c6bba374b2ae9884f2bcf5913a14a
Ontario Public Service,"$148,276.84",$0.00,Health,Psychiatrist,1998,17eb665bd0abc18ef14977a4be4903eb4a4409e1924942ea1865f879804c9dff
Ontario Public Service,"$128,000.00",$10.44,Health,"Dispatcher, Mississauga CACC",1998,2e4830ebe6c006e942dca59134e13b83c760511299b5023478e7579fb6bb7cb9
Ontario Public Service,"$152,596.10",$0.00,Health,Psychiatrist,1998,eba7dd28fdd56db14e335a83093bb71ca296a59115b71e39fb16e9cb18d15239
Ontario Public Service,"$159,736.58",$0.00,Health,Psychiatrist,1998,421ed9272cabff755f0536044ceb1bd085c031c0253a655a441e55fbc3bc54c0
Ontario Public Service,"$159,736.32",$0.00,Health,Psychiatrist,1998,262c680575b1781e60954a830bbf36a7bc9d4d17a5534a1fb391e5f922df5034
Ontario Public Service,"$148,839.29",$0.00,Health,Psychiatrist,1998,30bfd603f45c99684c2e897bb9d766613128dbe50ea8ce84d8c9c48f9c52c162
Ontario Public Service,"$181,073.44",$0.00,Health,Psychiatrist,1998,bc0f181cae36f38d238f999e0dc998afc06bb9ef7c9b1919444f8a909e9ddf7e
Ontario Public Service,"$159,737.10",$0.00,Health,Psychiatrist,1998,ae48be575ff1793d1e1cc475133df8b4e980c247f04876caf75f9665f755083a
Ontario Public Service,"$123,438.13",$339.80,Health,Psychiatrist,1998,58abe4a4dd4e89587bc1a60ba492a57e8a018d377c00f38a5c021e62874f5d94
Ontario Public Service,"$125,680.77",$348.60,Health,"Sr. Medical Consultant, Tox/Env Hl",1998,6d6d3534b45c06b540f3f4d154949d20e3979adea176d8bdee4a6a3a49fdd36d
Ontario Public Service,"$159,699.20",$0.00,Health,Psychiatrist,1998,4732376963a2f3f6b73207f80fe27112cb46ed7dae419c51ec888da13a7da99e
Ontario Public Service,"$106,466.99",$132.75,Health,Psychiatrist,1998,0846a3ef22f83f9649cfd9a47abf2330c017f33323efe3aeacdfb4b4a1e54b1d
Ontario Public Service,"$103,240.41",$274.36,Health,"Director, Fiscal Strategies",1998,fc2b2de3d1c3f101f9d07854544dfd6da2b6388036ce933d40a49914b754600a
Ontario Public Service,"$106,630.43",$278.48,Health,Administrator,1998,281b41e871e671f0cce1a877b994dd2c5f3a8bdbee51208c2af5627c42e829ed
Ontario Public Service,"$159,736.58",$0.00,Health,Psychiatrist,1998,678b34ac13e2777ac5999993d4a824ef2888193eda6b0516187ebb64edc41cd7
Ontario Public Service,"$167,979.98",$0.00,Health,Psychiatrist,1998,b45be112241215ee9c2e31da5c9fb137a9a50f4d160396814f9939e2e5a16539
Ontario Public Service,"$159,667.85",$0.00,Health,Psychiatrist,1998,9174637140dd93e670a2f8278605ccbb253f06b58e06ef9b2b7a8ee932925914
Ontario Public Service,"$159,736.74",$0.00,Health,Psychiatrist,1998,9f94e174bcc37e0dc3fb6edeedfd8a2e36930ffb58d01417ffdc4a5acefffd0a
Ontario Public Service,"$100,508.15",$259.60,Health,"Director, Information Management",1998,80a4da001011287941692c12580b42eaa875acfc52bfdb69a033253a2f435b58
Ontario Public Service,"$172,531.14",$0.00,Health,Psychiatrist,1998,4d83916e13c02f65da2d22ef735e9fd559d1276d2da7e03957a21cc1a0f00ae9
Ontario Public Service,"$159,736.06",$0.00,Health,Psychiatrist,1998,6d40ffc3cad01ffbb167d374311ce78727d86e23cbcaf50613a55b46677c0d2d
Ontario Public Service,"$111,044.95",$305.72,Health,Executive Co-Ordinator,1998,7cff86bc8812ccc6c517ddb55f9aa3fb24d69451450f7e8643d3ca43fd54cf0e
Ontario Public Service,"$173,902.89",$0.00,Health,Psychiatrist,1998,2fce0e1cf3503bc98f966b447b9bece20e23e5acbb6cafb5acbcb091b6b2e478
Ontario Public Service,"$173,902.89",$0.00,Health,Psychiatrist,1998,cb6fe1e5bbabcb2082a50373e642705d7b7f4eab4ac2f8101efe200c931547fa
Ontario Public Service,"$101,578.22",$264.16,Health,"Executive Director, Ltc",1998,afa05d970e1d2f2dd24e23f5ff29d0c40bc874cfe96ddac70f23768e48836f46
Ontario Public Service,"$158,504.89",$0.00,Health,Psychiatrist,1998,d55beea28951082d82b4ae481f4ba524a53a260c8f35a2d140d20e1e1000fe25
Ontario Public Service,"$105,390.07",$0.00,Health,Psychiatrist,1998,0ac53b6b1907901f4f811b5476390c2d17819ad013d1d94040ffa7b085b4707e
Ontario Public Service,"$159,736.32",$0.00,Health,Psychiatrist,1998,9dd5d0f15a64a49647fda8075db636b1913f10ff20ec812b348239dee64c13b2
Ontario Public Service,"$131,227.60",$0.00,Health,Physician-Health,1998,3e8d09454950425dbf2c509cd3748b1eed7eea287b3a1327d7a0c6d5d67b2be6
Ontario Public Service,"$125,680.77",$348.60,Health,"Sr. Medical Consultant, STD/AIDS",1998,bcec2532e8f2aa85c77ee44517bd7ecc5285cb5b985d756ca3c7567e888b160c
Ontario Public Service,"$159,736.84",$0.00,Health,Psychiatrist,1998,89a22483ce88c026c1b008e44dd4992f33d4ced3693272b40eeced59fde5a03a
Ontario Public Service,"$110,792.55",$0.00,Health,Psychiatrist,1998,e24451e589cd7c310c96c057c8c038a9daba69f52377ddb1b0eecb9a8ab48529
Ontario Public Service,"$131,228.10",$0.00,Health,Psychiatrist,1998,85eb2487c0dd4321442b1beb9361fa1e9959294b50e5ca908b176bffce456c8c
Ontario Public Service,"$132,054.46",$350.24,Health,ADM-Integrated Policy & Planning,1998,ffb4739600718cc5984d7513b19aeef9e5715f90fff72b3feace4589dbbd0388
Ontario Public Service,"$159,736.06",$0.00,Health,Psychiatrist,1998,db0d821862855d9e6ff68de2209c6273a0078bff48c1209b66958b9796fb6bf5
Ontario Public Service,"$118,506.62",$0.00,Health,"Chair, Health Disciplines Board",1998,cabea9d58438993bcaec39659f11f079871d8c397072d1b0f58c59fcc0091ff4
Ontario Public Service,"$149,549.51","$3,612.42",Intergovernmental Affairs,Deputy Minister,1998,1fc75b62ff0a3438962c416327d132ff7cb9d86726ae04440fb2214c88d25db1
Ontario Public Service,"$120,154.68",$334.48,Intergovernmental Affairs,ADM Fed./Prov. Rel.,1998,bfaa12b84cc35842a60aefbb1e00e9dfbebac575eac54771a15e875695796a7b
Ontario Public Service,"$101,088.29",$274.76,Intergovernmental Affairs,Dir. Intergov. Policy,1998,d4786b80e6c14319bc9a1380084371bd4b426b4b28d60fbd60f90717fc050ae4
Ontario Public Service,"$112,799.80",$376.34,Intergovernmental Affairs,Deputy Minister,1998,6293f317b6077a40cd11e9053cbc5e8688dabe7c7cab8cea00a5dd6ec2fcbff3
Ontario Public Service,"$101,975.80",$0.00,Labour,"Director, Office of E.A.",1998,f8b23bfbe0e9af1d0db653b3325133b0095fcaf9ef19de9958c093ea62f8adbe
Ontario Public Service,"$142,855.99",$924.50,Labour,Deputy Minister,1998,c0d3b9fe7009c98d03549a607e7985fe31e4ed831fce3e45ae2482b47777ee17
Ontario Public Service,"$132,218.61",$348.60,Labour,Provincial Physician,1998,5c689f0f6cfd8aa76e3994e7e620a0bca909d529f933af39d033c50d17920ef2
Ontario Public Service,"$105,974.76",$292.56,Labour,Regional Director,1998,f714da156e16e16faefd608e243b84bef54ba7919610428012d8cc5027cc4404
Ontario Public Service,"$100,074.73",$357.12,Labour,Alternate Chair,1998,99d3a06eb43e04461819b9bab196ef5c2d6b18c12764ebd7e51484d02f8da4c7
Ontario Public Service,"$129,931.90",$351.36,Labour,CAO,1998,beac983ecfe7e1db1c68af9b3a9b3920462951e0403488876c13a0a861295115
Ontario Public Service,"$115,721.17","$5,610.19",Labour,"ADM, Operations",1998,cfa262db528e89e1ef964e3113e22665a184c95d319790340ea5878f09e47631
Ontario Public Service,"$104,794.20",$299.64,Labour,"Chair, OLRB",1998,9a10c111ebbf4715252e3f8090bac1d40f64611be5f61f95c3addbc96953adea
Ontario Public Service,"$114,226.59",$0.00,Labour,Presiding Officer,1998,ed9ee166afe536f326d72337e668f6f9d2df9abe16a58590c050bdc1bfd05bed
Ontario Public Service,"$107,185.19",$303.87,Labour,"Director, Pay Eq. Prog.",1998,d999024e112922a9070ca5cba1b8e9be80dca25b7c61ea2a63801a5c87aa6a3e
Ontario Public Service,"$102,654.75",$288.73,Labour,"ADM, Policy Division",1998,a31c47d79471d3703c54acbf1717b833422e6c51f4ac322ecfaf358f43a56859
Ontario Public Service,"$125,680.92",$648.60,Labour,Medical Consultant,1998,7494b3c650ebc750ab36f035157bf984ef5c2589a41bf1126c3abeb23cc37e55
Ontario Public Service,"$104,414.60",$298.56,Labour,General Counsel,1998,bdc079f5069ffa8db1971bfd707df76f9d116dd642c0b49f2c6f449924bd90e9
Ontario Public Service,"$120,357.80",$344.16,Legislative Assembly,"Director, Legal Services, IPC",1998,68eb58575f96b4aba5714fb0488b2a4de15583ff3bd831995a823c63c067f981
Ontario Public Service,"$111,004.20",$319.68,Legislative Assembly,"Min. Citizenship, Culture & Recreation",1998,d4d887fc796c767688e206c748201b40cbf30c00dc445bf5f830af9fadb7fb60
Ontario Public Service,"$127,924.96",$368.64,Legislative Assembly,"Commissioner, IPC",1998,a6068cd34f838f856baa1d4c957d367913bfd9fff1e5913ea060186a3382ada1
Ontario Public Service,"$108,032.96",$308.56,Legislative Assembly,"Legal Counsel, IPC",1998,7aa95123bfb22275dae54d37bafe71f13539f32585f402891442c9a8c0037f93
Ontario Public Service,"$111,004.20",$319.68,Legislative Assembly,Minister of Transportation,1998,9fa043f530a064184ffe59ca14e79ec3de3582cbc4c977044e9ae4800f3e3709
Ontario Public Service,"$111,004.20",$319.68,Legislative Assembly,Min. Intergov. Aff. & Women's Iss.,1998,15f26259ba43dafbf647113bc3104915f133222b48e7f8e792934aee1ff9fa46
Ontario Public Service,"$162,795.18",$411.90,Legislative Assembly,Clerk of the Legislative Assembly,1998,d49e025593ecd235b0db4fb3c8ba5f6b3f7998409d314b99fc14b89c8d646e6a
Ontario Public Service,"$111,004.20",$319.68,Legislative Assembly,Min. Community & Social Services,1998,fb50c7780db93ccc5ba347571ed332dfc0fe7f98a4ea2659002578a55db7a835
Ontario Public Service,"$111,004.20",$319.68,Legislative Assembly,Dep. Premier & Minister of Finance,1998,72231fe8c4c725ce5f66188cf841ef7504d7c63016f3ee0d1ed472204dad6212
Ontario Public Service,"$111,004.20",$319.68,Legislative Assembly,Minister of Labour,1998,3a898ccc0dde18df1b2cd17f4e874e496023e9e5a68f1864c1caa9d20bc12e57
Ontario Public Service,"$101,525.33",$290.52,Legislative Assembly,"Legal Counsel, IPC",1998,ed682540a506e8a71d40dcea4b9bbed59d3f1316e7275c607435b9297b80a9af
Ontario Public Service,"$105,855.72",$304.80,Legislative Assembly,"Leader, New Democratic Party",1998,d1b195a367929d3d2e8bce8ab009844406d13f70ede85346797268c22b5a9353
Ontario Public Service,"$111,004.20",$319.68,Legislative Assembly,Att. General; Min. Resp. Native Affairs,1998,efe019c8fb6fa0744018e0b5d9c1d05d71b9f945588822c07afe8a5fb801deea
Ontario Public Service,"$139,866.96",$402.72,Legislative Assembly,Premier and Pres. Executive Council,1998,a02eeb7327f5cca8133fb150d20da7e0f441ca0f16f331ae6fef39027dfab4df
Ontario Public Service,"$111,004.20",$319.68,Legislative Assembly,Chr of Mgmt Bd; Min. N. Develop & Mines,1998,5e28f8306d5e60ffa3de97a09f5743ac1dab317c2e152103f2581a194c537670
Ontario Public Service,"$100,735.01",$290.07,Legislative Assembly,Min. Long-Term Care With Resp. for Snrs,1998,bc86daa8873569494ee73501d0745d0c85657280e9d5fbd8019ec5eae9f96e89
Ontario Public Service,"$111,004.20",$319.68,Legislative Assembly,Minister of Education and Training,1998,d1c5fc8af154f28c09dc1daafbdc5b99776998698c3250c07a7efc42c7d6e2e2
Ontario Public Service,"$106,438.70",$304.44,Legislative Assembly,"Ex. Dir., Comm. Election Fin.",1998,f12211ead551758b06d2858126c874b36461e03a7c8f16f67066011984294151
Ontario Public Service,"$111,004.20",$319.68,Legislative Assembly,Minister of Municipal Aff and Housing,1998,de698c6e7b571cf8a6a691a587afed59512470ff40a86e5ce184403fc8486e99
Ontario Public Service,"$122,722.76",$351.00,Legislative Assembly,Environmental Commissioner,1998,db678789a8c3b4ab27139207adaa076bc2902a0d24181d7d00d23b99634db69e
Ontario Public Service,"$121,067.16",$348.60,Legislative Assembly,Leader Off. Opposition-Liberal Party,1998,8f02d2dd36791af554f1047d6882146294966fd64636b60252123982b4089310
Ontario Public Service,"$124,447.03",$345.00,Legislative Assembly,"Asst. Comm., IPC",1998,5ae4b7c990c693eee57c87d89b159bfe9601f7b68cf7302ec52cfa7ac98e527b
Ontario Public Service,"$100,935.72",$289.92,Legislative Assembly,"Executive Director, Admin. Services",1998,a9c973ca3a1a05fc7667728edd86d2577407d69f31f9a939b1eca48840aac1cc
Ontario Public Service,"$111,004.20",$319.68,Legislative Assembly,"Min. Econ. Develop., Trade & Tourism",1998,59af4820c0e93c224898af124158ea4483781a55443870a79d7c81ef839a8cb2
Ontario Public Service,"$102,923.51",$296.41,Legislative Assembly,Sol. Gen. & Min. Correctional Serv.,1998,458dd8ffa490349dd7284035c3c913f08ee2dd21d4d992f120c351bec5e13438
Ontario Public Service,"$139,528.59",$0.00,Legislative Assembly,Integrity Commissioner,1998,9ae71bb40568c8af200dc94e998bedd57b4676d1d303672abc88e72f408cbde3
Ontario Public Service,"$123,161.53",$44.46,Legislative Assembly,"Director, Human Resources",1998,511d1d01071bfbe89bc67138f41d7015d1aa6875782258bda49276794eca072f
Ontario Public Service,"$111,004.20",$319.68,Legislative Assembly,Minister of Natural Resources,1998,b70a27615a16eea15028826c83196e62ca7f166f8788ccb84a37f44fec576abb
Ontario Public Service,"$139,681.92",$55.80,Legislative Assembly,"Executive Director, Assembly Services",1998,39ea793ba1ab894cfc6b8b8d59d35aed75841c37ac9c37cfd563882b744eabd6
Ontario Public Service,"$111,004.20",$319.68,Legislative Assembly,Min. Environment & Gov't House Ldr,1998,9ddbf1c8b122506c8bcff4c6df0d3a3d6efc19e93d491afc6f44ef754849e41b
Ontario Public Service,"$102,345.48",$294.72,Legislative Assembly,Speaker,1998,97c51ea829a8884a77d106615fb6f3c5dad6e3ba1af110e3bfb9ffd36a61713d
Ontario Public Service,"$111,004.20",$319.68,Legislative Assembly,Min. Consumer & Commercial Relations,1998,bd81f15fb481d053bbd989d2cb8e5d4ec15786322a661398220681d72babe428
Ontario Public Service,"$111,004.20",$319.68,Legislative Assembly,"Min. Ag., Food & Rural/Francophone Aff.",1998,ca4b22c0f921f99c9479dc68164b76eefc2fb68b4365fcca7b9b5b696fd68d5a
Ontario Public Service,"$111,004.20",$319.68,Legislative Assembly,"Min. Energy, Science & Technology",1998,39fbefc5637d157c85a6e13804605ffab295595455d92c8221efdb2f01327180
Ontario Public Service,"$111,004.20",$319.68,Legislative Assembly,Minister of Labour,1998,4589f21c22b4f6b8cc8b8681c1c5302478f120692d0908e100930944332f60f8
Ontario Public Service,"$100,566.39",$274.04,Management Board Secretariat,"Director, Information Technology Serv.",1998,fb03a8273093d4f5e9e42765799ced2d6413b24b7bf881aad525da306ea8bdfa
Ontario Public Service,"$115,932.47",$340.72,Management Board Secretariat,"ADM, Gaming Secretariat",1998,f585126e5419dd1f9f66f4f3777751cbc0a2ac722464d484cc7b0d07c1418d58
Ontario Public Service,"$135,946.10",$344.24,Management Board Secretariat,"ADM, Services Division",1998,5c994dbb1c75a144e308f8300586da03639a1ad48dca472e0d8d2a39a50f2ea2
Ontario Public Service,"$111,195.47",$293.27,Management Board Secretariat,"Director Programs, Y2K",1998,77e0fd10da3d3be044d39a3cbc3589319398d8ffd7315ebbce2039ec08b5be06
Ontario Public Service,"$105,668.47",$281.16,Management Board Secretariat,"Director, HR Info. Systems Branch",1998,46e9fe30376e9eee0c7a95bd683a09c7e335613b03534a57bdb0b7a3b4295488
Ontario Public Service,"$102,580.82",$275.36,Management Board Secretariat,"ADM, Internal Ministry Serv.",1998,17d73c05faa444668f4abae6c93dd6433b997f28efcfed1dfc64e5c4879806fe
Ontario Public Service,"$103,465.30",$281.43,Management Board Secretariat,"CEO, Shared Services Bureau",1998,2c301a04a26d6eb3fb678571dcf2e8729aede5d79871fe3ff331247d9f4c2e36
Ontario Public Service,"$100,566.39",$274.04,Management Board Secretariat,"Project Director, Regional Restructuring",1998,0e2939d05d5e5de2e6075db7b7c7e5f9747c7bb7a192363033393c55f8e1b4d8
Ontario Public Service,"$111,840.75",$187.44,Management Board Secretariat,"Director, CTS Y2K Readiness Office",1998,d9b7725d0e240245faba0b88da2fcaad0300ec6c2abca627a0f2da70e4a5b7c9
Ontario Public Service,"$105,721.98",$281.16,Management Board Secretariat,"Exec. Coordinator, Transition Shared Srv",1998,381eca05da50b6b0ef4bf04706040baa6aa7b68d0cfba5cffacbb695c275a2e8
Ontario Public Service,"$103,589.07",$278.20,Management Board Secretariat,"Director, Resource and Economic Dev.",1998,16c2ba863e92c2d8d969b1c86e8355640ba8fabfb7c0d8a34ae0b5d97aed06c0
Ontario Public Service,"$136,604.72",$350.72,Management Board Secretariat,"ADM, Corporate Initiative Grp",1998,a941a52a6235bde93a34435a148dff8ce0a25f2ffd7ece47c5199d36a8690391
Ontario Public Service,"$101,473.19",$275.24,Management Board Secretariat,"Project Lead Operations, Agency Reform",1998,9d0565bed7cff62657da5f9523aa984019f7b8d9ea48df63a73560e54a5544f4
Ontario Public Service,"$101,526.77",$272.04,Management Board Secretariat,"Director, Info. Technology Policy Branch",1998,dbee4fe53eda6b71084da4e29fed8633709631d5725f67e174618e23ecc18ebd
Ontario Public Service,"$118,115.35",$283.92,Management Board Secretariat,"ADM, Internal Audit Division",1998,32b2ca64a0ad9ea69a33f3310f9034546eb8583d5f3e03a56e710d4ea57df7b3
Ontario Public Service,"$106,015.40",$278.20,Management Board Secretariat,"Director, Social and Justice Branch",1998,fac8e028ddc8967071ac4397d8a1e700c63bae1dc5bea0cdb2112646dfc06975
Ontario Public Service,"$184,137.34","$6,716.64",Management Board Secretariat,Deputy Minister,1998,0e806260ae651d6aa807783f8e84c2979f6dc1123e589bdaf33115672960a1b2
Ontario Public Service,"$120,756.27",$324.24,Management Board Secretariat,Chief Actuary,1998,99074e4d4bbf1aadee9c8021706301033f81bb236b49ead1b60d9f33070bd76b
Ontario Public Service,"$125,106.23",$344.80,Management Board Secretariat,"ADM, Year 2000 Project",1998,1187975ab3b2fb169803d8a4540d4b4752b70def70f305f40b738c0331c3e4f6
Ontario Public Service,"$105,722.19",$281.16,Management Board Secretariat,"BPS, Labour Relations Co-Ord.",1998,b62003179fe558dfb9834051cf1b5b90a08f367f61bdfc6363b24f1752eb40f6
Ontario Public Service,"$105,722.19",$281.16,Management Board Secretariat,"Director, Public Access Services Branch",1998,b173da83cc6d55e3fa16f9f778ee39a90d707430c6fa48daf028b775db67413f
Ontario Public Service,"$136,604.72",$350.72,Management Board Secretariat,Exec. Co-Ord. Workforce Info. Network,1998,da3894adeabb9e2f80c2c8d31ef51fd01f36e7ffe9b6a02c5341053d44fc15cb
Ontario Public Service,"$115,833.76",$322.32,Management Board Secretariat,"ADM, Program Mgt & Estimates",1998,de84280060bae333d51426fa96fa358fcc2d95c2ab425c6119656b9437aed9d6
Ontario Public Service,"$103,589.07",$278.20,Management Board Secretariat,"ADM, Human Resources Division",1998,3253c6cc6e784962da65a9177f3f5f89932ebf1611653e1d483b41d135998b3b
Ontario Public Service,"$111,531.95",$286.68,Municipal Affairs and Housing,"Director, Municipal Finance",1998,595f1e4b728a33e6b95c337ae5009a97666e9d9d3c0a238ac06495656e3faee8
Ontario Public Service,"$137,016.77",$351.36,Municipal Affairs and Housing,"ADM, Housing Policy & Programs Div.",1998,59ebb7fe3a9f1528676dbca47776fddeb0559b9d3f54d573f2ad5b23e4f0ff4c
Ontario Public Service,"$103,588.62",$278.20,Municipal Affairs and Housing,"Director, Provincial Planning Services",1998,b8dc432c1da5981728ab45a9a8c0bd15f0edffe25f4af93f381935848aff1c6d
Ontario Public Service,"$111,033.14",$315.80,Municipal Affairs and Housing,"Project Executive, Ice Storm Secretariat",1998,da1f96e89169ff0dc18ff01e58f0a11e9880c51794ff6a471e1b3ced45d25402
Ontario Public Service,"$101,473.15",$275.24,Municipal Affairs and Housing,"Director, Human Resources",1998,175e201de75bb0a2392939140cc02c8a863106d7eef505d599ff29aaf5c6cb7b
Ontario Public Service,"$101,473.23",$275.24,Municipal Affairs and Housing,"Director, Housing Dev. & Buildings Br.",1998,b5c01220463b82a1509638e9ec08e5ac973ac76c90cd9a5472aeb0ae3b235155
Ontario Public Service,"$137,016.77",$351.36,Municipal Affairs and Housing,"ADM, Housing Operations Division",1998,666508d542a68ae5c7c21198c682a96f1d3ef99f3bdb6e670871af4dfafede47
Ontario Public Service,"$121,588.94",$318.89,Municipal Affairs and Housing,"ADM, Provincial Municipal Relations",1998,097f9c69a2da7186ef0f49026446054cb744ff7a059fc68b1a6ac9fe4f6ae7c8
Ontario Public Service,"$101,473.15",$275.24,Municipal Affairs and Housing,"Director, Information Technology Sys.",1998,f6a1f401f7e49f7c9944cec996626477b3d77420b810371bb9788dd774246af0
Ontario Public Service,"$120,250.51",$336.32,Municipal Affairs and Housing,ADM Prov. Municipal Education & Train.,1998,f2ca0835eefa7e72c06fc0a5c79e2ffebd98cfa6f4548ed2b33139b9a41a525d
Ontario Public Service,"$101,473.15",$275.24,Municipal Affairs and Housing,"Director, Planning Policy",1998,b518067d48cff673d113bc621fb0841a9aca249c2b32c80c320b9aece33be908
Ontario Public Service,"$103,588.62",$278.20,Municipal Affairs and Housing,"Director, Ice Storm Secretariat",1998,67fc575f7b60a6f725c5ef2217d365ed340e4c66ae1a4d0ef9c7abcfa1e9ced6
Ontario Public Service,"$104,034.66",$280.96,Municipal Affairs and Housing,"ADM, Policy Division",1998,f746708e0c66db1108cefcc00d68e884e0b4bf66b59fed128cbeda6643339a6d
Ontario Public Service,"$137,016.77",$351.36,Municipal Affairs and Housing,"ADM, Office for Greater Toronto",1998,8f0fb4b4bdfd6f4e8848063874c3ce85de5de753f75b26c62edf1882c260111c
Ontario Public Service,"$136,323.70",$151.62,Municipal Affairs and Housing,"Acting ADM, Municipal Operations",1998,8ecd86a3a83fdcf8439a578efc7b1f6f83db0ff8f42539027ac9c5f8afee1091
Ontario Public Service,"$137,016.77",$351.36,Municipal Affairs and Housing,"ADM, Restructuring Sec., Cabinet Office",1998,7d7a482e7fa1d9fa7dcab5df3a3e88cb4cb5652ef5a38348a11841697e622e07
Ontario Public Service,"$101,473.15",$275.24,Municipal Affairs and Housing,"Director, Municipal Expenditures",1998,51938fb81d7701b95ac205db51200bd6955aa852bde32f1087f3c9ddaa0623b4
Ontario Public Service,"$105,076.87",$282.24,Municipal Affairs and Housing,"Director, Corporate Plng & Finance",1998,07c3152dfb34770f188d31786f7538fec5cb875f3fded5696c3fba02a7f6f50b
Ontario Public Service,"$137,016.77",$351.36,Municipal Affairs and Housing,"ADM, Corporate Resources Mgmt Div.",1998,c7589f05ac44e2bc91813f3afa6e82b49183c3852127782d79b7392a1f78910c
Ontario Public Service,"$101,473.15",$275.24,Municipal Affairs and Housing,"Director, Administrative Services",1998,4bcee3f3fc6b97ae1a61aa5596fd80375f15b8519a8e12636123640d211386c3
Ontario Public Service,"$128,959.01",$345.36,Native Affairs Secretariat,Secretary,1998,539a9a78ce4a9f1f576cc4f110c9e803711a44762460300109efbcf5ddf2c65a
Ontario Public Service,"$129,164.71",$350.24,Natural Resources,ADM-Natural Res. Mgmt Division,1998,7b52e08c9bb1cab9d2b6a0bb9b1c475ec30188ee94e4ca793f13ffc863ad4fb3
Ontario Public Service,"$129,164.71",$350.24,Natural Resources,ADM-Field Services Division,1998,ee454eb567406f1a629111dbafd38b6a69eca2f2cf491732e9c08afd874a5780
Ontario Public Service,"$100,728.15","$3,720.87",Natural Resources,"Director, Lands & Nat. Heritage",1998,841a0dcab7f05302e98f2277886fa7717d778480ddd981083c57803920bdcf4a
Ontario Public Service,"$102,254.06",$248.27,Natural Resources,"Exec. Dir., Nature Foundation of Ontario",1998,e488bf43ac78719f98c765b223f96c13a47c6cdaf3a6202f838cb01fd29c7ebb
Ontario Public Service,"$104,522.39",$288.36,Natural Resources,"Director, Corporate Affairs",1998,386e889814ba8fd5c99b7e178f039629d98d618e66da62061293feb48a6b7129
Ontario Public Service,"$109,425.25",$310.63,Natural Resources,ADM-Information Resources,1998,5f62505ad49786eb5553402ea0bc0442b3b3dcbc769c5d46194a1c8d0512762e
Ontario Public Service,"$125,212.29",$344.72,Natural Resources,Mining & Lands Commissioner,1998,55d1b292fa43d8a77249a96466c4ccd899fd56d54fc2ae4e14892ba1ffa30934
Ontario Public Service,"$127,314.63",$344.72,Natural Resources,ADM-Corporate Services Division,1998,c3ee56c74ee161573d024e9cd2bd6e8ad63a2d9cfd60f507978946ddda5587a1
Ontario Public Service,"$171,082.98","$6,506.97",Natural Resources,Deputy Minister,1998,812395df923942a4854c6447310b38df66f508684adf058a1dddb3626f1de7f7
Ontario Public Service,"$120,962.63",$337.14,Northern Development and Mines,ADM Mines & Minerals,1998,5817457f810fef83697c4910763f552b166a02a20346a297ab03ff671686e45a
Ontario Public Service,"$120,962.63",$337.14,Northern Development and Mines,ADM Northern Development,1998,ecdd3badcd0958dafe6eecba616216ece694381f2edcc397075a0b8d4d31ee0c
Ontario Public Service,"$163,702.11","$6,811.61",Northern Development and Mines,Deputy Minister,1998,fbb5c7d3700fe3d700326d9526ddf127789e204f716d483ac3172ace982d8409
Ontario Public Service,"$109,921.40",$314.28,Northern Development and Mines,"Director, General Fednor",1998,929a1d5cf8f214781fd10e25072ed4fbe449a95cc806d35678d282278cb21a45
Ontario Public Service,"$106,101.22","$3,300.00",Office of the Chief Election Officer,Chief Election Officer,1998,2f6eae827585a83481febf4f564168b027dbd27c9b4f97bfb3ff310ae59eea40
Ontario Public Service,"$184,137.34","$7,296.96",Office of the Premier,"Pres. & CEO, Ont. Jobs & Invest. Board",1998,aa3fb848d7a95711b19fa59edec1374af1c8c5f6526037148b6877ff456278d4
Ontario Public Service,"$105,231.87",$274.04,Office of the Provincial Auditor,Portfolio Director,1998,e93a6553cdbeed2f84c27e38873035a38b25b68efac35dcb409a67731ff4bda9
Ontario Public Service,"$100,142.25",$274.04,Office of the Provincial Auditor,Portfolio Director,1998,0e78abd3208007bb310b34f87a7b62fd785f1d8b07fb960a5eedcf6c1f7f8215
Ontario Public Service,"$100,565.27",$274.04,Office of the Provincial Auditor,Portfolio Director,1998,0b7fc91c41f28a25d12fbe19c3865c57163eb08858994eac86b30b39a2849ed8
Ontario Public Service,"$136,604.80",$350.72,Office of the Provincial Auditor,Asst. Provincial Auditor,1998,75c01c2afb2dab5696ffc77c996994cdabc8258c6ba6497e542caed20e3de02e
Ontario Public Service,"$100,565.27",$274.04,Office of the Provincial Auditor,Portfolio Director,1998,b77757b0994655daee2c2e288404ff4884487b80fefc30a8a5342535bcdee5c6
Ontario Public Service,"$105,231.87",$274.04,Office of the Provincial Auditor,Portfolio Director,1998,f9fccd3428ce3ab65418a04a2bda3bf31b41d333a4b3a96f7f601bc44d61677b
Ontario Public Service,"$104,437.12",$274.04,Office of the Provincial Auditor,Portfolio Director,1998,6fcdbf24e763a4c29d62dfabf2285b77257def221d699c9f0b84b1c522508229
Ontario Public Service,"$153,947.20","$5,986.86",Office of the Provincial Auditor,Provincial Auditor,1998,a4ff9febdc9a11152679d49a9f6234f141680d6e82e8140167fdf4411f7fdf45
Ontario Public Service,"$119,703.74",$329.28,Ombudsman Ontario,Executive Director,1998,4c6be4c7a48eb6b3c0e0ba94c2f902d45ced9a1ee027c33de42b805e1fdaf914
Ontario Public Service,"$116,931.88","$4,255.72",Ombudsman Ontario,Ombudsman,1998,57a76ec8b89db62a8c2793eb9345e6a4b323a17b0bf869c2aa4bdee8652f8a79
Ontario Public Service,"$109,371.98",$292.37,Ontario Women's Directorate,ADM,1998,9fa11f41c1668ed1b7eee378eaac0e3944fd07ee179d9163167c81653c9ec050
Ontario Public Service,"$148,714.92",$414.12,Solicitor General & Correctional Svcs,Regional Coroner,1998,46485895134fa1a0a1fe3dbc346cef0344211e8f7bf32b397fc2ed07982f9707
Ontario Public Service,"$148,714.92",$414.12,Solicitor General & Correctional Svcs,Regional Coroner,1998,14115da52e00760779917da25bcc75520d02f6b2d03d8fce408055343e5f8a9e
Ontario Public Service,"$102,781.03","$4,382.80",Solicitor General & Correctional Svcs,Director,1998,cf3badfa1259c366555cbd9336240565e4abcb5142fda27844529c2bcd6a7d81
Ontario Public Service,"$113,502.21","$5,402.50",Solicitor General & Correctional Svcs,Commissioner,1998,a840a2bba31f18404e470c2976136d589868f9fac50e83744c82320cb5f298d5
Ontario Public Service,"$259,294.97",$220.15,Solicitor General & Correctional Svcs,Engineer,1998,d82d34dba3b0ad707c21e5e3a46ad2f58b48a8c58c74b29aced7cf962c0ea119
Ontario Public Service,"$114,107.40",$326.28,Solicitor General & Correctional Svcs,Forensic Pathologist,1998,d5c35a68d9edb80797c0cfaf86b6687da16325a5801ebd8e3dfa266ec2c51d49
Ontario Public Service,"$149,406.82",$427.32,Solicitor General & Correctional Svcs,Deputy Chief Coroner,1998,ca3be19d7c2457291738911ce02e1b05b07dceaec409316fa8f3b0607aae8809
Ontario Public Service,"$106,593.09","$23,900.60",Solicitor General & Correctional Svcs,ADM,1998,eade840983f2869b7e9cecc3ce6e84e1277b5ad5dd105ee469d26aef7a143438
Ontario Public Service,"$157,840.96",$451.44,Solicitor General & Correctional Svcs,Chief Forensic Pathologist,1998,a7d89850cca2dba779731fc17249774fa1b5bf2f49b774969cc754119d46da6c
Ontario Public Service,"$148,715.01",$414.12,Solicitor General & Correctional Svcs,Regional Coroner,1998,95eb58ada342d025c9d7624a8d2b7abd0fa61ba606b8cd18de58373e5a087cae
Ontario Public Service,"$102,876.68",$235.09,Solicitor General & Correctional Svcs,Commander,1998,e45e649083e294de945a5eb7455aba440f27eaf2be79172ef14647c99ed4fda0
Ontario Public Service,"$238,819.50",$279.26,Solicitor General & Correctional Svcs,Engineer,1998,d025387ecb89b975c191f4697165a4bcea5893f4ec0d0844001198a3e4fe9676
Ontario Public Service,"$103,279.87",$176.65,Solicitor General & Correctional Svcs,Bureau Commander,1998,5dcea3b3d0a0cf12ad25fbd643c654b96f565be51ae6d6cf6e578cb8f55e7ffc
Ontario Public Service,"$100,323.99",$256.24,Solicitor General & Correctional Svcs,Superintendent,1998,f844477a23115f9b3486eec1e18344e07f7d40817ad7a30ff24cefc1a07a96ed
Ontario Public Service,"$101,219.13",$277.48,Solicitor General & Correctional Svcs,Deputy Fire Marshal,1998,9f1b73d18406235e1a643899a8898dacd33532ff5beeca31a3650cce54328de0
Ontario Public Service,"$119,410.30",$0.00,Solicitor General & Correctional Svcs,Forensic Pathologist,1998,2841d6a6f714ffdfd32da4b6edb7c1bdae9b3d702e5d7bf5469d4b1382bca529
Ontario Public Service,"$100,566.39",$274.04,Solicitor General & Correctional Svcs,Director,1998,6ef0dd00689ca2bfa0f7aa9a77727b0b0528df8d241dd8f130101b436a6658e2
Ontario Public Service,"$103,474.80",$236.72,Solicitor General & Correctional Svcs,Regional Commander,1998,caeed738ade6a831701b96fc2b45f0c93c995a9fcc6fb58e534381d184a25ff2
Ontario Public Service,"$124,716.76",$283.95,Solicitor General & Correctional Svcs,Regional Coroner,1998,499185fd0e6e349ca5731f0dce7bccb7daaa79734dbc58fe29d551a805afffe1
Ontario Public Service,"$105,806.85",$270.84,Solicitor General & Correctional Svcs,Director,1998,bb1117f5ab609c3b2d46f40fa5dd06e1b4b73a492e28233326f718494ffc7f16
Ontario Public Service,"$103,869.60",$239.56,Solicitor General & Correctional Svcs,Bureau Commander,1998,f7e42584f7ef67342a8e2689084b4dcea8c9410764bbdf1a2d46b9b35842add6
Ontario Public Service,"$109,133.24",$251.75,Solicitor General & Correctional Svcs,Bureau Commander,1998,ce6fcbb8a5540c68c05f973980947bb752d8559d865f0f461783dd53f9d2dbee
Ontario Public Service,"$106,810.61",$168.48,Solicitor General & Correctional Svcs,Law Enforcement Officer,1998,7fa045c4215206af1918cce78723fb980d1dbb172a412bd65b54b6770981b17d
Ontario Public Service,"$100,216.24",$277.32,Solicitor General & Correctional Svcs,Director,1998,86f89ef1cfc174bb87a44639b87b0281e99c5e671841286bc37a969e3f8a7392
Ontario Public Service,"$113,986.20",$319.80,Solicitor General & Correctional Svcs,Project Director,1998,faad5edfcbd525a33a4401cb3a9025c6a5a56e89b5b74c92ff3b511aacafde19
Ontario Public Service,"$135,721.72",$388.20,Solicitor General & Correctional Svcs,Senior Medical Consultant,1998,ff3185293761db0c7bed6fbae1b3270ed0182dfad93a9553f556a82e2cbd721f
Ontario Public Service,"$130,553.39",$346.08,Solicitor General & Correctional Svcs,ADM,1998,c2671c5d649afa75bada7e56d89a9f2fe694ce136d1ed4e70a7de813aa1fd36a
Ontario Public Service,"$146,633.60",$380.42,Solicitor General & Correctional Svcs,Regional Coroner,1998,d5ccaec2172ec002e8a94833304b0f104ed88a0c5044e84f362c047e75e2b2a6
Ontario Public Service,"$148,714.92",$401.08,Solicitor General & Correctional Svcs,Regional Coroner,1998,47632ea50b638d6ce71b20745728cd8e7d92803e0f0eab028daf894759ef6f3a
Ontario Public Service,"$100,554.86",$142.02,Solicitor General & Correctional Svcs,Law Enforcement Officer,1998,28d3bfd6301141c4b8ba7ed7aff3fee9c59c9549ab9228821b99cf1234a4e543
Ontario Public Service,"$128,625.20",$344.72,Solicitor General & Correctional Svcs,ADM,1998,2670b1aa60db9839230558b9c8b521159b89b5b3c935bc9029829aa173f73d76
Ontario Public Service,"$176,611.34","$7,966.14",Solicitor General & Correctional Svcs,Deputy Minister,1998,8f8b0650d9d85d3d7f6b344ad64c4a41e6a006deec9e654ff3cf9b9bc114f212
Ontario Public Service,"$131,744.23",$344.72,Solicitor General & Correctional Svcs,Fire Marshal,1998,8150a5ee2fb005792a88a2a25292be51deb61b13fad7b3a68fbd9d21e6b1c49c
Ontario Public Service,"$131,899.95",$297.68,Solicitor General & Correctional Svcs,Deputy Commissioner,1998,8c1b9090871694bcf882d8ca3445a935bbaddadcb0c2f59978edb5f6456256d3
Ontario Public Service,"$145,258.22",$126.40,Solicitor General & Correctional Svcs,Commissioner,1998,52a6e43eab9b0400461076a3f77cfd15ef13b84a70f7e9072543b48e579ea860
Ontario Public Service,"$133,442.71",$351.36,Solicitor General & Correctional Svcs,ADM,1998,24f0e82d7ad71f0dff831faf756419761808bedd25d92541253e7d25b8dab42d
Ontario Public Service,"$149,407.86",$427.32,Solicitor General & Correctional Svcs,Deputy Chief Coroner,1998,db9b58a3bbc50b46ae0bed59d74cb70351d9c33c3ad28972c88de7f909af8e50
Ontario Public Service,"$142,621.60",$368.88,Solicitor General & Correctional Svcs,Forensic Pathologist,1998,4ff515a6ef10ca07ab55ec792635401f096240805320dda547eaf3692783ba48
Ontario Public Service,"$132,924.29",$345.92,Solicitor General & Correctional Svcs,ADM,1998,9dbe0415e678bec0aab7f7304c2c1a0c4af1cbcb7e4064e2e4a9e4e56baa7745
Ontario Public Service,"$107,545.17",$255.84,Solicitor General & Correctional Svcs,Director,1998,c6e82a7f23b958b6bcbaa42b401319068f19a9c289a4300ce409a89e7b10ad1a
Ontario Public Service,"$109,921.40",$314.28,Solicitor General & Correctional Svcs,Chair,1998,24913cfbdc727e206c54f418fd09c8efe34e8179368e52ae465576b36f5e47dd
Ontario Public Service,"$101,745.54",$245.74,Solicitor General & Correctional Svcs,Director,1998,394a4ac0b577ae6bf7043ba4ed5f12fb6d775d7de6a94392bd040471015f79d1
Ontario Public Service,"$148,714.92",$414.12,Solicitor General & Correctional Svcs,Regional Coroner,1998,fe44bc7ae2290c8242e946d1d10c0b5556ef6e5d2579b4d90a9750634b753a36
Ontario Public Service,"$171,947.83",$451.44,Solicitor General & Correctional Svcs,Chief Coroner,1998,2017c64cc848dfa2f6e5dfba8eeefc5bdc50e732ab19643b6c9b3ef8bf7e605a
Ontario Public Service,"$118,620.85",$326.08,Transportation,"ADM, Policy & Planning",1998,99cf8839c4a3d775d4b1d07a0b3de59d980fecb92fd40c2a0785b03767739ac6
Ontario Public Service,"$101,589.04",$276.12,Transportation,"Sr. Manager, Engineering Materials Off.",1998,0b7696722cff029b9108bf1f8ebe9b65bdc989b87384dcc08911f3a84a03ebb4
Ontario Public Service,"$100,731.07",$281.00,Transportation,"Regional Director, Operations",1998,370cd57f2e99c17ff64b2174ca8041f821c2b689f5500fb57c86e82aee3e188d
Ontario Public Service,"$103,052.10",$278.20,Transportation,"Director, Implementation and Service",1998,227a095cbbe5044391f459ca98de5fcf1da1ed9a0e791fc1b897296e9b28c60f
Ontario Public Service,"$120,626.58",$328.04,Transportation,"Vice President, Engineering",1998,feb2ee5208cdc7b8e13a3b1a62a9b3b20f5c56570dcb28185ead4dcf216bd9e0
Ontario Public Service,"$103,848.60",$281.16,Transportation,"Director, Transportation Sys. Planning",1998,7318ace62d63fdf09c3ea4beec4688fbe7dade004dccf8b230c7912c3461cca4
Ontario Public Service,"$103,991.50","$3,973.42",Transportation,"Director, Program Management Branch",1998,102e57d8e5a09c18a6c95dda8c098301bafd3552193c5a5b02b676fdb9934e41
Ontario Public Service,"$130,724.41",$343.20,Transportation,"ADM, Operations",1998,c953a21fb2ee53ba43d2e5b9b1976a2003d4032b378230a6401669c7985b8ced
Ontario Public Service,"$130,090.26",$342.40,Transportation,"ADM, Safety & Reg.",1998,d28582945538b7e85a0ad0a45ae35c4bc80ef3e2d91070c5335149e438d84204
Ontario Public Service,"$101,239.49",$276.20,Transportation,"Director, Research and Development",1998,a518a726322d0f6dbedbedff69800b73e404b66551e8b1bc3aa4264682c1bb0a
Ontario Public Service,"$104,716.73",$274.04,Transportation,"Project Director, Hwy 416 South",1998,d9128a759f8ccbe9a8e732a6adbf30d74604e4c314f136422f829fbeaeab8902
Ontario Public Service,"$100,566.40",$274.04,Transportation,"Director, Alternate Service Delivery",1998,59945b1b2038eecdc085f4d70f537be1a519ba19f50d42caaa46afdb0ff57665
Ontario Public Service,"$103,848.60",$281.16,Transportation,"Regional Director, Northwest Region",1998,a65e261dff9bcc0a7e1f9bbb8ccc8519fbd2ae875740a4b1ce9f8fe5967caed6
Ontario Public Service,"$145,590.63",$248.52,Transportation,"Manager, Construction Office",1998,7e263aef362891b94b255574acbb52c538f1c44926eaf92505911d17c1d35e21
Ontario Public Service,"$135,210.51",$348.27,Transportation,"ADM, Service Ontario",1998,eab8311f827158abeb4351abe5f6b73fcd8e12a9b0cc3212ef8543c3c10e1512
Ontario Public Service,"$103,885.72",$270.84,Transportation,"Regional Director, Eastern Region",1998,a8ebe8be50ee434b80be42e987257be14278952c8ff6cd034ab3ffd437069935
Ontario Public Service,"$105,627.31",$281.00,Transportation,"Regional Director, Central Region",1998,0452dd7fd223303e5984126d7cec41bf6cf417336b4a2e32f7542b74720abe17
Ontario Public Service,"$104,397.31",$272.68,Transportation,"Director, Engineering Standards",1998,78cd868ee60c50bacb77847a6a72f5b326cc00d238cddac93a8cdc6b313b249d
Ontario Public Service,"$140,335.39",$277.12,Transportation,"ADM, Quality & Standards",1998,ddc9c0df42a5d4f19be10e3df86c2c94edaae7500228c8af2d966ef3bbdf7f33
Ontario Public Service,"$104,863.38",$281.16,Transportation,"Regional Director, Northern Region",1998,094c332bfff52a1ffae735a9c6b6df3739e4b3a172b593515a2c04f8be192ba9
Ontario Public Service,"$154,547.94",$424.92,Transportation,Deputy Minister,1998,4aa120a400b9121fceca192bb2e6f2657a671391b60ac4e81263b79421697266
Ontario Public Service,"$127,443.34",$344.72,Transportation,"ADM, Corporate Services",1998,705025b9a5e8fd09a92cc34fd779a128a6176b6d2b171acf8a97e69212ad8871
Ontario Public Service,"$103,108.47",$276.36,Transportation,"Director, Customer Service Branch",1998,cab1102da5c244bd4aeec2ebea276881c214fa43dd1a0e8836c4a639c748c4ef
Ontario Public Service,"$100,566.40",$274.04,Transportation,"Director, Carrier Safety and Enforcement",1998,f6d711f8faf4eb41f2117ce4d271db5a6dd19d307cb1e965ff7f32cafaa75088
Ontario Public Service,"$100,064.49",$274.04,Transportation,"Manager, Engineering",1998,0a49b0bae260506192e49d3c46326b57ca161121019021f9cf73471b11af6afd
Other Public Sector Employers,"$136,500.00",$793.00,Algoma Health Unit,Medical Officer of Health,1998,55355d8a70928d0efe6ca960714aaca9462c61c5039d95823aaefcebd848ebfd
Other Public Sector Employers,"$104,823.64","$6,043.49",Barbara Black Centre for Youth Res.,Physician,1998,4bf78b6ef5fa684685a6969f26f4b25255569081ed5892a887bbb661246790e9
Other Public Sector Employers,"$127,854.00","$4,112.00",Barrie Community Health Centre,Physician,1998,520ed4013669466c767269297e88366835daab2a2fdf6c983ff555de85c4f001
Other Public Sector Employers,"$120,442.56","$4,769.20",Black Creek Community Health Cent.,Physician,1998,135d6b49828b18384b5b1f732d2d84e4d724aa12773f4159110f0262b10c8d4d
Other Public Sector Employers,"$128,315.00",$560.00,Bruce-Grey-Owen Sound Health Unit,Medical Officer of Health,1998,14b6b4d335ffe611acae140ec1dc0d12b4355f7680e1c16fdc9f66f963ecda95
Other Public Sector Employers,"$111,583.68",$322.54,Canadian Hearing Society,Executive Director,1998,aa4b055421494b9523feb0d5c23bf0b97abd3ef6d43947d153fdd094083683c0
Other Public Sector Employers,"$107,780.00",$641.00,Canadian Nat. Institute for the Blind,"Director, Business and Special Revenues",1998,b0a8928e8cead7edd4cc15071fdd5743ac71b6422c824e7ba42e9328d17a557a
Other Public Sector Employers,"$112,508.00","$4,854.00",Canadian Nat. Institute for the Blind,"VP, Marketing, Comm. & Foundations",1998,a6f2ca9bac1d87d2255bd866ba7eb52b1c5daecd9300c5fa646f5556a74bf7e7
Other Public Sector Employers,"$160,000.00",$644.00,Canadian Nat. Institute for the Blind,President and Chief Executive Officer,1998,616124de27b02850cd696595026850ccb13333a6a66220900445e9518fcbf59f
Other Public Sector Employers,"$103,500.00","$2,326.00",Canadian Nat. Institute for the Blind,"Exec. Dir., CNIB Library for the Blind",1998,c0a6e8c91bee8076c27a19312a67cf79baf0113fdff6600371be7c6852823030
Other Public Sector Employers,"$122,742.00","$2,609.00",Canadian Nat. Institute for the Blind,"VP, Strategic Planning & Operations",1998,4edb29ec8520258e1ee649beea6048c665f9c63c369912af100fdc8abdcf89ec
Other Public Sector Employers,"$102,333.00",$594.00,Canadian Nat. Institute for the Blind,"VP, Client Services and Technology",1998,fb125ae85e93ad9d2b9bda6be54bab9a0c50cb3a4e8ee10b428ae2cef67cb0b0
Other Public Sector Employers,"$142,208.00",$981.00,Canadian Nat. Institute for the Blind,"VP, Finance and Treasurer",1998,936b906453a2492b0a03fb6fefb093931d33d0b43c5b71e4320c594e0489a71a
Other Public Sector Employers,"$111,375.00",$0.00,Canadian Red Cross,"Nat'l Director, Human Resources",1998,884c28da2d9aa11db76668764a6cc7be286ca1fc93ef652edc9d446d9aff65e7
Other Public Sector Employers,"$185,000.00",$0.00,Canadian Red Cross,Secretary General,1998,10e4b47c7a403877b857bdd5ec1e9c12451f7a090af5a926f1b55f26afee718a
Other Public Sector Employers,"$141,000.00",$193.20,Canadian Red Cross,Chief Financial Officer,1998,612bed830cf13c03026cbfe32e043a8658f1664788f0ed90c110cb3fd011eaa2
Other Public Sector Employers,"$181,400.00",$229.61,Canadian Red Cross,"Nat'l Director, Blood Services",1998,09d5a03438a51db3eb9adb2e6ecf1d39b096bd7ddfe37a9a203ca537ee9ebb16
Other Public Sector Employers,"$152,500.00",$209.08,Canadian Red Cross,Deputy Secretary General & COO,1998,947ccd1811052e4c306efa224b938408f870a6f2a847b872ff5a0795bfffc88e
Other Public Sector Employers,"$137,890.00",$188.82,Canadian Red Cross,"Nat'l Director, Disaster Relief & Prev.",1998,df517060962d3ac73a07bd31e8b4fea0228ed7739a863b4e8c5bd35adb6fd28a
Other Public Sector Employers,"$102,584.00",$0.00,Canadian Red Cross,Program Director,1998,42fa5e71f12fc7016b4fa2a8d69cf56eaccbb88a74fdf2556bb91a0818af0d5d
Other Public Sector Employers,"$110,900.00",$0.00,Canadian Red Cross,"Nat'l Director, International Services",1998,4e7ef554a2b2a1265d3b8be5e9a9efa99015ff3809699ef07e3f054c3085d061
Other Public Sector Employers,"$118,000.00",$523.00,Cdn. Coord. Office for Health Tech,President,1998,9ee05e309bab7454fd83dc88fbb6df8cbbde180f1120a7fc3788a2fd61cd821c
Other Public Sector Employers,"$123,119.00",$0.00,Central Toronto Comm. Health Cent.,Physician,1998,6633d52b93096c195502e768e23a6a2fc25564019b201e3f59a434dae24105c3
Other Public Sector Employers,"$123,119.00",$0.00,Central Toronto Comm. Health Cent.,Physician,1998,f5186ae8eb3ae4a539fc86889bc7907e17d610dc42ce129517038fdc35d46e49
Other Public Sector Employers,"$123,119.00",$0.00,Central Toronto Comm. Health Cent.,Physician,1998,c62f963bbc33f5e6272dd995765aeee172b61347e3099aeab0852832dc452362
Other Public Sector Employers,"$123,119.00",$0.00,Central Toronto Comm. Health Cent.,Physician,1998,a3aa9a518dbcb3450bd8f60d1c77f59c855cc12b3a97ad8522bd81b5babf625f
Other Public Sector Employers,"$138,463.00","$7,404.00",Centre de santé comm. de l'estrie,Omnipraticienne,1998,588ba7d79a7a987c5084d6bd6636e984fc3dcc6c5ffcef66285e447156a3c212
Other Public Sector Employers,"$140,715.00","$7,546.00",Centre de santé comm. de l'estrie,Omnipraticien,1998,c30cc65b630dd844a106a7d8d59631d7ec233525c863d110dd19288761c5736b
Other Public Sector Employers,"$100,676.01",$996.79,Centre de santé comm. de Sudbury,Doctor,1998,32be70ae81180d30fcbfca1419de13a09695096a2ff4b1cb793048228d1b0073
Other Public Sector Employers,"$124,965.90","$1,846.79",Centre de santé comm. de Sudbury,Doctor,1998,313cf84e51d6e53abe1d0597a07abaa6466c33aec089004b6d1a491a0e211d94
Other Public Sector Employers,"$118,348.42","$2,998.20",Centre de santé comm. HWN Inc.,Médecin,1998,02f9fb8262dab05a470c286b50e5d4d630f1f0f8fa8629810a905f14634275e6
Other Public Sector Employers,"$115,061.00",$596.00,Centre for Addiction & Mental Health,Clinical Director,1998,5baacb50c04c90edce826443dd080552bf0470ac80b61bcaaa501a08976c3e5b
Other Public Sector Employers,"$119,939.00",$0.00,Centre for Addiction & Mental Health,Physician,1998,99ef6b7dc38b27a49e94e9a3f0f065e1fdd792904b42c054164e0ee728aeafa0
Other Public Sector Employers,"$100,961.00","$1,153.00",Centre for Addiction & Mental Health,"Exec Director, HR & OD",1998,3ac19e68e71ff86e8e96701f00c3dd6aed5b00e164bf773d16c6aedab219db95
Other Public Sector Employers,"$104,511.00",$266.00,Centre for Addiction & Mental Health,Psychiatrist,1998,c12ff36329c508ee54b22c285d3ca9b081ab72db6cf316e3295f6c9488291d25
Other Public Sector Employers,"$105,077.00",$636.00,Centre for Addiction & Mental Health,"Director, Research",1998,c2270132daf25234253a8891cac118070c38f83c7e6b8c7153b7357d280ce064
Other Public Sector Employers,"$116,941.00",$0.00,Centre for Addiction & Mental Health,Clinical Chief,1998,3d292503d633d6f088cc23847d1020f018792c56928b4d82d57dd61d062154ed
Other Public Sector Employers,"$119,861.00",$445.00,Centre for Addiction & Mental Health,Chief Information Officer,1998,0422318ceef8253bfadded0172b3f9712ea3c08d9aa28dbf1c7337b9405d2362
Other Public Sector Employers,"$104,511.00",$266.00,Centre for Addiction & Mental Health,Psychiatrist,1998,cc402660eb8bcc781fb147a02a1c244a2b812d35fa1bd073e7ce92b9cef92e4d
Other Public Sector Employers,"$110,920.00",$384.00,Centre for Addiction & Mental Health,"Exec Director, Marketing & Comm",1998,7bbe09f9b5429ff6ac6b9c106317f7080d7bcde9633c1104fed9ef97f2d266fc
Other Public Sector Employers,"$108,621.00",$381.00,Centre for Addiction & Mental Health,"Director, Biobehavioural Research",1998,cf87e26d3ab771567552cf11c5343564d652e5c285e07e210c9c5894a8834e19
Other Public Sector Employers,"$106,607.00",$276.00,Centre for Addiction & Mental Health,Clinical Chief,1998,b8943df81dcb74bf63d9f9d93baf9903b8a1863bc0509b6560ca7c36f8fc47e1
Other Public Sector Employers,"$131,816.00","$22,581.00",Centre for Addiction & Mental Health,President,1998,cd8212c0b7655406408b8a0c9720b9996f44bad23ebabef29297045884ee330f
Other Public Sector Employers,"$119,939.00",$0.00,Centre for Addiction & Mental Health,Psychiatrist,1998,eed98392bd635b30935cdc3d07f84f8b3a01c9ce4328897ab219a4e572366ca7
Other Public Sector Employers,"$101,905.00",$266.00,Centre for Addiction & Mental Health,Psychiatrist,1998,e633140b749736ba144b2f16eda615bd863c92660b8d3081ec65bd40cd4a8a50
Other Public Sector Employers,"$119,939.00",$0.00,Centre for Addiction & Mental Health,Psychiatrist,1998,626c96a2a64ea27e717a6f64229394b9221978e001d810aa22c9e1d03a350803
Other Public Sector Employers,"$104,511.00",$266.00,Centre for Addiction & Mental Health,Psychiatrist,1998,c059585b5b793b3d0ab568ab3309a603666adc0450ae07b75cae6e9fdc156c1a
Other Public Sector Employers,"$146,698.00",$495.00,Centre for Addiction & Mental Health,Clinical Chief,1998,8a02197c79aca410bd620e2e5c5bdacb4b125adef6c006525fb164710d515946
Other Public Sector Employers,"$119,939.00",$0.00,Centre for Addiction & Mental Health,Clinical Chief,1998,a20cadc265807b4457d6cfb36c6306ebce88395ba867d451c9b72607869661d5
Other Public Sector Employers,"$135,517.00",$468.00,Centre for Addiction & Mental Health,"Vice President, Community Prgms & Srvc",1998,c0edf335e0b24573b03d7b84e37f4f47476e60341c88bbfcf8dd1d20c2abe1ff
Other Public Sector Employers,"$119,939.00",$0.00,Centre for Addiction & Mental Health,Psychiatrist,1998,ea1ef68390b1164ee03546f122ea8aec4e03d2297b762ec6341f8e987cec3b9a
Other Public Sector Employers,"$129,843.00","$12,688.00",Centre for Addiction & Mental Health,"Exec Director, Finance & Admin",1998,ecf3532b8b4a0f3755fb023eff99fa03f0cc4e43cacbe97dd3be5015622661b2
Other Public Sector Employers,"$103,448.00",$363.00,Centre for Addiction & Mental Health,"Director, Public Rel & Fundraising",1998,93fb04f7573a19768bf30d7e783e2c2a4001d53d7a739e177f1e6ff84a59a7c2
Other Public Sector Employers,"$179,631.00","$1,603.00",Centre for Addiction & Mental Health,Exec VP & COO,1998,7476cfce4b75d694fb9c6d9098cd48a47bd94bf2b3715592b1a03550377b95b4
Other Public Sector Employers,"$116,963.00",$0.00,Centre for Addiction & Mental Health,Psychiatrist,1998,20544021a971a19bb70700735df3a37215b6997407aaf02766e0a926c5146932
Other Public Sector Employers,"$191,379.00",$671.00,Centre for Addiction & Mental Health,"Vice President, Addiction Prgms",1998,fc15c53826ba057fcacd8a86471146dcc495fd7bd18d19e1cbd1588658d58943
Other Public Sector Employers,"$119,939.00",$0.00,Centre for Addiction & Mental Health,Psychiatrist,1998,7233ddfd202cc0e1c718d8df56293544ec2759cff3ac3b94db1663824e7178c4
Other Public Sector Employers,"$104,511.00",$266.00,Centre for Addiction & Mental Health,Psychiatrist,1998,7f94c272ce764ee461654c484803354c87577ef1246eed006298dd83e6b5e454
Other Public Sector Employers,"$114,327.00","$1,245.00",Centre for Addiction & Mental Health,"Vice President, Mental Health Prgms",1998,07d534b2e57a135db7975235c340b22b58d3b623c6b076aa741d1d1dcbb3940a
Other Public Sector Employers,"$122,800.00",$702.00,Centre for Addiction & Mental Health,Head Biochem-Psychiatry,1998,77dcd5ad125f12bb06585e02b27af646c79c97fabfc5c18e15ff59271f0b455b
Other Public Sector Employers,"$118,419.00","$5,352.37",Centre médico-social comm.,Doctor,1998,2f3277e5d6fdb2b8e3c34d7bc8b5dbb99cd2f66ea164a90bfbacf4e2517a9543
Other Public Sector Employers,"$120,448.08",$419.64,"Children's Aid Soc., Hamilton-Went.",Managing Director,1998,2efcfabe01aa396662ff70965a74c5e3aecd0a03ae18f584638d2d148506ada2
Other Public Sector Employers,"$110,732.13",$245.52,"Children's Aid Soc., London & Mddlsx",Executive Director,1998,feb39c6e5ba2552e1e2759fea9a5c61138a601978149a37335c485eb94112720
Other Public Sector Employers,"$105,091.70","$7,198.88",Children's Aid Society of Toronto,Director of Service,1998,ba6cdb712c4d73ed900cf8d4ab4d542bdc10cdbcb485cc3b1d2a6cf7c78821f0
Other Public Sector Employers,"$101,539.20",$623.82,Children's Aid Society of Toronto,"Director Finance, Admin & Inform. Srvcs",1998,76f04c0c3dbcc257b32fbc51987b1bc324d9ff47b40e53c83215595ecdce08cd
Other Public Sector Employers,"$129,395.00","$11,146.32",Children's Aid Society of Toronto,Executive Director,1998,e4994dc7833c3bfce1063a5030ea59bea470ef53d54c0dfcac40f8b135bee5aa
Other Public Sector Employers,"$101,841.30","$9,957.20",City of Toronto-Ambulance,General Manager,1998,01bd78118e318d0b9f0995511d07e43b3f22b0f6e02c279d7227534f9e6b0d3b
Other Public Sector Employers,"$104,836.46","$5,960.49",City of Toronto-Ambulance,"Director, Communications",1998,763524f7c61382323ef67c1b15ecc379a36c4603e5b66cbfdaf60519bb755dc7
Other Public Sector Employers,"$130,000.00","$19,500.00",Comm. & Information Technology Ont,President,1998,c516f5a6977a7c9bc03610010cb946908640b38842cd833b38a2334d08aa27aa
Other Public Sector Employers,"$129,591.13","$6,788.91",Comp. Rehab. & Mental Health Svcs.,Executive Director,1998,d3b45342f586f386d0d435ae3db754b50563e3f4ab7f0ed01e0f0f343fb7a373
Other Public Sector Employers,"$123,123.00","$13,544.63",Country Roads Comm. Health Centre,Physician,1998,287e770256b14b58a32b3174252c1e3b533c620119495d06d446f1bfac9dcb0a
Other Public Sector Employers,"$123,103.50","$7,408.64",Country Roads Comm. Health Centre,Physician,1998,cd9f036299506a0df3913dd80840aa6d084f944780148d871c580fef06ab40bf
Other Public Sector Employers,"$116,711.19",$770.66,County of Lambton,Medical Officer of Health,1998,acfe1fc7ed33d2f0ee6a68606a9363482806c2e277b55e12b50bf3069f71b75c
Other Public Sector Employers,"$100,380.38",$658.83,County of Lambton,Chief Administrative Officer,1998,8e74c043c10a21e602ff34cad02425d53f900aeffc5d70d9d5c8a63cdb62027b
Other Public Sector Employers,"$146,121.68",$634.56,CRESTech,President and CEO,1998,df8bb04857b2bfed29ae2cb9e3efdff1edbdc0a8cc29342299ecf38d801410ea
Other Public Sector Employers,"$123,118.92","$2,383.28",Davenport Perth Neighbourhood Cent,Doctor,1998,3e1c6bfb4946b35e5aa7689d9206a0741bfcd12d1b1b119c288546b07c961f04
Other Public Sector Employers,"$107,783.17",$640.62,Don Mills Foundation,President and Chief Executive Officer,1998,6556c88f12b25d7a7b3723d0ab3485e44afc671b92da3a03d30c9178ba0e4e2c
Other Public Sector Employers,"$134,543.00","$1,023.00",Dufferin-Caledon Health Care Corp.,Chief Executive Officer,1998,2ffa923b903367be5e2bcc8b3dfde19710ddc97cd64c30e84fe2ef113a263e4b
Other Public Sector Employers,"$102,397.80",$388.68,Durham Children's Aid Society,Executive Director,1998,2389b8fde105507890014cec00a2107add52e710feeed6ba5ac53de13fa8fc22
Other Public Sector Employers,"$129,681.00",$499.20,Eastern Ontario Health Unit,CEO,1998,63da73476d2ff53dc3c7d9de456b8bdbd948b898c7c76c3964b0b364064af020
Other Public Sector Employers,"$111,692.23",$441.85,Erinoak,Medical Director,1998,fbbe9b8405b5c79f436e0cd18f22ce8fd81f687329f52209dfdf1ce8d4411139
Other Public Sector Employers,"$101,578.00","$11,226.00",Family Serv. Assoc. of Metro Toronto,Executive Director,1998,b95a33ca4418575847c208f929ae770937814a005992c1e0b1dafa19880eecac
Other Public Sector Employers,"$118,999.92",$589.20,Grandview Children's Centre,Medical Director,1998,5954fe702d2ca9bce8dcde3b29e3acc1f8d386476d91f5d5b2b2c5ca996ae611
Other Public Sector Employers,"$117,988.85","$5,915.00",Guelph Community Health Centre,Family Physician,1998,4d0c68c47ba6c387ee144e71a38e8b8d6cd7e6ab39f2bf454cc663134def680e
Other Public Sector Employers,"$117,988.85","$5,888.00",Guelph Community Health Centre,Family Physician,1998,c1a1697ad973980f8139424209ac602f673fb10c718149168266b5149312fbca
Other Public Sector Employers,"$117,988.85","$5,888.00",Guelph Community Health Centre,Family Physician,1998,e791b1eecc6e4fe2b7aa9b769a0c1fef1dd3b47918672be955d5a7b051ef9b28
Other Public Sector Employers,"$157,971.06",$170.56,Hal. Kaw. Pine Rdg. District Hlth Unit,Medical Officer of Health,1998,2aa6a6d178454c2cb716c11b12c54725fa3b1ca6105094d8cdffc9715879f24a
Other Public Sector Employers,"$108,824.14",$170.56,Hal. Kaw. Pine Rdg. District Hlth Unit,"Director, Dental Programs",1998,d6f1d19811f18687262c36b2f7906ba4ec2722548be3018258df6f966e389a08
Other Public Sector Employers,"$151,936.12",$968.16,Hamilton Program for Schizophrenia,Executive Director,1998,4c55ed36633d90df6aa8bb1073a7e48e00efd2994fad5fbf1b297e1a18b19d15
Other Public Sector Employers,"$132,988.00",$448.00,Hastings & Pr. Edward Co. Hlth Unit,Medical Officer of Health,1998,e954b04322a9f46d1f476fbcab8dbd17a2983ca1b273d24b5ae476cf733c04a2
Other Public Sector Employers,"$155,667.25","$1,040.52",Inst. for Clinical Evaluative Sciences,CEO,1998,2880094db67b60f20cf7b41047317b2a33141bd108fd8ad9dcef64ec50e62300
Other Public Sector Employers,"$106,116.48","$1,329.45",Jewish Family & Child Service,Executive Director,1998,1fc505c4f6cbfa61db60bbd25f6422f085c70677232a526ff1f9db9204a19c10
Other Public Sector Employers,"$109,013.10","$2,568.48",Kenora-Patricia Child & Family Svcs.,Executive Director,1998,8fbed20655e4b6804400da50855e6a6e84cdb411b5aa272beb0f233fd6546d6b
Other Public Sector Employers,"$128,826.72","$3,065.09",KFL&A Health Unit,Medical Officer of Health,1998,e321d0b7efc3fe0a7700203ecf8e72515547d2f702cc5714e5866ca118e13000
Other Public Sector Employers,"$120,400.02","$8,435.05",Kinark Child and Family Services,Executive Director,1998,008cb37c960e7a189242fe3fa60f609df5c4fb824514513c4516b97dcd26bb3f
Other Public Sector Employers,"$123,731.99","$5,309.60",Lakeshore Area Multi-Service Project,Physician,1998,a5d4feb48ef6ab26ef058f7ca2c3aac3648d8c8cedd8dcb02861665201cf7bcb
Other Public Sector Employers,"$117,766.00","$11,377.76",Lawrence Heights Comm. Hlth Cent.,Physician,1998,6830baec52feef4a4cd413dd7913e507336b677b30b756e9db35d90febcb8e11
Other Public Sector Employers,"$135,000.00",$0.00,Materials & Manufacturing Ontario,President & CEO,1998,897098b842adadfc64ef558ee00ac93ecab4b0fd9fe5cb8c7bd4a60e53982a80
Other Public Sector Employers,"$117,659.36","$16,280.18",Merrickville District CHC,Physician,1998,07f2a798fe5e9d6eeb6d14e6747159af703747bd8b6e4ce53a5f62646e43d713
Other Public Sector Employers,"$116,396.06","$13,723.84",Merrickville District CHC,Physician,1998,dd646c82b9e49402430ea79f92c061ac1c93f7bcb205b3615e45f4a8eb93855c
Other Public Sector Employers,"$100,894.15",$325.44,Metro Toronto Housing Corporation,"Director, Asset Management",1998,c042f0fb8106beefbf945f19c28b9b36aed4c27410501051f8a0895f5e44b2cf
Other Public Sector Employers,"$131,545.51","$6,000.00",Michener Institute for Applied Health,President & CEO,1998,200fb4e156891389bea2424c1867b37b7b49925a226695526c97942e983963ce
Other Public Sector Employers,"$112,963.86","$2,692.92",MICs Group of Health Services,CEO,1998,7372441b58c3b07d708723f2889a1716397be04e06763b815361c1622c69a008
Other Public Sector Employers,"$104,186.00",$413.00,Middlesex-London Health Unit,Dental Director,1998,7dfa91253bfd31569c3183d3b88d7c8e5869b3ab85237355f254c5d2c2d37007
Other Public Sector Employers,"$144,704.00",$413.00,Middlesex-London Health Unit,Medical Officer of Health,1998,4a27beeb09f4b31889a5958e69c612019ec2650691337521ac52f47f74990036
Other Public Sector Employers,"$110,000.00","$1,502.44",Muki Baum Assoc. for Rehabilitation,Executive Director,1998,cad09fdcd5287d76b432c3d12eb1fb543c29028f3d3275271ba2a89d95244f0d
Other Public Sector Employers,"$122,849.00",$376.00,Muskoka-Parry Sound Health Unit,Medical Officer of Health,1998,3c6acd75de73e9a89a03eaa302f8545b97f6d3caea4a284c63c459de5a03fbc2
Other Public Sector Employers,"$104,602.98",$696.36,Niagara Children's Aid Society,Director,1998,024f4265af031121128f4b230750ebc398a3ca3f3d6c7f57a65ba99afecc6ec2
Other Public Sector Employers,"$107,305.95",$414.66,Niagara Rehabilitation Centre,Executive Director,1998,f4c274a633283feefec5a621b1147919da347fb09e3147de6b8cf123d4f8f9ed
Other Public Sector Employers,"$144,893.06","$3,219.53",North Bay and District Health Unit,Medical Officer of Health and Exec. Dir.,1998,d35c8de5059d086a065d50b453fd3b82b27135ccc16b500f72a88828e2ea1e77
Other Public Sector Employers,"$120,411.00","$6,244.00",North Kingston Comm. Health Centre,Family Physician,1998,5ff63c2b7aca17000e2b22bbc54e9006d50496c71ffa12aad8793bee5c61d919
Other Public Sector Employers,"$140,733.36",$529.63,Northwestern Health Unit,Medical Officer of Health and CEO,1998,34360c87c4c9dce895ff1ee325d18606a4f13ba5801f9e1e77dcd165a2c7397c
Other Public Sector Employers,"$118,664.00","$6,298.00",Ongwanada Resource Centre,Executive Director,1998,4fa3b45c9d69228743db57969e21c9834e2503e594f35dbfabd628ed3d57223c
Other Public Sector Employers,"$137,520.00",$0.00,Ontario Agri-Food Technologies,President,1998,85b3c70a4d70b2611e809c870728d2b315944bf1d53fa1949a80768b53be5001
Other Public Sector Employers,"$127,048.17","$5,593.12",Ontario Assn. Of Children's Aid Soc.,Executive Director,1998,ec84dcacd7a6b96bc0f2985f89a6236cc4ef9d875ae1a77410650061d9a18c7f
Other Public Sector Employers,"$100,428.14","$5,285.19",Ontario Dairy Herd Improvement Corp,GM,1998,73df11d5c561d350de2c105e3177310bd013cb38c1a085982899adb4d1842b0d
Other Public Sector Employers,"$123,452.36","$2,004.40",Ontario Dairy Herd Improvement Corp,GM,1998,13b88daad09a1765efa5ac20ce057b7e97c51cc4b15c1d10a6e489bf0be17557
Other Public Sector Employers,"$121,731.00",$672.41,Ontario Hospital Association,"Vice-President, Corporate Services",1998,eaf7fc7a9710e1d0df418b239db4d603a540dee3f2d45956b7d12a9cddeee94f
Other Public Sector Employers,"$112,246.00",$614.87,Ontario Hospital Association,"Director, Central Negotiations",1998,d23c859fe38193c3cd787aba2e12e1540fd5de11a4520c9f1d0c393ab83b1196
Other Public Sector Employers,"$111,154.00",$605.50,Ontario Hospital Association,"Director, Education & Convention Svcs",1998,b23615a493dd4e082c29747171efc6ab8f61218e076dbe2f4ddc3a6d79a2315b
Other Public Sector Employers,"$116,307.00",$641.00,Ontario Hospital Association,"Director, Hospital Relations",1998,9b55afcaf39401889e1addf915160fb260c391fa8d72bcde28056d459ea30c77
Other Public Sector Employers,"$128,520.00",$708.35,Ontario Hospital Association,"Managing Dir., Negotiations & Consult.",1998,1fbbd08d427af1948d6a1ab4986d3298f427ea5fb4c80117307f8de32333f67c
Other Public Sector Employers,"$232,905.00","$1,241.53",Ontario Hospital Association,President & CEO,1998,d3a2b2323137ab5fde1273bcd4c8e13405b53546e17860d710462148a02eb422
Other Public Sector Employers,"$166,154.00",$916.14,Ontario Hospital Association,Chief Operating Officer,1998,716316654627d1aa2913caa35f7d95c76f109b2d297a06d103f618eb81ce1542
Other Public Sector Employers,"$111,032.00",$600.98,Ontario Hospital Association,"Director, Human Resources Strategies",1998,a52e69a6424c1bab6936ac1e844b1252eebbc70c30c14b507259bd464092618a
Other Public Sector Employers,"$127,060.00",$701.27,Ontario Hospital Association,"VP, Public Affairs & Education",1998,bfa980e6b80357c3fac34b6ffb5674ac4d2db2f02b1f1fa353b005e3086535ae
Other Public Sector Employers,"$108,160.00",$595.16,Ontario Hospital Association,Legal Counsel,1998,e216aff92f7f8cb3763b07c683bf17c32c7d1aa031670c35fa45406160782c65
Other Public Sector Employers,"$152,593.00",$841.95,Ontario Hospital Association,"VP, Hospital Employee Relations Services",1998,c14aba6473d45b16297a3443bead710370ab0611499285d2278734ab96699a2f
Other Public Sector Employers,"$103,904.00",$572.38,Ontario Hospital Association,"Director, Hospital Relations",1998,9476c996119d51a01f5f7ee4ea8abdcddf50cd97be55b9dd32902e9e20cdc641
Other Public Sector Employers,"$120,573.15",$629.49,Ontario Legal Aid Plan,"Deputy Director, Legal",1998,54e4fcc841e9538ae05e2f42a4a291bf99df6befff3bfc61b3e66ce1024ad76f
Other Public Sector Employers,"$139,403.82",$708.50,Ontario Legal Aid Plan,Provincial Director,1998,47e4147a7315993da22d44ae0e6eb25c14731d4efa096ce3706c09d05488e3a4
Other Public Sector Employers,"$106,961.58",$564.11,Ontario Legal Aid Plan,Clinic Funding Manager,1998,ecf276bc76afe73d68a92f3fb1747e85413da0572ab0b733e7b0bbdd6f9cb856
Other Public Sector Employers,"$117,890.00",$613.35,Ontario Legal Aid Plan,"Deputy Director, Appeals",1998,97a5e48a745fd40583f16790fecb8f055147d533e8d0128dc86ea6f89974898c
Other Public Sector Employers,"$117,374.78",$615.61,Ontario Legal Aid Plan,"Deputy Director, Finance",1998,8c1b1400dd99c77c79fe1ffb6695b5b70f3d6f998fb9e5541f92e3b64e666603
Other Public Sector Employers,"$100,298.39",$525.83,Ontario Legal Aid Plan,Legal Accounts Officer,1998,44da83472ad247f144490ed31dc4e54f1be81a163969cf1acf9123aea52d6e14
Other Public Sector Employers,"$103,465.40",$541.98,Ontario Legal Aid Plan,Coordinator of Client Services,1998,61b1728730aa32831b29733d465f4c8b02ea1ed2a3621cb34397abb7c9af285c
Other Public Sector Employers,"$101,842.14",$532.74,Ontario Legal Aid Plan,Director of Research,1998,91d399e1c23582c3868ef392f12a1e780bd5e2293899781e293ef27fd496be99
Other Public Sector Employers,"$109,471.00","$3,028.00",Ontario Mental Health Foundation,Executive Director,1998,befc6566e6b40fb22e396067850e7e021efbd4eb2fddb653b732781751660110
Other Public Sector Employers,"$103,426.97","$1,998.55",Ottawa Public Library,Chief Librarian,1998,170f9672de0f00ccdfc70871bb07ad9cd3eeda8df0c98bdc7c6ad59363e53d3f
Other Public Sector Employers,"$122,330.61",$527.03,Ottawa-Carleton CCAC,Chief Executive Officer,1998,cf2df2cb8586521a1981269d9e827aee6adda33317040ce8a68cf8d89b9e4fe5
Other Public Sector Employers,"$125,490.00","$5,916.00",Ottawa-Carleton Children's Aid Soc.,Executive Director,1998,36a315a067aae8e60db569b29be2df717f8df0ece541f29020274ccf717b4356
Other Public Sector Employers,"$123,119.04","$3,940.28",Parkdale Community Health Centre,Physician,1998,8373f849ec250922b5639149759a63bfa06efa52b16fb9d4735f8e9698f95d7f
Other Public Sector Employers,"$111,342.48","$3,694.64",Parkdale Community Health Centre,Physician,1998,20390ab579bea907dbc97cdfe18661af91c6f5c7f7bf8144a9b6dd7d3221fe67
Other Public Sector Employers,"$120,530.00","$13,065.00",Peel Lunch & After School Program,Chief Executive Officer,1998,507959848bbdc942356f460e5d9b01466c64452332daf486f961fb4f85f39ea0
Other Public Sector Employers,"$101,194.66","$2,197.96",Peel Non-Profit Housing Corp.,General Manager,1998,8aa5ba59d2078aafa13a45cacb61fb552e422be96c202b640a2750947b7971df
Other Public Sector Employers,"$101,782.45",$351.30,Peel Police Services Board,Inspector,1998,dc0484a92f385568a57be12f876b54860d518b07a4ce351873694df192c01a2e
Other Public Sector Employers,"$118,891.84","$7,435.94",Peel Police Services Board,Deputy Chief,1998,8a8bbee94b2ad542cdbb44f5a0c7b11e11e9749d8ea3f93058eab15789626cd8
Other Public Sector Employers,"$125,528.54",$357.10,Peel Police Services Board,Inspector,1998,15c69237bb3196093ce442c91770344be7c30d2dba0b61fd5db68f46d758b7e4
Other Public Sector Employers,"$119,223.63",$430.99,Peel Police Services Board,Director of Police Finance Services,1998,9c391c4d6c8d20d48000a5d049b82639faf9aa9922175e9c5284e62b847a33b2
Other Public Sector Employers,"$131,930.50","$5,581.85",Peel Police Services Board,Staff Superintendent,1998,0086216cb1c19c3a51cc4f0c765647462a5501cd8091d193af391d4f91caea6a
Other Public Sector Employers,"$147,244.63","$7,566.54",Peel Police Services Board,Chief Administrative Officer of Policing,1998,bcaf328c5429907d59ea1716c47002f08a68e0499b2d65ccf6a1251f81fc4684
Other Public Sector Employers,"$119,647.43",$348.02,Peel Police Services Board,Inspector,1998,7862af3012db0d3b0aba3baa9925a69b44f426f21f729bda058cca431c60788a
Other Public Sector Employers,"$153,554.69","$7,302.72",Peel Police Services Board,Chief of Police,1998,af7db3ecc98d176a5863648c34cee1b20bcdaff35ba39d19cd5b7d671def75ca
Other Public Sector Employers,"$101,591.30",$270.94,Peel Police Services Board,Detective,1998,37f7e9133bcd4a2749a5cae40fc2cf86ef0c235724a560a5491bbc104f735e80
Other Public Sector Employers,"$125,831.57","$6,664.11",Peel Police Services Board,Superintendent,1998,ac83e29a9c71dc978dbadc8e01053e65f6f8095bb39ceeebd59de5d141c4703d
Other Public Sector Employers,"$129,198.47","$5,295.15",Peel Police Services Board,Superintendent,1998,488293d7d0fe5625aa8ff6f255c08370b1ed2b4582e8314f78a32935e45cdddb
Other Public Sector Employers,"$103,190.32",$363.33,Peel Police Services Board,Inspector,1998,3da1f53160d7fd1959e09413b27773cfab4a26807a80614c22abbd3debe9fab8
Other Public Sector Employers,"$110,278.92","$5,422.85",Peel Police Services Board,Superintendent,1998,7386a8be0e010a60eb9fc6fc627473f469d9902ff4603d58e0ecc08e5093c2a2
Other Public Sector Employers,"$100,733.79","$5,934.74",Peel Police Services Board,Superintendent,1998,a08474545377ebc602c52cf2e285d44ddace2fd34d2e99352ff5e550b48e8397
Other Public Sector Employers,"$104,304.74","$5,790.68",Peel Police Services Board,Superintendent,1998,d114546aa76ae2892e7d9fa7cecbee3895580a3140dbcd1cabc487b828b73c85
Other Public Sector Employers,"$111,313.14",$270.94,Peel Police Services Board,Sergeant,1998,4eef532f756946bb2d596afdac5226706f7fcd5ffac800a7885dbc3540768db8
Other Public Sector Employers,"$131,866.33",$299.97,Peel Police Services Board,Staff Sergeant,1998,7195943621830cff27719d9a7a0f564463a9e837386968551c2f51c4c4585670
Other Public Sector Employers,"$124,748.28",$357.10,Peel Police Services Board,Inspector,1998,c6829fbd977a65e6090a8cdc9e50d4d2eca6274da4589a385e38ec830762d977
Other Public Sector Employers,"$104,883.92",$270.94,Peel Police Services Board,Detective,1998,150cb526f45b25a14214968252acde92f1c5410893a0d24fd1ed10da6f4c404a
Other Public Sector Employers,"$117,913.09",$358.85,Peel Police Services Board,Inspector,1998,fb081c1a66a512e04b04261d9dc23d0e15b82f4e069c0d04f3d05828418a77f6
Other Public Sector Employers,"$136,476.18","$7,758.44",Peel Police Services Board,Staff Superintendent,1998,e59e5e7571f7a0edb824d7d2f2c66cfc5244e112e904f8790b1f32fbe8dcd487
Other Public Sector Employers,"$109,360.81","$5,731.09",Peel Police Services Board,Superintendent,1998,c586f98331c8418891274739b93135a3a7d5c4a8bb8adb54da52cad8a49866c9
Other Public Sector Employers,"$103,996.58","$5,809.03",Peel Police Services Board,Superintendent,1998,8dfd3ca73d199e74678e62457b8b3e97e0c2959a50a5116b4025d96b526e3a6b
Other Public Sector Employers,"$104,942.04",$270.94,Peel Police Services Board,Sergeant,1998,baedbbc6b1a99790272af0b36d96ce652814d00f69dcb3e910777145776c8cbd
Other Public Sector Employers,"$105,951.72",$270.94,Peel Police Services Board,Detective,1998,ffaae76b0f87509b8d10653b4f58a0ceddbf14b9ab2a8fed7649dc65a87d91e2
Other Public Sector Employers,"$118,500.00",$776.62,Perley & Rideau Veteran's Hlth Cent.,Executive Director & CEO,1998,8ad363088c565474c4f11af7feceb1e7d47e7d9f0940822daa65dca8f3733dbf
Other Public Sector Employers,"$129,281.00","$1,363.00",Perth District Health Unit,Medical Officer of Health,1998,e46c224137a0b2a3787c342a704879fc33c61d43b22835b12cfafbd577261311
Other Public Sector Employers,"$139,351.33",$362.83,Peterborough County-City Health Unit,Medical Officer of Health,1998,9a92844d2a2c09a1d41c43ff685cff11ee4ee8d190c074f355b2772f6a15b133
Other Public Sector Employers,"$153,073.36",$497.36,Porcupine Health Unit,Medical Officer of Health,1998,cd6ceca7bbe7e884073f0ecff2b4c0f27e17a9cea04bea397f8afff7377e9e63
Other Public Sector Employers,"$164,903.34","$9,194.68",Providence Centre,President and Chief Executive Officer,1998,d2bbc084ee356f6b59bd85bfb218e3e888f2e27eaf7869d1c480b1ebe36403f3
Other Public Sector Employers,"$148,794.78","$12,799.40",Providence Centre,Vice President - Medical,1998,81ef4af25ba7aaf9a7be7519df75dc2a619167482c851a9cf43e56740b544ebc
Other Public Sector Employers,"$130,941.20","$4,079.56",Providence Continuing Care Centre,"Director, Stroke Rehabilitation",1998,a1fd49137d407f4f169ee9322f97f6b6638aac58a1ad57b548dc05bdcc0c09f7
Other Public Sector Employers,"$124,836.26","$6,196.07",Providence Continuing Care Centre,President and Chief Executive Officer,1998,33da2c025e4193fa124c01c6d4c57a8b8872ac32759473f6025f9098093753a0
Other Public Sector Employers,"$134,999.20","$4,102.80",Providence Continuing Care Centre,Physician,1998,9ac443252832e5a78be1077c6ba423285590a0e3fa28af7fb927ef8c90682b5e
Other Public Sector Employers,"$109,245.31",$394.80,Regent Park CHC,Physician,1998,4159d7f36fb3fb85b499284f294c4a6310772ec8490a30a03e7ca0d77d06e292
Other Public Sector Employers,"$109,774.68",$368.06,Regent Park CHC,Physician,1998,973580a94a29e30398f057974afd4145498ca98dc2ea6a3d3e1f4344de7521ba
Other Public Sector Employers,"$129,375.08","$6,565.86",Rehabilitation Found. for Disabled,Executive Director,1998,5624e7746215e7e79e61e1c0ce2086ec95fbefb39087d6f81ff47afef8c6bf0c
Other Public Sector Employers,"$149,041.00",$215.00,Renfrew County & District Health Unit,Medical Officer of Health and CEO,1998,fa3fe278ba58797cbd9949d92a66e1676c211d523a4cd558813407e97049337e
Other Public Sector Employers,"$111,635.71","$6,510.77",Rexdale Community Health Centre,Physician,1998,e8772d65841de924c257a4517ad95521cb462e53401971f558922bca42ae70dc
Other Public Sector Employers,"$136,500.00",$531.36,Sandwich Comm. Health Centre Inc.,Physician,1998,a583064725d33320aec5199dc43c709ffd19226017f19cd41ee6ff65384881ba
Other Public Sector Employers,"$122,735.20","$7,331.23",Sandy Hill Community Health Centre,Physician,1998,87002252ef85bccc76e486a8542d615775fe9052ac510753708a348d23d93af9
Other Public Sector Employers,"$122,735.20","$7,366.07",Sandy Hill Community Health Centre,Physician,1998,d1607d019bd8a5b25a9d662960f1dcd933b4c8e1a069472146f3a0d330dd981b
Other Public Sector Employers,"$100,897.16","$5,917.35",Sandy Hill Community Health Centre,Physician,1998,2bfdbcaff884ad2208d6befeae912f44e24f7485700370cb9caeed533239e403
Other Public Sector Employers,"$103,030.20",$457.47,Simcoe County District Health Unit,Dental Consultant,1998,82526d7d0b93f9b9793efdb8a893f810301656dd9bc84a8d3964bd7c2b03dc22
Other Public Sector Employers,"$136,945.41",$597.21,Simcoe County District Health Unit,Medical Officer of Health,1998,cccd94ced71874ebdf84d303bf235040ac26269d0e7302db4a6de46ba012cabc
Other Public Sector Employers,"$123,119.10","$7,019.82",Somerset West Comm. Health Cent.,Physician,1998,531a9d2fcfb1af2b8224c94d59a79a1b90bbf5a70ef72bd2e60ec30e0ef6c1e7
Other Public Sector Employers,"$119,238.17","$6,799.42",Somerset West Comm. Health Cent.,Physician,1998,478f3a403adc750515d60f6131e77ff2d2b8238a35ef8f9a19df5b5a745086d1
Other Public Sector Employers,"$122,338.22",$494.82,South Bruce Grey Health Centre,Chief Executive Officer,1998,c2ceffd816c143955f97ef8177a3b6c2047a0e9e0abf7da2091a742598667527
Other Public Sector Employers,"$119,894.62","$4,000.08",South Riverdale Comm. Health Cent.,Physician,1998,28853afda2656252d235b300ebdea94d00a3016fdfd060b466eb126f15ebd339
Other Public Sector Employers,"$105,280.56",$262.20,Southeastern Ont. Health Sci. Centre,Health Sciences Centre Director,1998,936a2299b57a6e036c853e1a5c1a571e67e10128e9e4a2ec6027a0ec5e03b1d6
Other Public Sector Employers,"$109,474.53","$1,275.51",Sport Alliance of Ontario,General Manager,1998,3ffba8182bbf7f3409d5b10b1a194ee5cbb99221537573cad6b9d59bd97987e0
Other Public Sector Employers,"$141,391.29",$407.91,Sudbury and District Health Unit,Medical Officer of Health,1998,fec8d988f64a0bd9400b7f724e38775c6d2e5bf7b148cd9a5922301682d915e1
Other Public Sector Employers,"$111,218.20",$218.35,Sudbury and District Health Unit,"Director, Health Protection",1998,f1897cf7162502108626be272e84f12f069f99f2f4836050121ffe8404638220
Other Public Sector Employers,"$105,233.60",$191.38,Surrey Place Centre,Psychiatrist,1998,474ec6f0ddb3d7901f9a0e91886af57c71d0f42d4147a391bd27a6199c50c136
Other Public Sector Employers,"$104,931.30",$179.88,Surrey Place Centre,Executive Director,1998,fc5adc27923678cece787a649017122a90c80360e59b647d40e96da0b7628563
Other Public Sector Employers,"$152,284.98",$275.76,Surrey Place Centre,"Director, Biomedical Services",1998,52cc6023c98501a93f32651370e30b981b98ae35a7a92fb1aef41ccc3093bbe3
Other Public Sector Employers,"$107,692.90","$11,328.44",Thames Valley Children's Trtmt. Cent.,Chief Executive Officer,1998,2cfd74993c1b829fa6f3d77015dea657e517221b85a483154e470349f3e876dd
Other Public Sector Employers,"$102,200.21",$466.20,Thames Valley District Health Coun.,Executive Director,1998,8b54f788ee0005e585827551072f66e9711973593a5c36c53534bfa341cb9d06
Other Public Sector Employers,"$146,834.10",$566.40,Thunder Bay District Health Unit,Medical Officer of Health,1998,33cb774dc3ba10cdbd9ccc9906bce7c7fc73a7747aa6a0118cabdd796e89770e
Other Public Sector Employers,"$115,000.00",$0.00,Toronto Comm. Care Access Centre,Executive Director,1998,292b124bbd3afc784cc58d1a7a3b941436d8563d91852740ebc11c05325d35e0
Other Public Sector Employers,"$106,415.21",$462.34,Toronto Police Service,Superintendent,1998,4488ed411783499efef5a34da52254d76512c0878517abfa83219a04f54c909b
Other Public Sector Employers,"$101,740.26",$251.95,Toronto Police Service,Police Constable,1998,aad055432c9f23263d8dade476c650a0f410594d0ad7eb7278cb58fa8d9383ce
Other Public Sector Employers,"$103,127.19",$513.85,Toronto Police Service,Superintendent,1998,abc59680107c2aafc1f03fa03fd7b8804c12a3e1211c4b6595f2a8a53a9a7239
Other Public Sector Employers,"$108,194.40",$242.36,Toronto Police Service,Police Constable,1998,edaf924b596ebe46172e679505bca97feffac5001aeb57fcd9a3fc2e0f48211c
Other Public Sector Employers,"$164,689.18","$4,049.56",Toronto Police Service,Chief,1998,ce89950a96980be7ae674851b206c0c65c1ebe535eb55c36f8718792af903877
Other Public Sector Employers,"$124,559.53",$637.05,Toronto Police Service,Deputy Chief,1998,874a5d07d9640120241b67f181d93399908310fb4a22d5be7dfece283cd41385
Other Public Sector Employers,"$102,144.10",$270.10,Toronto Police Service,Detective,1998,bb5b30821b41f3b736ec3992fa37e3d29cf8948baad736cd9c29763a64a38c4b
Other Public Sector Employers,"$105,693.39",$322.48,Toronto Police Service,Executive Director,1998,26bb2f56b47cf1ef6ee1229f6e65d7246575c7397f428636ba63717a5eb1ab6c
Other Public Sector Employers,"$104,978.24",$264.22,Toronto Police Service,Police Constable,1998,d2814044b3f6682bc882a7ec6b883ef6ff2467555312d8f7c1e9651129280c3d
Other Public Sector Employers,"$124,559.53",$637.05,Toronto Police Service,Deputy Chief,1998,b3309393262f61efb887851e33379baf3735355ab5611021a10dfd05f5fbf364
Other Public Sector Employers,"$139,692.56",$608.53,Toronto Police Service,"Director, Finance & Administration",1998,6f2135ee35c7cb05325ad4bc7780dfae13e0a1eb0f374d267c596387aa2628ce
Other Public Sector Employers,"$111,985.46",$238.45,Toronto Police Service,Police Constable,1998,4e2f60d173bc7d4e2577d55dfea101af7cf0cbd5138fec5474a3e3890da6db4b
Other Public Sector Employers,"$103,127.19",$513.85,Toronto Police Service,Superintendent,1998,6c4c2503aa859207f72d322fc79ad7b07238a794839a9d5e4982b1a4898b3fdf
Other Public Sector Employers,"$117,803.55",$252.89,Toronto Police Service,Staff Sergeant,1998,f3e9f08b2c2d6ac30056b64badd8bf8ee2b9833c26d033e885b57a003fbb7eb0
Other Public Sector Employers,"$103,222.58",$513.85,Toronto Police Service,Superintendent,1998,76ed0238d1b367d6d24b5055836a50385fe9c35878572bba141569e340a2e0bf
Other Public Sector Employers,"$102,964.56",$513.85,Toronto Police Service,Superintendent,1998,8b06122ef3ed4ffdca4d12f085e04b1a1df20b4d43a708ed3aa3792513b53bce
Other Public Sector Employers,"$102,617.84",$476.39,Toronto Police Service,"Director, Human Resources",1998,170f94bc884d689d47a850b91abfc8380fd1e17f3e744691f91c44a9b12d5e83
Other Public Sector Employers,"$102,457.77",$513.85,Toronto Police Service,Superintendent,1998,99253ff2890c40b5d402af7a08daee9751218aef088ca556883ce8b9a4f469bb
Other Public Sector Employers,"$111,184.42",$502.86,Toronto Police Service,"Manager, Fleet Management",1998,d03d8551e5d3f26612e66cf47de3e0c946e6076671030ae3cecf1e97c501e89f
Other Public Sector Employers,"$102,914.43",$513.85,Toronto Police Service,Superintendent,1998,91260e5422ef248e0bb2cb30e27d256cec32f348021be5ce01f757e34e1a22aa
Other Public Sector Employers,"$129,503.73",$662.89,Toronto Police Service,Deputy Chief,1998,426bded029d2b00432dbe006eecaaac92705e3fdd57e5bffad9a0ed89f7b3974
Other Public Sector Employers,"$103,107.78",$513.85,Toronto Police Service,Superintendent,1998,538ec055b6d8f477564ebfde02c95ed8ea17379d5fb53265079282d8d2642605
Other Public Sector Employers,"$106,532.78",$230.06,Toronto Police Service,Staff Sergeant,1998,1c240a8ec7c8f4f3c60c1fbb1b0a532422d03d513fe95e3bf77ec5340f9c6566
Other Public Sector Employers,"$136,737.03",$557.20,Toronto Police Service,Deputy Chief,1998,e180fc71369535db41c8851aa0bb07b1c95263b646c95805033f5a33522b3e7f
Other Public Sector Employers,"$103,127.19",$513.85,Toronto Police Service,Superintendent,1998,9cc3b7f9e857b2cf08c096bff47a582768a414d298fe105e14f9243e72798651
Other Public Sector Employers,"$102,401.81",$513.85,Toronto Police Service,Superintendent,1998,95ceac710b6f4f6a6d4059a7f6ad3dc7bff390f3962587956fc97307ee285bc5
Other Public Sector Employers,"$127,934.28",$211.57,Toronto Police Service,"Director, Human Resources",1998,c14ba4f4f8deda095121f356dfcf65a860da4d1c77e9e60f0961150300d9d47a
Other Public Sector Employers,"$134,477.02",$688.07,Toronto Police Service,Deputy Chief,1998,37bf75ecdd29d02e2bb42624b74b79bdae382016498a96396f1fba85d670fd05
Other Public Sector Employers,"$136,270.05",$752.92,Toronto Police Service,Chief Administrative Officer,1998,737d00fd20f31338d0f72676cfbed3da879ef6d68446a39b17f46144d1a66bb6
Other Public Sector Employers,"$103,127.19",$513.85,Toronto Police Service,Superintendent,1998,6d135f33b4bf7bf8d51e1a7a799824b10dc5b09c8b652be5b4fe6c82c66c9ec5
Other Public Sector Employers,"$103,109.41",$513.85,Toronto Police Service,Superintendent,1998,2cef6b0912bbf8fbf63e01b15b631a4814a229ac1038615c676d458f037d8f23
Other Public Sector Employers,"$121,885.47",$625.37,Toronto Police Service,Deputy Chief,1998,650ad20d675ccaecb6fe49e32df2800588efdddf6ce8e3b527c14c45e767688c
Other Public Sector Employers,"$103,127.19",$513.85,Toronto Police Service,Superintendent,1998,e8d76112f1c66174a675822afdc15ebe71bd50ba3ba27596b1d8b0883fb9fc7b
Other Public Sector Employers,"$103,107.78",$513.85,Toronto Police Service,Superintendent,1998,45ea3c77fc9de0b2780e12e75f4237f17510dc4cc199d0b266d367e951aa6f88
Other Public Sector Employers,"$123,264.38",$632.57,Toronto Police Service,"Director, Computing & Telecom",1998,8a0c264cd79f1cb3d04de5051872af9f06b3abe45b30fd443037a73f298ac249
Other Public Sector Employers,"$105,275.37",$270.49,Toronto Police Service,Sergeant,1998,737774cfba183f1f02e41453cb284e1cc7e640c14530fdd5470bfa707998ac87
Other Public Sector Employers,"$101,088.03",$434.46,Toronto Police Service,Sergeant,1998,7a0745d6b58be94a41e06e6ca8d7f72d360f4662322f166b86b472fb80ddfa4a
Other Public Sector Employers,"$107,088.82",$80.84,Toronto Police Service,Supervisor (retired),1998,ae54884c79d5f28f80db358417cb626c673423b88b11b64bb0d4fd8e83cb4312
Other Public Sector Employers,"$100,118.86",$270.49,Toronto Police Service,Detective,1998,32b095c3f1692b6b14c39074a025c6d161c493e41f35d31bae52b15c1986e186
Other Public Sector Employers,"$128,107.00","$4,077.00",Toronto Public Library,City Librarian,1998,172c2659c2c4105c2e73c56ab40d1032543add40ce053fca7381e1dd762ed818
Other Public Sector Employers,"$108,579.00","$2,343.00",Toronto Public Library,Director,1998,9806dc09d8aeeea75e647ebb6656f06d949cf9c07e4320d9f43dcdb13de4aeb5
Other Public Sector Employers,"$105,085.00",$223.00,Toronto Public Library,Director,1998,b43248277a7b40e0d4eb8b8d7f88f3083f5fb2f7843c7b194ff350b442662c42
Other Public Sector Employers,"$103,801.00",$346.00,Toronto Public Library,Finance Director,1998,f2def1438364d645d3d5f982b7c253085f40b37bb9778d5676831c6fe94425a2
Other Public Sector Employers,"$114,911.00",$894.00,Toronto Public Library,CEO,1998,962445a47d6717caa3466816b89dffdd9620baab1199710d7e8e49d4b4ddaef5
Other Public Sector Employers,"$117,637.00",$817.00,Toronto Public Library,CEO,1998,7db7a82fa3083e8b256162dddca2a9a153f8031704fcb7369acdb793cc4d1114
Other Public Sector Employers,"$113,847.00","$3,202.00",Toronto Transit Commission,General Superintendent - Track & Struct.,1998,95a04fcd4523f9c246792672233a385384322c4a877166a55920d375648ee419
Other Public Sector Employers,"$117,180.00",$555.00,Toronto Transit Commission,Gen. Superintendent - Bus Main. & Shops,1998,13ca224a01c4ab1124c5659e896ca83265117b4abfc3c90fe1467ee0eee731aa
Other Public Sector Employers,"$105,517.00","$3,202.00",Toronto Transit Commission,Chief Marketing Off. - Mark. & Pub. Affs.,1998,efc8d3549ebc64d6e62c34727748fce2a26a9d55d07942839800fd6eb4ecf662
Other Public Sector Employers,"$105,517.00","$3,202.00",Toronto Transit Commission,Manager - Vehicle Engineering,1998,037d3c360791e6fb127b315b9e5e49939e7d310a866989d940ce7505e8c97157
Other Public Sector Employers,"$105,517.00","$3,202.00",Toronto Transit Commission,Manager - Pension Fund Society,1998,47eb44188cef3c148a0a99ba8662601209d455efc5c1e26b122180c6ba530d49
Other Public Sector Employers,"$105,517.00","$3,202.00",Toronto Transit Commission,Manager-Materials & Procurement,1998,3bcf27ac346c67cb475b201263b1dd0ef4c4e8c47490b7ac7c41cdc616cc50a4
Other Public Sector Employers,"$120,222.00","$7,558.00",Toronto Transit Commission,Deputy General Manager - Surface,1998,eefa28795562902d892646c0f2091ac7ddc4c43cf11f2d1d765a446ec2dce523
Other Public Sector Employers,"$103,172.00","$3,202.00",Toronto Transit Commission,Gen. Superintendent - Subway Transport.,1998,e32a9ee91b01a44c4772a288b57d74d2e14cb8e00939eadb0be41d6835b6c7a7
Other Public Sector Employers,"$105,517.00","$3,202.00",Toronto Transit Commission,Manager - Training & Quality Assurance,1998,3107de9bd50db6c879f2f05a268a342aae10122f7ff3eba1e4043f39e12511d4
Other Public Sector Employers,"$103,899.00","$3,202.00",Toronto Transit Commission,General Superintendent - Streetcars,1998,1f469417ba231e9d6a77b5b44b40ddf9f093251744bfdb8a3f6faa8f0fa45b03
Other Public Sector Employers,"$105,517.00","$3,202.00",Toronto Transit Commission,Manager - Human Resources,1998,5995ccb7e374648e5af927a1cc0747a8b1f5ae1120c6e53a7f738900cde54eb6
Other Public Sector Employers,"$105,517.00","$3,202.00",Toronto Transit Commission,Manager - Support Services,1998,eb4c4c125134345069d6fd07d3b56c88dc264079af27a8d640612b03b4e43ee2
Other Public Sector Employers,"$153,014.00","$13,731.00",Toronto Transit Commission,Chief General Manager,1998,130412f09fd37ca6047428c23fc3887ce6e39cf435c66155d94204b4a2c09c63
Other Public Sector Employers,"$117,180.00","$3,202.00",Toronto Transit Commission,General Counsel - Legal & Claims,1998,51bb0c091631d0da59d82fefb33dee860e5be146cc616dbc8b1e733af75bc706
Other Public Sector Employers,"$122,430.00","$7,558.00",Toronto Transit Commission,Deputy General Manager - Corporate,1998,9e415e500c41c425d49419342aeb2ef59d0b4e5892b87984327e681aebce8acb
Other Public Sector Employers,"$105,517.00","$3,202.00",Toronto Transit Commission,Assoc. General Manager - Legal & Claims,1998,23fead0c378618ff0052b21dde0a596ac954ba1caa508ebc490a9e665b0cee07
Other Public Sector Employers,"$103,172.00","$3,202.00",Toronto Transit Commission,Gen. Superintendent - Plant Maintenance,1998,2593006218a744ff9734163ddf103b84bf31d78f362aaabdc5bb3e1f1780f7ca
Other Public Sector Employers,"$132,857.00",$25.00,Toronto Transit Commission,Chief of Staff - Office of the Premier,1998,2dc1fd47a45876508f08d4e381dafed1758e54a1eb4b085e20f054533fc8ead7
Other Public Sector Employers,"$103,091.00","$3,202.00",Toronto Transit Commission,Gen. Superintendent - Rail Cars & Shops,1998,d889b29ff816acbd4d72b977ec8ce45004558e20475e831ededb916fa3f8b19a
Other Public Sector Employers,"$113,847.00","$3,202.00",Toronto Transit Commission,General Superintendent - Bus Transport.,1998,a7ad21bb3f489514cfe5bdf681c9ce3c9b1b2706f02c4b6381e7bf78454e93d3
Other Public Sector Employers,"$117,336.00",$25.00,Toronto Transit Commission,Janitor - Plant Maintenance,1998,1874329efbf0e3f2a38e263d454e7c73930408833d10d20ea30d0c37583f1777
Other Public Sector Employers,"$123,128.00","$13,756.00",Toronto Transit Commission,Gen. Secretary / General Manager - Exec.,1998,9838eb108cde2a061613053ab5606305a1b1fc33c579eb443f8f1361439e846e
Other Public Sector Employers,"$113,894.00","$12,877.00",Toronto Transit Commission,Gen. Manager - Engineering & Construct.,1998,ae53ee9503f3b5fc3dc456a3d925955de0bf5c5d9ee2d47fd0f59469ee59b26b
Other Public Sector Employers,"$124,893.00","$7,558.00",Toronto Transit Commission,Deputy General Manager - Subway,1998,d165a4f3cae1d4bb65d45f1a6d44299302804a754ca649ce9a132722a1cc82e8
Other Public Sector Employers,"$117,180.00","$3,202.00",Toronto Transit Commission,General Superintendent - Wheel-Trans,1998,9d4c3b18b838106920f2d6aa7c1c25d66a75d7c7febfda8ab636df426d1a7abb
Other Public Sector Employers,"$126,959.00","$13,756.00",Toronto Transit Commission,General Manager - Operations,1998,c3b9150be416a3777a1e08f577461297aad93c1e55da52947892d7bf205389cf
Other Public Sector Employers,"$139,276.92","$7,520.00",Tweed and District CHC,Physician,1998,942bbd0f7b2d7da89158802c8e4fa3a844816348de1def3ab06792f42953dab7
Other Public Sector Employers,"$142,007.84","$7,451.62",Tweed and District CHC,Physician,1998,2ed96a40d16e83a7224dfc6b2eb4998ff68117c2d58ed286ced36f7dd707e080
Other Public Sector Employers,"$103,989.10",$563.16,Waterloo Region Police Services Brd,"Deputy Chief, Operations",1998,cb8d54acb9574268d7098d2fe5f1f39b8d767e0239e366904375ceb61477f166
Other Public Sector Employers,"$132,652.50",$686.40,Waterloo Region Police Services Brd,Chief of Police,1998,04772829a035cf5586157e1d3a05ca6d6fbc2ab713190dcebfb1ebe020b4e61e
Other Public Sector Employers,"$112,374.46",$580.80,Waterloo Region Police Services Brd,"Deputy, Chief of Police",1998,9374b68cea1332878bb6103035b1a35ee2f1a415c466995bdecded3eae15c029
Other Public Sector Employers,"$136,918.08",$357.76,Wellington Dufferin Guelph Hlth Unit,Medical Officer of Health,1998,0a5e449c137713a592dabe284a90ca8bcce14a799be05c8d5e6df01fe50d7637
Other Public Sector Employers,"$101,853.00","$5,996.00",West Elgin Community Health Cent.,Physician,1998,97305a078847c97094c48d035cd7e7c9ceaa922d7045808db5557385588c9ab2
Other Public Sector Employers,"$108,509.00",$617.00,Windsor-Essex CCAC,Chief Executive Officer,1998,bf6bbcbf829ec733636180ad8ce2a0eacc33c1a9734c30d128544f39d2424400
Other Public Sector Employers,"$104,134.26",$657.54,Windsor-Essex County Health Unit,Dentist,1998,6c241855c23531fb5e8786c56b840fa6f2a0dd47457d6061294444662b8c8248
Other Public Sector Employers,"$144,107.27",$657.54,Windsor-Essex County Health Unit,Medical Officer of Health,1998,a6265e87280b69126ed7222f050165b5034434503780e9ffd18035975d70f953
Other Public Sector Employers,"$117,500.01","$16,200.16",Wine Council of Ontario,Executive Director,1998,d39a60251310eb322a356b5f22d1b085249e36cae98f864fefcd7f6a96f529a4
Other Public Sector Employers,"$111,965.33","$1,987.00",Women's Hlth in Wmn's Hands CHC,Community Health Physician,1998,189b313a3fe8274b125ce98b9d01f54a6869d216adb29dc68f63dde81d0eb157
Other Public Sector Employers,"$101,130.62",$702.00,Woodstock City Police Department,Chief of Police,1998,3206f0e7da9dbba5b3794eeb32b8207ca9dcc9a5eeeb0ddfec6b81ff118f989f
Other Public Sector Employers,"$122,766.02","$4,815.09",Woolwich Community Health Centre,Physician,1998,cd229e40d32a2cfdf01252e49530b4c8f601b3f2f33c0a9905f079f7a1e90c6f
Other Public Sector Employers,"$122,766.02","$3,539.39",Woolwich Community Health Centre,Physician,1998,be935faae8a879c6a28717b7f0e2bf99d96bdab43e79c5bd022ff988132fa993
Other Public Sector Employers,"$164,695.00",$305.50,YMCA of Greater Toronto,President and Chief Executive Officer,1998,ff30f09035f8aa548f6761be6e1f7602e85e4cc848299ee2b21b07f66c4b2378
Other Public Sector Employers,"$100,980.00","$16,517.19",YMCA of Hamilton/Burlington,President & CEO,1998,6a24db24e8f1c9ef686beda06f0a3fb84ebfdf1810bfc4fb02d7dbe573ab2c8e
Other Public Sector Employers,"$117,000.00","$4,018.17",York Community Services,Doctor,1998,5dcae598acac2bb46ef69da5a77265b5055f0496e269df67438aa33c8b545f99
Other Public Sector Employers,"$120,000.00","$4,113.22",York Community Services,Doctor,1998,58ffeff139adad86c741120e84bcd4e4383facdb6a00a46ba9028fb6b70e190c
Other Public Sector Employers,"$123,119.04","$4,384.82",York Community Services,Doctor,1998,dd47cb40742570bed181aad9ffef9666afa9269cf91852d8890427da9f74bb85
Other Public Sector Employers,"$115,540.46",$507.06,Youthdale Treatment Centres,Executive Director,1998,bbfd71664ce083a43aeb8b3cb22ccb23e088b60b367adb0c5d7698439af99d71
School Boards,"$106,836.00",$981.00,Algoma DSB,Superintendent,1998,f1c659d0af5010d902cb018a9b84c6fbd1905dcd8ab2bcedb8954b7f682e0683
School Boards,"$106,950.00",$537.00,Algoma DSB,Superintendent,1998,0a1a4f606775750fda0ae269d5145a670f79ef9ef385776a37cdad723beab93d
School Boards,"$102,573.00","$4,511.00",Algoma DSB,Superintendent,1998,2b994b12f79112683faf3d228495d73da468d7f921ce0de7566eeab93cb1305d
School Boards,"$127,717.00","$7,851.00",Algoma DSB,Director,1998,24b7a2ba32edd119a749d7eb2380d5bed209b79fdfcdd3c5995b4823503809c7
School Boards,"$106,524.00","$4,511.00",Algoma DSB,Superintendent,1998,1ccdc7074c5777b0ce31743c54436987af4008cdf98d02892d669fc8b018a80b
School Boards,"$106,524.00","$4,511.00",Algoma DSB,Superintendent,1998,3592e137a4a5229b727cb9b966d595718789ec273a24964df1125a560a1398a9
School Boards,"$111,275.76","$7,883.57",Algonquin & Lakeshore RCDSB,Director of Education,1998,14a847efbda6d0ecb73e460e5b1c314a3ab764e9a811d7b4d82e61e042b61401
School Boards,"$124,173.85",$52.23,Avon Maitland DSB,Teacher / Cont. Ed. Coord.,1998,ad3aa3cecd0245b25e780e2c650a97616f6f4226752d1e3056d8744906a9f113
School Boards,"$101,435.38",$109.70,Avon Maitland DSB,Associate Director,1998,89bb902a8ad81d2ff5b9a4928c298de08e6f73f6725f68cea786f45aa0e8d148
School Boards,"$110,432.40",$830.14,Bluewater DSB,Director of Education,1998,94773ba216c6b3eea0e579120ffcd53fbb5a81da513ecaec5f3de12caf3116c9
School Boards,"$105,179.04",$615.72,Catholic DSB of Eastern Ontario,Deputy Director of Education/Super.,1998,75be3be5a78538738b40c50a8f2e949a4eecdbbe67f4e3fdc7d0589f5d8405b7
School Boards,"$101,427.75",$576.52,Catholic DSB of Eastern Ontario,Superintendent of Education,1998,9ac00eae40f663e5b3800e41bbfd6496fbe08547162fb0d8f52d323fe21bae1c
School Boards,"$143,053.81",$713.17,Catholic DSB of Eastern Ontario,Director of Education,1998,b32c5250c488b5ee4e97c965bbbc71307bb54b720f12c204193e63e451d17dac
School Boards,"$125,293.50","$2,205.98",CSBD du Nouvel-Ontario,Surintendant de secteur,1998,4f06c832fb8581b9fde9c94966945fb19189dec801f5d1860ce50f6053e19fd1
School Boards,"$107,594.49","$4,837.15",CSBD du Nouvel-Ontario,Surintendant de secteur,1998,2f10ef5857916738341e3f3da07636f07ddcd3e58a01c9df31acdcf931cbb425
School Boards,"$110,483.53","$4,844.39",CSBD du Nouvel-Ontario,Surint. de secteur / Dir. de l'éducation,1998,b615068a2a31c8b5418d9280f35a6b5ff9a102a13d120250800c08ef7e40ae75
School Boards,"$134,983.18","$3,306.01",CSBD du Nouvel-Ontario,Directeur de l'éducation,1998,af1ef055dd9ab6147983ca74d6a9d5093717487c102a0afc6feb57005b7e8529
School Boards,"$120,051.10",$576.96,CSD Centre Sud-Ouest,Surintendant de l'éducation,1998,0d31b261a749de2db7a8ed2a981714dd35125ee4bbbc8c85bb00c68b0352f1e6
School Boards,"$139,571.14",$576.96,CSD Centre Sud-Ouest,Directrice de l'éducation,1998,10b5242e1dbe4654f90a78f65956b4da89adb727ea3bc9488dc5e34a169005d8
School Boards,"$113,399.00",$610.00,CSD langue française Est Ont.,Directeur de l'éducation et sec.-trés.,1998,b22ca1526774c182ea16f1d7850493859f0baabefc52f0d84da29f7cf4c69ed1
School Boards,"$106,500.00",$330.98,CSDB du Sud-Ouest,Surintendant,1998,e12b335b1d79e43f09c2ca617eeff323218cffb25d1713f1758a9c7b80d0af29
School Boards,"$114,607.57",$562.53,CSDB du Sud-Ouest,Surintendante,1998,cc58d55e9f0c81466f7b491e239d032353816cc3da9c6b35557ee8f852594ef4
School Boards,"$107,269.15",$566.04,CSDB du Sud-Ouest,Surintendant,1998,dbca672318b5a75fd2dec0cd7a151d557afd5258567b1e9fab327ad983b5bfc1
School Boards,"$106,640.11","$1,899.24",CSDB du Sud-Ouest,Surintendant,1998,263715fb70d8664f02dc2cba0b5a52671352c7e61621ca41f33aa8dc43510dce
School Boards,"$123,204.90",$954.24,CSDB du Sud-Ouest,Directeur général,1998,9a8638bf4c6edd42636c55c47165b4fea599336932500cf6cba0268f8c586f3a
School Boards,"$107,886.72",$435.71,CSDC Centre-Est de l'Ontario,Surintendante de l'éducation,1998,0132b575ae4bbb2286ca9c65fc6caf02c3733e324fe029c87b97d42d1177acf8
School Boards,"$103,303.75","$4,340.89",CSDC Centre-Est de l'Ontario,Surintendant administratif et trésorier,1998,cc7938ae2395c440584194908525892509ade117907c652ce23819e69f2debbc
School Boards,"$135,602.15","$2,950.93",CSDC Centre-Est de l'Ontario,Surintendant,1998,ecc1021ea87dc353fa1438734fa205e14557914d2301f5028d901eb02bda7641
School Boards,"$128,884.60",$169.79,CSDC Centre-Sud,Directrice de l'éducation,1998,03a2b2aa19e788c703b7449416fc00280ec05cb4ac1412b80ee0b591dbd4f244
School Boards,"$100,124.75",$236.05,CSDC Centre-Sud,Adjoint éducatif,1998,3788beda80606223011ecdbd01511af86de7dfb8fa0104a55d45c2eb6456cc35
School Boards,"$119,275.11",$353.67,CSDC Centre-Sud,"Surintendante, Services pédagogiques",1998,812c72c40d0f813ab178cb81131f2e01ccd57d726bc6bc3a1cd8496881e284be
School Boards,"$111,614.24",$631.81,CSDC Centre-Sud,"Surintendant, Services éducatifs",1998,de205a0b6c6d989714e0f6be0e223a92782a8f82c95c4676e99be4a71d2157bf
School Boards,"$118,306.80",$693.12,CSDC Est Ontarien,Directeur de l'éducation et secrétaire,1998,595cd35c48f4c3955bae48b188f1df03655caf90f84d67f0b4da4e91aa4d7d9a
School Boards,"$106,891.00",$467.00,CSDC Franco-Nord,Directrice de l'éducation,1998,56b016c7e968882cd1045f5edfb6650879d263c18e9f82a25e9c289853b15fd1
School Boards,"$138,555.03",$494.44,CSDC Grand Nord de l'Ontario,Directeur général,1998,65284317867c6eab3e61bd68c21d3faa874a9b42885d1ad81acfa33e7f791005
School Boards,"$125,567.67",$454.96,CSDC Grand Nord de l'Ontario,Surintendante,1998,6fda1603b464e88f773e874c97f54e46a442a4658d00adf12d5879e500a4d8d0
School Boards,"$100,988.00","$2,505.00",CSDC Grandes Rivieres,Adj. aux serv. des res. humaines,1998,7ca0ecb0311031d57f0555dc1da35bddae69aee4d8de95b2937e71fb916259b6
School Boards,"$108,900.00",$251.00,CSDC Grandes Rivieres,"Surint. en pgm., form. et serv.à l'élève",1998,7d5291c6bff44f4c2af4c87f96c97edfba91c26a869643d3ba5505efd6acb93b
School Boards,"$110,013.00","$1,927.00",CSDC Grandes Rivières,Agent de supervision,1998,988aa568c575f03a264e75f7afaaef2f9e4fec7e60243d30d5cd00fa01ace75a
School Boards,"$101,934.00","$2,505.00",CSDC Grandes Rivières,Agente de supervision,1998,ac6321dd3148ce5e28d26dea260525b6cd556900e83dccb64314a464a9567b15
School Boards,"$102,807.00","$1,927.00",CSDC Grandes Rivières,Agente de supervision,1998,cee636a4fe4debe447f7a7dd96792ea1435785583b5e07c6905ca19fe3f305fb
School Boards,"$100,425.00",$651.00,CSDC Grandes Rivières,Agent de supervision,1998,c0e44ee0f063f43e46f5348a30dcc4ce76ff3c0774f2cf3f1df8c90f6bcc030d
School Boards,"$126,327.00","$1,466.00",CSDC Grandes Rivières,Directeur de l'éducation,1998,ac722f1e1e611736550c5f2023eab5761271789c64e13d8916bceaf288b67534
School Boards,"$100,380.00","$4,196.00",DSB Niagara,Superintendent of Schools,1998,0da01fcfb6bd4e7c19e27191a06a00bb1c6696e148ad6ef93fdd9d31fd6d29db
School Boards,"$100,380.00","$4,074.00",DSB Niagara,Superintendent of Schools,1998,d4e8a89080f4faa27354b22537e3f180604633fa57bb490cdc95ce39c9cd20dd
School Boards,"$100,380.00","$4,196.00",DSB Niagara,Superintendent of Business & Treasurer,1998,e5804c3953ed68d245d6985f2048b35ad201383e5a252d1f05e8340c83f05c43
School Boards,"$114,756.00","$4,317.00",DSB Niagara,Director of Education & Secretary,1998,315123c919c8b774839211bff1377787668846eef4c4695df9a8b59f5a3ae1bd
School Boards,"$106,298.00","$4,282.00",DSB Niagara,Associate Director,1998,06ec5999d58ebedf88cef96ba64bb67dd4e37fef6a0d41967a91d201dec3e642
School Boards,"$100,380.00","$4,016.00",DSB Niagara,Superintendent of Schools,1998,9649a0cfb92bbca20fdb015ffb67a6442dace6e95779ebdc17afc945dfe709de
School Boards,"$108,652.36","$4,447.62",DSB Ontario North East,Superintendent of Schools,1998,e8894d608d3805786336c59baca923aad55fb2fa258ded965a67ac5f8e0b02d6
School Boards,"$105,884.38","$1,714.73",DSB Ontario North East,Superintendent of Schools,1998,44abfca8cddd64011ff38ddb20c20d24af7092a7b861874f28c7ec7d170d452e
School Boards,"$120,344.36","$3,805.86",DSB Ontario North East,Director of Education,1998,dc88085f661e2d2cd9097dbedbed4266b16fa7f595e86e34eea1f5566d896083
School Boards,"$101,013.72","$3,610.57",DSB Ontario North East,Superintendent of Business,1998,aca146c891b06edd0a0d076f5a9ebe2fc6e2d45d9aa9e7787708bd130a2891df
School Boards,"$107,532.84","$3,986.84",DSB Ontario North East,Administrative Assistant,1998,1c2c58d315d588fc874c7544efec1835267387e3408f4730479350d5a46caccb
School Boards,"$104,637.00","$1,365.00",Dufferin-Peel CDSB,Principal,1998,c9dbb61229f16af8152d6d3b94a274e53a2b472bbcce39aad8d983ee6e5987ba
School Boards,"$142,635.00",$381.00,Dufferin-Peel CDSB,Director of Education,1998,8f0a4af33803c8bb10cb4eff484974034dc20976931d2826697927b41a7e6bf7
School Boards,"$114,422.00","$4,925.00",Dufferin-Peel CDSB,Superintendent,1998,0ace4ce38e29c811fad8a6a43f3c33fc1e749c471bd4ae0bf412fdf99587a37b
School Boards,"$134,771.00",$515.00,Dufferin-Peel CDSB,Associate Director,1998,ff9fa38e3fac09f50ad5d9d20bf2c93beada13b4ad88374c6c2b9b85dc72a5f2
School Boards,"$115,156.00","$4,920.00",Dufferin-Peel CDSB,Superintendent,1998,76f3b9127245b3f1f8ee86df8c64e3c9996ce71f4001b6278eb7b1249a8ed331
School Boards,"$115,156.00","$4,920.00",Dufferin-Peel CDSB,Superintendent,1998,558a369fd6f763a28e7c8cbcd01893908dcbf01aa52cbfcd8ff0a0a69f143b0c
School Boards,"$115,156.00","$4,694.00",Dufferin-Peel CDSB,Superintendent,1998,46c558f993c9031cefc002c973c89c79b275599c9a33ac25524023f9dfa1c2d3
School Boards,"$114,422.00","$4,925.00",Dufferin-Peel CDSB,Superintendent,1998,f8a209489a18abde2e1c02bcfeac8cbf2db0a3832e08d22113d226684dcbf89c
School Boards,"$115,216.00","$4,923.00",Dufferin-Peel CDSB,Superintendent,1998,c2a91b52708e4e1f0f5506fd027dcefe3d00274475191fb39585e3f18d066199
School Boards,"$114,422.00","$4,925.00",Dufferin-Peel CDSB,Superintendent,1998,e5af640ddc71c897047187b6f477efd5d27d261e0d2640fccf9818bf73ca2b98
School Boards,"$114,422.00","$4,925.00",Dufferin-Peel CDSB,Superintendent,1998,c07ab4d4ff50a874d53dec87b0f663fc02219f1d5728d04db5615000b42a7290
School Boards,"$101,660.00",$303.00,Dufferin-Peel CDSB,Manager,1998,50dd8d08812deb29c63f0802d5d2edcf6d0bf5de2f20c64ee44921f0ce6e7b81
School Boards,"$102,420.00","$1,365.00",Dufferin-Peel CDSB,Principal,1998,d153d1c6f306e63cc0586d61e479d9474278d371971a06fdff9109777c6cae9d
School Boards,"$135,249.00",$515.00,Dufferin-Peel CDSB,Associate Director,1998,e1893c81b55daf870ca6d8b87d904a2881139658deca09ac9b42f384803074df
School Boards,"$114,422.00","$4,925.00",Dufferin-Peel CDSB,Superintendent,1998,6e419c9d25e6d1f1f315d9c27e8b445430f03e4ae48252a78598d47b0777a1c3
School Boards,"$104,295.32",$477.50,Durham DSB,Super. of Education/Employ. Relations,1998,8756995308c2e8928da20401199c84fe3857cdf272038f5862db814974be83fc
School Boards,"$104,295.32",$477.50,Durham DSB,Superintendent of Education/Programs,1998,30ac621262fd0da46a603f277e345878a4a00ccf6ea9e6bf22b4f9c39881ccf5
School Boards,"$104,295.32",$477.50,Durham DSB,Superintendent of Education/Programs,1998,3fa67115d18ed1100b0954a220b99115bbbf22e229bf612205fe91f6f7da05cc
School Boards,"$100,415.54",$364.56,Durham DSB,Superintendent of Education/Facility,1998,faf9113e976cd1b77f623a75b0036aa372cc869f62257b73707d5d6d9f10d599
School Boards,"$105,070.91",$480.00,Durham DSB,Superintendent of Education/Schools,1998,fd4d77712bbbf0bb3af8167371bbc3d94cfe6cdfb67772cde14126d104a3f30a
School Boards,"$101,919.98",$466.12,Durham DSB,Superintendent of Education/Schools,1998,4736171dba4dd99d7fb04078723dd7599d9ede95b39998220c2c9902506827b8
School Boards,"$108,070.80",$493.56,Durham DSB,Super. of Education/Bus. & Treasurer,1998,2e76930c27bb0bdf772a8f5ee6d6cb32ce476ebba431c2b32ba31fb9c0b5554f
School Boards,"$105,070.91",$480.00,Durham DSB,Superintendent of Education/Operations,1998,151a8b3058a679d04fb3d8776e57e891bb11af2cdfc8262b7ce90a1a843c6dec
School Boards,"$123,975.78",$531.00,Durham DSB,Director of Education,1998,744d99df42a2938848de8e19f1fb7f20f2d7601ef00cdd3731f7eae1a46e9784
School Boards,"$122,651.00","$5,312.00",Durham RCDSB,Director of Education,1998,7f64b9f169b7c4a95d6c22a1e53ae0eada4dfd8f1ab9b16a03ebf0083deb1ada
School Boards,"$107,479.06","$5,197.00",Durham RCDSB,Superintendent,1998,2455cc2dfc3e5fdd7ad72f2671bcd069ac1a7af3aaa7dc65fac7d03762b8d412
School Boards,"$107,479.06","$5,197.00",Durham RCDSB,Superintendent,1998,1a162fb6525bcfeec59a14fb14a6f793bc3441a6f19744bc3bdc5f2da3aeab40
School Boards,"$107,479.06","$5,197.00",Durham RCDSB,Superintendent,1998,c2136ec9b73b96b74a6dec53ef189bf4f6521ea883b50e043af340957890db04
School Boards,"$101,319.16","$3,820.00",Durham RCDSB,Superintendent,1998,c9bbcb535951564a2e3f6c5a953e14bbb0e55b69573d193cffcf3c1c95144b21
School Boards,"$107,479.06","$5,197.00",Durham RCDSB,Superintendent,1998,85eddf46bb821a67efb7b20a51cf92bc048556c3fe361263880a792aca2bc6e5
School Boards,"$110,000.00","$5,171.00",English Language RCDSB,Superintendent of Schools,1998,1a28bb77a860f1dc23d1f07efe5a3b995be499cd6cc396e53058c0dc8cf41517
School Boards,"$130,666.00",$776.66,English Language RCDSB,Director of Education,1998,64c00d2081d5b88305f62c29c39267216282884b8fc050764f06b844de04883f
School Boards,"$117,847.84",$728.38,English Language RCDSB,Associate Director,1998,e15598305a66c2f5348a9eb2ca8eab5007d893c852123908bc4e6c06d65ae74b
School Boards,"$110,000.00","$5,396.80",English Language RCDSB,Superintendent of Business,1998,570bd621b04ef0bb03b32e771d45d4139014520c32e782f4d8b7c919dff40458
School Boards,"$110,000.00","$5,396.80",English Language RCDSB,Superintendent of Schools,1998,b2fca0058c95f623aef7e61b00bb654bbe03a170ae8787badeb4a80ebfff4f6b
School Boards,"$110,000.00","$5,396.80",English Language RCDSB,Superintendent of Schools,1998,10e2663bb9f301cd891baa47933788c9686cb780d97e8a0546ae13196b8711f2
School Boards,"$110,000.00","$5,401.33",English Language RCDSB,Superintendent of Schools,1998,b4586a5ee466af931b9cf1ae1ef663d58ae65797e37e7f9c147b8f1a0242bfe3
School Boards,"$117,288.08","$6,867.85",Grand Erie DSB,Director of Education,1998,448633bdf9432e427d22bec280d24c0d57838dbcddc0ded1ffe2c52a0a930285
School Boards,"$108,630.77","$4,159.58",Grand Erie DSB,Associate Director,1998,3d477a9160d471334cc92b6ca4da52c4d7fb69f937988e6b0f543fa2157be8a7
School Boards,"$101,956.05",$540.61,Greater Essex County DSB,Superintendent - Admin. Services,1998,cfc7e3f10645201f8e3b2a8d83d76ea410d54bb956640fd049fa08709697ac22
School Boards,"$106,278.36",$582.32,Greater Essex County DSB,Superintendent of Program,1998,66b9bb05a3fce0f801b63b8d793e399885bccb37b3095ec35005417829a65903
School Boards,"$240,526.36","$2,416.02",Greater Essex County DSB,Superintendent of Business,1998,fa116add91210dff2b36caa64ac52ab65e29e4055914b7374513b2652ee37ca2
School Boards,"$105,539.09",$575.96,Greater Essex County DSB,Superintendent of Student Services,1998,682bd063486ba8d71710469acc997e6dc275a40b83c5d7861680b362ea5f3cee
School Boards,"$101,956.05",$540.61,Greater Essex County DSB,Superintendent of Schools,1998,3ef79d0f0446570033d597e3e8908f9fdae5b33c5abf4bc2a559986964f063b1
School Boards,"$142,705.15",$616.02,Greater Essex County DSB,Director (Seconded to EIC),1998,c73f7fb5377dc06d34eaaa70b720e4a98f8f815555057af817153aa24635cb6d
School Boards,"$106,433.25","$2,416.02",Greater Essex County DSB,Superintendent of Schools,1998,43e792da4f2d8259a80e995516d49c1673c4b9bc09cf3ce472960d0329e0dfc0
School Boards,"$169,742.43","$2,416.02",Greater Essex County DSB,Superintendent of Human Resources,1998,0127fcafc01b92a8ac69f8878fdba2487bf1be70d5fcbc5aea337ca6c099bcc6
School Boards,"$117,050.22","$2,416.02",Greater Essex County DSB,Director of Education,1998,ec6508aa0be88982cfaf04efecb07e073b16aec3a638506d8d57bafe883a82d3
School Boards,"$106,433.25","$2,416.02",Greater Essex County DSB,Superintendent of Schools,1998,44dffab793a5f042d94de16299a0c6b105cb6e2382ff7c162c44b1909b9a173a
School Boards,"$103,745.00",$687.00,Halton District School Board,Superintendent,1998,40eef5bfc06c90c963a3ea335ea440f13ddbeb26a8d8908679fcd517930a3bf9
School Boards,"$103,745.00","$3,046.00",Halton District School Board,Superintendent,1998,240b2f587e1df894b8dd9e3ec87982b3779d0a69c4564a5b333e0d65388ecf83
School Boards,"$103,745.00","$3,043.00",Halton District School Board,Superintendent,1998,e9ed16c2a7eb96391ecf220bd75094e735feebffd9ae6accc4d30ba5b7b033c3
School Boards,"$103,745.00","$2,508.00",Halton DSB,Superintendent,1998,5175b60274bf07a094cdc3926607bf8f2d5d153e00c3a125a96a3b1dcd106e38
School Boards,"$129,039.00",$650.00,Halton DSB,Director,1998,ca2f10f27ae61a00b51e84f8c0d346cd56425161116c39ed957d2ed71fa2a820
School Boards,"$103,745.00","$3,050.00",Halton DSB,Superintendent,1998,6d7fff89f267cdbf1541bb6d8737d3f918502f2b7af2279590d6837e80917f2e
School Boards,"$105,930.12",$299.60,Halton RCDSB,Superintendent-Human Resources,1998,9166c37210a35405dc059fd793442517508646153d0b9de18d49edfd0d0d4210
School Boards,"$109,860.40",$429.48,Halton RCDSB,Superintendent-Business/Treasurer,1998,99a68aab1ce00828f2f69bdfeae1d6466d954055d51f51249fd95ded95cd839a
School Boards,"$106,079.92",$449.40,Halton RCDSB,Superintendent of Education,1998,85093c0f311799d781378bbc6f172ed9a7342608f447b6b707c5451eff26d3b2
School Boards,"$103,032.99",$399.96,Halton RCDSB,Superintendent of Education,1998,8211ffbab37a8f4d0e90a8699dbea8c38c59eaeb811bc45042bc9a075410007b
School Boards,"$120,477.45",$506.64,Halton RCDSB,Director of Education,1998,1822b7b637d1f05d33608fe22ec3f3d26e89c28e768cebf54d8cc0c66b66918f
School Boards,"$111,699.95","$2,019.47",Hamilton-Wentworth DSB,Director of Education and Secretary,1998,65f42bf624ab5fa98560c49b135a5483fb8aecbc0efc97c28320c0d8186f4d06
School Boards,"$101,541.80",$402.87,Hamilton-Wentworth RCDSB,Superintendent of Schools/Curriculum,1998,8369d036083328aa29bc570d45dc7ec26980a360262cc71eece1c97e9e367598
School Boards,"$105,394.12",$601.77,Hamilton-Wentworth RCDSB,Superintendent of Operations/Schools,1998,6cc8ed825b342b05e200c2a36d8198375a190835e5d3ed5ceb7103b1cbb2e6df
School Boards,"$110,060.70",$601.77,Hamilton-Wentworth RCDSB,Director of Education & Secretary,1998,7ad53850f71b429bd3044fd36ed60ae5dd3056a03e8a9a1b5a86898e78035fc6
School Boards,"$110,064.00",$327.84,Hastings & Prince Edward Cty. DSB,Director of Education,1998,62093562ef565efebdf9cadf8808b733b7222f678a7d40b958cdef5525114baf
School Boards,"$121,494.73",$292.22,Huron Superior RCDSB,Director of Education,1998,32af38fad9a172a34a63e5f7a6da9702655dc2a27bd413adbe13e893f29ffe1a
School Boards,"$113,114.47",$52.47,Huron-Perth RCDSB,Director of Education,1998,1a70cc5d58ed13ce3b3b3604b828197b8d5e60cb60e159c8db5c564593434d64
School Boards,"$101,615.00",$474.34,Kawartha Pine Ridge DSB,Superintendent of Schools,1998,b9b638f59543292bf3643dc2e5b6f6784e8746647cbeb18af1ebd10da42543e5
School Boards,"$112,051.00",$715.03,Kawartha Pine Ridge DSB,Superintendent of Administrative Serv.,1998,29de9a2881ed694cf64acba00126a0891688a057ee8f6895822b48efecc5a824
School Boards,"$109,800.00",$513.22,Kawartha Pine Ridge DSB,Superintendent of Educational Serv.,1998,4124b78a8bce6de4ae1c1ab71380681a2e7979833711a7a2b6ff6353a7b8861e
School Boards,"$131,885.00",$699.84,Kawartha Pine Ridge DSB,Director of Education,1998,b105749a5e6e40343ec8df3a6f91a07652e02b15c00151e54cb814de75e3fd00
School Boards,"$103,722.00",$664.69,Kawartha Pine Ridge DSB,Superintendent of Human Resources,1998,221cf725afb85d7f9355febfc86fe1176dae61dbd81ca65cbeae11243d4e8ad8
School Boards,"$103,722.00",$664.69,Kawartha Pine Ridge DSB,Superintendent of Schools,1998,6e372a9738e8fd6f914f4befffe801684d3e926d322386548ed842e4343150a9
School Boards,"$103,569.00","$1,483.31",Kawartha Pine Ridge DSB,Superintendent of Schools,1998,3e8b53a64c27f94ad84f57bb87c96274c0eac302456e92ca794633fb0fb02d3c
School Boards,"$101,615.00",$474.24,Kawartha Pine Ridge DSB,Superintendent of Schools,1998,761572649c2c064851110e461869254f30f4a4d974e050e788242191faf1574b
School Boards,"$109,800.00",$513.22,Kawartha Pine Ridge DSB,Superintendent of Bus. Serv. & Treasurer,1998,bc65379b549fa9b2d0990302b759aff7937275fb5685eb6f716a903961d5f167
School Boards,"$118,769.19","$1,230.01",Keewatin-Patricia District Sch Bd,Director of Education,1998,0673db12c4d9e707c395c85c9b724947d5a3153dbcded0bc5b1dd903757f1f01
School Boards,"$227,272.53",$173.60,Keewatin-Patricia District Sch Bd,Director of Education,1998,c0b74a0840b2a9ae1f4380f6c646fcc88be9cb95c499fa68497fafd4d0ac474b
School Boards,"$110,015.30",$396.96,Kenora RCDSB,Director of Edu. & Secretary-Treasurer,1998,394cd83e91e562b8492e02ebd75397ffadc0eeadc5977f430e402e7d547d581b
School Boards,"$101,195.40","$3,769.59",Lakehead DSB,Superintendent-Business & Plant,1998,fa16286910bc28719992757a489864680f497b00baae3c6748113c426c1a5ee9
School Boards,"$101,195.41","$4,421.99",Lakehead DSB,Superintendent - Human Resources,1998,0b62df8e4463e963ff23806719cbc3a09876a4f2bc143e6705f2a2d376cf6161
School Boards,"$101,195.40","$4,421.99",Lakehead DSB,Superintendent of Education,1998,77c53018c6cd459e87d328f93336f7fd8ac38ebd2b64b7deace91d63371d642e
School Boards,"$116,366.47","$6,767.20",Lakehead DSB,Director of Education,1998,620ad80b74b9226957c9a95dd6c650a4a8a41815676a8aff6158be0ce9708b37
School Boards,"$101,169.92",$234.49,Lambton Kent DSB,Superintendent of Schools,1998,caa575e15371b842d806f82e32854967ea5344fbf5ab57c444c16dd7868900ea
School Boards,"$105,007.12",$165.88,Lambton Kent DSB,Elementary Teacher,1998,0ff34d40d1952a5c5c30a6c542332aa714bbceeb99c3d257912a676f991b0824
School Boards,"$101,169.84",$260.04,Lambton Kent DSB,Superintendent of Schools,1998,d54241432612d5ad2c729b807da28d0d8b1f31bd93012f148a6d40953961d071
School Boards,"$107,666.03",$234.51,Lambton Kent DSB,Interim Director of Education,1998,1340a48b53622adc46650142741feae7a523bc68d559a25b18ca9f98f6880952
School Boards,"$101,169.84",$260.04,Lambton Kent DSB,Superintendent of Schools,1998,a63c1d6f53f4b8da72ed3a600037f2149addcdb81bbcd9ac5c4e92ce9b622b97
School Boards,"$101,169.84",$260.04,Lambton Kent DSB,Superintendent of Schools,1998,973327bc6f3ab334a1c6ef84e1b52d465bd58f3f3ec440cc9adeb8fcf526b95a
School Boards,"$137,508.25",$234.49,Lambton Kent DSB,Associate Director,1998,7710b7b2bdb512f65f9cae2c87e1d0ccc82d3d71ec75758caced5f9b52bd3d4b
School Boards,"$119,570.27",$234.62,Lambton Kent DSB,Secondary/Continuing Education Teacher,1998,fb62ca2d6ac1aeae60da4099e56812a8ad873c886f227e48aa4463127ab2d84e
School Boards,"$101,169.92",$234.49,Lambton Kent DSB,Superintendent of Schools,1998,4f9856807507e218fc02032c3d0341b841a946b853cdb27dd634d5887f20715b
School Boards,"$101,543.00",$178.00,Limestone DSB,Superintendent of Education,1998,dc1514eda0e49729f98f2e80fb985a01963363d73141d99decc51b89fcaa986f
School Boards,"$106,325.00",$514.00,Limestone DSB,Superintendent of Human Resources,1998,919bb57dbdf3c9cc8bf234e36c52fa7e4795db43d8d581b7d9e8b26457c5d50b
School Boards,"$100,635.00",$514.00,Limestone DSB,Superintendent of Planning & Operations,1998,e700ee1d03e95875380c4e7e58d6c4585318d99f5fce7176138d73b8469c8829
School Boards,"$106,325.00",$514.00,Limestone DSB,Superintendent of Education,1998,e40172eb9b151ba8fb18046a0c3cc89dd8a25c2eb4a79142da95c411e3fe9784
School Boards,"$113,612.00",$514.00,Limestone DSB,Director of Education,1998,b7ceb06fc5efb7b0d4e05aa6bf8f2863ad36dd6e2325947d6206f1c100818977
School Boards,"$100,448.00",$178.00,Limestone DSB,Superintendent of Finance,1998,137726106b85b3714fa65aaf3533202cdade0f02e4bf30f24b84bff8e53771d2
School Boards,"$106,325.00",$514.00,Limestone DSB,Superintendent of Education,1998,8186df75029f32246a7c5a8867d304262f632cd53c81b3830ff371e6c1364f66
School Boards,"$107,945.54",$410.82,Near North DSB,Chief Financial Officer,1998,268e2e84661e2082cf737bc144c8d67f6103de9749c52a3d6f86c045a3c4f554
School Boards,"$111,019.44",$410.82,Near North DSB,Director of Education,1998,2f03e4fc7c64896f89b8eaf79bd87a44405ab23ddd48a0b1122675c51e3e7460
School Boards,"$119,441.60","$9,280.16",Niagara RCDSB,Director of Education,1998,b406fec7588e77c8e75026d5f213eb476b6df0126cf54d7ae2898762c7a253ca
School Boards,"$105,850.15",$362.24,Niagara RCDSB,Director of Education,1998,445ec5b0a278182813690ae17ac232761029ac345bf0f267feecffa5dace5d6d
School Boards,"$111,804.89",$742.80,Niagara RCDSB,Superintendent of Education,1998,3bca68137a5abf4bdcf39d82185f6cebf790c32fcd9c1942102eeb5f5a2f6051
School Boards,"$112,949.09",$502.08,Niagara RCDSB,Superintendent of Operations & H.R.,1998,9cb60e762b7aa167e14354e1ab9204fa1c01cefbb018757c673e9acadd2fc699
School Boards,"$107,388.45",$484.00,Niagara RCDSB,Superintendent of Education,1998,676c6cb8784f2b179616105bf038ee79a1de17d9453beaee50563d89c5a2d491
School Boards,"$111,804.89",$742.80,Niagara RCDSB,Superintendent of Business & Finance,1998,97c774c2fdc29afa9c4370fccbc551a9fa0efc9bcef3234b420fd39a6292053f
School Boards,"$102,748.62","$1,219.94",Nipissing-Parry Sound RCDSB,Director of Education,1998,45551ef07ce1784eb1a6e75763f6c389ad28eb6b995ba3bf1927571c1d72bf37
School Boards,"$117,513.34","$4,127.95",Nipissing-Parry Sound RCDSB,Director of Education,1998,2051917c370c4bfccde12d9fd05686490cd417c2ec62f70f3d6539bde07be0e1
School Boards,"$100,695.90","$1,248.41",Nipissing-Parry Sound RCDSB,Superintendent of Business,1998,b714502a6e94cbaef8af5cbf6357bfd5a3c6c5cfd62a188bc3c7a55ccae12d0c
School Boards,"$103,922.00",$262.00,Northwest RCDSB,Director of Education,1998,d0e566fb3a460dbefe2f3b4d3237ad71a74f0c2f4a120f07d283385cc521cd68
School Boards,"$102,581.70",$275.02,Ottawa-Carleton District Sch Bd,Teacher,1998,18fbef5a2b5547b7af3233eb920e92a1eee4a5a4d0f35915a083456371dd8c95
School Boards,"$114,033.55",$123.22,Ottawa-Carleton DSB,Superintendent of Finance,1998,d4c58c49184f0136c4b868f3d94ff6176687c4b86689880fda035b77dc204f58
School Boards,"$115,259.76",$87.04,Ottawa-Carleton DSB,Director of Education,1998,3d72e5085ed5d5e1c9cfa3de33f119043488efe4ccb68e99faa37211b652a760
School Boards,"$103,076.11",$8.16,Ottawa-Carleton DSB,Manager (Special Services),1998,03db7a30a236d2ec24d6c5b2b01a1a5673fc094691fe26de97560e1cdbc6b355
School Boards,"$112,261.74",$123.22,Ottawa-Carleton DSB,Superintendent of Schools,1998,02b7d8cb012c81d9144b26fdace3d7a1fa3bf5ebce5529872f11f170cee80248
School Boards,"$107,039.64",$470.88,Ottawa-Carleton DSB,Superintendent of Schools,1998,82d54444cc217058c77c04ad8bcaaa22d19feabb1a72b8ab9c94e6d6025c1adf
School Boards,"$125,227.99",$8.16,Ottawa-Carleton DSB,Superintendent of Human Resources,1998,093aea1474fc9a43229913439900a5ed608b25866103bf3a52709f512e3c7ce7
School Boards,"$105,945.02","$4,556.66",Ottawa-Carleton RCDSB,Superintendent (Ed.Pgms),1998,501c1b7e45ed5f5d650ea3ced843b67d9ae5886b36737a25e58d2af7af000136
School Boards,"$108,574.94","$2,659.92",Ottawa-Carleton RCDSB,Commissioner Property/H.Res.,1998,efa701ce76b49f0614e50a555c330b140b57ef71fe6c820328213a7cc88780e3
School Boards,"$115,672.32","$3,604.36",Ottawa-Carleton RCDSB,Dep. Dir-Ed. & Ass. Sec-Tr,1998,39861234ed1738a64909565acd3217ca59fc99c7c0bd8a0e76daa3c5954a8f68
School Boards,"$106,206.04","$3,595.92",Ottawa-Carleton RCDSB,Superintendent (Cont/Com.Ed.),1998,d911e8538f1643210ef0e81a7462f6793ba162855139fbacb7bc55d227408d3d
School Boards,"$126,985.67","$4,653.23",Ottawa-Carleton RCDSB,Director of Education/Sec.Treas.,1998,32fa9f1db15558bd2c4348d15a35001233b22a5ec0b0532d7078d51354c540f8
School Boards,"$113,115.34","$3,595.92",Ottawa-Carleton RCDSB,Superintendent Special Ed./St.Serv.,1998,04cab6880cf3ff82d19cee8a67e4b7c84af8284883ec17d296ac344b00f30704
School Boards,"$107,622.00",$375.96,Peel DSB,Superintendent,1998,75c2b4238e0f891c6de14323a7e4b7169670786e989fe20448194dafe9bbbd8b
School Boards,"$107,622.00",$375.96,Peel DSB,Superintendent,1998,23b1f2795db6efe8778b68f9fdd78a0644ad1dd491e79b5bb1a60e554c5512cd
School Boards,"$110,536.00",$385.80,Peel DSB,Superintendent of HR - Tching. Srv.,1998,e9d8a9283161c2fc81ed600aa1ca615dcc2f56365fe0e2684265898e41b96652
School Boards,"$147,019.95","$9,485.40",Peel DSB,Director of Education,1998,038bcbbdb2013405060d06343d7267012ee380c2575ff813f4a852f0cd043a6c
School Boards,"$107,622.06",$375.96,Peel DSB,Superintendent,1998,8e2c3f2f4a91c1cf979b658ae9fafbbe24d0caa6f01aeaa45e19db3871039b8e
School Boards,"$107,622.06",$375.96,Peel DSB,Superintendent,1998,4e9b4f760ba80dd003ec83472aa2018681bab94a6426d47c672db689df46f522
School Boards,"$101,015.46",$352.68,Peel DSB,Superintendent,1998,e44466b7fa0ccd63a4cdb1847cbd9fe8f08cdb9b562d91a3baa016a6e6e697fc
School Boards,"$101,015.46",$352.68,Peel DSB,Director of HR-Negot/Support Staff,1998,cc4deb93780ec843be49fb44c59dea3729438b2495f9c90efd2823223c362147
School Boards,"$107,622.05",$375.96,Peel DSB,Superintendent,1998,47a1a6c89a103414ee8dad387e9601ac4e8c5a358d4ab7136f62af606606c450
School Boards,"$107,622.06",$375.96,Peel DSB,Superintendent,1998,8b1b4f00bc8d6f3904ac8692adcd46543a3229bbe3909315c9634896aa4ef59f
School Boards,"$130,000.78",$453.96,Peel DSB,Associate Director - Educ. Services,1998,00622eceaa9384aea954011463ffbc95c0ef3fe8708c6928a05849008519fa70
School Boards,"$107,622.06",$375.96,Peel DSB,Superintendent,1998,4e5ed73adba0f8437d0eb3465b435f929ae377fa5bd288db308a7d403e725440
School Boards,"$130,000.78",$453.96,Peel DSB,Associate Director - Corp. Services,1998,1a398530836580f84a123403d9a705c803dc95253c965f08b722b23afddcb988
School Boards,"$114,746.41","$1,951.44",Peter/Vict/North/Claring. RCDSB,Director of Education,1998,285f10838883dda37af9fd6b28b9d5cbdc70082d6316b02618552ef2a50cd75b
School Boards,"$132,585.62",$549.60,Rainbow DSB,Director of Education,1998,ddba1230f82c9378f45a1f6fc1aadcf083764138038ca3c6aa5bdaed92064f9b
School Boards,"$118,065.49",$526.70,Rainbow DSB,Chief Financial Officer,1998,c3621ee2942e465a5345be1876a87f449b608d252caefcf7982d0e53b8381f35
School Boards,"$111,248.68",$454.96,Rainbow DSB,Superintendent,1998,a643dab2ee98ae2bc4d3073df503a1bb751da33f771cb24acc5a12731d29fb33
School Boards,"$102,005.81",$322.24,Rainy River DSB,Director of Education,1998,b4837455700d19a46858bbb4781f5ffc5c703090fe055434cd964191d100f089
School Boards,"$103,830.00",$633.01,Renfrew County DSB,Super.- Business & Finance/HRes.,1998,0b69e8261c817cde4797d56bd192aab6d759ca855626bed27bc921fe6a78a7fa
School Boards,"$125,501.00",$633.01,Renfrew County DSB,Director of Education,1998,076dcbb669fca8cfe00a58cb16a14f8fe415228ed8eb9c14ede86714bc24229e
School Boards,"$104,562.00",$633.01,Renfrew County DSB,Superintendent of Education,1998,7d5557202d9b0e51ccab37d734c31d467e825f3c8b3d9c77a22f9d78680819c3
School Boards,"$104,562.00",$633.01,Renfrew County DSB,Superintendent of Education,1998,450cbd3945cd89b4199b969f02780db8dd9305855d29cc4cdd6b66ccbf0e1c26
School Boards,"$103,352.00",$332.00,Renfrew County RCDSB,Director of Education,1998,e44b8c4c10322cae267a0c109a6641dc241bcbcd9c6dcc3f6d76c9599c878234
School Boards,"$108,424.11",$81.60,Simcoe County DSB,Super.- Employ. Serv. & Deputy Director,1998,a1cf88c359ed7494156043ce2a8fc959afa01ebd6cbf246dd4744f9084f62bfd
School Boards,"$142,606.70",$81.60,Simcoe County DSB,Director of Education & Sec.-Treasurer,1998,9227d9d6a67bff43aed5ee593ccbc045a1757703b2f7c5e252cabb1337eada93
School Boards,"$101,870.15",$166.79,Simcoe Muskoka RCDSB,Superintendent of Operations,1998,8fe54bb794fdc722ae45b97ffc45745e4d3ef2d7e2bdc4d56986349f87a8763a
School Boards,"$119,579.60","$4,066.70",Simcoe Muskoka RCDSB,"Assoc. Dir., of Education (Bus. & Fin.)",1998,b233899c8d706d3273affd3732ab8a6952432011ea718fdd0049e5b43cdfe28c
School Boards,"$100,452.35",$166.79,Simcoe Muskoka RCDSB,Superintendent of Schls - Secondary Prgm,1998,769adb54f978e601966ca54ce0114f7f71a15ddb83f293a28a63d05925592809
School Boards,"$105,752.78",$166.79,Simcoe Muskoka RCDSB,Superintendent of Schls - Elem. Prgm,1998,ae80e129591e760ff9d25ac4dfb5e2fef2b29d53afa15d5b8e93a94fedd4d6a3
School Boards,"$135,000.06",$807.36,St. Clair RCDSB,Director of Education & Secretary,1998,45403f4a0749d4d43dc3fde444124c9df7d242ccb49457d44d42922bbf2ae05a
School Boards,"$119,444.26","$4,875.67",Sudbury RCDSB,Superintendent Business & Finance,1998,4b068cb71e265bb2091e30976d3853877ac96f332e8dc451cd0409d5f58a7d59
School Boards,"$112,431.64","$4,837.15",Sudbury RCDSB,Superintendent of Education,1998,a6ae4b11aaf008c6c74ab4be46fbdcd0e60d0f7ea2473278820fd83f44c0bec2
School Boards,"$138,215.53","$5,018.47",Sudbury RCDSB,Director of Education,1998,70a4b8f0387f6baf9225fd8f63d64138c754ed0984ae28f5a639aa10991502ee
School Boards,"$108,835.73","$4,889.99",Sudbury RCDSB,Superintendent of Education & HR,1998,c1fceba32646bc68abc512e19450c486af22c83f49929f73630095a457f62482
School Boards,"$104,029.90","$1,236.31",Superior North RCDSB,Director of Education,1998,88fe98d082663af80c7808a8f6e6b71167b445ddc92c58030047d55c6dff985e
School Boards,"$104,659.33","$7,100.22",Superior-Greenstone,Director of Education,1998,98794f2c1e01ac370461809d196134e431c31d517fc2785f6d8ec547e597cd4b
School Boards,"$116,000.00","$4,976.00",Thames Valley DSB,Superintendent of Corporate Planning,1998,6d96ef261da211ae2753ec207b6be56b99832df70d40ff89793dc70912830ed7
School Boards,"$116,000.00","$4,963.00",Thames Valley DSB,Superintendent of Human Resources,1998,f2d6d75608051ece886149f4408f2cf708082ed1c8c4abdbb4aeb9517b83b7e3
School Boards,"$105,000.00","$4,482.00",Thames Valley DSB,Associate Superintendent of Schools,1998,b3eecaf63a65e7b2f580c8d8a758ac7b72210d8ab7764e8aca42c6f0fb81a032
School Boards,"$116,000.00","$5,194.00",Thames Valley DSB,Superintendent of Business & Treasurer,1998,24055f05de295a18c5be4ef6bb91790dc9aa014f7b8ef0e268cf789771edc6b4
School Boards,"$116,000.00","$5,194.00",Thames Valley DSB,Superintendent of Operations,1998,586efb35bb88f9a02f9c7a786ff492199ddd31b36721f5df7dc659e6ae947922
School Boards,"$167,000.00","$25,667.00",Thames Valley DSB,Director of Education and Secretary,1998,d647e94e6063899486b63b9d04506d0a165fe4ccb577c87752cdd187fa8c8c12
School Boards,"$106,349.00","$3,643.00",Thames Valley DSB,Associate Superintendent of Schools,1998,f9150058b4de577e5803f4850d666bd38f49ee9cc43ffdc98a8d4c676474ee62
School Boards,"$104,673.00","$3,431.00",Thames Valley DSB,Associate Superintendent of Schools,1998,c7d1c1b5506b44532270a4a3ac7725829df1bcb596626b706d12485a379ac985
School Boards,"$104,404.00","$3,672.00",Thames Valley DSB,Associate Superintendent of Schools,1998,2136ac8efcfd79d570b985224af4538869ace2b502f00b9d7ad0b221b7c3fa50
School Boards,"$112,059.00","$11,522.00",Thames Valley DSB,Assoc. Superintendent of Human Resource,1998,95e0e6f0f55b5d9fb1112aabcd1c05d86c741ae08f2d593de8d740f039b09958
School Boards,"$107,000.00","$2,654.00",Thames Valley DSB,Associate Superintendent of Schools,1998,d429b553092e0ec291d9c5067ecf5dd235efa9e71e0aac2fe231cffa9effd1e0
School Boards,"$106,349.00","$4,693.00",Thames Valley DSB,Associate Superintendent of Schools,1998,94c078adfb07dc598fd0858a231d944e826e429fdb7b27a9094156b2b8f00c3f
School Boards,"$116,000.00","$5,165.00",Thames Valley DSB,Superintendent of Programs,1998,0d00c7b81ef249e81745c581fc0fbe1190f120a1dd0c65fcc9b4ae76a55afe16
School Boards,"$107,000.00","$3,724.00",Thames Valley DSB,Associate Superintendent of Schools,1998,1462bc1131f4adea5244e90f1f8297d2aad610b23b149b7e42580150a7e7bdd7
School Boards,"$114,376.83",$766.00,Thunder Bay RCDSB,Director of Education,1998,9a7bbff2df187b4d6c69cae2ec933f7bdcfa147e3d9bcaf7a7f9e9de7f03c759
School Boards,"$105,190.35",$766.00,Thunder Bay RCDSB,Superintendent of Education,1998,4e483189ec86ef409346acf9080538f1dad414ec5df786de4f365fb80b645341
School Boards,"$101,757.99",$766.00,Thunder Bay RCDSB,Superintendent of Business,1998,576eec436dc98b1ae5cf456b6679f4367ab3c2e451b531762ff71f0f1e0b8ddb
School Boards,"$120,051.00","$3,402.00",Toronto DSB,Superintendent,1998,24be9cc98027983c1a83e18f6c6a86ce83ac1cf011fc0cad58e90aac69cf7ea2
School Boards,"$163,263.00",$188.00,Toronto DSB,Executive Officer,1998,f89a53126caa8e84bc5fe929bf361d6d037ddbc7eb335fea1d8e262afa7d23fa
School Boards,"$126,051.10","$2,929.75",Toronto DSB,Superintendent,1998,76eb3c75e8c5cbd1bb30f25c3252fbc3a77465efc6786528489aeb148c6951f2
School Boards,"$111,070.90","$3,054.04",Toronto DSB,Superintendent,1998,7e32c4e4c668238a7a624e4fafb1cb5bef620532ace64c51626fee7b64283bfa
School Boards,"$120,051.00","$3,300.00",Toronto DSB,Executive Officer,1998,3880715573abe2f6a4fc1574b6dc215e55089f4acdbc92c96d6a0ec00bbafa98
School Boards,"$104,417.56","$1,154.51",Toronto DSB,Superintendent,1998,046bbf14f8a7f9e79552ec4dc4d3d68ddce63b3a47526634d4dbe1a973406644
School Boards,"$112,148.92","$2,836.78",Toronto DSB,Chief Negotiator,1998,59080ccf078fe9a0f734d6383838d666fb2fd10dd21ea59d1efba7b2dac4df91
School Boards,"$116,045.19","$3,176.44",Toronto DSB,Superintendent,1998,f82b8936cd2e04bc64d3367057da58b4a6249f33cd58eac116ac040850e91b6e
School Boards,"$104,417.56","$2,040.31",Toronto DSB,Comptroller,1998,7a1babb5ba55b998345a003cdae16d2ffb1855602b041f09dd872d56ef220fd6
School Boards,"$100,309.36","$1,907.20",Toronto DSB,Superintendent,1998,d4128ef3ac0edd48ce456e9e46ba9065cf573149ac1144004b9e4205922bccb8
School Boards,"$120,051.10","$2,849.94",Toronto DSB,Executive Officer,1998,0e4a8b1839d2d517e98d89a8be70d7ea6bc0ae055c5e57110db2190b68617a4b
School Boards,"$154,480.00","$5,322.00",Toronto DSB,Executive Officer,1998,42ccbf6c41271bbf3540efd1eb57c475cb43b1c7078cbe14ad41008be96f1517
School Boards,"$101,629.35","$1,093.31",Toronto DSB,Senior Manager,1998,5ef2e66d45820696949009f27d2ad548a3b638481ccdf9f33f24abdc71e1d3b2
School Boards,"$116,045.19","$3,176.44",Toronto DSB,Superintendent,1998,5ab4247a95941d4ffb374123f817b555c7b266a4f3aedccfffbb96fe4e3f0a2d
School Boards,"$120,051.10","$2,849.94",Toronto DSB,Superintendent,1998,5be10380e1c152067914a79f3cd9d965efe3c217117ec76d0738e3a1f115c0ee
School Boards,"$104,417.56",$175.16,Toronto DSB,Education Officer,1998,d7104d5cd01a0c137857fef5b3d2c89ac6d66d9c672ef6f37fa979d0adfff503
School Boards,"$168,839.65","$7,617.91",Toronto DSB,Director (former),1998,c7a8e4ec66b5f5776f9fb5e1204253b61629df3b6f0ec7bce9bba462344bdd41
School Boards,"$120,051.00","$3,193.20",Toronto DSB,Superintendent,1998,68040851a6c9eb45929850e842715e43f1f760870b1beb154dec465039d88022
School Boards,"$119,591.16","$2,870.36",Toronto DSB,Comptroller,1998,b8993e02ecebc0d871a8e22ea7b7bb95864d483dc449944a6007bcdab8be9654
School Boards,"$109,647.64","$2,952.31",Toronto DSB,Superintendent,1998,400a30d5540d39da979c142f3ceb4748cda82739cb3a66bdb713e4a34d0560e0
School Boards,"$120,051.00","$3,402.00",Toronto DSB,Superintendent,1998,c1cc44f03b8e6e6ef9a0723d9b804db613b29b1af628fb13d0899f4e8e1e1077
School Boards,"$121,568.28","$1,907.20",Toronto DSB,Superintendent,1998,befb3ea27b02ee006f00793d424d2e1499eb8059d18f4a0aa89d0648090a9b67
School Boards,"$115,803.82","$2,415.86",Toronto DSB,Superintendent,1998,9b744b646a3510ffab1012ab2b977d8ebcd15fadf13518539fdee6f2f8de4358
School Boards,"$111,070.90","$3,115.24",Toronto DSB,Superintendent,1998,10396f6fbc1fd102cee3bbaf42af08c71170356244a2657e976a337f0994d6be
School Boards,"$104,417.56","$1,154.51",Toronto DSB,Superintendent,1998,62394d8da6250e110636d781e16e230a52f0e9347c5cc3e476a73f12813df708
School Boards,"$111,242.00","$2,198.00",Toronto DSB,Superintendent,1998,6694dad9d346c6023de49b81f5e4159246badc58a37dec79e48d6da6aaf1b323
School Boards,"$112,177.00","$2,836.78",Toronto DSB,Superintendent,1998,89d995179a823f7b3529d5011e776f8257df2b51e01e06e122a5113ebd5d4c77
School Boards,"$112,177.00",$175.00,Toronto DSB,Psychiatrist,1998,7f6e52689066329abdaebf520abc50a19c56326d36ef317535beac694f41636f
School Boards,"$116,491.00","$3,361.00",Toronto DSB,Superintendent,1998,cb31a584b055114d80272b10751070e3b8b8be1c017f3233b037810b37a67523
School Boards,"$101,479.27","$1,154.51",Toronto DSB,Negotiations Officer,1998,a14e7910e4d924ee84d1d6619ae48542aaa64bc4ce62fcb21b6feeb6a24ec0a9
School Boards,"$107,453.00","$3,402.00",Toronto DSB,Superintendent,1998,8f0dd9544da1d7b1fde364b3741f9f536febff90d6c366339b0e9ab95418273f
School Boards,"$101,217.84","$2,479.16",Toronto DSB,Comptroller,1998,8a79370136c411262808436d756db69a2fc9fa7c83f69d684996710bf461a1b4
School Boards,"$124,190.82","$3,176.44",Toronto DSB,Superintendent,1998,34764df2731313aceee243696d0995c0f7ff2841b207a0ef5c6f72b5a8321339
School Boards,"$124,190.04","$2,935.16",Toronto DSB,Comptroller,1998,609d355e0cce135d0a4bae8fcd2ab9f11056e59104cc157e98e0f081c2870f36
School Boards,"$174,698.35","$5,572.76",Toronto DSB,Director,1998,ac08337e86f848c87abf0e5d71844320a81f170398308c3e2492320770e623dd
School Boards,"$119,591.16","$2,889.31",Toronto DSB,Superintendent,1998,1421a704dae9104a78c8b47fd4495e5d82584c7e41cffe547d72fc099ec12be0
School Boards,"$120,051.00","$2,890.80",Toronto DSB,Superintendent,1998,575545f01ac99c8f7aea293877c23dc30e311d42cbaa083d5d5da7093ffcb681
School Boards,"$104,417.30","$2,911.16",Toronto DSB,Manager,1998,16114ef4519651df711320d39f1ef7d477e07814aa92635f6581bce718c2a1ef
School Boards,"$104,417.56","$1,052.51",Toronto DSB,Senior Manager,1998,a0934763f2be8f79af6b5391e5cbdec8e0ebabea8bed118ad3afa290f51260dc
School Boards,"$160,763.46","$5,572.76",Toronto DSB,Director (former),1998,85d89ed5d4b695f11266a69d76bf745d397c1480477152563ae702e6e1ed9552
School Boards,"$116,045.19","$3,048.88",Toronto DSB,Superintendent,1998,164c217144e4955a3a24bd499d2e1fd522d2da3e8f3f35b528890912d542b60e
School Boards,"$112,176.96","$3,193.20",Toronto DSB,Superintendent,1998,9c0baeb46465b767acc6e9ba52912b7ed85a08587785d8961ac13ce40b31dced
School Boards,"$124,190.82","$3,176.44",Toronto DSB,Superintendent,1998,4dc164ba8124409aed591258eed8f3442fc76b58585efe3d4180c9edabeec48f
School Boards,"$112,177.00","$2,929.75",Toronto DSB,Facilities,1998,fef0f8cf57e2213eeb70c048229a66389ed15f2ea9581696d59b87c8aaa3b478
School Boards,"$120,051.00","$2,977.20",Toronto DSB,Superintendent,1998,5ad0ccf480cf71fcc41f400d95a4813bdecbf6aa24fa908cfcbd4cd8ba7f833e
School Boards,"$120,051.00","$3,361.00",Toronto DSB,Comptroller,1998,205fe2e9c209356603a4abc13f97b0a7cd3124ce8f38aad681fffca29957bc4a
School Boards,"$111,070.90","$3,176.44",Toronto DSB,Superintendent,1998,4add98526f678e7800f328c76c5f674fb1fce8307999d3a09d686e7e3f840b8b
School Boards,"$104,417.56","$1,154.51",Toronto DSB,Senior Co-Ordinator,1998,8a74f0c603bf10faec4890f0b61277ba47a5891dbb62f12dbf1357d1d0ffe0c5
School Boards,"$102,245.48","$3,793.20",Toronto DSB,Director (retired),1998,bb7d6d7e429328a9abd0b36c44d5599b07cca2d566485f3e6f4f0d4511a2974d
School Boards,"$139,325.74","$1,907.20",Toronto DSB,Superintendent,1998,d41038ea567d167c34c61395b7d626296086b56d8df0841479a78fb858cedbb5
School Boards,"$133,403.64","$3,913.20",Toronto DSB,Executive Officer,1998,bdb49d2823f1cb5ff1d26067719b548725fe296e3bfdc7099f437af910fef24e
School Boards,"$115,902.01","$3,176.44",Toronto DSB,Superintendent,1998,a5933c6f919bd7a3af91f0a73130638a5b7f604a682a17645465886a1a75a5aa
School Boards,"$108,779.84","$1,154.51",Toronto DSB,Superintendent,1998,7ce2cdf49c364ef9aaa579358803f029dd2cb12a2dfaab8d786f4547bccea5ac
School Boards,"$115,177.00","$2,929.75",Toronto DSB,Superintendent,1998,3f3936ad52c3841fff4656a3ca55eac345f1b9318b793327b9b55d1081979486
School Boards,"$112,177.00","$3,402.00",Toronto DSB,Superintendent,1998,487091e98e2d71a798746d4d8698570c8e5eb681bd3ae7e5e6c8bf07f71ed30a
School Boards,"$112,123.00","$3,382.00",Toronto DSB,Superintendent,1998,8c71047f22e71e5f2e9050dd7fd3a4c33aad7bb76455a699c156d86509db4a5a
School Boards,"$104,819.00","$2,818.75",Toronto DSB,Human Resources,1998,53c7b839b0dd408f106b8c7dd0b570ac66d2c43706dbc3bab10767a8bb479964
School Boards,"$104,417.56","$1,154.51",Toronto DSB,Senior Co-Ordinator,1998,0dd1b8d27d3298730c23e8d59dfddcc5362e192d6fb14503dad538395cdb5f9d
School Boards,"$107,453.00","$3,279.00",Toronto DSB,Superintendent,1998,9a3e99d018bb34ec7c2e878d4d210ee8acfe5e569e7bd99628926643b15167ab
School Boards,"$102,002.00","$1,766.00",Toronto DSB,Superintendent,1998,651d8bc9ed885b4beb927c9072fb5ff3f510324ea6b0167d7fb97fdb41c38190
School Boards,"$112,123.12","$2,836.78",Toronto DSB,Superintendent,1998,72896751924b8d9aa898ebe4a62f5f0a0f07a4c3a488d5bd04b0f0894269b500
School Boards,"$140,901.67","$10,668.31",Toronto DSB,Executive Officer,1998,62927933bbe497451561c32fd96583bff7d673f3c0e23a5a9116d82f98570161
School Boards,"$116,045.19","$3,176.44",Toronto DSB,Superintendent,1998,db98c502a35827933052e8a3a605d5d0fcc04d1926d47dd1079e5f8af8721d1b
School Boards,"$108,728.73",$175.16,Toronto DSB,General Manager,1998,8eff6d7caa7cd95c3e53dc5b9d19c34444a4a0686aa6137d556a58fc8971f50b
School Boards,"$116,045.19","$3,176.44",Toronto DSB,Superintendent,1998,7d5a3633c59d636621f4b11e619d153b89e977739d00051e72b431b43f24ae4b
School Boards,"$109,647.64","$2,952.31",Toronto DSB,Superintendent,1998,72e53fa312a2af9f723ce0926e6fdca48cdf038ee4f0a343aad9d3d09eee3de5
School Boards,"$112,177.00","$2,836.78",Toronto DSB,Superintendent,1998,c65e87e70ddcecd68ed4d90ffb6d2ee8e65ee1f7d76caf5ccaad060327978bbc
School Boards,"$103,219.00",$175.00,Toronto DSB,Manager,1998,9e7feab0c3943e6bd29ec9da8087c83ce40bd412cf91a446726e7c979a46fa31
School Boards,"$100,671.00","$2,198.00",Toronto DSB,Superintendent,1998,1aa30fcd127b77ca467ec69b6cc7af03819664eee9b9dc131e40f0d86bcdf435
School Boards,"$120,051.10","$2,836.78",Toronto DSB,Superintendent,1998,16ed35e16f3786882c852c3c041bbf4cebb4f3b661372d98aac0ba017e30e39c
School Boards,"$107,542.88","$2,929.75",Toronto DSB,Superintendent,1998,3fcec7153e33cf8df6055acba81261bd8df2323c0fa57dd248fa5c1643598e1a
School Boards,"$123,051.10","$2,929.75",Toronto DSB,Superintendent,1998,6e5794abe8679da7884485e8505e78b83fddfce55e119682e9a3d7d40d13b5f6
School Boards,"$112,233.60","$2,929.75",Toronto DSB,Assistant Comptroller,1998,ea4a62108a59aeb4ad3a1d9a15e3a719f78eef8443630ef806379347b412d531
School Boards,"$101,809.73","$4,194.96",Toronto RCDSB,Superintendent,1998,121da53f1b53be06a062e9369d01ed35cfdf0109ded247c3861c40458295d037
School Boards,"$109,630.51","$4,194.96",Toronto RCDSB,Superintendent,1998,2e72d1148d1563a968a493827cbcbc6608577945966f7625b9ed49493d687f30
School Boards,"$151,294.09","$1,389.50",Toronto RCDSB,Deputy Director,1998,1557e65adf9bdf5ac5463ce277a48b073b4b413815ad7c62d4a43d98d1bcf487
School Boards,"$112,774.49","$4,194.96",Toronto RCDSB,Superintendent,1998,7f03b2e38518ad25c64f139621f37915815fd16b003dc75590767672644b3246
School Boards,"$112,774.49","$4,194.96",Toronto RCDSB,Superintendent,1998,a1e4b6897f4b62dd3a6526045e6cb1d4c471200507980c8d0c2751177eca8447
School Boards,"$106,981.81","$4,194.96",Toronto RCDSB,Asst. Superintendent,1998,2615617b3663cf244c895f9b0b03371d4956e59f3d43e5ed9598a7b5d44b765e
School Boards,"$112,774.49","$4,194.96",Toronto RCDSB,Superintendent,1998,b9d70216629748e5e8db3f9f316e8708bb866f8d24f4dfe7fb116c7d2395cb01
School Boards,"$101,809.73","$4,194.96",Toronto RCDSB,Superintendent,1998,7d1b3aec22048f57f8f8ee557343560fbdc1a06def0cf009e3f99675e32c9ae7
School Boards,"$112,500.38","$4,194.96",Toronto RCDSB,Superintendent,1998,8e0b86930b0a6a035145e447c92e7272e961b255d3cb7f09e1d52fc0ee7294f6
School Boards,"$125,461.56",$78.96,Toronto RCDSB,Deputy Director,1998,be5e53c6f5de872778be31fd77cd2d8e437cc3661876b194dad3ab7c21adab94
School Boards,"$120,863.80","$4,194.96",Toronto RCDSB,Comptroller of Finance,1998,4da1d08cd5f6a92de78a6e7f85a13433859fe80dc0e81a5b101612a3ef865e47
School Boards,"$112,774.49","$4,194.96",Toronto RCDSB,Superintendent,1998,38b13cf4ca7bd665d673eee1cf087276c773f3453f04214e0c58a3202c5e1626
School Boards,"$112,774.49","$4,194.96",Toronto RCDSB,Superintendent,1998,707e7487d8167e7868794f9f4ab10728b952656aeb298c3144a894eb32115abe
School Boards,"$100,057.48","$4,194.96",Toronto RCDSB,Superintendent,1998,c17ed4d3445a6ce3e2ce51d779edb00ac12e177ed35f821228b564f1d227047c
School Boards,"$112,774.49","$4,194.96",Toronto RCDSB,Superintendent,1998,fa395ff083d37c3e910ab993298ded739ba2f7f81be5d35d7f0d69010472f3cd
School Boards,"$112,701.57","$4,194.96",Toronto RCDSB,Superintendent,1998,90d5199d580c17cba497f0d24d319a08438d45f8fe26c3a80366201586014736
School Boards,"$112,774.49","$4,194.96",Toronto RCDSB,Superintendent,1998,61ea03b4fc7b63c673fd1234c8054ea3686fe480ba46d790ed401f68d3c9877f
School Boards,"$141,338.01","$2,822.96",Toronto RCDSB,Director,1998,6db4943c7cb0497bc4c910e038467f9573c3af5e3603d62627fbbdc105e2ad4b
School Boards,"$114,449.72","$6,569.04",Trillium Lakelands DSB,Director of Education,1998,d70c8bc29e8f4f8b15a40257706fc1340241300040be930f1bdda879618c7ed6
School Boards,"$104,087.16","$1,359.07",Trillium Lakelands DSB,Superintendent of Finance,1998,7875e9e62546f41d763ad6cd8a2867cc420f0ec870f71676fc9cdb58b63201ba
School Boards,"$114,284.56",$516.72,Upper Canada DSB,Superintendent of Education,1998,78cc464253fc8f4e84ecaa96f5759c2b39c70c89c8310db537d2b1905401c9cf
School Boards,"$147,168.92",$256.46,Upper Canada DSB,Director of Education,1998,aebd7ecbd08bcf49ffc727b807e786197d9dd1702747377b24485670b3bc1611
School Boards,"$116,380.68",$516.72,Upper Canada DSB,Manager of Administrative Services,1998,08e8d4d06119610b47aed8ea2444fc0ace5516204f954167029e291227c64666
School Boards,"$102,967.20",$190.44,Upper Canada DSB,Superintendent of Business,1998,5c641c73e9b0bcf75842473c00fe26a7e5541752efc54d1b221148a772c452ea
School Boards,"$112,766.47",$467.04,Upper Canada DSB,Manager of Labour Relations,1998,da0b3c8b615f1ae77ed501afa2d8c3e1d3ee5ca4a63ee53e1cb7fa853614d08b
School Boards,"$102,967.20",$190.44,Upper Canada DSB,Principal,1998,3f50df31f997d689517903b12b18746a7f9ddebaff4000b0bb31f3b5fe1e2574
School Boards,"$107,742.96",$516.72,Upper Canada DSB,Superintendent of Education,1998,365dab2435bde9fb68ee9c0e896c17aff47e0a00648675a414687462930a773b
School Boards,"$120,246.29",$583.80,Upper Canada DSB,Superintendent of Education,1998,e65016bfea4d787bed9bd7014e537c9617793d610ba65babcdca47f6b9852101
School Boards,"$102,967.20",$190.44,Upper Canada DSB,Superintendent of Education,1998,a0e7998be578dbcc1012fa3bc183d874ac5f885526a4a9f15df7f536360b3ea5
School Boards,"$112,836.00",$760.96,Upper Grand DSB,Director of Education,1998,db8de0c8ed76b0c96337d85f25cfbe0f35879eeb2f3338f853fbffee7f27b98a
School Boards,"$113,872.07",$455.68,Waterloo RCDSB,Director of Education,1998,905bb8e9c96b83f20e18edf509712816adba22ec32078fb29ad60f6b6c9a610a
School Boards,"$101,899.00",$501.00,Waterloo Region DSB,Superintendent of Financial Services,1998,2d3d50ac24d23644a0092a786aef87b60f094fb762339b6e5aa7b12c7b50d58c
School Boards,"$101,899.00",$501.00,Waterloo Region DSB,Superintendent of Business Services,1998,ed2fcc2ab72f0d8d086d336034b68549a04e03a290d31412df3f2c96f34118f5
School Boards,"$120,926.00",$584.00,Waterloo Region DSB,Director of Education & Secretary,1998,e26717ae93001bdd9a9b7dce2f9a7696fe377c0be078e8e7f9872e94517ee83a
School Boards,"$101,899.00",$501.00,Waterloo Region DSB,Superintendent of Schools,1998,aeac4fa0e0af3e9136efac80452f1610661141d605c42bd3e3a515ed0474bfef
School Boards,"$101,899.00",$501.00,Waterloo Region DSB,Superintendent of Schools,1998,f5acb4341c1d3996fd3f7183bd147a93cb0ac197d415210e3382d78cd52943df
School Boards,"$108,585.00",$529.00,Waterloo Region DSB,Associate Director,1998,7c8bb903ec961700c207dc67a70e6394fa8e7652e167de0cad32a5dd4d85aaf0
School Boards,"$101,899.00",$501.00,Waterloo Region DSB,Superintendent of Schools,1998,eb2f4fd64efc37748ceec4688c5f4860672d3a684df44d3b3d461c0e7f692e99
School Boards,"$101,483.00",$496.00,Waterloo Region DSB,Superintendent of Schools,1998,7d852ff07302882b1231edce8c25da404f8529a05be5fd764050fac2c4001c23
School Boards,"$109,402.20","$2,189.25",Wellington RCDSB,Director of Education,1998,4e62cb35718746cd028ca311ba7f1761b58c183f8da9f8c39155e40b7ad68df2
School Boards,"$110,982.15","$2,498.89",Wellington RCDSB,Associate Director of Education,1998,57e0a595f0c17eb26c02e37991f7936ae8c774ee75f000bc48e204fbe19be6c1
School Boards,"$112,601.00",$394.00,Windsor-Essex RCDSB,Interim Director of Education,1998,e549b58b7b6e05344a5ce7984578439cf4e481f71d3c001df3568fa3c4d371e8
School Boards,"$106,461.00","$4,030.00",Windsor-Essex RCDSB,Superintendent of Education,1998,e1e6204324ee1158bbcfa94693e8c521492c0f96b10912ad30a00aed4af305ab
School Boards,"$107,498.00","$4,070.00",Windsor-Essex RCDSB,Superintendent of Business,1998,1d08ce95d644f76e9afeae827e745602065344931171bcfd46db59e15cc54910
School Boards,"$102,254.00","$3,579.00",Windsor-Essex RCDSB,Superintendent of Education,1998,adc9550290dac15c7bd1005281382f91c92676f26a43f68642bbf2280709b69d
School Boards,"$111,140.00",$407.00,Windsor-Essex RCDSB,Transitional Supt. of Business,1998,5e4ba40537bab6b09ed30e242a1926e17b6164409ebdc7412e1bac7e44e8de43
School Boards,"$106,498.00",$375.00,Windsor-Essex RCDSB,Superintendent of Education,1998,f791d481578ad12d24fc55b45ad49cc97ff69f436b6ce35e602cc82bfad75b59
School Boards,"$102,381.14","$5,785.52",York RCDSB,Superintendent of Education (Schools),1998,ad3bba4d90b9c99871b49c25f1b469767ab5484296e6c47ae609597c34bfacd7
School Boards,"$112,473.92","$5,819.28",York RCDSB,Assoc. Director: Instructional Services,1998,745f9f4e3eeb52bf9dd7a1da3acfdd298bfae6d9f4808c0134a780d9465442fb
School Boards,"$103,822.94","$2,859.44",York RCDSB,Superintendent of Plant & Planning,1998,4da3f9f0f7a97b1f5ea0cf3a826f3c2b6d7ee3a5cdd1d5f5412cb52ff20eece1
School Boards,"$103,822.94","$2,085.23",York RCDSB,Superintendent of Bus. & Finance,1998,e0be5cddee12084f027105e132eb0846b35b626389ebd5e3506eb27f98fe9dc7
School Boards,"$103,102.06","$4,379.32",York RCDSB,Superintendent of Education (Schools),1998,382be3c478846a5cb2d76591225148b7d46d902aa4c8ff92f1bb7e5ece5afbf9
School Boards,"$118,373.84","$8,238.33",York RCDSB,Director of Education & Secretary,1998,32a7fb363b0d5fe723346dd1e8d512fe977c9131ca40b86b8c6e072fdc556438
School Boards,"$102,381.14","$5,785.52",York RCDSB,Superintendent of Education (Schools),1998,87bd282268f32db7c56ebc679d0107f488e68c0eca62d41c5f107e22e4adef48
School Boards,"$102,381.14","$5,785.52",York RCDSB,Superintendent of Education (Schools),1998,01a28a2e6343d8c031376202d0340875e2c530bec6d6e7b7b971590a0277bb4d
School Boards,"$114,974.08","$2,290.72",York RCDSB,Assoc. Director-Corp. Serv. & Treasurer,1998,fdf0412bb10f6eeec4baf951ce24dcfaa21c272e2b822cacd419636875f95c76
School Boards,"$103,822.94","$4,590.22",York RCDSB,Superintendent of Human Resources,1998,344c552a44bd97da1215ba6798cb3d6ec1ea9d15a9231e1d6e3627218b249258
School Boards,"$114,240.60",$416.76,York Region DSB,Associate Director,1998,44c69de7c6197035a5ac6659e241f4834f80a7283235500e51aff44f57ef2c5b
School Boards,"$109,199.91",$397.14,York Region DSB,Superintendent of Schools,1998,a23aa0c6aac8c3c085ed28dac2c8f71f9b8e17e2c162015fcc1defcb983c4969
School Boards,"$114,240.60",$416.76,York Region DSB,Superintendent of Schools,1998,7602cd3f62b823003fabaafc79f2927e138afc57dcdc382facadd8a2838eccea
School Boards,"$109,107.68",$396.39,York Region DSB,Superintendent of Schools,1998,92b049166d96a950dad09de9cde29d5dfab8a656eb957d913e0ece655be13125
School Boards,"$109,199.91",$397.14,York Region DSB,Supt.-Curriculum & Instructional Svcs,1998,932e7d4748c5d750a54c680239cf33e23f1e9616efb35ed4f397ab39f8b2b5b6
School Boards,"$107,002.42",$387.36,York Region DSB,Superintendent of Schools,1998,4f12d2779dd951b15f6737cd1e7f6c416c60df089a37b4eb1e28a4d1de9c4933
School Boards,"$114,240.60",$416.76,York Region DSB,Associate Director,1998,94361479380412aeacf0795ed4695beff1ec5d31d4330fe3cd07a64bc6c42898
School Boards,"$114,240.60",$416.76,York Region DSB,Superintendent of Schools,1998,abde691b9c382341f521dd65b17b15deec7959d86726bd91a74b64317d6c950f
School Boards,"$107,002.42",$387.36,York Region DSB,Superintendent of Schools,1998,53b0d619bc6e8af51bba278c084151d196c66ab22f8bb184ea24facaedaded00
School Boards,"$141,937.30","$2,712.00",York Region DSB,"Director of Edu., Secretary-Treasurer",1998,b2132a7e96f0a4ecac6df3308eeac718ef0f68e257a2cf0824ab46cbf503a7c9
School Boards,"$114,240.60",$416.76,York Region DSB,Superintendent of Schools,1998,8075ed321680b0b2bfb45160ec8ca14c3c785a4bcfc98af08595067ab900c7f1
School Boards,"$114,240.60",$416.76,York Region DSB,Superintendent of Schools,1998,c97b75b7c944d92af6f86da68ad7d992e4fc342b8aae8283edea8c3b728f932b
School Boards,"$114,240.60",$416.76,York Region DSB,Superintendent of Employee Services,1998,973909e85a8a0b9d81d18d6de8770825eb19a046b1dd8eea154392985284a532
School Boards,"$112,800.72",$410.76,York Region DSB,Superintendent of Schools,1998,84c9ec75d7783aab71be38b996050b81342c70d68e300cde49bc8ab74c74eb06
School Boards,"$112,800.72",$410.76,York Region DSB,Superintendent of Schools,1998,dc77d09c5436927f18ab097d48dc245f31d1645bded9df6990dea8b30ec31d99
School Boards,"$114,240.60",$416.76,York Region DSB,Superintendent of Business Services,1998,d17dbc34fc67bb0eb0fd3f8d0355126f5a418b5d3de7b8fd96c3ea9d0477b672
School Boards,"$110,271.02",$401.68,York Region DSB,Superintendent of Schools,1998,a2cb9201f86c9352f7589ff4af0cccee4cdf8c4aaaf8a94e62aae7e9861ec4bd
School Boards,"$114,240.60",$416.76,York Region DSB,Superintendent of Plant Services,1998,09509718195eeeb7f5fb5538ccd67f7d59a34fad2c2caed3f4d6458f0834f38e
Universities,"$105,022.02",$271.80,Brock University,"Professor - Fr., Ital. & Spanish",1998,4b7cfdb70dc044231b714344ec7fa4f11f6cecb7fd07519e86c1b5cfe8cf0dbe
Universities,"$152,499.96","$10,392.65",Brock University,President & Vice-Chancellor,1998,16a5b95fd0052b74117d69a594f6f531ffd81264d871b619e4a1e99839f35921
Universities,"$108,170.50",$917.40,Brock University,"Professor (Mgt.,Mktg. & HRM)",1998,0cbf4b1c7951960c589415ae979f0b0833e11bcc1a90837b26b3ef1388870cb1
Universities,"$106,870.04",$271.80,Brock University,Chair (Mathematics),1998,89af7acd10b100beb0a196c410171c1eba313104dbbcb3df6f3d7aac12b72762
Universities,"$125,429.27",$271.80,Brock University,"Vice-President, Academic",1998,7dbeb12feb6082a6036d29e0010df9755cb6d9123ab563a788c77ae8fb7858b4
Universities,"$111,826.98",$271.80,Brock University,"Executive Director, External Relations",1998,e2e5bc54f9166fc211a7046f7f0e58b6be8cd975ff32513e9051e493039ced3e
Universities,"$109,289.00",$271.80,Brock University,Professor (Accounting & Finance),1998,3fda09e8f764bd973d6df2bb225ae6ae5c6a26bffe2dd586cd96487b3acdc32a
Universities,"$103,514.50",$271.80,Brock University,Professor (Politics),1998,27f6a1706c39efdd36784b59d4b39c82c0db1877f21651b91207e2a6f24fc3df
Universities,"$103,895.02",$271.80,Brock University,"Dean, Physical Education & Recreation",1998,1ffc0ba5fd043f1ce2e4cb14c0572c7dafdded5ea208dceab52698100d8c4495
Universities,"$111,859.50","$2,854.20",Brock University,"Associate Vice-President, Administration",1998,240411c05bd70f80dea6d67deb6f0b2ef7dc08b25869e13e53f24e1a027044db
Universities,"$108,661.48",$271.80,Brock University,"Professor (Mgt., Mktg. & HRM)",1998,da95fc5d77edad09dc7af2520f9ed20efc05bbf06cacd009a68c71f2b5405720
Universities,"$101,342.00",$271.80,Brock University,Chair (Germanic & Slavic Studies),1998,1fcc98c4b36a3980681edb747cb70028f6df7ccfa6db94136f16e90b0f5f81f2
Universities,"$113,736.48",$271.80,Brock University,Professor (Biological Sciences),1998,b2656d7cb9926f9931c0f029712851b27ac93f521e527013f7b08dfc69330fd8
Universities,"$100,455.00","$4,791.00",Brock University,Professor (Economics),1998,4a8fadc7681def4e686bad5b06548a2a901fa2c734faaebc7bcbd6bd7a507145
Universities,"$104,073.52",$271.80,Brock University,Chair (Chemistry),1998,7a218ca65df1728a6ac1bc15ae400ac531265b3102f99ab9b47f7f2401743739
Universities,"$100,513.50",$271.80,Brock University,Professor (Chemistry),1998,88fa0c67e0ca622d6f3a256503ec5c044c96b7574e1e2c2a610aec7f35fbcd06
Universities,"$100,229.54",$271.80,Brock University,Professor (Mathematics),1998,d370993f9817ac889e77a4edb47bac995f5497802a7a552c637bed0be9cdf4ae
Universities,"$103,847.48",$271.80,Brock University,Associate Professor (Grad. & UG Sts.),1998,49569162e6164267ef429fbe45cdc0b16f2cbd716b31f00ac1754260c63dd6cc
Universities,"$101,342.50",$271.80,Brock University,"Associate Professor (Mgt., Mktg. & HRM)",1998,e7767b55b2a964d0204ca4ce4e1f99a160542b3fe2126c2cd69a066fc6cf608f
Universities,"$105,791.98",$271.80,Brock University,Professor (Biological Sciences),1998,3a4182432cdd41e5ef75cc8519f742a9098a2dfc3fde9a125b35b39bc5cef7db
Universities,"$108,268.50",$271.80,Brock University,Professor (Accounting & Finance),1998,679508a2f34f74814a5aecbcded5f013f06bfa506e3597b677fcef545b2796a2
Universities,"$100,085.00",$271.80,Brock University,"Associate Vice-President, Academic",1998,9c8d9301ee3200ab851f6c1d06cd0dc58cf4f7866d32bd832608630c25852844
Universities,"$143,382.54",$271.80,Brock University,"Vice-President, Administration",1998,2967a3dc1b4b34711b1d67b8aab3fb526436d9a187bf12661d67e126c312ebd9
Universities,"$105,056.48",$271.80,Brock University,"Dean, Social Sciences",1998,57dbb3431747bb8fa604f0375a90ef628e8ac2f7d54e0f4ada37f398e2d8be33
Universities,"$124,093.00",$0.00,Carleton University,VP - Academic,1998,2ac32020de45a2579efb181cf4fe0c1f6e5812e95e3ce3da3fb2aa9447f63bdd
Universities,"$126,178.00",$0.00,Carleton University,VP - Research & External,1998,0cfec78e38daa165e56f37d294893d2a1f27394c319d009fad6ba0dd666587a6
Universities,"$106,203.00",$0.00,Carleton University,Faculty Member,1998,4080123f67a3895b8f357c49fc0eb717f661679d3febdfae4e58159bc1b9659b
Universities,"$100,731.00",$0.00,Carleton University,Faculty Member,1998,4fe6440463dad2f137fc3ab7fdda5466ef46c39a2a311e3a5a7c1431d4b51024
Universities,"$110,331.00",$499.00,Carleton University,Faculty Member,1998,56320da8465f46a082d3fb95454d4e211295d5cb6a7de73ae99cc76fdfd56a5b
Universities,"$141,997.00",$469.00,Carleton University,Faculty Member,1998,1bb828c32313a2d83ca2886181016a3b049849c0b13507be146b16e3d0bda877
Universities,"$103,846.00",$176.00,Carleton University,Faculty Member,1998,bfe9f568aecad8131488b1e3bf5b3d789bd5dfadd147594e072e5f93c8d8f096
Universities,"$101,039.00",$170.00,Carleton University,Faculty Member,1998,349b91a2eeec9b7577a159977298f46cc595cb7c33b9d14eb178478f5645f9a1
Universities,"$106,865.00",$172.00,Carleton University,Faculty Member,1998,0b03691db1a14e47c3dd4308c82f382e4d06ed70ffedba34bbcb93f10bde5235
Universities,"$101,721.00",$0.00,Carleton University,Faculty Member,1998,02962436c43cff4f27474ce7a8c923bc6e1c3a29b8d38d6cacbea928565ff10f
Universities,"$108,775.00",$197.00,Carleton University,Faculty Member,1998,697b63a4daef84352a829a96da23cb2dc2102e3b52778d79fe8469e945d6c047
Universities,"$167,718.00","$3,220.00",Carleton University,President,1998,cff92e7b24b5478362c2715d570ea893d0bf65eb442963131761c99209bcc976
Universities,"$102,725.00",$0.00,Carleton University,Faculty Member,1998,e7444f471899892fe6b0ec64403e3c3e75ab9534c264cc067629308803dddf88
Universities,"$131,136.00",$0.00,Carleton University,VP - Finance & Administration,1998,2b485e722ef49e843cc02c7845c04ddb2037f2a30befc708bf0c46354fb0d640
Universities,"$102,663.00",$173.00,Carleton University,Faculty Member,1998,00ff813fb6e1b00f0f277fbabbb83de9451cb22b5f9e176640a81f741b6c1af4
Universities,"$100,104.60",$762.40,Lakehead University,Professor,1998,b374c4079d8680309f4afbb048062aeacef6639b02c8f591f2dcfcbb53d4f00e
Universities,"$103,795.15",$906.40,Lakehead University,Acting Vice - President (Academic),1998,231bc7b4f4ce3f70e533f259c41ef4b62337b66de47586b51a7cd8cd945b07f7
Universities,"$102,151.44",$762.44,Lakehead University,Professor,1998,6f5451bb80f6d17689175baf8c3833d5568f36216a5e167f300ca64352c1ade4
Universities,"$101,748.31","$2,446.93",Lakehead University,Acting Dean of Faculty of Arts & Science,1998,0b7aa85c98e83d42953b435f96fe14109c4d19cd5f7f9680f68ed30f9bdd493f
Universities,"$100,839.00",$762.40,Lakehead University,Professor,1998,a831baa7232a8dcaa38443d407cac4ba4949aaff78f0569dbf7dea73b1a5f03d
Universities,"$102,936.50",$762.40,Lakehead University,Professor,1998,00ec6ce70384dabc604f3ea2079d146d5bd240476d29ba94362440e51d26178e
Universities,"$100,044.48",$762.42,Lakehead University,Professor,1998,eb5cb5a997799513559f5703ce6c97c9e1ddde6f5da2e42e8b5585e9adbda670
Universities,"$101,531.46",$762.41,Lakehead University,Professor,1998,2729d892271b20e46cb1b151ab12c2af874a8f3f6c12d181ce33218c92e5f95a
Universities,"$100,164.00","$2,537.42",Lakehead University,Professor,1998,d50d90d4ed3d885fd5a511b614f8173883c9bce0bbc6ac72f858a0aa90f1a48c
Universities,"$100,704.97",$903.54,Lakehead University,"Dean, Faculty of Engineering",1998,47070ebb833beaff9e9143959d3730d1a6483db3fd13410661cb4c08b4da11cc
Universities,"$101,449.00","$2,475.72",Lakehead University,Executive Director of University Svcs,1998,906dddebf72cd8bb18c1aa22b7fa1907076d044dba06578c0fc9fb496f6f6c3d
Universities,"$139,407.68",$906.41,Lakehead University,Vice-President Research & Development,1998,dcc9ee61e0717dc42f1fec6fc21c95b320bda4d985a69601282259538694b76b
Universities,"$103,814.76",$442.34,Laurentian University,Associate Professor,1998,7a8e15d7a361fe5ed8b7380d3d43c337cc0b3d9ebb3f10f3a2bb0650cab38ce4
Universities,"$111,546.00",$442.34,Laurentian University,Full Professor,1998,e5ec08779a2ad92e37ef8e066d4379f2600499546a48531c97c329344c306365
Universities,"$105,504.72",$442.33,Laurentian University,Full Professor,1998,95e0829706bd57232e74a849833c3af24bd7cb72f411a3d93ac01cedcf0ae6c1
Universities,"$118,516.50","$3,563.44",Laurentian University,"Vice-President, Administration",1998,3d6d5a7567930c4a3584d65548b7c322091a393355a7144d10e12d0d55a2f6a6
Universities,"$107,829.72",$442.32,Laurentian University,Full Professor,1998,498134f0f213c86d5e1a61ed907e32a2e9f99d4bd66636930415a99f75b97d80
Universities,"$110,601.00",$442.33,Laurentian University,Full Professor,1998,a5c6f18fd1c5ccfbcfc5531767b78458eb618556d2bcafeedd4a36a10795083f
Universities,"$116,116.68",$442.33,Laurentian University,"Director, Academic Staff Relations",1998,445814e053182083d1f94e2d28c0dd08cc27e6f76f810521dfed35d66bbe728e
Universities,"$110,012.64",$442.31,Laurentian University,Full Professor,1998,444cd0f9a0c18dfd25724efdfb641c1bdb0c390705df2b030692a272d0d0d714
Universities,"$100,498.68",$442.34,Laurentian University,Full Professor,1998,c5f5be7ffe97a360d9d1d79b5f188deb59dabc9a6a497317b0ae9f559644a6de
Universities,"$118,890.96",$442.33,Laurentian University,Full Professor,1998,c7382f54732e2d0da62de296f4d44797d0e04373627b2adc2a1e1edb73e7cf16
Universities,"$100,113.68",$442.33,Laurentian University,Full Professor,1998,9a454581abd13376f9a00a3af74fa3c18269d38d8979be5ae4b6a2b52fbf6fe1
Universities,"$104,976.66",$442.33,Laurentian University,Full Professor,1998,3cf7724ea25f766649989c481889f5e3b528197bf5a0609b4bdbe3c325253f4b
Universities,"$108,363.00",$442.35,Laurentian University,Full Professor,1998,c42911128e938b413c56dc9cb72b13e744aa644618a6767dfc1b0d8722d09f7e
Universities,"$111,546.00",$442.34,Laurentian University,Full Professor,1998,31d28a927c6da386bca40df10ad1fdcbf67edb1c4f4c9133d3fc379c17b7c136
Universities,"$106,789.62",$442.34,Laurentian University,Associate Professor,1998,50669c6172fc8de09e62537e4fe53490d43f105dff0d10b8dc720e71e46e3c2f
Universities,"$103,140.72",$442.33,Laurentian University,Full Professor,1998,0dfbb4d525b939f7818d81d6f0d0dfb33700daac54a8a4f5b100b691b3c8d6d2
Universities,"$107,007.72",$442.33,Laurentian University,Full Professor,1998,d9c14403f6d6831147726020eea67bdb83f23ab0e9aec9a00bd2e75797319da9
Universities,"$114,204.00",$442.33,Laurentian University,Full Professor,1998,2d57b9881b4cee86e26cdb85c58c2d30bc621758ba709ab54db48a83d7cacc1b
Universities,"$107,514.14","$3,670.33",Laurentian University,Full Professor,1998,73e4e25484dea3388e94419d7ac8470cf44a81f94f465be5c193095c4231ec91
Universities,"$100,946.64","$2,185.34",Laurentian University,Full Professor,1998,aeb13880879212a09ffa7820ee71c99022fd75edc469295ca1cab72dcc560fc0
Universities,"$140,114.20","$9,442.32",Laurentian University,"Vice-President, Academic",1998,3becb89d25126258baea3348f08376e776d71cb919f8dc7784a825656c352b12
Universities,"$107,374.02",$442.33,Laurentian University,Full Professor,1998,94ce9212fc3ae59fff58c8e4317515f1d360419b1f9b855452c4de4c6c8138b2
Universities,"$118,785.72",$442.32,Laurentian University,Full Professor,1998,34959353c04f9a1b45267ee0760542b0a6f808f3702bf34765953bb2c16aa4f0
Universities,"$118,430.68","$1,836.33",Laurentian University,Full Professor,1998,c87b475de3083248bedb47ee8f010f016c838f7a2a9dcf4220be2ca134a12ba7
Universities,"$109,304.56",$495.36,McMaster University,"Professor, Business",1998,ab839b1e796d95e63a97561d2250050ba9d7ac0fae7cfc5cd732973b42d03960
Universities,"$119,825.24",$372.96,McMaster University,"Professor & Assoc. Dean, Health Sciences",1998,c2cd2cdd1f13434ff0b6aa7bed0769451558b14c60628fd3fc1d5f3e9ab0b626
Universities,"$100,458.00",$231.00,McMaster University,"Director, Human Resources",1998,d67df2eafb1cd97212d0d01a63a09582a0b58bb282380df01a7cd566186af0fd
Universities,"$101,054.63",$618.60,McMaster University,"Professor & Chair, Engineering",1998,45641b739d1c9738b66591ba93fba4d7a6712681d8297ed1e5d637f7387daf97
Universities,"$100,322.42",$226.38,McMaster University,"Professor & Chair, Health Sciences",1998,e05e4b1c8c1026c834652d4b0c0571d9e17432d49767bcb7e35c850f307c79da
Universities,"$147,935.25",$734.04,McMaster University,"Associate Professor, Health Sciences",1998,c874db76ed67a25dd9fc4a6bb7696fe51754454c96b8e1de969b3c662faf5b6b
Universities,"$101,985.46",$231.00,McMaster University,"Director, Physical Plant",1998,dcca3db2e6cac09b85365d22dd03f5c4e841cd70646e946a3932cefb5883ddab
Universities,"$172,568.63",$231.00,McMaster University,"Assistant Professor, Health Sciences",1998,d99d30b9e0b2fb21c75d7d64da5e7ae80738f1ea209bde4f26ab7d96f5f0490d
Universities,"$107,057.00",$231.00,McMaster University,"Professor & Exec. Director, Business",1998,02eeb629656235360667c58a514f3a76801df48990f009eef3ebf072d8ba9275
Universities,"$114,651.71",$231.00,McMaster University,"Professor, Science",1998,e58369a3ad1969e0fba462adc6401e162725a174391027c082ffb7a072b3bf0d
Universities,"$154,692.72",$826.32,McMaster University,"Professor, Health Sciences",1998,8e9671ef4a1aba476cb9631d08649d7203741fd6fb544a09f79bfbfe42eb1e20
Universities,"$138,745.53",$513.00,McMaster University,"Professor & Acting Chair, Hlth Sciences",1998,bb1cd6d14174e2b19bf6661e3f672ce23bd41b94fff23f8f862d5c89a49463a7
Universities,"$101,300.22",$619.56,McMaster University,"Professor, Science",1998,074669d9abfdc6a9c8f6ea21bb9bb747f7c0acac32bc0fb78558550cda41ed0c
Universities,"$103,609.73",$628.44,McMaster University,"Professor & Chair, Engineering",1998,4ccd407b1835217121c0a77ad82faf05172a6359c69da3ab8c514f85bc36108f
Universities,"$126,722.98",$231.00,McMaster University,"Professor & Dean, Business",1998,4a4ddb9dbda421e4d0f117460e9c9d99ada3e823c95e4a0d672655cf410183bf
Universities,"$102,877.52",$625.56,McMaster University,"Professor, Health Sciences",1998,ee24a7369cb695c382bc62c12e3f1ed3bf71ed07d61bbad3e3279a7383408809
Universities,"$149,600.92","$1,913.70",McMaster University,"Vice-President, Administration",1998,6346a4d99cf4999904d917a3d814ef264b29b1aaf04adc13cc688be9bf93e91e
Universities,"$102,377.92",$231.00,McMaster University,"Professor & Assoc. Dean, Science",1998,d385c5d923b881d4bf61420dcdd21f5ca5c5863c965a03a59b5ef6a1e2f92494
Universities,"$111,962.98","$1,171.15",McMaster University,"Professor & Assoc. Dean, Health Sciences",1998,1ea9553b0f4fa83489d8cd4f7dc634d4ca54159796e609820cc1001599df63b2
Universities,"$102,257.32",$623.37,McMaster University,"Professor, Science",1998,758dff574dae0d644ba9aa8192d72846ee05b5683e238121dfd68a0abb70814b
Universities,"$101,490.02",$620.28,McMaster University,"Professor & Director, Science",1998,113251b499ce5065cf9281906f83aa39bc7d5ef3f946d202d8e763ca91b6b821
Universities,"$158,366.00",$231.00,McMaster University,"Assistant Professor, Health Sciences",1998,6663193a227eb7db911a52751826cd0eabbe5350c3702df6168d50ac16224206
Universities,"$218,714.94","$13,874.79",McMaster University,President,1998,45644d6017ef796d9e3c51a04d0c360de05a00e1c269a1887dd4e67378e7c8a9
Universities,"$134,041.50","$4,711.00",McMaster University,V.P. Research & International Affairs,1998,868403b5a5624312919cf7e43168b61c08fafea5b3c8a9150bcc692843944b21
Universities,"$104,663.76",$632.40,McMaster University,"Professor, Health Sciences",1998,181818759bc30ae5650cffbd7699dc50fc77990b99ce75f9e9186fd61c20a263
Universities,"$159,747.48",$231.00,McMaster University,"Associate Professor, Health Sciences",1998,baaa209ebf1f3ab5453ae70e39eae1ca9490325f70686a23e5f404dc1fd85736
Universities,"$107,863.20",$203.28,McMaster University,"Professor & Associate Dean, Business",1998,582e910885c241283eb0a68006725e44c35f6e99f637d5678e4c8178321195d0
Universities,"$109,821.68",$652.08,McMaster University,Associate V.P. (Academic),1998,08cfe7acb50827fa8972cd0c7eb02914a124c3df0f24479e1184eacf46fe8951
Universities,"$104,252.12",$613.80,McMaster University,"Prof., Science & Director Geol/Geog.",1998,e0f325e41a0aadea96e61800a8ef0c5f0ba234ed7fa814d8e3ea33a8c53c4c7f
Universities,"$100,898.99",$372.96,McMaster University,"Professor & Chair, Science",1998,88d9dc9aba43e6e1f2eb5cdd11df968604461fba9fcf4e94317487aa95818dde
Universities,"$151,846.03","$1,170.76",McMaster University,"Professor, Health Sciences",1998,ac7b07338764b274778c06d6463502562cff2be58eb80cce9557712d43f38bc0
Universities,"$106,858.57",$231.00,McMaster University,"Professor & Dean, Social Sciences",1998,a73df29cc5563a3fb837ad71567493dfcc26836dbb22149506a7abf8a3fd817c
Universities,"$102,933.56",$231.00,McMaster University,"Assistant Professor, Health Sciences",1998,bca2ead2383ae941b265308f3fec55e6dac29b27899c4e14e259e28680b133f9
Universities,"$103,918.20",$629.52,McMaster University,"Professor & Chair, Health Sciences",1998,a78d1d4f14904adca4fd1cb17c3eab500fed67357732a895c89e61263cb93cf9
Universities,"$105,210.87","$2,659.44",McMaster University,"Professor, Science",1998,afc221e19713a9b915c15e925d1717ade4aeb17462a60684fe7a550d8f86b416
Universities,"$111,447.51",$231.00,McMaster University,"Professor & Chair, Health Sciences",1998,c07c0bed39ba4504c31c4bac968e827126d6f9fa23e2f15dfac71ec1cfa20417
Universities,"$116,004.80",$513.00,McMaster University,University Librarian,1998,17be505ac4ddda098f180384800d2a2b386ee9fe3815101f9af93ac4cfe503ac
Universities,"$100,162.89",$231.00,McMaster University,"Professor & Chair, Health Sciences",1998,8d29a9be562c1bf79222aa27637550880393aa0fada1efe7ac2a1a21f812744b
Universities,"$108,864.53",$231.00,McMaster University,"Assoc. Professor, Health Sciences",1998,52d38192020c4ec751ebc13360ca1b283c9acc80093435bf147e508a4233c3e8
Universities,"$112,485.25",$219.48,McMaster University,"Assistant Professor, Health Sciences",1998,0739120ee0c01569e43d53f31bf778f3d69757ad2aef3153fa4589eddadd23a0
Universities,"$186,798.54",$513.00,McMaster University,"Professor & Chair, Health Sciences",1998,b159e1f4e46d91704018fbf3da7c678888689efbb16946f38bc740939b7cf197
Universities,"$109,081.74",$231.00,McMaster University,Assoc. V.P. (Student Affairs),1998,55100c47533526d68dd3adb583cd3d71fc01d0467c2e36e5979c3705b97b1116
Universities,"$122,711.79",$701.28,McMaster University,"Professor, Science",1998,eeb95942c05978ae61f6e8236144de5c078807d6b463742e5be018b977a2aecb
Universities,"$100,008.00",$615.00,McMaster University,"Research Fellow, Health Sciences",1998,fb19a680e89285f9d9dbf4d6967b9487c6191fe066c5b303d22a726a940de6e4
Universities,"$109,189.64",$645.99,McMaster University,"Administrator, Health Sciences",1998,3a5c7a072fc8933f8261b48bdb1074a1ef37fa3585ef74ff398bda33cd599c31
Universities,"$104,255.32",$488.52,McMaster University,"Professor, Business",1998,d7989d360359c0346773e428c8e6c56a15a6f2748580826a2bc4a22608f7bf40
Universities,"$102,232.20",$231.00,McMaster University,Assist. V.P. Finance,1998,39127423c675870e174bc7cc0797c3f1be547218eeb64ed5d73dd122fee1aee1
Universities,"$168,319.63",$834.00,McMaster University,"Assoc. Professor, Health Sciences",1998,f96db1e6a267e8924d379e757743a892ba1ecd47c69088cac5368f9e0ee1c020
Universities,"$138,091.76",$219.48,McMaster University,"Professor & Chair, Social Sciences",1998,f1632d34a56c69cd08ae3b82c44335701468c11d6b51bd13f58dcdec3dbf4873
Universities,"$112,787.43",$663.36,McMaster University,"Professor, Business",1998,c05be122a20413c42f417f48f6bf5b67a4025fcf353124d4cc8c7314061c4bf2
Universities,"$100,133.21",$513.00,McMaster University,"Professor, Engineering",1998,24270d1e7f2a4a23a3c91ca6e6ab273ec29f80bda3f76eaa5154bd5986cce8d8
Universities,"$123,250.59",$994.56,McMaster University,"Professor, Health Sciences",1998,8b181c5813898a1681c73de7250ebf850ea21ea17b7bd69ef3b85c35ce3de3a8
Universities,"$126,554.22",$231.00,McMaster University,"Associate Professor, Health Sciences",1998,2342d31c3c7fc0d69557916acb105563689cebcdbc34fec957f435757c1c438f
Universities,"$133,981.44",$231.00,McMaster University,"Assistant Professor, Health Sciences",1998,bfdc73af49e0cb383aa5f603dab8df0e3a66bb7307705d859606fd7df6cc3ae9
Universities,"$100,393.54",$616.08,McMaster University,"Professor & Chair, Science",1998,cafbb26e91738205e6368ee47f4e899e840a1077e3673eacbf12b2b6090fd365
Universities,"$103,776.66",$218.91,McMaster University,"Professor, Business",1998,a29a2bf259b066231eaf13901f932bfd2dc0524ed72ace6698e13b5c5f1fcfff
Universities,"$143,264.59",$231.00,McMaster University,"Professor, Health Sciences",1998,5197b1e24dde52cf5b99b540de6dd89bbf980fbe0a9a0e32d4dd1ec56a2ff89f
Universities,"$185,924.61",$906.12,McMaster University,"Professor, Health Sciences",1998,aaab1b8b2629bc5a8edaaace92865cf986ba3feb3042f5a78559a740e759c658
Universities,"$100,035.75",$219.48,McMaster University,"Professor, Business",1998,62d881883da7dcf69bf8e99d8aa543423a5b406b6e5eaa8059333d9a34228c83
Universities,"$117,150.94",$679.28,McMaster University,"Professor & Chair, Engineering",1998,310746b0aa874ce6caa18f0b8314232f99fa4b0d234213b87a7979206411a948
Universities,"$113,379.59",$665.64,McMaster University,"Professor, Engineering",1998,8d1b74304c19ee8bb039cf057501ac8ed46ae62ca17288455921ac27b038a766
Universities,"$101,207.07",$231.00,McMaster University,"Professor & Chair, Science",1998,1b4e97eb52c4b191d1b177b4428ca4276bf32fefa9b6071990fb1526f9ca3bb1
Universities,"$177,047.22","$3,476.34",McMaster University,"Prof. & Assoc. V.P., Health Sciences",1998,8da47efc677b5d79270f1b83c3f947788a815923d9f984cada51c68cd8236989
Universities,"$101,790.35",$513.00,McMaster University,"Professor, Science",1998,a2dd8a5dcaa3739a6cf8833e72ab4d61842917abec89088185d1b5a5e2ab3802
Universities,"$121,663.89",$814.50,McMaster University,"Professor, Health Sciences",1998,a0375722aeb23778b0a2bf33f63dac0908a10b5892966c6d912654a34145885d
Universities,"$212,155.53",$513.00,McMaster University,"Professor, Health Sciences",1998,0be90db618b794c442ef9801727bca5c9f983f5692bcc5cb6ca532d76d68a328
Universities,"$165,780.61",$830.52,McMaster University,"Assistant Professor, Health Sciences",1998,fb31ebea2106bc6edc3e4289fb8c5c013546253cc192b27cc49db8b5cc005535
Universities,"$121,122.02",$231.00,McMaster University,"Assistant Vice-President, C.I.S.",1998,993a4de5fb98887515135d9de2158f446c519fdc1b1f56269f933f0e6825af01
Universities,"$148,643.52",$231.00,McMaster University,"Assistant Professor, Health Sciences",1998,c521c11ffff5e625933e3fa1f3ab05d7b0b1624df808fe78bba8511bee7fad3c
Universities,"$103,372.72",$506.76,McMaster University,"Professor, Social Sciences",1998,c1c7f002c0ec536dc44e8135967160bda48a4c1e9db399c4c8aed092ce172bbf
Universities,"$108,971.10",$513.00,McMaster University,"Professor, Science",1998,30e65c7ec534527218c45ed9c5515a4568d3b429116c632de465b6926d78c805
Universities,"$131,584.59",$228.72,McMaster University,"Prof & Assoc Chair, Social Sciences",1998,062e5ec91de01eca54fd349c20fc9adcd7c5863f40fd0cbf92d52459f0adf741
Universities,"$106,423.28",$231.00,McMaster University,"Professor & Dean, Engineering",1998,5b0c9120ea5b231f3493b67f66319f8b821741d479bbdbb880ad2584b0abc80d
Universities,"$151,294.29","$1,415.64",McMaster University,"Professor, Health Sciences",1998,ba4b5a79b581f4bb6444ddaf889bcd9b868f9e5b842f0649c1a0b9172aa6baac
Universities,"$108,301.98",$646.32,McMaster University,"Professor & Dean, Humanities",1998,186b5191c8c324fedb9bcb77c674cf3dd19c5c6e6f0d4d668c42390f6bdfae5e
Universities,"$105,573.65",$513.00,McMaster University,"Professor, Health Sciences",1998,0647d150fc21e62e8555cc2d43f839f815a4d7cf39db318c7b64a702ff245e6e
Universities,"$115,716.64",$513.00,McMaster University,"Professor, Health Sciences",1998,b19198c422e4624b02d01c5c167952790ea1c915f2eeeab482e4cadeacfddc94
Universities,"$110,961.21",$218.88,McMaster University,"Director, University Advancement",1998,13fd8a27191390b086ff9d4b70838758ed3c39c860996ff1e4aca040f57b8ab7
Universities,"$141,556.28",$782.28,McMaster University,"Associate Professor, Health Sciences",1998,0e55b7632ae0911361243cd01a4c29affb44879a09e15a76708e2ac249dd0874
Universities,"$112,500.49",$513.00,McMaster University,"Professor, Health Sciences",1998,5800a1c47c8ae7354b6e85077eec18f45e93309a7a1d532bb608331024604860
Universities,"$100,263.82",$231.00,McMaster University,"Professor, Health Sciences",1998,99bd19167b3355cd7bc293ab9b5d7d9472252ed5c1a6c338b86922c350ac1016
Universities,"$106,501.55",$231.00,McMaster University,"Professor & Dean, Science",1998,77f84fd89f4a4297ea236615d639a7c872f84dd1e2c7acfdb2a7fd1b7eadc017
Universities,"$131,483.81",$231.00,McMaster University,"Professor, Health Sciences",1998,8bbfe2ad2fc4071e1f5a2230a60952b0e92b3d5202255d5f1ec408325782eb4e
Universities,"$100,065.51",$196.32,McMaster University,"Professor & Chair, Business",1998,d5f0faeb3cec5f2b448ca7863ff110e90a3b87c5872562dd46ac2f40b8be38bc
Universities,"$124,304.04","$5,031.00",McMaster University,"Exec. Director, University Advancement",1998,86ecd5c4cfabf61d5bfd9fce126e0fd9fa60406f23d513c4afd6c86fde03de19
Universities,"$104,415.01",$231.00,McMaster University,"Professor, Engineering",1998,783d4c7b3318e11a2aba4dc006b2001ae96af905415c9903216da5852599edc4
Universities,"$100,243.68",$231.00,McMaster University,"Professor, Engineering",1998,1eb85bef46ae0c006ccd1947f729e2f69c1feade916058f9bc6804013f5d2e6c
Universities,"$103,601.21",$513.00,McMaster University,"Professor & Dean, Graduate Studies",1998,136f662f17a9dc391b6ec47cc99b9b75d12eb73f8c00dec236ec43b1d305da2c
Universities,"$145,442.58",$790.74,McMaster University,Provost & VP (Academic),1998,dca05ab528110c838c9d5397663e8d25c47a8934980a1a0c9ce0ede05facdfdc
Universities,"$105,036.00",$633.84,McMaster University,"Professor, Business",1998,8430d4b4657379b0ae9fd31cb28ceed0837cd26ac5f8efba84fee59f3d2ce878
Universities,"$100,796.89",$513.00,McMaster University,"Professor, Health Sciences",1998,9e7bc60cf859684cebdd49e2a854ddddf547fc35c9cb05ae8b4b38063c845000
Universities,"$101,845.95",$513.00,McMaster University,"Professor, Engineering",1998,2615ca89fe07e36db16950d539b7ac2437385fa1c3a3fb89e9850c6215be9d75
Universities,"$105,000.00",$880.92,McMaster University,"Professor, Health Sciences",1998,a4b2a40cff8bbdf5bd2a9f1d491169d114e398f9cc72346eba7fd9b09b618ff5
Universities,"$104,907.44",$315.91,Nipissing University,Dean/VP - Academic (Arts & Science),1998,69030ef5f4a96a6dd79f23727f4b5f1a0a4b2a9a680eca47779cc42c94b06216
Universities,"$132,679.23",$432.00,Nipissing University,President & Vice-Chancellor,1998,72bdfbabe1717c88ada7f39f6743057c1bacdd74d524b74517e9c74ff89d8f5c
Universities,"$113,487.91",$307.54,Nipissing University,Professor,1998,059a7fae419839df3e0f72b4ec983d81275196b495b12549d807a934768b3213
Universities,"$124,815.10",$375.52,Nipissing University,Dean/VP - Academic (Education),1998,a4289f1ebf73ea60d8d5d5082c8a4f72eb041d458ef392abe1904c1d8565eb57
Universities,"$117,753.60",$338.38,Nipissing University,Professor,1998,1fe15bcd32b075cdfbd94493cac99ef393dd1f3e99f8a950d2e644544677b152
Universities,"$111,142.99",$274.98,Nipissing University,Assoc. Prof. & Chair-Graduate Studies,1998,06fdd24ff7378b76ae21e721783c194924512e36d53f61d1b6cd545c053a43c0
Universities,"$119,596.00","$1,701.00",Ontario College of Art & Design,VP (Administration),1998,684e5f39e0c369f0aa2f2b320ff41dca4bdb3e5d23b42950655cef6e53b84675
Universities,"$104,188.61",$273.60,Queen's University,"Professor, Faculty of Law",1998,1dfe426d4e306d940066d768d91055de0b2cf5d554867dd67eb5cf620103b291
Universities,"$105,671.31",$273.60,Queen's University,"Professor, Elect. & Comp. Eng.",1998,102dde072f3b8bd6b5f4da69bcdcf5e1b3b236f3a4e436d471ec37b23bd9e9f2
Universities,"$106,585.42",$273.60,Queen's University,Dean Sch of Grad Stud & Prof Mech Eng,1998,07f32c5c763e9af1016631720353202d8b474489537a12c689dbb3c1d083ade6
Universities,"$117,918.96",$273.60,Queen's University,"Professor, Chemical Engineering",1998,54288cdb0758322350be1a35e31b87cdc9860ef288888e53fc8e468bf327ba19
Universities,"$102,677.62",$273.60,Queen's University,"Professor, Faculty of Law",1998,bf55499f75b9594a0a1c7fda8ea2d6735d02b05fa67d05aabde778d09d7a8acb
Universities,"$115,703.18",$273.60,Queen's University,"Director & Prof, Sch of Policy Studies",1998,f816d8465f6c8288004d22375983ba4bacad0141e2127e06a201c7b7fdf351da
Universities,"$104,872.81",$192.42,Queen's University,"Registrar, University Registrar",1998,bc8f062d45619b486c4857d4c4fde051b04e1c9fd7d17b2cbb0566189a6f4675
Universities,"$117,604.21",$273.60,Queen's University,"Professor, Economics",1998,c110ae0f2b9411c68931678d60667a6ddd43a35117812358d5ddfff39f3d86e2
Universities,"$113,724.96",$273.60,Queen's University,"Head & Professor, Chemistry",1998,08333b11a7a8719fe22952269209a375f52ec5707c660f833f18e8d8178506a8
Universities,"$120,836.13",$273.60,Queen's University,"Assoc Professor, Psychology",1998,489207294310cb905b632399e960644cbe70592e85c0858fec43dc077a5bea1d
Universities,"$140,099.79",$0.00,Queen's University,VP (Advancement),1998,6282928e27fd6d2839e2a763aaca1dd2f4b41fb37aad33614d54bfd8a75e4dd0
Universities,"$131,122.90",$273.60,Queen's University,"Professor, Faculty of Law",1998,b8f686fe63bf0bcd9e1f1e59d084896cf8aa40080bde9d9c31dd5b4d0115b636
Universities,"$118,007.62",$273.60,Queen's University,Exec Assist to the Principal & Prof Phys,1998,7db4967e2e33246f27c072e72eb7a5051b18f597ac39b5b8bb0c4a54b96102e7
Universities,"$122,101.36",$327.30,Queen's University,"Head & Professor, Biochemistry",1998,99b6ffd4595aadfe64e4b8a80051db7e91e47c55967cd8cdeca8f751224daa66
Universities,"$103,946.97",$273.60,Queen's University,"Professor, Pathology",1998,4a6f7253e13145708bc7cf9f35f70874980b41dcd2e81b39f65de7167573d9a8
Universities,"$123,715.00",$273.60,Queen's University,"Professor, Economics",1998,50d52de594796df2b04cceaf7c01d44a2ef62b3f6d222e51504e3e9152d60d8e
Universities,"$151,351.81","$1,461.96",Queen's University,VP (Operations and Finance),1998,16cab03f31480da791cf9b3fbbb2a8860c0a4f04c2bf6efc391653ec3a6b90fd
Universities,"$121,205.50",$273.60,Queen's University,"Dean, Student Affairs & Prof CISC",1998,c91abaa3b6a43379b6af6da90fb84ad78bf0a8258e7806fbf4bae855f65b9398
Universities,"$131,941.39",$273.60,Queen's University,"Head, Res Cancer Care Ont & Prof Path",1998,f55d8721d728402c9a85f65e9b720f4cb8ff45504f93c222be810a12b363f190
Universities,"$102,347.05",$187.77,Queen's University,"Professor, Faculty of Law",1998,b4396ca8ddba2522afd5ab5ca4e202f1d4b9cec6e95831a022739c0883e6a15c
Universities,"$129,294.00",$273.60,Queen's University,"Assoc Professor, Psychiatry",1998,35cf926fee6738c2b560bc2c1417c2940417b24f8cfcec36c1dca992298587dc
Universities,"$104,458.61",$273.60,Queen's University,"Assoc Dean, Arts & Sci & Prof Geo Sci",1998,fbd7bd6fbd7980eff41c01687f2a1dde86acac251c365bf548f0ed5070a40f6b
Universities,"$147,546.08",$342.92,Queen's University,"Professor, Biochemistry",1998,26ffe5a8e0d4d68350204d6a4019da6f428cd05bae488829188118463fd73fe1
Universities,"$133,867.06",$239.69,Queen's University,"VP (Research) & Professor, Chemistry",1998,c30f50464bbc01314db89e251dfd812017cf34902a0f0c8bf892b5309d70e906
Universities,"$125,757.48",$296.06,Queen's University,"Director, Development",1998,801107d34eaf2640f5ac28ea04a4e5ba85225a6c5fa733d5f59c198e862952e9
Universities,"$107,979.26",$273.60,Queen's University,"Professor, Psychology",1998,92c244c5fc8ca58865449199406f84fe8ffad9a8944e81e3c587fc0c6c195c93
Universities,"$110,464.80",$273.60,Queen's University,"Professor, School of Business",1998,615f533839260e5abb7d35afedb90fd8d9aafcb032a2c248487384894a12cf2e
Universities,"$113,111.50",$273.60,Queen's University,"Professor, Political Studies",1998,2a600b81a4dc2911959555687536d89dc4364b6667f4b48ce673751c60e20f29
Universities,"$136,194.96",$273.60,Queen's University,"Professor, Elect & Comp Eng",1998,314c03052bfd0801c6a804f5a00370e09b9ce891c6c4e8914d5c5c94203a8d7b
Universities,"$117,058.65",$197.54,Queen's University,"Dean, Applied Science & Prof Chem Eng",1998,009234125aee62a8e2682cea41566432706d311ad6365f2a2f6d6dfe5ceccacf
Universities,"$107,303.61",$273.60,Queen's University,Head & Prof Geo Sci,1998,7d308479fe97f5eaa4d1da87417826605303657ccb47187f3a5be15a419d8768
Universities,"$162,103.10",$0.00,Queen's University,"Dir, Bosnia Proj & Dir Fam Med Prog",1998,ab25c7f8806fd9addf4f819c0cb846b818d35ada0c5817937790d8ab6144d408
Universities,"$100,557.31",$273.60,Queen's University,"Dir, Sch of Environ Stud & Prof, Biology",1998,e64ee78a13b70198fbe19c50f5f8e5429217d1f2e3a2b71886ce0dfb229fed51
Universities,"$150,127.65",$273.60,Queen's University,VP (Advancement),1998,9ed83d9dbd3a32125bae5f786935d93a84567092f7e824c57f60f5ef84a212fb
Universities,"$100,023.07",$273.60,Queen's University,Assoc VP (Research) & Dir of Res Serv,1998,4bcc25b34f89a3e10d16078a23384e3f2b34bc1a71c873d119f9e8e045809c13
Universities,"$102,905.64",$273.60,Queen's University,Exec Assist VP (Ops & Fin),1998,9422a062435427f524ae1ee47dec1d96387fcb1bc189ddefe02583276f3cdd22
Universities,"$133,746.01",$802.04,Queen's University,Assoc VP (HR & Org Effect),1998,ebeb7cd9c9fac46530225ed5ba9e229cf4bdbaddffd8b52328d19f6c566fc9bd
Universities,"$105,605.00",$273.60,Queen's University,"Assoc Dean, LS & Prof, Anat & Cell Biol",1998,176944d6cb103e9a2a11cfff0413f0735387bbb51ddf498731dda9724fe01e60
Universities,"$103,660.15",$273.60,Queen's University,"Assist Professor, Psychiatry",1998,88fb963c0df24fe0adea861c2cb948d1cd8b1a6808c3347348314503dfce0f40
Universities,"$106,252.10",$273.60,Queen's University,"Professor, Psychology",1998,1d7a44ad6344629dc0c1d7ec43f8fbb38ae82447c209ee923741723a08ca04da
Universities,"$113,643.61",$273.60,Queen's University,"Dir, Inst Dev Cent & Prof, Psychology",1998,449a209fc1a63e621834d2146c5aaa1ebf96662d8f6d6546377e259f2cea1a90
Universities,"$110,449.96",$273.60,Queen's University,"Dir, Inst of Intergovernmental Rel",1998,3b6285b352211697a442a0c49ea5c57e409ecbbc1a8ba766147d4d798f6eb478
Universities,"$208,979.74",$961.07,Queen's University,Principal & Vice Chancellor & Prof Biol,1998,74fbb23cf1eece734405b2be2a6ab6a4bbffc47fde9644c285de7f111012e462
Universities,"$119,275.17",$273.60,Queen's University,"Dir/Chr, E.P.U. & Prof, Sch of Pol Stud",1998,d281da8e46a5290f1b5723e59b3bfa2159566227a03aa9b8841e13a21a074e48
Universities,"$100,471.80",$273.60,Queen's University,"Professor, Political Studies",1998,2e948f3d706f306571305551b86942960a0143b8b332b2c40b40770f9d078bc8
Universities,"$100,709.75",$273.60,Queen's University,"Professor, C.I.S.C.",1998,6f55c5c01d40228c94887e606d5c38de5dd0f9213799ac1a1a3caa1e542e87d3
Universities,"$102,714.90",$0.00,Queen's University,"Professor, Physiology",1998,40b1effe0804c0a94195b6c275b8b9a40e9a81199ee71123c4c14926ebeb29a5
Universities,"$110,376.06",$273.60,Queen's University,"Professor, Economics",1998,6acba2857519aeb3a409e40ea1f5026779846ac444a11ccb41ccf969f5067b86
Universities,"$102,617.15",$354.22,Queen's University,Assoc Dean & Prof Law & Law Librarian,1998,769d496122a4a2813474aa0eef7d3e7a1aa059ee906109326b94f7220868c94e
Universities,"$213,547.92",$273.60,Queen's University,"Chief of Staff, KGH",1998,efd01907cba9ea42d717e1025ca698d431b038dc1c126e76d320b2b74b7119fb
Universities,"$106,310.00",$273.60,Queen's University,"Professor, Psychology",1998,52f633587b1707ec0731409e4e71267a358a4054dad32637dfa969cf4927c7b5
Universities,"$104,163.92",$273.60,Queen's University,"Assoc Dean (Ac), App Sci & Prof Chem",1998,1bd1f4d390a627d9aad5553e17aa0505d86b24eb0e759a85decdab1ca9b48592
Universities,"$102,341.55",$273.60,Queen's University,"Professor, History",1998,e72ddfa2eb79e67e99d47b259122578306100312485b52b48544d6dc76b1e4ac
Universities,"$108,140.46",$273.60,Queen's University,"Professor, Physics",1998,03d3e79c8934e6075f65832d496e8354af973a6cd1a628312efa84d81befa45b
Universities,"$105,257.90",$0.00,Queen's University,"Professor, Elec & Comp Eng",1998,bad58be65355a7c754f72e0b951073c89970c2b764d597cc9adfed49c000a388
Universities,"$113,212.98",$273.60,Queen's University,"Assoc Dean, Arts & Sci & Prof Physics",1998,2f1e313d8b2c6fd631aa18707e687d598c7acf16ad0105f20d98a88eef035941
Universities,"$103,499.36",$273.60,Queen's University,Assoc Dean & Assoc Prof Sch of Bus,1998,041c11b6342abbd9f8cc47296b988c4e96a703009294792220c1fc718baeec1d
Universities,"$101,447.50",$273.60,Queen's University,"Professor, Economics",1998,3ef09c9ef2f956fc3a12b3c679c9e443b38b9c6eaaf6668e4aaf692cbe122cff
Universities,"$122,501.77",$273.60,Queen's University,Assoc VP (Academic) & Prof English,1998,e5fea1bf45469d2fd5bb012f21f12cc11225b5b890de7b2726adcc5a74b1da44
Universities,"$106,227.90",$273.60,Queen's University,"Assoc Dean, Sch of Grad Stud & Prof Geog",1998,d1ae399f33ef23597860ac4993eeadae2ad17cac43652f9974ff3fbc04c025e4
Universities,"$104,061.84",$273.60,Queen's University,"Director, Operational Services",1998,fc8b92244e3af3a8899c0d24d2c55dffbd8966f4c48ce959d7ca9085ac1e7334
Universities,"$104,398.62",$191.42,Queen's University,"Professor, Faculty of Law",1998,cd5fb36a3d3d60dc5e38ed9fb84bd390f7353964131a5a520188f66c0ca44499
Universities,"$127,047.00",$273.60,Queen's University,"Head and Professor, Medicine",1998,365d7d22e9fb3d697adb270902f8528c34732da078e44abd751ca566f4981d0c
Universities,"$100,577.32",$280.50,Queen's University,"Head & Professor, Pharm & Tox",1998,4dffff3c51ac6bcda9bb155a098acc0062e686fa407fccd59e814a28ae2e9a5e
Universities,"$111,988.40",$273.60,Queen's University,"Professor, School of Business",1998,5ffb62531544a6a66e6a5556b892b57766b1a57f91c9f1e74fa7f3040db914c8
Universities,"$142,057.02",$0.00,Queen's University,"Dean & Professor, School of Business",1998,1d0fc167069fc31336187cf9932cbc55afff6e710971c40bb8f1582c2dfb75fa
Universities,"$109,812.86",$273.60,Queen's University,"Assoc Dean, Arts & Sci & Prof German",1998,1f643f81567610d834c7044b2510d0fa174b99478f1f407acbe46d8351202765
Universities,"$107,865.25",$305.91,Queen's University,"Professor, Geography",1998,198718b49e1b60dbb6c955dc25e009fdc50eec337ec9f82ade92edd7cf8a02e5
Universities,"$121,685.94",$273.60,Queen's University,"Dir, Clin Trials & Head, Comm Hlth & Ep.",1998,3312d56689b0cfe68399f20940b23354e8dc718e672386b8b9446e2ae8a0f30e
Universities,"$104,184.96",$273.60,Queen's University,"Professor, Sociology",1998,fb8077a0d305b48eebc123ef94df52274550f222fcfe9b337c2783b8b2d9800f
Universities,"$101,963.15",$273.60,Queen's University,"Professor, Microbiology and Immunology",1998,35089a7fbbbe3103d40a64c085e312c73e752f858c8f68fe377db299e76f9167
Universities,"$101,272.02",$273.60,Queen's University,"Professor, Urban & Regional Planning",1998,2717f5583ea053ffff0e1dcc2bcc6a95fcd288b6f0b090d7ed12e425e7dae11c
Universities,"$105,236.80",$0.00,Queen's University,"Professor, Faculty of Law",1998,9658eab442061a3cbf83efa2b069152a5298fa4497deb449ebbd17610f7591ce
Universities,"$120,000.00",$273.60,Queen's University,"Dir, Hlth Pol & Prof, Comm Hlth & Epid.",1998,d10bebbec68f5067cd636c8f68e74a3820e6d8d6bd7732402b7cf9fa050d392a
Universities,"$136,166.02","$1,461.96",Queen's University,"Dean, Arts & Science & Prof, Sociology",1998,9e143ae2762609fef104b50a50802186eb2dc5570ab3796f188e3fc9fb7552f9
Universities,"$233,496.56",$273.60,Queen's University,"Dean & VP (Health Sci) & Prof, Paediat.",1998,c5b6a9076e6acd2cea517f954d231a6f84253fc37d11fbeb9abf6a92ae3865d2
Universities,"$127,199.94",$283.23,Queen's University,"Director, Resources Planning",1998,66ff502fe47e48e80147a6faae566400d28f50879f0f475821c3fe246c3f031a
Universities,"$105,135.00",$273.60,Queen's University,"Professor, Physics",1998,a40242b811b770a96055edc9d324ff7de62606575bf63fdc8c5d9920c904b968
Universities,"$103,568.53",$342.60,Queen's University,Assoc Dean & Prof Faculty of Law,1998,722f724056f9eb71a769f9190ef2a8a718ad51d6407b3e2d204d3061b883a402
Universities,"$100,313.12",$0.00,Queen's University,"Professor, Chemistry",1998,0081a9118984fa6cd9feb4f4cd844ee0cfaa407f2c875956c9d47c997d6c2a27
Universities,"$100,756.81",$321.19,Queen's University,"Director, Financial Services",1998,28c7a87542c114b62e73de074e8bc6fbf94b657554b09ffb7c97f8e2d958edd9
Universities,"$116,440.50",$273.60,Queen's University,"Professor, School of Business",1998,d34416f911ca9d97c2d61f0efd81756c660137ada1960d2e078fe1d47d74e387
Universities,"$100,586.52",$273.60,Queen's University,"Head and Professor, Civil Engineering",1998,c9f2c5d5e1dcf60e8e7c457791e51636280ee229d81d8bb7fe57a95810387e4a
Universities,"$167,219.67",$273.60,Queen's University,"VP (Academic) & Professor, Biology",1998,04532094d3ca7256294b789ff236e7842a9dcc4dfbe3e212d1632d7c5f42c267
Universities,"$109,202.90",$273.60,Queen's University,"Dean & Professor, Faculty of Education",1998,7517708a87ca3626337c4b3f9015530962f62aff8d802e95b503005b9d90d761
Universities,"$105,358.37",$273.60,Queen's University,"Professor, Economics",1998,5d78be7b22e7b038f6681c68e23e130f77baf83d8389b731ca0843ddec33388e
Universities,"$200,183.28","$1,221.16",Queen's University,Vice-Dean & Act Dir Sch of Med & Prof,1998,a4c554def2f87fd1b28a1ec69357772e9cd9e77a482a8482d9ccf7508ee0b4e6
Universities,"$112,570.17","$1,461.96",Queen's University,"Chief Librarian, Queen's University Lib",1998,d31c6619271705f5fe232d8f1961796f37a0980db920136c0efddf5bcd30e82d
Universities,"$148,032.96",$271.24,Queen's University,"Professor, Faculty of Education",1998,67c699c43be33854945d5d83f9102778f18c923bc47f316a08122e2cd094496f
Universities,"$104,238.00",$273.60,Queen's University,"Head and Professor, Family Medicine",1998,2a445bb8e9296e1851e579e5db553eea7b4aea0754edde9056fc3ddce03aade2
Universities,"$107,333.46",$279.05,Queen's University,"Director, Info Tech Services",1998,661ffc1af8ef87e0a979df20724a6bdc3f4b29b2658ea1bbfacf89a6716e9f31
Universities,"$115,950.63",$638.65,Ryerson Polytechnic University,"Executive Director, Human Resources",1998,1ce3afa9e95560a0f81a99b44816ab43d1137b996096855f590ee09f7b2c7e55
Universities,"$105,637.21",$637.11,Ryerson Polytechnic University,"Dean, Arts",1998,3e88d310900cf6c14f507dfab94aade14c83d32ac31ca6e9071ba41fc09bdd06
Universities,"$103,053.44",$498.36,Ryerson Polytechnic University,Professor,1998,ad1838ecc4eb2c4e68569f07ce0dac528b71f1f944da910103f66b7f6a200174
Universities,"$110,265.02",$673.95,Ryerson Polytechnic University,"Dean, Continuing Education",1998,f5194bb57d966fedca6612029b77769cb5fdfe0a3bcf68be10c056bcf4c1145a
Universities,"$118,299.14",$0.00,Ryerson Polytechnic University,"Exec. Director, University Advancement",1998,7ca82984d2ae1777c85f8639f3f28e9de9a53b859a0958ec2b21682c8ff9337c
Universities,"$112,587.85",$482.76,Ryerson Polytechnic University,Professor,1998,a4a4c046a89c55b446d40946252c7b6371c12bb303d88f2ab43492f50f09a08f
Universities,"$126,830.86",$749.04,Ryerson Polytechnic University,"Vice President, Faculty Affairs",1998,77b0952e27a7f71b8f2d5f83514a8e8fcb44263f5511afd0080ba9baaa386981
Universities,"$101,115.14",$501.36,Ryerson Polytechnic University,Professor,1998,e6de21ee8cef41476edf2df7c798456d7daca7c4c4e3ca59d819a3c846a28f02
Universities,"$136,608.26",$773.76,Ryerson Polytechnic University,"Vice President, Admin. & Student Affairs",1998,19015ae8f60aff79301a578ac8e8cfac8968189e4d55b759d99fe9d87cbb9d39
Universities,"$106,330.32",$496.24,Ryerson Polytechnic University,Professor,1998,c82f69ef36c55c1636d72d670e4cacf1a261b30cf7997a2fa55ce88920a88193
Universities,"$113,994.62",$687.86,Ryerson Polytechnic University,"Dean, Business",1998,f00afe44d2e43a9c4edb7093b86e0bf848274cecd54305d13f51a77f6a6cf23f
Universities,"$102,504.57",$526.20,Ryerson Polytechnic University,Professor,1998,3faf7a3996002407437a0e4f6b30a0e870bd12b3672d599afcffc7e324bb74ac
Universities,"$106,371.68",$659.28,Ryerson Polytechnic University,"Director, CSCA",1998,37417c608b2a4cc5626ef14e0c14c22395c7daecc58caa0a701c84c3b8fb97a7
Universities,"$112,514.41",$538.56,Ryerson Polytechnic University,Professor,1998,8f59c2249fb785b0099d9b589f62049d5ec32763d7744462ffec32642ebbe9fa
Universities,"$176,806.54","$20,521.50",Ryerson Polytechnic University,President,1998,01f7dec1ad9ce0a4a4f54a1083e663e2b504b6b0b2064ef50d5ee0cf86e3f66a
Universities,"$101,935.42",$547.80,Ryerson Polytechnic University,Professor,1998,df4d984ea51e9e68aab3e7848b95f82f46277a904c46b3258d791231ef1fb081
Universities,"$100,664.26",$606.15,Ryerson Polytechnic University,"Dean, Applied Arts",1998,dc0895d7a6814a43cec1cc51bcefb28347b36d128145e936d94aad5ff3095328
Universities,"$102,147.81",$507.60,Ryerson Polytechnic University,Professor,1998,6446fd6e673e1f22d004595f46bc74e6a849b22558e57e881273828c6b7a67e3
Universities,"$110,433.18",$663.66,Ryerson Polytechnic University,"Associate Vice President, Academic",1998,c96c2e1e90e7f80332ab30cdb501130acf4902798b01490afda71d98b1dec015
Universities,"$139,339.69",$804.72,Ryerson Polytechnic University,"Vice President, Academic",1998,fdc4df982d1a69009fb750d942b00803ecd75dbe4f1fffa8667af883f3625394
Universities,"$120,146.86",$725.06,Ryerson Polytechnic University,"Dean, Engineering & Applied Science",1998,deaa1e12305b8489edbb7bc6a3c835b6e9ad9fffd7aa3fb236ab1d4d91b514c8
Universities,"$101,710.02",$621.33,Ryerson Polytechnic University,"Dean, Community Services",1998,eb3da3401a7e27e160fc5a217e3938aada224f1128bf9cbf510f0c679004d7cc
Universities,"$118,263.96",$561.78,Ryerson Polytechnic University,Professor,1998,2efdbf021d5d868e0e823d1a5de765d4ef3b05e4f14e03c4f915197c192df192
Universities,"$106,613.00",$473.52,Ryerson Polytechnic University,Professor,1998,1c4e5401623ec70706ab357360ecd8607e881f15f5ab5b5b1b84643458b6c0d2
Universities,"$128,561.38",$692.05,Ryerson Polytechnic University,Director/Professor,1998,c0d00bc0017b74216ee5905f26b441eb55f97f1b2c4f5b1da5a10504b4b1bbf9
Universities,"$103,527.92",$485.88,Ryerson Polytechnic University,Professor,1998,6693fd4332e42490b502fee87f6bfacbec546e05e26b3aa764ef1fdc894e38c4
Universities,"$101,236.97",$598.92,Ryerson Polytechnic University,"Chair, Department of History",1998,1c4b0938e5f5c604f1214920dba14c74bae384eb318f74830910ee8bc68bc77f
Universities,"$102,768.24",$473.52,Ryerson Polytechnic University,Professor,1998,e8149f36779a6bf846553fb54bb346520ab7bbe3513f919adb5e0edeb0985479
Universities,"$103,559.27",$632.97,Ryerson Polytechnic University,"Executive Director, Financial Services",1998,f78ca507ba515d925896b65ce99d0272a737a918d1df4d8b1172c1f2fd22ce55
Universities,"$104,429.91",$519.96,Ryerson Polytechnic University,Professor,1998,59728ac06359eadaffb5f974bfb0951eb9480ccd27122c4828f77681c4e6c44d
Universities,"$100,851.95",$373.24,Trent University,"Full Professor, Biology",1998,80f97742bef71c02e0bbed2554bf92b71e0eabd5cd4e48c66bb2296fcdcdef89
Universities,"$102,499.02",$379.33,Trent University,"Full Professor, Philosophy",1998,fc75d375fc68da62510637ebbe2eb29265e871897f3db6e55e1ae826e3c1b4f7
Universities,"$109,464.03",$373.24,Trent University,"Full Professor, Mathematics",1998,8586c17d71942c4805f690e7cbe1775935a30a74986c6b97f4d21f910ea9f2c8
Universities,"$126,357.82","$3,022.52",Trent University,"Full Professor, English Literature",1998,4369ab800e854268e8f381e4b839d171a0992e75746fce46c38d8ebb40fb0725
Universities,"$105,158.02",$373.24,Trent University,"Full Professor, Economics",1998,85650a77c55fc42a37c0ce1166e0b10020c2991b7c44012e0d574c4b02b19c90
Universities,"$101,721.28",$374.57,Trent University,University Librarian,1998,0f1c727fca98ed6c8953f8d76bfa755cf179336184c0e2a389cd5f92175dbcd8
Universities,"$101,945.49",$373.72,Trent University,"Full Professor, ERS",1998,af8d83c29dbe4dcc5cfe321820a59613c677dc5144190cccabb16fa660557443
Universities,"$100,018.50",$369.92,Trent University,"Full Professor, Cultural Studies",1998,b5f3bf24759e0725e231d17011cfa04c050f3220507d4e04f3305396aad9984a
Universities,"$100,018.50",$517.89,Trent University,"Full Professor, Modern Languages",1998,b29e4a44d740b6c3e1c366fee09b24df4ff549b8cba4055da5f80c736f737700
Universities,"$107,806.02",$395.03,Trent University,Dean of Research & Grad Studies,1998,3a67251b9dbc95849c4f09dc414d4baf8931f6d008772c810097613358f05ae3
Universities,"$104,132.02",$373.24,Trent University,"Full Professor, Anthropology",1998,49508c014a639c202029aba30b8df67b9cf9dfba9794dfa70482dd4818b59f01
Universities,"$103,156.17",$370.40,Trent University,"Full Professor, Comparative Dev",1998,84eeadf07f42b7ea332d48cde5b58d54d85e7ee19192831a47d2e48f34dbdc08
Universities,"$104,145.24",$385.46,Trent University,"Full Professor, ERS",1998,d079cda68f20902339beacea182ce5af7070ffa2afed45b8c1c1a04d45a1a7bf
Universities,"$100,852.02",$373.24,Trent University,"Full Professor, Physics",1998,bae131b0be43084f9dbbedc38748d3889f6f8d5b99fa290319a0678b2c48bfc4
Universities,"$101,665.56",$373.72,Trent University,"Full Professor, History",1998,730e71120af6666517bd6d07fcff27cd417280e57b5bdbb6650c4ebe360a43bc
Universities,"$101,132.02",$373.24,Trent University,"Full Professor, Biology",1998,da1d0b212f109d314465625500bd43deaacf2c03329a60bc2ac6ca8b6d6b58db
Universities,"$100,852.02",$373.24,Trent University,"Full Professor, Ancient Hist/Classic",1998,b44ef899628da4245eb40225d674177d1551f7a2c0ae0325afd519b7b853f9fe
Universities,"$101,655.56",$373.72,Trent University,"Full Professor, Economics",1998,8070eaf8c2f2edf9b53357df55c8d99e85ac6088975288409fe74fd88504351b
Universities,"$102,498.60",$379.33,Trent University,"Full Professor, ERS",1998,0d141e122f00cc24ec2d9128f4b6d4f474266d1290afddc5a2f9a876909c9116
Universities,"$104,145.24",$385.46,Trent University,"Full Professor, Chemistry",1998,7e460d7fd1ba2c76a8a14a25b0c793232bfd7f21319758938c19af662aa2dab4
Universities,"$102,508.44",$363.83,Trent University,"Full Professor, Math/Computer St",1998,8e6c412b78cda5d27342d8ae31753589e4648fad44f38c073f25dd624c12919b
Universities,"$102,498.66",$379.33,Trent University,"Full Professor, History",1998,4c73b71ba5454b908beae370435dc6ff571f3702948082b62662351af13cdb22
Universities,"$118,311.08",$373.24,Trent University,"Full Professor, Cultural Studies",1998,c93e6748dc036686003d8e6a4980174655bb6a90c78665bbfa6d1c69e1612fb2
Universities,"$105,262.89",$339.51,Trent University,"Full Professor, Native Studies",1998,c45cec58d047b2f4e12eaba82cffb0223dc7f3a69afe124f5d7e7a98042aa8bd
Universities,"$109,828.02",$415.79,Trent University,"Director, International Prog",1998,9b2a10235240022d683245b589ec94c82158bdfd5df58b6a7ae8366befe527cb
Universities,"$100,852.02",$522.40,Trent University,"Full Professor, Mathematics",1998,c52e4e02b7eef12d5e1a14c7576888a036c9d5279ec7a6e5d42da2b336009b32
Universities,"$106,952.42",$392.01,Trent University,"Master, Peter Robinson College",1998,17ffd9419b6ede93d6513f78973e590ac6414a916b8c3176581c4227c8f8417a
Universities,"$102,554.66",$379.33,Trent University,"Full Professor, ERS",1998,d9c8ae621eb4beff9da5b64e759ea3a445d441a7755a701264619799aee16b96
Universities,"$107,163.39",$363.83,Trent University,"Full Professor, Psychology",1998,324b5ae14d353ffd5db0c1d03f622de874c122a075c69e9a056a6362b894e129
Universities,"$101,665.56",$373.72,Trent University,"Full Professor, History",1998,677c370d77a3d98c9f868f42d31d2c3b81ac78c8ac3a797f13f0e12e96568c2d
Universities,"$102,233.50",$369.92,Trent University,"Full Professor, Psychology",1998,55c42221bc74a1acc97f2fa574847ffe450f3f5dcfed8cd09b47b36883ed4894
Universities,"$114,224.52",$426.76,Trent University,Dean of Arts & Science,1998,35c4c2143c70966be81c2ad171a8524c235162ada4e2a05795cd88cc1f531fc6
Universities,"$100,852.02",$373.24,Trent University,"Full Professor, Anthropology",1998,f1193b4d4b752ea10667cc252ec318431e5ad5347ef5c0e05f1b65d9a9f86f79
Universities,"$100,852.02",$373.24,Trent University,"Full Professor, English Literature",1998,a6cfdcfba347e9f8e0b2c73804beb6e4910f2b496703d336de78ff13d51ab219
Universities,"$102,498.66",$379.33,Trent University,"Full Professor, English Literature",1998,9438c599d8fb6bb2eca84ebbcdaebf6ced8c04c87575932fdc6829055220af17
Universities,"$104,542.68",$379.33,Trent University,"Full Professor, Anthropology",1998,d1412d83704a5ed9a0f3a6131fd20293d4462f777152ef4cd4bcc7d767ca44d5
Universities,"$123,642.00",$689.00,University of Guelph,Director - Real Estate,1998,c92f272091f6a70032f9f7276a9b66ada3ae23672e96b292c3521249aa8340bb
Universities,"$100,231.00",$912.00,University of Guelph,Professor,1998,58be59362dd3ee837e15e6eab41fa4e8465db37d3592f0a776c41b8487f1ca2d
Universities,"$109,341.00",$408.00,University of Guelph,Professor,1998,c8a21ed2bb4703cd022a94682ecf086e24bfe9c3b2ba2011359685b6465fc60b
Universities,"$113,076.00",$630.00,University of Guelph,Professor,1998,ef364e5b0a4100e70f99c79add052de08d9fba1260935e00fa3ca8c72f568bc6
Universities,"$106,551.00",$594.00,University of Guelph,Professor,1998,0c969a587003872c861f1116915e29efbf196f684909aba114435178270b9a34
Universities,"$106,725.00",$576.00,University of Guelph,Professor & Chair,1998,2a3c49c7178779e0da3d5d6e8064c14eac196b831c88a61ca453fb2fba4fb2c4
Universities,"$140,509.00","$1,391.00",University of Guelph,"Provost & VP, Academic",1998,4f71de11a27a4e57f1b54df42e43233a8b8feb5342dd1ed80e4d116d0f62b363
Universities,"$109,201.00",$609.00,University of Guelph,Professor,1998,8f7713ac07e481a31b3d73f74b4339a403891639eae02dfc26dc07e0fcc0e4b2
Universities,"$101,604.00",$546.00,University of Guelph,Director - Computing & Comm Services,1998,a3ebbffd915bf0b237d3c4af5fa2517740ff82cce3cbff95829fe4ca3a16ee37
Universities,"$101,658.00",$997.00,University of Guelph,Professor,1998,9e6f68caa07c112f67b2cbe75c43fb83a636db0d6ca9301e67b6aa17027d0ef4
Universities,"$100,889.00",$563.00,University of Guelph,Professor,1998,1bce5345be2768bb7c67485abf22c7473818785b5e6754fa597e457d84c32fa2
Universities,"$100,550.00",$917.00,University of Guelph,Professor,1998,dea773b4eed596f4fa6d05cba0495c1c8cfd236d1178e0ee1fa9aab1b0a8eb1c
Universities,"$110,299.00",$588.00,University of Guelph,Professor & Chair,1998,00e9cae162a2273fa113bc158a4cc7f4d2dc2020087bd07bfa366ef5df341866
Universities,"$106,992.00",$682.00,University of Guelph,Professor,1998,835d003328981d5d5a9f3d10f5966e3f4d3b16065e43129202d024f72eca2dd9
Universities,"$103,598.00",$578.00,University of Guelph,Professor,1998,a13f29710c1a7bf30d30b7d6299d3b9daf12e7b1b92dd87a5a456eb4fd2d91d1
Universities,"$102,870.00",$544.00,University of Guelph,Professor & Chair,1998,253ef7c44ad1f815577856ba97f66655baee350e1e271e3db31105c02989748a
Universities,"$103,485.00",$577.00,University of Guelph,Professor,1998,e24a27b9a881241fcbac5da182be25d0e1504932db0dac1220c666e5abb0761d
Universities,"$127,208.00","$5,384.00",University of Guelph,"Prof & Dir, OMAFRA Research Program",1998,ab68b6af1bc2406188bf42d53c916d5dd8aa6f05ec0c8606dd2c95cb83e937bd
Universities,"$101,296.00",$868.00,University of Guelph,Professor & Chair,1998,6212b27d9771ee35ea4c0e669754fcf30b8942a9cff16092f3e51196b669c29a
Universities,"$104,388.00",$566.00,University of Guelph,Professor & Chair,1998,282750b8e6d5221ebb540a2a8e57e914289989838d4a12cb61b8701115770c55
Universities,"$149,937.00","$5,255.00",University of Guelph,"VP, Development & Public Affairs",1998,24bb835e6a9b3c016d60d5fe2a8a65aa2883404cb9d91100a1c3b2f76e449ce0
Universities,"$103,846.00",$558.00,University of Guelph,Professor,1998,a8dd26476a0d2e1204bfb91dcecb37ad3f419b4de9a8ef393a6d235460972e71
Universities,"$106,542.00",$578.00,University of Guelph,Professor & Chair,1998,48956a49e1fc75e0051e235d6b81674f4d1bf62403ddf7a898c6d954fd684662
Universities,"$101,524.00",$539.00,University of Guelph,Professor & Chair,1998,de9d1f0b4515b6637dcc7e8718ed8d092313b57688539c8f2c6f10920274b12f
Universities,"$114,791.00",$653.00,University of Guelph,Dean - CPES,1998,5f74e79edf07797a541708c2a41bf7f529dad8802e0eaca3bb6f5077ffff6100
Universities,"$108,626.00",$537.00,University of Guelph,Prof & Asst Dean Res & Grad Affairs-OVC,1998,d6aaf7f26cf3cb3117f38a7c1d0b0c559f9f8cebf75aea19c90ae04793893387
Universities,"$112,804.00","$10,813.00",University of Guelph,Dean - OAC,1998,dbf91f20692889ecac31c5ca007f34e42bb197be46fcb36c8f87573d1696427a
Universities,"$108,070.00",$599.00,University of Guelph,Dean - OVC,1998,aeea026051725e8166c3112e43fda853bb7c9e057f8bbb92f0768f5f8d29cef5
Universities,"$108,067.00",$393.00,University of Guelph,"Assistant VP, Finance",1998,59d12c670d274a316396f2e25037aa8d85c200c140fa0dd93a33fa5143c53b87
Universities,"$127,567.00",$710.00,University of Guelph,"VP, Research",1998,0fd8c5ee88978cb2cbd23fce7a6fbe53b53ca475c9c9a4502ed4e3802924746f
Universities,"$101,035.00",$563.00,University of Guelph,Professor,1998,f2fa21610a527949ab34728214ff27aeb240d5633128c4c3e250ba6f2eef0916
Universities,"$112,294.00",$625.00,University of Guelph,Interim Dean - CSAHS,1998,c707ef040be0eab6ac7a60fe1e3ce5092d7f5eff3abd8369895b015172e375ab
Universities,"$101,097.00",$530.00,University of Guelph,Prof & Exec Dir - Cdn Ntwk Tox Ctrs,1998,ea85c5da150ee7f00860087e89a0e8d9eb724247d20193bd3926cd1768470fde
Universities,"$115,234.00",$427.00,University of Guelph,"Associate VP, Academic",1998,6d0a7e8100772a5ff6318f243c09ab4a1ce827333100ab4b710f7057799027ff
Universities,"$103,686.00",$564.00,University of Guelph,"Exec Dir, Fac & Hospitality Services",1998,2c925e9bba78783a0aa620fda348354cf7d45b45e91cd82d562fcbd9034d8fee
Universities,"$201,396.00","$26,381.00",University of Guelph,President,1998,c40ff80abde7ee8e11cd3b2416f840426f965c2c8bbd3847d848a43ea7097777
Universities,"$111,891.00",$622.00,University of Guelph,Dean - CBS,1998,7d56980306f8f3126774658aec5961a0d50e0bc3fad22a01ca26b44edaccdf00
Universities,"$115,677.00",$631.00,University of Guelph,"Associate VP, Student Affairs",1998,cbdd3d348204613362aa5e8816151d7eb085144accccc6cb7338a8570c4cbf01
Universities,"$134,926.00",$735.00,University of Guelph,"VP, Finance & Administration",1998,bd9cde40e832b62177e6069a21d94603206667700d8735885db432122669e527
Universities,"$108,867.00",$550.00,University of Guelph,"Dean, Grad. Stud., A. Assoc. VP, Acd",1998,feaaa7aae6bdae7745cbcbb0e09f014c864712dfee3c3c2638cd4d1b861fb28b
Universities,"$107,306.00",$434.00,University of Guelph,"Associate Professor, Clinical Studies",1998,5f35608f5b8e6cc658904ab79a693152061d587adc8362798dc2736a4692ad6f
Universities,"$147,315.00","$5,557.00",University of Guelph,Ind Res Chair in Food Pkg Technology,1998,d7f4901078490c5d7cc71f364fac383b561aaf611c74ff76853ee946a91344c3
Universities,"$114,100.00",$637.00,University of Guelph,Professor,1998,a708c80dcf0ab78145a37bc2b7f588a5ac51fd9bb2d2b4151d5dab674a9a212b
Universities,"$101,906.64",$78.00,University of Ottawa,Professeur - Professor,1998,7938a2acec892fd1acc0460d0f1a5b3be2ebb0ba46f9c37f06e1374c46bf3a0e
Universities,"$108,154.40","$1,645.50",University of Ottawa,Professeur - Professor,1998,a57996bf340fed9f74054a9fa4c2a9a42301ff38f5086f7e7241138b2ab5df5c
Universities,"$104,404.40",$78.00,University of Ottawa,Professeur - Professor,1998,b24e1227ae4b048f2e86ab1f19bbfaa29300aeb54aaf206a98e974f556b621db
Universities,"$118,908.48",$78.00,University of Ottawa,Prof. ; Doyen - Dean,1998,8d1cd2085f8adebb25526531279c7e7bfd3e79652d8661b9444eda9b09a22eaa
Universities,"$131,950.08",$78.00,University of Ottawa,Vice-recteur - Vice-Rector,1998,bb4d605715a8119db597942eebae666012bcc1acf7a941ccdabbf6b30b1b42ce
Universities,"$103,338.96",$78.00,University of Ottawa,Professeur - Professor,1998,143c0423b4d895bb2185f3e6cbf32be222962a498a4b6707ced8b26aeebb8aa1
Universities,"$101,793.28",$78.00,University of Ottawa,Professeur - Professor,1998,a00afe32a55c4bc89b0862e87f639790e4d1afdcc8365b46e88f3350d48319f4
Universities,"$103,559.24",$78.00,University of Ottawa,Prof. ; Doyen - Dean,1998,6b3a461b22880ac81121e981bd2390660b5034e5eadfac54602c637f0d90e1e2
Universities,"$108,154.40",$78.00,University of Ottawa,Professeur - Professor,1998,a3a605ab650c28a0e3ca213e4afef4a94cca32f6baad32f704b16e2076d66744
Universities,"$130,935.00","$6,274.75",University of Ottawa,Vice-recteur - Vice-Rector,1998,93c19f6352cd9bb6382fdc3fc35014dedc77af94631b4b3116f69bc8576f9c1e
Universities,"$105,147.28",$78.00,University of Ottawa,Professeur - Professor,1998,2e8abd65a0414deb88874b3eba32149181a85cd115752a9f0dc2101d536b91b7
Universities,"$108,154.40",$78.00,University of Ottawa,Professeur - Professor,1998,59a03b5f9b04badaf6a977542fb41b210902b65d43472877a97eb870ff69ada7
Universities,"$108,154.40",$78.00,University of Ottawa,Professeur - Professor,1998,acdac33a085d868b1da2dfb5da587a37cb0ae5223ab086f2998877fafd2baed9
Universities,"$107,136.00",$78.00,University of Ottawa,Professeur - Professor,1998,d705250202d2d03a05db71465b7d787dd27f836baad3f8c78d1c11aa42b5b474
Universities,"$108,154.40",$78.00,University of Ottawa,Professeur - Professor,1998,2dead89fda1d30602e59d58f543b65a9854227684eb54812c361b9720fd034c5
Universities,"$108,154.40","$3,582.00",University of Ottawa,Professeur - Professor,1998,3ed96c5325cf4bd47f647c96abe656a68579111958b5becfe6edf870a4195b60
Universities,"$131,950.08",$78.00,University of Ottawa,Sec. de l'universite - University Sec.,1998,0741d25ab77d6c497cf00be4ddff9352f3a64381dcc799682ac2b88f4ea4b2d2
Universities,"$108,154.40",$78.00,University of Ottawa,Professeur - Professor,1998,47dd66638baa41aab0905d917cb8a80d607b10688292a9115f0bd4e1d96e4e68
Universities,"$100,176.00",$78.00,University of Ottawa,Prof. Clin. (M.D.),1998,7939ef93ec6e1b654ff2ac81084a14508bbadbbc8924a241802b6aba809548a3
Universities,"$100,071.36",$78.00,University of Ottawa,Professeur - Professor,1998,d1c48c6fd05bbe2280115da9da8202a1f5df15c2fd522977b1dd789b742915b3
Universities,"$147,028.04",$78.00,University of Ottawa,Prof. Clin. (M.D.),1998,eade04f43ee377dc1df3b897f229b466830bdefccec97b2bed462b66f51be8c5
Universities,"$108,036.64",$78.00,University of Ottawa,Professeur - Professor,1998,6314997f05a3830fe9bcd71f5fe3200efc3b58be7aead392d3aa6a2d389e960d
Universities,"$108,488.87",$78.00,University of Ottawa,Prof. ; Directeur - Chair,1998,00e706085611f530d4194ca1a9d4b88987890301d7eead8146c9c614f66d5271
Universities,"$120,360.08",$78.00,University of Ottawa,Vice-recteur adj. - A. Vice-Rector,1998,6b26ca57666d73e5c9d848fc00b448c901e1cb5d192b4a3148267d1f1811c600
Universities,"$105,617.04",$78.00,University of Ottawa,Professeur - Professor,1998,84e8dd83a78bd4a3ded951338a7bc166044f4c9d1134dca3ef41d25eb5df1410
Universities,"$101,832.00",$78.00,University of Ottawa,Prof. Clin. (M.D.),1998,8335ee77b8e4d2fd9386f0b9187b5295393784324d47764d94c12e815f461173
Universities,"$108,154.40",$78.00,University of Ottawa,Professeur - Professor,1998,c257f3feeeaba7d8bffbbe530e545bb762418abc8348964df6575b406e37bae6
Universities,"$100,170.64",$78.00,University of Ottawa,Professeur - Professor,1998,a53c3f84b536c1ca7eb2749710597fa66e4e546d26a8554f2ca01fcacb64f895
Universities,"$108,154.40","$1,794.50",University of Ottawa,Professeur - Professor,1998,7dd8a2139d12c79495b2000bc877f9ac8d223d6abb36f2e592f667fb1be75fec
Universities,"$126,074.67",$78.00,University of Ottawa,Prof. ; Dir. Mba,1998,2d0d4ca1b5f5d9911e0b3436b084bbd144b954e790ba9add53e629217c995fac
Universities,"$115,924.56",$78.00,University of Ottawa,Prof. ; Doyen - Dean,1998,79715d4c41a5ba3b6068ca791eff2f8d92ac494f13c32272980dec0f021ebfd8
Universities,"$106,588.08",$78.00,University of Ottawa,Professeur - Professor,1998,6cfa6a2ba54a4107b3166ecd95c3f77752f03d2f17acc6b97ce742993913644b
Universities,"$111,892.68",$78.00,University of Ottawa,Prof. ; Doyen - Dean,1998,72dec4c872287c6d6b8f01497d1a6c53268630055ebd09f8423e77b8f8842c39
Universities,"$109,684.00",$78.00,University of Ottawa,Prof. ; Directeur int. - Act. Chair,1998,5974c3eb2423e6427bc5db4c6666351c9b9fda7af9a5ee023452a970a82317df
Universities,"$100,443.36",$408.00,University of Ottawa,Professeur - Professor,1998,1232dc2b166d0e86a9fbb4b03f89fa1c4436094a9079a9fab7ff1571bc0e8270
Universities,"$116,892.96",$78.00,University of Ottawa,Prof. Clin. (M.D.),1998,609725afe6d063ff77c277e89cda467615140476e76fb358cf7c8b115194e7a2
Universities,"$114,844.83",$438.00,University of Ottawa,Prof. Clin. (M.D.) ; Directeur - Chair,1998,7221a5ad7dc97669ca35e6c88fa124739fff73b610af322bd71e9895a47e8b83
Universities,"$104,206.40","$2,674.50",University of Ottawa,Prof. ; Directeur - Chair,1998,1a3b78dd6d9b31db6c00e68a330a84ec042e34793a9f91ce12423374386f7036
Universities,"$108,154.40",$78.00,University of Ottawa,Professeur - Professor,1998,18ddc652735c32bce9af2817e9a5af1640a3ce2158d56bb5ebe801f8df504e6c
Universities,"$125,496.33","$1,233.00",University of Ottawa,Professeur - Professor,1998,f189a69b21e0433119b6f7c84ab6522d5a9862383453c764c2f273d642b53ba2
Universities,"$107,419.68",$78.00,University of Ottawa,Professeur - Professor,1998,e7e7b1457cda6324ddd2c29e037ba10f1bcd718304d243b1a64022a1740bc920
Universities,"$108,154.40","$1,200.00",University of Ottawa,Professeur - Professor,1998,6f2d181c22d8c47cda11bd8fd89814ded0ad230430f8d3e5bcc518f044f7ba70
Universities,"$100,448.40",$78.00,University of Ottawa,Professeur - Professor,1998,0275f163fe33ffa09ec8301d6cdd8d46e80356a06792555364f8309d33a9acfb
Universities,"$122,004.44",$78.00,University of Ottawa,Prof. ; Dir. Mba,1998,c1adc65b91f3fc41b5a65a6412ad1fe0e64e3dcb5c22dabf55455f1bc178fa5a
Universities,"$108,154.38",$78.00,University of Ottawa,Professeur - Professor,1998,a2430845d7f7b1ab86e334ea53216a888ed0764cfd25e1e76657dde753350681
Universities,"$108,154.40","$2,454.50",University of Ottawa,Professeur - Professor,1998,a10c2a2f4c28f77fe9aad324fd5ab1fe7f9b2e828301a1f9432ca9404fb99e68
Universities,"$120,360.08",$738.00,University of Ottawa,Conseiller juridique - Legal Counsel,1998,b6d73da4fed09dc4d4e47b5a06702b9c5571677c4b2c5810a52874c9b558e669
Universities,"$109,492.24",$78.00,University of Ottawa,Professeur - Professor,1998,8cd236582ebd477f0a2b933da5550f8ed345d4c58d407e1f76329bfdde351ea8
Universities,"$108,602.08",$78.00,University of Ottawa,Bibliothécaire en chef - Chief Librarian,1998,059ff2940db0239e76ecf4c1be990a17b43ea3fdbe60bc67561ceb70edfe599f
Universities,"$177,625.08","$8,371.42",University of Ottawa,Recteur - Rector,1998,0f8675b013a4f20320876d833735f6f250b97a0d22f57d07f086ba9358924a02
Universities,"$104,481.72",$78.00,University of Ottawa,Prof. ; Doyen assoc. - Assoc. Dean,1998,d4ce11b5abad1f57e8e5dd79f84f002c5ddfffdb35e48f0df7feabaee1067c90
Universities,"$106,141.36",$78.00,University of Ottawa,Professeur - Professor,1998,92da38f64e9bfc7ef3542c2ec64f880f52623201d94359737a8919022e6267f4
Universities,"$108,154.40",$78.00,University of Ottawa,Professeur - Professor,1998,67dad73e8de5070f0479bdcd0da71dfe864a73c9e3ac1f04653495fa28240010
Universities,"$150,493.09",$78.00,University of Ottawa,Prof. Clin. (M.D.),1998,fc2c18270b4c4ea41008fe9639665fee6cb1888d7fc8f83babb246c4098079a8
Universities,"$104,558.24",$78.00,University of Ottawa,Prof. ; Directeur - Chair,1998,b31f3979006f8badd6d935001e9a7300ac06fc0f7b51dcfc2858de2dd59663cd
Universities,"$103,110.40",$78.00,University of Ottawa,Professeur - Professor,1998,7cec305bf19bc2c2590036a382aa516ea44dbde2a7fad92c121a2bc0dd26ba60
Universities,"$157,082.96",$78.00,University of Ottawa,Prof. Clin. (M.D.) ; Directeur - Chair,1998,f615838708409329b2a83c09b068a96e933a540b952d20c3d02ef6ebce29ad99
Universities,"$106,630.44",$78.00,University of Ottawa,Professeur - Professor,1998,f7e80af08702c42870d03bb1a1d45c7424b968c700a2edc8991f7ea94ea8ea7d
Universities,"$103,618.74",$78.00,University of Ottawa,Professeur - Professor,1998,3272be44eb2b62d9bcee212e07fdb2d13e386cd796070c47aa9fe14b3c60ab25
Universities,"$103,603.76",$78.00,University of Ottawa,Professeur - Professor,1998,79df43ac1cef1d644030fdb89e3cded3e11216b5751f916f6156005dff43324c
Universities,"$110,116.59","$1,794.50",University of Ottawa,Professeur - Professor,1998,5d0bf46f136154d19fefb717740dc3bccbf53a18422aa42b7aa8f53a215f1983
Universities,"$100,404.40",$78.00,University of Ottawa,Professeur - Professor,1998,58ec4f3c9f577f0da7785ef3801b40e08f9cfb56cc54d15948d766dff53213da
Universities,"$108,154.40",$78.00,University of Ottawa,Professeur - Professor,1998,65efb8d2395ae36192479ddfb662b2b8ce35d87a0b9344a016dd358b6a3e2330
Universities,"$108,778.74",$78.00,University of Ottawa,Professeur - Professor,1998,c5a9831e6bfbfd06bac4c8b4893e0d1c05f9f822acc2dabbe692bd6900d191a3
Universities,"$108,154.40",$78.00,University of Ottawa,Professeur - Professor,1998,7d28dc61a28686f150a010f2e5f7c347fd1cc969fc8a8dc4ae9ebaee8745adf2
Universities,"$109,654.40",$78.00,University of Ottawa,Prof. ; Directeur - Chair,1998,23c43d8b032097c5c4773bd26d2d02fb503c381b5ce5eb7d7c6178d19e788c63
Universities,"$103,301.60",$78.00,University of Ottawa,Prof. ; Directeur - Chair,1998,eee9848e8907490b8284fbf5b483d49ac31664925d9035973dddedf17cf265c6
Universities,"$113,154.16",$78.00,University of Ottawa,Prof. ; Vice-doyen - Vice-Dean,1998,416416ddf3d163e0f3445fe0612fcd44bb068929560c78fc6f6e613bd1698650
Universities,"$101,969.36",$78.00,University of Ottawa,Professeur - Professor,1998,f74fe8ad254be6e8ee6f921686842ff8cd2a67b3f245fe02a73307bef3a1ac13
Universities,"$105,630.96",$78.00,University of Ottawa,Professeur - Professor,1998,f3d393735c4471cdc24bb2bdf94e90ca8c162dec55dcf474a65ae87a79756e48
Universities,"$110,160.00","$1,416.25",University of Ottawa,Vice-recteur adj. - A. Vice-Rector,1998,8dedf70ff64750f9f8e1cba6db55faa092d22e60222cdb05f54f89b22f10dda4
Universities,"$104,800.32","$3,492.50",University of Ottawa,Professeur - Professor,1998,2736c31fab1d3c62d0e9b550696573356f0bb3be58de95c4eca570e1603085ba
Universities,"$101,762.64","$8,831.00",University of Ottawa,Professeur - Professor,1998,85aa0aa814b292c1baef603387b9e91894d66032f900f48c541594e96544ea15
Universities,"$108,154.40",$78.00,University of Ottawa,Prof. ; Doyen assoc. - Assoc. Dean,1998,9eed1249ece5823627e58fd3a3c45d4229e235369589f35344036b12c368e4b4
Universities,"$136,800.00","$1,953.00",University of Ottawa,Prof. ; Doyen - Dean,1998,e2378acc1afcc84a5d1ff8a59eb48adf4918272987328129e7add7d7404456d1
Universities,"$112,538.09",$78.00,University of Ottawa,Prof. ; Directeur - Chair,1998,ae1a70ef0aa3a358777a09d4b5eb3588c083d9acd8cea497087171879fdeb430
Universities,"$100,393.93",$78.00,University of Ottawa,Prof. ; Directeur int. - Act. Chair,1998,4d0794e0c7952c372d8008a8b067d90c8efed4047d7948d470fe894fddfc5bc7
Universities,"$103,237.12",$78.00,University of Ottawa,Professeur - Professor,1998,ec8ff6627123c10e78763710202e0cc21dbeb1000d1fde19d26e371c64b626e0
Universities,"$105,064.00",$78.00,University of Ottawa,Professeur - Professor,1998,d9c2687ef0b3df68a66f750412f44abb395db16ba208969d22576eaec72a0279
Universities,"$170,033.04",$78.00,University of Ottawa,Prof. Clin. (M.D.),1998,e33c00c5311870df3a4f2124aa0f8d4d5eb048488bdea52bf090217826a5ea2f
Universities,"$115,297.92",$78.00,University of Ottawa,Professeur - Professor,1998,6f610058ce98190c348aa890a80b6f3cb1d0f00a3e4bbed2d5e3ebbb34c5377f
Universities,"$110,294.74","$3,362.00",University of Ottawa,Professeur - Professor,1998,b331d374f5b94b1df05254212480681e3f54afa27c9ce5b552d3ac6a01390ad8
Universities,"$108,154.40",$408.00,University of Ottawa,Professeur - Professor,1998,bab105eec458ec1c5606a08ae6663b333104680c74caf3dae60d065a975dba67
Universities,"$157,428.05",$78.00,University of Ottawa,"Prof. Clin. (M.D.) & Dir. int., A. Chr.",1998,fd8edf6ecb419e580c92cd795c689d501064cae3b9f2326ea9f6d1debe80173a
Universities,"$108,223.60",$78.00,University of Ottawa,Prof. ; Directeur - Chair,1998,bb895673a0fb664c2b5fcc3a83aa99fe1652557407c15b87d1bf8236e50edb17
Universities,"$100,942.16",$78.00,University of Ottawa,Professeur - Professor,1998,afa8c0c320a22e0e686d3588bad2dcad36cf75ea6694cdf633a0170e3d4036d8
Universities,"$115,744.64",$78.00,University of Ottawa,Professeur - Professor,1998,538c46a657d0a1026425b75a33f2d2cf2d388b1229989eafe7c5d7453c313cc0
Universities,"$108,154.40",$78.00,University of Ottawa,Professeur - Professor,1998,20c46db86213946629d42087bd1d516991daef25373a55314295b8dcf71a1913
Universities,"$100,627.35",$78.00,University of Ottawa,Prof. ; Directeur - Chair,1998,ecf71677220c512096cda218ef731039cea609f6c9252afd4ce1d9425a2ca80b
Universities,"$139,554.92",$78.00,University of Ottawa,Vice-recteur - Vice-Rector,1998,4bb5ef1484aebeb3aaf58adcbe0402e66a4d051fba6cae7bde126a6e430a1fc1
Universities,"$109,492.24",$78.00,University of Ottawa,Professeur - Professor,1998,5e2059f55c7e410db30741feeebbf131e3d6e4853892ef5522340542fb7f0e52
Universities,"$105,868.68",$78.00,University of Ottawa,Prof. ; Doyen - Dean,1998,396013577743c932ed476ff283e96adce19e4547a5e12b2180fb9e98d0dceea1
Universities,"$133,950.00",$78.00,University of Ottawa,Prof. Clin. (M.D.) ; Directeur - Chair,1998,e270cf4315939f8de2f5a19b724a656956ac46f4359d714f0bb4036d75f28199
Universities,"$125,500.08",$78.00,University of Ottawa,Professeur - Professor,1998,e7d89cf3f65154386baf245b87a5ff67abd1182545cfe403309bde6e836ac3e2
Universities,"$106,903.68",$78.00,University of Ottawa,Prof. ; Directeur - Chair,1998,da53f93f6e950c6d4559c823cd6de993f8a52d9229326359b8cb5abbb6a21a84
Universities,"$108,154.40",$78.00,University of Ottawa,Professeur - Professor,1998,7549e4db19e4c65977db7c0eeb4067162371f0caa2bc1e91d3b57b18c482a2da
Universities,"$103,656.42",$78.00,University of Ottawa,Professeur - Professor,1998,cd592d4e8661d04029ff7528aab3d2303a7415e3a599070e1d0ca6da5a9550f9
Universities,"$108,957.11",$78.00,University of Ottawa,Professeur - Professor,1998,78d71e51e447e27412ed128cb88fbf67bb54b9c0a45092243f22249c6a0c987b
Universities,"$108,154.40",$78.00,University of Ottawa,Professeur - Professor,1998,f5bf5ba95c92d68b31053c734a8f7d88a212ceef1808b7ca61bf9fc4b48d52b0
Universities,"$108,154.40","$1,673.00",University of Ottawa,Professeur - Professor,1998,47d76aedcfb695b44e3367fd796db969e3a94da92f846e37a95b63d13a8968bf
Universities,"$108,154.40",$78.00,University of Ottawa,Professeur - Professor,1998,fccde5f61f06a74f9f12d74958e4dbfe1a9c85f8da8ab350cbbb9637c5c28758
Universities,"$110,884.56",$243.00,University of Ottawa,Prof. ; Doyen - Dean,1998,3f5b61c8661a92993b6e2a41e5bcb1bd8696758a36eeb3d5f110ad46247942ca
Universities,"$102,621.68",$78.00,University of Ottawa,Professeur - Professor,1998,02c32a5fd05c9c4f0a37437c2a7c1527e49781851965e963772f25eb6e069c91
Universities,"$102,827.28",$738.00,University of Ottawa,Professeur - Professor,1998,77518fc850f4cabe84c69b0bec3588ece385e732d0318dcef26d7844de9257fa
Universities,"$108,154.40",$78.00,University of Ottawa,Professeur - Professor,1998,201eb626117fca844796d6565bc29933b71a638066ea7d186ad7c52139c5c6dd
Universities,"$106,353.12",$78.00,University of Ottawa,Prof. Clin. (M.D.),1998,64fab9806b1d8578254a0f5cd01b65e8ddb2039a529ad2b559341623b882a20a
Universities,"$149,230.69",$78.00,University of Ottawa,Prof. Clin. (M.D.),1998,ced8e07685f359a6c71e894dabc68fa38c932a1d7c86303d0da96afb9ee1e6df
Universities,"$104,454.00",$78.00,University of Ottawa,Professeur - Professor,1998,7cbf2bf67cfc1a83e4602444c9b089c81e6fb2e4367dac94fad3354dfbb07e1f
Universities,"$105,740.15",$78.00,University of Ottawa,Prof. Clin. (M.D.),1998,c10f24691d8d00b6cc59cf355f9cc6e2dace43b91c9c6c17ee906506cf965474
Universities,"$108,154.40",$78.00,University of Ottawa,Professeur - Professor,1998,7737c22fbdce32ed3aaaa61855f69579311335dede772c6bf3268772d19ac27c
Universities,"$132,746.20",$71.50,University of Ottawa,Prof. aux. S. ext. - Adj. Prof. Ext. F.,1998,c9b9839c989175e7df86bd1173600cbdd8a1792a3632bb51ca256145d6e85597
Universities,"$118,605.00",$78.00,University of Ottawa,Prof. ; Doyen - Dean,1998,bdda86c77504d7b096a8266f776a275809f4c59aecdc209abb199f392749a233
Universities,"$118,480.40",$78.00,University of Ottawa,Négociateur en chef - Chief Negotiator,1998,9a0e40956fe9cf7e72800581094862ce329421797f319f54169aa76b77cb9093
Universities,"$106,536.96",$78.00,University of Ottawa,Professeur - Professor,1998,390a40fe0f8b491f089f6e583b7a2eed87c14fcfe07a858b105f37c81a14aaff
Universities,"$104,397.17",$78.00,University of Ottawa,Professeur - Professor,1998,5f6a9e2c96f1138d26ad7cc5bf91a72532e0e9b09b17701a4c6bf25ea80d0c7e
Universities,"$107,106.64",$78.00,University of Ottawa,Professeur - Professor,1998,a2e2834769580e90b5b8b392b1968bc89c8de0447d53448dca085c5383c3a593
Universities,"$110,905.84",$78.00,University of Ottawa,Prof. Clin. (M.D.),1998,950f2acdd47acd5afa1496cf5a27dd0900ccc62f5326a71ff524c68f9c86c6d3
Universities,"$108,154.40",$78.00,University of Ottawa,Prof. ; Directeur - Chair,1998,db949f4b0bddea1d41a1e1e7d92e3c5094a2c8ed6017b8e7f72debbb5e4ee8d2
Universities,"$113,626.45",$78.00,University of Ottawa,Prof. Clin. (M.D.),1998,e1ed014b48b89643911038130fb1be40fc245a09218b9359822e8b623f1cd7f8
Universities,"$112,999.92",$78.00,University of Ottawa,Professeur - Professor,1998,1f6036707ec6fab3525cbf439bd0697cc82bc2c3b20560516ec752abfea7c0fe
Universities,"$172,549.92",$78.00,University of Ottawa,Prof. Clin. (M.D.) ; Doyen - Dean,1998,b3469f0b9c4cb00ead9f9fe0aa84db9b222be7ef9c35cd2640ba1ab017b61151
Universities,"$101,036.33",$78.00,University of Ottawa,Vice-recteur adj. - A. Vice-Rector,1998,7d0ec0c6ed672faffd22702abe7c2c0fb28e83842467385177555791ec386d3e
Universities,"$132,964.92","$1,953.00",University of Ottawa,Vice-recteure - Vice Rector,1998,300799e80f0fad4b4931b6c51fab69b07ff10d000bfacc82a1bcc3026605729d
Universities,"$108,154.40",$738.00,University of Ottawa,Professeur - Professor,1998,ff82d838430433efbb1132ae514f5389cc389b2d15da0d6edd15a71f579fd895
Universities,"$147,028.08","$3,016.25",University of Ottawa,Prof. Clin. (M.D.),1998,df88eb8e1215d9b0759724417fcb9cbcb7c2d3f9b163d14171bad35e4c721858
Universities,"$101,478.68",$78.00,University of Ottawa,Professeur - Professor,1998,351dbe2ecbcc8ba18df1cfc2c3e72c466641cd6a87151ae3cdbca3489b9deb55
Universities,"$289,808.46",$610.04,University of Toronto,"Prof & Dean, Med/Vice-Provost, H.C. Inst",1998,664b616ba6b299246c65be3804d0a991aac476376a37ecbcabbdf7923a6e907f
Universities,"$105,904.06",$516.80,University of Toronto,Prof of Psych & Dir of Trans Year Prog,1998,acefb1cc566fcb51e1ec74bf66746e124dd8b74a72e86412ab4117656bd068f1
Universities,"$103,421.52",$287.52,University of Toronto,"Prof & Chair, Hum/Prof, Hist & Women St",1998,6bb74a56cb9551a22c9be12856bcb136966435de92f1912985be5ea764cbf9d0
Universities,"$105,395.68",$440.54,University of Toronto,Professor and Acting Chair of History,1998,8ddd34569ce16ea89d7bce050529c1e8eb494c363e6db85c4dab9797dde8ee91
Universities,"$106,072.00",$369.10,University of Toronto,Professor of Physiology,1998,4c6683092c6136b73c8267299672844af6860e3258d9637468c9c57cd28fee2e
Universities,"$109,751.99",$540.36,University of Toronto,Professor of English,1998,808e9d6b7408711239a9589a4e67ab031743d530856d77fdd55a188669d91149
Universities,"$116,518.96",$591.34,University of Toronto,Professor and Chair of Civil Engineering,1998,f51e0cefd5bdc8f2cefb5ac9e7cf282892cb0db7ec65476e209387d05ecbaf86
Universities,"$125,993.34",$621.31,University of Toronto,Professor of Economics,1998,4ee2c4a689d54244ac30bfe912cfa69c5742a2990e70ed60967132bfbc854814
Universities,"$113,584.98",$554.28,University of Toronto,Professor of Mathematics,1998,25b338a8e1259393e6d347b1d4033ec14933de56cd29d1281bec8840b19c0bbf
Universities,"$149,572.98",$610.04,University of Toronto,Professor of Otolaryngology,1998,b44f46fc0673a6bbb70a577b9d99ad8ad79091cd9d6811656be99e74ee797cb1
Universities,"$100,668.54",$420.86,University of Toronto,"Prof, Phil & Dean of Arts, Trinity Coll",1998,18a93423f0f0f4d711d881712bfe598468c0419bf8af349f7fe0dd20d58a02cc
Universities,"$106,307.04",$518.76,University of Toronto,Professor of Management,1998,30d643b514d92787d0593d612b16dfd4c229cf6718723185e35ee861910d6893
Universities,"$142,500.06",$708.00,University of Toronto,"Prof of Geog & Dean, Fac of Arts & Sci",1998,2c05d46523a6fe80c748d92978293fdf69f11a6490182b58f19c202350895850
Universities,"$128,799.96",$347.52,University of Toronto,Professor of Health Administration,1998,cbe9401b63fb91f727a726d12ded09c7ba8b52dd91dd41471e147182cfffb8b7
Universities,"$156,705.00",$522.48,University of Toronto,"Prof of Nutr. Science & Assoc Dean, SGS",1998,677597e9e45f334362cfcb6f31e607341b6b5f0dec9264fab156c6c6762a24c3
Universities,"$151,445.00",$308.34,University of Toronto,Professor of Economics & Assistant Chair,1998,7145e57ea8db3fbec34b9d55bc54df7d371e38f726162886e03c6e53eb48e74d
Universities,"$106,752.00",$644.52,University of Toronto,Professor of Dentistry,1998,80c6b3730965559d0058cbee960c45f6ab7f2737cf693f3c5d309aa2e6304930
Universities,"$116,074.68",$701.76,University of Toronto,Prof of Statistics & Public Health Sci,1998,b7f73a82077e839851cc0f2a07a116f9038247de4d3c13c2ce5c082d7a32003c
Universities,"$117,200.00",$485.72,University of Toronto,Professor & Chair of Nutritional Sci,1998,e713215331eedc12ea5e0c0960a8f4426e18d65e0438d18ad0c00e482ace81be
Universities,"$161,038.98",$522.48,University of Toronto,University Professor of Mathematics,1998,85f8353a7481a4ee282ce03a2b519c5637f81a3e9257d6ee3cbbb9eda9dfe4a4
Universities,"$160,092.00",$522.48,University of Toronto,Professor of Public Health Sciences,1998,6c61de09fab7ee5d7b1b47a939415da3663a5c7f00b67c68fb12df9ac325de89
Universities,"$106,092.50",$473.94,University of Toronto,Professor of History,1998,faaf02f870ae082e70a82754103237256ba5d7ebf7e8b430fb94dc266fb6b466
Universities,"$138,865.02",$620.52,University of Toronto,Professor of Physiology,1998,68ad8b696f2d936d6203d3dd0aac3a94c8ada6e3871b517105c0381f40f489df
Universities,"$115,902.00",$322.20,University of Toronto,Professor and Chair of Anatomy,1998,ba4774164d34c61468a8a6efa6545e0de56ca1af6543443ba2dd5c8a05e7b224
Universities,"$103,704.46",$396.60,University of Toronto,Professor of English,1998,5457ee7aff6fbf7210b8ec8170053e0150c9982c6aa11e0b36fa2e5b6ecefc69
Universities,"$149,590.02",$610.04,University of Toronto,Prof of Lab. Medicine & Pathobiology,1998,0c2911c6d225ea329378c3d04e1a72cb3b923c63f7cfb206442b715c491b7b6a
Universities,"$187,647.00",$522.48,University of Toronto,"Prof Lab. Med/Pathobio & Vice-Dean, E.M.",1998,a63971e5522f96e3ca771376009dc3997be30f2f6a9af81b07ea0bc3776681d6
Universities,"$105,151.98",$638.90,University of Toronto,Professor of English,1998,e8d9a2372976c00e115fe54a2eda3f1949e949d93c79f5d27d96ee9781b71cc0
Universities,"$122,016.00",$510.06,University of Toronto,Professor of Electrical & Computer Eng,1998,a5611354a8482766f3c8d9fd5b6ed8b157950458ea5779dd30a9f504cdde3345
Universities,"$104,096.04",$635.28,University of Toronto,Professor of Mathematics,1998,d2c804dd1f97c06f4e67005db36f0b968a44d89bf051fdff5b57d700bd37c335
Universities,"$109,666.50",$304.86,University of Toronto,"Director, School of Continuing Studies",1998,b907512020373d315eb87502157d88fd52d65fa39fd92eda74fee0fa40d41b60
Universities,"$122,375.00",$594.36,University of Toronto,Professor of Management,1998,d1948673078f3f937fe2dd06efff137b4906c9a24d5940840b7d64a1d121871d
Universities,"$121,800.10",$338.58,University of Toronto,Professor & Chair of Mineral Engineering,1998,4ac0b4b0157d0277abf3e0c9e8d2eaedd0ec839b0d9fb85f82694c32e624d2a4
Universities,"$125,645.00",$346.02,University of Toronto,Professor of Surgery & Physiology,1998,0dd9c64788d4c8fee90bababe4d487e219e409b23fb9e375bf0ec6d353c3fdc9
Universities,"$129,763.92",$610.04,University of Toronto,"Professor and Dean, Faculty of Music",1998,77d4c2c14193ba6fb6fd362f46511948af1de9bf9e0b3d2125625a27dc3d0719
Universities,"$135,005.04",$620.52,University of Toronto,Professor of Law,1998,af90600a950ed19836f000e0290319053e452499127e3253ee4099ba53f34767
Universities,"$111,395.04",$582.72,University of Toronto,Professor of Education,1998,5e13ef942196bc593802f02e7207329d15f4532222f4a0930e605070efa397b2
Universities,"$108,060.96",$451.74,University of Toronto,"Prof & Undrgrd Coord, Med Gen & Microbio",1998,0be6703c49817bb17ec87aa8f352377213638e3dc06052044fc7d6d9b44b6d3b
Universities,"$117,432.00",$599.46,University of Toronto,Professor of Biochemistry & Grad Co-ord,1998,a84187cb5a8f57bba03579a1fe32306ed01a34a54025fa819cbb52938dcaf85d
Universities,"$102,161.92",$570.00,University of Toronto,Professor of History,1998,a2f377617541da4d3b0179489a11a36202e58385e941d13bd19527956c1a6c1a
Universities,"$106,062.00",$517.56,University of Toronto,"Prof of Economics & Assoc Dean, Soc Sci",1998,6b2f2cd606fbc6b0dc5dadf68f237028deffd5dcd24eca36242ec114a0c339c7
Universities,"$120,063.00",$391.74,University of Toronto,Professor of Management,1998,30aed9c0d9e42f793b7ae83094fc4347eaed3ec1ab8462da1f791987863e8b3e
Universities,"$124,989.40",$513.46,University of Toronto,Professor of Economics,1998,35faf024aa16e53f94fe64d929d68a84b92a9b254a637ad9810c13d883607523
Universities,"$101,438.04",$626.00,University of Toronto,Professor of Psychology,1998,0d665d633630fa964cebedce4f682c7b24ad01c43c62950f2173f7f4ff1e3119
Universities,"$100,898.04",$620.66,University of Toronto,Professor of Education,1998,94baf507b3d90e5c3d381ec87069465801eab137f806a93af848136047ab5881
Universities,"$114,685.02",$318.84,University of Toronto,"Prof & Assoc Chair, Undrgrd Stud, Math",1998,1afcf379c04232f99e6ff6c26e24ce5a08a3fd42fbce347d03bc2f29f24690b1
Universities,"$125,214.00",$708.00,University of Toronto,Professor of Paediatrics,1998,65fdb2b3ca0fe6a32463e632d629248ef06f44245cfb980af351a6b76b3fb45f
Universities,"$134,319.00",$610.04,University of Toronto,Professor of Economics,1998,6afec3ac79fcfee9f76a6b9bc564e9395edccb17191205b5d98d293a82ae3dc7
Universities,"$111,835.00",$533.52,University of Toronto,Professor of Civil Engineering,1998,2e259b2d35eded11dac79c76e5ab403618980e71463c9064ab84e179f1a1bc6a
Universities,"$107,715.63",$600.30,University of Toronto,Professor of Psychology,1998,738743a024fb5191760084108d605e61268874830d55f95455d999c14c370703
Universities,"$117,825.42",$702.00,University of Toronto,Professor of History,1998,d6f717a5c3123da7f79e7b83962ea53fa0821eaf4b22f3d541c818e8bf800a4f
Universities,"$102,717.00",$285.60,University of Toronto,Director of Public Affairs,1998,fc4d74fa058123dad2bc315baad8fa47c27fef032baa450bd523c0508556d067
Universities,"$106,872.96",$521.52,University of Toronto,Professor of Mathematics,1998,2ff10ca87a8ad42e7dd5877cb145d284729637a02db5f7459c9918a303395d0b
Universities,"$146,803.02",$347.52,University of Toronto,Prof & Dir of Theoretical Astrophysics,1998,1a8c91a5bebeff7190e9aec436334d1a4fc8f193d67e06e2ea50462cc4c507c4
Universities,"$120,636.96",$509.58,University of Toronto,Prof and Chair of Chemical Engineering,1998,3317fe6daaa66410a9b6482bfba1b152511c00533cab298cde353386a37f61c6
Universities,"$111,879.00",$467.64,University of Toronto,Prof of Education & Program Co-ordinator,1998,61c3621fd8bcff988529fe8ba8ff32c2f996c9d0f01f9ab174c599e445d33a96
Universities,"$116,141.04",$677.18,University of Toronto,Professor of Management,1998,986685cf58402f6b1be3a7e83043af16043e1174c3fc2d8c207f12b3af1480b6
Universities,"$114,241.96",$397.60,University of Toronto,Prof of Mgmt & Chair of Mgmt & Econ,1998,66a6da0fc44b62dd4a56de1a64e1ef8c35120cba2dee6225f1dab9607f0b91ea
Universities,"$138,189.00",$620.52,University of Toronto,Professor of Computer Science,1998,260e292b197a5c97c9bdc1ed0304fb57b6b0cfd5f7c5c3e33dae1c110197e444
Universities,"$109,197.96",$380.04,University of Toronto,Professor of History,1998,4c6045e39561a0ae771292f4406a055cd13aea927f0df162d14209cd542ad757
Universities,"$110,247.91",$579.70,University of Toronto,Professor of French,1998,f541d0db34a308cfbaba469245fe7ace81ab372cf30814fdceca9db37fa448b2
Universities,"$104,174.96",$696.54,University of Toronto,Professor of Geography,1998,8e355b631a9fc6fab16805d3bdba6a000a3fb02600df05ca0be2eafeb7b88513
Universities,"$109,531.01",$654.18,University of Toronto,"Prof of Phil & Princ, St. Michael's Coll",1998,40a7127ffdd5e83bd264b453ad2473b3af196bca7eef5856296462018884cee3
Universities,"$103,587.02",$462.12,University of Toronto,Professor of Political Science,1998,040783f6c560ae0855209df035e289d306e8cb6928f96d03b2dd2670d941a6ff
Universities,"$105,453.90",$407.34,University of Toronto,Professor of Management,1998,01a950be693662dd061bb440a2bbc0c7101764f62be02fb429c0f928bfe924b5
Universities,"$124,968.01",$705.84,University of Toronto,Professor of Geography,1998,2bfea2cfd3ac5ebfdd173a70f6b5ffc7f31d4b3f9d35ae26b97e9f9b2be2efc7
Universities,"$113,556.96",$533.42,University of Toronto,"Prof, Mgmt & Dir, Master of Mgmt & P Acc",1998,27f0b2440adf98332e40f68309a33d49d0c256882de1ae38ab9db3e30682cb4b
Universities,"$100,542.22",$657.30,University of Toronto,Professor of Zoology,1998,a711f77bac1f5e053eb2b66351f89805985c15efff2c831396751e855603c784
Universities,"$103,700.45",$274.38,University of Toronto,Professor of Dentistry,1998,33eaaec25396d77790f3f7a51c9bb92d38c0ef18b0c08a432f8fed98b765a3c9
Universities,"$104,497.56",$436.78,University of Toronto,Professor of English,1998,fda8961f9a8a8270f43b45ad23286e1db3ec043b66be3a7c3a695cd26850a857
Universities,"$104,658.28",$755.70,University of Toronto,Controller & Dir of Financial Services,1998,46f8b3ed12ca03b7b4a710d329d42f4c4fe0f1b10bc2cb000f4b3e02a1582b56
Universities,"$113,418.54",$474.14,University of Toronto,"Prof of Health Admin & Princ, Innis Coll",1998,f5cd273cc2b21f46f6715ecc37c3b521dd3f3db50133e3d9448818af6ff1a33e
Universities,"$106,928.00",$297.26,University of Toronto,Professor of Law,1998,ff49b9413cd1a853f0ef06680791d826da78e35abdcf1e837c36eaf0fb490ef7
Universities,"$160,831.80",$559.50,University of Toronto,"Prof, Chem & R.B.W. Chr Chem Phys",1998,bff0a4711bfa9f5eddbac5e8e3437c963911e22532e6c60d00d9aa0564f3446a
Universities,"$121,549.01",$588.66,University of Toronto,Prof & Dean of the Faculty of Forestry,1998,e8f08fad76c6ae3dc52a22fcb4f42c967ddd6b5603e29ce7c3ba87e1dcd11d38
Universities,"$125,158.00",$311.82,University of Toronto,Treasurer and Director of Investments,1998,4d7fc7fbbf734a50b5f78cae317628d18cccd7e17c860a7f4a5b52035a3ea0fc
Universities,"$114,028.98",$590.04,University of Toronto,Professor of Spanish and Portuguese,1998,a36c021a6bc82a2b8182f233e3622bb0e2e3df7685e3ef967888c803cc1f21ab
Universities,"$127,227.38",$411.52,University of Toronto,"Assoc Director, Admin Mgmt Systems",1998,23348d2711bcef405edb2c5fa9c421cd25c86530e5302cc47fa3d7a4f6daa4ca
Universities,"$104,016.08",$416.34,University of Toronto,Professor & Assoc Chair of Linguistics,1998,70be77ff43a1f63f20871d5cb457695f39db014c883472caa65468d6bf69236d
Universities,"$107,228.82",$298.08,University of Toronto,Professor and Chair of Anaesthesia,1998,6ca6f528d14d3378699a09c7e02f3c63c09f3cbe7da2742a115ed1c89ac52b07
Universities,"$111,384.04",$517.80,University of Toronto,"Prof of History & Princ, Victoria Coll",1998,9924ddc664d6d2ec0174509bb590032da9c52e261772f352ce808443a5e4bfe4
Universities,"$112,779.00",$313.56,University of Toronto,Professor of Biochemistry,1998,4a0230736663858a0b4b7d4fcd7a9d10bf78a1279f2c5a856f542144da817624
Universities,"$108,759.00",$530.76,University of Toronto,"Prof & Assoc Ch, P.S. & Dir, Undrgrd St",1998,7c4398ef7bd8751a0a0a036ac364823b78006470c88a2b05403284f113196137
Universities,"$149,182.98",$347.52,University of Toronto,Professor of Lab Medicine & Pathobiology,1998,eae40657eff922ee4d28815a2fec294944a520da0b11b578b9ce6666d891a112
Universities,"$103,112.52",$559.62,University of Toronto,Professor of Sociology,1998,e697ffdc2182838583e47d371fdaa6dd07da2d79262d75361adf15f452647d2e
Universities,"$104,304.04",$584.09,University of Toronto,Prof of Medical Genetics & Microbiology,1998,cb2b84c3ffedaa3161fa80eb04b75a2eb4c25813b0137456f0ac0fdc5ccb747d
Universities,"$107,579.98",$547.56,University of Toronto,"Prof, Ital Stud, Assoc Chr & Grad Coord",1998,e9dc0becb6ac5b05dbc18a5f64d8d4eac84f740761d01c50a504bff819f73fc4
Universities,"$123,588.96",$603.08,University of Toronto,"Prof, Physiol & Dir, Play. Neurosc Unit",1998,a8d2648ebe65c8044cb78b143ec05d92ccb2782c7ee1ab8af70b72af8aaf18b1
Universities,"$114,475.98",$558.66,University of Toronto,Professor of Economics,1998,d753018b29bec0be6a4afd22c3de79d47fc752988148d925141f5eb3faff39f7
Universities,"$117,658.52",$488.04,University of Toronto,Professor of Economics,1998,f119a0fceab2a6b224316118953ee387bcd9937d9432f3c77d4ed97dfb197b71
Universities,"$107,782.02","$5,814.64",University of Toronto,Professor of French,1998,6bc6b922fb7cde0a92b7873a3c908b0aad626c74a605870724f79baa6252a7fb
Universities,"$140,754.00",$708.00,University of Toronto,Professor of Education,1998,e99a9fb5a99a9c1a63454161fb0b1bb1b9d2adaee0218941b304e3433c2cd5ea
Universities,"$128,000.03",$192.72,University of Toronto,Professor of Medicine,1998,fc92a7c6f0011aaf3bf2d417dab90831dd554356302b6b2c75ade8191dc7967c
Universities,"$100,095.04",$271.32,University of Toronto,Professor of Chemical Engineering,1998,cdb44b9b78d7a40e6f1cd8174462b23ce3074aaf6125c1f013c332ece049fc73
Universities,"$212,842.00",$610.04,University of Toronto,Professor and Chair of Physiology,1998,3fffd5dfcf9590490037d1150b462fd9413096c6d8c7ceea02d796577728c3ef
Universities,"$119,690.03",$668.70,University of Toronto,"Prof of English, Centre for Comp Lit",1998,317db60073709070144d7a73ad205e0fd66b40933796ad4b57d52fe2122bf154
Universities,"$107,423.04",$448.98,University of Toronto,Professor of Linguistics,1998,306ab8d419ee45048c97f3b7366f83b078b0abeb636cf829133c9e6c08402c3f
Universities,"$107,605.98",$374.46,University of Toronto,Professor of Law,1998,e50dff962bef5e39c20b7afa56f58f3bee90e9a47e0b5e439ae50b16e10119e7
Universities,"$175,283.32",$610.04,University of Toronto,"Prof of Chem Eng & Dean, APSc & Eng",1998,8173914d7d8682c883d10b64d071e98c96b1dec4cce5e41a213a44ad0bfac063
Universities,"$123,235.55",$543.36,University of Toronto,"Prof Phil, Rlgn & E.A. St & RC&EYL Chr",1998,ba0a6e67cb47a77d369c68f01508e0d59df89e149bee05564f850e307e65d383
Universities,"$101,028.72",$493.02,University of Toronto,Professor of Public Health Sciences,1998,c2d192f36ff48ba20a36ab356f419b98f447a0df3551b2f1da2e4f39966a8df7
Universities,"$103,881.96",$561.78,University of Toronto,Professor of Physics,1998,a07e827d7cc7ff92d579b4af84f2d8f0df46b35a3e8192833de2fd91c6a54f13
Universities,"$108,027.00",$648.90,University of Toronto,Professor of Mathematics,1998,7e2b2d23dddb76e22659903bbcec458f3f8f05544fd9eb416f70c4ef714e292b
Universities,"$101,744.76",$425.28,University of Toronto,Professor of East Asian Studies,1998,41ceda3a837e3974ebc9f0233a889c347ebacf9478943a42456a3603044f76f9
Universities,"$105,971.04",$368.78,University of Toronto,Professor of Education,1998,cd900a2f8878c610f5e76b2ddb4237972eba779361e3f3f4a647da04df0ac36e
Universities,"$100,991.10",$646.74,University of Toronto,Prof of French and Principal of New Coll,1998,359d3b173d2da681fcb77385071c14e5795478f4fde24b0d5726a8e5a5cb0144
Universities,"$102,522.30",$428.52,University of Toronto,Professor of Political Science,1998,59a5a11b13d0fba6bdf5a860837a4d15598788fbfb8232c87b669e80816f471b
Universities,"$104,391.18",$436.38,University of Toronto,Professor & Associate Chair of Astronomy,1998,c5c2035455bda00a8f6bdda99b3a42465a5a648f8fdccc86e84b550fd584c269
Universities,"$109,595.50",$350.70,University of Toronto,Professor of Italian Studies,1998,69a21121e483c0854c07d5829dafc24d5319ff7e4ca5fd633377f6d73251168e
Universities,"$104,399.52",$283.26,University of Toronto,"Prof, Chem Eng & Vice-Dean, APSc/Eng",1998,44f32abd9d46467c76b58807964b1580fc16cf94bfd1c66ba6132c35390f7484
Universities,"$125,000.04",$347.52,University of Toronto,Professor of Paediatrics,1998,03b7030bb34fb17bdbd6807e2e383e770c6d72a43141985550a7210689ae8ddc
Universities,"$100,036.50",$418.14,University of Toronto,Professor of Public Health Sciences,1998,400dc514bab4eff0f7031618c4d2dce915a91d8002c56a4edcab2a9254680bbc
Universities,"$106,528.98",$466.54,University of Toronto,Professor of Economics,1998,cc83a4cfb275ceeddc982bafe991027d266b2f3d935ce06bf8adbf9d47555704
Universities,"$123,438.54",$429.54,University of Toronto,Professor of Health Administration,1998,9ef48b69b5a91d90eb92240089a9ce42f6b2e2895a86c0588493bb64d19b1cc2
Universities,"$109,498.00",$491.22,University of Toronto,Professor of French,1998,3156a755c8d4063b41b48b1b4af7cc928d96c6de2bca2ab8ca06c5dd483acac6
Universities,"$127,965.00",$708.00,University of Toronto,Professor of Civil Engineering,1998,64e1a639cc13df8dd30cf213cc65a8685ddfdc02f70be012d92dfe82edc0d02b
Universities,"$102,594.90",$428.84,University of Toronto,Prof & Grad Co-ord of Med Gen & Microbio,1998,53a7d1fbd195f71e5575f2baea94ee693e0468569f0a421fb5bda433baceacf4
Universities,"$129,659.00",$496.02,University of Toronto,"Prof, Educ & Head, Cent for Teacher Dev",1998,54bf2cae1e08fbdcaa0446b4d1fb5e39f07b901f69ae6a997cbad4b0d00a606a
Universities,"$107,808.47",$572.70,University of Toronto,Professor of Medicine,1998,41905da3a79115d402fbc0cc4e16157731bc565fe42332204dd619642e30cac7
Universities,"$114,184.98",$477.30,University of Toronto,Professor of Political Science,1998,989a39df3491db5696caa6bf7ca875465b4fb60b934d256a7c4581083f8c5c96
Universities,"$159,568.98",$610.04,University of Toronto,University Professor of Computer Science,1998,1be6cbb04c9f16de957c178e0e15e758a1e97ba9b4b04a21704bbce5439ad1b9
Universities,"$102,141.48",$426.96,University of Toronto,Professor of Public Health Sciences,1998,0a1e29528dc1055dc2ed2d5de0266db16641139bef0abcc6af93b28e90ee546d
Universities,"$101,141.88",$352.02,University of Toronto,Professor of Anatomy and Cell Biology,1998,1bdb6e8610a7b387ebf79761c19b35bb250ce8b56fb6d98feacd45579fe6b553
Universities,"$111,294.00",$543.12,University of Toronto,Professor & Assoc Chair of Chem Eng,1998,fc12e876e0599f4e5bea3043e8f71d936d2d63cc5a58cfab3cba34f268350f60
Universities,"$111,459.96",$465.88,University of Toronto,Professor and Chair of English,1998,bb957b8b46cd59efde5779f331983a63fc95c7cb14d83286c4d24b79418e1549
Universities,"$135,435.00",$708.00,University of Toronto,Professor of Computer Science,1998,85630e13bd5a466c68dcbac750a2a35456c27cecaea9eb4959be675dc8b34732
Universities,"$110,176.02",$306.26,University of Toronto,Professor of Education,1998,2c5bee7233d318fa8263edb9b817949f637981aa1a1db00bd5ca038736492430
Universities,"$105,590.66","$4,031.32",University of Toronto,"Prof, Educ & Assoc Dean, Res & Field Act",1998,eb1b01219a8735a78001f551001c84ebab991e481d260bdc28251c7e64e9a06c
Universities,"$141,175.02",$708.00,University of Toronto,"Prof, Psych & Glass. Chair in Neuropsych",1998,0e3e3cca8fbf37b5aac5b91e34b7a08a0ad544e110763f025e792b6cfb27f27e
Universities,"$103,153.08",$283.11,University of Toronto,Asst Dean and Director of Admissions,1998,d19bbfded429db34c2affc48c2703e29725f2307c8e8053f92d5a4a5a8410dd8
Universities,"$106,818.00",$371.76,University of Toronto,Professor of English,1998,850f2221116f872993e6b808916638125bdcd4949eea9708914a00c0a0b4462c
Universities,"$106,386.08",$455.10,University of Toronto,Professor of Philosophy,1998,9ba63d33915328d187b530cb1871dbaeb5c7169de3f7838a72a03597263415e9
Universities,"$104,982.54",$302.16,University of Toronto,Professor of Civil Engineering,1998,552884232602ae78f0a254fbb00292e387e5de6a0e22d7beecb6740b66b3ad0c
Universities,"$121,963.38",$508.68,University of Toronto,Professor of Mechanical & Industrial Eng,1998,2d25aa4bdd6633e6efa86b32871e01247187d4a207259c533e72e8ad032a10ca
Universities,"$112,233.00",$547.68,University of Toronto,Professor of Paediatrics,1998,d47e94e08004f80f22f00fc6f25e3e43a75bd185c7b01bb6da08b3feedb35ce4
Universities,"$114,132.78",$618.42,University of Toronto,Professor of Italian Studies,1998,f381db75fa9c6b367023781862766c65411aa9ba4a12d7530b9edb9f93a65eac
Universities,"$170,655.24","$5,311.00",University of Toronto,"Professor and Dean, Faculty of Law",1998,e59259f3782000097a81adc2a07e1476e1760de616aae735a60195aff028feee
Universities,"$100,587.48",$490.90,University of Toronto,Professor of Education,1998,7d219aa371e7609e53c1ca7af8a28e2bec47c15989c632c60537664a0c7630f0
Universities,"$111,293.04",$309.42,University of Toronto,"Prof, Fam & Comm Med & Assoc Dean, C.E.",1998,efb168e35cd6f8939336c99cc4387e716f5d9c2f5f13c90bc7de2ff4e5d89a13
Universities,"$123,823.64",$512.02,University of Toronto,Professor of Electrical & Comp Eng,1998,7007458abd6c62a71983ac9931c6f662f25bbd4ce3ea4ec1b6019ba4c131696f
Universities,"$103,939.70",$651.42,University of Toronto,Professor of Political Science,1998,6ca1871543751c67c75740536a135f181ed49e2c8c4ef7ee84755814c0a836ac
Universities,"$138,815.92",$620.28,University of Toronto,"Prof, Mgmt & Program Dir, Exec MBA Prog",1998,781b3707676170e43432bfbd586c5ebb7a694e6f17269b20cfcf51124647e78c
Universities,"$109,169.50",$510.77,University of Toronto,Professor of English,1998,e608957ff6ae941649152802be6fd83ddb5c4511ac587e795614094733385678
Universities,"$119,547.96",$583.38,University of Toronto,Professor of Obstetrics and Gynaecology,1998,e53296040356f7bfead8b78da35acdb34e2a857ceaed54d22641c9f8abc6cfe2
Universities,"$103,235.02",$494.48,University of Toronto,Professor of English,1998,a498b61ed28cdd26a13f6148672ee76fc695032ecef1882ef5c7755e65de6d4f
Universities,"$113,045.46",$486.05,University of Toronto,"Prof / Assoc Ch, Physio & Dir, Elec Micros",1998,89e32c110f62b21937b835f58c170c6380e5a78b5acff4b89f3cd14f056d32d9
Universities,"$102,268.50",$628.86,University of Toronto,Professor of Mathematics,1998,ce2f644a2222ede32723d6ad23d72315aedb7e6af2e27e570444ec0efd628908
Universities,"$260,500.08","$11,780.00",University of Toronto,"VP, Dev & Univ Relations & Chief Dev Off",1998,aa915d7ec42ce36cd8584756dbea45fde2da12cb8c9c02aa080841155ce56015
Universities,"$106,083.00",$294.90,University of Toronto,Professor of Botany,1998,54b5c33aef6ddf8b723b22f4f1f6ef600243a663439bee83c00667b1cc2b0ca9
Universities,"$104,061.00",$507.78,University of Toronto,Professor of Economics,1998,96cd852666beb3ab6f6cef2f55d3f5a7e6e9b71d4df857fb04335a8cf9ad4169
Universities,"$103,810.50",$288.60,University of Toronto,Professor of Dentistry,1998,ff25bfedecbf9c3b022c5424600a4759c77b2be0762e0e41a1df68f1b7c03c1f
Universities,"$131,192.04",$522.48,University of Toronto,Professor and Chair of Zoology,1998,8e6a731a2caf95b964736c452578219371cf9c7a7b09888cbf6ee69901276848
Universities,"$123,889.03",$342.48,University of Toronto,Professor of Economics and Law,1998,58778b19cca345c42a26ddf75a3130330f15e8b5131d56a3bcebbea761620236
Universities,"$122,916.48",$505.44,University of Toronto,Professor of Law & Health Administration,1998,767c4b8d981cd5cb28b1c82e1ed1ae003fd8418db61cf5ccfc4dc6c6851b64bd
Universities,"$101,186.04",$281.34,University of Toronto,Professor and Chair of German,1998,4d83996558998e9d3c34b749dbd0cc68bb714a3f37beda6255eaa31affcf51d9
Universities,"$119,676.96",$565.74,University of Toronto,Sec Gov Coun & A.I.&P.P. Commissioner,1998,581d2107b0fa213b3e2df154be0b428f50282c9bc73dc9339b152ecfe9c7e0ed
Universities,"$191,149.92",$610.04,University of Toronto,Professor of Medicine,1998,4c94aa0026b7ffa7d28159959ca64d06c81900c02d701b6765a54005d9e010db
Universities,"$107,606.94",$299.16,University of Toronto,"Prof, Lab Med & Pathobio & Head, E.P.",1998,5710fbfb5bd576343595d6b622cd26d7daa4b98faa378688bf1cee3f6718b840
Universities,"$104,152.66",$561.08,University of Toronto,Professor of English,1998,e0c7992a1419c4868b2f71820362f968ad2434fc77fe72e0263427aab5f1518c
Universities,"$108,913.20",$455.28,University of Toronto,"Prof of Pol Sci & Assoc Dean, Arts/Sci",1998,c1afb62846167230dfcb6c1d7c7c799399797387ce16e4066e227f39991df59a
Universities,"$102,576.48",$710.52,University of Toronto,Professor and Associate Dean of Nursing,1998,9eb30f8db14572fcfb5c301c71274e266254bb082f266e064e49041e1bf4ef71
Universities,"$110,641.92",$580.08,University of Toronto,Professor of Criminology,1998,9b52320e54604c294314fa21eb4f5a88368f908190d63307c23491a84799d22c
Universities,"$131,794.35",$310.26,University of Toronto,"Prof, Fam Comm Med & Med Dir, S.L.P.",1998,1066ec43da62ee61e25d986689589491a61743f40522437e8053c78613a8e404
Universities,"$102,934.56",$430.26,University of Toronto,"Prof, Hist & Grad Coord, Russ & Eur St",1998,840d400eaf925e9313dbca764ef82a8bb2fae577af2b10017bd0f4157cef56b9
Universities,"$104,325.98",$509.12,University of Toronto,Professor of Physics,1998,1bd07b44015e38e07335a99f811646e8ca90c21cf68fd1c7aefb5aa9709ed641
Universities,"$103,338.00",$632.64,University of Toronto,Professor of Anaesthesia,1998,5d4fd789f7f973f04d9bcc18a0c3baa2653cf2a0c986f37d80ad2aeb2c14d9c3
Universities,"$109,692.86",$424.02,University of Toronto,"Res Assoc, Inst for Pol An & Prof, Econ",1998,e8250f1125bff8dec9c06f35757131abf671c002c6e1cb27ecad0c529f980cb5
Universities,"$112,097.04",$468.60,University of Toronto,Professor of Zoology,1998,1ccb9c2ebc4b4ca7f409c5b5703c0c5a371b09500d50d599b63008e0cfbb71e1
Universities,"$110,406.00",$461.46,University of Toronto,Professor of Physics,1998,c52dda77b251e7a80eeb36aa0ab983f1235f300040ec32c2614d85fd7ec9a2ca
Universities,"$101,448.04",$606.90,University of Toronto,Professor of Education,1998,14ed8203d15a0a50c485109c9e805c602d242bed3fff01c28f5d83cbd76e94c9
Universities,"$100,909.44",$282.12,University of Toronto,Professor and Associate Chair of English,1998,9861dfd5990cd36c3bec002df159ab7b1213bb9146f5c8ff6b951a6403cebd3f
Universities,"$105,653.96",$352.34,University of Toronto,Professor of Astronomy & Computer Sci,1998,043b4a862dec373b3facba77b6a9571b40b627b31867696dc71719d45aca89be
Universities,"$101,603.40",$282.48,University of Toronto,Professor of Anaesthesia,1998,47bbbd250bc8e20943aa9c785f008c1ac47057f8dc6311a901e89a0513692c9f
Universities,"$105,333.00",$639.54,University of Toronto,Professor of Physics,1998,ebacd1c8b936b8a6f566cda727e7af5bb16386b3388c04351b177bd577630a69
Universities,"$106,872.48",$297.12,University of Toronto,Professor of Education,1998,045848f12f407569fd152e12b73632a1bd2a929bd48a366155d0a3bffb5370a9
Universities,"$105,780.96",$442.14,University of Toronto,Professor of History,1998,62b5153eb356946485c7539fa1b7a185adf9d7f0fd171d2c88a19a087de6e229
Universities,"$117,361.90",$604.86,University of Toronto,Professor of Management,1998,d6f0ddc08da5f04c3043fab3223889147a1beb9bda5b50ff6e6df50b2d1931c2
Universities,"$124,559.02",$596.16,University of Toronto,Professor & Associate Dean of Dentistry,1998,29a876b2648a967479c0aa0b44419e42b71d50a5316c310b1c94e77f08ac4f47
Universities,"$108,183.00",$452.22,University of Toronto,Professor of Spanish and Portuguese,1998,3dea81fe72156dc221d810ceadf06781d207cc1d32fcfa906bd715f1f9a9c29a
Universities,"$130,770.00",$522.48,University of Toronto,Professor of Family & Community Medicine,1998,e1db2215997a6098f16b7ae9aa27697720f7e4c73ae1c8dc212bb7d3ceab0c1f
Universities,"$103,577.00",$265.68,University of Toronto,"Asst Vice-Provost, Stategic Planning",1998,758049b0c3505ab1348e8bf84af64d4f257768b02699c9f7a1f8d49b9fb09259
Universities,"$112,925.00",$472.02,University of Toronto,Professor of Computer Science,1998,07e35d6d3486b253ee1440cf874976c0256d5b5e1a53e1dbc32d9856da6f3749
Universities,"$104,146.00",$257.70,University of Toronto,Professor of Mechanical & Industrial Eng,1998,9b7cb4f76158fa389c2ec8d02775d5554d038cec34110b4275cb827fac43b279
Universities,"$104,994.00",$512.34,University of Toronto,Professor of Public Health Sciences,1998,ff000f2a9caa88de4bcbbfc9cdd9d5845fb8f9ef2f2dec40b6b0f968ea559616
Universities,"$141,413.28",$636.70,University of Toronto,"Prof, Pol Sci & Prof/Assoc Ch E Asian St",1998,a0e83b8feb44e4bde15bfef3c93adb38e8733c1e0d4d9cb7ad183f3a8763322d
Universities,"$114,907.02",$548.46,University of Toronto,Professor of Family & Community Medicine,1998,4a49bf8f264486b70debbf3475fb4beafcbb0403fceec5591a715831f84661a7
Universities,"$105,619.02",$640.62,University of Toronto,Professor of Education,1998,779ea5de66f0b14a8cdc827ad809e872fbade1c9d68741cffd28a218d67ef9a2
Universities,"$121,236.34",$610.00,University of Toronto,Professor and Chair of Geology,1998,c736905fc85ccecc3db529193ee5e83f01cf6264ac368326eb6491318ca77a24
Universities,"$107,873.16",$421.14,University of Toronto,Professor of Dentistry,1998,519c05dca1833c7e6ddd5a9ef935139450e42b4d6020e92f972979c0d02f0483
Universities,"$100,167.48",$418.74,University of Toronto,Professor of Dentistry,1998,0b9021d1165b144aace5cbdb5a441015b1a097fb2c3a665e307f2ee8236bcb91
Universities,"$101,828.10",$521.34,University of Toronto,Professor of Statistics,1998,97565fbc7c5130f172ece8a4182d659d81d76ef72fefc4a0997546db55172bb0
Universities,"$179,792.98","$10,372.00",University of Toronto,"Professor of History & VP, Admin & HR",1998,c837da42263bf53ffc7e0064def943d91aa7d29d31f75615832e69a5a1d9a324
Universities,"$140,329.00",$708.00,University of Toronto,University Professor of French,1998,fd40a6dbe9741db239d70129c48af0e77c6f790b9a3386132fd02de6acc2ee92
Universities,"$107,033.04",$447.42,University of Toronto,Professor of Information Studies,1998,a9ee81436caac4f5c9083dbeefc41ab88ccdf6dc787fbed7249484f23acc38f9
Universities,"$103,779.36",$433.80,University of Toronto,Professor of Dentistry,1998,d692fd43142c2c0c71bf9eeb11f0a0ec641634f3886b115801b2fddfb824d7b1
Universities,"$115,142.52",$468.78,University of Toronto,Professor of Economics,1998,2a81c4a56f399bb84b061da3dbc208081ae418a2f7ed7f21b619ac16e7fccaf6
Universities,"$145,616.04",$610.04,University of Toronto,Professor of Psychology,1998,3d7fa7cbb673bbecf2a1e93f41f9f6fe79e46aace14d207e9293aca910d28120
Universities,"$111,721.98",$583.56,University of Toronto,Professor of Philosophy,1998,60c4d5e9518927422895878316c9057a77cf55c837a1c10855b6874b11992ce4
Universities,"$103,874.89",$649.62,University of Toronto,Professor of Mechanical & Industrial Eng,1998,f5c02faff93ffadfa7b36559a4298f306a870cc76eb6e2fdb6912ee71772912e
Universities,"$110,914.68",$463.66,University of Toronto,Professor of Electrical & Computer Eng,1998,21380bbed4a2f4203373235fc59cb47b20804fb5cef8719ef4f339ef915fe7f5
Universities,"$116,424.00",$510.74,University of Toronto,"Prof, Eng & Dir, Cent for Medieval Stud",1998,bd075fc0f1ae8dac284aa6cab5edd9d78fd7e4feae193bd99b6db4ba850d9834
Universities,"$118,488.54",$321.06,University of Toronto,Director of Alumni and Development,1998,fc8a06806aec87279d30155f495b1d1f66966a3a27fda852805345c9d03bf9de
Universities,"$131,595.74",$565.48,University of Toronto,"Prof, Med & Assoc Dean, Undrgrd Med Ed",1998,5f3c0cdb340431915a57655c84589dd4daa94bcb8e2e7cf87e258edc1f45981f
Universities,"$131,416.92",$608.12,University of Toronto,Prof & Assoc Chr of Grad Stud in Psych,1998,c0f355d95d34aa789f6cf0e64960de7e83d4b4ff37b4b80e96fd1eb572a2f13d
Universities,"$108,503.76",$644.76,University of Toronto,Professor of Dentistry,1998,ed8b92f6baa1e4b9c9bc445f18b0d59691e41aec5788fbaa3073542fce82fa57
Universities,"$119,875.98",$582.55,University of Toronto,Professor of Mathematics,1998,5dc85ea84d4bcfcb9deb76f022bcce4571df7c545f348a7715a403fef007a7b0
Universities,"$104,169.42",$508.38,University of Toronto,Professor of Dentistry,1998,d8df498493bfd72ff952c4d49cb9c7aece2133862b63e80bb25e0c6c9acb8212
Universities,"$169,453.98",$522.48,University of Toronto,Professor of Medicine,1998,06ab6a9932b96a064a46dd88216beb3f86d50711905e774f9b4b0f4d9fde0353
Universities,"$149,655.06",$522.48,University of Toronto,"Professor & Dean, Faculty of Education",1998,d3ae51d8a5d0054d91e07e38b52029e44a423f46d0f207da8b11221fe6c7357d
Universities,"$109,670.57",$586.02,University of Toronto,Professor of Economics,1998,bb151c4d5a16b0c80e5eb8a7c5665c8b575b4fb4e6508a62b14054bf0baf6475
Universities,"$109,178.04","$7,839.96",University of Toronto,"Dir of Property Mgmt, Design & Const",1998,c15956b3f99bbf6e97fc15eeaa9adb2e791b3782565f688fd7e2f49d45589354
Universities,"$111,465.00",$387.92,University of Toronto,Professor and Chair of Economics,1998,b2acbe458467b4390f93fdb84d1b78803117eb99cdc0a11670f1a2468a66b7ac
Universities,"$110,537.04",$462.08,University of Toronto,Professor of Geography,1998,97de9ab26734d843ee1fb1237e70d9e663e7acb6741850974b46dd6ef1ad79ae
Universities,"$106,730.04",$446.14,University of Toronto,Prof of Banting & Best Dept of Med Res,1998,304ff527e7087b1e34c68aa52f082eae29f600c0f2c19ff49c97534e9e2d2970
Universities,"$101,793.04",$556.02,University of Toronto,Professor of Obstetrics and Gyneacology,1998,a209907936315c3914141364ea3956534ee117838f2e4cb93226ffc9efe8ac37
Universities,"$141,656.00",$522.48,University of Toronto,Professor and Chair of Psychiatry,1998,5d794f44a3cdcfaf68b037adaf6502bf05ffaef3a46201cc20803e87f16e966c
Universities,"$100,929.72",$272.28,University of Toronto,"Professor of Socio & Dir, Cent of Crimin",1998,ec5098c3a4b83fc688b6b56a78651fe9b8a3168cdec2f9f0923d04a6505896c2
Universities,"$102,767.98",$605.58,University of Toronto,Professor of Philosophy,1998,850c07750ddee21b51b10d64537a9983ccb971e9ba36d35e5cf3a7fc0a24359d
Universities,"$126,837.00",$609.06,University of Toronto,Professor of Public Health Sciences,1998,f060616d7d5305184db91803f4026628df3973c7a941dc7663e410f6e6eb65ab
Universities,"$103,934.98",$308.04,University of Toronto,Professor of History,1998,96a2e0582fcee939d93884ac4ce39eea4bbec38eccb4bbe2bb0f93418100c731
Universities,"$111,190.02","$5,464.98",University of Toronto,Prof of Medical Genetics & Microbiology,1998,32018669ae3a01baaa4f71d650128cc517c0d264689b35e8aceff4720a6fe501
Universities,"$154,548.96",$610.04,University of Toronto,Prof of Lab. Medicine & Pathobiology,1998,47e47b1234aac553f36dc6f24341aca792f0ebf87734baa93cf3bfa2f3d747ff
Universities,"$100,753.56",$350.62,University of Toronto,Professor of Paediatrics,1998,8d701b247b015a640498b34b51f1114c229e0468c0602f372c366f292f75176b
Universities,"$112,392.96",$485.46,University of Toronto,Prof of Mech & Industrial Engineering,1998,558444b13415dd1dca25ec930c2e09c8846fc26faee73efcee4fc59b3bdc2b16
Universities,"$193,399.32",$610.04,University of Toronto,"Professor, Med & Dir, Int Div of Onc",1998,19817c39dfc823c6a023c39943ce207fb53568384a07a5e68a1c019f014d66f2
Universities,"$100,335.00",$489.60,University of Toronto,Professor of Philosophy,1998,b89b86a43fbcd32b6d6915030312149625daad4a161f4110ea9608d8f52257d3
Universities,"$135,615.06",$620.52,University of Toronto,Professor of Philosophy and Vice Provost,1998,2edb696704cd6cdb4c6abe903b020ea33748ffb4ee381c2c2bfaab141f229dfc
Universities,"$125,530.71",$292.05,University of Toronto,Prof of Physical/Health Ed & Physio,1998,1575fbb6f70cca562181e34e217c264b8c2e61e27260bb47461a4c5a8e3660d6
Universities,"$103,137.54",$631.92,University of Toronto,Director of Occupational Health & Safety,1998,f0ab291217dcde53b5abde2ed754e086abf389342a4560c8198ddf78d3acf998
Universities,"$125,514.02",$558.84,University of Toronto,"Sr.Tutor, APSc/Eng. & Prov. Adv., I.T.",1998,4d3c86ac21160e14bc7a1b38fe92004c874c35730ca5228a01f088f9fd4e063d
Universities,"$178,682.04",$620.52,University of Toronto,Prof & Chair of Lab. Med & Pathobiology,1998,dedd550c8c265c811de684da13a3b9a3854f5edf05154c723175a24a9e732ef7
Universities,"$107,114.00",$630.40,University of Toronto,Professor of Zoology,1998,5de082126d5bf51ab6eba259db6994192304919047b38faffabbe62aa71141ee
Universities,"$111,410.92",$500.18,University of Toronto,Professor of Philosophy,1998,8ab075e6c12b0640cd5d4ad149a2eb0f9289c06e585e557b287c5c2bdc9db3af
Universities,"$100,778.70",$307.50,University of Toronto,Professor of Nursing,1998,78adf1f9d223b4cbfb233e263adf72ab4fe640bdb7da40bfa3515036b7eb0100
Universities,"$163,632.48",$610.04,University of Toronto,Lecturer - OISE/UT,1998,42e30d8c54aebb36bdf972d08e4792ef0de17060b5a4057a1d47780f285d7882
Universities,"$128,880.96",$610.04,University of Toronto,"Prof, Banting & Best Dept of Med Res",1998,e5905cb56ca81225a61d761665ca803623adcb752204b81598761510916a741a
Universities,"$108,885.06",$455.16,University of Toronto,Professor of Geography,1998,17441dbe221e901d6dbf96a1aa07700e0336ccfac46ce4bf294cf6d383794376
Universities,"$129,201.96","$3,422.84",University of Toronto,Professor of Mathematics,1998,e0009cd5dcc3ccc2b0dd2b91dccbe124dafd737a995c230dae4ab765244c663a
Universities,"$105,364.10",$383.58,University of Toronto,Professor of Physics,1998,5c867c17827e6a0a87fd8408a19f8339c6d56e522ec627afe7c712eca9386763
Universities,"$110,622.00",$462.42,University of Toronto,"Prof, Pol Sc & G.I. Chr in Pc & Con Stud",1998,63b3b3147eb4f85d50eec1276d5ac1b75774d94eb3dfb5b852bf3848a13ba4ba
Universities,"$105,055.00",$309.36,University of Toronto,"Prof, French & Assoc Dean, Grad Stud",1998,b8d56d52fb5c79cacda45c0a1d6d4b1dd91d4be40dfd6293e7f4f5580d351aa8
Universities,"$111,599.20",$501.48,University of Toronto,Professor & Chair of East Asian Studies,1998,398a35a5ce00ff3364af22f7094c6f5d008e64c63fc0dddc4fecaf572be2b399
Universities,"$102,795.84",$285.82,University of Toronto,Professor of Electrical and Computer Eng,1998,6b21d3c7cf28a550a1e990c09cbb1ce223a671302ba9e8b6abe17a94e0035152
Universities,"$100,423.44",$562.28,University of Toronto,Professor of Economics,1998,e44b7487226a0c1410dea91289205671d87a615ef5ff40cc2d21f133473d85cb
Universities,"$105,671.46",$293.76,University of Toronto,"Prof of Biochem & Acting Chair, Life Sci",1998,ec399cd453aaee8d41e3826cdb5bbeb143a88c1d874515efd2ed9819380c6a93
Universities,"$107,532.48",$374.22,University of Toronto,Professor of Education,1998,b7a1d10d0a7f1f678d46ada135621440ffa846972471ecc0b2aa992addf9f5cd
Universities,"$102,933.82",$464.52,University of Toronto,Professor of Dentistry,1998,e1e82316ce163c5bd76b8deac089be85076adfc178c12e9e9e42f9798137c14e
Universities,"$103,299.18",$528.52,University of Toronto,Professor & Dir of Aerospace Studies,1998,e83a4fa6aa2fa20a0eafd021065aa4fb1016b6bdaf9f4efb4bb0d3abe2a278be
Universities,"$100,654.60",$464.40,University of Toronto,Professor of Education,1998,6b868c66fc53bc1d59783f7e60a5da90cbc6c28ffb7b3b9759cdac24167d2685
Universities,"$139,094.22",$610.04,University of Toronto,University Professor of Philosophy,1998,92f2f0b5f606643cced2718b78f43e314052788c156c8ef1cc7cbcfdaf1a614b
Universities,"$101,563.88",$282.36,University of Toronto,Professor of Law,1998,440bfd5b12dae629a17f8687a230e26e267da305a306cbebc5b3dfa7577b3010
Universities,"$142,279.02",$703.12,University of Toronto,Professor of Sociology,1998,256a7f7265ff79ed06eed3e87439aee07d529202d20962ef8c7e96349e976bc8
Universities,"$114,219.34",$530.58,University of Toronto,Professor of Ed & Chair of Adult Ed,1998,cc07b32335781df6bd2616e13cdb3dd8b2514e2301ff2b785e254330099e9cf9
Universities,"$109,039.98",$652.44,University of Toronto,Professor of Physiology,1998,d4c2d4bb38f0bc1e20b2be7a5755fe87a92e45d9eed40189bc8a979c0cf31d56
Universities,"$138,569.01",$708.00,University of Toronto,"Prof, Math, Prog Ldr, MITAC & S.A. to VP",1998,15eed45321625a4c613286d16f324bf2cdbcb45305a2261d22db4128fc762066
Universities,"$129,789.16",$708.00,University of Toronto,Professor of Medicine,1998,771057eac99dbc2102db1014e7f9d6688a411c1160445aef12aca8b39b686224
Universities,"$172,149.75",$522.48,University of Toronto,Prof & Act Dean of the Faculty of Mgmt.,1998,4e3ddb18876ec589cc6c1984893ab7f639ac172af405e50c3be0cbabaf478632
Universities,"$101,941.72",$497.50,University of Toronto,Professor of Chemical Engineering,1998,84d38b2c17618f1ee61eb27286622b65dc5335aa645cc76e60aa0f3b75d7149c
Universities,"$105,799.02",$271.20,University of Toronto,Professor of Education,1998,fde67bba952a86b4ceb6204130b0afa9e780d42c00d616c9a920711914d851a5
Universities,"$151,831.54",$594.54,University of Toronto,"Univ Campaign Dir & VP, U of T Found.",1998,874ae9b3a2401766f4d952885080a810d117e2d48d2d33bb12ecf8e0d71421f1
Universities,"$101,533.79",$555.24,University of Toronto,Professor of Education,1998,a9fcd300f1aad99cead2496f0e276f3b77627d5e8e5ef1799ce4dace3f48d330
Universities,"$107,877.00",$450.90,University of Toronto,Professor of Education,1998,98e016f354a12ebe11a5a9747fea4fa7302632b5ab994271c3e2ee4059f29d5d
Universities,"$106,924.04",$428.46,University of Toronto,Professor of English,1998,6bb609d94d77914a669f8311e379e72f85ff261657b6c7d97f428be7b201edde
Universities,"$106,502.99",$519.74,University of Toronto,Professor of Botany,1998,aaa3f80cbe1a4e73b7ef00ac6a74d499e52839054090530a2dcf02bab47bf1ae
Universities,"$132,159.06",$708.00,University of Toronto,Professor & Assoc Dean of Dentistry,1998,446b1860aabaaf9fdc7036002da9336c0ad666d511a176e15db91247e4d79921
Universities,"$107,322.00",$298.34,University of Toronto,Professor & Grad Co-ord of History,1998,4ba81f3c1f6f087f5f0151c763becf7c14e0387798b0a039f66c3f1cd1559b9f
Universities,"$103,905.00",$634.56,University of Toronto,Professor of German,1998,07fbd45f27ca3ab747b6f1ac89c15f49bdb2a9f471fa3cea5b9c1a2f10ea1988
Universities,"$101,898.06",$497.22,University of Toronto,Professor of Psychology,1998,51a987f1cf73c9a40f53e8875d1e99dd6841c0041afb15b5ac183e0205b3af53
Universities,"$104,925.66",$438.60,University of Toronto,Professor of Botany,1998,6cba797e0cbf72c76be94cbdcecb4a60b50363c6159e1742e2be36fa2e1eb1df
Universities,"$123,226.00","$1,517.00",University of Toronto,"Prof of Ed & Principal, Woodsworth Coll",1998,3859a2c0a25562880f9a7ed198d75435d240300a3e319b9db94ecbd6927ce328
Universities,"$111,315.96",$465.36,University of Toronto,Professor of Education,1998,45d173c0d5fdd56dcd8393738b9a18e17e32b69d080c81ec14d0459e085cf1ab
Universities,"$110,942.04",$301.44,University of Toronto,Professor of Family & Community Med,1998,24b2d7b103efe0fa00b1013171d80fe05040048b51e813b40e3a24fcf8676a98
Universities,"$105,236.04",$639.24,University of Toronto,Professor of Botany,1998,df249d8fd38501993d65b40bdbec1aa43de1c2eb22bdec1f457693017daffe10
Universities,"$103,246.68",$503.84,University of Toronto,Professor of Physiology,1998,735386bda43b1327bb8bbcb5852b2012950d3f137b1a5399e67c7d62ecd52cc8
Universities,"$100,423.02",$419.76,University of Toronto,Professor of Political Science,1998,67671d2894d57efa6d7f7810a10df7e3601496c1d7ee1f10f762447f97bda110
Universities,"$121,635.22",$515.48,University of Toronto,Professor of Economics,1998,d3c7cf1331c8133b644ec2afc4167b245cea505157e9b182e5b8f2ece7bf0e3f
Universities,"$131,278.02",$347.52,University of Toronto,"Professor Psych & Dir, P.E.T.",1998,6e1470c926146e7c24a97dce879dcf2e7deba0bae3c474e02b8763acf57006e4
Universities,"$112,845.00",$550.62,University of Toronto,Professor of Public Health Sciences,1998,c6ed378610b10511da8fbf1bd2488a0f4970d04593d27887e9f14f7b980274af
Universities,"$104,350.98",$509.22,University of Toronto,Professor of Geography & VP (Instr Dev),1998,6f6f8343699bb8f363d866be01bb53979d244af2b6733dee0f24878a5da125b5
Universities,"$107,661.00",$299.34,University of Toronto,Professor of Sociology,1998,4e5c1d127351ba2f2ecbff38abad78315a587f05d164fc4a8b1d5762e44f40af
Universities,"$103,160.52",$431.18,University of Toronto,Prof of Economics & Assoc Dean of SGS,1998,ffac84f90b7ae54b3325dbe745467dead7d53ca338ead88adf1fb0816fd62a6e
Universities,"$106,415.04",$444.86,University of Toronto,Professor of Public Health Sciences,1998,ffd6366d4c214a6a4b12bbcc58d86da180471c6a904430815e781123dbf951e8
Universities,"$110,334.00",$579.72,University of Toronto,Professor of Music,1998,156b41132643f2643ea9a247dd67207d79ae9c31d37c6b632c9f5c4b9ffe6fb1
Universities,"$114,472.02",$671.34,University of Toronto,Professor of Aerospace Studies,1998,d2d52a810cff49e266d4b53813847195c6354454c6a57e028c11a51532076d97
Universities,"$117,498.96",$681.88,University of Toronto,Professor of Management,1998,3a468fb4b634a1f66da8e30a792eef38cad0c4074afbdb95f9b35eb87a92b41f
Universities,"$102,068.25",$423.52,University of Toronto,Professor of Education,1998,aea1be22734d6d63bd2fbe86ce8b5ea33a203f0868d7e59329c40040f1a328b1
Universities,"$123,183.60",$571.56,University of Toronto,Professor of Education,1998,5a761137feb6b3dce3bd8a42217f927d884b5baa8a71a0d44876692cee2b8946
Universities,"$104,799.90",$479.22,University of Toronto,"Prof of English, Centre for Comp Lit",1998,79f5027306cab9d0a59a7929fa47f8379adb104b036c7b3b3d581d84ce179bb6
Universities,"$116,304.54",$481.02,University of Toronto,Professor of Economics,1998,209e8c17cad47b76928b1a341ee330cad522393f81e3168e27e51985884dcb9c
Universities,"$108,112.94",$505.68,University of Toronto,Professor of Italian Studies,1998,b96693e4121fd24849e5a029414354bd77116e92c21eea9fc38064c60fe5bf99
Universities,"$101,528.70",$424.44,University of Toronto,Professor of History,1998,945663484050d18f121b5f625f9e4fdd737d2942bc0912228878df4d8bbfa49b
Universities,"$105,422.04",$440.66,University of Toronto,"Professor of Banting & Best, Med Res",1998,af53173f39950c5375801dc7da1eb025f8b768d2c463a53d5c897066054c056d
Universities,"$100,485.50",$490.00,University of Toronto,Professor of Computer & Electrical Eng,1998,4c991e24a9296c897d62123ea39014327b6d4611d22ce43e231537c8f1361729
Universities,"$122,035.02",$519.42,University of Toronto,Professor of Social Work,1998,afc46db5d20d0a92f6530c42c38e5022cdb0e09a9ba3530048756bdd46d67b07
Universities,"$114,318.00",$578.52,University of Toronto,Professor of Sociology,1998,045f442fc4b5bfec3daa379980f3c7f264e914fa4e10d58df5325757a9ca8db9
Universities,"$123,634.00",$545.04,University of Toronto,Professor of History,1998,b2f350544bb99fbfaa72d13837cf401de8a0419b47ac7c61bf7d268ce673ce2a
Universities,"$112,822.98",$313.68,University of Toronto,Professor of Mathematics,1998,46ae9a73f0fe192f95c42b7aa69590846c17c840d9c88f5e7ea62c87484a9f53
Universities,"$107,814.96",$648.24,University of Toronto,Associate in the Faculty of Dentistry,1998,855cfc950571be46b7487fb56cf45bd143a1cbf6fc3387caf1b5571a4e22992c
Universities,"$104,094.52",$562.38,University of Toronto,"Prof of English and Assoc Dean, SGS",1998,1a63c5f6c78228a21c722bf5d62a671b230422f3bb5f422160e41075ceba2b42
Universities,"$112,030.64",$571.98,University of Toronto,University Professor of English,1998,b2b7d39e4dffa8b4f6495ccd4ea05cf7d330b21eff644edcba45407d22d15084
Universities,"$100,500.00",$490.44,University of Toronto,Professor of Paediatrics,1998,386318948f074311e2ffcb135660e30e19a1ba4d59caa73ac0cfac897371c286
Universities,"$112,475.04",$548.88,University of Toronto,Prof of Mech & Industrial Eng,1998,9ae57f2909ddbe50945b66043954a01589c96913de3089fe01be95520cdb0d77
Universities,"$126,550.98",$518.82,University of Toronto,Professor of Law,1998,cd99a0bae6af6850ecfef236fd60d2b7c4912debd1d920b46803ed698f9c5bfd
Universities,"$112,715.98","$6,226.88",University of Toronto,Professor of Mechanical & Industrial Eng,1998,689d79483070fd2149e961915ae46ae6e466cb99eb50df2d9de8574b8b2babaa
Universities,"$114,021.00",$589.98,University of Toronto,Professor of Botany,1998,1b62aa8455b4015c0407c286b083cb171f8f4228d5455b7e5f63ea358d2cc9d5
Universities,"$109,551.00",$457.92,University of Toronto,Professor of Nutritional Sciences,1998,a45b0a97df39bb4aabed9e150a802438f93b7019fc23cfecf231fefe03da8f9a
Universities,"$102,564.48",$285.12,University of Toronto,Professor of Physics,1998,36ce2639f8760d542abf3a33104b9819edd19a4c9ee383d631fe5b6fd2f968e9
Universities,"$103,872.00",$434.22,University of Toronto,Professor of Fine Art,1998,9854df524251a9e8a951c80f6bf5ae358eaa0dcabbd71628979744632c1fac5c
Universities,"$107,049.36",$326.64,University of Toronto,"Professor of English, Director of REED",1998,a18bcf458c21fb876d56ccf42474164e67c7cee4fe033aac8b8ccda4632f3227
Universities,"$103,864.84",$529.92,University of Toronto,Professor of Sociology,1998,5cc2ae62235d8abad34bd7456297e3e406a8675c14a0935a43520d66f569e915
Universities,"$101,723.50",$402.18,University of Toronto,Professor of Education,1998,6cd6d9c2bc2169ec0d5849be8e5e749b84296e0bd4c0a10c61463bd44047f60a
Universities,"$116,628.00",$322.86,University of Toronto,Professor and Chair of Immunology,1998,346f042b3702898545092e2503230611fcb57f54ad42784a179e19d05222bfc8
Universities,"$108,058.98",$527.36,University of Toronto,"Prof, Econ & Assoc Chr, Undrgrd Stud",1998,a2b9a59cf56f10e256c6435a68eec0ca49ab41872dff0bdd23a042b9c4ee40ac
Universities,"$103,774.02",$361.14,University of Toronto,Professor of Mathematics,1998,599bd91c35407f85759ac61a54a319e284131ae38a83b441fbb6a8f5cb480db9
Universities,"$100,071.24",$488.28,University of Toronto,Professory of Pharmacology,1998,8ce59abd9b08c5bf9cd4f3795b8bf06c51fc19ea99aa910df1818df1624d9fff
Universities,"$126,248.96",$536.82,University of Toronto,Professor of Management,1998,284917875df56d36c3ae3182483a8ebcc31b80d3b914d5b214220ad6e11278c2
Universities,"$109,005.00",$379.32,University of Toronto,Professor of Chemistry,1998,431dccc24a272296cd96164613905b3491f65ce3ed9bb7b2d42e2a541d8fdcd9
Universities,"$152,263.94",$408.32,University of Toronto,"Prof & Chair, Human Dev & App Psychology",1998,d7a16b69bcab2fc256c30f64e068447a07a89458bff2249a7a1ca168f7123c66
Universities,"$135,849.00",$610.04,University of Toronto,Professor of Mechanical & Industrial Eng,1998,d1256e54a1c945b6802486313fa0541d54e291851d0517a6be8259c82f2f75c7
Universities,"$103,455.48","$1,071.62",University of Toronto,Professor of Psychology,1998,31e377805f95dd74883549cee38b8791737eb2ea0f47d2c7969f5f0103062365
Universities,"$103,897.50",$361.58,University of Toronto,Professor of Physics,1998,b6dc5c496bd4233290a411066e472cfb5dab44a74dc5044230b46c3ad6ef30e2
Universities,"$107,901.96",$300.00,University of Toronto,Professor of Mathematics,1998,c1745744e150a9968e46d5f85dbdef8c175fe3ba552b290b91191b2828e17499
Universities,"$138,977.52",$522.48,University of Toronto,"Prof & Dean, Fac of Phys Ed & Health",1998,fbacff08c4414a3e895a12be3f3d7177938278950ccaad727f6fc258b7d54231
Universities,"$100,065.23",$653.18,University of Toronto,Professor of Physics,1998,8dec9b159304c120832373c3c9fb30172acd57eea51952d343b891763077f4e2
Universities,"$102,354.48",$629.22,University of Toronto,Professor of English,1998,6057a39738940979bebd5c921b21efe874f182bf1d5ae69002d72868be3f3ac4
Universities,"$108,242.04",$452.46,University of Toronto,Professor of History,1998,13fc8383fd273f2c101908980a96bd6248fd6c13044704770551411d7b064859
Universities,"$114,379.02",$671.06,University of Toronto,"Prof, Chemistry & Assoc Chr, Grad Stud",1998,6a184e3f9ae571b187af75a6c33fcaeb969db6fdf003292a336f34e48d90428c
Universities,"$107,042.96",$522.38,University of Toronto,Professor of Mgmt & Industrial Eng,1998,1312bce7839b07de8fbefbf323569ea45b6b6f14d40afd857fbb10d24eadbe07
Universities,"$105,360.00",$514.16,University of Toronto,"Prof, Economics & Acting Chair of Mgmt",1998,237b05717cc1c03b0e5c640c097eb3d087a3003a785d054473c33c6a71d68518
Universities,"$100,876.98",$606.54,University of Toronto,Professor of Philosophy,1998,36a685ee382e1ee6897d198d7da9c021a09747b8bac10f8ccdde269f477100ba
Universities,"$112,980.00",$314.10,University of Toronto,Professor of Astronomy,1998,98907e747b000ac78bc4035bbf0436e6e1b36afabae3c0b9a7e3caa839647f1d
Universities,"$109,093.02",$296.28,University of Toronto,Professor of Family & Comm Medicine,1998,f62f9d3afff87efd722109e45a581f98a049509ad67a53ee6b4f2f38a2358f8b
Universities,"$120,462.00",$334.86,University of Toronto,Professor and Chair of Medical Imaging,1998,18949b150d4225167cac049c3973aa25adcc7b6a4875b8e84b07aa23a53beb6b
Universities,"$111,354.00",$543.36,University of Toronto,"Prof, Elec & Comp Eng & Dir, Biomed Eng",1998,3a5c7d514814fab8bdc1ba7e295657d698cdf3daccb5df945a59e654904018bc
Universities,"$104,064.60",$454.68,University of Toronto,Professor of English,1998,a79dc49b6417d7ed5d842ff86d6bf19ffc43a38f0ee09a7a6034bcf31bd5d3a7
Universities,"$104,548.02",$436.98,University of Toronto,Professor of English,1998,b424714fc87dff8fed3126215c41bcb1135f72a447553f06f3bcdd63d0062086
Universities,"$116,799.96",$570.06,University of Toronto,Professor of Education,1998,db7f760afb64e1ec054acdfe9cc2f15960681aee1d49b790bab52bd2cb06d61a
Universities,"$112,693.39",$428.94,University of Toronto,Professor of Law,1998,0e7e80cf4b61cf8381df4a0c941494c6fc558a2672857acaf5e2b9534d6246de
Universities,"$101,289.00",$625.50,University of Toronto,Professor & Chair of Slavic Lang & Lit,1998,eae1dde4aa2eb9314ce1c3a9017364a101ed94d078080909e07bb8654bac647e
Universities,"$179,208.96",$610.04,University of Toronto,Professor of Management,1998,217021b5ee8b9b8a27bdd6bc1f4233930097e83b7f512b7a25e133b8a47cd3ec
Universities,"$108,690.48",$373.82,University of Toronto,"Prof, Chemistry & Astra Chair in Org Syn",1998,c3cc6b8ae9fa7340119565fad1622d697b69b79d4eaf38325686a8cc1bf1840f
Universities,"$110,786.04",$658.56,University of Toronto,Professor of Computer & Electrical Eng,1998,00afadbafa6e383cf4d2f28eb327cc1b996aad5d6ff5b14f7b9bd81fc36f27a2
Universities,"$101,966.16",$475.86,University of Toronto,Professor of Biochemistry,1998,4d98b4a730cfdaef4a84dc55096c00347a0e161ed8cc596d77b457d664fe4ad7
Universities,"$116,374.98",$676.69,University of Toronto,"Prof French & Dir, Cent for Comp Lit",1998,96f1431d5d8eaf71f172e4efda1da0a19f784f4cccace4478c0a37569f881e24
Universities,"$112,949.04",$472.14,University of Toronto,Professor of Dentistry,1998,b167dece183c68b63c8bac73e001f301662d5d3cd61459c8f1698252da33ee3f
Universities,"$138,561.96",$435.00,University of Toronto,Prof & Chair of Health Administration,1998,e463d072137ac9eafb02126a6f59ca03af9617ee733832ca1c839af37f3cd864
Universities,"$107,922.00",$526.68,University of Toronto,Professor of Political Science,1998,cd293e4293d0a5c665f34cd56da7f5ea0c0dbd1681ca52b73d0125140c3b5dff
Universities,"$121,133.37",$312.18,University of Toronto,Professor of Anthropology,1998,7f7cdbee13e814b72c7cd2d9a2d64d919fe1661b7a2db815a2e0c2b7e3650da6
Universities,"$113,633.04",$554.52,University of Toronto,Professor of English,1998,1439fc48b397de861cc2bb47ee812225971dafc8bb0ea8572eacac6947d72e62
Universities,"$120,627.02",$458.28,University of Toronto,"Prof, Ed & Centre Head, Theory & Pol St",1998,37d86f58edc0d62f87961ec0a3d399f632cc2a903651a918c60f1dd586a9e0f1
Universities,"$121,850.36",$693.52,University of Toronto,Prof & Assoc Chair of Elec & Comp Eng,1998,95b7d31c1247a4293ceed2193eb8bb4491e3bc633444ec618dd7880cb5c82570
Universities,"$108,240.00",$300.90,University of Toronto,Professor of English,1998,036516d1722e9923333ce7eb9822acc0707b4fd1781f97763d2f29eb4a1ced8e
Universities,"$105,878.50",$659.98,University of Toronto,"Prof & Dir, Cent for Hist & Phil, S&T",1998,213094b90d5093f6a3da911d81a251825d868ff0819817b5fd12f613c6cc707c
Universities,"$119,662.02",$332.64,University of Toronto,Professor of Dentistry,1998,22165b31801fbf3f4d1e9b90fe487a8168987cfd91ab0ef620aed3d9815cb33a
Universities,"$109,718.58",$535.38,University of Toronto,Professor and Chair of Biochemistry,1998,a208ac155cc2cf5596234ca7b361c69f7c30ae3d58fa449d0f33383754a8fe38
Universities,"$107,495.42",$374.10,University of Toronto,Prof & Assoc Chair of Anat & Cell Biol,1998,4ea6926c57795f09b890b8cdcf52afab0f01bff775ffcd086f91818e31cd384b
Universities,"$120,351.48",$249.78,University of Toronto,Psychiatrist-in-Chief,1998,309963bf067e6f1c8a0f7c82b94bfe7bd6e0508c456c0f70b1eee0ed07ec4723
Universities,"$101,444.64",$495.00,University of Toronto,Professor of Astronomy,1998,d7b7d739e8611c745353d36caa3e940cf229dc38e0ce62afe865d3942bce6cb4
Universities,"$100,109.58",$621.42,University of Toronto,Professor of Dentistry,1998,97585735253f53fd6af50925b33cc8e34283a76292fb8f5e9e05184bf8c1a882
Universities,"$116,377.02",$677.94,University of Toronto,Prof of Education & Chair of Sociology,1998,1a7b16f1f861f27b24777504ce73721b99bfaa23b589a17edaba9db8b01a920a
Universities,"$107,915.96",$294.06,University of Toronto,Professor of Dentistry,1998,eb76c6702e37bc3aa3db40c14bdc12727dfb62adeee755943c23c6bb6247893d
Universities,"$117,507.00",$491.16,University of Toronto,"Prof of Psych & Associate Dean, Res Init",1998,bc07361e3ec95fe9f9f3b3d1bf87e72b7ca75e095c04dabc7c062f00e40fae35
Universities,"$104,853.00",$438.30,University of Toronto,Professor of Botany,1998,2e34bcf5172dcbde5878faf3c2d0d38747349415927514fd4c175504fbd0875d
Universities,"$105,771.96",$294.06,University of Toronto,Professor of Medicine,1998,008c4f5c53ca0742158d17a76c087a3e11c15348310ab488ac7c6232891e8562
Universities,"$106,645.02",$296.46,University of Toronto,Professor of Chemical Engineering,1998,a94192ce1ce6de35baab255d1b1e745b679be00407bb56640819cacd76c9f752
Universities,"$135,936.82",$307.14,University of Toronto,"Ex Dir, Dev, A&S & Assoc Cam Dir, U of T",1998,20d8e0adcc59006304b23cc3b3ed127e635d4db2294d5fe006575a431f042dc6
Universities,"$108,879.00",$455.10,University of Toronto,Professor of Law,1998,149359af232e67e493db644ef4bca8e580e5725e1757a1cdad602de45681198c
Universities,"$102,685.80",$429.24,University of Toronto,Professor of Law,1998,6f0db6f110657eb3af1c35237854798ead923f645c60a92639868f08ab605765
Universities,"$163,185.00",$610.04,University of Toronto,"Professor, Banting & Best, Med Res",1998,1152bb5e5151241209d1c5bb3126c73fb9a2ddffff8e0002b8239a2523f520f8
Universities,"$104,124.00",$508.20,University of Toronto,"Prof, Psych & Chair, Div of Life Sci",1998,40f21ed3b9f10339a35e016a8dc549db7d5ade190850746087f342195f005db5
Universities,"$116,943.96",$679.96,University of Toronto,Professor of Obstetrics & Gynaecology,1998,56757e09002e778cbd429cf743564ef6eacd74cf3d96ee5bde4d8215d5a1f574
Universities,"$129,915.68",$482.82,University of Toronto,"Prof & Assoc Chr, Undrgrd Stud of Soc",1998,85eeb19604865bd734ed873375e1fd44852ca97caa03296fa8385d84166e03f9
Universities,"$112,839.00",$665.70,University of Toronto,Professor of Political Science,1998,468b32e81f8b3064236ada461f43b943522dee6feaade110f05a0f085514ec22
Universities,"$103,822.68",$506.68,University of Toronto,"Prof, Banting & Best Dept of Med Res",1998,084c19d7ed84ae8dc7350296f80f769afe6037c719ab651fe0c09c245bd84c19
Universities,"$133,035.00",$522.48,University of Toronto,"Prof, History & Dean, Sch of Grad Stud",1998,56704e729655c15a3d52c28cd85b49f73b9f288cbd088df3a5fdba77450072bb
Universities,"$103,011.52",$473.46,University of Toronto,Director of Human Resources,1998,b66f5dba4043dcf40e11299285f11c1c1fbe56ba479b89d2e5d2b1642e146ec8
Universities,"$107,612.04",$647.52,University of Toronto,"Prof & Dir, Inst for Hum Dev, LC & Aging",1998,a3f6ddbac0cc970ec54a5a29091be4fe4a6eb334f62529f9fdc41bee424db276
Universities,"$108,297.00",$649.86,University of Toronto,Professor of Theoretical Astrophysics,1998,f8e35b0986cbe2da7f952f2eaa73a6740ab4e08534436aa7e1ac7791f6e19c9d
Universities,"$102,776.46",$630.66,University of Toronto,Professor of Education,1998,bea66863a167b3a2acc365b486db8930f34eaa1ca15432402eb718a86bc6f2a4
Universities,"$100,000.04",$86.88,University of Toronto,Professor of Management,1998,9566cc157940fc8064460d5f28f9d1cecaaca80a0825618cf2af1cc915dfb6f8
Universities,"$104,937.96",$291.72,University of Toronto,Professor of Social Work,1998,f859c1bf29bfb33eb52564cec23d3daa5da3c798d687a938bf2cf9749b938b21
Universities,"$103,306.80",$632.52,University of Toronto,Professor of Classics,1998,b399d9a4838b0bdef4f84559ef6bf60410e408fafb1c6fa3a5d72104e5bc869e
Universities,"$106,230.00",$642.72,University of Toronto,Professor of Dentistry,1998,71fa5effb4711f32d8477dacbe849df9402d0857dd6219d03b4e24aef3d391b8
Universities,"$116,979.00",$574.80,University of Toronto,"Prof, Economics & Dir, Inst for Pol An",1998,0f44ec278e0d1f020e5c41e40c56afedbfd7fa94486a5f1d95ece8bc3b8cbce3
Universities,"$106,156.98",$568.14,University of Toronto,Professor of Computer Science,1998,c046af91ff6fbb5a1ba3a4ff1d51cdbd41f65ca3d68102f6b8fbd8b5af6c93a5
Universities,"$104,926.00",$638.16,University of Toronto,Professor of Political Science,1998,15e734e911b27732ffc7e936447939db851158e7e4691d2dc6512295ba958c2c
Universities,"$108,555.96",$529.80,University of Toronto,Professor of Dentistry,1998,dbfede8029a2367f64c2e83bfd0d0dba6f96998c2bd7c9942c12929767c41db3
Universities,"$103,525.62",$360.26,University of Toronto,Prof of History & Phil of Science & Tech,1998,f5d41f185fd9f949ebaf30f7f0cfa44db332eea857328dcbe34ef40fa16d303c
Universities,"$161,654.98",$522.48,University of Toronto,"Prof, Mech Eng & Vice-Prov, Plan & Bud",1998,e667938a982083e5d96e0bc12931d8a3382437fa9575ade1ee5d26ccaaa008dd
Universities,"$107,146.54",$429.42,University of Toronto,Professor of French,1998,b6ea6e5eac9159d96a0bbd284d992547e539ec862eb65ca5ed4bb084ddf7f347
Universities,"$102,934.67",$455.94,University of Toronto,Professor of Chemistry,1998,38641a55501d45a6a712c780cdb64daeafa8870fd31f59c5ea4dcd4ee2e91d86
Universities,"$112,263.04",$386.16,University of Toronto,Professor of Dentistry,1998,e25bd980c3ba6041e54592cd176ad52aac86567ff7f09525250958b67f705ad0
Universities,"$108,835.00",$377.34,University of Toronto,Professor of Dentistry,1998,d676b610f64ec1b00dc8dd16ab6c91c7144baecfbf093e4d7628fa320a2f5d64
Universities,"$106,087.02",$642.24,University of Toronto,Professor of Mathematics,1998,f0abbd5301f574fec9a1081ccdc8ab207cb397793e86abc0711f6ee8f10802b4
Universities,"$100,847.00",$624.00,University of Toronto,Professor of Dentistry,1998,4e656428037b323b0800cd3dd476b14809239bc74db4543398c4f9a2000f1bb7
Universities,"$110,569.28","$6,494.00",University of Toronto,Professor of Management,1998,f454a2f7880704ca8e2055ce36264b6f3d423fe0f78bbcfd401a07d70147afe2
Universities,"$102,149.04",$556.98,University of Toronto,Professor and Associate Dean,1998,88bb53399947ac427899ea8b18996f6bc723815ae99d27dfbb934ad0ef7b8057
Universities,"$109,727.94",$395.18,University of Toronto,Professor of Management,1998,5657b3a227028bfa0771840e7ead74d7f15708b77608f1f3f7aac4bd752b7f94
Universities,"$117,879.97",$683.28,University of Toronto,Prof of Metallurgy & Materials Science,1998,a714e8903d6d2b5455efdeb79268a1e9676720a790bf309ad0ec42ec3af824e5
Universities,"$129,565.92","$8,328.99",University of Toronto,"Prof, Geology & Principal, Erindale Coll",1998,0f508edb97ce2cc16fdff220a9724c046f33d279faba3051b9d2553ba20831a0
Universities,"$109,264.00",$456.74,University of Toronto,Professor of English and Religion,1998,2862bc721cf3aa520dc3589fc802fb372aad514cdb399f63b84fd00c6071af31
Universities,"$109,776.00",$655.02,University of Toronto,Professor of Mech & Industrial Eng,1998,36d7a7de81c8b9e813a634a3d5643005460d62027b3f361f91d33918d536b323
Universities,"$147,982.60",$526.52,University of Toronto,Prof & Assoc Chr of Anthro & Foren Sci,1998,277b838cb88b4cfac6271a9ccde4b1b61669c4f9f210973c9caad3198f8197ca
Universities,"$130,016.96","$5,612.24",University of Toronto,Prof of Economics & Industrial Relations,1998,90b0722324ed5c151a5d5fdd1c6e20e0cc17da631bd3e4ef2535387c3fd607d7
Universities,"$123,342.96",$601.62,University of Toronto,Professor of French,1998,31c0643dbeda550cc1ec637603ec3bd0e7f19e136934c7920e94e3ac5455839d
Universities,"$105,712.02",$441.90,University of Toronto,Professor of Geology,1998,a188edbd71744f1b1bdab5b8b363b701b08225751e85cdc9cbe8c87ddbb8d74b
Universities,"$119,814.96",$690.00,University of Toronto,Professor of Sociology,1998,a516fb85d8d51b4bceccd5420c0c3e1bdc1e1894ea9ca24d6d2ec500ec6d19ba
Universities,"$102,287.64",$427.56,University of Toronto,Professor of Education,1998,e5a991536ec5eb830e26d123794f58e21206061f0cfe494bc0aee72de7ef928a
Universities,"$123,894.96",$342.48,University of Toronto,Prof of Ed & Assoc Dean of OISE/UT,1998,ef18985ed3a153e50599b050c6a9c8e41bed34418114a1c4cd5128f6b4234bc5
Universities,"$104,453.02",$509.70,University of Toronto,Professor of Chemistry and Physics,1998,2bf5a1b87ae34bc6e47b285b029da08af6d791d17bfbf3ea1499265de2843bb3
Universities,"$106,114.02",$378.02,University of Toronto,"Prof & A. Chr, Civ Eng & Dir, J.P. in Tr",1998,3df574bcbb41dd929f81f0cd3049c6114d69540aedd58d8ae7a8e6f4f7badb4b
Universities,"$105,685.52","$5,251.92",University of Toronto,Professor of Education,1998,4999e23899ee70b9edc2a8f4cc7a8e6e3abfbd43222bcc8ed895d76f8c757c73
Universities,"$127,397.04",$429.54,University of Toronto,Professor & Chair of Medical Biophysics,1998,d43275c2342f79753a1e2138d890e9626dd31826ee33e26bfe5549d614dae834
Universities,"$107,745.96",$299.52,University of Toronto,Professor of Mathematics,1998,e82036dfe22cfc03c748094b7531a37e6c32bbd515e3c668199b7b10ee7b4807
Universities,"$106,833.00",$371.76,University of Toronto,Professor of Chemical Engineering,1998,f4ecbebdabc78c055797179d45db31556de8789a63e3f641eb588f40043673bc
Universities,"$138,157.95",$592.10,University of Toronto,Professor of Management and Economics,1998,f14ad044037950a40f60c255f58c87274737128840f21fb7c2a5549cd1ea8210
Universities,"$104,005.50",$289.14,University of Toronto,Professor of Geography,1998,02cd0dd37b201c22a4c17299202a2cb50002770fa04d7d8965b7716c0d0701c1
Universities,"$102,690.00","$4,017.12",University of Toronto,Professor of Family & Community Medicine,1998,56d74347362e56af77e5cb34fb8bfcbb75252bcdeb2428e946dcbdfe0b735681
Universities,"$111,699.35",$294.36,University of Toronto,Professor of Management,1998,d347572fcad1bb0c47cfea890db7165eb039f8e93feca76015b8eb5b650c6c7a
Universities,"$114,749.00",$476.32,University of Toronto,Professor & Associate Dean of Dentistry,1998,ee753a02c048cbff36fbc46b59f01df38f9d4832dee75e85530c56705137d04e
Universities,"$130,219.08",$522.48,University of Toronto,Prof of Economics & Vice-Dean of SGS,1998,37966a2e46aef87988ff1d6c3de4e79484a3b6622232558bb90101e03d9dfe5d
Universities,"$136,504.98",$522.48,University of Toronto,Chief Librarian,1998,6b455779676a7016b2b4a29aba095f22923e19bd9e30336644c8c6f95477e24f
Universities,"$105,000.02",$203.36,University of Toronto,Professor of Management,1998,c0b0bc76e220f7bea098226b4069771a93c21d23e08a525f3f469918a1ae4af4
Universities,"$103,608.62",$737.00,University of Toronto,"Prof, Banting & Best Dept of Med Res",1998,71c2cf2207c804a7517218857a3fd05c2b77cf383a56ded120ac23087f30472c
Universities,"$122,999.97",$600.32,University of Toronto,Professor of History,1998,a599a1b03459709123ec5a849b22d368842b5cb9804455c1b1a93cd85e635719
Universities,"$108,673.02",$651.24,University of Toronto,Professor of Psychology,1998,5bf21da833ce5efdab2900bcd1dc5a949a7385ef461e139e1ff00de380c66963
Universities,"$140,285.46",$610.04,University of Toronto,Professor and Chair of Chemistry,1998,68c7691c0ad43366b19736c601272e83e745134139187d9235896d6f386dd702
Universities,"$117,921.96",$327.84,University of Toronto,Professor of Zoology,1998,8f5e55dae64eabc73f803471a41f3f104ad5cd5512801d99376ebd66ace21fa0
Universities,"$113,178.00",$552.30,University of Toronto,Professor of Economics,1998,570abd578ec6ab346bbe86cf2c23320566c78d0532065726f65528783d1ce0e4
Universities,"$164,905.44",$610.04,University of Toronto,"Prof, Soc Work & VP, Res & Internat Rel",1998,7fe2011d28e608484685b39e2033eac616d4a43328511c45dbc618397f7b521a
Universities,"$107,086.04",$365.76,University of Toronto,"Assistant VP, Technology Transfer",1998,e1c9679119053fb191ee2df4e98b37e15f0a41483d8ee9334f228b4da25fef29
Universities,"$172,077.00",$620.52,University of Toronto,Professor of Lab. Med & Pathobiology,1998,f2fa21610a527949ab34728214ff27aeb240d5633128c4c3e250ba6f2eef0916
Universities,"$108,870.48",$531.28,University of Toronto,Professor of Medicine,1998,e199cf8df57500012fd8664bbf46c8b4ae7699eaef5201b87f60a4d20dd07d94
Universities,"$114,012.00",$476.58,University of Toronto,Professor of Computer Science,1998,4494ea97f262e97a6a505331ab4f71136ac9fff451667b8105103f245a4c2306
Universities,"$107,992.96",$429.64,University of Toronto,Professor of Pharmacology,1998,a5c4cff003d88866af9b10f831fc802a1a68ec6620026af6420b84f0a09c1bbc
Universities,"$108,618.96",$651.06,University of Toronto,"Assistant VP, Student Affairs",1998,e78f250b523013f8ba1b74d55ad4469aeb72aa378c6eff6021b5e836fd764b44
Universities,"$102,632.03",$604.80,University of Toronto,Professor of Mechanical & Industrial Eng,1998,b4aa88944ca65f55e7281602b6f1470383d13a52cfcc0d1fdb0791d824e8ef05
Universities,"$103,172.52",$431.26,University of Toronto,Professor of Philosophy,1998,e889117046683f22d6e50b3999069b6049618136fda8f37469bdbfb4afcfbbe7
Universities,"$110,459.04",$539.04,University of Toronto,Professor of Education,1998,f6605775f4d9cd18114ef284f146163bead1028ff47e777a0ed72d68d5864014
Universities,"$119,181.00",$498.18,University of Toronto,Professor of Geology,1998,ec13424e652fdcf129fee1172c5153b0fd9c991712776d91e9f39ff48e753d14
Universities,"$111,816.96",$662.12,University of Toronto,Professor & Assoc Dir of Biomedical Eng,1998,a34babd856aa01c096e5ca529139284dd11974d0ee302ce71927c853ba6edea0
Universities,"$121,178.76",$581.62,University of Toronto,Prof of Religion & Dir of Jewish Studies,1998,959f1faf8ea675bb6787d48193cebb7f8a21f477352795ee0b9bbe24058842cd
Universities,"$114,830.04",$672.60,University of Toronto,Professor of Pharmacy,1998,cfafeedc1b6848633488c4aa15f0418faeedf3f3961c7319db4c5adb0517864e
Universities,"$101,090.04",$554.04,University of Toronto,Professor of Zoology,1998,3014d2e0b5b4bef9203891f867511c02de6f30d94bbc1e17e25b00e29c26984b
Universities,"$104,385.00",$829.02,University of Toronto,Professor of Physics,1998,d52366b4f84c464a24a57ed92caabdae22b7a749e0cac4e41eb0c3d4b6d890c8
Universities,"$116,321.04",$567.66,University of Toronto,Professor and Chair of Pharmacology,1998,8b1039ed0f5a32d76a9e4e4a42dddc30f882886ecaeaec0688a26bc7d3249aa5
Universities,"$133,544.50",$347.52,University of Toronto,"Assistant VP, Operations & Services",1998,e07b610550c92929cbf699202218c06a607bcae9cb2d074afbd86eddefa55ba0
Universities,"$102,713.98",$450.24,University of Toronto,Professor of French,1998,5155f0752624584fda5c6b99e966111c3d661a6d2922e43a2351f15777cd72dc
Universities,"$123,548.00",$677.76,University of Toronto,Professor of Education,1998,374bc3e80c42284d8bb1f4a3089ca9e5ebabf6556031142d2b159eb5e96264e9
Universities,"$118,494.00",$436.78,University of Toronto,Professor of Industrial Relations,1998,e3b29944c4e59487de5c313ff0fa821b0679a1e38668a6f9a8c99a653e7dc369
Universities,"$107,932.49",$307.46,University of Toronto,"Prof, French & Assoc Dean, Hum, A&S",1998,6e01efeb06df3bff98850ca793d31bc1a81f8610c14f12f5e8623bed76ce5a2a
Universities,"$133,133.02",$606.74,University of Toronto,"Prof of Zoology & Vice Provost, Students",1998,cef7ccf2286325ff89ba6893b2698fb053e3f4109388876920a1335a2a5a60d4
Universities,"$103,903.02",$527.46,University of Toronto,Professor of Physiology,1998,9fb110f56094678986382a1e0a675fb224544bdca78d2a67b1f6be4e3ad796bd
Universities,"$115,625.50",$656.20,University of Toronto,Professor of Education,1998,3f533d9686ca72aa2b814cc9c8b0d3e50d91277750407830d91cd0b2dd63d48f
Universities,"$108,827.98",$487.98,University of Toronto,Professor of Sociology,1998,99cd0bbe67e123cf385cb25952197973243d1a9c61d1b910aafee0518acb0026
Universities,"$109,886.04",$536.28,University of Toronto,Professor of Religion,1998,8baf5b4d10241f9e4af27d5c4a873afc9b2899479127c411a7d6520a93bd8c6f
Universities,"$103,834.07",$554.16,University of Toronto,Professor of Chemistry,1998,6d5c3481e0fb9824f965f19b45d11db456307a48a4a70f024c1a6dbc7f915768
Universities,"$101,754.48",$354.12,University of Toronto,Professor of Civil Engineering,1998,152cb03bc09cc2b0943721391c528c27f68fbaad93d99fa4605482c744f8009d
Universities,"$180,929.04",$610.04,University of Toronto,Professor of Biochemistry,1998,563a548768a6c0cff3ea60cc46f8f6bbb32ab7b6e9528a054903184dd7c3750e
Universities,"$109,653.00",$304.86,University of Toronto,Professor of Pharmacy,1998,dd2674d1db5b3118ed0da8baa06b139d7af5b0119742c36e93af3389683021a0
Universities,"$113,351.04",$315.12,University of Toronto,Professor of Chemical Engineering,1998,0d33bb9ca20956b6a25fe823f8f573730d0ec75e5188c2f9866c87c6626bd5cd
Universities,"$107,586.96",$449.70,University of Toronto,Professor of Electrical and Comp Eng,1998,ae61ec679066553ca0c0e6afe4e300860ef8fc3e75f9bc46b65f7662ff2a72df
Universities,"$100,395.00",$489.90,University of Toronto,Professor of English,1998,13178241a1be5dd704ce4f720b863b85608433f22936535571c8b15cb0c617d3
Universities,"$107,939.00",$300.06,University of Toronto,Professor of French and Chair of French,1998,8935c4780d5c23dfbe5a48b5d492101734b51b350605f7d889ef4cc8e987243e
Universities,"$106,300.00",$475.68,University of Toronto,Professor of English,1998,0dabe146a664532dc795117cd477ca8412d5f506b64889555a3892c769c97a23
Universities,"$174,915.96","$5,360.00",University of Toronto,Professor of Management and Economics,1998,43b5591f1adb0d610fd120beb6537bfce0e05d2a955d4ecd7b3d9f1dd3f6cfb5
Universities,"$116,223.08",$289.08,University of Toronto,"Sr Tutor of Ed & Principal, U of T Sch",1998,87a684dd08496f6ca74bd8099a53b9c95156c2c362aa271d14bfadd67f2a0ca5
Universities,"$113,376.00",$553.32,University of Toronto,Professor of Music,1998,e316cf8ea6e927d20616e4788ae2eaf98316e85f71c7b46edaf304d8473e6e57
Universities,"$129,661.02",$610.04,University of Toronto,University Professor of Physics,1998,d5ea8b5ee2382bca1e0dd5c3ded3c3cbc4a064e4df27768b3604cb83f259dbf1
Universities,"$112,831.96",$410.16,University of Toronto,Professor of Astronomy,1998,f49ec9fffa3c8331e2ec0cd61410c5ce5f06d3c3ebc1835ed724a17ea3ac2ab2
Universities,"$116,275.01",$486.03,University of Toronto,Professor of Pharmacy,1998,7204a5ad6c78928baf9a85f64517d449180d019d8158dccb250f64a6b0645fd9
Universities,"$134,941.02",$610.04,University of Toronto,Prof of French & Principal of Univ Coll,1998,676c6cb8784f2b179616105bf038ee79a1de17d9453beaee50563d89c5a2d491
Universities,"$113,944.98",$556.10,University of Toronto,Professor of Physics,1998,43aa507f89d95f2882b56ae349413802233318a2b9cf55695061dae8638049f7
Universities,"$100,530.18",$279.48,University of Toronto,Professor of Economics,1998,beca6a0ea7ca50da1215bd9cdfa7ff1732fa2547b20fb1d5367892dd2106e1a0
Universities,"$125,867.87",$324.30,University of Toronto,"Director of Admin, U of T at Scarborough",1998,91b34277538138434bad66e5be6307a9895608f48b90f4a85134d188fa013176
Universities,"$148,632.64","$1,041.54",University of Toronto,Professor and Chair of Medicine,1998,79856b9206a12df341f753dbe0d1fcb7aa4791781bc696533330a59e83144cc3
Universities,"$105,874.50",$567.36,University of Toronto,"Prof & Assoc Chr, Anthrop/Undrgrd Coord",1998,9f0bc079c6a5ca3f3d1e0eb0661f84dfa895ed4c5f2fc9ec4e4c385f32fac8da
Universities,"$102,930.00",$502.29,University of Toronto,Comptroller,1998,b41d73bac5b2087671a5b6f6e3d08c9e3f8ebdda71785e3c7b4ff0f70e34c61d
Universities,"$110,920.08",$308.34,University of Toronto,"Prof of Dentistry, Dir of Biomaterials",1998,eaf66825abfcad1af1ef1ff6a2a0692cfc07b1182ceb9ca22612d35875318774
Universities,"$134,654.04",$347.52,University of Toronto,Professor of Economics,1998,f555dfc42c8f85ab8e938534f15d419205cfd4675afbf01267e25f57ef70c36d
Universities,"$113,210.04",$314.76,University of Toronto,Univ Prof of Chemistry & Polanyi Chair,1998,3f008fa9cea3a3912c5ef01bc362ee53ecfc2fab46531f41202d860c969c2417
Universities,"$108,414.00",$453.22,University of Toronto,Professor of Zoology,1998,9eb2566dc6d9f3d76a14bc8a8b773a39f2a82b74cfcca931753225c2fdbf1b0b
Universities,"$105,300.96",$440.18,University of Toronto,Professor of Mechanical & Industrial Eng,1998,f1e32ab5063721d16409aa1b159aaa1d9b8d251e4993dd6d384ecc2873c12def
Universities,"$104,550.92",$436.26,University of Toronto,Professor of Medicine,1998,68d6edf527ca42e4eecbd224c93294c28b6a49c6f963aabba006c5845d4929df
Universities,"$101,602.50",$495.84,University of Toronto,Professor of Chemistry,1998,66bb5412a9790fb562d67d459791ff918e4a2333daa9292d28ef1df713cb2fdd
Universities,"$109,372.85",$214.38,University of Toronto,Senior Tutor of Management,1998,aae98149300158f0aac5e4d8ebb1aa296d6c2505e4b16267bbe01f6348766958
Universities,"$224,907.27","$14,844.00",University of Toronto,"Prof, Law & President, Univ of Toronto",1998,8c10bd5e1273015daf156ce0eb7bac708dc9ba394d011c74013a73c08569886f
Universities,"$101,055.96",$280.92,University of Toronto,"Prof & Undrgrd Coord, East Asian Studies",1998,0f7357f124f3c458b48e49b06b03fd31610b21f09d02fccb55d320e8fcac7f79
Universities,"$126,861.00",$347.52,University of Toronto,Prof & Dean of the Faculty of Nursing,1998,a90b6258292699ef94c501c88f7d926ce0dd44e8cc7b2f5f7f02af784c94829b
Universities,"$104,781.14",$566.34,University of Toronto,Professor of History,1998,ab70c4cec826347ff83cede089066356d009dcaada9929af63b9527a09a7f7a0
Universities,"$101,346.48",$494.58,University of Toronto,Professor of Public Health Sciences,1998,f437f8fd1ae1c56a6c372b2791a14f0c772da3b362cc372046ef621a65aeb76b
Universities,"$108,453.00",$529.28,University of Toronto,Professor of Mathematics,1998,b433b9c28ce05e6b39a3553f99a15abc94754360733a6390fb16f0465b093451
Universities,"$104,371.98",$541.41,University of Toronto,Professor of English,1998,44cba85be3cbcb05689cf6a671013a71b6f436f07de1354efd7e24e3968a16f7
Universities,"$106,804.14",$296.94,University of Toronto,Professor and Chair of Linguistics,1998,991c91d300dd57ae3e8739b44c45dceeb4967f1fed4ddc713754733f808cce34
Universities,"$111,779.74",$286.02,University of Toronto,"Prof, Economics & Dir, Cent for Ind Rel",1998,c6da63e1999168796314bf47bf72c2ef4b5f508c2d231a4bf056a715c1f01e24
Universities,"$110,250.96",$538.02,University of Toronto,Prof & Assoc Dir of Aerospace Studies,1998,4e21e49b051a51b6eee03c2c7f72188e5e127af785a2844e70438ec52fa29d55
Universities,"$113,964.00",$316.82,University of Toronto,Professor and Chair of Statistics,1998,7a7c2bf8ecbd9afd4e8a189250098b1de443090ec55edff40a191123ddb5cae9
Universities,"$122,661.00",$340.98,University of Toronto,Professor of Computer Science,1998,b3fc208f2e541173e785be2714c2f858cf299c1bb373f98693f899b663bcaaa6
Universities,"$100,600.84",$379.78,University of Toronto,Professor of Sociology,1998,a447294733662b9c6c6d93bda9d7508e1ebadd4b0baff93a8bb15615100fea6f
Universities,"$109,193.46",$456.44,University of Toronto,Prof of Geography & Chair of Social Sci,1998,a925d3518e5dcd45c58679f86f52a883b2d157b5edddc807bab55cf490f89b2c
Universities,"$147,182.04",$347.52,University of Toronto,Professor of Public Health Sciences,1998,2c7e4253e8a5e2be49d437c54be492944d441e54555adc2326b0a37431f055b4
Universities,"$118,415.02",$329.16,University of Toronto,"Med Director & Prof, Phys Ed & Health",1998,ee7096b0df8a3a80070d7e41fd864c5141b08ab3dac9a3f7d0df589a404af80c
Universities,"$147,449.94",$708.00,University of Toronto,"Prof & Dean, Fac of Arch, Ldscpe & Des",1998,ab52ee61e4c5e1be0a49fe431cfe3eb65adf34874de9827c220c4bfcb1b6d770
Universities,"$112,967.04",$666.18,University of Toronto,Professor of Religion,1998,11a980e067d6122c982f766147e09f7d1676b74c1a4ec56c50d0e1281c18d9f1
Universities,"$108,513.96",$574.68,University of Toronto,Professor of English,1998,c026aa82fe163571856dd1a4f1f976314d4ef11eb0f6cb2336a93b35b0715092
Universities,"$106,701.49",$515.82,University of Toronto,Professor of Zoology,1998,12297285cf65001acea55d554a74df202703522ad922ef1cb081972e77f2c447
Universities,"$196,050.96",$610.04,University of Toronto,"Prof & Chair, Obstetrics & Gynaecology",1998,0c671eeaf7c765f309d8f6a7bd63e1bc227bdae366972394feef9d45be1f6124
Universities,"$109,079.94",$379.56,University of Toronto,Professor and Chair of Classics,1998,13a757b2ee8a872494a681fbb0c1768f85397df30ab0bf09163f9d876c11dab0
Universities,"$112,047.96",$468.36,University of Toronto,Professor of Philosophy,1998,034f7a40571db86416bec904d2d371bc90f0f324db98bf3e1cb8daa0af3ed537
Universities,"$101,491.50",$353.22,University of Toronto,Professor of Geography,1998,93fb0862a5c1e045fe9e275fe6b718b9cb20fa098b06e31d2b75c55223004794
Universities,"$100,211.82",$278.58,University of Toronto,Professor of Public Health Sciences,1998,27761e29b55c14d6c242a45c1aea9f57462e346c7474c7f2486a0c5d1de7af48
Universities,"$110,874.85",$308.19,University of Toronto,"Prof, Span & Port & Vice-Dean, Arts/Sci",1998,39d1a10784b54d887e71b22ef022354c0d6861bd90762e15464c64c61a22779f
Universities,"$109,675.46",$274.32,University of Toronto,"Prof, Ed & Head, Trent Valley Field Cent",1998,45403f4a0749d4d43dc3fde444124c9df7d242ccb49457d44d42922bbf2ae05a
Universities,"$113,694.00",$475.26,University of Toronto,"Prof, Medicine & Chair, 3-yr Rev Comm",1998,3b792c59d3e211a26f92a00973dcb6bc6b47a1a72622ccffe48c7660f2320d31
Universities,"$177,096.24",$610.04,University of Toronto,"Prof & Chair, Family & Comm. Medicine",1998,e5658c87cf3b39ef4d17c8f9531ea9593fbb4f131ad011272cba982bbc4f49df
Universities,"$114,589.72",$508.92,University of Toronto,Professor of Dentistry,1998,33884506ccbedc7ef3d491a5431ce5da03cf172395798dea5af50b394804cd41
Universities,"$119,236.42",$428.07,University of Toronto,Prof & Director of the Commerce Program,1998,9a8bf96557ccf8b710d6748a4ec91cc6567350cf8ffa3123e10b8768994c80d8
Universities,"$128,020.54",$690.78,University of Toronto,Professor of Medicine,1998,a745ad4bd8483c08473cb858ff17db43447eab744967a7ababf1389710b25e2e
Universities,"$106,951.48",$288.08,University of Toronto,Professor of Classics & VP (Academic),1998,bc8b7a0d28a95b36d25e8b82c96a53bca3932b80baade0379c36ccdd1773b13e
Universities,"$115,159.02",$612.06,University of Toronto,Professor of Political Science,1998,e4053973fb6c3b282893fa3e5725cf4a86ae0e4c9e114745f78fb1bdeeb1213f
Universities,"$104,949.00",$512.16,University of Toronto,Professor of History,1998,939fe279f13f760397e77970c22f5e2cddcf497568930543c9f63d38124dc2d2
Universities,"$159,156.96",$610.04,University of Toronto,Prof & Chair of Med Genetics & Microbio,1998,26d24598b4e3762e31a02a8f17d84234f1097dbc73ff61219d2dfd26d464701e
Universities,"$134,178.66",$610.04,University of Toronto,Professor of Electrical & Computer Eng,1998,a2b012021c04297ff60c095f02936d7eaf8a775fc5b6cac2ce89c4ee673626de
Universities,"$104,089.50",$507.96,University of Toronto,Professor of Education,1998,4bf411113e64fca25f67c77710d6085c47c3e54fcac28fc9a19b484c52856a61
Universities,"$114,650.00",$311.70,University of Toronto,Professor of Family & Comm Medicine,1998,b70851588d124be36a56ae92114a292f0d3cf1a342ba0d016c29c7ba794d553f
Universities,"$100,810.44",$931.44,University of Toronto,Professor of Psychology,1998,c105cf092170a478de62faf5117effa5f6c9a66324637d4c660123019765cfc2
Universities,"$109,791.00",$535.74,University of Toronto,Prof of Banting & Best Dept of Med Res,1998,260c767c11dbd7808e569bb9667df1c1738d7ed3ac5cf14596ddeb1e4f8e0d94
Universities,"$100,344.76",$272.04,University of Toronto,Professor of Dentistry,1998,8aa47bfefa734551271b4f987db548f596c869e26c67f83cddc2eada455a4263
Universities,"$104,360.98",$653.12,University of Toronto,Professor of Psychology,1998,8647aed1ee01b7ff904d2c7b6e0c0270525b2c4602ab42bb76e50289cbb47f80
Universities,"$104,151.00",$562.56,University of Toronto,Professor of Geology,1998,688e0484704bbe8c7d220ed368c68b8dd95572c027bdda8fa99eed74b713f440
Universities,"$118,374.00",$684.96,University of Toronto,"Prof, Geology & Dr. B.K. Chair, Ore Gen",1998,9bdeae5e84300d68bbf7c3d541f599975c41b206edf1e98b165baafaa360bba8
Universities,"$114,026.04","$2,156.22",University of Toronto,Professor and Chair of Astronomy,1998,4cfb86b8e3c7b66a1eaf316b1d581c2415a9624568d8b0dc4a04619cacb93de2
Universities,"$206,331.98",$708.00,University of Toronto,Prof of Electrical Eng & VP & Provost,1998,1646b7c47db92db3fd8801abc0604a4a98891b6b9c8989b23e4e5af9b1e30f7c
Universities,"$126,231.96",$521.30,University of Toronto,Professor of Pharmacology,1998,887ab7b46e0f94960e6b09e960129f5b7a236a2a6884de7a5dca539addb908f3
Universities,"$114,373.20",$558.00,University of Toronto,Professor of Chemical Engineering,1998,25b9315d96b4e4bcdba09c8f39b9a522673cd74a96f7a29bb71cf25ecdcdac92
Universities,"$100,937.52",$351.30,University of Toronto,"Prof & Assoc Chair, Ger. & Undrgrd Coord",1998,3282864ee69803f4ba0cde967606a91a08ad71e11b4051e6b12b84d262b1cc5f
Universities,"$139,054.00",$610.04,University of Toronto,Professor of Pharmacology,1998,8683ae2fd30865a22a19ba097e0dd4afbb0bbb66ed5bf15e8d78e06ceb6b94f0
Universities,"$181,870.98",$347.52,University of Toronto,Prof & Dean of the Faculty of Dentistry,1998,46d1b13c4f3217f2d73ff0a03a138d144ac0f880db4fcc2756c2b16057c379c3
Universities,"$127,030.02",$521.52,University of Toronto,Professor of Computer Science,1998,594cdb0609ffd871cb6a2f4f2c3eae5f94a3091834340f35f4908be50175d5a0
Universities,"$142,120.98",$708.00,University of Toronto,Professor of Public Health Sciences,1998,b957e94c39cfcbb2951f40f6fcc456f76f0d38df0f71f5e606ef1ba08e67a14a
Universities,"$101,061.20",$613.20,University of Toronto,Professor of Mathematics,1998,feb55efcba0ddf73828b0dbb1d308a5ee618c0c5d98511782d3afc9641551e4e
Universities,"$115,820.00","$2,301.66",University of Toronto,Professor of English,1998,5cfe1d394153e3eaf8031c001780f96cdc4e12e10866a45ca037f46e4fb4d9e7
Universities,"$108,312.96",$452.76,University of Toronto,Professor of Fine Art,1998,3da211ca8b99b42d1ef3fa35235334bbfc208a8f1db8db76a67061736dabef0a
Universities,"$113,475.00",$553.74,University of Toronto,"Prof, Crim & Socio & Dir, Cent of Crim",1998,be840a20211f338e9e0f57122f5233bcc314d74d8bf1e5135478defc667203ac
Universities,"$111,601.68","$6,264.00",University of Toronto,"Prof & Dean, Faculty of Social Work",1998,95eeef9e491adbd8eb0712ee59eb05e6b73e29b80d24d4b57e2fa19f50e58045
Universities,"$103,296.16",$640.48,University of Toronto,Professor of Psychology,1998,cff826ed5790f6c83507a925df6d3d1ade83e291e35c2c90a26924b78f955a21
Universities,"$128,149.00",$522.48,University of Toronto,Professor of Obstetrics & Gynaecology,1998,da18046ed89e053b5915c8e36af0c5a2dbe75ba456a1f4d68aae94c91aac9b72
Universities,"$114,137.04",$477.12,University of Toronto,"Prof, Hist, F&C Med & H. Prof Hist-Med",1998,ea9f889b4c960f959ee73a2f55e385ea4e503e15747de8041b9a65c3018383af
Universities,"$106,671.00",$296.52,University of Toronto,Professor of Immunology,1998,11cf5ef1518c410518333578d92f1889c76d28015a98bb3d11fab5f6017e00cf
Universities,"$202,253.98",$610.04,University of Toronto,Professor of Medicine,1998,a6f419272d87c418d615665d57030347ee6baf01b9b108af0e23e847c4f2d859
Universities,"$103,817.50",$257.40,University of Toronto,"CFO, Faculty of Arts and Science",1998,7d3a98f9c13487147506c288e644c73c6b3e70ec4f2a226b8eb499e8b31383bb
Universities,"$103,065.00",$430.86,University of Toronto,Director of Computing & Networking Svcs,1998,a0ce438b3b25e88df9a4adeaada6758529cdef650c1c7cba8a850e888eaba04d
Universities,"$131,113.98",$347.52,University of Toronto,Univ Prof & Acting Chair of Mathematics,1998,25729e288982814a6ab4d0584d18b768b50e6d20afa2b72ebed6b3fdf610a316
Universities,"$101,593.10",$345.54,University of Toronto,Professor of Dentistry,1998,d78a35fe39c48ab06b7c5a79c926e81f74809baad70e65b5f8e3666f5660cae4
Universities,"$100,569.98",$639.18,University of Toronto,Professor of Political Science,1998,1bc6e150a126cba85ef7fdedd83316fe862a79d3720ee952503132afb475975d
Universities,"$102,333.96",$499.38,University of Toronto,Professor of Microbiology,1998,c9b62bbd93816cb1e04e212c82d93817fff4834c68f6020f810e8c2fd9972dd4
Universities,"$140,352.12",$708.00,University of Toronto,"Prof, Medicine & Dir, Instit of Med Sci",1998,d2754903190fcf4cb2cd9fabbcd7f09cc930843a3ef09b24a8b07b387e10963b
Universities,"$100,587.00",$490.90,University of Toronto,Professor of Education,1998,76ecaf84b9479e2492acd219396b455fb173304dfd04b8511f16905420f0b815
Universities,"$109,950.96",$459.62,University of Toronto,Professor of Sociology,1998,113eeddffa60c7ce7bf633cf02adf1684948d85008992a0217eec259cb5e06f8
Universities,"$104,514.16",$290.54,University of Toronto,Professor and Chair of Physics,1998,f769f9018c9c8dfd3645b5097586d4c591a45c312b2b15428230d99bb8eb60cf
Universities,"$120,424.69",$469.54,University of Toronto,Professor of Economics,1998,37c29fbc72cc1c2f7ab7c1aa7d56d779be216f0fe9fcfe69d14543107681ff9f
Universities,"$100,695.54",$350.46,University of Toronto,Prof & Assoc Chair of Graduate Studies,1998,c5807cc7e7cb3c39d751d82b49a1718d27e44f1052b55efc1484effd90fcf8eb
Universities,"$105,490.50",$362.04,University of Toronto,Dir of Campus Facilities and Planning,1998,7067d68dc7e02c7bde30e43e285132a1d855e33c6e06cd1f63ff7c63d0d089de
Universities,"$107,534.96",$285.00,University of Toronto,Assistant Provost,1998,19a69c086fac31ca77f26ac37266a467be6fa448c957415d384cf68e78c26fb6
Universities,"$144,390.54",$610.04,University of Toronto,"Prof, Chr, P.H.S. & A Chr, Comm Hlth",1998,6880fe74acdce74d5769dfb15ad95bfa4d32021dad9596b90f489660d04121eb
Universities,"$111,960.00",$546.36,University of Toronto,Professor of Education,1998,2432b76deb8a0e1f4213135f4d4130d39f0900d59c0870218ba0db21cbd6e472
Universities,"$147,000.00",$522.48,University of Toronto,Professor of Paediatrics,1998,7700bc98661b76360d905b8f362b0d38fda4a43ac2a9fc8c9b78af0fd7c56ad9
Universities,"$103,130.64",$503.34,University of Toronto,Professor of Management,1998,9e997116724436f4b16115d6f0e1a6afa2da0d36cb40322a61650f4bced75dbb
Universities,"$110,073.00",$460.08,University of Toronto,Professor of Zoology,1998,7f1de412081ddd89ed386a6ea6c6506279122d301cb5cbc2d2f4b4b4cf0c4e9a
Universities,"$101,744.52",$496.50,University of Toronto,Professor of Psychology,1998,423e4f56ca42b7395cf9ec5d0657535e6f251761baf1c4b825e6894cb52ced6b
Universities,"$115,806.52",$347.04,University of Toronto,Professor of Electrical & Computer Eng,1998,92bc511210dfe14f1b5cdc13b318dfc4ceb416a5ba0cb49c9985d569ad7d7d4f
Universities,"$105,431.58",$455.98,University of Toronto,Professor of History,1998,ee000086fdc71a0baf01df2847f3c19fe078517719383058a02eea6e1ccc5b63
Universities,"$114,687.00",$390.18,University of Toronto,Professor of Family & Community Medicine,1998,d41366ab0eb75c9748468d52273ef713d72ac19ddc6109a6441c997c01d35219
Universities,"$128,957.04",$620.52,University of Toronto,Professor of Civil Engineering,1998,2d452c5c6fb460c3670d33ebb76320ae1a2b90a06d311fd2a7b26d08b6677985
Universities,"$116,794.98",$597.72,University of Toronto,Professor of Dentistry,1998,d46712599bc46f5d14ba81320d95e5447faf6b5549eb76abbeca535e95424eea
Universities,"$131,870.10",$708.00,University of Toronto,Professor of Medicine,1998,7819a5c3a13838f80a18950bc8b911b9367b6bfa2fcae7ad45c1b5bc9bd1b9ad
Universities,"$100,430.46",$349.50,University of Toronto,Professor of English,1998,f5ceae801e4212eb3efac61fa3a482e3810586786f461e128a41e49c2eb88bfa
Universities,"$110,482.02",$424.78,University of Toronto,Professor of Political Science,1998,4767151b8e01962e8babab5ef419944478e6de7e218c7820134e9811e378ec79
Universities,"$102,530.10",$285.06,University of Toronto,Professor & Assoc Chair of Psychology,1998,4676503654c1376c984f437c3aa5c788bc2c09848ae451bd31163ba4102e3589
Universities,"$102,489.72",$284.94,University of Toronto,"Prof, Pharmacology & Dir, Teaching Labs",1998,a906ee7602fe107002ab6e83aacaca9d9c6cbb5dc1a2bc2ba27e470e28201bea
Universities,"$120,797.04",$414.08,University of Toronto,"Prof & Chair, Speech-Language Pathology",1998,4b0875f3b5d285074dd9ec2c14d0b31f713a1df4460daab6670cc584b4b2cbbc
Universities,"$133,558.02",$610.04,University of Toronto,Professor of Statistics,1998,0ca0aebb5f96e57d57d457275e1855ceb1daec0cf4a23ad8541624f9014e8b3c
Universities,"$103,291.74",$560.16,University of Toronto,Professor of Aerospace Studies,1998,70c990a17c94ece9c846e3c030194b340f92efc36b61a6bf12d694bb5271a0b8
Universities,"$118,806.98",$316.38,University of Toronto,Professor of Education,1998,a18d7e8a5ae5d64203e5bbaee20fe2fcf82dcd45209b5bca57e129bcb77ee37d
Universities,"$103,525.50",$396.44,University of Toronto,Senior Tutor in Management,1998,39735d52262188fb2feea80eb096963754a7ad66f8b9e0cea5efe8ddca1e6bf8
Universities,"$137,941.02",$435.00,University of Toronto,"Univ Prof/Assoc Chr, P.S. & H. Prof, CMN",1998,85c57c34aff81fc15c62e432a166312a7459602f1a164ad698bf2e2ec14fe565
Universities,"$111,498.48",$661.00,University of Toronto,Professor of Medicine,1998,6950b48449aa39680e99029b87ba1c9795b05a5167a337cc9706087ef6a8b730
Universities,"$104,554.02",$437.10,University of Toronto,Professor of Chemistry with Admin Duties,1998,e444b1e26dfcf0e6947bde71a0a493dbb22eb427b3146ec4562f861901ab2210
Universities,"$103,174.38",$559.80,University of Toronto,Professor of Political Science,1998,7d499569312ab73a6b3421ccecf03fdce5f810eae77e78d8efaefa384eec57ec
Universities,"$101,406.96",$352.86,University of Toronto,Professor of Slavic Languages & Lit,1998,b6d7a2614ba4b28078db784f538917a6a3c254c9f8e41450c28fed4c6c875078
Universities,"$106,778.04","$3,734.28",University of Toronto,Prof of Aerospace Stud with Admin Duties,1998,406b2301883bfe29c19d14e536b0222f142cfcd2c73c4e4b80db4433e3ea9a1f
Universities,"$117,870.00",$554.70,University of Toronto,Professor of Philosophy,1998,7bd16cf0e1697bbd1a2971487a6c35369987e3243dd96f4f8b1d5f448c53e31f
Universities,"$100,017.66",$278.04,University of Toronto,Professor of Physiology,1998,85f0dd0af302e447a6bf543eca177f08685677042c733a0c191bb58fb2a4e02f
Universities,"$103,672.50",$288.18,University of Toronto,Professor of Education,1998,dceb69e910cdf48306835d8e6fff1ffb91ee1c837f79ad9a0451c4a9ace7043e
Universities,"$115,303.36",$373.02,University of Toronto,Registrar & Dir of Admissions & Awards,1998,73516cd472b14f934440d1bfa8f4841030ca1431cbc87ba378a414465503a80b
Universities,"$109,666.64",$213.12,University of Toronto,Professor of Physics,1998,cd1f1aae03fa21ca65cb64ffc9386c9c9bd5c38bd0fdbc9247051ee745072b27
Universities,"$101,064.00",$290.40,University of Toronto,Professor of Mathematics,1998,c5eda0616628b97d0f600f5993c56ae205dda709a5cf9a08d09e65e6f279671d
Universities,"$143,495.04",$708.00,University of Toronto,Professor of Paediatrics,1998,70c5cd0de18317590b974a0da2c11cd2d5f33b62c9a87ee6417d0d715da12b5d
Universities,"$108,296.94",$647.02,University of Toronto,Professor of Anatomy & Cell Biology,1998,9ad610f5a3f2e301383714cc8cde1b8516cecaad8cdaf55c70f48a9b6ad9a7cc
Universities,"$104,113.98",$508.08,University of Toronto,Professor of French,1998,96f81e0be2888248f8f6cf5cfd3fb374883d26061e7335d8447258971fd19bb0
Universities,"$101,593.02",$451.82,University of Toronto,Director of Purchasing,1998,43846f4a343ce92af512345585513af7a222c31dc33eb2cb4f3222c7e0f96346
Universities,"$145,850.02",$610.04,University of Toronto,Professor of Dentistry,1998,91a5b77d4a153c5a89dd26ce63b2e34b608566f7820dfccf45f7993c3ed61c03
Universities,"$108,671.34",$283.34,University of Toronto,"Prof of Med & Dir, Post Grad Prog in Med",1998,b7380776ec4015b83b92097753b34e635530e80b804af040bfecc7e7b1c6f090
Universities,"$149,634.06",$708.00,University of Toronto,Professor of Aerospace Studies,1998,252ea7b0522c30f99a8ebe3c565f7f66957b71e7ad83fefb6a36d8ab78455b95
Universities,"$122,629.96",$555.36,University of Toronto,Professor and Chair of Sociology,1998,e109564a123453b9131d1c503a215eafeb49377a51359820db395ba546fc5291
Universities,"$101,047.97","$1,875.12",University of Toronto,Professor of Education,1998,ed467b89ac1f7be7b395475e5f06636b22ecc1965448eadf496369c6c74ae185
Universities,"$104,363.25",$636.21,University of Toronto,Professor of Pharmacy,1998,7f615474d7923e1fc341821b0640d27fd3c4820268e43b4a759a90a9abbd1e4f
Universities,"$106,610.04",$445.68,University of Toronto,"Prof, Chemistry & Chair, Div of Phys Sci",1998,ecdf578199f76245998e342485e59d6afa521d4ed89f7b90db3a90c99261dc0f
Universities,"$108,570.68",$574.82,University of Toronto,Prof of Nutritional Science & Grad Coord,1998,83afe1e50f0ae2d0d0eb4a57dfcf5a3da6572d1cab983e67000cb703a0da0462
Universities,"$108,777.96",$651.60,University of Toronto,Professor of Chemistry,1998,2e97802a1d75a1e0c7c6b83d48ca8b04bac8b048efdd5fd90bb30102f5606c8d
Universities,"$132,516.00",$522.48,University of Toronto,"Prof., Phil. & Princ./Dean, U of T Scar.",1998,9d4c4e79eb53918b56296be90adcf8c90d6c013c7daf61a04bf9bca5547bbd03
Universities,"$106,656.00",$445.80,University of Toronto,Professor and Chair of Philosophy,1998,f1e954a1d77b982bd48c61d32a7147818627f7f050ffeff55d8b1ba5513bca03
Universities,"$103,697.02",$390.14,University of Toronto,Professor of Psychiatry,1998,0b0e20adfd7247e407cc665c37db4bfa6364b4e65ff6f0244f036558fae0526b
Universities,"$112,647.00",$470.82,University of Toronto,Professor of Chemistry,1998,b87e7d2ee36bb1bd2c8485417bc630cc4e8424a112753f8a963880bbaceeae54
Universities,"$108,156.00",$452.06,University of Toronto,Professor of Forestry,1998,9c08a26323e13721f53f8dfbf6c521bb3f5ad9fdd8e9375e30a02e40d546b375
Universities,"$112,892.04",$392.90,University of Toronto,"Professor, Zoology & Dir, Admin Info Sys",1998,a6a3820917e3482dfb4e952ce01672dfbc477af743ca55267ca4c83e6da56c26
Universities,"$105,243.97",$616.36,University of Toronto,Professor of Chemical Engineering,1998,b779e3be293c02424ec3f2edfa81837f91b37bdd2819ed58a1475fc16ac069ea
Universities,"$109,924.98",$459.48,University of Toronto,Professor of Education,1998,e84ab68befd98bc3543cd6a7500f4efda6e775e233215bce178fde1888c5924a
Universities,"$158,694.55",$708.00,University of Toronto,University Professor of Law & Economics,1998,042257478d38d9f498cc2eb7e5087d5448fe164262d4e096ec08773bbf70b1de
Universities,"$116,917.34",$292.44,University of Toronto,Professor of Economics,1998,2aa47a75f3f4230a755355026ed7bc19460dbf0831e5781a0950428f714afb48
Universities,"$110,022.00",$305.88,University of Toronto,Professor of Psychology,1998,159ae96cbac5c9d49194b05e259738d32b5fa2f01d5f4ffb740a1941b6c71bd8
Universities,"$166,017.96",$704.20,University of Toronto,Professor and Chair of Ophthalmology,1998,eb015f853232a948c1e465a6b4daa8e9f119e1f5179ba6ab9f79e814f9b8174f
Universities,"$115,862.00",$438.30,University of Toronto,Professor of Education,1998,659907d42aa1bb8a6c03ec419f4bdee597a20e9e841f44b1e319dde52b1ffc9b
Universities,"$100,869.54",$508.84,University of Toronto,Professor of French,1998,284c1c6e2b78af40649daf7c570f176024e7eae072bd1db56e4a127bb16516e1
Universities,"$103,929.12",$634.68,University of Toronto,Professor of Computer Science,1998,ac4219b5088e1d887f1bc9cef8d8ab69b9929378cee68c8a198eda7b5cbe5c57
Universities,"$100,078.50",$621.26,University of Toronto,Professor of Philosophy,1998,99ce29adf06dab15801c2dd29f6f21200ff4bf872f1d0492984fb225c25bb1ab
Universities,"$164,653.92",$347.52,University of Toronto,Professor of Pol Sci & Deputy Provost,1998,c18d501e7c924bb4757afc7e7f6018c942045a4d791dc1300016ebe041446b4d
Universities,"$104,535.96",$636.84,University of Toronto,Professor of Mechanical & Industrial Eng,1998,45f454140c51f978cb29d4df3156c3e0f227f7ba45ba98b8c50104e07f422ddf
Universities,"$102,661.43",$429.13,University of Toronto,Professor of Dentistry,1998,8cce04f3f35a9ad0888060ba3ec907ce28cfabc26131391b1e6afacf6fa243f6
Universities,"$129,856.02",$522.48,University of Toronto,Professor of Pharmacy,1998,d272a9c20b892e243066cb8bab05a5ff91f270a1bb0ae5eb7527fb16fc48f96b
Universities,"$152,166.00",$620.52,University of Toronto,"Prof, Med & Assoc Dean, Postgrad Med Ed",1998,6f65573039d7ea8a0b590e949fbde2f4666bcfd3eae6c4eaf23e5d166fc2d6e7
Universities,"$124,469.67",$435.00,University of Toronto,Professor of Spanish and Portuguese,1998,71ca1ef432d4c519e18beca34067bc5e031a6e371e957707188b2c14bd07af08
Universities,"$103,510.02",$453.60,University of Toronto,Professor of Physics,1998,c223e6621326987998fa96c778d6e39f7513b2a69a5c81f8e209e860c7bc759d
Universities,"$108,106.02",$376.20,University of Toronto,"Prof, Med, Lab Med & Pathobiology",1998,9258bd323940c4b87c4be5c4cb26ed783978cddb541be776ab5ce3bf5f7e7429
Universities,"$124,154.35",$694.05,University of Toronto,Prof & Acting Chair of Elec & Comp Eng,1998,37f792830e0ffd93dc382b7b4aaa0deee78bcd712a5d5c2dbb1ac7d84f15b9c5
Universities,"$133,609.98",$610.04,University of Toronto,Professor of Mechanical & Industrial Eng,1998,91d41ce170cf5bee6a22aeeafaeed195d1a068dc140b9d381ee5283abf2999d4
Universities,"$110,489.04",$384.56,University of Toronto,Professor and Chair of Physical Therapy,1998,b9eb05c278b30d530d66f05044a7a4214c90a9cb1b71d7259e69bffeb4a86f04
Universities,"$100,972.08",$280.74,University of Toronto,Professor and Chair of Political Science,1998,2bf449dc48a5e167f4f8c50908775d5f839c92e82f7a07f070f5bef2ac369a47
Universities,"$109,742.20",$481.86,University of Toronto,Professor of Education,1998,fdf2b1604134cf85e12a16961c9bcdd6c92bb83eec5c4921116aab09c0ec970f
Universities,"$124,635.32",$510.94,University of Toronto,"Prof, Elec & Comp Eng & Chair, Eng Sci",1998,5b7fa078bdaa7593d7d7d44ccf24060fe66d5d400c6a20b7d857ffc1b97a22e6
Universities,"$146,850.00",$435.00,University of Toronto,Professor of Law,1998,78df2b9d314ddebe2e676ef15d299e9409e551a303c5fd738add6bc0c3e93e4a
Universities,"$125,158.00",$347.52,University of Toronto,Professor of Surgery,1998,c8bc7fd50e4cb0982080592be89e1308fc24d1be4e6ddf133b093fafb7e05902
Universities,"$103,946.76",$561.96,University of Toronto,Prof of History & South Asian Studies,1998,a17df45abedee3820b39d85161d3593fab37fbfcd654ce0022b1a652696b8899
Universities,"$123,601.98",$600.54,University of Toronto,"Prof, Ed & Chair, Curric Teach. & Learn.",1998,0ffda7821281d4ec4a5f3fc8e95d0b99ed5bc4111bc015794655cc5ecbd18e95
Universities,"$119,786.04",$606.00,University of Toronto,Professor of Physics,1998,25ac3a4fea8b23bc58fe7125254f4a9773fd94728cb3b58dfffe07ea082bfce4
Universities,"$123,638.04","$2,088.80",University of Toronto,Professor and Chair of Psychology,1998,02db27ff3e552d2e2a638f6080953f862d25aed4961e0aaf03ca465069f21bb0
Universities,"$107,286.00",$555.64,University of Toronto,"Prof & Chair, Mech & Industrial Eng",1998,d624652cc0104c9b2f478eb40f67ad7622737717bfe717d6fb327988b33fa5f2
Universities,"$116,043.96",$485.06,University of Toronto,Professor of Mechanical & Industrial Eng,1998,06abd7dd9a6d3b0fbf580fba0160be0b04d9f0760032827ac09bd55c0b4ef0fb
Universities,"$106,935.00",$447.02,University of Toronto,Professor of East Asian Studies,1998,ee175dc0f0563ae9c8e78899a075295e18d4dc126da9942db9356b4f40fe44d9
Universities,"$112,054.96",$545.64,University of Toronto,Professor of Dentistry,1998,2b78ab160995d752fc806bf2bb630cf72ac1c0621b69ceede5efacbbeb8aca81
Universities,"$104,409.16",$500.28,University of Toronto,VP & Registrar of Woodsworth College,1998,9e7292cf500faa00234263ca108bcfd4efc36bdb7fe53df7285d29be8b3ca3d7
Universities,"$108,751.02",$530.76,University of Toronto,Professor of Law,1998,aa5cf2c3522e5ed34ef64f38dde40c0f2386a429a3d2354973a588df57080115
Universities,"$152,520.00",$708.00,University of Toronto,Professor of Law and Classics,1998,42576b74477478719d606eb2e60cdd3dcb9fd3452159513b65c70540da77986d
Universities,"$109,238.04",$653.16,University of Toronto,Professor of Law,1998,cb6a4235df2b7e78213c826cec030294299ed978888ebf04dc57e8f8ea192448
Universities,"$120,006.97",$393.60,University of Toronto,Professor of Education,1998,9a9c260de1a0decca843f461778cb87b67a201df5cc3d2cc8c11b77857cffe0d
Universities,"$100,164.06",$621.54,University of Toronto,Professor of Pharmacy,1998,6d100e187c1f9a892ceed6602b9929a40f740abd4e0ee1a97d4ca3d8d667ccd4
Universities,"$100,179.84",$621.62,University of Toronto,Professor of Pharmacy,1998,888314498e68580e71377375003bf2cf3d705232b2f2c10d3dc8491a9fc67234
Universities,"$106,348.13",$596.76,University of Toronto,Professor of German,1998,fcefcd1b087e8a6150cdbd5afe5a0e11cefa74c2800d23d7e7918cc65501ff45
Universities,"$102,936.18",$502.32,University of Toronto,Professor of Sociology,1998,32c5027974a918851a4b7a3445131600d21deedf0c739f13df1fe3590689d726
Universities,"$145,470.00",$610.04,University of Toronto,Chief Financial Officer,1998,713069eed5ecfee83d595bad84a37ad21c1361a2b7dd74c3b1aad36fbfaa220e
Universities,"$100,150.98","$1,863.16",University of Toronto,"Prof, Geography & Dir, Inst of Env Stud",1998,41a8c72b57a93a1420c94ecc639c043df8034be82bc421990de486d68ab42e0f
Universities,"$104,019.76",$289.20,University of Toronto,"Prof & Dir, Dept of Med Cl Sci Trng Prog",1998,c7fcaaefd05425da7d6236af569b786a5ef2aee3234173675d2d72172cffccbf
Universities,"$104,320.98",$562.98,University of Toronto,Professor of Chemistry,1998,4f86375691dfa9cea3586cf715a5454aa1a576dec08a0a6feb1238b01d106549
Universities,"$110,194.26",$515.28,University of Toronto,Professor of Management,1998,033369758853925ddd8025544f484c5cf5737c5e4eba40ada6c562bd91da8a73
Universities,"$102,155.90",$408.54,University of Toronto,Professor of Anatomy and Cell Biology,1998,eaf6accffc8533deb83d57a097e0ce7562fe6e85bfc1183c356ec10afd15fbdf
Universities,"$108,408.00",$529.02,University of Toronto,Professor of Botany,1998,a86f599cbe8da4cfc760d2f895a1893e0f2c142847c28aeeadb7b87c3389bbeb
Universities,"$110,000.02",$261.24,University of Toronto,"Lecturer, Sioux Lookout Program",1998,073116bc676d546a4dd58626feb67e914d2de72511e57ccf9b23340dbf1cc44d
Universities,"$101,532.00",$626.36,University of Toronto,Professor of Education,1998,1bd2fd65152f06333417c7f92a837997b83b32ea78d42aafd673a6e74eb0eda2
Universities,"$117,698.00",$473.54,University of Toronto,Professor of Philosophy,1998,d1ed1e48635e4e1a783ee51045ffb00a272546c855bfbb8f5225e85fd78cec0f
Universities,"$149,398.18",$522.48,University of Toronto,Senior Educator,1998,37fd51df34192f539515dc833efbb9de9fd4222a741f7a273c617d881f114923
Universities,"$120,883.43",$610.04,University of Toronto,Professor of Economics,1998,fe44bc7ae2290c8242e946d1d10c0b5556ef6e5d2579b4d90a9750634b753a36
Universities,"$110,839.02",$463.32,University of Toronto,Professor of Chemistry,1998,b00547edb04f1401c615aafdfb02a51f07da22098d7cd8f10927a26f1fb49c3d
Universities,"$107,793.96",$375.12,University of Toronto,Professor of Economics,1998,a4ad873f75a8329d80d635add815c5d23942410e0734c5c8baa02cc74cdf7d0b
Universities,"$102,436.30",$260.22,University of Toronto,Professor of Fine Art,1998,5a45bf9b713ecb31c3bf8be3582ba5ef117646d18f5fecd149d8be60b591877c
Universities,"$104,856.96",$564.54,University of Toronto,Professor of Physics,1998,a9e49282e2e06d22f26c4c44156083ad3a93dd99ee75c347ff7f5e2169a32e9f
Universities,"$122,271.32",$612.92,University of Toronto,Professor of Electrical & Computer Eng,1998,44b03836d6ed9552cde24f6a6d26a8fdd55730f8505bd48c28c7f3690ffdafff
Universities,"$102,534.50",$285.03,University of Toronto,Professor of Economics,1998,c616272a2130d2b7010beeaecadd50d58c9ad8a8b85eec822d8260dbefb2e263
Universities,"$109,805.04",$305.24,University of Toronto,Professor of Electrical & Computer Eng,1998,1d2d4e333ecb06840e772516ec2a32cc757eba9b2a7feaed337a1f4e9a6719cd
Universities,"$134,005.38",$0.00,University of Toronto,"Dir, Alumni Affairs & Cont Dental Ed",1998,f9f9527e47bb6c9adac8c2e84f5c4bee97b6a77437755b2c6d6893d39ad394d2
Universities,"$128,955.00",$708.00,University of Toronto,"Professor, Med Res & Vice-Dean, Res, Med",1998,4b675bdea99cfae0f82c14bc82e6da69ffca8320d4d7b48d035a5d11235d5b60
Universities,"$123,966.96",$617.40,University of Toronto,Professor & Tuzo Wilson Chair of Physics,1998,fe1cb8ee4e5ffb1891f883f1ac9931b2b0d30710be88c9a91215777f5d294ab8
Universities,"$104,143.40",$555.78,University of Toronto,Professor of Zoology,1998,7595cb291fabccfab6ffea20dbe4297eeb1b15bc3286d738c88f93fc1a96fcd8
Universities,"$120,823.98",$535.88,University of Toronto,Professor of Public Health Sciences,1998,8c5f47ffd0d3648d0cba78cc25f767d4e5ec9020d54d8a27ad818d3df1acff6c
Universities,"$130,881.06",$610.04,University of Toronto,Prof & Chair of Electrical & Comp Eng,1998,332ddb22408a691bbad6db8eb6fd0e3cb60e75cc77d8f07621a2149453bd80d1
Universities,"$156,951.96",$708.00,University of Toronto,Professor & Associate Dean of Dentistry,1998,c39001036ee6884d74c89dca41b14b272459a441b18506a848af04447ac3418f
Universities,"$100,750.56",$421.20,University of Toronto,"Prof & Dir, Med & Dir, B&B Diabetes Cent",1998,0dcd43fe7cb930bf4023f6fe898175c1a7ae65e9a419aaad457f96d48d9dff6a
Universities,"$105,932.56",$639.36,University of Toronto,Professor of Electrical & Computer Eng,1998,366e0bc5669b60e5421115f247a273e2e281074b65b204202cc4b0d66589ca68
Universities,"$106,120.00",$0.00,University of Waterloo,Professor,1998,14bce97526cea9c1bba031d2d12c1c2de426a0ae46a15f97d5f6fefe01d7917d
Universities,"$100,031.36",$0.00,University of Waterloo,Professor,1998,8372c3678d276ee6aa3d30115505bab6b16b206c6f271819a7600624a94d2b14
Universities,"$105,999.72",$0.00,University of Waterloo,Professor,1998,91e17f27d1597aedf6ffb80f23aedf25b3acedd048be635add291b39e90e1d15
Universities,"$100,125.04",$0.00,University of Waterloo,Professor,1998,a9345245aa726a7b26c4947895081d457f47d61c13355470dce7c18aafc4668e
Universities,"$105,361.68",$0.00,University of Waterloo,Professor,1998,62eaae78abd40e82f5bb7f0a06c1d8e15c1e2f4f516eda5541761c0d58558c6c
Universities,"$112,177.68",$0.00,University of Waterloo,Professor,1998,0ab0edb96450c7520fb023d3caac4d6076c08625a6e9a038a02218aaea2dcff8
Universities,"$107,494.06",$181.50,University of Waterloo,Professor,1998,f9e7eb96fe76d4680124f897c66c17233a1f4bca3dea22a1c928dbde53fb8438
Universities,"$109,367.96",$0.00,University of Waterloo,"Associate Provost, IST",1998,fe43f8a0c2952e173d6263c857009d1e7aa42b92217b7587e79468bc01046214
Universities,"$140,073.32",$0.00,University of Waterloo,Professor,1998,e057fa692b9c5e5916e1938c65e22d98801e3c92777b917af0e7bdd6152454b7
Universities,"$106,017.36",$0.00,University of Waterloo,"Principal, Renison College",1998,6b098d8021a44c31e38d28fe878e890aa5b83d6c4adf6cfc5165b90112147954
Universities,"$120,738.96",$0.00,University of Waterloo,Professor,1998,f21c905478caea4fdfe5d2af0736aea2a49b4f001de6b2da23c7d87038ced4ce
Universities,"$111,949.32",$0.00,University of Waterloo,Professor,1998,2588f11d8fef57d7045b3aa41b3daa471fb848d14a6a76bf79780309c0329d27
Universities,"$105,774.68",$0.00,University of Waterloo,Professor,1998,7d58a3149565d9314cf0972622d206c6a951f2e711dd7b377636dabf3865acdf
Universities,"$107,119.04",$0.00,University of Waterloo,Professor,1998,ff559c43b0d324fa26a985ffe0a26c761fde6ee30d0c3248325ce7291bf4697d
Universities,"$103,292.08",$0.00,University of Waterloo,Professor,1998,df4df984c36a5dfc29dbf1eef3650c1b45cf9155ce71bbd9e2d4b49691ff0e36
Universities,"$109,508.68",$0.00,University of Waterloo,Professor,1998,6d82f641dac16d7f73c39a1e4c0a030a95802e344525b118e8ee67f17fffd9c2
Universities,"$101,172.64",$0.00,University of Waterloo,Professor,1998,693a6cee3aa8a75ed0769b69d1bf4e51c5c8c0f37c283d9f0ff7e5094639f3ab
Universities,"$101,989.32",$0.00,University of Waterloo,Professor,1998,3fb1018f2cd76544d48388fa5248f96d418dcdaa63dec6b9aafa459fc4ecbe7f
Universities,"$210,999.92","$1,210.07",University of Waterloo,President,1998,a2baf674f372867b725f1698b4bb714126b111fe8119a4208e86a642c931bb2b
Universities,"$100,228.00",$0.00,University of Waterloo,Professor,1998,b2c8f335e1cae633f6e803210f4a34b3a984fe9054d8b6237d5532bf35a74d7d
Universities,"$114,662.04",$0.00,University of Waterloo,Professor,1998,af17829faa027d6df2c4dc088211e6976f0b7f4be04c8b48a7d1337a7ff37d21
Universities,"$101,591.96",$0.00,University of Waterloo,Professor,1998,8a35aa11912d9d429cd1362a805940489b8952a208f532121c70cb4c2cb1a476
Universities,"$104,913.00",$0.00,University of Waterloo,Professor,1998,42cff3b5e71f334ba2c96fa4ef248fc572d75151fa4a906cc422d44da17ecd09
Universities,"$102,107.04",$0.00,University of Waterloo,Professor,1998,c5ae77f956103f68248749dc3c543ed6d4e9a66364b516c070a5693914351fce
Universities,"$163,808.36",$0.00,University of Waterloo,Professor,1998,0802da9411c6ffe75c1e0165299594bfd87279e5a2171be8148e6db6447d4df1
Universities,"$103,087.00",$399.00,University of Waterloo,Professor,1998,7b39e732e4fdd4254edc1e1d2d41c370b63dac34d2fbe16489fc6b2d2c0184ed
Universities,"$110,118.60",$199.50,University of Waterloo,"Associate Provost, HR & Student Services",1998,bfc0fa122635460d79a35276e873bcf9140a8f213964277e51cbaefddf34d7e4
Universities,"$103,195.68",$0.00,University of Waterloo,Professor,1998,3b4d5006f02f75854ed6dfff11610df26fefbad8a19a2b032fe0fc2973943414
Universities,"$107,703.64",$0.00,University of Waterloo,Professor,1998,7779715270c44f5a1199cbc6558f22f54339e0f0c662c58c926ac7c18f442dd7
Universities,"$100,859.64",$0.00,University of Waterloo,Professor,1998,0537ddf23e2dbbaaea9b724d7953173b6713103eacbd87952b6a8832bdc50d7e
Universities,"$108,749.04",$0.00,University of Waterloo,Associate Professor,1998,7bf072b45697cce2644d5b8aeb9261959d6b5bdad5579e65391d606b3513869d
Universities,"$104,133.08",$0.00,University of Waterloo,Professor,1998,413d89a34c396329caf7af5283fbfcbcd4375e3bea70fc7d1b31c030cec2aa51
Universities,"$100,743.28",$0.00,University of Waterloo,Associate Professor,1998,b89253be1c20588fb22d4975863683a512cc2b8cae9d09e834bf7e83d4ba49ca
Universities,"$124,656.00",$0.00,University of Waterloo,"Vice-President, University Research",1998,9c9b2e05d280f38156773d9f737bdeac09d0ae2c67f886e19efd2271f340f624
Universities,"$114,084.00",$0.00,University of Waterloo,Professor,1998,7466c93d0bf343e0be88e902c0a55e1107a05cf352ecdd12fa4a70842e8ce408
Universities,"$112,847.00",$0.00,University of Waterloo,Professor,1998,0b947e807c94711702ee578ac49e96df66f698b385d18a19e772f5f01f8a8a13
Universities,"$101,823.64",$0.00,University of Waterloo,Professor,1998,e2a7e2f19a44f450439636c215738e8a4a04a97e63f66628d37accdde5761fab
Universities,"$106,249.38",$0.00,University of Waterloo,Professor,1998,3ca57775907980d572ac6e5b6d855f6ddb8a292d7841f0aab051dc197818ff35
Universities,"$100,074.51",$0.00,University of Waterloo,Professor,1998,14cc1ec8a586122e114cba49ceb23d72040cc08d07c2976e590561702a0ec03d
Universities,"$101,319.32",$0.00,University of Waterloo,Professor,1998,f82ca26319467231d0309832bd24bd701f62d27db791bdfd5605f2345c92ba13
Universities,"$106,075.68",$0.00,University of Waterloo,Professor,1998,82d9083396804b46583f95de20b3f8679302827b6610528d13d48a92a41438fb
Universities,"$110,408.88",$0.00,University of Waterloo,"Associate Provost, General Services",1998,24a22403549fbe62cfb13bf70cee3a2bbf40ca815420901854cf8ceca5801037
Universities,"$106,404.32",$470.50,University of Waterloo,Professor,1998,994514d1464ea7d67d5265a117410ca2e0b9a6ee727a266b394dd9a1203ae566
Universities,"$101,260.00",$0.00,University of Waterloo,Professor,1998,f93828fea8d3fd6c9e9e23f0afad8e6aa41d8e85a326a2c1b4a759026f2a4ba6
Universities,"$101,452.36",$0.00,University of Waterloo,Professor,1998,d3ba75de060f053daf8f29dffcf11812cef34190f66af53bf1b1525d7847eecd
Universities,"$165,499.92",$0.00,University of Waterloo,"Vice-President, Academic & Provost",1998,c3c00cc9e21b8ad7863caf85e77f65593cc942fb476067e5071eaab576157d59
Universities,"$119,356.32",$0.00,University of Waterloo,Professor,1998,64683337e3967e56c20daa59aa1151fd31833eb786d51ea76e9df2e7fe81315b
Universities,"$101,300.96",$0.00,University of Waterloo,Professor,1998,32b78b42c00ff321895f085d62fa62d6dac5f6dd1835b42f5746c7219d85d067
Universities,"$104,236.32",$335.00,University of Waterloo,Professor,1998,b4f5a19684b26afdc8ba12229c41352c47b3a490f5372ca33743dd65df3ba64d
Universities,"$110,151.04",$0.00,University of Waterloo,Professor,1998,9884a94d848a25d3430b77ddf9711453f9a898d87dde9820fdf4844220b68fc9
Universities,"$105,220.68",$0.00,University of Waterloo,Professor,1998,03aa9c62efc3e2c2d6f665be2bbf8c452fd42a83247be667c9a7c57f767da8b5
Universities,"$107,500.96",$0.00,University of Waterloo,Associate Professor,1998,a9f0dcf6e85c20b8ccd56c60ec02647d72091a34a94ff3ecc531a2f260b219ea
Universities,"$106,508.36",$562.50,University of Waterloo,Professor,1998,164bc371ae47c773b2533a78fe87ad9463294bad8233268efcafd01faa944b60
Universities,"$104,924.64",$0.00,University of Waterloo,Professor,1998,edec81771b4a3d8b0f1afa132902ef31f8d80a67ab940906f856590a32b2657b
Universities,"$141,008.96",$0.00,University of Waterloo,"President, University of St. Jeromes",1998,2091a21d1c6dfa3b5fd06aedef92e1d8d2b5f8d970e4bb80c436ff2cc201b0f0
Universities,"$142,699.96",$0.00,University of Waterloo,"Vice President, University Relations",1998,707918f8f097a6e17a0a923bc06e155060fb673c048edd2a8a4dcf7111504598
Universities,"$110,478.68",$0.00,University of Waterloo,Professor,1998,391fababd372e8e501dff4abdfa37c1a970d9d5d567765249c120397412b6a41
Universities,"$118,713.68",$0.00,University of Waterloo,Professor,1998,08c92e199cad6dd24f3c3919e826bb93ff63439415cbe624b3aee1276957b1cd
Universities,"$102,138.32",$0.00,University of Waterloo,Professor,1998,4683c5171df91fff38c2edb4f477fd4d3f9b7d3ce19fd33ab55f8e5fe7a378f4
Universities,"$101,837.64",$0.00,University of Waterloo,Professor,1998,f77939de11e8f249ce891edabed21565bec7b775ddfb613245835184efec346c
Universities,"$100,483.00",$181.50,University of Waterloo,Professor,1998,8b814b4dbf91d45cdab89be28291d39aa472e346f146d176d8d1d7bf2d4ff0e9
Universities,"$107,660.04",$0.00,University of Waterloo,Professor,1998,94d6bf109329bf66d1cc89945bbb28b7405adb91580af58b4fb96fc9dc1c3bad
Universities,"$105,377.64",$0.00,University of Waterloo,Professor,1998,16a41df4b470297f83a53eeef1fd3385de2600a596ac62b6b1ffb7eee5892b19
Universities,"$104,944.33",$0.00,University of Waterloo,Professor,1998,7e3776fcb9aa56659c4ac0f1b12a10afa242d5831b8670ceb78422e4c2f8a2b5
Universities,"$102,617.96",$0.00,University of Waterloo,Professor,1998,e726a88661c754dc8150ac1fb50073ac157f2cb593a977c073ab2862f678c29e
Universities,"$100,124.00",$0.00,University of Waterloo,Professor,1998,ff6d705d0e2efd57f59149647a4911ca1ea9d609852e7da4c77747c2829fdbe8
Universities,"$106,230.68",$0.00,University of Waterloo,Professor,1998,84179c9a0997f09651df7a4c50b15e98fce4a295d448bbca8e202d6182e0a25a
Universities,"$102,905.68",$0.00,University of Waterloo,Associate Professor,1998,9f3b5bba03bb33ef970314da1fabcb336825c7808d92cbdab3df4438d0c4ccc0
Universities,"$106,105.00",$0.00,University of Waterloo,Associate Professor,1998,028e30f7368db11a07d695db3d55f72421b8cd6d3400c13b81d5d1861ce5c327
Universities,"$108,143.92",$0.00,University of Waterloo,Professor,1998,c97e20f2232f598fea201e287b849c3e30ff5aa8613c452796cb27f1795a1abe
Universities,"$104,309.68",$0.00,University of Waterloo,Professor,1998,6f3597495a1913d8da0a234191d53d617dadc41ccc4aa646ba05558df2ff16b1
Universities,"$105,960.00",$0.00,University of Waterloo,Professor,1998,c40c221e8d0622ac326cc0b0ff3ec9e07720670ebe9a6f3ec66f8f1e5bf9aece
Universities,"$102,589.04",$0.00,University of Waterloo,Professor,1998,007bcfa8494d135fe6d6da8ee3df2aa810d4aa5095ef5120f7ffc176b68402bd
Universities,"$103,759.32",$0.00,University of Waterloo,Professor,1998,7b7bf134725c9a05c5f7d0c71f0ef79f6d4e589de3d9195271277a2f27a592ca
Universities,"$102,162.32",$0.00,University of Waterloo,Professor,1998,00b14c05446f55ba2081d655caf45759402fafb444f0a4d1b68c7260d9e73ccd
Universities,"$101,256.32",$0.00,University of Waterloo,Professor,1998,8ae4a3a1b64300e9cae67725e30f575e10a583093f3be432868370bb43c35bc5
Universities,"$106,440.36",$0.00,University of Waterloo,Professor,1998,45cae3e5e5de1fae40981321cb05b612016381644dca27f383d3c122ef49bc87
Universities,"$108,799.92",$0.00,University of Waterloo,Professor,1998,cc78c8dec0d854fb11d6e210bd7729e4170e5cf1f43f81c315654dc231c35ba7
Universities,"$101,354.68",$0.00,University of Waterloo,Professor,1998,6c4c619e050b5b039b3c8f1d986ba25105e2f57cf093e154e29bd37edd81a015
Universities,"$100,438.35",$0.00,University of Waterloo,Professor,1998,1980eec0a006bc798431599ff1529a6a1657432c07b39b7d27206a69f3884896
Universities,"$110,222.06",$0.00,University of Waterloo,Professor,1998,c386cc269840e1bdb0e49044a03da06d8c05a76d6619e2bdfa8206ba811d3c22
Universities,"$101,096.64",$0.00,University of Waterloo,Professor,1998,59119669420eee7258f1abf6e8c51a3e401be0f767fde2fc4ae72d2d74241154
Universities,"$106,387.32",$0.00,University of Waterloo,Professor,1998,d728ac5f33e88c245eb0b20b783314d92f45c08151ae20e3563a84ec4c492f9d
Universities,"$105,695.92",$0.00,University of Waterloo,"Director, Health Services",1998,08655871c7dbe3b81e27b938d963de22def7cc342ab11dffbc42401abf142eab
Universities,"$113,273.32",$0.00,University of Waterloo,Professor,1998,a460e349e612c6d854edc605969bb9ee7a06c0bae3318eaf9df5c341dcd6ebc7
Universities,"$109,841.64",$0.00,University of Waterloo,University Librarian,1998,8d7b1b7f3bf7782120b3379756846a80d7f463f07ff23c2cb5151e408e2f6379
Universities,"$119,276.36",$0.00,University of Waterloo,Professor,1998,4bdcaf14b28908209bd61b9604840eeb602369c7c212ee57423b5770df306cfa
Universities,"$102,345.36",$0.00,University of Waterloo,Professor,1998,2b20d48c5190ecf7e10bda5b1065977d5857bb3866f35b3e0fad4c264347a268
Universities,"$107,198.00",$0.00,University of Waterloo,Professor,1998,a9d4fce7f2bd5361f21cd6f1a36e9bd2f806b42244e5b01a901cff287b584c3a
Universities,"$102,820.68",$0.00,University of Waterloo,Professor,1998,5330a1cc9b3b52df1c56676660d70a17c0aa7f4320cd6425e119ab5767a715d5
Universities,"$119,506.72",$199.50,University of Waterloo,Professor,1998,398ee328c6f2836d48e2aa4a16d6c8e60d2efcb5b5bcb8871e522a5f3e0f588d
Universities,"$105,613.32",$0.00,University of Waterloo,Professor,1998,219a0af0f6696ee5c2e470e1a2830183358936b2eb20c3f346d9f2f9a0d7d6e6
Universities,"$104,473.30",$0.00,University of Waterloo,Professor,1998,ad7a9fb631bb730004ef0115bdd3212b29ebe70677627059601add2f9a99dae6
Universities,"$107,000.00",$0.00,University of Waterloo,Professor,1998,d5dace5f70547d01ecda766fadb0f1aa086b7b09aa37c7f7e2f8db95fd00f967
Universities,"$103,255.00",$0.00,University of Waterloo,Professor,1998,d7926ea5f563555e4d4b0de575609ef76e0ad441cb5276abe052511032399ac3
Universities,"$105,730.12",$0.00,University of Waterloo,"Director, University Business Operations",1998,ce56383784cc437c4455600c6e3f5a7f6b03d10bbb412e294ec02f1d55b8dee2
Universities,"$104,272.63",$0.00,University of Waterloo,Professor,1998,dcbf9746c3305961c9cc6ee6433010135a661ba27f47d9c818bcd75aa2531a34
Universities,"$131,288.12",$0.00,University of Waterloo,Professor,1998,60aeec2b3ccf203766e8560ddc9f113b0afe98133142377493fbe5d734d7794e
Universities,"$105,827.36",$0.00,University of Waterloo,Professor,1998,8d0706fff4417a6d4985602d1aaaadecab9b5001647eff2c5bd85938a84cca1f
Universities,"$106,843.36",$0.00,University of Waterloo,Professor,1998,84ff3f1fed18013ae98c9da626ff1159c9f48e32f8a30c2e9b6870a947ce0800
Universities,"$114,060.32",$0.00,University of Waterloo,Professor,1998,0db7e34d7b757ce4994b548f8d589e7921c1d5117cfc79915ab200e3c3c19240
Universities,"$106,779.32",$0.00,University of Waterloo,Professor,1998,47ea40b3aba477bd8b0669e52e43c16b91ca9370f2a9c87decdc18cc7b53a22f
Universities,"$107,634.16",$0.00,University of Waterloo,Professor,1998,9aa2b63a9432e6fc1b6e98d9f5947fed325aa855d0c4a39c22590d7609214fe5
Universities,"$109,116.68",$0.00,University of Waterloo,Professor,1998,460b5219958d8446cf75956ce306f8ddb0036264b321502e8f526c0d9ad2defd
Universities,"$219,705.84",$108.72,University of Western Ontario,UC-FMCA Assistant Professor,1998,2dbed8b6c0144f1c21857cefbaf216a53bd89e8175b8b890883f52472ad5da94
Universities,"$105,644.04",$108.72,University of Western Ontario,Professor,1998,3114803d79eb6fe7bafb38a5f3bd1ecb5e076b165bd0c2d067c066c6ca03d6e6
Universities,"$103,332.96",$108.72,University of Western Ontario,Professor,1998,b3a295b25403e19e805a3a631036851caa625a07b4d13e4e49de4f49377ca080
Universities,"$121,442.04",$108.72,University of Western Ontario,Professor,1998,d82314bf993602c4326310344cd90dd8de6f0f12f83aa23843efed8771761231
Universities,"$126,949.98",$108.72,University of Western Ontario,Professor,1998,9149f8c8e86c5b5c61d30b73eff5a25d9b92d3ddbc0d944c4018e66b381c7238
Universities,"$114,999.96",$108.72,University of Western Ontario,Senior Director,1998,3e8aec0b419f89339f4e06d7944e6d4b59e86f7f3a13b705a75e4459b9f0e403
Universities,"$110,259.96",$108.72,University of Western Ontario,Professor,1998,d159db4301f0c58006020001a519c3b72b68e6a1ad2e4a211b51656cb8af8f2a
Universities,"$129,999.96",$108.72,University of Western Ontario,Dean/Professor,1998,2493f46fb97462b5cb6fdaf569d2f06032e3fb3fb392ec4b823f73a394d014ff
Universities,"$177,460.35",$108.72,University of Western Ontario,UC-FMCA Assistant Professor,1998,78f2eed8c8fe7418db4357f20ee86c134b4e7b3c6f326383e2bf71f9d2f619b0
Universities,"$103,401.96",$108.72,University of Western Ontario,Professor,1998,80ccdf0644eb6c9d9f1cffcbed495a1f8cd3f89d3efeb8864e53d4738a97af6a
Universities,"$127,524.00",$108.72,University of Western Ontario,Director/Professor,1998,389169dc63553ba9720de0b638af6246ef1622f2bf8d31476cf045e0f43e5b72
Universities,"$155,669.90",$108.72,University of Western Ontario,UC-FMCA Assistant Professor,1998,45717a143a2c1f7fdf7613243a23a68345a1318050585b5a7fdd492842afae0e
Universities,"$103,379.96",$108.72,University of Western Ontario,Associate Professor,1998,4bce7e753f1814bdaa0fd77eb45d3f7e4cbc490b6d48fcf1bbde35eb477cb1e6
Universities,"$111,687.00",$108.72,University of Western Ontario,Senior Director (on leave),1998,6573b4ca11f7d8311cd9ea7144efdc93eb703bc0cbe51dc0cbe82b639f44b576
Universities,"$100,418.04",$108.72,University of Western Ontario,Professor,1998,636650d81850016fd97cb42ca62711c96280d3c997d50c133b7bb23fa689c9d2
Universities,"$157,500.00",$108.72,University of Western Ontario,Vice-President (Research),1998,8b51186455d5cdfaaf7f2c60b1c2d00157c03e81704e17442e3d1bed0cbcac55
Universities,"$137,147.04",$108.72,University of Western Ontario,Professor,1998,c4491e94c2d7d50b194c61627708df61e7c9aa44daf31831954d1289715a013f
Universities,"$114,926.04",$108.72,University of Western Ontario,Professor,1998,e9947949e3c45a86ed636fabed20df425443c52bd14c196440d4772c1fcd6e89
Universities,"$101,038.38",$108.72,University of Western Ontario,Professor,1998,34e344d2f336e165962e9b20ee3657c877ecc46be1392841a7c7ef7e5b30efe5
Universities,"$100,101.00",$108.72,University of Western Ontario,Professor,1998,24e546ef2159439473a1f44301c7f4bf33507e8e05211f2b6748575aa9e45665
Universities,"$104,001.00",$108.72,University of Western Ontario,Professor,1998,7d720df4444bb8b89451d87002089dc96da64f788dea566ac115b2188453945a
Universities,"$120,000.00",$108.72,University of Western Ontario,UC-FMCA Chair/Professor,1998,0b5ce806bb439458f83cb3a28588fa3cb34e8ff71323bdf538065712d84ddaae
Universities,"$105,137.04",$108.72,University of Western Ontario,Professor,1998,66d54689d4c9897916527e44791a11a3a46015f2bf4133529dba51a024d0f7cb
Universities,"$109,097.70",$108.72,University of Western Ontario,Dir. Instnl Plan & Bud,1998,71fe9c4a77a4f11750011d03bedfe103550054b9734cb0aba1db377f7c3f8e4c
Universities,"$177,460.15",$108.72,University of Western Ontario,UC-FMCA Lecturer,1998,c0c7f351e222c8a837821f9bb2c3dd08cbe93bef77b84992d90fbcc4816ed3d8
Universities,"$153,742.08",$108.72,University of Western Ontario,Professor,1998,1c79b33afaf87892104e2885155aed7831fb475dd9219ac2a9e2102ef3b6c2d3
Universities,"$203,865.83",$108.72,University of Western Ontario,Associate Professor,1998,b91f6e2bcae59061af882b2805bbf792051ce86514f157cfe4d2eab280c4584c
Universities,"$121,549.37",$108.72,University of Western Ontario,UC-FMCA Professor,1998,72c840506722d3255e01e579fb549f7f2374b3d0255a8b26cff7093af908c913
Universities,"$128,341.00",$108.72,University of Western Ontario,Assistant Professor,1998,97a13fbbfbb2a7e74238be1fb56a025f8e97fd330ea41b9dba5873c2b3535793
Universities,"$116,037.96",$108.72,University of Western Ontario,Professor,1998,e8644ae1995db817e4bc6ea925257a4c3414f8427b6329a300a264a300183962
Universities,"$204,999.96","$16,376.88",University of Western Ontario,President and Vice-Chancellor,1998,1a61d7a7fbbd7350379462b024988bffe193e65222b22fd2506d66ba9593db97
Universities,"$105,264.96",$108.72,University of Western Ontario,Professor,1998,c315d68b81c44ccbedb5a643c20c4e88d1502b6f0e228f6dea06bac2dd22c42b
Universities,"$108,855.96",$108.72,University of Western Ontario,Chair/Professor,1998,239155cb3fae03b9eac953c91e682a3595215dc7bc489fabe351eb7df2ba3626
Universities,"$107,268.96",$108.72,University of Western Ontario,Professor,1998,568dae9c1e70bdae0d2cf40fd2c6fcbb258254247e514989b7c0c08d085a13e3
Universities,"$107,982.96",$108.72,University of Western Ontario,Professor,1998,ee79ebc4cf50c5be56fe8a14d21f59a8cd7f9bce8a72854eeecd9a15f928945e
Universities,"$156,124.35",$108.72,University of Western Ontario,UC-FMCA Assistant Professor,1998,9b4a113f19b6ee0a9012872f5a260a9a624e89247bf26b7b5f4ec8528415f7cb
Universities,"$115,308.42",$108.72,University of Western Ontario,Professor,1998,91f4f518be86e212b5a3cbcd0ff89f00eaf4f1b684d3293b853de0e6f078111c
Universities,"$177,460.35",$108.72,University of Western Ontario,Assistant Professor,1998,5f6c51a82f5d1539d5cd5475814c81fce34b74bf321f636f32e30f1e5167dc54
Universities,"$103,802.04",$108.72,University of Western Ontario,Assistant Professor,1998,389486cb68f6f9f32ab67622682413aff431edbd22991c66ffdd2239e4e7d19b
Universities,"$112,286.04",$108.72,University of Western Ontario,Associate Professor,1998,e89cf67fda3db553182c057840362880769cb84249104aabf13d748020a6a0d2
Universities,"$134,979.96",$108.72,University of Western Ontario,UC-FMCA Professor,1998,1a6ef8ee02f213233deff812d68a5e6826cf862b048c08406304a2d1e65181b5
Universities,"$106,453.55",$0.00,University of Western Ontario,UC-FMCA Associate Professor,1998,8577784cc95c3b847949b7c772564201fc5a67736984e7961f596799645279df
Universities,"$110,361.96",$108.72,University of Western Ontario,Chair/Professor,1998,83effe0840a5ed090483089eedcc1d3877c1cac9ca2547e1af4b50fd580c14dc
Universities,"$131,896.96",$108.72,University of Western Ontario,Associate Professor,1998,47a33d1a9863f830c61edda3ce3b9031d8fccc92f87842ab29418cb0f91c11ee
Universities,"$102,045.04","$1,297.08",University of Western Ontario,Assistant Professor,1998,618836cdb6f72ebe6b41194c56648afb631c0a771a4ac58d31081e8d1dcfff4e
Universities,"$137,715.51",$108.72,University of Western Ontario,Professor,1998,f2ad770a635226efe34a0c98e52ff0b9bc373ace5c0872e445671f6bc22f1494
Universities,"$138,805.00",$108.72,University of Western Ontario,Professor,1998,b39d3783ee7850089fd328c100362f3f4e780e786b92c2e469f810ea5b5fb8bf
Universities,"$107,065.98",$108.72,University of Western Ontario,Professor,1998,12747a26d56a9b429835b02fa6d10981e9146f621007fb0d9e4d657c8ec59d6d
Universities,"$143,749.98",$108.72,University of Western Ontario,Vice President-External,1998,46e406fb168f26066ed660b39adf60417e12a0e591c4154eaf277199e01ed31e
Universities,"$126,072.00",$108.72,University of Western Ontario,Professor,1998,0483d9a997f3f4e9c83b31dee5bbb41d28181b281d762598b04e86b066c012a8
Universities,"$120,999.96",$108.72,University of Western Ontario,Dean/Professor,1998,d49121c88b13be5769b3afb0a2a4e1b26274759ddb30e16b41a9815008e5bbdc
Universities,"$103,352.04",$108.72,University of Western Ontario,Dean/Associate Professor,1998,158a45bb3115936b0ca10c55c43b1d086c756594e3f57cdaa52b24ea5b596242
Universities,"$156,124.35",$108.72,University of Western Ontario,UC-FMCA Lecturer,1998,4270e99fcf895b99ec9eac1176ab5ddb459d313848f6883bb7df359cf549b936
Universities,"$105,813.96",$108.72,University of Western Ontario,Associate Professor,1998,2314b97793c37847a09ac9b8a0026b199cc25e46aac3219b99e6961c3b155e04
Universities,"$102,938.46",$108.72,University of Western Ontario,Sen Dir Hous & Food Ser,1998,108774bd6c2e4c1d12243c7dcc9b692f6da027ccff4d946462eb64ce63cd45ce
Universities,"$110,327.64",$108.72,University of Western Ontario,Professor,1998,eb69a452a5abc75fb53dba848a2925beb67056b0c256c941e5c90086e9df50f9
Universities,"$113,818.92",$108.72,University of Western Ontario,UC-FMCA Professor,1998,5e14d77ddcad300a89ffebca8b457a82afe174564f28ea46ede29c26414d4540
Universities,"$106,132.92",$108.72,University of Western Ontario,Assoc Dean/Assoc Professor,1998,3442b5d12015364443534e5437647c2d768a46c3f9474d2d31c39c20d6a0eda3
Universities,"$103,974.00",$108.72,University of Western Ontario,Professor,1998,ef773b118b51a7a7968e8283206ead4f60fcc0a6c8ce91ad8d46b6c42a33be03
Universities,"$109,999.92",$108.72,University of Western Ontario,UC-FMCA Professor,1998,ddcddfa0ec2034a82b1a3bc8fa1001aef93dc708bc27d6dc2dd99ba11290a1c8
Universities,"$101,552.04",$108.72,University of Western Ontario,Professor,1998,6ee7b4004e861f261db94c6cb3c90a69bbb856bc1b39de45f87286fe94f21390
Universities,"$108,258.00",$108.72,University of Western Ontario,Vice-Provost & Registrar,1998,7c14b46f13de745fdba59885b2d8389a807248daaac68a24e27ff929d84ac8ab
Universities,"$124,792.00",$108.72,University of Western Ontario,Professor,1998,c96fe52b4aa36e1d10212cb1991ebdb6a4812a9dad12cb1970cf7760ea9cd0bc
Universities,"$102,560.04",$108.72,University of Western Ontario,Associate Professor,1998,c5ea818486c3b1a2f23f6fccf51530b90867f3382ce63c60840911b4a684da66
Universities,"$112,671.00",$108.72,University of Western Ontario,UC-FMCA Chair/Professor,1998,086c7715e557a5d93971b763d016511a4ce3be7688eefa96bf19d8016f628b79
Universities,"$149,619.95",$108.72,University of Western Ontario,Professor,1998,b8faa547e6bd37e2b1fa909f818253c99361ae589a189e2edfa5e77219d5d2f7
Universities,"$114,285.96",$108.72,University of Western Ontario,Professor,1998,d2cf7f16ad3292132d88cdd4fbbd4235f36dfd1423d0d693fe031a2cc8a70fec
Universities,"$113,393.00",$108.72,University of Western Ontario,Associate Professor,1998,5140afa91849090947693c9b20b40485b2d2555a9a2bd08c42248c45d7f986f6
Universities,"$103,076.04",$108.72,University of Western Ontario,Professor,1998,10a51c261e5bc2445bb0b6405b9bb21acd75c267f68c01a2410d5f2546914254
Universities,"$102,734.31",$108.72,University of Western Ontario,Asst Director,1998,01c911caa530a3f7afecb83291567755815052076e9e4e6311cf98dbc2caf1c2
Universities,"$100,428.00",$108.72,University of Western Ontario,Professor,1998,2a1164413d318e7dcdbeb9a947d925a270745ea01f03891d6f9984f770506f99
Universities,"$101,421.96",$108.72,University of Western Ontario,UC-FMCA Professor,1998,a0b74c7ee47d92f4a1911211ce3635e2a6253035b2676269136ede87449147fe
Universities,"$146,000.04",$108.72,University of Western Ontario,Dean/Professor,1998,3b66d14a6899377e599804d146bdf267bb6c45fcdd3b1d13a0f36ae3ec9e9a40
Universities,"$104,949.13",$108.72,University of Western Ontario,Director/International Acad. Affairs,1998,ea0d46be030eb461fa009cb04ad28d2674462521835ba92039e8e0f78461bc7c
Universities,"$100,578.00",$108.72,University of Western Ontario,Associate Professor,1998,e059c313c006b682eb30dee24d81817765f3b94f42aeda105ff25d76f8e88ce9
Universities,"$104,957.58",$108.72,University of Western Ontario,Professor,1998,01c7e6ce182b57ccd53ca39717ede094188e86a96be627a659afd43f86c340f0
Universities,"$100,266.00",$108.72,University of Western Ontario,Chair/Professor,1998,250e6da46cddd1a500a04e82685918303259a19551c587b096ddc0264f223afd
Universities,"$102,740.46",$108.72,University of Western Ontario,Professor,1998,785b4708e092fedfe132ceddcf397aaf5fb74d605205002f2e051b8c6bc40ab3
Universities,"$121,550.88",$108.72,University of Western Ontario,Director/Professor,1998,892fa525e8aa7b71e1e68e92a35214d5a1e17ed69688fee81fec9a1e5dc3f447
Universities,"$102,093.96",$108.72,University of Western Ontario,Director/Associate Professor,1998,b6cceb8671700043b013f0fb570dc828f0de0928af123124e799dd6cff4c0e6f
Universities,"$108,588.96",$108.72,University of Western Ontario,Associate Professor,1998,79e63ffcf16e2f3e0a4f3ed17e19ab5c61ac3b67b171e69f31a12158051fc505
Universities,"$127,151.84",$108.72,University of Western Ontario,Professor,1998,9b7c43da17d6dd3b3d932f908c70fba85d463e93ba7bdee6b46aedaeb7ed3d5b
Universities,"$119,142.96",$108.72,University of Western Ontario,Professor,1998,6f23728f9ee7e27d704d36f349492133343421abaa54a53cf3694531115dd975
Universities,"$105,577.68",$108.72,University of Western Ontario,Professor,1998,6af2fab6b33af069eebf969cebf0bbd5ae45730e7fa50bbd4d3e91a93f20cc81
Universities,"$126,421.02",$108.72,University of Western Ontario,Associate Professor,1998,5d5aae04aecadeaf89d705c58b12adb8efcb8182f6962aa8c14a74eeedf77d32
Universities,"$109,725.96",$108.72,University of Western Ontario,Professor,1998,93b2488a5ba50cc6c23912987e184063f6a3ecbf7073d537694d8545ea45fee8
Universities,"$139,799.04",$108.72,University of Western Ontario,Professor,1998,a952a562e1b96e10e4ac25a06e66db2c72456b35cec281679e3b8b5dfa2b9793
Universities,"$116,538.00",$108.72,University of Western Ontario,Professor,1998,e322917f560edd3080403499c39ae5c7bd01a8089591420789410098fda1ff7c
Universities,"$101,584.02",$108.72,University of Western Ontario,Professor,1998,08c2b49e2a518d6db50fb9578c3c91bbce277689587851c1bc78b14d37989f56
Universities,"$123,317.08",$108.72,University of Western Ontario,Director-Health Services,1998,220696cffdbe2cf3e8c7a4dab1298edcf10599c92008dc8b4efc0d47c4c3e415
Universities,"$101,913.96",$108.72,University of Western Ontario,Professor,1998,9387784c029b78ab5433e1725fa1171826bf032bf401a82204b09f4706b020fd
Universities,"$132,054.00",$108.72,University of Western Ontario,Dean/Professor,1998,9d5f87cf2949d7da5dd8877ac6c54b6d41fa10791fe136779a712de87bd4e259
Universities,"$100,183.39",$108.72,University of Western Ontario,Associate Professor,1998,29025e4f5b9d58d4fff1093ae6e1075fda44090e5f0823af56c9afeec9ece888
Universities,"$110,000.04",$108.72,University of Western Ontario,Professor,1998,38a0786ffd4d82f52c2b7a888855569186c72df71a1460df4870b5deb3e9ff84
Universities,"$271,166.64",$108.72,University of Western Ontario,Dean/Professor,1998,b7e920d6524581c42a1650a184bcc07bf11852f2497becce90c3b4eb03bce9d7
Universities,"$106,119.00",$108.72,University of Western Ontario,Professor,1998,15033af1fae904d99d6dd351b22663fbe96cd3660c04fef95ef1488bf2336bc7
Universities,"$182,500.08",$108.72,University of Western Ontario,Vice-President (Admin.)/Gen. Counsel,1998,0628d7323817fd3c20512fd5d9e30784beccbe0e58b0b4149abb8c246cd9fcf0
Universities,"$121,309.00",$108.72,University of Western Ontario,Professor,1998,723fa778a751262c0171a6c6b7252d2c754e40695a44a1f7c035cfe2c5ca4bc1
Universities,"$100,244.04",$108.72,University of Western Ontario,Assistant Professor,1998,e3f0be762bfbf40ff95c455fb422bee33ee998a146ce987192d1928dd31ae24a
Universities,"$105,387.00",$108.72,University of Western Ontario,UC-FMCA Professor,1998,a1f1ddc6b60d26bc735b52aa8830d8af12a692af034a75f90165d83443908465
Universities,"$112,088.04",$108.72,University of Western Ontario,Professor,1998,a891e1aefbe6ce8b99885f4f10cfd82d1f3baf96a7fa354da568fe857da4d05f
Universities,"$150,000.00",$108.72,University of Western Ontario,Provost & Vice-President (Acad.),1998,0a59a8614f8061545e108e24d007eb0b32cb37a7b20525e4e8c0cd522082e54c
Universities,"$136,500.00",$108.72,University of Western Ontario,Dean/Professor,1998,68824171c5b37cb3f4835d812aacf9c63baab6b11258ee68afb4d93b08613850
Universities,"$154,001.04",$108.72,University of Western Ontario,UC-FMCA Associate Professor,1998,dd3053e609fffd09971a29649ba47e9ef59a1ce9b03921559b0e038b8c0fb50f
Universities,"$112,509.04",$108.72,University of Western Ontario,Associate Professor,1998,b1c34baa082226eeb5f69222acb106716a5bb29cb1784a4b0d91110ef2dbe5a6
Universities,"$100,899.96",$108.72,University of Western Ontario,Professor,1998,517666fb1ebf4d757aeff49aab9a2059532407747ab9e57fb1fa42f3e3d9d83d
Universities,"$102,473.04",$108.72,University of Western Ontario,Professor,1998,a5cb58a1a82799fefa0ecb385b104dd7a54652f05517884d9582ee303e8b3ee9
Universities,"$163,624.35",$117.78,University of Western Ontario,UC-FMCA Associate Professor,1998,3c731da3950b5ba924478fef0d3245bd41f392348b3106406ff9793dcd336006
Universities,"$159,406.71",$108.72,University of Western Ontario,UC-FMCA Associate Professor,1998,2085f7249c0f16c07c6bfdeebd9a2abbca5764cde543b3f3564966dfdf5a9808
Universities,"$103,349.32","$1,059.40",University of Western Ontario,Assistant Professor,1998,52d9efd0aa789105358a472c617f1538f694981d9f172a3f8bf8f160e9fbc83f
Universities,"$118,682.08",$108.72,University of Western Ontario,Professor,1998,a18c92d0887b1947ea4565b3fbee3ae9c041940b34bca38e4f63db54eb97ff9f
Universities,"$113,000.04",$108.72,University of Western Ontario,Dean/Professor,1998,691d7cfd2035bdb128a6cef081220e13a2571c544e3cd108e94d00c1d9205454
Universities,"$106,463.04",$108.72,University of Western Ontario,Associate Professor,1998,206133c27da9267a7010c93ccddf5af823f8202534689f0ae86663148ba6c3a1
Universities,"$173,844.84",$108.72,University of Western Ontario,UC-FMCA Chair/Professor,1998,8d41b799f8a15613ae38fab4149f76dac4fad6e31ab71557d2657572a185507a
Universities,"$101,102.95",$108.72,University of Western Ontario,Professor,1998,10bc0b312d8eb0d88a842a43dc2723d97dfbc9e7d385f99df682b191c375fc85
Universities,"$110,354.04",$108.72,University of Western Ontario,Professor,1998,e11e787c0243b097fdc41dc03c796d2fbd01cf71032260cd607d16a1a3e2d7b0
Universities,"$103,292.04",$108.72,University of Western Ontario,Associate Professor,1998,db833fb644fd8e12e7fa563d4c9c6310f53e1fd5ebac800c39efe9ed2ab8b72b
Universities,"$104,829.96",$108.72,University of Western Ontario,UC-FMCA Professor,1998,b120593aaa64daf747789f237a78cdfaca05c181d75f302ef9186b1cc52af6aa
Universities,"$106,265.00",$108.72,University of Western Ontario,Sen Dir Phy Pl/Cap Pl Ser,1998,079af11ec659a1edc888be11157bec88d24ecfb6c2ac0824288ba2528c31c4fd
Universities,"$119,672.99",$108.72,University of Western Ontario,Associate Professor,1998,3849cc99979b980777a0e2e929e420300f9723beae1a4b6a21f4fcc0af9f927b
Universities,"$107,722.50",$108.72,University of Western Ontario,Professor,1998,6273057f7ab1aa789eda8125417cdc480d2a71423406261d0eed7aab7c24ace3
Universities,"$140,030.40",$108.72,University of Western Ontario,UC-FMCA Assistant Professor,1998,7c56fd0a6e1a85884728ea7c7543fd1a8890ed4f09b5ae76b40188ae937df738
Universities,"$129,931.08",$108.72,University of Western Ontario,Professor,1998,45fdbd420a84b7653c890e5b8f05c440d8cec3c92dc34e2804dac3ff232eab34
Universities,"$101,834.04",$108.72,University of Western Ontario,Associate Professor,1998,318b8fc131a29263b0b6881e8d4efb55ebaf9239c28fb22b46cdadd01a3e1d67
Universities,"$114,824.04",$108.72,University of Western Ontario,Professor,1998,99c4008203d54c73e1b2d4a2a7b940ff242a1b796e304d147a3439b52541b030
Universities,"$156,168.15",$108.72,University of Western Ontario,UC-FMCA Assistant Professor,1998,23064df37765648d0475535d3603af36bd02faf3ac296fc5d985746d28231f36
Universities,"$131,795.96",$108.72,University of Western Ontario,Professor,1998,5cfe1d394153e3eaf8031c001780f96cdc4e12e10866a45ca037f46e4fb4d9e7
Universities,"$106,417.64",$108.72,University of Western Ontario,Sr Physician,1998,409363336130798f893d99f0ad535b6f1d0e83d3f02c12c6cb0ac35734b78098
Universities,"$116,893.74",$108.72,University of Western Ontario,IC-FMCA Professor,1998,86bf1d92e215666ab0ca98a0e49c9135c407027dcd6cdb020e3f4cced3caf543
Universities,"$103,332.96",$108.72,University of Western Ontario,Professor,1998,c364ef5c389355895df1ecaf38af829702cfd14fc2733f2c14ec91ec1d2ca5e4
Universities,"$112,272.96",$108.72,University of Western Ontario,Chair/Professor,1998,a9765c008ff4925aeb1ec40f35a6e22ff2840422e80f9f42809c898af9629d41
Universities,"$104,181.00",$108.72,University of Western Ontario,Professor,1998,eda0cf413484b0eab9806341d5d32251d3401842e9b3f25b6d95a865c73e8439
Universities,"$123,013.00",$108.72,University of Western Ontario,Instructor,1998,9df9f9b0b05caa10b8731fa2d9fad306b7dedf7d3e286ce645b1ace7a84468b7
Universities,"$103,158.96",$108.72,University of Western Ontario,Professor,1998,543dd4b6fdc05c3db0d984b11d946bad489da1fb40e2cde4b025c7a8d199f925
Universities,"$103,593.00",$108.72,University of Western Ontario,Dean/Associate Professor,1998,599d4f45cb88eb169e6e00bbfbb8c513050521dff56bb29507bef3a7577a845d
Universities,"$156,124.23",$108.72,University of Western Ontario,UC-FMCA Assistant Professor,1998,b77dacde4c57b97c694adb886305ca124152859ed1f4c2819b023490c114a496
Universities,"$156,124.35",$99.66,University of Western Ontario,UC-FMCA Assistant Professor,1998,7ff4ab5d86193018b926fbf5af9345fa1308b892d4b2905708749fa8be27c68d
Universities,"$156,124.35",$108.72,University of Western Ontario,UC-FMCA Assistant Professor,1998,b67685b6ce1440cadc9205441fe30d8e24eb31ebb5e82053e34204dccdd939e1
Universities,"$152,049.96",$108.72,University of Western Ontario,Dean/Associate Professor,1998,684943a948557fb7a19f01a6ad7957fc1b25afde9eca0931a48a21039dc93f52
Universities,"$101,211.96",$108.72,University of Western Ontario,Chair/Professor,1998,16be0f5c3da815b9e0a1d96ec5ea714aa69cefc80733824e4f9051799ec329aa
Universities,"$113,721.00",$108.72,University of Western Ontario,Professor,1998,50e2cfa30a3d191e63823604846828bb227bfac9ae76adb3cd46ec8e0dcb45c2
Universities,"$105,361.92",$108.72,University of Western Ontario,Associate Professor,1998,6b919e6a92975f06b33a1d4a01fa63fa468985a6843a767f69869b5f8643ae91
Universities,"$102,166.02",$108.72,University of Western Ontario,Professor,1998,b28af19330ed2abaa82ec05e5fa0f95269652d448307d3a56591ff586f3ed214
Universities,"$123,537.00",$108.72,University of Western Ontario,Sen Dir-Human Resources,1998,a3053bee3862da80103a78c8c253aa8763c6ab98d2fac64f92ec62522e6e92d4
Universities,"$102,999.96",$108.72,University of Western Ontario,Professor,1998,a9ebb64fd593a1bb84ec19e33dd0a406a5822faef8f583bb850e657a48da61c6
Universities,"$100,950.00",$108.72,University of Western Ontario,Professor,1998,a7381c5983d6728b6a84a8164b780f6ac714fef69d45b52264d3c6e801055783
Universities,"$125,723.48",$99.66,University of Western Ontario,Professor,1998,2fb323f7bd683634a238bc25c693fc5046fef0b339bd373be360b075d19b718b
Universities,"$100,563.96",$108.72,University of Western Ontario,Professor,1998,58c0e20a6717738affef7c1d068f4584f97fc01a3a54ce600d88a937b961b2d8
Universities,"$137,860.44",$108.72,University of Western Ontario,UC-FMCA Professor,1998,db40b34f5486a3430f42da4ee647ce8817c5bf78e6036904e4cea37ae496e18b
Universities,"$100,692.96",$108.72,University of Western Ontario,Professor,1998,5f0894b031f85690c1b62406638de17ce3a83670f1a395359c1675db75c11b93
Universities,"$103,027.04",$108.72,University of Western Ontario,Professor,1998,c1c1e47ed8524a55ef51e2f0521a32850999df935f4c45e6f1ea58307dd032e9
Universities,"$105,714.96",$108.72,University of Western Ontario,UC-FMCA Professor,1998,99b9fdf80cce4e4defddffbecbe24f608c6cce450fcf5d834f62567c6247f08e
Universities,"$102,102.07","$3,774.40",University of Windsor,Professor,1998,9e6f8e7753b8d8fa3696ffe94bcf31a118e6f40317acb3225c249b03dee8e53b
Universities,"$101,978.85","$3,798.40",University of Windsor,Associate Professor,1998,35453c198f9a5bfbc0a45e1a3458582544e3854175132b2a4fc75ea8a31832ca
Universities,"$112,852.63",$458.40,University of Windsor,"Prof/Exec Dean, Coll of Bus Ad, Ed & Law",1998,052f7a92f281626775b29fe81d3e003eb4121686338433dba72d8091327606c1
Universities,"$101,469.98",$458.40,University of Windsor,Professor,1998,b6e726282053b6065ac47ae9a2f06b12fa381eb405d0070eb1d0096f5a2b59ec
Universities,"$106,247.46",$458.40,University of Windsor,Professor,1998,564ceeda1ec8ea0dc059048a10e1dd2a99a14350b21d68dbcfdf4b89c7def5e5
Universities,"$108,669.98",$458.40,University of Windsor,Professor,1998,977087461929b130d53c11a5d0076e53a91dddf025a9707d48542167b7e5cc78
Universities,"$102,001.06",$458.40,University of Windsor,Professor,1998,1b511f40802fb5bc58d2ecdad8f9ef02d2063aab7a309edf06d4eb9ebcce753d
Universities,"$109,856.46",$458.40,University of Windsor,Professor,1998,6fccd16d06db11c5ad6f19b267e0f63f4c64627be8f247c2821f9aa3d23af6a2
Universities,"$101,185.06","$7,435.50",University of Windsor,Professor,1998,10d8cf525fc777e103901c0a4dcb8655fcee2b719d8ddf54dd739fdfa7484fe5
Universities,"$110,145.64",$458.40,University of Windsor,Director of Human Resources,1998,a397656b83d8d9ccd1de22242161c71ed3e57d9a00514b4890cf5e7ff5236cb0
Universities,"$110,442.58",$458.40,University of Windsor,"Prof/Exec Dean, Coll of Grad Stud & Res",1998,cd0a6a1b5d92ec0c7d45825dd39cfae53a6b8612db6db672865769ca661e2366
Universities,"$121,867.56","$3,262.40",University of Windsor,"Senior Vice-President, External",1998,f2e19fa179ce2fd03bea0531a7923de76e3816b8ce8668ce747bed84ca1dc93c
Universities,"$101,058.02",$458.40,University of Windsor,Professor,1998,1c90bc45021f71e23c60c0f62c9c1bdd0734a247101a6a17da67c5f135c5e8ce
Universities,"$109,826.59","$1,893.65",University of Windsor,"Professor, Head, Biological Sciences AAU",1998,ab05359687ffc33fc9622c78d31b7bcd28d3cd0883cd546f17dc910bc0f0e9bf
Universities,"$129,021.92","$2,048.90",University of Windsor,Professor,1998,3a7ab7502e9f8219cae5001b1f68be57719e7ef820844f4b5241bf9fe045e703
Universities,"$104,235.61",$458.40,University of Windsor,Professor,1998,dc8b2cd019e0ce3a26d51940c4165416d4d93ba0bd774987d00617846e37565f
Universities,"$115,653.01",$458.40,University of Windsor,Professor,1998,86c943aa1715ecd86b937e876196caedb73d33e07623396a6cee91b1dc6f92fc
Universities,"$114,689.61","$3,774.40",University of Windsor,Professor,1998,5b14acaa29306c8d077a7b57c1459d9c892be0466500c3b4e3c91e7a6f5b096a
Universities,"$130,878.02",$458.40,University of Windsor,Professor,1998,38dce2de02bfee39a10af556c5b437c0b7d41acc420650a1d03647e78ac66cd2
Universities,"$120,539.09",$458.40,University of Windsor,Professor,1998,a8f3d14aec0e6a67725631c8877d06a4f99d5434bd69105a7e76982518cbb931
Universities,"$103,191.59","$1,784.60",University of Windsor,Professor,1998,f5b77fd10737ee1eb7e8b303f667b55a3ab1772b0664db2573f588a0b582b8f6
Universities,"$127,125.54","$3,774.40",University of Windsor,"Prof/Exec Dean, College of Eng & Science",1998,c0495bf9c69753b4748d5fface463b4a6a9835dc6c7c7f2d0da34e10b988266e
Universities,"$129,371.26",$458.40,University of Windsor,"Professor, Vice President, Academic",1998,bd58f859c5b8547aa41737680ec1167819f0a7e671dd8d5bea3040d58d4c1580
Universities,"$101,909.26",$458.40,University of Windsor,Associate Professor,1998,509e0acd222de6d33d93858a9aaa6108a0d51e1c7767debf4a0cccaee4b3cf2e
Universities,"$134,400.00","$8,236.40",University of Windsor,"Vice-President, Administration & Finance",1998,a05655d86a7ea361ea88fba08783969439059d9c3c992dcf524e86ad86ea31f6
Universities,"$109,963.99",$458.40,University of Windsor,Professor,1998,4273c1e94799683b98ac61f44b6185507b33f10aee2bfb5a7bd3ebbccfc10d8f
Universities,"$100,045.53",$458.40,University of Windsor,Associate Professor,1998,2564bfb176378b0dce94fc05d4172e0ea2ed04f7f09348dec16a092fe366d6dd
Universities,"$106,815.91","$4,119.50",University of Windsor,Associate Professor,1998,a41edf85d03bed47ef3c3af7d47297c7deb555b087c083c1b35e966392d8523e
Universities,"$107,536.10",$458.40,University of Windsor,Professor,1998,224be35ddf3055bd99931bb5466cce3b9a0830d44edc37f2adc7c58003b2ab71
Universities,"$131,756.91","$3,774.40",University of Windsor,"Assoc Prof, Secretary & General Counsel",1998,af5ddeb7444d2949faafeef27dbd107bd9cbd9a6ab41241ad0c044ca81fb8d0c
Universities,"$141,712.92","$5,513.65",University of Windsor,Professor,1998,11d3ba1ac08e2ff54ee00691e1748c7e63e5586ea01518d3e4ee23a23e2f6d94
Universities,"$111,760.69",$458.40,University of Windsor,Professor,1998,39677de0983230d08c28e8ff281d76fc962d87f1bcda708013f5cb08a641c7d6
Universities,"$128,649.41",$458.40,University of Windsor,"Physician, Head of Medical Services",1998,8c8c99068576f6a6aff91f9d6fd2b98e7abeb71264b47dc55e5fa1c9553cc7a2
Universities,"$100,321.43",$458.40,University of Windsor,Professor,1998,22f199c514c51f59e1d747088f2ee5a118ade17b8651e053911b9baa4bf6a15f
Universities,"$103,472.95",$458.40,University of Windsor,Professor,1998,ce0e3c46f8a9abb814e4b0f86e0518fd1e296a0ce264170406bade1e38a2ebbc
Universities,"$100,615.83",$458.40,University of Windsor,Professor,1998,d1577611c25a7a7055280b4c22f65e8290f6d16d16dc58a79892a375df88bb5a
Universities,"$102,808.91",$458.40,University of Windsor,Professor,1998,1b4a972ea32a3b191a377edc21c3f32ef694b63db921b74988e08f3f9ed9a2df
Universities,"$100,982.90","$1,197.40",University of Windsor,Professor,1998,ea34bedef00a03efc1e1bfcc3f5067154dd122da5d70fa09b6e2f02bb65fc2e2
Universities,"$115,245.52",$458.40,University of Windsor,"Prof/Exec Dean, Coll of Arts & Human Sci",1998,2afb98899de3ebba89e379461dd1e553e6f7e8517d929d8da907e3022adf65fd
Universities,"$104,323.99",$458.40,University of Windsor,Professor,1998,3e68259a3f293a899da20144dc30dfe89cee50479987b7f3260989f91edf5b30
Universities,"$101,639.02",$458.40,University of Windsor,Professor,1998,09e7f85e95ef0704ff9d83b9cd788334197f3003f6ae621cf68c1774bf87033d
Universities,"$103,721.58",$458.40,University of Windsor,Professor,1998,49b660ad1d22da5cfa591788e46a664ddeebbcd67d00adef6e32a6299fee6d2b
Universities,"$100,706.92","$3,537.20",University of Windsor,Associate Professor,1998,6e8513df755c762cda7c63ff6af3f8b35e9cdb95d78a9b00a4f24ea39e898573
Universities,"$107,970.45",$458.40,University of Windsor,Professor,1998,db8c8a4fe459275afdb22b5ed67a7e3f416491509830763994dd8bd2e0ecc652
Universities,"$100,938.98",$458.40,University of Windsor,"Assoc Prof/Assoc Exec Dean, Coll of A&HS",1998,b65e7c0c30b65d53fb04e37276a0a98aebe5f7ec5f25fe6d2cbc4880cd551728
Universities,"$161,204.46","$14,641.16",University of Windsor,"Professor, President",1998,4ab2ff711c3c35336fc42e956c0097d67c000ffb0db7158b966e24230f49abc9
Universities,"$105,040.55",$458.40,University of Windsor,Professor,1998,7706d0df4ab5ed4313dda0d072e8044af4e0bc1cf320809a67c80d9501d010a4
Universities,"$111,949.92",$458.40,University of Windsor,Professor,1998,5a4fcb20d6e3c367e2abbde25a80227c372d3dc6bd34546db426c757a355490b
Universities,"$100,744.04",$458.40,University of Windsor,Professor,1998,3c8bc1c0d6bd6cba0f6404e7d9dcfb1e94fea19f848388fa37d30208d5533a6a
Universities,"$107,989.46","$2,048.90",University of Windsor,"Assoc Prof, Nserc/Chrysler Ind Res Chair",1998,f69d34adb6f114c28d8dbe849228e2ec4525af3b3de0923ee24705ab863e9f2d
Universities,"$106,321.89",$458.40,University of Windsor,Professor,1998,6d8a9ab6315fed6a513a370c597dd821ac0cda498704576d36589433f82271a4
Universities,"$108,018.45",$458.40,University of Windsor,Professor,1998,e1fb1b069ad4a3e2d0164b287cc00b12f1fce4ee2e7c86889dfbaeb09fb39db6
Universities,"$101,116.68",$458.40,University of Windsor,Professor,1998,59f0c1eb3fb9623936497141161929003223eec60bb283f35afacc83c5fac714
Universities,"$101,973.49",$458.40,University of Windsor,Professor,1998,6a64a0f60721cc8ebed5583baa0d7eb8b86821b7d91117b3c9547ef51e3c4034
Universities,"$109,818.00",$458.40,University of Windsor,Professor,1998,3061d623b87282c91a272d5083547491e4ace73cc4d37ea1517fc050f9c7636f
Universities,"$108,732.69",$458.40,University of Windsor,Professor,1998,473857937d68164e475554b5da2331b2283e2b375332f0c3c0e886f479d30b30
Universities,"$103,226.39",$458.40,University of Windsor,Professor,1998,d83318203b8e93a90045db6404fd42565be2f26d5f2c8a89d1974312ffe3b21c
Universities,"$114,138.00",$558.12,Wilfrid Laurier University,Professor,1998,3d9dce105188318e4aef391382f87b863afe92eaaed2dff0cb4b7ecf6d3a9485
Universities,"$106,833.00","$1,201.31",Wilfrid Laurier University,Associate Professor,1998,73cab9dfb5358c841350257255efcbde37f64fd1204fe61d80e1ebe84f7745ed
Universities,"$100,123.00",$535.56,Wilfrid Laurier University,Professor,1998,56e17faf707f31816dfdc0e37ebe01b189a47a503e3032e75ffa431a9e5ed9e0
Universities,"$147,227.00",$830.64,Wilfrid Laurier University,Acting Dean: Arts/Science,1998,b3a69f72f569f2841573f6684ae1eb363a2719cf34e7e5778878a2df9d1ecf7a
Universities,"$105,166.00",$595.74,Wilfrid Laurier University,Professor,1998,a05638aba51e1ec11d5e87b88be26d5850f8396e5c5eadb8e34574650cb77fd6
Universities,"$176,509.00",$996.00,Wilfrid Laurier University,Professor,1998,3db13cda4a0ed0a171e090b488de58d267576b1aae8125b06f2c0f0c7d3b2fbb
Universities,"$100,741.00","$2,706.41",Wilfrid Laurier University,Associate Professor,1998,0f182e1e5a1576b204ec4ac0bb269b9367e746341be418b9d6e346554c969b81
Universities,"$107,081.00",$605.10,Wilfrid Laurier University,Professor,1998,df27f5aa7b633068038f1804062a98cfe51a987029e91cff8344c055267fafd1
Universities,"$105,749.00",$597.60,Wilfrid Laurier University,Professor,1998,a8ea1860eaa77ed4d94265cb36f2a0e9bdb9933b96f3dc6e6e75b1cb4ba189bc
Universities,"$101,813.00","$4,365.90",Wilfrid Laurier University,Professor,1998,83a56f3a37ad66c70fb31a9451fa74d3de7a47626d77b7cd7e9c88bd09f66c2c
Universities,"$105,041.00",$593.82,Wilfrid Laurier University,Professor,1998,eefa82bd1d5ba2bf6bbaaa1450bf36e2294cf44b7a601e6675fb3250dc772706
Universities,"$100,795.00",$607.64,Wilfrid Laurier University,Dean: Bus/Econ,1998,030dd764fc619f6c954c5b4dcc2fdca36f96b0b26f6328a7d9d2791541874868
Universities,"$114,095.00",$546.84,Wilfrid Laurier University,Professor,1998,1536e7ec5898d41645bd70e5fc950f31873ba7d09166bcc58dcab2f725710ff4
Universities,"$105,987.00",$597.60,Wilfrid Laurier University,Professor,1998,b7ea80ea5717ca554eff0e2c26bd06b41057117985b92fceb5d33fd634680ff8
Universities,"$100,386.00",$501.72,Wilfrid Laurier University,Assoc. Dean: Bus/Econ,1998,682bd063486ba8d71710469acc997e6dc275a40b83c5d7861680b362ea5f3cee
Universities,"$104,991.00",$593.82,Wilfrid Laurier University,Professor,1998,7748bc08615d2910be64f1e0b31559598c29f2a92fff22b749bb41fb332f90ec
Universities,"$124,668.00",$565.68,Wilfrid Laurier University,Associate Professor,1998,92cda7cba20cb51569682a6042b2f24cb4f495fe73b4fdfa2b881f490502ab39
Universities,"$100,306.00","$2,594.54",Wilfrid Laurier University,Professor,1998,755add6ec7430bc21981bbae188380e9c273f5ee024a6b374e6989e2cee594a6
Universities,"$111,432.00",$563.76,Wilfrid Laurier University,Associate Professor,1998,fefad6befb2923af09b91a3075785386b6462e5ed8dc0bd8d4c9045436d3d2de
Universities,"$106,315.00",$601.38,Wilfrid Laurier University,Professor,1998,be43eaf3b89636a83f6e66c1ddb63b3417408ad467ab6abdefea4350090d7131
Universities,"$100,776.00","$3,457.20",Wilfrid Laurier University,Professor,1998,13c65a4efe54116cc8301455c051ae965ce74f4187b54d279c002656b4ef98d2
Universities,"$121,976.00",$689.64,Wilfrid Laurier University,Dean:Music,1998,c4cf15133d55f240275ad3504703ddecc87190076192a923d779fa8a7992b539
Universities,"$119,013.00","$1,934.98",Wilfrid Laurier University,Associate Professor,1998,8a850a5c1e9b41c6899f7305d223145e186af4571900ea0a2dd8c4e3ed3918fa
Universities,"$100,782.00",$569.40,Wilfrid Laurier University,Professor,1998,2eb91062ed0db79b3c149606cda70db48a99ac80da5c934020c5166613f03ffa
Universities,"$107,479.00",$607.02,Wilfrid Laurier University,Professor,1998,d1c175921814e973e88487c3026041614c6a5d64fb85f166a345d4fe302aabce
Universities,"$124,785.00",$706.62,Wilfrid Laurier University,Dean: Social Work,1998,a3c5db857d5e1f065075a87fba25be0613a64037c13543189dddea9d8d6a105b
Universities,"$103,317.00",$584.46,Wilfrid Laurier University,Professor,1998,e8fb464fa96d1f411ffebc62c8d65289ecb3488d15a6588350fe98d6b0fd1658
Universities,"$100,005.00",$565.62,Wilfrid Laurier University,Professor,1998,3d2749d26e345d2dda0f4b66716e77e6d55aef970d219264c7c0dfec7ea72191
Universities,"$108,345.00",$597.60,Wilfrid Laurier University,Professor,1998,ab5e5a94126f7235fc68f3e5acb46b80c68163f0ea5a05c295bc69c5b56688d8
Universities,"$106,976.00",$591.96,Wilfrid Laurier University,Professor,1998,aaec33aef50a0a93f9ac2b68180371d58178725c6658bef91e9816f16a02a987
Universities,"$115,812.00",$595.74,Wilfrid Laurier University,Professor,1998,2e5c7f2066f5a9090beb677cc0858b76a57bef581c292c0ccc4095c59456143d
Universities,"$115,430.00",$565.68,Wilfrid Laurier University,Professor,1998,cc593ee07fca713261fb5e8fc6a08a30a143213cf84dab613382ff8729357e50
Universities,"$144,787.00",$770.50,Wilfrid Laurier University,Dean: Grad. Studies,1998,b25a393c7ced1d8a6d7ccf8618f38a9248fc12f9a0bee1fab018f3f4c7d653db
Universities,"$112,119.00",$569.40,Wilfrid Laurier University,University Secretary,1998,539f45d5ab29de9c454dc778ad02ba151fc3a71530142a254810f3172a1bb48b
Universities,"$125,368.00",$710.28,Wilfrid Laurier University,Professor,1998,fa5fd39b28a6a7969b636531422fc2ea5a81902697e80fc785a71fd32023b2e8
Universities,"$137,779.00",$777.96,Wilfrid Laurier University,Professor,1998,b6541a321822598bbe9fb1b49c8016c2027496738dbbfe3e486d830f028fbc8a
Universities,"$102,305.00",$578.82,Wilfrid Laurier University,Professor,1998,5574b3a621c9a6bd54ae818d094b65bb11f4b99d1c694c262a2e9f2cc919fa02
Universities,"$105,920.00",$576.90,Wilfrid Laurier University,Professor,1998,ded68c823a81221c335f56d0cdf0b8b0a6e27a3c99453ade89735a414e995c98
Universities,"$106,938.00",$605.10,Wilfrid Laurier University,Professor,1998,b081149e4fa630f33451e7ec6c0b931fa008f6436263c2376f15fe66936f943f
Universities,"$143,577.00","$1,067.82",Wilfrid Laurier University,Director of Brantford Project,1998,ccccf2a0e4d56ea26c1ac139d304345a466cc5831a8c7604ba03953e9921b5cc
Universities,"$103,341.00","$1,003.10",Wilfrid Laurier University,Professor,1998,9c200e78fc2286d54be3ece024b628d5358a4aa3f31e3591d804ffa3ec57dd25
Universities,"$213,015.00","$5,191.64",Wilfrid Laurier University,President,1998,30437464de9b4845732661c896d4d5d07998456e8791867f2ad722ba3861e20a
Universities,"$109,392.00",$573.18,Wilfrid Laurier University,Professor,1998,56ec5643daf25b9ec597b26ea78e20250bc028e8596165633447bbb2d212779f
Universities,"$153,736.00",$864.48,Wilfrid Laurier University,VP: Academic,1998,03340cc9abe86dcfc64bf45686bf359a49a94488c042c2ddeadf44ba6f881d9b
Universities,"$100,839.00",$531.84,Wilfrid Laurier University,Associate Professor,1998,20e7201a2f45737325438b87fd2a9a8c0f49961792386060f7d605cde0ee7a74
Universities,"$114,606.00",$570.64,Wilfrid Laurier University,VP: University Advancement,1998,8b782a1a3a386ebfe6d79ac4470696fcb156b6561e14a50afed30cb674b764df
Universities,"$116,763.00","$3,787.21",Wilfrid Laurier University,Acting Dean: Bus/Econ,1998,16be57354c22c7daa4993d4463e34ed3e8deb8e80612e337e623348202b5406e
Universities,"$123,000.00",$569.40,Wilfrid Laurier University,AVP: Human Resources,1998,0accc4e52a4d2dfb1fb0aa687bf7750a97d23cf2dda775ff690f03fddf8f5001
Universities,"$120,716.78",$477.56,York University,"Professor, Mathematics & Statistics",1998,3b53ae4f15297da7f1366e6dacff78dca56d192a26650eb1b013be7864aaa520
Universities,"$100,682.32",$552.52,York University,"Professor & Principal, Glendon College",1998,ceffe1724e8b46d345550f12f35d30acc4ba75dd2e06daafe046ded21f15a8d1
Universities,"$187,600.71","$1,014.24",York University,"Prof, Osg Hall Law Sch & President Emer",1998,2d53b52996e464b7b37f9f5a92bf2355634b078357993aa47c42c6bbb4fe61ea
Universities,"$105,276.62",$552.82,York University,"Professor, Schulich School of Business",1998,7c2fe5d1da1cc3c3d06494fc8d465d7709819ba4418f49823fc2a6c92ebab333
Universities,"$119,679.36",$542.68,York University,"Professor, Administrative Studies",1998,8a7d53294c8501bd31db1f03cb865d280c0eadeba9cb1a0055c642d1ec9aa6a0
Universities,"$121,718.04",$668.88,York University,"Professor, Environmental Studies",1998,a98de33c8d7b2c33b53c2a984867e6d9c4e1faf1dd8402b03d40f88127b64557
Universities,"$110,264.28",$589.40,York University,"Assistant Vice-President, Finance",1998,d1fed84ca18671d8c0121e771e92b8778b1197c0277d4a838be53d83ef16bb77
Universities,"$127,898.16",$633.49,York University,"Professor, Osgoode Hall Law School",1998,4aa2a35eb5dab3bf14438fffb8f0b4720be1073d3b29cf282d8cbb7e6fe20776
Universities,"$118,945.68",$652.36,York University,"Professor, Schulich School of Business",1998,11653f981c9ac990fdc6d3c0394d5a18c1db0fa26497ef895949e1537a1bb6e9
Universities,"$113,510.64",$623.12,York University,"Professor, Schulich School of Business",1998,9eb85222b230ffa1f252b4a168bbf62dbfd48543a02d6e70161d4cbf72b97adb
Universities,"$155,613.60",$258.98,York University,"Dist Res Prof, Osgoode Hall Law School",1998,fd987b975ddedeae2760d3a965cd8eb3989ca1a62efca85a5c6a57b984e2506d
Universities,"$135,855.24",$717.24,York University,"Vice-President, Administration",1998,e01fe6b28228d6d988bae349ff67e804e54455be81bbef8607c57a038746f5c7
Universities,"$120,000.00",$657.90,York University,"Professor, Osgoode Hall Law School",1998,557b6c207fc35dc2e5e23e77408a7f2d33340cfbaf9bfc87594ab285d8864e56
Universities,"$103,352.51",$537.28,York University,Senior Advisor on Technology,1998,6a6f67d7598705c59d6ad38535322348d51ac6126dab07cd5421e5a6e6536e98
Universities,"$103,788.96",$524.28,York University,"Professor, Visual Arts",1998,2124451a2be1d8d0ce305738f901167136571fcb191e26212a4ecbd7e07551f5
Universities,"$147,373.44",$597.67,York University,"Professor, Schulich School of Business",1998,7042ddc81d64663c0ec3e4462aa5384655d8ac278e939b5285990a5aee0dd85a
Universities,"$106,805.96",$482.44,York University,"Professor, Psychology",1998,421fb10b289b4dc334bd584b2f439d08c8eac83b0c3644c375306ef4435a3736
Universities,"$130,418.04",$715.68,York University,"Dist Research Professor, Biology",1998,68cef534b1866807d19863c1a41e76d3af6e9205406090f06e6c8845182468a8
Universities,"$111,800.69",$613.96,York University,"Professor, Mathematics & Statistics",1998,3228a8358a08b5c97162742eaf6fed022f9d64326cf4976c60a9126047023e7f
Universities,"$104,235.27","$3,785.72",York University,"Asst VP, Campus Rel & Stud Affairs",1998,6b17ac5e5cdf52612fc456e30bc60704556176dd64e5d3eb89b59dd275722559
Universities,"$107,180.64","$5,258.53",York University,"Professor, Computer Science",1998,d57d7d50db8d654e17dc346935266312e754b081636b088a30235acaccb91591
Universities,"$116,305.25",$591.49,York University,"Professor, Osgoode Hall Law School",1998,392ebc18fdf791cf7a81337d4ab35789d20fa1944a6e89e68aa12ea194495ff1
Universities,"$119,259.04",$654.24,York University,"Dist Research Professor, Psychology",1998,491612d16cca67339f20741de2f398d5e6cc11ab77dc77bd9689a2f3ad798abc
Universities,"$122,692.40",$673.00,York University,"Professor & Dean, Faculty of Arts",1998,eb1ade43c24cb6fe0d19680cb2ba1751ebef12542dd1982727e3cc2f45c9ef14
Universities,"$107,205.63",$588.48,York University,"Prof & Assoc VP, Research & Faculties",1998,e4aa8c5e8ba1e1077dd3228774a281a9fe8a0cabcafb851d461b555a707d2345
Universities,"$119,647.30",$610.48,York University,"Professor, Osgoode Hall Law School",1998,6e3c06c0c6b807239373c245d8333fa2ed4a54e1174cc2eebceb9f8599b66888
Universities,"$123,505.68",$677.96,York University,"Univ. Professor, Environmental Studies",1998,2cde90eabaccf31eb62855092e219b52697f77d527b21ed70b377dce16cd3b5d
Universities,"$102,762.28","$3,771.55",York University,"Professor, Political Science",1998,b2ca424d50c94438926174c64b179709a5d3b170fa8a0058783730e1c2dced5a
Universities,"$105,972.36",$607.88,York University,"Professor, Osgoode Hall Law School",1998,4dac571dc320bf01faea8a9470139183db0fb01ae22e73751e1cb4dea125c89a
Universities,"$104,410.74",$0.00,York University,"Course Director, Humanities",1998,b8e11daf3ac4b3ca32c20781e7d89af45541359f33b8a3dade011f1b2942f084
Universities,"$141,754.46",$245.09,York University,"Professor, Osgoode Hall Law School",1998,dd0f35a8a207cf8fa61b9692f2a92c94359b201063dd4bfa1fbb25517c98e37e
Universities,"$120,011.16",$642.68,York University,"Professor, Osgoode Hall Law School",1998,abc9186eabaff337b66919eec09c3414001b0773e3654da6ab3f6df101a68a86
Universities,"$119,120.37",$648.21,York University,"Professor, Chemistry",1998,9b842dd98dc541d2b27225b0c40b1f72ed3f88863a41957b278aa1837f8958c4
Universities,"$131,877.55",$706.87,York University,"Professor, Osgoode Hall Law School",1998,5d5f66ec23be6b198cb25c1136d7e35cd0812bd704be7bd1c807e9db3df24bd8
Universities,"$118,078.55",$631.69,York University,"Professor, Osgoode Hall Law School",1998,0686573f5b143760e781b60af3744f0b76132ed27cb59f118464bd652308cc38
Universities,"$108,343.00",$595.72,York University,"Professor, Biology",1998,2ab2c747b0fe57feed07db38d418d2fbfb40317c3c2bfaa590015efa7913d959
Universities,"$132,159.96",$717.24,York University,"VP, Enrolment & Student Services",1998,5ff4e26fbae7a7b6c02eea19e15d8a671a4a9b8340f47b08b4d1da0f3f9c82b4
Universities,"$120,936.48",$663.40,York University,"Assoc VP, Academic Info & Librarian",1998,f110d267c87e9f8160fb417de9b5964dfdcf02193bd8acdae856639693968b61
Universities,"$140,571.60",$827.53,York University,"Prof. & Dean, Osgoode Hall Law School",1998,e7ebd2d8509a6b3ed744ad030656a499e3cdb0b202f38af2c0428ebcffb4c001
Universities,"$102,343.56",$566.01,York University,"Professor, English",1998,22bddcc15ab957a97cd560381e65e43b641a0cf93a7c8c09e738f4bdf41b7f89
Universities,"$169,228.33",$832.65,York University,"Professor & Dean, Schulich School of Bus",1998,ccbc0c97d691ee0b1b24cd73298df09e281bbd7e8a323a4403e6a06b27c0a9c9
Universities,"$105,402.80","$3,211.22",York University,"Professor, Osgoode Hall Law School",1998,72373b147fc19426807146b0f1a089a1d663cdc1df27e427e952fb0161efa973
Universities,"$111,641.96",$912.66,York University,"Professor, Physics & Astronomy",1998,b20221b7090f7734d598cab7895dff955c30728be4f34ed02ebb663f64ed00fe
Universities,"$103,731.77","$4,472.81",York University,"Director, Facilities Management",1998,8d95120174e834f1ffc791f5d3fe4adcae028b4d41218809bb49b61d6d41e162
Universities,"$109,932.68","$3,941.62",York University,"Dist Research Professor, Philosophy",1998,1dc797f5d5293aee00df678cce271a6f6b351c13b84601df674f56816ab05b8a
Universities,"$125,223.50",$704.80,York University,"Professor, Political Science",1998,63c6a2bd2a603f9e07d087e1dd2895cb5f35e6107b10839581be80afd9065be2
Universities,"$101,583.04",$535.48,York University,"Professor, Psychology",1998,62455f07f9ba9b7b74e016d9d6a19aaba3bebac0e3cb36ad2f7ce725236eafc8
Universities,"$108,246.78",$607.60,York University,"Professor, Environmental Studies",1998,4fabf1faba4f1b54bf8cd4a681a0c504c6bda4dbbbe5dc69a335cb64294da982
Universities,"$100,851.68",$553.72,York University,"Dist Research Professor, Chemistry",1998,1c20381c17527c3dfca0f3c1be13fe7ef56e3f7ed9f0c1a14b15926ea020c767
Universities,"$133,269.96",$682.34,York University,University Secretary & General Counsel,1998,889014076c124995589645e6cb7cbef7b70f3f694b3b133633309f18bda25b42
Universities,"$102,884.69",$569.82,York University,"Professor & Dean, Graduate Studies",1998,5c8601a62d10074b5598497ffd7f445987213219dba0dea747b44e725771405d
Universities,"$120,835.32",$663.40,York University,"Professor, Schulich School of Business",1998,f6302afddda9b8844b4eeb95ee3724eb2c3b517ebdd731c702250d37addb1cb1
Universities,"$174,999.96",$959.40,York University,"Professor, History & President Emeritus",1998,e83677bdbf5d40f27f2a022a3422e7315e62cb406bec9207b679a8e01ac159eb
Universities,"$227,104.00","$8,574.91",York University,President & Vice-Chancellor,1998,12253204ffaa7d2c8b0105dfc4bc03869956abb422490b58560fd734bd613aef
Universities,"$101,867.31",$490.67,York University,"Professor, Osgoode Hall Law School",1998,09865d2a7778602ab0be3e347f2dd419c81de1e8dcf7b32f06da5a520747f9ec
Universities,"$136,515.74",$739.02,York University,"Professor, Osgoode Hall Law School",1998,8bd3fba59e2369755a83f96c359faa6e25e056068549d85c442b0c3397691f51
Universities,"$110,812.90",$592.24,York University,"Professor, Osgoode Hall Law School",1998,0b112463abbff7c7bc8502173e01a1c176821f1b5575644b39281882f16aa6fd
Universities,"$107,032.80",$559.20,York University,"Professor, Economics",1998,fb0e1affa72d8eb57c018fa52e8bafabb1f6af905638b058228f9fd456e43b11
Universities,"$106,362.72",$195.00,York University,"Dist Research Professor, Biology",1998,297d109f3bf84e32f2a52f74b4ce0f59b22111a1580892b77f201100031f91b7
Universities,"$116,203.04",$637.72,York University,"Dist Research Prof, Schulich Sch of Bus",1998,4dab942d745b83efdc0b531e37b0a597994fcc59284c075955710a8786163d57
Universities,"$113,697.80",$607.88,York University,"Professor, Osgoode Hall Law School",1998,cc00ea8fea82704782bd5ef97dec217819ada99dc12b7169cf2636539742833d
Universities,"$106,993.36",$586.52,York University,"Professor, Schulich School of Business",1998,b50c6f801b75b6ca8590b8a5f9b037732f00633894395eb6e10b8d9f42052804
Universities,"$100,506.64","$2,221.23",York University,"Professor, Psychology",1998,d597730208d98638a08e82d14a795e310e7664fcf7b285dd2130c00927e96ede
Universities,"$129,815.95",$725.46,York University,"Professor, Schulich School of Business",1998,2cb14e7fc4f9961987ae43a243577efa76472c66040ce3160427243160388554
Universities,"$120,877.96",$645.53,York University,"Professor, Osgoode Hall Law School",1998,9a8762e57266b58b7d0b0c47770d4d2ced666792b7da06d274ee805727ae8bc5
Universities,"$110,695.64",$607.36,York University,"Professor & Dean, Faculty of Science",1998,4bfbda97774808a40e8a390da05c547302aabe8409857d6a3039a05b934ddfef
Universities,"$113,279.60",$0.00,York University,Campaign Director,1998,9aae7d4e2c3b9ca606dd8ca935abdf11927d8f85791b4bc6eb882a1bf40db5d9
Universities,"$105,462.32","$3,185.71",York University,"Professor, Psychology",1998,67b472ccf2b5f5f0581f24bec029c6d5dbf28cd62f93895f1d92374b85670f8d
Universities,"$108,939.31",$561.16,York University,"Professor, Osgoode Hall Law School",1998,7642d7dcb12d6a73350a08e03a171987f0b7a17549e10afa439aa579b3a01f93
Universities,"$141,859.96",$777.88,York University,"Dist Research Professor, Psychology",1998,6ca52b714a664b9edd9817c11610c38e8c812fa349ff10fc5a7501dc91b8f6db
Universities,"$113,438.63",$565.86,York University,"University Professor, Physical Education",1998,4ea34c137cdedbb1c25c3e8f3ab58accf1a2a6bcde634f0f61b70801827acacf
Universities,"$109,178.16","$4,305.99",York University,"Professor, Schulich School of Business",1998,d56820f179cfa90803bef7804ff442d8743b694fa5a8def68df9f2e06f413493
Universities,"$132,975.98","$2,481.88",York University,"Professor, Schulich School of Business",1998,72d921134e874fc862a9a48db44eb825c4fb8ed2a80ca0e98ca6415b8bfb80b0
Universities,"$100,490.64",$528.64,York University,"Professor, Schulich School of Business",1998,ecf742c77aa7df05975cdc2a7772b38b1f76af9eb1a8be514593577182927970
Universities,"$110,802.68",$608.56,York University,"Professor, Chemistry",1998,33a08ef885913c1dae4915022d382c28b812df08d7310398715643535cb59789
Universities,"$102,975.96",$564.72,York University,"Professor, Political Science",1998,2fb1416c30cb286fc30cb66a7372af1cbb99454288c3983fb1d23a938a20b796
Universities,"$130,306.10",$663.10,York University,"Prof & Assoc VP, Strategic Initiatives",1998,e67cf26a9aa8eecfc99210505b2b31e70ec8e92f030d83aed9a8953369167108
Universities,"$113,339.56",$571.51,York University,"Dist Research Prof, Earth & Atmos Sci",1998,4e31bae9fdd900b8b8c75d0cffbfd727344b384d1b15e601c08266bb7e7f6d51
Universities,"$105,394.86",$626.19,York University,"Professor, Osgoode Hall Law School",1998,d9105e1da430b74784278d40d909b8734379ed566438a9338bc841a68d4dee5a
Universities,"$123,826.88","$8,146.36",York University,"Assistant VP, Management Information",1998,2202c621b0bfedcb7355f40af5647e10d1f526a5bf6ed73cd961412a3abb2007
Universities,"$130,626.28",$629.24,York University,"Professor, Environmental Studies",1998,940d0b21e1365ffc94fee159c5ca5fbddc2680b221f11841bc747276ae437861
Universities,"$141,805.52",$779.68,York University,"Prof & VP, Academic Affairs & Provost",1998,4618f5fee105c511b0dbb799297c4615ef7775c14dee24fd8f71d86c252ac248
Universities,"$125,983.78","$6,552.80",York University,"Asst VP, Facilities & Bus Operations",1998,a1ef191c8ed66024ace019a5b617ab16f1ec4dc51aed8d0e2d69b5ddba30d40e
Universities,"$109,196.32",$486.04,York University,"Professor, Humanities",1998,d4c5b7a6ced9fbf6b32075fc7499271b8e02fa62f50c559bec41cebe8f6f447b
Universities,"$107,604.32",$590.32,York University,"Professor, Schulich School of Business",1998,48afc1cb95b3ccede72b4684cdbdf298715c2c2b6ced66dbf2bcbb4d6962242b
Universities,"$100,686.22",$0.00,York University,"Course Director, Humanities",1998,99a6cee684d15bc7870de516ca1d165e6ba035b8b522de41b0dd88b4243ff933
Universities,"$116,109.00","$5,856.10",York University,"Professor & Dean, Environmental Studies",1998,0efb4c8f87d1fa65c580cd1d4d042fa7085a5e064f8256c902bf6fe1bdb74c70
Universities,"$102,734.97",$533.60,York University,"Executive Director, Human Resources",1998,caee233d2db040a41201b4b361f8d9838b04a53f43d7f2322c96cc5ba1f3553a
Universities,"$113,956.60",$701.42,York University,"Professor, Osgoode Hall Law School",1998,b9a0a219784432f2f8117678981402a3cb7e430dcf352e120fd635b4156050f3
Universities,"$115,374.57",$571.05,York University,"Professor, Schulich School of Business",1998,76323d3f93d37772451099716f1a0bba351b653bb2b4ec877cf15cf6eae54341
Universities,"$106,437.00",$558.51,York University,"Professor, Osgoode Hall Law School",1998,f9968cd364209f6e62cf662af4df5dbebc2da1c349709ae4c7e701bb65cc7883
Universities,"$108,180.00",$570.72,York University,"Professor, Geography",1998,9a7b8a0ac0d2b0d7beafca9ca5d36dbd9af004efa4c003182551e16fd4f0ab3d
Universities,"$147,656.90",$582.92,York University,"Director, Exec Prog, Schulich Sch of Bus",1998,3028163730edf91540f568325de60bef44cd7ed048e65d52fbb6e819c835a431
Universities,"$138,213.43",$719.66,York University,"Professor, Osgoode Hall Law School",1998,1f72d92835f7252bc703f89a58ae539268ac87631c804b4a992048040c147ea2
