Sector,Salary Paid,Taxable Benefits,Employer,Job Title,Calendar Year,ID
OTHER PUBLIC SECTOR EMPLOYERS,"$194,890.40",$711.24,Addiction Research Foundation,President & CEO,1996,8eb03f0cbce3e122475abd4d47904dd5a4b4accf0edca20bb51f53f27abca756
OTHER PUBLIC SECTOR EMPLOYERS,"$115,603.62",$403.41,Addiction Research Foundation,"Dir., Soc. Eval. Research & Act. Dir., Clin. Research",1996,5ac6575a207c79076638b243fe05601f755f33c5a35b84eb5d8edb0033eed4cd
OTHER PUBLIC SECTOR EMPLOYERS,"$149,434.48",$512.58,Addiction Research Foundation,"V.P., Research & Coordinator, Intern. Programs",1996,4079d2d53a40ea755635c2c7aeba5a8cdcb1e968caf98bf730cfc859037cf4d7
ONTARIO PUBLIC SERVICE,"$109,382.92","$4,921.68","Agriculture,Food and Rural Affairs",Deputy Minister,1996,3f77fa7b93d55fd8f6ccf81c0df73be4582f346e7315e65297bdf9a4935242e6
HOSPITALS,"$110,309.00","$3,157.00",Ajax and Pickering General Hospital,President & CEO,1996,32707732ce6bc64ac7d10f03ac507a58ab043284027a15528f520d47de2ccc0a
COLLEGES,"$127,332.00","$3,633.00",Algonquin College of Applied Arts and Technology,President,1996,1257bfd8b229342ef2011a27a05fc7a8aa18910021e428c881b224cd84ead48c
COLLEGES,"$102,999.00","$5,557.00",Algonquin College of Applied Arts and Technology,"V.P., Academic",1996,b2e19d60efeae6b4a48aad75f380bb8700c52bb18a80a894cbcbf1786051001f
COLLEGES,"$183,482.00",$878.00,Algonquin College of Applied Arts and Technology,Past President,1996,ba6ff8a81f941d81ebedbf259cbfb9e99a3d4d3f33f3398a3a70effdba565771
COLLEGES,"$106,608.00","$5,586.00",Algonquin College of Applied Arts and Technology,"V.P., Finance & Administration",1996,6dd970af6ef28a7f0ccb37db9a2f89048c2b01657be040b96ff6f02a3687c57f
OTHER PUBLIC SECTOR EMPLOYERS,"$134,443.00",$563.37,Almaguin Health Centre,Medical Doctor,1996,e179455cbf44979c7c6e75f9dbfb1c198c1226a693b68558a303f85339c53deb
CROWN AGENCIES,"$225,999.00","$20,935.00",Art Gallery of Ontario,Director,1996,0f70fceef4c52fa8ee95076af32c7c0a6e570c47ebfe6e9a618300a338fe0025
CROWN AGENCIES,"$117,999.00",$539.00,Art Gallery of Ontario,Director of Development,1996,0ca91d6aa5fd5ed00d529d9104ab90b68bc7c3a699ae6441537c6060dca6d3f5
CROWN AGENCIES,"$122,389.00","$6,731.00",Art Gallery of Ontario,Chief Curator,1996,183ee9fbfddc158096ded8de42ca41147f47e9e99dec1ffe6395f05476578ba3
ONTARIO PUBLIC SERVICE,"$101,972.97",$293.88,Attorney General,Legal Counsel,1996,1a6800181c7c0c07f119bee07f95286ae9d7d08bd69dad22a4a9a634b9b9bed4
ONTARIO PUBLIC SERVICE,"$104,010.89",$298.56,Attorney General,Legal Cousel Gen.,1996,f492d0afc3e094e23126bb3a693c89d726c87308feef889b9d17cf2a1cd9c212
ONTARIO PUBLIC SERVICE,"$119,198.69",$344.16,Attorney General,"Crown Atty, Simcoe",1996,ca34acba7f13e518046000b262d24f0f3367929e5f3c5ca83f348e0c44abdb12
ONTARIO PUBLIC SERVICE,"$103,580.60",$298.56,Attorney General,Asst. Crown Attorney,1996,3aa537541a339fda6025fd06fcd46aa6900b040937665458641a92105f73898f
ONTARIO PUBLIC SERVICE,"$103,810.20",$298.56,Attorney General,Asst. Crown Attorney,1996,e4a10372e6be84c69abb6e876ad6fa8e15ba3552168cb87097d300756c20146c
ONTARIO PUBLIC SERVICE,"$123,825.00",$0.00,Attorney General,"Provincial Judge, OCJ",1996,9609ac732c6866506ff0f83efa014c1cea21d78b5a4b63ae4e9221288508c668
ONTARIO PUBLIC SERVICE,"$123,825.00",$0.00,Attorney General,"Provincial Judge, OCJ",1996,3773cdfef3062a1d94d56148642d9bffe798aac63d54faa311828afe038d0fab
ONTARIO PUBLIC SERVICE,"$115,927.06",$96.09,Attorney General,Investigator,1996,f4aa778d13f85eafd598e15cb63dc029b1894449d28c75ce722e27f437c174e9
ONTARIO PUBLIC SERVICE,"$123,825.00",$0.00,Attorney General,"Provincial Judge, OCJ",1996,e618ca7572ca05473d5547db4319306735e27570f0200d849aff9010ca51c0cb
ONTARIO PUBLIC SERVICE,"$114,462.12",$330.00,Attorney General,Asst. Crown Attorney,1996,5c553e811d2f08a5cfe45fe61c6edc04727e34808f31d40593027cdd66f0817d
ONTARIO PUBLIC SERVICE,"$103,580.60",$298.56,Attorney General,Asst. Crown Attorney,1996,54c03b989674ea521fcd868b4835dbcf00494f93d04dfc1b8051d1d49245b937
ONTARIO PUBLIC SERVICE,"$119,396.75",$344.16,Attorney General,Crown Attorney,1996,572bf824e3f4fcdba3cf3c95d2239a362fdb3d8d6da0e1bcfb2ee7a57b0cd7be
ONTARIO PUBLIC SERVICE,"$125,627.23",$359.28,Attorney General,Asst. Crown Attorney,1996,f9cf04c8c03b41899c028f80aa86c2587d7e2e06b9a776217e1ad3dcd4e6b078
ONTARIO PUBLIC SERVICE,"$115,752.41",$332.46,Attorney General,Crown Attorney Middlesex,1996,41862c84ea560b6cb80452ffa4fec1a0bd5fb53f6eab5e09b7bd8e512678a2ff
ONTARIO PUBLIC SERVICE,"$103,032.77",$297.00,Attorney General,Crown Counsel,1996,bf03e30a44021b711d677801caabf975a61d84e77b2a25d2e1bfde4e2ac831cf
ONTARIO PUBLIC SERVICE,"$114,462.12",$330.00,Attorney General,Asst. Crown Attorney (Des),1996,525dca4529d1d9345b731ac3e6efdbd0b70393f110b476032310a3470501d18f
ONTARIO PUBLIC SERVICE,"$110,931.07",$319.68,Attorney General,Asst. Crown Attorney,1996,b4b7fbf3a616a24a314078056e30195fe0ef14c975267220039e77c5e4de6d6a
ONTARIO PUBLIC SERVICE,"$123,825.00",$0.00,Attorney General,"Provincial Judge, OCJ",1996,58dd13327357aa2feb4fc8e4f40b1f152e0c965abdee726e06d4a0624655a434
ONTARIO PUBLIC SERVICE,"$135,619.12","$4,655.56",Attorney General,"Regional Senior Judge, OCJ",1996,c65fb9855902b2a3d26a89a23c24471e55b60678ebf72836700b7b7b95905b1f
ONTARIO PUBLIC SERVICE,"$123,825.00","$4,250.74",Attorney General,"Provincial Judge, OCJ",1996,62c8fc0fecad8a89874fed7e1671551299857e23a268b93d395999bb9bd15051
ONTARIO PUBLIC SERVICE,"$108,862.97",$298.56,Attorney General,Dir. Legal Servs.,1996,eed6e73d1d22dceecdbd61afe1b90ffc0addc012d46655fc9cc0a95757c3d60f
ONTARIO PUBLIC SERVICE,"$103,580.60",$298.56,Attorney General,"Counsel, Estates",1996,dc4184f7dcc4957800fa8b01bf5d592e81d5b45e10d773ded994811a69e5db91
ONTARIO PUBLIC SERVICE,"$119,396.75",$344.16,Attorney General,"Crown Attorney, Norfolk",1996,0fde417906a10d5f970f849d8ba82df0f267d33b0a64edbaf615341ed959657d
ONTARIO PUBLIC SERVICE,"$123,825.00",$0.00,Attorney General,"Provincial Judge, OCJ",1996,efaeba5a93d625ea50729872359109165bf395ef709f67cde2d65474ef981969
ONTARIO PUBLIC SERVICE,"$106,685.56",$307.56,Attorney General,Asst. Crown Attorney,1996,b3f806fa38f3f7bd910bae88d5d447fa4979acddace9ed433d1bc107244313a2
ONTARIO PUBLIC SERVICE,"$123,825.00",$0.00,Attorney General,"Provincial Judge, OCJ",1996,f2abd6b904dd2d3574dcce13a7e5a3f76ad242c3aa68b3f835c62d082cffe45c
ONTARIO PUBLIC SERVICE,"$113,993.67",$328.68,Attorney General,"Crown Attorney, Kent",1996,f09717421f43022b0bb02a6c1bd18b34b91e539bc9e985f7f91f6ee06da1c3d8
ONTARIO PUBLIC SERVICE,"$123,825.00",$0.00,Attorney General,"Snr Provincial Judge, OCJ",1996,b04a4d62cfe155b0a5633f00a31b05d5d89453a145ae85fe7921caade178f424
ONTARIO PUBLIC SERVICE,"$123,825.00",$0.00,Attorney General,"Snr Provincial Judge, OCJ",1996,66b30344f9806346d8ec197aec18fe3697e355ccb0cddcdfbda44d282dbd7da9
ONTARIO PUBLIC SERVICE,"$106,243.05",$307.56,Attorney General,Legislative Counsel,1996,e6a6f832056a38df2174a08e53b7767ff03c6bc7ca650f48a62beac40547d9d1
ONTARIO PUBLIC SERVICE,"$103,580.60",$298.56,Attorney General,"Asst. Crown Attorney, York/DT",1996,255f9ce8508c95dc29446499e535f05a3f75ca457f814a4b159182d10da3d0e3
ONTARIO PUBLIC SERVICE,"$119,396.75",$344.16,Attorney General,"Crown Attorney, Renfrew",1996,a498a8517af2eb64e0a7b813a63918645dbf9163d7c435807ad87eaa8800c929
ONTARIO PUBLIC SERVICE,"$103,580.34",$298.56,Attorney General,Asst. Crown Attorney,1996,a4a164c1856b622ba02dd951f0deb5e07b55ebd911c821fac579d620343fde15
ONTARIO PUBLIC SERVICE,"$106,686.60",$307.56,Attorney General,Asst. Crown Attorney,1996,eab1d6c2c98e3e5656c5a764189f7a284fb7c9079e6bdab7795025dc3e8cdec4
ONTARIO PUBLIC SERVICE,"$123,825.00","$4,250.74",Attorney General,"Provincial Judge, OCJ",1996,875d410e3d298309a678dfebc4cce627703fd51ea43b74ecb43d010973d544e4
ONTARIO PUBLIC SERVICE,"$118,025.10",$298.56,Attorney General,"Leg. Counsel, Rent Review",1996,9ff445a0ce1dd58c92d63e15d1c2b65ccc2540b1b514a37bbc4f63fdd06cddc8
ONTARIO PUBLIC SERVICE,"$123,825.00",$0.00,Attorney General,"Provincial Judge, OCJ",1996,11e28b9cf9edb12da542f11a470b7658a3d4c525eb7a0a893b0f7ebd2510ad47
ONTARIO PUBLIC SERVICE,"$109,208.65",$314.76,Attorney General,Asst. Crown Attorney,1996,39b5eec009d3e7e594d1f8f65d4b34cf728604c339958aee88b63e9224c63ab1
ONTARIO PUBLIC SERVICE,"$114,460.36",$330.00,Attorney General,Legislative Counsel,1996,e58ea6a6ce1db1a4033ac48cb7e8c389d0e8b53d192bc726f3747aca532bcc6a
ONTARIO PUBLIC SERVICE,"$133,577.83","$4,593.50",Attorney General,"Regional Senior Judge, OCJ",1996,84d7e16e71cf046147124a97e55e28fc070bc9ae67d222589d1c77b6836e73d5
ONTARIO PUBLIC SERVICE,"$103,910.55",$298.56,Attorney General,Assistant Crown Attorney,1996,bd914714ad63e5fd9991150421649f41c43c1cdbf4bd93c9f46633cccfb5b80d
ONTARIO PUBLIC SERVICE,"$110,931.07",$319.68,Attorney General,Counsel,1996,d1d1e8b9d4e7133b8f3cd140a71c98113a0f2b155fe705645ba2ad16f28a2b55
ONTARIO PUBLIC SERVICE,"$123,825.00",$0.00,Attorney General,"Provincial Judge, OCJ",1996,d07df279a870b762d6d8526916826fdcdcb6a688badcee802f6f95f3f4b538f5
ONTARIO PUBLIC SERVICE,"$128,379.42",$344.16,Attorney General,Director Legal Services,1996,b06f2434e4e1c47a9eee8f6694da8bdffc9cc2a28ef7f0d82214d0b09a9de569
ONTARIO PUBLIC SERVICE,"$103,580.60",$298.56,Attorney General,Asst. Crown Attorney,1996,875fe73fd14bad968ac09ce5ca8d1fa1ca6cf27b3ae12f46a77b775db8f82745
ONTARIO PUBLIC SERVICE,"$114,462.12",$330.00,Attorney General,Asst. Crown Attorney,1996,4f3e5a7eb215fbae90666784b124753baf2ce5fdc7b3588ab2ee9d92a3cebf18
ONTARIO PUBLIC SERVICE,"$100,327.75",$289.32,Attorney General,Asst. Crown Attorney,1996,a3b8178b5660f5e3d5cecfdd560ec019b7e79ab5c3a63b38c72e82ff053f86c9
ONTARIO PUBLIC SERVICE,"$123,825.00","$4,250.74",Attorney General,"Provincial Judge, OCJ",1996,c73ab7af8f9e94e5fccc167fd373eb8034dccf7fa958c62ba18e7544cdb7eaa7
ONTARIO PUBLIC SERVICE,"$114,462.12",$330.00,Attorney General,Asst. Crown Attorney Team Leader,1996,beb315642553bb246481c2d494c0dd05625783d8daf0ff852ac8a2132adb510a
ONTARIO PUBLIC SERVICE,"$101,916.06",$294.36,Attorney General,Asst. Crown Attorney,1996,7cb112ef868a718c28ed727feb0d0b89f2bd89868e5761ea9feb56e895e43ea1
ONTARIO PUBLIC SERVICE,"$123,825.00","$4,250.74",Attorney General,"Provincial Judge, OCJ",1996,898f23dcc398f15d6b45c6709c87e566e3c04f152324024de2d103a11a911c24
ONTARIO PUBLIC SERVICE,"$114,977.40",$330.00,Attorney General,"Team Leader, Prosecutors",1996,77546f2d0b86bf56eec7513da23c9d71276d615199a9d771f68f8b32567e09cd
ONTARIO PUBLIC SERVICE,"$106,685.56",$307.56,Attorney General,Asst. Crown Attorney,1996,9d31b012d2807cb4035a58bd8b8001ee58728875a4c5b7fb30f5d862f5cba7d5
ONTARIO PUBLIC SERVICE,"$115,792.83",$330.00,Attorney General,Deputy Director,1996,36cdf039d7b458fc229712898c44f4a39299a861329589ad453e7bc6c41447e1
ONTARIO PUBLIC SERVICE,"$119,396.75",$344.16,Attorney General,Crown Attorney Ottawa-Carlton,1996,002fa78f8dc5aef575475cfceaccfb777c501e943355cb8030fe18a8d904cff8
ONTARIO PUBLIC SERVICE,"$114,462.12",$330.00,Attorney General,Asst. Crown Attorney,1996,0bc91ed2aed1d3d8d232da07f6175be5a2e7a9db347660b222ef378ca9eed91e
ONTARIO PUBLIC SERVICE,"$123,825.00",$0.00,Attorney General,"Provincial Judge, OCJ",1996,d36fb658f8359ec5740f9373e598903dcd3c5819b1a37439c8a6f0ae60938e59
ONTARIO PUBLIC SERVICE,"$123,825.00","$4,250.74",Attorney General,"Provincial Judge, OCJ",1996,43c9e5c7d0d0986d09de1812fc1b36e952bb295b2880ea84a15011a32802a36d
ONTARIO PUBLIC SERVICE,"$113,887.44",$0.00,Attorney General,Counsel,1996,922cc51e5553c0b73e0c50d7e99e430382483b980131ccf88563bad95ee4978d
ONTARIO PUBLIC SERVICE,"$123,825.00","$4,250.74",Attorney General,"Provincial Judge, OCJ",1996,92b63ea62400801d55298199f750c21894d461067209e4a9a75a2a05a06ad014
ONTARIO PUBLIC SERVICE,"$123,825.00","$4,250.74",Attorney General,"Provincial Judge, OCJ",1996,cda7613ab9128546bfaf58d5bd859175468d41958c4523e0000542d1a4e4c40a
ONTARIO PUBLIC SERVICE,"$123,825.00",$0.00,Attorney General,"Provincial Judge, OCJ",1996,0f8e51080749fa194939e1f0ffdd0b1de1bb77395c27bf94136067d794363432
ONTARIO PUBLIC SERVICE,"$114,462.12",$330.00,Attorney General,Counsel,1996,d48476e20fdd39a414ea1faba2caa9499e1b34bc18a58bbb906bd9a80786615e
ONTARIO PUBLIC SERVICE,"$123,825.00","$4,250.74",Attorney General,"Provincial Judge, OCJ",1996,b8e87c6ebf4a5722b826b152adde908cf67f273aed74524299199243177da78e
ONTARIO PUBLIC SERVICE,"$123,825.00","$4,250.74",Attorney General,"Provincial Judge, OCJ",1996,6221d94a872c0057a677977786f10e59e66cc2a147bda692b31f1d91153cf877
ONTARIO PUBLIC SERVICE,"$123,825.00","$4,250.74",Attorney General,"Provincial Judge, OCJ",1996,da58a8907f8f326b51f7dda8dc7e10f51a83c3ee6c4b138351b5e161c754d817
ONTARIO PUBLIC SERVICE,"$123,825.00","$3,923.76",Attorney General,"Provincial Judge, OCJ",1996,423ca61321404f61aa98e5d4e98df9ad2937fc3f7bc47899607d9ab3808f00a3
ONTARIO PUBLIC SERVICE,"$120,355.47",$344.16,Attorney General,Crown Attorney Lennox & Addington,1996,acfefaa314c122ef11d333baf5d97faf9c2d25bde824c332d3a723dd15683820
ONTARIO PUBLIC SERVICE,"$123,825.00",$0.00,Attorney General,"Provincial Judge, OCJ",1996,01c8a5ea694852d45f2ff68cee27eec41140620612dd0e218add75e1cbed63b2
ONTARIO PUBLIC SERVICE,"$103,580.08",$298.56,Attorney General,Counsel,1996,6eff3ffaef4a9ce39d852db71cfde535817bdcf09e2772d3838554d4a3f51925
ONTARIO PUBLIC SERVICE,"$123,825.00","$2,615.84",Attorney General,"Provincial Judge, OCJ",1996,8c9dcc8df3ccff11851be266364d59f4f7cd1f48b119c25edbb58cef690645f1
ONTARIO PUBLIC SERVICE,"$102,405.37",$298.56,Attorney General,Asst. Crown Attorney,1996,ac4eb628b69012ed4be97b662784bbeb661e8bc42442034b954567beb39379d0
ONTARIO PUBLIC SERVICE,"$103,555.72",$298.56,Attorney General,Legal Officer,1996,36c19bf40f2b815de5671d7c388c96eb4d68eebf59b8f5ec43cef743d88e3108
ONTARIO PUBLIC SERVICE,"$103,580.60",$298.56,Attorney General,Lawer,1996,8228a5050e8cc06c284aea294a5b16587bb429e051dc287f6b64ff481cbc9b45
ONTARIO PUBLIC SERVICE,"$101,115.21",$289.32,Attorney General,Crown Counsel,1996,bd509185fa2c43699aa1e2efcd5d14222fd835737071eaec3b525b6eda410f40
ONTARIO PUBLIC SERVICE,"$128,701.77",$330.00,Attorney General,Counsel,1996,99defacb8362a75f2c5141a3a6617fe38e34ca407d0643158a664de840ac2581
ONTARIO PUBLIC SERVICE,"$112,720.09",$326.04,Attorney General,Asst. Crown Attorney,1996,17d8a6121d69fdbd2e687b4053119a18a70850d5ee4500bbaadabb6088c59441
ONTARIO PUBLIC SERVICE,"$106,686.60",$307.56,Attorney General,Asst. Crown Attorney,1996,807918f6f67945bec2aaf7d407bcfdf96e98e233689aee0991b533033377acc6
ONTARIO PUBLIC SERVICE,"$123,824.48",$0.00,Attorney General,"Provincial Judge, OCJ",1996,678179340850e503db6468b9d6c48cf0b932c39159dd66be8e5dc40fc586d138
ONTARIO PUBLIC SERVICE,"$123,825.00",$0.00,Attorney General,"Snr Provincial Judge, OCJ",1996,5849149a6e74b41cc12800f0b730f06353ce38b961f60fbee8274beee0296239
ONTARIO PUBLIC SERVICE,"$123,825.00",$0.00,Attorney General,"Provincial Judge, OCJ",1996,1f2ffac00c78a53ed4a865110d5fa6e2c1cadb8cd4067cc41dc70165cc998a01
ONTARIO PUBLIC SERVICE,"$100,680.73",$290.16,Attorney General,Counsel,1996,3a92d2a95f04a505c4777502a3fc9d4e37ed5a6d5477fd0ae0dfc9cd0fbe653c
ONTARIO PUBLIC SERVICE,"$114,462.12",$330.00,Attorney General,Senior Counsel,1996,1b594bdeacddd65c19615f9897306116e8034148eeee6227858e88bcc4d5547f
ONTARIO PUBLIC SERVICE,"$117,894.36",$339.84,Attorney General,Crown Atty Perth,1996,8a4cb65ce820d12567e300b5d9b1e7384f4c79a29b6b24b7960cfae9f17daa73
ONTARIO PUBLIC SERVICE,"$106,686.60",$307.56,Attorney General,Senior Counsel,1996,ac4f9abb85f4c6e42cdefa248658ae5e2e131cc5a6f5c8185d4407a245f81d17
ONTARIO PUBLIC SERVICE,"$103,580.60",$298.56,Attorney General,Solicitor,1996,4984c38c5810deb054745efe96bcad4917de0b6279f7b0228b0d1eadc7ee031a
ONTARIO PUBLIC SERVICE,"$123,825.00",$0.00,Attorney General,"Provincial Judge, OCJ",1996,b887272aee27d7a300f756ef40349c16ea0c19d4fac285f32a3ec55758b76d75
ONTARIO PUBLIC SERVICE,"$112,017.44",$322.92,Attorney General,"Dep. Legal Dir., Prop. Rights",1996,b55e42f55aef9fed8d06a96adb0f06fe912a10e879d0fcecf6aa7ac6d178bc04
ONTARIO PUBLIC SERVICE,"$123,825.00","$4,250.74",Attorney General,"Provincial Judge, OCJ",1996,f6ba498a1027ef0b31122cfa2cfdb6d56a27cc5cde1ad45b7c56d92708db6315
ONTARIO PUBLIC SERVICE,"$103,568.74",$298.56,Attorney General,Asst. Crown Attorney,1996,88d7d7289a9a4a6b71926b11fb226d935ca3d73b6e58eca014b0c3960e4d54f7
ONTARIO PUBLIC SERVICE,"$112,891.91",$322.80,Attorney General,Senior Counsel,1996,da5591b39f00fa694279454583eff900b59e197956884d962a44157c01125858
ONTARIO PUBLIC SERVICE,"$113,127.59",$326.04,Attorney General,Asst. Crown Attorney,1996,092a0724ffcc29b30572bb92d93158511f84178103b1525b6b206ac89e34526c
ONTARIO PUBLIC SERVICE,"$123,825.00",$0.00,Attorney General,"Provincial Judge, OCJ",1996,0ea05fade29239ac2d3224a5a740821de2b9ac79d01922d9da4d29d2a6154341
ONTARIO PUBLIC SERVICE,"$109,061.25",$0.00,Attorney General,"Provincial Judge, OCJ",1996,ee6d24a9c1e9d3c6104c4a00fef8758c221ec6053490ece591532c3943c35349
ONTARIO PUBLIC SERVICE,"$103,580.60",$298.56,Attorney General,Counsel,1996,0fd6f0d09c54abc01079ddbf3f901ed8f142af1e6095d35565f50a961fbf9104
ONTARIO PUBLIC SERVICE,"$107,777.87",$286.80,Attorney General,Crown Attorney,1996,bf124e0d83c69ebafeaf5cef8c2b057004c923edcb20d7398c280810cba82dda
ONTARIO PUBLIC SERVICE,"$119,198.72",$344.16,Attorney General,Crown Attorney,1996,fa2e5c4b8779e684c0ba6b31de9ba81f87a7b904a1ae31d37beca73319a1c3c3
ONTARIO PUBLIC SERVICE,"$123,825.00",$0.00,Attorney General,"Provincial Judge, OCJ",1996,afab4118e4263d59310b44126a4173e2a21e96f67fc037c29e63536b9578b525
ONTARIO PUBLIC SERVICE,"$108,485.07",$311.41,Attorney General,Counsel,1996,7f6c8844856dbd2ea6b52e103e3a5a6dfb2b486a87bf44a3c311d3cf735e0e62
ONTARIO PUBLIC SERVICE,"$123,825.00","$4,250.74",Attorney General,"Provincial Judge, OCJ",1996,f714987f2a5604e95be127fd24607e068ec6a5e9f340841078abc5b201c9d677
ONTARIO PUBLIC SERVICE,"$114,462.12",$330.00,Attorney General,Senior Legal Counsel,1996,56b55cf7d1c139185a58ce89ff4e83a7c6395502807df9ced87f9df6f5fc2a76
ONTARIO PUBLIC SERVICE,"$123,825.00",$0.00,Attorney General,"Provincial Judge, OCJ",1996,509a5768c8a7a6b729ee44c51bd201c8dddfaf0d635a2ae3b072463033981a83
ONTARIO PUBLIC SERVICE,"$115,270.26",$330.00,Attorney General,Senior Counsel,1996,996656d73394bf73b6b931911426279d9c76e0fd677c8d9304020b4c51b7fa41
ONTARIO PUBLIC SERVICE,"$109,491.30",$315.60,Attorney General,Dep. Publ. Guardian & Trustee Leg. Serv.,1996,7876e4b98d8910c722047671e1efddb280167997ca57effd2d51547fddafd7bc
ONTARIO PUBLIC SERVICE,"$114,462.12",$330.00,Attorney General,Senior Counsel,1996,8079bcca4bcf0db611ccc8c567048bad7b03c7e9015dc64e7e7c6564edf899c2
ONTARIO PUBLIC SERVICE,"$106,027.36",$305.64,Attorney General,Counsel,1996,061bf21600dd9f8d9655402cf83b865b3148e813f3afb723be24552836754618
ONTARIO PUBLIC SERVICE,"$122,359.02",$353.61,Attorney General,"Dir., Crown Law Office Cival",1996,9e879a5fa505c7c1a3a83f1b62a9a1d8c827b3161de0b185ae40fd453ba0e77a
ONTARIO PUBLIC SERVICE,"$123,825.00",$0.00,Attorney General,Ont. Court of Justice,1996,b9a95bd3a6b70570e45896035f19cafaaf64375eb48cb8cd02f2f8328a429cb9
ONTARIO PUBLIC SERVICE,"$123,825.00",$0.00,Attorney General,"Provincial Judge, OCJ",1996,76ad26cd58fb9d9cc0ac7384199ff58c060cbc5c7c709c07ebc33d9956565aae
ONTARIO PUBLIC SERVICE,"$123,565.00","$4,250.74",Attorney General,"Provincial Judge, OCJ",1996,9c33c845b0b928287fa72b2959e14e7d13518f1cfebdd874b029a8068e3a818e
ONTARIO PUBLIC SERVICE,"$123,825.00","$4,250.74",Attorney General,"Provincial Judge, OCJ",1996,495d914a836629f8f9b4372371939c1a06509b1358e36eddc056d10b63424ef0
ONTARIO PUBLIC SERVICE,"$123,825.00","$4,250.74",Attorney General,"Provincial Judge, OCJ",1996,20b3137a0e3622fe264dfa2e956155d7b7e79d9ea379bb672c24a3d0410d91c6
ONTARIO PUBLIC SERVICE,"$123,825.00","$4,250.74",Attorney General,"Provincial Judge, OCJ",1996,383bde0cbd90e061f48b29d03abd15595e1c84041d6221e52ea294208e645b51
ONTARIO PUBLIC SERVICE,"$123,825.00",$0.00,Attorney General,"Provincial Judge, OCJ",1996,52edea6a76783f00e7a435f225a9b7ef740af4761668f17d221b1536b082d59a
ONTARIO PUBLIC SERVICE,"$123,825.00",$0.00,Attorney General,"Provincial Judge, OCJ",1996,7452c341f804c3173d4db5acb93640cab2c23c5d36f77ad7c488ae4d8fcf631d
ONTARIO PUBLIC SERVICE,"$113,336.04",$0.00,Attorney General,Counsel,1996,0c0751634366dd3123ebe7bd12b2fadea9fbdd71a2e00af7a755de3ff88ff05b
ONTARIO PUBLIC SERVICE,"$123,825.00","$4,250.74",Attorney General,"Provincial Judge, OCJ",1996,4f4e0fc7c48734c2243614203cecafd8f8aa2fe9c87b05bcd63ef7f6640f05e2
ONTARIO PUBLIC SERVICE,"$125,294.17",$361.44,Attorney General,Asst. Deputy Courts,1996,38c3e76b8f70c7e85f8070bfc8ec9d8f16e3adc2350a3acffe2a7b128ba32dff
ONTARIO PUBLIC SERVICE,"$119,396.23",$344.16,Attorney General,Senior Counsel,1996,f300eda6e8531bfdf5f4b951d854b5ff25a27242c00a3cbf9dd79a3f5e1d55b7
ONTARIO PUBLIC SERVICE,"$114,462.12",$330.00,Attorney General,Senior Legal Counsel,1996,57b50de59b58b6ac8dc2e5838341d53e4c669711663181cf6706158bd3804f41
ONTARIO PUBLIC SERVICE,"$123,825.00",$0.00,Attorney General,"Provincial Judge, OCJ",1996,a5cec915decac02b9cdaee07ddebe52706e8396f043d99fb1dc96375a7d7bb6a
ONTARIO PUBLIC SERVICE,"$123,825.00",$0.00,Attorney General,"Provincial Judge, OCJ",1996,96a0d395c6471eaca82b4792d2394f350ccdbe339ec4b4ae6b29753e7fa8a046
ONTARIO PUBLIC SERVICE,"$123,825.00","$2,615.84",Attorney General,"Provincial Judge, OCJ",1996,e3adf4d23a4f7ab697e60e5c61752fb19c8a3094f09ee765a4ffe9ae29925ba5
ONTARIO PUBLIC SERVICE,"$123,825.00","$4,250.74",Attorney General,"Provincial Judge, OCJ",1996,4983493f6c70ef382dd86fce1d45659ff3092c076faecfeabda750fb0338a0ad
ONTARIO PUBLIC SERVICE,"$124,626.51",$359.28,Attorney General,General Counsel,1996,c8d654fb1939f2833c2106aecf218de655af86dbdd5b45c0d7b7897d6969816d
ONTARIO PUBLIC SERVICE,"$104,784.74",$298.56,Attorney General,Asst. Crown Attorney,1996,f74b345cdb510c341dab58a2cbea697a5e8c4439a6e6456074796334838e28e6
ONTARIO PUBLIC SERVICE,"$114,462.12",$330.00,Attorney General,Asst. Crown Attorney,1996,2542422e8d74f27aa00923a15ea92f3d3ed28a0bfb80a55336bd3f62abc852ea
ONTARIO PUBLIC SERVICE,"$102,281.22",$294.84,Attorney General,Asst. Crown Attorney,1996,0b39317e8228e1af33857ab57ae666b4f18bd0b1b7410e89fa7f0badcd540537
ONTARIO PUBLIC SERVICE,"$110,307.40",$318.12,Attorney General,Dir.-Comp. & Telephone Serivces,1996,c705a3b20c76e4f15143ac45298bd6c1e6a3e254c9e3a1c0213d5f5c1d1b0672
ONTARIO PUBLIC SERVICE,"$119,430.05",$344.16,Attorney General,"Crown Attorney, York Central",1996,6b1e41047424986426bbbf2f74f11a8252bda5f673c3a1e16c4b98fa692cad34
ONTARIO PUBLIC SERVICE,"$123,825.00","$4,250.74",Attorney General,"Provincial Judge, OCJ",1996,1ec76b16eab43c9271b7f2fb157034cafa30556e4c887cebd745dffc5a17b38e
ONTARIO PUBLIC SERVICE,"$119,396.75",$344.16,Attorney General,"Crown Attorney, Kenora",1996,d0c5dd9595b31a8539a4428a0214d3ca96a7e675bbfc6914a3abc2eddf56ca80
ONTARIO PUBLIC SERVICE,"$102,705.31",$298.56,Attorney General,Law Officer,1996,19d55bb031026f1ebf37f28b34b3b1e615e6b87fefa820b41d6e43cd72c6bfd7
ONTARIO PUBLIC SERVICE,"$124,642.45","$1,798.39",Attorney General,"Provincial Judge, OCJ",1996,12bc9e359d081837b9d2d7da4ad639a8f0f42b3ab15bf66f2f803b6409376370
ONTARIO PUBLIC SERVICE,"$123,825.00",$0.00,Attorney General,"Provincial Judge, OCJ",1996,130510dc502c8e9a259683ddaca9d5787b8c48667ff66af0330c1ef8e5213dc1
ONTARIO PUBLIC SERVICE,"$123,825.00","$4,250.74",Attorney General,"Provincial Judge, OCJ",1996,adb4265a1cfdd187b40a85c2184b432cf50f0e06240d72866281f9587489edb4
ONTARIO PUBLIC SERVICE,"$123,825.00",$0.00,Attorney General,"Provincial Judge, OCJ",1996,c07e8a0d38552466825ca62c63d9a7f8be2c812865aeebe077619d4a2f25c06e
ONTARIO PUBLIC SERVICE,"$121,725.86",$351.00,Attorney General,Reg. Dir. of Crown Attorneys,1996,112524795c831a6174fd88c7ba64fc745b1c2e4d27e12950f2d17289eb55b872
ONTARIO PUBLIC SERVICE,"$106,685.56",$307.56,Attorney General,Asst. Crown Attorney,1996,7dbb080bf591ac357671ed0eef14e65b224f42bb52d92f4ecc28230efa33472c
ONTARIO PUBLIC SERVICE,"$123,825.00",$0.00,Attorney General,"Provincial Judge, OCJ",1996,311467208258e81615549cc2943563072039708c7a95849d84032276332d5032
ONTARIO PUBLIC SERVICE,"$110,930.81",$319.68,Attorney General,"Senior Solicitor, Company Law",1996,3c35964a6c34ceaed2039261809d5f11471aec51eefe1aa2b366baf85e862e01
ONTARIO PUBLIC SERVICE,"$101,676.86",$273.60,Attorney General,"Director, Legal Srvs.",1996,ffe8970cd45913d8f7962b25db28f14e4170b168f0c786930b19e9a80969b2e2
ONTARIO PUBLIC SERVICE,"$123,825.00","$4,250.74",Attorney General,"Provincial Judge, OCJ",1996,fd67f3f222c62d6f9fb676c8b8548d1c75cbebe31cb0abd03340391b297fd528
ONTARIO PUBLIC SERVICE,"$123,825.00",$0.00,Attorney General,"Provincial Judge, OCJ",1996,5e9656306e8ac4032c02f2b5345aee7c7868c20433a6319cb76af9bde3921e7a
ONTARIO PUBLIC SERVICE,"$103,580.60",$298.56,Attorney General,Counsel,1996,093aa7d2fd4f0183846da366569442a08a655f0be692bde6ffbc91bfc73cec5a
ONTARIO PUBLIC SERVICE,"$123,825.00",$0.00,Attorney General,"Provincial Judge, OCJ",1996,0fcbb8fa1933834ed22a3442d3f33a5c0abc4d162a8772a40d10f10c396f0005
ONTARIO PUBLIC SERVICE,"$123,825.00",$0.00,Attorney General,"Provincial Judge, OCJ",1996,df20fe2a5fda613a00fb38dc70961392b9187c0b156e79b697f92a380f6a25e7
ONTARIO PUBLIC SERVICE,"$103,580.60",$298.56,Attorney General,Asst. Crown Attorney (Des),1996,8eb4b8a553f1048160ff63119ff704344746c5d9426a080694ff0a11b0556cca
ONTARIO PUBLIC SERVICE,"$123,825.00","$4,250.74",Attorney General,"Provincial Judge, OCJ",1996,78fe7feaa314a1df7877351293a66fd8ba8bc3781913c1f48c508b8dad025960
ONTARIO PUBLIC SERVICE,"$135,618.08","$4,655.56",Attorney General,"Regional Senior Judge, OCJ",1996,4d0a5948ac84699103b83a85e94edc17388c9625fb6c5c6b8885af331b0a45ec
ONTARIO PUBLIC SERVICE,"$104,382.62",$298.56,Attorney General,Research Counsel,1996,aef55f0a99c8d84dd5eec0833bc87d26485f8c3d1ab932f6e473731b385cd19b
ONTARIO PUBLIC SERVICE,"$123,825.00",$0.00,Attorney General,"Provincial Judge, OCJ",1996,9a5066cf35cd7d6aed009d48c2be6b28778e97fc4c567731c02ba0c206b43a2c
ONTARIO PUBLIC SERVICE,"$123,825.00",$0.00,Attorney General,"Snr Provincial Judge, OCJ",1996,7ba795684512351174991086e117ef814b6bf73b4e1810a7060ade38ba222a09
ONTARIO PUBLIC SERVICE,"$103,580.35",$298.56,Attorney General,"Reg. Counsel, Ottawa (Des)",1996,dad42d36cdf698b93ce76619b5ff1026e50fce9d36384132db0de1f2f70b94a4
ONTARIO PUBLIC SERVICE,"$114,462.12",$330.00,Attorney General,Asst. Crown Attorney,1996,563653417aceced2f892abe542b621cb546a067807d81386f93e9a555ffec358
ONTARIO PUBLIC SERVICE,"$103,830.32",$299.28,Attorney General,Legal Counsel General,1996,4a7f848cd00b102dbc1c3efafaca704f92a0eb7fdfee14f1a02cd764ccc6749d
ONTARIO PUBLIC SERVICE,"$114,462.12",$330.00,Attorney General,Asst. Crown Attorney,1996,69a43cdfaea07ae9d727351f796ec5543a275496b08ac61d101a971aee5df938
ONTARIO PUBLIC SERVICE,"$135,619.12",$0.00,Attorney General,"Regional Senior Judge, OCJ",1996,a93aebb923e71794cabd43dc4eb62a3e5d0e7ca98133f9e355a1a785ada5bb2b
ONTARIO PUBLIC SERVICE,"$103,530.43",$298.56,Attorney General,Asst. Crown Attorney,1996,f4024341c4364bba0254302f18a9020bd71aa81d316342cd702be0274abaa97f
ONTARIO PUBLIC SERVICE,"$123,393.65",$355.80,Attorney General,General Counsel,1996,7cdf71e891bc644e3a4523aaeb2c712ecca1beadcc925c0f128b100c1f1e45f0
ONTARIO PUBLIC SERVICE,"$123,825.00",$0.00,Attorney General,"Provincial Judge, OCJ",1996,40ba2d3be030c7435a48e9859577c80d007fa62606a5628c2bccb2af86d95ede
ONTARIO PUBLIC SERVICE,"$119,396.75",$344.16,Attorney General,Crown Attorney Bruce,1996,8ddde57aadb5287239c871dc9030396aece22b18964d1afd80172382e30953cf
ONTARIO PUBLIC SERVICE,"$103,580.60",$298.56,Attorney General,Counsel,1996,11430db4acae97fbd3c98c305523a0970ff512fc420dc6a6333be06193dd378c
ONTARIO PUBLIC SERVICE,"$114,462.12",$330.00,Attorney General,Asst. Crown Attorney,1996,a82bd527e9afc9d27751f7b28749da2526b8ef27550f96cd4455ce8afab17a83
ONTARIO PUBLIC SERVICE,"$115,161.46",$330.00,Attorney General,Senior Counsel,1996,737290a84e0415fd3aa6a8ab9718735cc2ee9030841c1267ccf70a9191442ea3
ONTARIO PUBLIC SERVICE,"$103,580.60",$298.56,Attorney General,Solicitor,1996,000b6f697fffdd73beb31669bbfbeacba00118d9f222bd70b6b651d0f35c158a
ONTARIO PUBLIC SERVICE,"$123,825.00","$4,250.74",Attorney General,"Provincial Judge, OCJ",1996,7e1edfa7bbe65f6f55141c6101ebe5aba5c39b4a4f01b5afa2b777a72540975d
ONTARIO PUBLIC SERVICE,"$100,322.99",$286.92,Attorney General,Asst. Crown Attorney,1996,019a6e8c2f7b5ebfef3056f03e318b36e752d040281d281eea9b2df80738bac0
ONTARIO PUBLIC SERVICE,"$123,825.00","$4,250.74",Attorney General,"Provincial Judge, OCJ",1996,2913465258afeea786b1757d6fb3415ff5265d34f0abe94ff6e6d329718609a6
ONTARIO PUBLIC SERVICE,"$123,825.00",$0.00,Attorney General,"Provincial Judge, OCJ",1996,a8fa1b4d2dc4e375a14b7ebdc9c63461a09ced476f635a2605e0e3b01f1eec00
ONTARIO PUBLIC SERVICE,"$114,462.12",$330.00,Attorney General,Counsel,1996,ae97701fbea66aa4e2d6720d26b3b761a5d7fa7598e75c638c2a3fe0bd2b98f1
ONTARIO PUBLIC SERVICE,"$115,295.64",$360.10,Attorney General,"Dir., Legal Services",1996,cdf9dc8d161ce76d1245f347c826ca7d1d99e32a038ac297ce02790e21be7fbc
ONTARIO PUBLIC SERVICE,"$123,825.00",$0.00,Attorney General,"Provincial Judge, OCJ",1996,6a7c6decd5a0bc18fbf9eac2b4c2047bc3138abf6d8e79127b71ca3b79ac68c7
ONTARIO PUBLIC SERVICE,"$116,017.91",$334.44,Attorney General,"Crown Attorney, Leeds & Grenville",1996,0998e4dc36cff130e7e948373fb3863811b157523a14ebda9d1d26a670e34e1c
ONTARIO PUBLIC SERVICE,"$106,944.87",$298.56,Attorney General,Counsel,1996,7484ce5231e195a07c98d428295ae4f46b2ef605944522d309c5542f713f5c0f
ONTARIO PUBLIC SERVICE,"$123,825.00","$4,250.74",Attorney General,"Provincial Judge, OCJ",1996,39dc27257cad4f5bb4343aec9b3e9ae31d205ea595724b0a5a6b0ceedb9c336d
ONTARIO PUBLIC SERVICE,"$123,825.00","$4,250.74",Attorney General,"Provincial Judge, OCJ",1996,dcc14aa18ac32e9ef5568f174f7225510deffc7de106bcbbdbc14aff80c8bcbf
ONTARIO PUBLIC SERVICE,"$104,376.69",$298.56,Attorney General,Counsel,1996,2646d110294d277a24c3259ddf3a8cbc8c175d62c00b9c0d86551326511bf23b
ONTARIO PUBLIC SERVICE,"$101,201.23",$298.56,Attorney General,Asst. Crown Attorney,1996,9bae47b1972dfe98e9e01b3ca3ba324bb15b44a8a115d376c6662fdd2e289c1f
ONTARIO PUBLIC SERVICE,"$123,825.00","$4,250.74",Attorney General,"Provincial Judge, OCJ",1996,b47721f0cf990964f5364a32c3c9a275a15fb2264841967cf44aba8e4667e1a3
ONTARIO PUBLIC SERVICE,"$103,580.34",$298.56,Attorney General,Asst. Crown Attorney,1996,f94de17c05a76f29123c20ade031e0e57ea77d121defb07577d471e05ebb041c
ONTARIO PUBLIC SERVICE,"$123,825.00","$4,250.74",Attorney General,"Provincial Judge, OCJ",1996,9b417561b7285516d8935cb483b2b0db6172072c67dd73d8c4443e7045af10b0
ONTARIO PUBLIC SERVICE,"$101,441.46",$298.56,Attorney General,Counsel,1996,7d9d111b777171614aa28518ac603184cb45974d8e7829fee66eea9285c55132
ONTARIO PUBLIC SERVICE,"$114,462.12",$330.00,Attorney General,Counsel,1996,64655fde2ef19aa84ed948427a7dd7e4db3dc7dfa32d4b3b6629e28a28948c00
ONTARIO PUBLIC SERVICE,"$107,515.22",$298.56,Attorney General,Counsel,1996,7346e52523bae467ff22bd5e5069be19d6de67892bbf1051958b80883d5c3d03
ONTARIO PUBLIC SERVICE,"$123,825.00","$4,250.74",Attorney General,"Provincial Judge, OCJ",1996,a90a74042a46fdb91c49ebb1465031885167314e18755b3c8f14fb84ebbe1fd6
ONTARIO PUBLIC SERVICE,"$123,825.00",$0.00,Attorney General,"Provincial Judge, OCJ",1996,c926a0d55d90210bf006989547b1450ad7288914a945d37a3e1c70fc425d096a
ONTARIO PUBLIC SERVICE,"$114,462.12",$330.00,Attorney General,Asst. Crown Attorney,1996,1c0104f116297ebcc0282065e4fea66cc3ddbfc14533a2095a45dd3a7e44c0ad
ONTARIO PUBLIC SERVICE,"$102,346.44",$294.96,Attorney General,Senior Counsel,1996,ea043a4989c206e99f9d3f297aaeecce661b3a995ff397cbad4e18fdbca84a81
ONTARIO PUBLIC SERVICE,"$121,694.24",$351.00,Attorney General,Reg. Dir. of Crown Attoreys,1996,cfe1e968d26395865b702a1a00c346ec10085b4de3205f16167f6b23f88b66c3
ONTARIO PUBLIC SERVICE,"$135,618.60",$0.00,Attorney General,"Regional Senior Judge, OCJ",1996,fb456ee2200c74d0f8bf156c0671b08b893e3d664669ee100495240e315dfe82
ONTARIO PUBLIC SERVICE,"$124,805.94","$2,288.86",Attorney General,"Provincial Judge, OCJ",1996,b246bd651c323c6530710a684c00158ae1d1e33aaf1f16c6e14384cae49e5e28
ONTARIO PUBLIC SERVICE,"$103,580.60",$298.56,Attorney General,Solicitor,1996,e5f695c2a02a4e58b2a9bb79cc0308d72ccc7d90c376897f78c73d3633b124df
ONTARIO PUBLIC SERVICE,"$103,580.60",$298.56,Attorney General,Asst. Crown Attorney,1996,b6cd126c4cfc0701e8c194d3381eeb0d391a44b913d8ff61c450f3102a95593a
ONTARIO PUBLIC SERVICE,"$123,825.00",$0.00,Attorney General,"Provincial Judge, OCJ",1996,cf511949466f5749cc2c8b6c77439de7ce693043bf56b9d7c650f4fe9e0e0d4e
ONTARIO PUBLIC SERVICE,"$103,580.34",$298.56,Attorney General,Solicitor,1996,6a7b038db5f562c2bb75255b88452105d419e728c979d6a99f1e08f1b85550c3
ONTARIO PUBLIC SERVICE,"$103,580.60",$298.56,Attorney General,Counsel,1996,4891162f499455adb807006e662d55f25eb3285f65824602fac5c4c008b77ea4
ONTARIO PUBLIC SERVICE,"$123,825.00","$4,250.74",Attorney General,"Provincial Judge, OCJ",1996,a2041ac72121384b41ac6bedf378202f1c28e8273603617ce380a1af193f8f6c
ONTARIO PUBLIC SERVICE,"$123,825.00",$0.00,Attorney General,"Snr Provincial Judge,OCJ",1996,d672688a49509aa33dfcc7d4556c0fe8d07e6db32dd5e6b291613501ecf323f6
ONTARIO PUBLIC SERVICE,"$123,825.00","$4,250.74",Attorney General,"Provincial Judge, OCJ",1996,bfc87cebcb3bececf1a9168ced5fc47f037af8b7c27fce624dd07f458b033186
ONTARIO PUBLIC SERVICE,"$106,945.02",$308.28,Attorney General,Counsel,1996,a2ae2ed528f70f75167c1383e097af7d19f96bfb22ce78f2a14003404b4b77bc
ONTARIO PUBLIC SERVICE,"$119,195.68",$348.34,Attorney General,General Counsel,1996,b0ede9e66b951ed866c4342fd9c69ceeac8c3d42145ccae9c61749b0345f2260
ONTARIO PUBLIC SERVICE,"$135,618.34",$0.00,Attorney General,"Provincial Judge, OCJ",1996,0a9806bbdf11d754dff6aee5fb056936321d98a1b707fa8ab1e9c3a166db35cc
ONTARIO PUBLIC SERVICE,"$110,410.35",$318.48,Attorney General,Asst. Deputy Att. Gen.-Public Law,1996,429a5f87e8f529df34a0d8e9e9c0fcdd760a34d04b7aa55e53a7c7c214c31085
ONTARIO PUBLIC SERVICE,"$114,462.12",$330.00,Attorney General,Asst. Crown Attorney,1996,5d075bd45183fd4295b30fedfa96b93fdf84a0a955744ec77934c8fd225edb45
ONTARIO PUBLIC SERVICE,"$105,664.63",$0.00,Attorney General,Counsel,1996,5e86506adb92eb84d39c8e7ade0695143acd105947bac14452ed23a5787ff131
ONTARIO PUBLIC SERVICE,"$123,825.00","$1,471.41",Attorney General,"Provincial Judge, OCJ",1996,2a0825b2bd9c528de53eca49a6220d4b9781e88357d0ee71eebbe8cc19667b03
ONTARIO PUBLIC SERVICE,"$104,146.81",$297.84,Attorney General,"Crown Attorney, Elgin",1996,597149084815aa89ef5679bb8afb8d01222050241c46150682c2010cebd5c9f1
ONTARIO PUBLIC SERVICE,"$103,580.60",$298.56,Attorney General,Solicitor,1996,af9921c2d652238aa263d4af2b88010e099f277a62256e9d1c0f52e93b0badb0
ONTARIO PUBLIC SERVICE,"$123,825.00","$4,250.74",Attorney General,"Provincial Judge, OCJ",1996,3ab4ca828b99e1481791f97642aceca6ad6d6461ed8b849839092b24f6c03e30
ONTARIO PUBLIC SERVICE,"$101,952.31",$293.52,Attorney General,"Asst. Crown Attorneys, (Des)",1996,8195d39cdc69e4f93a77a0f2713ead88801708a7d5f54c89ecd29437ca495541
ONTARIO PUBLIC SERVICE,"$103,047.54",$298.56,Attorney General,Counsel,1996,0e91fb2ff8f4806726b5ab321243f189fc33486aefd231dd010204b233a0c59d
ONTARIO PUBLIC SERVICE,"$103,580.60",$298.56,Attorney General,Solicitor,1996,04ed2a5938e426775268bd502f9f41e107c7efe9e6c44b2df43ae9f6e5502cf0
ONTARIO PUBLIC SERVICE,"$121,725.86",$351.00,Attorney General,Director Special Projects,1996,01b1c997575b7c1bc2aa3f4e0662b37f2edc765e08c68e47c8e6fbc75905c0d0
ONTARIO PUBLIC SERVICE,"$103,569.73",$298.56,Attorney General,Law Officer,1996,a0e8a212c88dcb46ce4419b64b342d94d293733c1b3ba17bbf0206906fc02ee6
ONTARIO PUBLIC SERVICE,"$123,825.00","$1,634.90",Attorney General,"Provincial Judge, OCJ",1996,4aaee11e62a7cb0318f67f08c6b0ec6ba37b77918813aa914853c1638fc44ba4
ONTARIO PUBLIC SERVICE,"$117,893.84",$339.84,Attorney General,Counsel,1996,e3d3bb2f88e70614b5ec451a3940ea6e26577715eb487771f5f773d9450cde72
ONTARIO PUBLIC SERVICE,"$104,412.27",$298.56,Attorney General,Asst. Crown Attorney,1996,0845875ba3dcc9f49cf0ebf7c663a746f0627542f9a6132c4b702f0120e3e0f5
ONTARIO PUBLIC SERVICE,"$122,787.26",$353.61,Attorney General,Reg. Dir. of Crown Attorneys,1996,0e18653994026c673123a9cf8f58a45a7c801851a0bddf0e41f337b8d454d8f6
ONTARIO PUBLIC SERVICE,"$123,825.00",$0.00,Attorney General,"Provincial Judge, OCJ",1996,d7a28d8d235b9ab72b811310db66686da2bebec7ee82125fc2148ff098b9e366
ONTARIO PUBLIC SERVICE,"$114,462.12",$330.00,Attorney General,Asst. Crown Attorney,1996,9088a4f097761331e1eb523bd8e966d44fd7e1b6eadc534da344d63c36fd2ea4
ONTARIO PUBLIC SERVICE,"$119,396.75",$344.16,Attorney General,"Director, Legal Srvs.",1996,2697a553b47d321ae893eae0d5e43fb5dfef15d98eb6aa91fe3a61995ea5b9a5
ONTARIO PUBLIC SERVICE,"$100,330.71",$289.32,Attorney General,Group Leader,1996,ddc951400538cba6b4289273aa109255ddd6686c39ac427ed9d4571814256aab
ONTARIO PUBLIC SERVICE,"$124,030.23",$0.00,Attorney General,"Provincial Judge, OCJ",1996,c243804767f3409c2bfe70cff9db91d59d42c2971266ea6fe86d86034c4ef3d1
ONTARIO PUBLIC SERVICE,"$123,825.00",$0.00,Attorney General,"Provincial Judge, OCJ",1996,4c743f9e99a02d43e1b0249fa47b2e863551c5fd7d9fe3fe70e4d4c340134057
ONTARIO PUBLIC SERVICE,"$123,825.00",$0.00,Attorney General,"Provincial Judge, OCJ",1996,8dc10a44eb74c64112d6bf2b96337a967e88966afcb88c29835c5d96e1ce7087
ONTARIO PUBLIC SERVICE,"$103,580.60",$298.56,Attorney General,Counsel,1996,b734ea1bbc73c12d2c7a8677d659c91083743a64ac8a7cdf0db815b1f0183e1d
ONTARIO PUBLIC SERVICE,"$191,708.09",$200.76,Attorney General,"Crown Attorney, York East",1996,d37c1ffe523d8cbd28170c56e1b47b4e06e70952b893e11cec475362edb30492
ONTARIO PUBLIC SERVICE,"$106,686.60",$307.56,Attorney General,Crown Counsel,1996,d9332e56d607d1ff33abc577f8ec1e175b8467279ba4dd6fa88212b7d56daa31
ONTARIO PUBLIC SERVICE,"$103,702.17",$299.31,Attorney General,"Crown Attorney, Bruce",1996,6bbe3311cd1536c13058629bd95445f383134032db17e5dc5b52ace7ad4c1357
ONTARIO PUBLIC SERVICE,"$123,825.00",$0.00,Attorney General,"Provincial Judge, OCJ",1996,30e62aa9e6c99333dc44f0157aeb7d8770c8ecc12941c6f8fe6901a8cf814d95
ONTARIO PUBLIC SERVICE,"$103,580.60",$298.56,Attorney General,Asst. Crown Attorney,1996,6992af349fbdc5f4260e977d4f44725c14403f9402d52496c5f567280cc7ab06
ONTARIO PUBLIC SERVICE,"$123,825.00",$0.00,Attorney General,"Provincial Judge, OCJ",1996,ad7e5a01d061572be4cfce04b0d094c9ab8bcc25e91b7a454f939c2367636d23
ONTARIO PUBLIC SERVICE,"$102,075.10",$298.56,Attorney General,Leg. Counsel Rent Review,1996,e86ba05baf98781d82d3b76a86ef2bcefec72188574589c7454d2ec06963908a
ONTARIO PUBLIC SERVICE,"$123,825.00","$4,250.74",Attorney General,"Provincial Judge, OCJ",1996,c823f22e53fd926210a4cb6b1d9ee864aaaaac1d19c9258aac43fb286b60ece9
ONTARIO PUBLIC SERVICE,"$123,825.00",$0.00,Attorney General,"Provincial Judge, OCJ",1996,d87cc489e7f3a4011496611dab3f305dacba4c81da45375046407e5dbd903cce
ONTARIO PUBLIC SERVICE,"$123,825.00","$4,250.74",Attorney General,"Provincial Judge, OCJ",1996,9e7ba359a6eb6d322040ff5aa0891cc58d9d808b26937df21c5ca7e8d6dc2169
ONTARIO PUBLIC SERVICE,"$119,396.75",$344.16,Attorney General,"Crown Attorney, Essex",1996,4660d85947081534da9e4f351a20057a5e1e7193d20a5d41e59fac4f730318d7
ONTARIO PUBLIC SERVICE,"$123,825.00",$0.00,Attorney General,"Provincial Judge, OCJ",1996,8427c91ab8b3df17c92074525ee770a8c8da49909a593848ed889c29290ee280
ONTARIO PUBLIC SERVICE,"$119,396.75",$344.16,Attorney General,"Crown Attorney, Wellington",1996,0a367e35526dae7460f6b9ab551455598413c4ccf0485f52dc17ee554ad00395
ONTARIO PUBLIC SERVICE,"$123,830.93","$4,005.54",Attorney General,"Provincial Judge, OCJ",1996,5a337eecbaee91dce9d13c3e2dbecae1abceb022b68b9d95af198c962f5b958f
ONTARIO PUBLIC SERVICE,"$103,580.60",$298.56,Attorney General,Asst. Crown Attorney,1996,0a0da3429ba40c152c626a70dc5ef98258bd71c20c8b193579725a9deb3aa7d3
ONTARIO PUBLIC SERVICE,"$100,319.02",$289.32,Attorney General,Counsel,1996,4be728c2e1e8fea5e114a53a60ed617960786b88830dc6d24ea6b342a4239ed1
ONTARIO PUBLIC SERVICE,"$113,127.59",$326.04,Attorney General,Counsel,1996,026e3eb32d79fd8d79117a44da383553d2b7f6b4a79a6a728708cc1413b7f284
ONTARIO PUBLIC SERVICE,"$103,810.20",$307.56,Attorney General,Asst. Crown Attorney,1996,40428f9affcb8833c750e8edc53f6e085295cec6666282570b7abe42738371f5
ONTARIO PUBLIC SERVICE,"$123,393.65",$355.80,Attorney General,Public Guardian & Trustee,1996,34c1be49a5ffd39b1d7e7f72e933ba0ce35d7f1ba584e3072dcb62cdfac1e353
ONTARIO PUBLIC SERVICE,"$123,825.00","$4,250.74",Attorney General,"Associate Chief Judge,OCJ",1996,98e367c44a0cc635a945894a5c0324d5ae4359b8c5842b9d0d84c1ed73a11530
ONTARIO PUBLIC SERVICE,"$123,825.00",$0.00,Attorney General,"Provincial Judge, OCJ",1996,7b8fcf343b497021c8272a16d789389e22bd1548af0d1b58aded8fe629b8cb1f
ONTARIO PUBLIC SERVICE,"$103,580.60",$298.56,Attorney General,Law Officer,1996,52361307a683cb6a1d48d3659f7b5e32ba7f27a96fb17447883fe449e909b349
ONTARIO PUBLIC SERVICE,"$106,684.57",$307.56,Attorney General,Legislative Counsel,1996,ea1c9a53c43d0a3485fbd59fc96d3007f9023f8aaa0d8b240c2e7c3d178e60e0
ONTARIO PUBLIC SERVICE,"$120,355.47",$344.16,Attorney General,"Crown Attorney, Niagara N",1996,43731838f2b605a40983a02b7c0ee6fb630bd6ccc4d5e87a3ca4640072d9659c
ONTARIO PUBLIC SERVICE,"$119,327.37",$343.92,Attorney General,"Crown Attorney, Haldimand",1996,e2541b729a70fdfdbf9d183d07378032cd5b256ff93a38adc23fd371f89b5c8f
ONTARIO PUBLIC SERVICE,"$114,462.12",$330.00,Attorney General,Asst. Crown Attorney,1996,29d2c241869aa8de66fb0e3da8400fb4097eceaeb0f9f997d82160ec1af8a085
ONTARIO PUBLIC SERVICE,"$101,667.32",$293.04,Attorney General,Counsel,1996,c16eda19fd82394945811bd3213f4af0275a37146871659fc675cd85643aeef6
ONTARIO PUBLIC SERVICE,"$123,825.00",$0.00,Attorney General,"Provincial Judge, OCJ",1996,cd32f900006075391c64a369af05dda237fa4175ed8841ffefe176973057bc97
ONTARIO PUBLIC SERVICE,"$123,825.00","$4,250.74",Attorney General,"Provincial Judge, OCJ",1996,5641e28801c382d9abc45009e47d378d66fb0887d9b4e08ceb562210c1511683
ONTARIO PUBLIC SERVICE,"$106,269.38",$306.36,Attorney General,"Crown Attorney, Sudbury",1996,9c3a032aede8f8fb2fcf21b7b9cca918f59a0964ef425f80cc09775f0cf2e437
ONTARIO PUBLIC SERVICE,"$114,236.89",$329.28,Attorney General,Counsel,1996,e5e08f6f8ca05924d0f29ea66ac5bc3814697bfe763268edf54efffadf63138c
ONTARIO PUBLIC SERVICE,"$123,825.00",$0.00,Attorney General,"Provincial Judge, OCJ",1996,cc6c8a8fdd2f73d13cdda7c03dcaee4ab0ece08d8d2f9f05b3a27c672eaa51db
ONTARIO PUBLIC SERVICE,"$123,825.00",$0.00,Attorney General,"Provincial Judge, OCJ",1996,d76fa04f5a8d10fa3fcd7e8cf8927ccf7b5cf307fc3e447b060c73ae695d6488
ONTARIO PUBLIC SERVICE,"$103,580.60",$298.56,Attorney General,Asst. Crown Attorney,1996,b334a7f04bbb24966e9428aec759dc60f32eedba28f0889ca0f5b5bd442be553
ONTARIO PUBLIC SERVICE,"$123,825.00","$4,250.74",Attorney General,"Provincial Judge, OCJ",1996,8218fa83c16db77e42d4f311093ac897fc4ed2cbfba6787405d11ee8ebb69be7
ONTARIO PUBLIC SERVICE,"$114,462.12",$330.00,Attorney General,Asst. Crown Attorney,1996,b72f2f673448c07eb60cce6c63929d83e2323b97842c2fab996057857267a862
ONTARIO PUBLIC SERVICE,"$123,825.00","$4,250.74",Attorney General,"Provincial Judge, OCJ",1996,03a7b9ad2644bea18d6c99152b985e97cc98ac6e3d180a3efcbb7636826cbb1e
ONTARIO PUBLIC SERVICE,"$114,462.12",$330.00,Attorney General,Counsel,1996,907cefb1588f0061ec8ea9cfdcb60280b9c9475567fb1dcb5bf39c0326c6ae40
ONTARIO PUBLIC SERVICE,"$123,825.00","$1,144.43",Attorney General,"Provincial Judge, OCJ",1996,f37bf6ac2169d0e72138762620da392551ebd6806a3bf0304272258c07cc3733
ONTARIO PUBLIC SERVICE,"$100,611.52",$0.00,Attorney General,Law Officer,1996,9acc6af90b50eddc5623b4f6af125b700ea46707444a974de6cad64ec9b25408
ONTARIO PUBLIC SERVICE,"$121,725.86",$351.00,Attorney General,Director Legal Srvs.,1996,a5ad2d7425c84c8bd18f51e3885644ba46d622e74271ec65a93566b9ef236d74
ONTARIO PUBLIC SERVICE,"$114,462.12",$330.00,Attorney General,Asst. Crown Attorney,1996,05aaf8f4f27ce86624e5bd0441200e7946e6a2a9003afbe931eb1e891c180a08
ONTARIO PUBLIC SERVICE,"$110,169.30",$330.00,Attorney General,Counsel,1996,0824398e9891fb3ad8c910f15264b53920f28f90ba4b1457133a645d9f80f62f
ONTARIO PUBLIC SERVICE,"$123,825.00",$0.00,Attorney General,"Provincial Judge, OCJ",1996,c1c958d4776a5c2e9774bb6eeb3f85837d9b7a4a039cfece36c2e693c11e81c5
ONTARIO PUBLIC SERVICE,"$114,462.12",$330.00,Attorney General,Asst. Crown Attorney,1996,56dd3bd01290d6a691dc00dc081630b2eb7f92dcfb13c3a2aed774a61fd4f236
ONTARIO PUBLIC SERVICE,"$119,396.75",$344.16,Attorney General,Director Legal Srvs.,1996,7741dc16c125e6f40f3d14995719939fd9a38a3abeff56bab99a00a1adf4daf7
ONTARIO PUBLIC SERVICE,"$110,077.25",$113.40,Attorney General,Investigator,1996,167d691641ba0a867dbbbae2ca2a282bd316acf2eb6dc66315596f576d43023c
ONTARIO PUBLIC SERVICE,"$123,825.00","$4,250.74",Attorney General,"Provincial Judge, OCJ",1996,3e4a66254fdba9e2350b96781ab30fee0bdafa96d941810a946195c2f0a07f91
ONTARIO PUBLIC SERVICE,"$103,580.60",$298.56,Attorney General,Solicitor,1996,044d803b7af2bd007be71aa381161d123ca0ce9bf0a2adcb292f848196a5e572
ONTARIO PUBLIC SERVICE,"$123,825.00","$4,250.74",Attorney General,"Provincial Judge, OCJ",1996,bcb10cbb517f705bad465e80c5bdca2675ce3c35ff83919670b528d575267cfa
ONTARIO PUBLIC SERVICE,"$106,210.11",$307.56,Attorney General,Asst. Crown Attorney,1996,5e6716a7350dcfc001b7df49ab80792099e7cec5f2ae0f49be866d047e277774
ONTARIO PUBLIC SERVICE,"$123,825.00","$4,250.74",Attorney General,"Provincial Judge, OCJ",1996,b2561ebed3b0dedb5e39a5c60ac5df03334ce178c2844b1773b23196538444fc
ONTARIO PUBLIC SERVICE,"$135,619.12","$4,655.56",Attorney General,"Regional Senior Judge, OCJ",1996,218953fb9f1ee7e91752fe000378d093a2a7766f5b59eedbc17ea8e28d2b36f6
ONTARIO PUBLIC SERVICE,"$103,580.60",$298.56,Attorney General,Asst. Crown Attorney,1996,e953d835afb9be42e2d0aec48d10ad2e9f71c633d79a957e9a13ebfa10500e9c
ONTARIO PUBLIC SERVICE,"$123,825.00",$0.00,Attorney General,"Provincial Judge, OCJ",1996,68d1627207cbefd5eaafe1196cc7848840f818ae8c767696e598b42c0aca3d40
ONTARIO PUBLIC SERVICE,"$123,825.00",$0.00,Attorney General,"Provincial Judge, OCJ",1996,584700b7228230c349c1d613f290f0be6974c9998e3cf8b375f7e17df534928e
ONTARIO PUBLIC SERVICE,"$123,825.00",$0.00,Attorney General,"Provincial Judge, OCJ",1996,8ed421d5b7005098a282a68e7e6c062f4ac011267a95c98a6dc5a533c382efd9
ONTARIO PUBLIC SERVICE,"$103,580.60",$298.56,Attorney General,Counsel,1996,cfd8a669752281db471dca1a2428be3969e95dd946b1003eb296b4cdd8b4961e
ONTARIO PUBLIC SERVICE,"$103,578.62",$298.56,Attorney General,Legal Officer,1996,85331ef7cde04c54cae1978b4cbac023a69d2ecbe389cda2b423accc5a578e20
ONTARIO PUBLIC SERVICE,"$123,825.00","$4,250.74",Attorney General,"Provincial Judge, OCJ",1996,8a3629b2b23dc40cdf179361794ca7e7a1aff187695af718093b6e390accd343
ONTARIO PUBLIC SERVICE,"$123,825.00","$4,250.74",Attorney General,"Provincial Judge, OCJ",1996,a866feaea60b1cc9690fcb6a71d8f220f0405c08f45c41dccfd87896b5920e69
ONTARIO PUBLIC SERVICE,"$104,412.27",$298.56,Attorney General,Asst. Crown Attorney,1996,11fe4b69d21a1a1338e6ff31cdb052329f2e4fb401b9c78df091ccb79bd21467
ONTARIO PUBLIC SERVICE,"$103,580.60",$298.56,Attorney General,Asst. Crown Attorney,1996,f074f3e2b63b789056dfa6d975e5519069a9cba5b8cda661e7e86b965b5d5191
ONTARIO PUBLIC SERVICE,"$123,825.00",$0.00,Attorney General,"Provincial Judge, OCJ",1996,514f9a52587ae7eb77a8d8b8724c1eddbbc84429fd0f0a1e121950f6709d2fe0
ONTARIO PUBLIC SERVICE,"$111,186.31",$326.04,Attorney General,Asst. Crown Attorney,1996,beea9eddacbff12d099d7fda2899db831372a58aa3a6c7290e9574955d37d2fc
ONTARIO PUBLIC SERVICE,"$123,825.00","$4,250.74",Attorney General,"Provincial Judge, Niagara N & S, OCJ",1996,58522d7ee0dd20df3c80a1504ca1b1f357d95b5d0b9e621321f3eb563e2be3cb
ONTARIO PUBLIC SERVICE,"$108,801.33",$313.68,Attorney General,Director Legal Services,1996,d51d4191ef36c58565f83804fc3260702f3ddc12136a15bbe49726b4d6a2eb03
ONTARIO PUBLIC SERVICE,"$123,825.00",$0.00,Attorney General,"Provincial Judge, OCJ",1996,0952c904b6d6a9fc14c16d3e6ca15559bb18f0b96ca78105a81a0ee80983d24a
ONTARIO PUBLIC SERVICE,"$103,580.60",$298.56,Attorney General,Legal Counsel General,1996,dc34b6f656abb091fa6ab14ea7224a9a96286b775591fc8f870fea2164cca62f
ONTARIO PUBLIC SERVICE,"$123,825.00",$0.00,Attorney General,"Provincial Judge, OCJ",1996,e4d865a63aaa125c1e03cca2ccc38a609be8f385a3eb1996a2be5feec0a60db5
ONTARIO PUBLIC SERVICE,"$103,580.60",$298.56,Attorney General,Research Counsel,1996,109189ce4a8c93ca945df781bbacbce510ac2df87c4b8e9771f2350b263909b0
ONTARIO PUBLIC SERVICE,"$101,446.59",$290.16,Attorney General,Judicial Research Lawyer,1996,7ac172aa2712fc173356770389f61ee7db42f7fd281061c91c362e9bcce9f6a6
ONTARIO PUBLIC SERVICE,"$100,662.51",$289.32,Attorney General,Counsel,1996,4f8eecccd258f274fab53e12e43d9ef734b412d7bee4451cd714d5f02cbf333b
ONTARIO PUBLIC SERVICE,"$102,741.09",$296.16,Attorney General,Crown Counsel,1996,4a72fd8efd85545adfe30a0e9fd363dd076e30b6f2bf4df23e1e8a1b7f5c9cf6
ONTARIO PUBLIC SERVICE,"$103,580.60",$298.56,Attorney General,Exec Offr To Chief Justice,1996,ad09cdb58f20782ae27ac0e12159493e8725066197cdec47754761bbbf1fa158
ONTARIO PUBLIC SERVICE,"$110,976.48",$319.80,Attorney General,"Reg., Court of Appeal",1996,e9a444a3376230c0fca9d93a6044717ab2132dafb45645d7ae3bc51e5806be88
ONTARIO PUBLIC SERVICE,"$123,825.00","$4,250.74",Attorney General,"Provincial Judge, OCJ",1996,15852fa3ad81d8b043df0333dd52532aa8318a72187dc1828d328dc2f7bca450
ONTARIO PUBLIC SERVICE,"$123,825.00",$0.00,Attorney General,"Provincial Judge, OCJ",1996,871cca13ec6968aa12f947140b9f184ef4513e1cb7ff4d24dafacc7760af2190
ONTARIO PUBLIC SERVICE,"$123,825.00","$4,250.74",Attorney General,"Provincial Judge, OCJ",1996,41798205139af2eb75855f2d05610d61d61b23251caef2404bf60a7e45162eb2
ONTARIO PUBLIC SERVICE,"$123,825.00","$2,615.84",Attorney General,"Provincial Judge, OCJ",1996,b0843fdb44ac19c38ccacf4f44c04ad8e79480aa43b71de9e1d619b159ecb33f
ONTARIO PUBLIC SERVICE,"$123,825.00",$0.00,Attorney General,"Provincial Judge, OCJ",1996,fd591ded632feee49f079a1503544cef158a5529641d09d29fd2d431c78edbd9
ONTARIO PUBLIC SERVICE,"$103,580.60",$298.56,Attorney General,Assistant Crown Attorney,1996,1361f054ea5a8182b39bdd235fbd1cad1321e4de9aa3106fb43b9ddffbc5c200
ONTARIO PUBLIC SERVICE,"$123,825.00",$0.00,Attorney General,"Provincial Judge, OCJ",1996,a706e05d2e3e5f091ed63c42ab959014358a4ebb019a3395ae1019f082f14a37
ONTARIO PUBLIC SERVICE,"$123,825.00","$4,250.74",Attorney General,"Provincial Judge, OCJ",1996,03f8155b8397e2d660920e673c445fb50f7dedef768ec63d968171289886c8de
ONTARIO PUBLIC SERVICE,"$139,687.34","$4,795.44",Attorney General,"Commissioner,OCJ",1996,ad27f3fcf0104cfa076d6bef6a4af49d7f1bcf494751a3699b2d7b7d79a9e102
ONTARIO PUBLIC SERVICE,"$124,338.27",$0.00,Attorney General,"Provincial Judge, OCJ",1996,a7d27c617727060647af50aa86cd3f77427d27cc0378587d7c9f7ea5d5ad230e
ONTARIO PUBLIC SERVICE,"$103,580.60",$298.56,Attorney General,Law Officer,1996,1fb3b6777e6d35c43d30703da90c290eaa6be07d70663ecdf28e5d41c4d753bf
ONTARIO PUBLIC SERVICE,"$119,321.76",$343.56,Attorney General,"Director, Legal Services",1996,539a9a78ce4a9f1f576cc4f110c9e803711a44762460300109efbcf5ddf2c65a
ONTARIO PUBLIC SERVICE,"$106,686.60",$307.56,Attorney General,Senior Solicitor,1996,7b47496551399e9ed479a386b9ada3c4c5c17053c6e0fee9f05ee29deb386204
ONTARIO PUBLIC SERVICE,"$108,342.01",$311.15,Attorney General,Deputy Director Equality Rights,1996,dd359509ea7edb01c98bfd963523335405bc4f73a39395cbe049655d9c003524
ONTARIO PUBLIC SERVICE,"$123,825.00",$0.00,Attorney General,"Provincial Judge, OCJ",1996,77b665daea6dfdb2027ab95bdd443485c51ec3cbeb77a7385f5e3441bfa358be
ONTARIO PUBLIC SERVICE,"$139,040.28",$0.00,Attorney General,"Associate Chief Judge, OCJ",1996,e52743cd135e5e6df78683dc91a575c05abd4d9dc067ee3e07cf47f9b5af63ff
ONTARIO PUBLIC SERVICE,"$123,825.00",$0.00,Attorney General,"Provincial Judge, OCJ",1996,b39565a5a662956412ed0fe936740fbe87b4cc8715ecd8fb7007612136b9530e
ONTARIO PUBLIC SERVICE,"$109,576.40",$315.84,Attorney General,Crown Counsel,1996,9d2b92e39a2a35f9d4296bf36479d9f033d0be2981853cb97bee56566259d455
ONTARIO PUBLIC SERVICE,"$103,580.60",$298.56,Attorney General,Asst. Crown Attorney,1996,787e40432f1a8712090234bab73c7082ba33ad4d13be4ef0ec084f332d36221f
ONTARIO PUBLIC SERVICE,"$123,825.00","$4,250.74",Attorney General,"Provincial Judge, OCJ",1996,f3ff232dcd62a8e99d12457edbc0ad3f8f16a2a18d0e99b3d5140a1a4d5cda0b
ONTARIO PUBLIC SERVICE,"$123,825.00","$4,250.74",Attorney General,"Provincial Judge, OCJ",1996,9d40c4293d2b24beab949a4324ccfd2a087a08bd4c366ff92e17d4e64f7b4b69
ONTARIO PUBLIC SERVICE,"$103,580.60",$298.56,Attorney General,Solicitor,1996,ce25e1a5f0cf5cc23d82f00b2fd1c40eed543c60bb62d63f12d051bcf70c0e21
ONTARIO PUBLIC SERVICE,"$115,854.00",$302.50,Attorney General,"Provincial Judge, OCJ",1996,74daa2a681a1e049c87c735041c383e9815f24401bdb998ea05b371baad6128d
ONTARIO PUBLIC SERVICE,"$141,513.84",$0.00,Attorney General,"Chief Prov Judge (Cd), OCJ",1996,a9a5b3ace7c8069efa8364259278c0a2170133884a31c4172e2637349b5be8ea
ONTARIO PUBLIC SERVICE,"$123,825.00",$0.00,Attorney General,"Provincial Judge, OCJ",1996,eaf6ec1fb6038d7e41e29a0f1f7b42702298954349747bba6dd9ad43d8814cf2
ONTARIO PUBLIC SERVICE,"$114,462.12",$330.00,Attorney General,Asst. Crown Attorney,1996,19e432c4e6f13561f3bdf19eac99b57155a397fb8d72bad82868ad37e719afa6
ONTARIO PUBLIC SERVICE,"$115,792.83",$330.00,Attorney General,Crown Counsel,1996,ca0c5ef3c76985ce3900234ec13a738929a7d4afc3bcffcbd96c38b6989a49f2
ONTARIO PUBLIC SERVICE,"$123,825.00","$4,087.25",Attorney General,"Provincial Judge, OCJ",1996,1cf938a34c2ab5e9b1122f173460b7068601b066d36cc309ae7709bf5211ad63
ONTARIO PUBLIC SERVICE,"$123,825.00",$0.00,Attorney General,"Master, OCJ",1996,e27324c658ea32b37491680ee0347949b4012d25502029b7fdbf0ce332474c50
ONTARIO PUBLIC SERVICE,"$103,580.60",$298.56,Attorney General,Solicitor,1996,0a2ed20f1061ec536cb73770fb5a78abaf0b31a6651a9c31cda203b0df4206e1
ONTARIO PUBLIC SERVICE,"$123,825.00",$0.00,Attorney General,"Provincial Judge, OCJ",1996,4b4179cc653a3e6ff3fda48448f39bf39c925e798348b31259a700dcfe9e4c2c
ONTARIO PUBLIC SERVICE,"$123,825.00","$4,250.74",Attorney General,"Provincial Judge, OCJ",1996,c7cb627d87e2f10108943a10e901a41efa27b4b27e561dafcfce85c752f6b8e4
ONTARIO PUBLIC SERVICE,"$106,685.56",$307.56,Attorney General,Asst. Crown Attorney,1996,b2a1816b1221292558478d51afacef42eb0d24d3e4bfe11639924cebcb7b442d
ONTARIO PUBLIC SERVICE,"$101,823.41",$223.92,Attorney General,Crown Attorney Cochrane S.,1996,bf8009266006e0c7d19316527be0e97ea3a1c7e0790020201aa1c2aed8964a61
ONTARIO PUBLIC SERVICE,"$114,462.12",$330.00,Attorney General,Counsel,1996,9c0563d2f247731ecdaddea876702d3c7845ba4404eb16ab911148bcc519a14c
ONTARIO PUBLIC SERVICE,"$122,703.27",$351.00,Attorney General,Reg. Dir. Of Crown Attorneys,1996,5a714726a4917ee2b2605ef88975c6a422d56365ee74f4eb4e24fddaf656d295
ONTARIO PUBLIC SERVICE,"$123,825.00","$1,634.90",Attorney General,"Provincial Judge, OCJ",1996,229bfca88723c5efe28f792ff5f41124268c6292e4ce81f0999a3b9585e620dd
ONTARIO PUBLIC SERVICE,"$103,580.60",$298.56,Attorney General,Asst. Crown Attorney (Des),1996,8bfa6c0678b089ccfb1444bb6572f272d792bca01562c3db6da3d0551b79760b
ONTARIO PUBLIC SERVICE,"$103,580.60",$298.56,Attorney General,Counsel,1996,e5be91cc1756646ded99c752cad027ad673a0c10cace7b3b013f0eb1dbce52d6
ONTARIO PUBLIC SERVICE,"$123,825.00",$0.00,Attorney General,"Provincial Judge, OCJ",1996,05ecf7191ad44f49ff57d519256a29d4c7e71533e8617497228d2f826811c264
ONTARIO PUBLIC SERVICE,"$103,580.60",$298.56,Attorney General,Solicitor,1996,847a08acc45bfa47bf8c9b3fd599ae2b37efad08dce5bb7065ab3065fbfcfa06
ONTARIO PUBLIC SERVICE,"$117,740.30",$339.84,Attorney General,Asst. Crown Attorney,1996,89d85a13c432dbfed90c7c993ff26ea3a56c4fb6c5474ea0781f0467989a6f51
ONTARIO PUBLIC SERVICE,"$103,580.60",$298.56,Attorney General,Counsel,1996,9b89ba27405470da5eb89e235138c6bec4f7b9353bc08386b192a1b167a5f549
ONTARIO PUBLIC SERVICE,"$123,825.00",$0.00,Attorney General,"Provincial Judge, OCJ",1996,6a76e9909dcfb4fd1e307c4bbebdafccfd31563c5033e06e531d231f9f101ceb
ONTARIO PUBLIC SERVICE,"$114,462.12",$330.00,Attorney General,Asst. Crown Attorney,1996,878a1ac0d01c3d0b7bbbafe9361b06407c8a325895d95617bb6c8ec3efdfe5ff
ONTARIO PUBLIC SERVICE,"$123,825.00",$0.00,Attorney General,"Provincial Judge, OCJ",1996,aaa3b8485cedfe0cbf14a8e78edcab1cb11045360b0bf4416f041966d3178c68
ONTARIO PUBLIC SERVICE,"$124,151.98",$0.00,Attorney General,"Provincial Judge, OCJ",1996,c596aa6fffd529f1a91574786de17025670b74bab9b05a08060099d3435efba0
ONTARIO PUBLIC SERVICE,"$110,931.07",$319.68,Attorney General,Asst. Crown Attorney,1996,f4b85400cd8eafed62df42fbee9cbedeb06f8b0910cc1281c5b0b3d074b5f6b3
ONTARIO PUBLIC SERVICE,"$103,580.60",$298.56,Attorney General,Legal Officer,1996,f274447b3a68156ba6de44904f37bb6c734caefa0ad6e5c93864fbfd2aaad1b4
ONTARIO PUBLIC SERVICE,"$123,825.00",$0.00,Attorney General,"Provincial Judge, OCJ",1996,7b0f6acdafbba0d94bfdf4edc26a6ea4517954c2b2bc7b080866cdc25be52a87
ONTARIO PUBLIC SERVICE,"$123,825.00",$0.00,Attorney General,"Provincial Judge, OCJ",1996,334dd1a0f67d47d3de539d9096224b7875d6c5b98176a94285b395b4f40cc8da
ONTARIO PUBLIC SERVICE,"$123,825.00",$0.00,Attorney General,"Provincial Judge, OCJ",1996,ecf1e8ccfde9d39cca0388a5ab994b72ee01704af0fb296595c1d660ade6b342
ONTARIO PUBLIC SERVICE,"$123,825.00",$0.00,Attorney General,"Provincial Judge, OCJ",1996,572d9b066c80bd803d93b3f7ca2e24fad72966fff29a766382d020795ac241a7
ONTARIO PUBLIC SERVICE,"$123,825.00",$0.00,Attorney General,"Provincial Judge, OCJ",1996,da7d673cd9c970605a930dd23ccc2183a51248a364b6e30ef6e4e8ab62c92539
ONTARIO PUBLIC SERVICE,"$102,171.56",$294.48,Attorney General,Asst. Crown Attorney,1996,d68a3b0dc68829b1809a01ade3e66eec2837c29744e1269006f30f62f6013538
ONTARIO PUBLIC SERVICE,"$103,580.60",$298.56,Attorney General,Counsel,1996,402697a866e2a4e25e170eb5160ff86150db95046ba48b41b99bb47f98ad03d8
ONTARIO PUBLIC SERVICE,"$123,825.00","$4,250.74",Attorney General,"Provincial Judge, OCJ",1996,dfca64830cdb1b54782d5667e17ccef4444f7cfbcfddc48f46a6b6e0b85c15d3
ONTARIO PUBLIC SERVICE,"$123,825.00","$4,250.74",Attorney General,"Provincial Judge, OCJ",1996,2a8ac8fa2e3025f92c4206f80392e4623e43c22b73606f87b9bd98577e04c551
ONTARIO PUBLIC SERVICE,"$123,825.00","$4,250.74",Attorney General,"Provincial Judge, OCJ",1996,fca5c215a500f5040804a42f3811e5cb2c9218ab49c3a369cbfded3334e781e2
ONTARIO PUBLIC SERVICE,"$103,580.60",$298.56,Attorney General,Counsel,1996,a76d4f59406cecabb7a3e02f07ef8e1769cdd2adc7657312d7d09262fa9a8201
ONTARIO PUBLIC SERVICE,"$124,626.51",$359.28,Attorney General,General Counsel,1996,3d375540623764956dd0c2da24ea81fa902163b3afe9b361ac96a411e28383d3
ONTARIO PUBLIC SERVICE,"$103,580.60",$298.56,Attorney General,Asst. Crown Attorney,1996,b94b790213bcd456ea589dc226b0d4afbf9175d6caa51ee76b2f8d8894ec404d
ONTARIO PUBLIC SERVICE,"$123,825.00",$0.00,Attorney General,"Provincial Judge, OCJ",1996,b760fc0f513745ae08357e8b2f55773ac541bd02ee9f5f266adb15ad2a6456d6
ONTARIO PUBLIC SERVICE,"$123,825.00","$4,250.74",Attorney General,"Provincial Judge, OCJ",1996,a1e4aeb370304e24ad60b30d0ae16e9cc896712c86199f76f0ed143c814579c7
ONTARIO PUBLIC SERVICE,"$123,825.00","$3,760.27",Attorney General,"Provincial Judge, OCJ",1996,8e0efcb2517a826aca710a9e63065d6bc61bf3eda812ccd49ab02bdb940ca573
ONTARIO PUBLIC SERVICE,"$104,411.66",$298.56,Attorney General,Asst. Crown Attorney,1996,0e9afaa4517e3c24ddf373fdbf33efba7c3cf5056b132d03866e4c8918489b4c
ONTARIO PUBLIC SERVICE,"$114,462.12",$330.00,Attorney General,Counsel,1996,4020cf70eb40281bb03e0838fdf1e3a3ad31f5fd72002d509971198c7358fac0
ONTARIO PUBLIC SERVICE,"$114,462.12",$330.00,Attorney General,Counsel,1996,d436254d63682511edcbd37218b24d5d8a58de45f01c3340728d5af5a6ef6cb4
ONTARIO PUBLIC SERVICE,"$114,333.32",$330.00,Attorney General,Counsel,1996,4b6d38247fe14e421bd7d701923539567ebb37b16d073bbf4857da54603b12b9
ONTARIO PUBLIC SERVICE,"$114,462.12",$330.00,Attorney General,Legal Officer,1996,1213a548c8af9674b0fcefde770f77ebf3465fd95b09ccc2a11b3e59795bf071
ONTARIO PUBLIC SERVICE,"$100,370.69",$298.56,Attorney General,Solicitor,1996,0eccecf6235526d96cc6c7d3fc03ba6370e9e75e35ea5a21dc267aefef3c902c
ONTARIO PUBLIC SERVICE,"$105,723.31",$307.56,Attorney General,Counsel,1996,74bab9d4cf257a5257b251fe74f2d1db6f471a5a1ece755e717c0bc5c8794f5f
ONTARIO PUBLIC SERVICE,"$114,462.12",$330.00,Attorney General,Asst. Crown Attny (Des),1996,6db4518672f3e223abfc7a616d683320cbb4cfe235f34281501b6bf4d34b797b
ONTARIO PUBLIC SERVICE,"$103,580.60",$298.56,Attorney General,Asst. Crown Attorney,1996,56b7add9417f8b5d9c6ba54e457af9f53c725b130e0683a6c90317f8a8c03684
ONTARIO PUBLIC SERVICE,"$103,580.60",$298.56,Attorney General,Asst. Crown Attorney,1996,4e33b4b31ced7b539c72878c978a8781b2ea8548218ef0c0395ff912633ca321
ONTARIO PUBLIC SERVICE,"$103,580.60",$298.56,Attorney General,Solicitor,1996,6313f3318c68b4295ed457c39259f9ea96fce359fa524387be265b77191e68c4
ONTARIO PUBLIC SERVICE,"$119,328.15",$343.92,Attorney General,"Crown Attorney, Prince Edward",1996,ea6bce34a543d1983b3009eeb1686dd58d1971ad6a025358d1b1f4c4fc19bb89
ONTARIO PUBLIC SERVICE,"$103,338.16",$297.84,Attorney General,Asst. Crown Attorney,1996,a3ec8259c34dfee4561ae1cdba0af902a8b38816657266f06f17ceabb740b043
ONTARIO PUBLIC SERVICE,"$123,825.00",$0.00,Attorney General,"Provincial Judge, OCJ",1996,06ab6f858ef2b76d454af44eafd4cb7b4beaac6ce28dd7125111b23fd4675883
ONTARIO PUBLIC SERVICE,"$121,725.86",$351.00,Attorney General,Special Advisor,1996,9df80e12c28019a52867b21341bcd5fe749aa7e4064c9be268c8c7366eff497a
ONTARIO PUBLIC SERVICE,"$108,743.59",$326.04,Attorney General,Group Leader,1996,2216f8acdcee96aedc0e1b0826f841de6f9f8bec0f58f1dbbfd070c0f4755865
ONTARIO PUBLIC SERVICE,"$120,118.61",$344.16,Attorney General,Crown Attorney General,1996,e6745acd6b5d0ffd5ce4a386fede6619edd76b6aeafee431fa9a614505259b13
ONTARIO PUBLIC SERVICE,"$116,948.79",$335.31,Attorney General,"Crown Attorney, York East",1996,c2cc23a91cd9f0b4069883413a106ebba07dc2fed9cf402f6aa8c5c6579a49b5
ONTARIO PUBLIC SERVICE,"$102,664.95",$295.92,Attorney General,Crown Counsel,1996,4147ce367d4650ff0cc446becae76fa30a877cfb9de599106a3f91455ac67569
ONTARIO PUBLIC SERVICE,"$123,393.65",$355.80,Attorney General,Children's Lawyer,1996,ace3c2598c609371af223b912ced0529c36d89d04dc2ca2ddfe82bfede241e4b
ONTARIO PUBLIC SERVICE,"$103,580.60",$298.56,Attorney General,Asst. Crown Attorney,1996,eda514684d1ac38403b3d606331404c49daea01cca51ecf7fab03567fc24fb23
ONTARIO PUBLIC SERVICE,"$123,825.00",$0.00,Attorney General,"Provincial Judge, OCJ",1996,c3b7d7aa9baaf91c697839cb7ab446e70babb34fbfed38134e163e82aab14bbd
ONTARIO PUBLIC SERVICE,"$102,690.46",$298.56,Attorney General,Counsel,1996,88373ca5343831f7d7b7d92048dce72223f0934d2fc3df84723474e2d1a867bb
ONTARIO PUBLIC SERVICE,"$123,825.00",$0.00,Attorney General,"Provincial Judge, OCJ",1996,ca3e53da0809f002c0ef0fb2e756122e7c9929abd92f10898783eb99b0634cd7
ONTARIO PUBLIC SERVICE,"$106,658.09",$307.56,Attorney General,Counsel,1996,9f8abde9ee9660bdb245eb37fa4385881e335343ef7dd30d13f9cc4a5df9d87c
ONTARIO PUBLIC SERVICE,"$117,633.75",$0.00,Attorney General,"Provincial Judge, OCJ",1996,76e7e871088f768ce3f09675d24dd95c9a7eef7ca1d2b9885b476e0a73ff6081
ONTARIO PUBLIC SERVICE,"$150,379.49","$3,709.91",Attorney General,"Provincial Judge, OCJ",1996,d920dbbd242cee5dd81364591a4e9918d03f269d0f43f20a3c2081e40913e24f
ONTARIO PUBLIC SERVICE,"$123,825.00","$4,250.74",Attorney General,"Provincial Judge, OCJ",1996,c66473fe761efe69fc5ad5c923c60d47ad6cf67eb653170ca0142b51b0117b2a
ONTARIO PUBLIC SERVICE,"$113,460.33",$326.76,Attorney General,Project Director,1996,41277c34f4ddefad7fa9a845c33962e721ca0ea1a69d779ff80c69e6c6b8272d
ONTARIO PUBLIC SERVICE,"$103,580.60",$298.56,Attorney General,Counsel,1996,679bff365d2cbad139f044f2ac9dc33868af3531406462ffd3729884b174e56d
ONTARIO PUBLIC SERVICE,"$135,619.12","$4,655.56",Attorney General,"Regional Senior Judge, OCJ",1996,fdeefb8240e192ec3c6681d8f5afa1fd4b325d6b470176254bf780c55b1d3e0e
ONTARIO PUBLIC SERVICE,"$123,825.00",$0.00,Attorney General,"Provincial Judge, OCJ",1996,afcc9cd9d8f7cf783ac1f25e7785725250fa8488d6300d0bf8103fb4dfad23d4
ONTARIO PUBLIC SERVICE,"$104,618.44",$307.56,Attorney General,Legal Counsel,1996,b08922dcc3fd2e82e1e26cd1c0cc8a614833795235b2104945c4e46d097c5e45
ONTARIO PUBLIC SERVICE,"$103,580.60",$298.56,Attorney General,Counsel,1996,0eadf8bdf26c42b57d2369203760f9f7f76477fb54b89ac5118fb50397fab981
ONTARIO PUBLIC SERVICE,"$103,580.60",$298.56,Attorney General,"Reg. Counsel, Whitby",1996,2a9bb1cf560d7becd61fea2113bdcc0b27f252c0658e41850588db6d4c1a91a9
ONTARIO PUBLIC SERVICE,"$123,825.00",$0.00,Attorney General,"Provincial Judge, OCJ",1996,26bc2715f8a32e7c64172908b323a6ba2bb905ccbdf42145cc7ca3469c2e4e60
ONTARIO PUBLIC SERVICE,"$124,626.51",$359.28,Attorney General,General Counsel,1996,f1768782fe34fdcc85194f6374501c20154ea9cd1c56c852f0bc078c41d08e43
ONTARIO PUBLIC SERVICE,"$121,725.86",$351.00,Attorney General,Reg. Director-Crn. Attorneys,1996,95b27f990694a56a6a8509e1485ae1d4cc561269af84fac996a93a5de607aaa7
ONTARIO PUBLIC SERVICE,"$123,825.00",$0.00,Attorney General,"Provincial Judge, OCJ",1996,5c15a671c9896845a002cad2dd4201a0e611e2583408077442301506ca80f71d
ONTARIO PUBLIC SERVICE,"$135,619.12",$0.00,Attorney General,"Regional Senior Judge, OCJ",1996,2bcf349b0572ab68b6572fd866b4e308c05e1635834298a70f24f182c4213469
ONTARIO PUBLIC SERVICE,"$123,825.00",$0.00,Attorney General,"Provincial Judge, OCJ",1996,627c4681bdbd187b76fd756fb28d3ea457962d4c2c28be645673a9b929db2992
ONTARIO PUBLIC SERVICE,"$103,580.60",$298.56,Attorney General,Counsel (Kingston),1996,faf72c15d02ee98a56ad2c818576412de38ad50e22d7415ca50d747236bca390
ONTARIO PUBLIC SERVICE,"$100,235.34",$294.96,Attorney General,Director Charities,1996,399d658489b7c4b3c5d8a8a5656daf7d7de9bf7d7fecd0a6a1ee557016e4c2ab
ONTARIO PUBLIC SERVICE,"$123,825.00",$0.00,Attorney General,"Provincial Judge, OCJ",1996,17c58172ffe512689a2a779312c24d1892ae023da9046f09b7b2412bd4c5247a
ONTARIO PUBLIC SERVICE,"$119,823.10",$343.92,Attorney General,"Crown Attorney, Huron",1996,b55fe0d7b0630c4ee57bc4c35dc27928de943c2796b6883ce4ef838b1fd03059
ONTARIO PUBLIC SERVICE,"$103,580.34",$298.56,Attorney General,Senior Counsel,1996,3231120390f9b80958fad4f36dc17fe4a9ed8b7cfaa887a0bb5380323a96b6db
ONTARIO PUBLIC SERVICE,"$123,825.00",$0.00,Attorney General,"Provincial Judge, OCJ",1996,9ed69a87cb9b4150e202c0e42377d22a9515ff7dcff0d273c8c24dbc0349420a
ONTARIO PUBLIC SERVICE,"$103,580.60",$298.56,Attorney General,Client Lawyer,1996,9b72cdc9cde82e390611db96678e31ee52f0eda600c4ea02305764d95155d241
ONTARIO PUBLIC SERVICE,"$123,825.00",$0.00,Attorney General,"Provincial Judge, OCJ",1996,a96d9d3c2cf56badcdc247fbb37feb8241d7e2c19c9b7a75b39327c84722ed74
ONTARIO PUBLIC SERVICE,"$123,393.65",$355.80,Attorney General,Dir. Spec. Investigations,1996,7afec7c31646a7d28c60442f178149aec837ff2fa52b3bc55aab262cf33a905f
ONTARIO PUBLIC SERVICE,"$114,462.12",$330.00,Attorney General,Asst. Crown Attorney,1996,3130f95e86431b0b84e7632a8e9a6f01a1847eba98962bc8260bc912dc24f09d
ONTARIO PUBLIC SERVICE,"$103,339.20",$297.84,Attorney General,Counsel,1996,be5bb8772b17fe00572726eec108f4a9447851d85f89c8ccd1ef0a9e45f0a5a2
ONTARIO PUBLIC SERVICE,"$103,458.86",$298.20,Attorney General,Legal Officer,1996,692b3c2f82ee1b48a81f33b15c892eb690d3563e4e0e134a1d07f3b01d2f1cb6
ONTARIO PUBLIC SERVICE,"$123,825.00","$4,250.74",Attorney General,"Provincial Judge, OCJ",1996,f6eb0e0ccbe780825f95d100fdbbf3f4a06eaefa91b8a29562b20dc9b19f7258
ONTARIO PUBLIC SERVICE,"$105,039.52",$306.24,Attorney General,Asst. Crown Attorney,1996,911ed5ef3463193685ec616a39bf99f5f2312fbfd37bd536e4790d7dc1ad7ec0
ONTARIO PUBLIC SERVICE,"$103,580.34",$298.56,Attorney General,Counsel,1996,f84818118882eab1dea76194f540aceddb192a5f60515305284d01fb8ca7796e
ONTARIO PUBLIC SERVICE,"$114,494.01",$330.00,Attorney General,Asst. Crown Attorney,1996,ae326d2faae17bc0293d7aa72d90505feb6e9b54d4e7ba2f1c3a8c876fa99946
ONTARIO PUBLIC SERVICE,"$123,825.00",$0.00,Attorney General,"Provincial Judge, OCJ",1996,2ee808068b12670bcc21853ceab9505bb1519941b4ef42b217f67b3484400c1e
ONTARIO PUBLIC SERVICE,"$123,825.00","$4,250.74",Attorney General,"Provincial Judge, OCJ",1996,1928250b96c72ee1747524b16a15b90581b2276404913b6eeadb4f9bd449ae7e
ONTARIO PUBLIC SERVICE,"$123,825.00",$0.00,Attorney General,"Provincial Judge, OCJ",1996,4b6cb7aea6227d6ed15e15e99f8974373fc60cc01115cbec97c6d987f758a2bf
ONTARIO PUBLIC SERVICE,"$114,462.12",$330.00,Attorney General,Asst. Crown Attorney,1996,acbaf9fec7161f18a2e819674dc3b9598bc16b42c124190febad8994e6d30010
ONTARIO PUBLIC SERVICE,"$109,307.15",$317.66,Attorney General,Legal Counsel General,1996,c0b853b9cb3022956719bae23233f9ed485253796dbdbf34178b8bd0777c47a3
ONTARIO PUBLIC SERVICE,"$103,580.34",$165.96,Attorney General,Asst. Crown Attorney,1996,a39c1b1f8d8a2c6560727034c0034b2d27b418b6dd4566270320c7b65574cf49
ONTARIO PUBLIC SERVICE,"$103,580.60",$298.56,Attorney General,Asst. Crown Attorney,1996,cbb4ffe4cbb19367f8c3272aaeea6c5a885ec2d6e3e56370e07fa04b72e4e3f8
ONTARIO PUBLIC SERVICE,"$103,580.60",$298.56,Attorney General,Solicitor,1996,34003537c2b14a1a8e7853b19f44398a63095ae3b8734700d2474e8e7a7a4ab6
ONTARIO PUBLIC SERVICE,"$123,825.00",$0.00,Attorney General,"Provincial Judge, OCJ",1996,a54d8f84d8bed58ebe62f29c5a6e765f6d828561cc142e601f1d1defdc812c5a
ONTARIO PUBLIC SERVICE,"$123,825.00","$4,250.74",Attorney General,"Provincial Judge, OCJ",1996,48e83d80a8a4af01c19cbc874970f19103481109c9a3101a2b3b6a96fad46452
ONTARIO PUBLIC SERVICE,"$103,580.60",$298.56,Attorney General,Legal Officer,1996,44a435fe402481395591f1a1af214d4fcebdc2dd2a9a98ad100cd72e7e0c88bc
ONTARIO PUBLIC SERVICE,"$119,396.75",$344.16,Attorney General,"Crown Attorney, Halton",1996,cf9421a091040dd016e695054b98665ccbae047e4bc87ffa7c5dee0d24db33b8
ONTARIO PUBLIC SERVICE,"$123,825.00","$4,250.74",Attorney General,"Provincial Judge, OCJ",1996,4a2783715c9ab3d2cc9db0556877a5a912ac1215b89f87e8dc8fa8dc6cc79686
ONTARIO PUBLIC SERVICE,"$123,825.00","$4,087.25",Attorney General,"Provincial Judge, OCJ",1996,4e0663c8dd2b3d6d8cf38dd4b68f3b78d323a4e6e91e9f1883c1d710d4c63df9
ONTARIO PUBLIC SERVICE,"$103,480.25",$298.56,Attorney General,Counsel,1996,840b72c5d9c9b9aacd73af9c3f986ee54a8de74080b7e448a2c624b0922a734a
ONTARIO PUBLIC SERVICE,"$123,825.00",$0.00,Attorney General,"Provincial Judge, OCJ",1996,69a5ca0580246d36186b7ff7437f8008d2ee5d0a47c38e9340a4c07d8021e8dd
ONTARIO PUBLIC SERVICE,"$121,725.86",$351.00,Attorney General,General Counsel,1996,ff0ecb571dc84e71467492e9fa87b8d797fd6b2de5d5f156cb2f68a598dea1e6
ONTARIO PUBLIC SERVICE,"$116,933.08",$331.95,Attorney General,Asst. Crown Attorney,1996,8cb804613938f3d6633fef9c4dff663d03499e7007bc17d7b577eb532b875ed6
ONTARIO PUBLIC SERVICE,"$123,825.00",$0.00,Attorney General,"Provincial Judge, OCJ",1996,6da227f147413b0210fbf7a6616b3bf88dc883f2a823d63e83adbf969e306de5
ONTARIO PUBLIC SERVICE,"$123,825.00",$0.00,Attorney General,"Provincial Judge, OCJ",1996,c2ae211e51a5a710072d76e1b8f29f9fbc3fa3eb52c4c34fc4c8d3568df5fb26
ONTARIO PUBLIC SERVICE,"$100,602.84",$251.19,Attorney General,Director Legal Services,1996,c97a2d4a2861b2b2f20424a199f118263d238cd46b2d23e000f5077226ba6ec1
ONTARIO PUBLIC SERVICE,"$119,387.85",$318.96,Attorney General,Reg. Dir. Metro Toronto,1996,a7657a1bcfa48c8af12dd755035780f04db68482dfe843e7ac9796f0b672e0a1
ONTARIO PUBLIC SERVICE,"$123,825.00",$0.00,Attorney General,"Provincial Judge, OCJ",1996,2c29ca6b130bf3a791a1d608b9d330d76c37c978ea9454490de412b905cb4b02
ONTARIO PUBLIC SERVICE,"$127,641.40",$0.00,Attorney General,Executive Legal Officer,1996,52b9036a9a8f5ba18e8a1d7bbcbc67089ad1ecaef996071d9b9c74edb3a1d99d
ONTARIO PUBLIC SERVICE,"$123,825.00","$4,250.74",Attorney General,"Provincial Judge, OCJ",1996,71bb9b37fec8dad0de758ec354e4d819b7243c5226247180d0feb6466c542b3f
ONTARIO PUBLIC SERVICE,"$113,715.63",$327.72,Attorney General,"Crown Attorney, Prescott & Russell (Des)",1996,8e00ca3649b712fd8350ae2cf7ee0441891e9a3aa8ed1a3aa5240579b7f87e03
ONTARIO PUBLIC SERVICE,"$106,685.56",$307.56,Attorney General,Asst. Crown Attorney,1996,4dc5a6199bbe3876e6c2f4a7be1c59ebc3950c129703608c08262c89870b7033
ONTARIO PUBLIC SERVICE,"$123,825.00",$0.00,Attorney General,"Master Supr Crt Of Ont, Masters",1996,2591d91998b394bdc2b81af327a6c499e29e065a784f3596b8dd732664c987ae
ONTARIO PUBLIC SERVICE,"$101,492.47",$290.16,Attorney General,Asst. Crown Attorney,1996,fa56718d8c9d4d9b1448349431b2dee093c6c816522ecedf6ca3beeaf853dc08
ONTARIO PUBLIC SERVICE,"$119,396.75",$344.16,Attorney General,Director Legal Srvs,1996,395707a9af6bfdcf8083bd664ca1900577327ce560ce677c607cde160261de6c
ONTARIO PUBLIC SERVICE,"$110,846.99",$330.00,Attorney General,Counsel,1996,53756e478b3edea537a08e49d061c658cee83a5c4c5fff760a1684c40a41b637
ONTARIO PUBLIC SERVICE,"$123,825.00",$0.00,Attorney General,"Master Supr Crt Of Ont, Masters",1996,c72f93de2a2d6af79dfcefffdda693fac7664eeb2b5c5f58cc22d31965cb5964
ONTARIO PUBLIC SERVICE,"$123,825.00",$0.00,Attorney General,"Provincial Judge, OCJ",1996,ad5ff89aa064905b807655e883ce2772f44a8d544792bf8efbe00aa7d6dac591
ONTARIO PUBLIC SERVICE,"$123,825.00",$0.00,Attorney General,"Provincial Judge, OCJ",1996,272ccca1170eb0867bbc106a935b26ef1e06ef89156550ec5d357e0ec966254d
ONTARIO PUBLIC SERVICE,"$123,825.00",$0.00,Attorney General,"Provincial Judge, OCJ",1996,afafa8a0919b906ebab4aae4ff0ec028b38ef37835c26398de708f35cd73c3fe
ONTARIO PUBLIC SERVICE,"$123,825.00","$4,250.74",Attorney General,"Provincial Judge, OCJ",1996,492f2c857ace035dd40270f1fdf63ea5fb4da557b962c08d34a7f446e59e718d
ONTARIO PUBLIC SERVICE,"$119,396.75",$344.16,Attorney General,"Crown Attorney, Oxford",1996,b4caf59083ed43525c9910b59fae7c580d44d069d36cf2bad7cc9178ce6bfbc5
ONTARIO PUBLIC SERVICE,"$123,825.00",$0.00,Attorney General,"Provincial Judge, OCJ",1996,7008823189635bed3fad979037fd62fc420e2761844eeb7cffd85b91024d612b
ONTARIO PUBLIC SERVICE,"$114,462.12",$330.00,Attorney General,Senior Counsel,1996,39d8d01b121322640071338540c5bd44d5b8351fe571b9fa5ddbf6dff4e91f6b
ONTARIO PUBLIC SERVICE,"$101,735.31",$291.96,Attorney General,Asst. Crown Attorney,1996,71c503eed11a5dcf19587a0a06c510205d2095276cb88550a46555af9a3fa16d
ONTARIO PUBLIC SERVICE,"$115,663.64",$339.84,Attorney General,Counsel,1996,6f07666d4c1bf74cd0974da448ba47b316bfa5ad7f47327e0544f84abc6475fa
ONTARIO PUBLIC SERVICE,"$114,462.12",$330.00,Attorney General,Asst. Crown Attorney,1996,1d9ff1e60b02003e71e7238df9c082350eabac15e28afb3d892e4e87ba6fda4b
ONTARIO PUBLIC SERVICE,"$104,211.58",$298.56,Attorney General,Asst. Crown Attorney,1996,3eb07f04d9f3d3aef919d11b6480e9450026cca8db22a73d0ea02c7682060b6c
ONTARIO PUBLIC SERVICE,"$114,462.12",$330.00,Attorney General,"Asst. Crown Attorney, Team Leader",1996,18d1329a0e3f960487cde54f527ad1188296d953eb67ba4d3b3a31cf185c4157
ONTARIO PUBLIC SERVICE,"$115,353.48",$330.00,Attorney General,"Asst. Crown Attorney, Team Leader",1996,d604c5b3d293118eaa7d2f4232f4a2790b8bcdf22ff27883270e770fd8c41581
ONTARIO PUBLIC SERVICE,"$123,825.00",$0.00,Attorney General,"Provincial Judge, OCJ",1996,3d8b0f466a62ab0d6f0be04aeb2d2889f2d0db5c9003bfc91d211aad842e2ae1
ONTARIO PUBLIC SERVICE,"$103,580.60",$298.56,Attorney General,Asst. Crown Attorney,1996,602fec18ae3f092302d2c97bdc8273716246ae238442b2dce25f5cb96ea1dca9
ONTARIO PUBLIC SERVICE,"$114,462.12",$330.00,Attorney General,Asst. Crown Attorney,1996,861b342b24a54f12d15d894e7aa69ebc63944f16794ff1d4d1fec6e83e2bd8d0
ONTARIO PUBLIC SERVICE,"$119,396.75",$344.16,Attorney General,"Crown Attorney, Grey",1996,5a63b1c29faff7e1aa9586d97bdcdb15bd2bde75672e02e886b7faf350d7b76d
ONTARIO PUBLIC SERVICE,"$113,117.71",$326.04,Attorney General,Crown Counsel,1996,fe760a2056ff453dcf0001bb86a6d316aba05e6c65fc169089f944eb8132f161
ONTARIO PUBLIC SERVICE,"$100,680.47",$290.16,Attorney General,Solicitor,1996,6cd8f2ff859953e9374582ccc52fbb4767f2070c6552b19af764ff0b66e5b935
ONTARIO PUBLIC SERVICE,"$106,686.60",$307.56,Attorney General,Group Leader,1996,1b0e92d6f7fead068d88de7885dedbb602ebe336f8a42c3e79e226ec47c7dcd9
ONTARIO PUBLIC SERVICE,"$123,825.00",$0.00,Attorney General,"Provincial Judge, OCJ",1996,a0a9683990a6b4aa3b0ba5f3b29166e634a63b4fa55cd05272ab98f6e2b4cdf6
ONTARIO PUBLIC SERVICE,"$123,825.00","$4,250.74",Attorney General,"Provincial Judge, OCJ",1996,1bcb14d044bf8af1cd59a8a0314da459494f8cf1077d83bc69b0d452d3a5d705
ONTARIO PUBLIC SERVICE,"$103,580.60",$298.56,Attorney General,"Reg. Counsel, Windsor",1996,c5cbc411544335f8249a0dd0f8f928479aa3529e576cc1ed6cfe66db689a9486
ONTARIO PUBLIC SERVICE,"$123,825.00","$4,250.74",Attorney General,"Provincial Judge, OCJ",1996,3bb4405c8bdbecfa56e6fbb43a14800922e419068243c4019c6c98356208080d
ONTARIO PUBLIC SERVICE,"$123,825.00",$0.00,Attorney General,"Provincial Judge, OCJ",1996,9a5728b7adf7ca08ff1ccd0236057a30c32456f6f00da0fc3e62586aa2377206
ONTARIO PUBLIC SERVICE,"$123,825.00","$4,250.74",Attorney General,"Provincial Judge, OCJ",1996,ff6e509b2a3238123e7eae0a0477e70f2c9ab398c95328f5123c92aef745f99d
ONTARIO PUBLIC SERVICE,"$123,825.00","$4,250.74",Attorney General,"Provincial Judge, OCJ",1996,62f333d031604176ae3ccb9ba53bf709f01ea90a5405c3d1b1a51c662ca37a0a
ONTARIO PUBLIC SERVICE,"$123,393.65",$355.80,Attorney General,Chief Legislative Counsel,1996,d77f0ecd9b013efa4728a86f482196605a56467fa91b58482bb530ab1a33804a
ONTARIO PUBLIC SERVICE,"$123,825.00","$4,250.74",Attorney General,"Provincial Judge, OCJ",1996,af80c4b6ea8d66dae8ac1c22904b064f66a29e210f0e0ab9e90f8d6db64ff707
ONTARIO PUBLIC SERVICE,"$103,580.60",$298.56,Attorney General,Lawyer,1996,dc254f487e3f199086fbf368e27673f6f5d874579da744ffcd8862164200990b
ONTARIO PUBLIC SERVICE,"$115,381.15",$330.00,Attorney General,Senior Solicitor,1996,73b6cd918090f1f410b5863a055c73b0c53d8df3dd17d11d2096981736da2c1a
ONTARIO PUBLIC SERVICE,"$114,462.12",$330.00,Attorney General,Asst. Crown Attorney,1996,03f3b531868f150bddd5ab627b58b826b39f8f22651372a1c3e7eb6af14fcfb8
ONTARIO PUBLIC SERVICE,"$142,989.60",$0.00,Attorney General,"Associate Chief Judge, OCJ",1996,5e840ce9d094deb32dbf18d6177fab605e9b4fee1fbb58415f236163fcbcf3ff
ONTARIO PUBLIC SERVICE,"$124,315.47",$0.00,Attorney General,"Provincial Judge, OCJ",1996,4b05a8fbc5e3941cf5886cbae9c4a9df42df8da414ab3af9582925e9cfc38f15
ONTARIO PUBLIC SERVICE,"$114,462.12",$330.00,Attorney General,Sr. Counsel,1996,3f7ac2931ad72b1a34d2a4c027fb559ab010a6b3cef394f7ed9e606f7fae9765
ONTARIO PUBLIC SERVICE,"$123,825.00",$0.00,Attorney General,"Provincial Judge, OCJ",1996,8c1d12818222230ed4d674aac2b302918f7c56bc15427c07309d0c307fe4b1c9
ONTARIO PUBLIC SERVICE,"$119,396.75",$344.16,Attorney General,"Crown Attorney, Niagara S",1996,03ea0baa31a13d62b16c28fd92b52235c6d30fd2448d2e1418b77705ca1f4ee0
ONTARIO PUBLIC SERVICE,"$123,825.00","$4,250.74",Attorney General,"Provincial Judge, OCJ",1996,f37fb7103b2202ad7aaa1e79e99ccf54b17cae2da004bdd6682baabc7045fc00
ONTARIO PUBLIC SERVICE,"$106,686.60",$307.56,Attorney General,Solicitor (Des),1996,c1962b0293c0d66f484e31e3ebfa1db4f186acc758af82ef4b2ba2c2820a0b4a
ONTARIO PUBLIC SERVICE,"$109,688.33",$316.20,Attorney General,Asst. Crown Attorney,1996,38f992cbb3cd40cb4a20e2f0dc7853b38f7b2d6eaa0cef496d078f0f68c733d8
ONTARIO PUBLIC SERVICE,"$123,825.00",$0.00,Attorney General,"Provincial Judge, OCJ",1996,3e6351d05c0a16c0803c025ee5056d19feea69be8d9a15a90d20e7e6ba042e18
ONTARIO PUBLIC SERVICE,"$121,725.86",$351.00,Attorney General,"Dir, Crown Law Office Civil",1996,053188b82646d1a5fc80babe017dd940194ed7e8311e48d3c372441cd8d610fb
ONTARIO PUBLIC SERVICE,"$106,685.56",$307.56,Attorney General,Senior Counsel,1996,124f60d451835f848291026399000163ebea418df359245c6400ebe07f6c1f89
ONTARIO PUBLIC SERVICE,"$123,825.00","$4,250.74",Attorney General,"Snr Provincial Judge, OCJ",1996,e8403695854b7699681b191b8c1c5d36a27ac4c27ec96d649252e063b2d9c0e4
ONTARIO PUBLIC SERVICE,"$114,462.12",$330.00,Attorney General,Asst. Crown Attorney,1996,c36c9241e3c9b8a71b22cfada20449e6c9fef1ae817f30b761e5ec9cbb6ed22b
ONTARIO PUBLIC SERVICE,"$103,580.60",$298.56,Attorney General,Legal Counsel,1996,951bef9b43a96d90d72bb84ead5fe98d2e9e2985d5bcae554079afc25309400e
ONTARIO PUBLIC SERVICE,"$123,825.00","$4,250.74",Attorney General,"Provincial Judge, OCJ",1996,044d1e4475a6334874856dfa3c7b163600b1312d2f2ec5d833bbac4f2cd9aed8
ONTARIO PUBLIC SERVICE,"$123,825.00","$4,087.25",Attorney General,"Provincial Judge, OCJ",1996,56c1c957b2c4c9206714e87b780ab3aad54e958ecc66832ac6d8545fb20206ae
ONTARIO PUBLIC SERVICE,"$103,580.60",$298.56,Attorney General,Counsel,1996,f7fa47c355f0f53887e3051851cc2512bcad10876b9d529cbefb712feb8e59c4
ONTARIO PUBLIC SERVICE,"$123,825.00",$0.00,Attorney General,"Master Supr Crt Of Ont, Masters",1996,5b1a2ca1f004d401d9e81443c1946bfaa44589afaa50c88fe0133cf2f98a16c3
ONTARIO PUBLIC SERVICE,"$123,825.00",$0.00,Attorney General,"Provincial Judge, OCJ",1996,b346e3f56fc7f15e2b5e90c9bac8922ce7a3b3247f6a1ae4b61d7dfc34c8ca6f
ONTARIO PUBLIC SERVICE,"$123,825.00","$4,250.74",Attorney General,"Provincial Judge, OCJ",1996,e00b9c6641ae0776b9d1852ed519ec86902013eb1ef728cb6b70718b4d683abd
ONTARIO PUBLIC SERVICE,"$123,825.00",$0.00,Attorney General,"Master S C O, Masters",1996,376be31a4d61748dcf2125bc8d017ccbc1d99f40541794987078c57c0abc92b1
ONTARIO PUBLIC SERVICE,"$115,377.20",$330.00,Attorney General,Deputy Chief Leg. Counsel,1996,087e47e34968d333408761239eaafd9284d3f36caf3dc2eeb1fb7f2500b6c295
ONTARIO PUBLIC SERVICE,"$123,825.00",$0.00,Attorney General,"Provincial Judge, OCJ",1996,8d838b9edee590f3e56b9e97143ec434fbb231d3d338069c74e383036958317e
ONTARIO PUBLIC SERVICE,"$119,396.75",$344.16,Attorney General,Crown Attorney,1996,b11c168a89b78c48cd1e68561db1069304d1c90795cccf6275101d5461ed29ca
ONTARIO PUBLIC SERVICE,"$123,825.00",$0.00,Attorney General,"Provincial Judge, OCJ",1996,a4588b56bddd8edd2317d41816887d32a6c0538805d23299dcd5c2b8c906d21d
ONTARIO PUBLIC SERVICE,"$123,565.00",$0.00,Attorney General,"Provincial Judge, OCJ",1996,6bcc192be20da38f5eba266928100751d31cf99514b500ea874394649cc95749
ONTARIO PUBLIC SERVICE,"$123,825.00",$0.00,Attorney General,"Snr Provincial Judge, OCJ",1996,b597ac22cbf17819b3875dcf088b9081082cd8821730dcf98758b63795bb77f3
ONTARIO PUBLIC SERVICE,"$121,725.86",$351.00,Attorney General,Dir. Crown Law Office-Crim.,1996,3775d6658a06a358dc2df886c82158b7023404bcac7d4dbe3c92577904095fc6
ONTARIO PUBLIC SERVICE,"$123,825.00",$0.00,Attorney General,"Provincial Judge, OCJ",1996,e3c72fd2b38665e1404ea46ea4e69632030ff41d80505066c8feede881c60dbd
ONTARIO PUBLIC SERVICE,"$119,396.75",$344.16,Attorney General,Director Legal Services,1996,730cb727933e9031d0ea95477e01352eb2cee867243e279248425cb13a5634ef
ONTARIO PUBLIC SERVICE,"$124,315.47",$0.00,Attorney General,"Provincial Judge, OCJ",1996,d035688809d5bca8b57810dd47fda46392e59cb537df0d5f6d1e55374d5170d1
ONTARIO PUBLIC SERVICE,"$123,825.00",$0.00,Attorney General,"Provincial Judge, OCJ",1996,1f90414ebaa1edc62e0bf1ff2cb322f411bd6dbc493e93d484d564c243c9e34f
ONTARIO PUBLIC SERVICE,"$123,825.00",$0.00,Attorney General,"Provincial Judge, OCJ",1996,013639e1d17b239e240bdf80f2f4ce4a2d883480044319fd4cfe2d45b412aad1
ONTARIO PUBLIC SERVICE,"$114,462.12",$330.00,Attorney General,Counsel,1996,773ac302c4c6b6442da4dc9ffa3bfb44566a3bda23b9ddd7474939010a129213
ONTARIO PUBLIC SERVICE,"$119,396.75",$344.16,Attorney General,"Sr Counsel, Revenue",1996,292b09d4e2e530403be9e0aceaa419b9211365f6d11562f8bdfba4dd08e347ee
ONTARIO PUBLIC SERVICE,"$104,176.19",$299.16,Attorney General,Crown Attorney,1996,9416afe26ec51e7af02996cfa923d51bf31aff199ace41ec5132a2fb5d7021af
ONTARIO PUBLIC SERVICE,"$123,825.00",$0.00,Attorney General,"Provincial Judge, OCJ",1996,a636e814eb530b3920c5c3cd078efda7a2396d33ab57c2541624cb8c140720b6
ONTARIO PUBLIC SERVICE,"$120,259.57",$343.92,Attorney General,Senior Legal Counsel,1996,7766ae001b8f0ffafac2a9f9055303058536e6f2edb745b1cafb0152c61ba4e9
ONTARIO PUBLIC SERVICE,"$123,825.00",$0.00,Attorney General,"Master Supr Crt Of Ont, Masters",1996,f5d6fc9740a40f3580b3f5b2fd4ed10d9297472608f7f27c5ed45c79c4132afb
ONTARIO PUBLIC SERVICE,"$113,363.42",$293.04,Attorney General,Senior Counsel,1996,6c58046d4ec29affa5fc096fe536a6a5ae247588d4e6d46ab32f476809471af1
ONTARIO PUBLIC SERVICE,"$105,717.87",$304.56,Attorney General,Asst. Crown Attorney,1996,7481859e2c397bee6f39b4e43615bb566212c6c0a85c18ffb58390da7bc069b9
ONTARIO PUBLIC SERVICE,"$123,825.00",$0.00,Attorney General,"Provincial Judge, OCJ",1996,ae5f93c57c09b302ac72487978088c0ddec70edf03257072d2b642e0c3917550
ONTARIO PUBLIC SERVICE,"$115,381.15",$330.00,Attorney General,Counsel,1996,d317160eb66df4b10a335704462cdbc9a47a1a51b6bc85ae881647813cf4ede3
ONTARIO PUBLIC SERVICE,"$103,580.60",$298.56,Attorney General,Legal Officer,1996,2adedbc6730f3b90f9017b4f4011ba57bf2a49aac21bda31c0edd8f33f42401c
ONTARIO PUBLIC SERVICE,"$103,580.60",$298.56,Attorney General,"Sr Sol, Rent Review",1996,00aa7e5c467c8f3732741cbf21ab16064deadca9291de5f81ebef4c1fd57241e
ONTARIO PUBLIC SERVICE,"$123,825.00","$4,250.74",Attorney General,"Provincial Judge, OCJ",1996,04787a0713f3fa38e0ab733631441ce449f5352b1f74074ed0299607a2f5653a
ONTARIO PUBLIC SERVICE,"$119,396.75",$344.16,Attorney General,"Crown Attorney, Waterloo",1996,c067667e7a58cc3088c1b0d723a840640488fde73227fce332f24d35ff755a8d
ONTARIO PUBLIC SERVICE,"$119,396.75",$344.16,Attorney General,Senior Counsel,1996,385d0b9596e90d8f0ddfe8f03c14aaa5f8273e7df57f8c92036a3827e2856b53
ONTARIO PUBLIC SERVICE,"$119,396.75",$344.16,Attorney General,Counsel,1996,3a7ad9fa3649a59029c9665ff361d37259b02f567c5cc46e8977ef2ac12a1d74
ONTARIO PUBLIC SERVICE,"$113,911.14",$0.00,Attorney General,Asst. Crown Attorney,1996,baf3c3cec2c974ef38e2c5870f384dbcd05d7fb590932b111478c4226d388d36
ONTARIO PUBLIC SERVICE,"$104,396.46",$298.56,Attorney General,Legal Counsel,1996,b6d79c78c3b00b1316a9dc96068a05a623603a99c1a4c3e2bab3de85bd5e6bbe
ONTARIO PUBLIC SERVICE,"$123,825.00","$4,250.74",Attorney General,"Provincial Judge, OCJ",1996,65fa997d872dbc9a1a2f49da28a12590bdc18eb27a345a4fd3d35c329597b197
ONTARIO PUBLIC SERVICE,"$123,825.00","$4,250.74",Attorney General,"Provincial Judge, OCJ",1996,e30d840795839bc8138734004c8825eb0926cb0a2d3ef5aa200eec0c09248d2e
ONTARIO PUBLIC SERVICE,"$119,396.75",$344.16,Attorney General,Dir. Legal Srvs (Des),1996,9bd196f5db1efc6945fa3abb753ccc3f393208b1c2c6dc182a765e3a3372dad2
ONTARIO PUBLIC SERVICE,"$124,626.51",$359.28,Attorney General,Asst. Crown Attorney,1996,82efc4597045b745a221545aa33fcfcb19031a07f644871b2c7f418d8c4ea69c
ONTARIO PUBLIC SERVICE,"$117,895.14",$339.84,Attorney General,General Counsel (Des),1996,8cae47bed71a2409a84aa72123626fefc841e55c00c930b6758285dda7a94dcd
ONTARIO PUBLIC SERVICE,"$123,825.00",$0.00,Attorney General,"Provincial Judge, OCJ",1996,759638e6b1749bf7b3847e1caac54e689d7ba12634dcf0a6fcd5f93c9b25b7ce
ONTARIO PUBLIC SERVICE,"$118,273.27",$344.16,Attorney General,Director Legal Srvs,1996,706a0881597174f4329a86065e2f99e9d06d2e7b29e398ea9433ecee1561ab61
ONTARIO PUBLIC SERVICE,"$106,343.97",$290.16,Attorney General,Counsel,1996,006446f3e5fabb408600b69cc891f6244fc471c48e5ac0729e1cba9e651f1593
ONTARIO PUBLIC SERVICE,"$119,396.23",$344.16,Attorney General,Director Legal Services,1996,d5d9d495e8b3b8f47b94b66d6de8dfac43dab675178c97a661d1ee317f9e0dac
ONTARIO PUBLIC SERVICE,"$103,580.60",$298.56,Attorney General,Counsel,1996,2ba9e35a14d4a10dc0855672bc9caa499365e05e8cf1f91375e97302d735cc77
ONTARIO PUBLIC SERVICE,"$114,462.12",$330.00,Attorney General,Counsel,1996,cb0fd793ddf96b1a80535ad6b2203118de3875778e86ddcec05dc134e5e103ab
ONTARIO PUBLIC SERVICE,"$118,967.37",$344.16,Attorney General,"Crown Attorney, Brant",1996,f25c0c308cc5812faf7d1e092856ed23b9d70ae75ea624aeb4b645ff95f2f81b
ONTARIO PUBLIC SERVICE,"$102,084.64",$294.36,Attorney General,Legal Counsel,1996,6b003c750cd5dbba136e868da5021c9087c4cf633388fd3b750d642549a10036
ONTARIO PUBLIC SERVICE,"$123,825.00","$4,250.74",Attorney General,"Provincial Judge, OCJ",1996,4828d5724c02a2b7b1b5a2ece0ec3908457b5e6d60a1fcf4a1c3db979c70ed3d
ONTARIO PUBLIC SERVICE,"$123,825.00",$0.00,Attorney General,"Provincial Judge, OCJ",1996,7edb45520b37e0f4893f8b0c5b7e4cdbcc645fca9d2c0122937c049f0eaafa4d
ONTARIO PUBLIC SERVICE,"$146,092.47","$5,552.30",Attorney General,Deputy Minister,1996,4f6f3ac7ddf229ed5473eac6407ecf85371ecbe656214c4612ff247caf967f10
ONTARIO PUBLIC SERVICE,"$119,396.75",$344.16,Attorney General,"Crown Attorney, Peel",1996,d49dac1f5e9bfa3c0343bf12115ffc613ce682dc74a5a1eb27564e870ec944d9
ONTARIO PUBLIC SERVICE,"$102,083.60",$294.36,Attorney General,Counsel,1996,3b87593569b34501b6463fcbcdd4e38d6fad2fa9022ca1ed26b681671e38b2bf
ONTARIO PUBLIC SERVICE,"$119,317.80",$343.92,Attorney General,Cr Atty - Cochrane S,1996,1d85121684b5feef243d8a145bb36ed9bcb8402786296c5b5adab2925168e7c5
ONTARIO PUBLIC SERVICE,"$119,396.75",$344.16,Attorney General,"Crown Atty, Northumberland",1996,7a480c2607baa9e87e9b797063b903f1e0fff876d40927238efde16414f7bd45
ONTARIO PUBLIC SERVICE,"$129,564.31",$535.18,Attorney General,Deputy Minister,1996,5fa60194e6ec2aa93f9c82164ae135c016dc4ef26109bf71e8f3c19083c60b7e
ONTARIO PUBLIC SERVICE,"$123,825.00","$4,250.74",Attorney General,"Provincial Judge, OCJ",1996,80d298753f3d6c3cefb4dc2047edf07d066be2e91cf00b5a545f66fae1549675
ONTARIO PUBLIC SERVICE,"$123,825.00","$4,250.74",Attorney General,"Provincial Judge, OCJ",1996,d94b3a728e9fc68606f9193a30bc60a93a85490f093bbca4c2da1851637fa5d7
ONTARIO PUBLIC SERVICE,"$123,825.00",$0.00,Attorney General,"Provincial Judge, OCJ",1996,32b152ca75f045793eaed709d6315ae71cb383d4b6ff30e83dbd02ac004ea521
ONTARIO PUBLIC SERVICE,"$110,932.11",$319.68,Attorney General,Sr. Counsel,1996,1bc437416a78ca24562495faaa3afe9c74a999226792e88d2bfd1218cc0f3d26
ONTARIO PUBLIC SERVICE,"$103,580.60",$298.56,Attorney General,Solicitor,1996,0530011f585e234d81ab60e80e202d2994d205d61a924dfb932598df705de938
ONTARIO PUBLIC SERVICE,"$124,264.62",$351.00,Attorney General,General Counsel,1996,59af4c356383d47cd0d3d9128ad62ae9515c9b1d0b99152ae9e9e378ebc1038f
ONTARIO PUBLIC SERVICE,"$113,127.59",$326.04,Attorney General,Solicitor,1996,1768b3f54ea5b00d8ab28c7a1a0f512d195479c51d841fd0405339e1084a364a
ONTARIO PUBLIC SERVICE,"$110,930.81",$319.68,Attorney General,Deputy Director - Solicitors,1996,1b09f00eea48606f9aee0afb3bfaa84e9c514cde6118a52bfa8d2d061017ec14
ONTARIO PUBLIC SERVICE,"$102,084.64",$294.36,Attorney General,Legal Counsel,1996,8fb86f8778aa6c073331af431e304d8a508ffb994a98257bb3546a11bdfb45be
ONTARIO PUBLIC SERVICE,"$115,381.41",$330.00,Attorney General,Counsel,1996,59d2ed38282aa8c0aa231b9ff4271800926d12c962223dc36b5ad8d430be3275
ONTARIO PUBLIC SERVICE,"$106,140.68",$329.40,Attorney General,Associate Direct Litigation,1996,feb7dc3cf7c71c9b7536b6cb422bc1463c0934167fac964611c23cea4f49940c
ONTARIO PUBLIC SERVICE,"$104,412.27",$298.56,Attorney General,Asst. Crown Attorney,1996,43501e4c76667e52eaffbd153959e8784752bd996aa535d0bd979bbc4d781cb8
ONTARIO PUBLIC SERVICE,"$103,580.60",$298.56,Attorney General,Asst. Crown Attorney,1996,54be61b46fc521df048f37c5c4d8d0adbdcf8faf85ff3c126e1de8bebd35852e
ONTARIO PUBLIC SERVICE,"$123,825.00",$0.00,Attorney General,"Provincial Judge, OCJ",1996,5e866560077d81d8ee0ef0272e9de307c9c9f46daf084da2ecaaabe151437013
ONTARIO PUBLIC SERVICE,"$120,355.47",$344.16,Attorney General,"Crown Attorney, Lambton",1996,fb06517dd22b4d3af0de4956dc83731508b7cfc2d94f97273215c80901e050ee
ONTARIO PUBLIC SERVICE,"$103,580.60",$298.56,Attorney General,Asst. Crown Attorney,1996,0f2cf3a69a0b2407030ef1c48cae55c15843c365ba533bde1ca7082c773f6b43
ONTARIO PUBLIC SERVICE,"$114,462.12",$330.00,Attorney General,Counsel,1996,932027151734a0b9d3b7c8704c89e0b51397d09159fc6ded7ba706fabb37e779
ONTARIO PUBLIC SERVICE,"$119,572.18",$344.16,Attorney General,Project Director (T),1996,e1afe62eb64ab1daaf08faab828a7f42f2bf00d03d13d28fa4a9bc2b60670834
ONTARIO PUBLIC SERVICE,"$123,825.00",$0.00,Attorney General,"Presiding Justice of the Peace, OCJ",1996,fd552321cd69fe288babe7d46015fdcfef9f6e5e265e7615a2bdf785281553dd
ONTARIO PUBLIC SERVICE,"$112,183.84",$324.05,Attorney General,Counsel,1996,a290fbfdd1944d211853a4974ef701277642293ee72c5e7e5660135196e228e3
ONTARIO PUBLIC SERVICE,"$123,825.00","$4,250.74",Attorney General,"Provincial Judge, OCJ",1996,7b04c9b210bafe9f2f572da0f3e9736f1c2ae11457529e30f06c26244311a97c
ONTARIO PUBLIC SERVICE,"$123,825.00",$0.00,Attorney General,"Provincial Judge, OCJ",1996,5ba849e36ccb6bc86d90697126b33cd4eff4e25fe14b216133cd5b4dc7b0994c
ONTARIO PUBLIC SERVICE,"$119,396.75",$344.16,Attorney General,Director Legal Services,1996,35435099270be6bf482eb4810d745852a1c2843cda66c952eeb0ba2a006eeabe
ONTARIO PUBLIC SERVICE,"$123,825.00",$0.00,Attorney General,"Provincial Judge, OCJ",1996,4a994f8a0b86d055769d9ed2542fe906169edfeb1f1baf7448915ccf81d8c079
ONTARIO PUBLIC SERVICE,"$123,825.00",$0.00,Attorney General,"Provincial Judge, OCJ",1996,bcf806b5eb19a0b34ae8c8458bf3db9b53f57aa0ef7322721408b9bd042b9cbb
ONTARIO PUBLIC SERVICE,"$135,619.12","$3,044.02",Attorney General,"Regional Senior Judge, OCJ",1996,981f2a338e1df295906685b1bd0d1d74fc7665c43d976670bbf4bf2427238b99
ONTARIO PUBLIC SERVICE,"$103,580.60",$298.56,Attorney General,Client Lawyer Team Leader,1996,804d91522b1acd1ec26381e1ec4cf367ac4f9bdeb13461793de2ac16029ffc9e
ONTARIO PUBLIC SERVICE,"$119,396.75",$344.16,Attorney General,"Crown Attorney, Algoma",1996,cefe7c13b28fccf4ede0b4f76828ef912ab39e1a38687df2f3b46e42e06a6d18
ONTARIO PUBLIC SERVICE,"$120,355.47",$344.16,Attorney General,"Crown Attorney, Lanark",1996,cd47a777f3f3d043e2f744795f4b142fc961bc5a7e48c3c35c2eec7ab0f4b143
ONTARIO PUBLIC SERVICE,"$103,580.60",$298.56,Attorney General,"Reg. Counsel, London",1996,341c742204c58257e1c92ba241b0c7967c9693742a9f81de30f9d2973ec98b29
ONTARIO PUBLIC SERVICE,"$123,825.00","$4,250.74",Attorney General,"Provincial Judge, OCJ",1996,775685f65989c04b01484174945ab65968e96ab81dec8db0eb83640412028cac
ONTARIO PUBLIC SERVICE,"$123,825.00",$0.00,Attorney General,"Provincial Judge, OCJ",1996,c1d9d0cb600e4cbb8d7e453ac838fa726c202e47d2114e99374b6aa8ce81b231
ONTARIO PUBLIC SERVICE,"$103,580.60",$298.56,Attorney General,Counsel,1996,73d25bb2d996eaf7114db34005f01edffdc0dcc60161cba2bacac07db03f6735
ONTARIO PUBLIC SERVICE,"$114,462.12",$330.00,Attorney General,Senior Solicitor,1996,2d516c5e61d19d95926bdf64a90251ec075b1aee14c8d8d9d15a75068ca50841
ONTARIO PUBLIC SERVICE,"$123,825.00","$4,250.74",Attorney General,"Provincial Judge, OCJ",1996,07e26d6d53ab397330d3f86f392a4bf311b4c407abd6a08c01f1af9d1e68bb3d
ONTARIO PUBLIC SERVICE,"$123,825.00","$4,250.74",Attorney General,"Provincial Judge, OCJ",1996,b2048bfd6ba550d62418316fbeef3d1be4b9304e6890298f020045aab8b97976
ONTARIO PUBLIC SERVICE,"$123,825.00",$0.00,Attorney General,"Provincial Judge, OCJ",1996,14b51d8bafee7cf27d8df5283ebff59beae5158b550ac743d4817ba290abe4cc
ONTARIO PUBLIC SERVICE,"$123,825.00",$0.00,Attorney General,"Provincial Judge, OCJ",1996,32d5e3c93163df015192158d3aadae37be3828f099d0abe0c48fd5861bf54e56
ONTARIO PUBLIC SERVICE,"$123,825.00","$4,250.74",Attorney General,"Provincial Judge, OCJ",1996,2020f2ab301b8e8983eb4a892d4187c64bc117bd42ac4dfb1c86d3feb9b02dd6
ONTARIO PUBLIC SERVICE,"$118,347.72",$359.28,Attorney General,General Counsel,1996,c8972b6b3ebf752d6496359f08f5a35b93bddab136986c7ce124178324ef1ebc
ONTARIO PUBLIC SERVICE,"$121,725.86",$351.00,Attorney General,Reg. Dir. Of Crown Attorneys,1996,0f6b9ebf10a0a1b3cadfb4d0912fdb75506f06ada58722878655dbc596624f3e
ONTARIO PUBLIC SERVICE,"$112,018.48",$332.52,Attorney General,Deputy Director,1996,b901f7460ad8162904422981db79b440dac9d51a570bb67579be1e436f08021f
ONTARIO PUBLIC SERVICE,"$123,824.48","$1,634.90",Attorney General,"Provincial Judge, OCJ",1996,691c0c534b53950f3d00c30cd164297ea584efd9cf170bf9837ec4798591b096
ONTARIO PUBLIC SERVICE,"$119,396.75",$344.16,Attorney General,"Crown Attorney, Dufferin",1996,d367525aac768532d709dc9822fadd7bdabfb48aa3002019c08a01266abf718a
ONTARIO PUBLIC SERVICE,"$111,017.49",$285.00,Attorney General,Counsel,1996,4279361f9114e239e811b41f8c6a1f0e196d35697a32b06e683c4c264b04f616
ONTARIO PUBLIC SERVICE,"$104,382.59",$298.56,Attorney General,Counsel,1996,daed8aed17405a8e8f2a57a064673e3495152711caef53acb4ed4272179afd95
ONTARIO PUBLIC SERVICE,"$123,825.00","$4,250.74",Attorney General,"Provincial Judge, OCJ",1996,238a3772f871c16a0b8dc490c4ab6488a1a3ec9c0e51914d98ca2812266cb8a4
ONTARIO PUBLIC SERVICE,"$119,396.75",$344.16,Attorney General,Director Legal Srvs,1996,d40a03d5b2d4b296371dc10e756ae413deb7809e1503e49b0c9aa991b38c5f32
ONTARIO PUBLIC SERVICE,"$115,381.15",$330.00,Attorney General,Counsel,1996,bb55953d9b2a70b5910dde9359ec3fb113cc1dc07b6ddacde04fab42beca980f
ONTARIO PUBLIC SERVICE,"$103,580.60",$298.56,Attorney General,Leg. Counsel (Des) & Prin. Leg. Advisor (Trans),1996,d56f81db83812cac7ce20006edf6b0ac4e6ab8ea357ce72106a2346d1f3cdcd0
ONTARIO PUBLIC SERVICE,"$103,580.60",$298.56,Attorney General,Asst. Crown Attorney,1996,03fad9f46d197a73314fdaa17ff80aac8e3da58f762530b6f7b5be2eb9a56dea
ONTARIO PUBLIC SERVICE,"$123,825.00",$0.00,Attorney General,"Provincial Judge, OCJ",1996,92d7f15ee28a8fe49bb7fe84582d15535b7092257be11c45f696b08baec4c086
ONTARIO PUBLIC SERVICE,"$123,825.00",$0.00,Attorney General,"Provincial Judge, OCJ",1996,437885f1d5e426cc4e50b0b36c1ca0b4c2e1bd1abc1f05d459037d9336b8a2f7
ONTARIO PUBLIC SERVICE,"$123,825.00","$4,087.25",Attorney General,"Provincial Judge, OCJ",1996,5fbfe14bb5a62ffc4d0d1a16cbda0bd8ee2c65de0b2d9f8574110fc0ec3106d0
ONTARIO PUBLIC SERVICE,"$106,686.60",$307.56,Attorney General,Asst. Crown Attorney,1996,c0bc70cc9ad8e189c3dc3655defc1e80fcbe5cb6e67ba86793f9e9a55c90b001
ONTARIO PUBLIC SERVICE,"$114,462.12",$330.00,Attorney General,Legislative Counsel,1996,f4d2726ad751e2b1765d043ca8e0f460a2b842f20815087c74dc01c7006a6fbc
ONTARIO PUBLIC SERVICE,"$123,825.00","$4,250.74",Attorney General,"Provincial Judge, OCJ",1996,5280458c688fb4d96a0e6e316ac0ba851d31364f9b14006ae620ec3193f942ed
ONTARIO PUBLIC SERVICE,"$103,580.60",$298.56,Attorney General,"Reg. Counsel, Thunder Bay",1996,a341cb8bda53d2a23e625d6ed4d207ea3c9a5952990e1f1eb1f9791e70713929
ONTARIO PUBLIC SERVICE,"$123,825.00",$0.00,Attorney General,"Provincial Judge, OCJ",1996,1ea6a4f2f561b47365a62aea110fb3426c76b8c7b6ceef02acfb0bb88bb40d61
ONTARIO PUBLIC SERVICE,"$108,203.16",$298.56,Attorney General,Counsel,1996,e2765516b592a1464fe2eff47b6328a516e13e27a35c4689a87b3a058f8b7fdf
ONTARIO PUBLIC SERVICE,"$123,825.01",$0.00,Attorney General,"Provincial Judge, OCJ",1996,3cb53ed27d6d1e82928f2629ddec6e12560b25f3af3f9163a6c4d2893f47372e
ONTARIO PUBLIC SERVICE,"$123,825.00",$0.00,Attorney General,"Provincial Judge, OCJ",1996,b4dbad35ee574aa396613158739c9dd2e822b07fc004b619329f60ecaa35345a
ONTARIO PUBLIC SERVICE,"$135,619.12","$4,655.56",Attorney General,"Regional Senior Judge, OCJ",1996,10c4ecd2c201b2c344f5ae856139bbd82ac6a7737ad5afacd9b9c048b72c77de
OTHER PUBLIC SECTOR EMPLOYERS,"$158,476.46","$2,268.64",Baycrest Centre for Geriatric Care,"V.P., Medical Services",1996,98771d24deecd8fdb51da296cd358c27b41fb9bbeb7ae49513800457f1701073
OTHER PUBLIC SECTOR EMPLOYERS,"$124,611.84","$1,251.05",Baycrest Centre for Geriatric Care,"V.P., Public & Community Affairs",1996,a9ae5d4e0ab07a2850615ef2f67e3d2f87fbd3baa2c47e01753f3bfb0cbba5c1
OTHER PUBLIC SECTOR EMPLOYERS,"$326,217.89","$27,628.08",Baycrest Centre for Geriatric Care,President & CEO,1996,261836eefb956e04f021a9db46c4119fa07377b53ceb2645ce57bb8d2f54bf42
OTHER PUBLIC SECTOR EMPLOYERS,"$120,563.28","$1,060.86",Baycrest Centre for Geriatric Care,"V.P., Information & Support Services",1996,f9e4286fb8ab755d3741ea3484af31d71507e410141a81c8e5cd1269acfd775f
OTHER PUBLIC SECTOR EMPLOYERS,"$135,623.16","$1,210.99",Baycrest Centre for Geriatric Care,"Senior V.P. & V.P., Social Services",1996,d0676afacdfa6a1c36b837af734cd10cf77ff703f669b9a44b26e4fb73f05157
OTHER PUBLIC SECTOR EMPLOYERS,"$120,046.28",$594.63,Baycrest Centre for Geriatric Care,Staff Scientist,1996,a2c9efa36bd36c8f81856dc5a43e4dad490f0a9d954cdf7549772c503fd429a8
OTHER PUBLIC SECTOR EMPLOYERS,"$116,636.46","$1,170.92",Baycrest Centre for Geriatric Care,"V.P., Nursing",1996,e9a1000b12f1deabd56856ee469ec4db9d95c4546f3e5ed4fd68848f583f271f
OTHER PUBLIC SECTOR EMPLOYERS,"$164,287.10","$3,059.23",Baycrest Centre for Geriatric Care,"Dir., The Rotman Research Institute",1996,f00e3652ff6db4e570e62c4f3374518844402c7582f53469d4c22b4143134075
HOSPITALS,"$102,694.00",$477.00,Belleville General Hospital,Chief Pathologist,1996,67e89691998c43d1294575bd4bc37159e85f2a776423764d5c5dc5fcf4adc4b1
HOSPITALS,"$124,960.00",$741.00,Belleville General Hospital,Associate Pathologist I,1996,463ce8c130f441e7368cc13aa844f30ef80bd6d1e9eba4c8bdb4e338dc8db89f
HOSPITALS,"$122,130.00","$4,925.00",Belleville General Hospital,President,1996,7bb54ead39daee5d96760af952ba2482e430456e6f843004cbf55f52e84baa4e
HOSPITALS,"$119,905.00",$712.00,Belleville General Hospital,Associate Pathologist II,1996,6d5780918434aa534a688fc6040014dc803d28c581caf42c8ca542a27ee47919
OTHER PUBLIC SECTOR EMPLOYERS,"$120,443.00","$4,287.00",Black Creek Community Health Centre,Physician,1996,1547e8d81bbc818bdba7c8c30a389b0a7b8ef67a9e957e5d27e82a49f6f99b5b
OTHER PUBLIC SECTOR EMPLOYERS,"$104,383.00","$4,178.00",Black Creek Community Health Centre,Physician,1996,adfe85d825715a838fc83e622cf9922f4f0bc2bc3c456f62a8b79667ef0f1837
HOSPITALS,"$151,500.40",$505.56,Bloorview MacMillan Centre,"Chief of Staff, Bloorview Site",1996,891012c1b3b793d7bafd98c41a67905296c049786231c74d2591c0fbad5651ac
HOSPITALS,"$135,000.28","$6,459.72",Bloorview MacMillan Centre,"President & CEO, The Hugh MacMillan Rehab. Centre",1996,9b4b92a2d2e1b2846666bcc550bb1dc5cf06f4720c24339c5ea67656b8a0bfe1
HOSPITALS,"$133,903.32","$6,573.60",Bloorview MacMillan Centre,President & CEO,1996,aefed7d3ce69cdbaf8b42d191b561c9540633f288c54d86d24750b7e2d268d40
HOSPITALS,"$186,683.06",$955.94,Bloorview MacMillan Centre,"V.P., Research/Dir., Ont. Rehab. Technology Consortium",1996,3ea44e798b113762de291658db580d371d7542e62a28af7da8ebe144747ac47e
HOSPITALS,"$144,087.61",$645.39,Bloorview MacMillan Centre,"Dir., Dental/Cleft Lip & Palate Program",1996,ce9e55d86c8a6d07536980e5f2cc495c9b8112d1948143dfa4b8fdfa1c953d06
HOSPITALS,"$125,477.11",$473.75,Bloorview MacMillan Centre,"Dir., Pediatric Acuired Brain Injury Program",1996,5d9af6e359eec5c61bd318e82024b2e13aaa985acc7dca12badd8e80e0d11250
OTHER PUBLIC SECTOR EMPLOYERS,"$138,375.00",$691.00,Board of Health for the Borough of East York Health Unit,Medical Officer of Health,1996,8b488851e221477f14f06c5e6ab8a07af2aee4e30394e46e6209579488c78c1f
OTHER PUBLIC SECTOR EMPLOYERS,"$123,946.00",$619.00,Board of Health for the Borough of East York Health Unit,Associate Medical Officer of Health,1996,0eee473e4c699abb5f42c03aec6b167056fde074345589835e77258080be8e7c
SCHOOL BOARDS,"$117,288.00","$6,938.08",Brant County Board of Education,"Dir. of Ed.,CEO, Chief Ed. Officer & Secretary-Treasurer",1996,08439c6da6b00ba7b8f16ec2e8e59f65a11fb2a8614e70595c47670e00bd3a43
OTHER PUBLIC SECTOR EMPLOYERS,"$130,243.86",$843.21,Brant County Health Unit,Medical Officer of Health/CEO,1996,0478e33ac6c15e1baece6be19ad5460543e5633da7025c23435409ca78490039
SCHOOL BOARDS,"$105,594.06","$4,196.77",Brant County R.C.S.S.B.,Dir. of Education & Secretary,1996,ce7687f83f861dcc50f5e64d6b961c43b000f9246e50e40034b0982c621cc151
SCHOOL BOARDS,"$108,655.42",$572.70,Brant County R.C.S.S.B.,Supt. of Personnel & Acting Dir. of Educ.,1996,123b60299c766febfaf7cce3ad07fd4ea65e0756f1913f8524dcf9fcb3c8f36a
UNIVERSITIES,"$104,637.00",$298.20,Brock University,"Professor (Fr., Ital. & Sp.)",1996,d605077fc46066dedc87c48e904cd90268fcbd5ee9b4a8ab3d8118fb99409d50
UNIVERSITIES,"$101,845.02",$543.25,Brock University,"Professor (Mgt., Mktg. & HRM)",1996,8cd7dcb90cf19c117322feafaa90b6ebdecb24070be3fa0ab4d4b1748c91b377
UNIVERSITIES,"$100,577.04",$298.20,Brock University,Chair (Mathematics),1996,578bcfdf073bb9cd68a9c0bbafb15e191a3bf0d20a67d1ba497801af0039f9ea
UNIVERSITIES,"$106,329.48","$2,013.55",Brock University,Chair (Continuing Studies),1996,17e42d1e3bef6445cb9ed4a3983222d5117920c14a154a3f7a955b7490e2f6a9
UNIVERSITIES,"$135,018.57",$298.20,Brock University,Acting President,1996,d44fd41fec72780b814d2f29beae3f151883365fe8adca80768e8ce480bd2c6f
UNIVERSITIES,"$103,143.12",$298.20,Brock University,"Executive Director, External Relations",1996,22ff9f99bb0fe0cc444001b82375540bab34d69c18ba6f692236077bce0ac1d6
UNIVERSITIES,"$112,029.00",$298.20,Brock University,Professor (Accounting & Finance),1996,b5aad9e879d883c8cf4bd88c34848022f86b33c534b5cc833fd89d4b00b99269
UNIVERSITIES,"$108,309.00",$298.20,Brock University,Professor (Politics),1996,118db1068190f7dc0942a503875273a5730edd55caf524c8a9b6c5f970303c24
UNIVERSITIES,"$103,096.86","$1,278.40",Brock University,"Associate Vice-President, Administration",1996,810d55325b4ab77793db81300d6a31206935f5dd29a243954163f6db04c98916
UNIVERSITIES,"$100,021.98",$298.20,Brock University,"Professor (Mgt., Mktg. & HRM)",1996,6e1a382878e2d736c2aa4109cfb145b30f089d782c3919454d15cb3ece1ba8a2
UNIVERSITIES,"$102,900.00",$298.20,Brock University,"Professor (Mgt., Mktg. & HRM)",1996,f9c277f7512ea0d3fcba75eedc4327d6320df7992a76563727013ee379d294b2
UNIVERSITIES,"$101,068.02",$298.20,Brock University,Professor (Biological Sciences),1996,3cc14329ce0e261c9c836982c2a3b48275b3b59da5b4b456745e25d010825449
UNIVERSITIES,"$108,964.56",$298.20,Brock University,Chair (Philosophy),1996,541f84cfd2d4b28d4f3df2abbe3668c41fd6e441bc78de52a8aa0a40d71dc8c1
UNIVERSITIES,"$127,785.54",$298.20,Brock University,"Dean, Business",1996,142742a047dbdf0b15afb9f5e44a46a088a9e7f8c32ad2276c89aaac80983b0f
UNIVERSITIES,"$102,294.96",$298.20,Brock University,Professor (Accounting & Finance),1996,73650be1793653bc14cdce1da0fe686b8b941802aaff8db788856c4ed65444ad
UNIVERSITIES,"$132,896.40",$298.20,Brock University,"Vice-President, Administration",1996,d2fa836ea073a09d0056f3e27ae62f019bc316d658656dbe0b61b0fe9773c0f6
UNIVERSITIES,"$166,000.04","$40,237.70",Brock University,President,1996,bbf457ad89c4b506958abc057798982c8bd5522341dd0ee598833a76d2bf7e19
HOSPITALS,"$162,911.29",$0.00,Brockville Psychiatric Hospital,Psychiatrist,1996,e25677dd25d66ea962f8e536030760bd12b9a537d342111bc8b54d1838f7e76f
HOSPITALS,"$135,411.08",$0.00,Brockville Psychiatric Hospital,Psychiatrist,1996,10f1046864fc415baa597fcfddb4f0cbf6f2de57e2c1c18868f120bf7f44af8b
HOSPITALS,"$120,025.10",$0.00,Brockville Psychiatric Hospital,Psychiatrist,1996,a6dfdd2a9da0eafe3f6c43b225a3aff32da735fb7ca7a3e95df24d4b0c97af0d
HOSPITALS,"$172,202.21",$0.00,Brockville Psychiatric Hospital,Psychiatrist,1996,9607e97b6ecdc95777a23dd8a59c36221eb3d120ce102c661e2f5df28772283b
HOSPITALS,"$111,837.31",$242.40,Brockville Psychiatric Hospital,Administrator,1996,e0f69443cad62322dfab7adbb7dca3f7069e541c1c154e3b04301b2ff853eeb6
HOSPITALS,"$168,955.90",$0.00,Brockville Psychiatric Hospital,Psychiatrist,1996,72236dc527becf8992a51eb9796fe91f39bdaeeec79f036ed68d13fe67c01fc1
HOSPITALS,"$168,951.95",$0.00,Brockville Psychiatric Hospital,Psychiatrist,1996,a1e0bcee3c8586bb13bbef940169deb67d39b9c7ee94684941da86f5095773d4
HOSPITALS,"$135,160.92",$0.00,Brockville Psychiatric Hospital,Psychiatrist,1996,92fc50b31ff3f5f99aa95f7b9c699c00b110ec862c1b08083ed45c9e8be7bb85
HOSPITALS,"$169,003.34",$0.00,Brockville Psychiatric Hospital,Psychiatrist,1996,d136bd001ab2493a4a4dcb11c6b625d6fe3f291495a1cab74b9fbb84c1b1c0dd
HOSPITALS,"$174,595.53",$0.00,Brockville Psychiatric Hospital,Psychiatrist,1996,97fbde53282e6412786908629ac1d36beb861bda42f459c66b0bd93949b1f4e1
HOSPITALS,"$159,447.53",$0.00,Brockville Psychiatric Hospital,Psychiatrist,1996,c2990b4c316044eeab5f93fab3cb011fff296b394d526dd57e9bc5974899606d
SCHOOL BOARDS,"$108,590.42",$796.58,Bruce County Board of Education,Dir. of Education,1996,bea0b32f05b050734aeebbfafc541bf0783384b9694ad9ddfe481a3d604a5968
SCHOOL BOARDS,"$104,530.00",$653.00,Bruce-Grey County Roman Catholic Separate School Board,Director of Education & Secretary,1996,17cfe1576b5fc44ad7b831f90a8863c90090a9fdccd5c44f35ab04f55c12d118
OTHER PUBLIC SECTOR EMPLOYERS,"$129,000.00",$560.00,Bruce-Grey-Owen Sound Health Unit,Medical Officer of Health,1996,782d3f35ef809fdc8af0867dabec12211eaf320a9ee1b3c7f8d7667341c0ff47
OTHER PUBLIC SECTOR EMPLOYERS,"$127,574.00","$1,382.00",C.M. Hincks Treatement Centre,Chief Psychiatrist,1996,f66499cbb244d914eb802a9a90ee5ff48d5f3cad81383dfbd0855c6455dea043
OTHER PUBLIC SECTOR EMPLOYERS,"$111,962.00",$168.00,C.M. Hincks Treatement Centre,Staff Psychiatrist,1996,4411a61646d1e8afff9dac05370f831d51930fafee21e04ccbc6d6a2fddb22b2
OTHER PUBLIC SECTOR EMPLOYERS,"$141,796.00",$182.00,C.M. Hincks Treatement Centre,Executive Director,1996,63b7155392b1ab76a6a32529edc0f9cd731b38daaa9995d1afbf7140f4612e5a
ONTARIO PUBLIC SERVICE,"$102,132.85",$453.04,Cabinet Office,Deputy Minister,1996,ea9d7a0f62be4a5ce3136a3c618627518f5e691bbb4f98b77aea4cfec627ff20
ONTARIO PUBLIC SERVICE,"$126,833.90","$5,207.20",Cabinet Office,Secretary of Cabinet,1996,a17c163f85b7fcd2b12c190c218e06ceb867446fb373cccef3760b4cc4799279
ONTARIO PUBLIC SERVICE,"$119,469.57","$6,662.45",Cabinet Office,Deputy Minister,1996,51a76cab1c3c50820af4e5dfb54f4755c94f2602b5d5ac2cf61c17b6a01a174a
COLLEGES,"$111,655.00","$3,177.00",Cambrian College of Applied Arts & Technology,President,1996,3af2186a9e1d400f37beac50a887fa2b72f28673e8b4f84c4268710a620c5eb9
HOSPITALS,"$139,769.00",$672.00,Cambridge Memorial Hospital,Pathologist,1996,5e48be6de44f6c20ca0a0f981b978a53cf54735d655f78f97bd3602b43f48ddb
HOSPITALS,"$138,000.00","$10,825.00",Cambridge Memorial Hospital,CEO,1996,864006aa6e93ae0aacfc50650832a2ae42b55996663052f60205c2cdf9e8461c
HOSPITALS,"$108,000.00","$1,350.00",Campbellford Memorial Hospital,President & CEO,1996,4ba25143bfa6b7bdf81b5153680f2fcd11494d644221c708c9d4ef9fde2f16d6
SCHOOL BOARDS,"$118,076.44",$0.00,Carleton Board of Education,Chief Financial Officer,1996,b8505d05d78ae8d4618bbaca22be801e7bd046a54cca4385b7e3659bd571dc93
SCHOOL BOARDS,"$106,001.11",$377.30,Carleton Board of Education,Supt. of School Operations,1996,dd65483a3b00487f459a876a9ab0726bfee5c2dbd0955d08c62b22c2eea7c302
SCHOOL BOARDS,"$106,001.11",$377.30,Carleton Board of Education,Supt. of Education Serv.,1996,a9d6c0c37f7332d41983a00d0890aa058cb63daa9aa753d65131280e12bdedee
SCHOOL BOARDS,"$125,509.00",$433.40,Carleton Board of Education,Director of Education,1996,78a2389c13d1cfe04803769f8c878afca9d33e59559e921d4409bc893607adc5
SCHOOL BOARDS,"$104,929.66",$343.49,Carleton Board of Education,Supt. of Schools,1996,5c48e63a3259973f281b74c8052caaec89f9a3ac2e537ac1c8aaafa32a3a8b29
SCHOOL BOARDS,"$106,001.11",$377.30,Carleton Board of Education,Supt. of Schools,1996,2ac0a1ca6d32251eab146fdb583fc9d1e14e7f4d07e29e60ea0c09508639b7cd
SCHOOL BOARDS,"$106,001.11",$6.60,Carleton Board of Education,Supt. of Personnel,1996,0da5ac6b80c8fa16bd5a5c876a8881477dab352fbeb91e6f625a958ee50012d2
SCHOOL BOARDS,"$113,424.00","$4,625.00",Carleton Roman Catholic School Board,Director of Education,1996,ad5c5d50978118620e40e98cc2bd97474bba8a367975cc245c4b2112636bd7db
UNIVERSITIES,"$103,483.00",$531.00,Carleton University,Dean,1996,bbc79c2a1ba40c51f3e65b9e6ab790dfda6a6459043dd705fa5602d53b1231e4
UNIVERSITIES,"$109,500.00",$566.00,Carleton University,Vice President (Academic),1996,cb3b94f950663eac1ea210f194d7cebc160154560d6e7265e87ae0eb921a190f
UNIVERSITIES,"$104,748.00",$536.00,Carleton University,Dean,1996,d0cb61bce2bc914e682472909e435dee975ca2e81250fc8587fa5af42ab47f5d
UNIVERSITIES,"$106,319.00",$701.00,Carleton University,Professor,1996,d3067be85c1c9bd2f546628279218713d3dde0f0d9e231c3e6367465bd44a813
UNIVERSITIES,"$111,291.00","$1,534.00",Carleton University,Professor,1996,d99bde84fdcb894fde11afd088c333f6b4bc67bcbbe879fa874891522d681187
UNIVERSITIES,"$101,058.00",$530.00,Carleton University,Professor,1996,9daf8c7aeadb6557e4eb71f8980f242c4f51fb24325c12e7b531cc4018e2a5b7
UNIVERSITIES,"$102,494.00","$2,583.00",Carleton University,Professor,1996,462939462ef9116f47d6ef4e2a7df43d8a9839d3d376ce0916fd08235121ff54
UNIVERSITIES,"$160,203.00","$12,368.00",Carleton University,Professor,1996,1aad36a20945620f525b35badfb63fcd114a1f2a6fe6431cbed6f9c435d20008
UNIVERSITIES,"$109,120.00","$3,523.00",Carleton University,Professor,1996,b387e696a40dba3cecbeb47fb77a772ecaca3ba9f19cdff9a52bbe1482a88ab2
UNIVERSITIES,"$101,374.00",$533.00,Carleton University,Professor,1996,80bd92664953b074f3e3398d7527205127741b8720b2cf9bba7808e89d5ab863
UNIVERSITIES,"$102,782.00",$542.00,Carleton University,Professor,1996,b7b9e78fd4317606165703cd829e19017d5940630b0ad21967c58bbb15f99a85
UNIVERSITIES,"$100,004.00",$524.00,Carleton University,Professor,1996,4f4120d164691fba0e200090310d25ba7bdd5e8be565a50bb8e04a095c32ccfd
UNIVERSITIES,"$104,529.00",$530.00,Carleton University,Professor,1996,9c535e2867885d6f7e533af525408115027e6c0f8eb9205b15c3c1fdaa126820
UNIVERSITIES,"$106,393.00",$535.00,Carleton University,Director,1996,8ca12b47ea1a4bcc1e5e0cd155403958161e92c69d92cae06546b597b79a7e7b
UNIVERSITIES,"$113,488.00",$580.00,Carleton University,Vice-President (Finance & Admin),1996,dd30e22561e084727b2337b8584d0d41cf2d4fc472db9e207836a7b78fdcd496
UNIVERSITIES,"$101,018.00",$517.00,Carleton University,Director,1996,79e3c77435be1444e82e27e1ecf06030a8f166755e1fe813e78c3950e4f8519c
UNIVERSITIES,"$111,841.00",$627.00,Carleton University,President,1996,e881fe157c53b4b082c7431a83114156442fab1c8fef8cf6b47d1be79aed7b55
UNIVERSITIES,"$109,984.00",$548.00,Carleton University,Associate Vice President,1996,f493cfce52368097bb4eece7282566bad49b74ec016b0a7c5cf38cd2ce821ca7
UNIVERSITIES,"$101,619.00",$187.00,Carleton University,Professor,1996,099c82d26b4fa57058bfb1d710f1bb430acbcfeaf39c78d1b7840cad51051df6
SCHOOL BOARDS,"$113,297.14",$614.40,CEFCUT,Superintendent,1996,71a0058cd88320e8bb5b66cf87af50a6ec5a68b1a741e02b9285b38f21b71eb8
SCHOOL BOARDS,"$123,591.76",$614.40,CEFCUT,Director of Education,1996,ce7a44cdcc3b59f953bc8e4b050cb7d1512944d9f489a948bc9d42311126ce91
SCHOOL BOARDS,"$103,069.58",$614.40,CEFCUT,Planner,1996,17f545427430a71da56497f37b56a089fc32a38c9a8e352961c6ca470c597db6
HOSPITALS,"$142,215.00",$55.00,Centenary Health Centre,"M.D., Pathologist",1996,5f827e2ff70142b431c0ab68086067dda2c4409cfae547958372f82f9e848b69
HOSPITALS,"$142,215.00",$55.00,Centenary Health Centre,"M.D., Pathologist",1996,6aece83230bf373f27e6f5a39d1894e409dbc007e8dc54b34e3fea4869ab4ff8
HOSPITALS,"$154,206.00",$55.00,Centenary Health Centre,"M.D., Chief Pathologist",1996,19927b6412cc4e255b1fd460848c39e0863517c7f665978ef28b559a9c314e63
HOSPITALS,"$104,000.00",$55.00,Centenary Health Centre,V.P. - Finance,1996,14b45b28f29daa5d95189438f757a568eab5dec59fb946c8022a2235d83148c7
HOSPITALS,"$136,124.00",$0.00,Centenary Health Centre,"M.D., Chief of Medical Affairs",1996,fc9609fabe7abba4ec0d4130b022b7aafd31a58f56cabd485a796905d5e0ec6e
HOSPITALS,"$177,004.00","$10,245.00",Centenary Health Centre,President & CEO,1996,5800c7f65ee8da67a06752dd707498f0e65ec9387c5db89f78743da8e0c54a61
COLLEGES,"$134,454.00",$692.00,Centennial College,President,1996,8cd6ea90e0f7bb47a9b68cc748cc7678cc78d319bac3d0ab38eaefa8803558dc
COLLEGES,"$101,794.00",$714.00,Centennial College,Vice President Academic,1996,baec231da599ece50fb783f7d34404b7c6a16139405b3b6227a6764146b54808
SCHOOL BOARDS,"$102,160.00","$1,035.00",Central Algoma Board of Education,Director of Education,1996,912252401f7ceb2297ac90416f903d1a644deadf8392286e24983d6fbff516ab
OTHER PUBLIC SECTOR EMPLOYERS,"$105,795.00","$6,389.00",Centre de sante communautaire de l'Estrie,Psychiatre,1996,079ce16a5322301af48b6e400b7f8036ba1130d4947ba8eb7079249927c1557b
OTHER PUBLIC SECTOR EMPLOYERS,"$129,370.00","$7,689.00",Centre de sante communautaire de l'Estrie,Omnipraticienne,1996,c9e6db12b5802a57a412ec54108053742066739ac4261b174aba67448f0df4e1
OTHER PUBLIC SECTOR EMPLOYERS,"$140,921.00","$8,421.00",Centre de sante communautaire de l'Estrie,Omnipraticienne,1996,f1ea9cdc73c1e1703da656ffc7880fce6a9c3b415cd4b2c6c19368800ca08a2e
OTHER PUBLIC SECTOR EMPLOYERS,"$121,413.08","$4,400.76",Centre Medical Ste-Anne Inc.,Medical Director,1996,cc594a85b6e37d7eb1f3f42ae0af1e0e43551a56eb5aba18d02012227ab9ea7d
OTHER PUBLIC SECTOR EMPLOYERS,"$117,766.00",$554.04,Centretown Community Health Centre Inc.,Physician,1996,ea15d1b03ef01d3f0ed5398df37e4033b9eac429aa186403487801e98d0300fc
OTHER PUBLIC SECTOR EMPLOYERS,"$103,649.00","$4,175.00",Children's Aid Society of Metropolitan Toronto,Director of Service,1996,1bbe3e577adff86d28fd3a29c91c350bcec7f92ae90764000e8105dcbcd1a175
OTHER PUBLIC SECTOR EMPLOYERS,"$126,360.00","$11,392.00",Children's Aid Society of Metropolitan Toronto,Executive Director,1996,656d33744129ac1df8e90c755dc42a1ca9ecc8dab5a29ca928d9f6b277940be3
HOSPITALS,"$125,848.00","$1,922.00",Children's Hospital of Eastern Ontario,Geneticist,1996,aee38c6de5b156c21be126fb47f4f848182173f150d7158a1b120afd90c94f19
HOSPITALS,"$198,763.00","$4,430.00",Children's Hospital of Eastern Ontario,Chief Executive Officer,1996,8fc4642efefae03a6715df28ee4f30960920df6d8b4100180cc95b0b04796be9
HOSPITALS,"$149,997.00","$2,014.00",Children's Hospital of Eastern Ontario,"Chief, Pathology",1996,eb43e5e67587c39cff187f3d758587af41bc685f897868369398266c6b85a108
HOSPITALS,"$149,313.00","$1,987.00",Children's Hospital of Eastern Ontario,"Medical Director, Laboratories PSU",1996,ef70eec42e126c7e5ca5abdac5d1aa33dbfa163850128d8bd4acc9c5ffacbd42
HOSPITALS,"$115,505.00","$1,528.00",Children's Hospital of Eastern Ontario,"Chief, Biochemistry",1996,99f596134b998ad8d4c55afeb8913a12cf3be39e31b4e613ffd06b0623a13ef8
HOSPITALS,"$149,997.00","$2,014.00",Children's Hospital of Eastern Ontario,"Chief, Genetics",1996,07282e2729da46f9941244ed4a0a3fcabe7ba6238a6c925270f466395358366f
HOSPITALS,"$132,153.00","$1,946.00",Children's Hospital of Eastern Ontario,Pathologist,1996,1c11378a30163822062b8d1f6c633334417f5d3bcffcada207b9b6f1868c80ad
HOSPITALS,"$116,866.00","$1,884.00",Children's Hospital of Eastern Ontario,"Director, Molecular Genetics Laboratory",1996,5bf86c1645c9d7ca4657c2d96873dec1731f2859197b05dbc5ecb7546f5862b8
HOSPITALS,"$126,220.00","$1,961.00",Children's Hospital of Eastern Ontario,"Chief, Dentistry",1996,cc3ccfd39c2e94dbaf0ce349965bd5b596c8284a31b74e66b8ab7e247b770c18
HOSPITALS,"$112,879.00","$1,872.00",Children's Hospital of Eastern Ontario,Pathologist,1996,5ea7a4bc38396b7f35e383713299f7f867434fe8d7c42710fa920a2a1cd54cf1
HOSPITALS,"$124,270.00","$4,113.00",Children's Hospital of Eastern Ontario,Chief Financial Officer,1996,2ddb15dbd4fc2426c743bc25e3c091f0068fd92132d589ab05a5484b1601c111
HOSPITALS,"$100,026.00","$2,657.00",Children's Hospital of Eastern Ontario,"Managing Director, Patient Service Units",1996,748be39c6816059d71c9544a1a902b10b6217358aef66364dc47fbb66ad3406f
HOSPITALS,"$112,879.00","$1,872.00",Children's Hospital of Eastern Ontario,"Director, Molecular Diagnostics",1996,dde32146cd07ac4bb02c6ccf1e9b75b8fbabaefdb0601637a6105e5806b8f008
ONTARIO PUBLIC SERVICE,"$121,486.87","$8,596.82","Citizenship, Culture & Rec.",Deputy Minister,1996,efdf656851454b4796bb2903401c739152311894e0c8bf13e6df44b372a669bb
ONTARIO PUBLIC SERVICE,"$108,250.83",$312.24,"Citizenship, Culture & Rec.","Executive Dir., Ontario Human Rights Commission",1996,664fec65214a332bd9a34752be039e4337e1b6789879c4d8af7801f0a3693b6f
ONTARIO PUBLIC SERVICE,"$118,161.73",$340.80,"Citizenship, Culture & Rec.",ADM- Citizenship and Corporate Policy Division,1996,c5139cbb49473750561d4026bc973cbd896c6910a0d4f74ef051c421b81707df
ONTARIO PUBLIC SERVICE,"$116,792.80",$336.48,"Citizenship, Culture & Rec.","Dir., Legal Services, Ontario Human Rights Commission",1996,16224073af488bd0871fc4b13ec62224ef88b614fc705bb5ca3417a3900a7f0f
ONTARIO PUBLIC SERVICE,"$116,266.39",$332.52,"Citizenship, Culture & Rec.","Senior Legal Counsel, Ontario Human Rights Commission",1996,ea399449a045bf5cea5b464732e23e1eb82d12747ed2aeda1957a7b5c05bc602
ONTARIO PUBLIC SERVICE,"$107,279.55",$309.48,"Citizenship, Culture & Rec.",ADM- Culture Division,1996,d3499560fe3885e56179129d264007aefd25b8e35384025ef9452cdf0c85f1f8
ONTARIO PUBLIC SERVICE,"$103,881.54",$299.64,"Citizenship, Culture & Rec.","Chair, Board of Inquiry Human Rights",1996,d42c323c752d6e2421cbb81e116f551fed2b228fc10a41dd1c5fb1e415e9669d
ONTARIO PUBLIC SERVICE,"$103,889.24",$299.64,"Citizenship, Culture & Rec.","Chief Executive Officer, Ontario Film Development Corporation",1996,157eb701f6b633e2b4612d4887b728c44d86eb6e6e33ad3db22b4190f705e0ba
ONTARIO PUBLIC SERVICE,"$108,730.49",$313.68,"Citizenship, Culture & Rec.","ADM- Sport, Recreation & Ministry Regional Services Division",1996,4a503294b26c3bef37c08d7f056fc1d07edf6258d06a39e203a10868522261e5
ONTARIO PUBLIC SERVICE,"$108,652.35",$310.68,"Citizenship, Culture & Rec.",Archivist of Ontario,1996,87382311093740985aa6b0ced815ee22d70eb1c84ce4020327752ba169f19b10
MUNICIPALITIES,"$112,982.00","$4,586.00",City of Brampton,"Commissioner, Works & Transportation",1996,cfc1bbe0cd11365680560d99bd9cd90919365a506e9de51062ba40c9e33fb286
MUNICIPALITIES,"$106,534.00",$785.00,City of Brampton,"Commissioner, Planning & Building",1996,11e242325bd68d18dc985d136e9b8e3962e926033c9ce5bb7c64a71a35e57b7f
MUNICIPALITIES,"$109,026.00","$6,299.00",City of Brampton,"Commissioner, Legal Serv. & City Solicitor",1996,10f1c44f494e1aed8ce6825e3528a1b02c90640190af2da00b94fc09b19b40b8
MUNICIPALITIES,"$124,400.00","$5,511.00",City of Brampton,City Manager,1996,c78722f121facc207be5626be855831d9c919a1e3ec3bd5fef0d633068de5ad0
MUNICIPALITIES,"$104,042.00","$3,546.00",City of Kanata,City Manager,1996,bdc75ef244359606aef676ebb117390479d0c96d5a6d6c2d6406bc4739eb87ad
MUNICIPALITIES,"$108,732.51",$477.00,City of Kitchener,General Manager,1996,3dd7c46f5911c6a9f8c7c82540b7c85be97802e30908892ff104063d63673708
MUNICIPALITIES,"$111,743.92",$574.00,City of Kitchener,Chief Administrative Officer,1996,dc885e3386116ad91798efac221d9cf7442ff0ae0c7c8a5140ec38c777ed8f6c
MUNICIPALITIES,"$118,269.98",$387.00,City of Kitchener,City Solicitor,1996,1a582002534f9ac5c083bb97eb0592877d996217d740d2aca561c194133d7172
MUNICIPALITIES,"$118,664.00","$4,656.00",City of Mississauga,"Commissioner, Human Resources",1996,30aea4d3f95456f7c3716254844be895850609716492f5f867032055dc4e7af9
MUNICIPALITIES,"$103,728.00","$2,400.00",City of Mississauga,"General Manager, Transit",1996,de0fe68ae83835d34f0b3e24e94f6d9720bcc7890cefb3cf620f01d6e85bee05
MUNICIPALITIES,"$111,114.00","$4,236.00",City of Mississauga,"Commissioner, Transportation & Works",1996,b30b18a4a7d9c0ff1fe2075b249d99d23f365a4238808f899e720fc4d9f65bcc
MUNICIPALITIES,"$106,840.00","$4,070.00",City of Mississauga,Chief Librarian,1996,c8b9baf9e6c6e83610dead0f4833ef1d70b074d6769ca3c67bb1f1d4712e1780
MUNICIPALITIES,"$118,395.00","$4,580.00",City of Mississauga,"Commissioner, Community Services",1996,482dc69940d4a4e3edbd84fba1becc9cae8cd840ad99da5b22bce4b21c60e9b3
MUNICIPALITIES,"$115,380.00","$4,821.00",City of Mississauga,"Commissioner, Planning & Development",1996,723f4bfc333895ce69a8cc2db22179442556f91ee76e99d5cd832e7be2732d73
MUNICIPALITIES,"$126,776.00","$4,687.00",City of Mississauga,"Commissioner, Corporate Serv., Clerk/Treasurer",1996,996366d5cdd9de823e7e2d142f4454132522dd14cc06f92c8695a155e23aa9ba
MUNICIPALITIES,"$155,001.00","$8,004.00",City of Mississauga,City Manager,1996,ebe1a79d0fd36ad9202c582fd2c85da1e09f5b6af10f9897e73569abcbb6a2e2
MUNICIPALITIES,"$103,730.49",$506.16,City of Niagara Falls,Chief Administrative Officer,1996,5ed4001bce4b2396630a1ad96dc3aa3ae1a15504864ff0ffa344bb3c9513a241
MUNICIPALITIES,"$121,415.00",$248.00,City of North York,Commissioner & Medical Officer of Health,1996,da03dcaf505aadd4047715460272d71815d2019da8e60163640f8a24fce8c4f2
MUNICIPALITIES,"$102,880.00",$210.00,City of North York,Deputy Commissioner of Public Works,1996,e09998ef91096b48e6012bc7e61527a14677241a1bc4a14db55e5865eae56206
MUNICIPALITIES,"$121,415.00",$248.00,City of North York,"CEO, Library",1996,c9ad38c3ce2f06780d65ca7ac64773a922355d3e098aaef861d4c5a322ac2afd
MUNICIPALITIES,"$117,587.00",$240.00,City of North York,Commissioner of Planning,1996,54474620ff37c4fd76c48de3ae571f280427f13093583c3b206fe9083314af42
MUNICIPALITIES,"$121,415.00",$248.00,City of North York,Solicitor,1996,4838941aeb612be15e47cb78d2b5fbd503e23f34137273200ca249dc61e61fc3
MUNICIPALITIES,"$120,389.00",$509.00,City of North York,Commissioner of Parks & Recreation,1996,839dfa662673025ce0ceff360e0b7fb9fbdea24d8f0aa8a50a3c9592220da893
MUNICIPALITIES,"$108,226.00",$221.00,City of North York,Dir. of Educ. & Research & Assoc. Med. Officer of Health,1996,e337bdfb0cd902f70e2012d2d93c8afba3d8044bacda026f447382a3a280b5f7
MUNICIPALITIES,"$121,415.00",$248.00,City of North York,City Clerk,1996,6cb63d04f1264ee5159a0e5cde6394634f503738006e1d8a00bdf7673ad7f9a6
MUNICIPALITIES,"$121,415.00",$248.00,City of North York,Commissioner of Transportation,1996,f0fd12fa4fe4cbab20a3fb5d45d6c009b49d73d114addb35e3a4f0a3ed9ce333
MUNICIPALITIES,"$139,665.00",$590.00,City of North York,City Adm. & Treasurer,1996,9f0f5a069fac95e131c8fa54d2ea6cf08d46f0dfab8f5ae560a213e206cfd4d0
MUNICIPALITIES,"$102,880.00",$210.00,City of North York,Deputy Solicitor,1996,71162efc811cd41936fe572c12f9985e3adf2f76070592003d05ffa52b8e5759
MUNICIPALITIES,"$102,880.00",$210.00,City of North York,Deputy Clerk,1996,2d2d4dccda5391fb08deadfd2739c7fa76c1ed9c9a27d7e574de621eb0802368
MUNICIPALITIES,"$102,880.00",$210.00,City of North York,Deputy Fire Chief,1996,fdea9961be05f5e5f20f8d53e4a5c08f730b85a0c690cda94e047c4bc597fa1c
MUNICIPALITIES,"$111,877.00",$226.00,City of North York,Dep. Commissioner of Fin. & Dep. Treasurer,1996,2324c9f76bf04a2590b704cb814280f5acc1bd81e16cc113403c275132484bf9
MUNICIPALITIES,"$121,415.00",$248.00,City of North York,Fire Chief,1996,7f43fce0723af6a9d1d317c3c2d4902e8dcfa688e5732a79a617f8e4e3de7b70
MUNICIPALITIES,"$102,880.00",$439.00,City of North York,Deputy Commissioner of Parks & Recreation,1996,b9ff7345abee31ac6ecbee71caeca76d44039e597065138a6ac4aaa3ff93f7ef
MUNICIPALITIES,"$102,880.00",$210.00,City of North York,Deputy Commissioner of Transportation,1996,81b835b27d2e5cc6fbe83a87d49ca2a42f9e9c5e1830f11537f93c6730e64703
MUNICIPALITIES,"$121,415.00",$248.00,City of North York,Building Commissioner,1996,292225a5006ff135e87d5b6c89fbae40dc1c2ec2ac513dc3dfa7873efce92c68
MUNICIPALITIES,"$112,356.00",$476.00,City of North York,Commissioner of City Hall Building Services,1996,c3fc24b0f7c2b47c5a455b1674f586e3b6b430f656c89bb58e388a3785644915
MUNICIPALITIES,"$121,415.00",$248.00,City of North York,Commissioner of Public Works,1996,b86c0c1f1d669e8dfd611366ac945875f004c3c7159d744b0e7e645ac803cbd8
MUNICIPALITIES,"$121,415.00",$248.00,City of North York,Commissioner of Human Resources,1996,46800c8ed8c92b7e7102ecdc1abd71c41eeee060e2ef2ce50bb6041ae1224a4b
MUNICIPALITIES,"$121,488.12","$10,398.51",City of Oshawa,City Manager,1996,5fa08878a1513142ebaa27f8d6c72cdc42d6f28f45f00af2964221bfd9e5e71a
MUNICIPALITIES,"$100,874.02",$640.80,City of Oshawa,Commissioner of Dev. & Planning Serv.,1996,98fa7f1c501a29865d473947fb04f2f0ad733c4e66736afe33871ee51dfb1956
MUNICIPALITIES,"$100,098.02",$667.81,City of Oshawa,Commissioner of Public Works Serv.,1996,64d347c0e7cbf78fd7557e37444eae04690c3ee87dbf5a93acd109c0baf7308e
MUNICIPALITIES,"$111,999.94","$5,532.72",City of St. Catharines,Chief Administrative Officer,1996,493a22dbed5e0de95a3ff9e9fdba83679434efcb67770f9e8ba989d889aad44e
MUNICIPALITIES,"$100,746.00","$7,986.00",City of Sudbury,Ass. City Manager-Community Srvs.,1996,269e2b9d8b7a9ca0421305f4b909691e579bc30a860a6d7727cf401e3d0289e0
MUNICIPALITIES,"$100,746.00","$8,760.00",City of Sudbury,City Solicitor,1996,ad8735d4191553a9456b612d34bb14d72fc11476870a255f823926c1d307edee
MUNICIPALITIES,"$100,746.00","$7,986.00",City of Sudbury,Ass. City Manager-Physical Services,1996,54954dc986bcaa4fabb67e526295a59121a1665259f71f1ebbd477e4e558cd5c
MUNICIPALITIES,"$116,401.00","$8,076.00",City of Sudbury,City Manager,1996,9eee6b14a423f1fdcdd8a1e25b072527a50bbc93439e3a133a81fbe25d406bdc
MUNICIPALITIES,"$107,275.00",$33.00,City of Toronto,Solicitor,1996,878585b2ca5691ac201570a94ca7e0bc299eeb0ca71ac13a789e6dc1867a4eb7
MUNICIPALITIES,"$106,526.00",$374.00,City of Toronto,City Clerk,1996,d8a0ef20e5c010248eb0fb23f385a1b9ac477000f7d77883c58bf52b624af74b
MUNICIPALITIES,"$104,560.00",$90.00,City of Toronto,"Director, City Planning",1996,125af9576c542ac6d7e1ce9293440f6684cce4aeabaf7442e0b88841f5ccfe9a
MUNICIPALITIES,"$103,273.00",$33.00,City of Toronto,Solicitor,1996,48d4303f46252386369cc46a55f860224a6354fc3eef54255d017df0afb97b38
MUNICIPALITIES,"$103,273.00",$33.00,City of Toronto,Solicitor,1996,6ba263ee9d53d9658dea5d9c512f07faab9f2fbbda4f70a16773a3b2dc1ded33
MUNICIPALITIES,"$113,266.00",$277.00,City of Toronto,"Director, Special Projects",1996,8027e595330309dd7ce2edadde52219477de259abaace0c7f5a41536f7ce01e7
MUNICIPALITIES,"$101,718.00",$360.00,City of Toronto,Solicitor,1996,dc840bdb562210681702e5f75fe9dc03af7b35cfe19ebb71b1322cf22362e78f
MUNICIPALITIES,"$107,275.00",$33.00,City of Toronto,"Acting Dir., Office of Labour Relations",1996,157e6484cd62d7b6c59918c6c3dba0101861cd7d4c816cc7d65ffcaec6230511
MUNICIPALITIES,"$103,456.00",$33.00,City of Toronto,Solicitor,1996,4b0cde2cbf7611df23bc07b52cf00d845f412782d98162bcedd4a88a46ee0d9c
MUNICIPALITIES,"$102,955.00",$33.00,City of Toronto,Solicitor,1996,70b07d7555e8d61198df67e5a66fc03ee399e25b57674ada7bc72fcc52bb3a59
MUNICIPALITIES,"$112,325.00",$374.00,City of Toronto,Fire Chief,1996,7483a873f5d032689e47a188a25c05d9c0e15d8488b23adc9806edf17a23e618
MUNICIPALITIES,"$100,598.00",$350.00,City of Toronto,"Dir., Organizational Planning",1996,2b2c4f66c0d44b0ed24845d5220fa5eb13bf790e9af586a6588d666e5ad2fd85
MUNICIPALITIES,"$111,918.00",$33.00,City of Toronto,Associate Medical Officer of Health,1996,76633beca09caceb7e60234a02db50c3340288ec11b78e2ace3cd636f96fd8f7
MUNICIPALITIES,"$136,896.00",$377.00,City of Toronto,"Commissioner, Community Services",1996,3e8786dd114583987ffdcd865e77b479112ae5d250579d6965f4931a40c5f899
MUNICIPALITIES,"$126,437.00",$70.00,City of Toronto,"Commissioner, City Works Services",1996,8c96f08a49a52d455df0203979cfede8e8bad8d2a62161667b414f3866c2a049
MUNICIPALITIES,"$105,045.00",$33.00,City of Toronto,Solicitor,1996,bc9c1672b6ac7bb2665bcd7d710627d85823ba39772a102644d3c1c9e5e9caca
MUNICIPALITIES,"$100,598.00",$350.00,City of Toronto,"Director, Program Services",1996,539e853a5d64d9c57a3b865e288ddb56e96b1c688f32df95cd853c2ff7348bb0
MUNICIPALITIES,"$116,381.00","$5,239.00",City of Toronto,Chief Financial Officer & City Treasurer,1996,07c93729fa9eaad129582081931020ccf7047524b1e3615acb45a3ba68309ab6
MUNICIPALITIES,"$108,657.00",$784.00,City of Toronto,Acting Deputy Fire Chief,1996,6d187d037b2a7764f3d0dd0b904698480876388593257f48c6ad057ad74fd211
MUNICIPALITIES,"$126,662.00",$33.00,City of Toronto,Medical Officer of Health,1996,75f1e7cf80e0a6e1655ea3ef62dcd935e35582088c715da867a2a32162e9ebc7
MUNICIPALITIES,"$122,584.00",$285.00,City of Toronto,Commissioner of Planning & Development,1996,b50cddda5f2258b7bb0b0f4b27b20b8cccff899af3da1f221ad632bc9d983180
MUNICIPALITIES,"$105,274.00",$365.00,City of Toronto,Solicitor,1996,14d876eb6029ec47ffe79c15603dbd4a39ea31ea4d3edf88dcf343b1cfade2d1
MUNICIPALITIES,"$103,816.00",$33.00,City of Toronto,Solicitor,1996,a3ced855d36a5658bd2545fca12b9fba1a4def1af424baf659945312aeb0f5a0
MUNICIPALITIES,"$116,061.00",$33.00,City of Toronto,Assistant City Solicitor,1996,c226503a5ba2634cb5e3a45141a373a282fb42d91e771725cd9506d4d91e1b2e
MUNICIPALITIES,"$117,189.00","$2,752.00",City of Toronto,Deputy Commissioner Of Housing,1996,0019914d56a5a33a073338da49aafb3768d6c6ef2191964898abbb8bb206142b
MUNICIPALITIES,"$122,835.00","$6,341.00",City of Toronto,Commissioner of Parks & Recreation,1996,dc8b5b8d0f59541b650358875214f225298243e3f9f1d25d3b19ca1e3d4b47dd
MUNICIPALITIES,"$110,105.00",$358.00,City of Toronto,Acting Assistant City Solicitor,1996,d50be3219e2f5bb1bd499304f6c9d2c49a8bf07a081733fb20a55da4fd0d7de5
MUNICIPALITIES,"$109,127.00",$33.00,City of Toronto,Solicitor,1996,3704d752dbbd7c34648a9a48fa3f353f8c859b150266ae2a7dede177a5613dce
MUNICIPALITIES,"$107,875.00",$33.00,City of Toronto,Solicitor,1996,97837e01f62f8da251e4f453335bc54e3d331fa051b786092821cb48aaf58114
MUNICIPALITIES,"$102,631.00",$362.00,City of Toronto,"Director, Operations & Sanitations",1996,46c0eac13dc4b599242751a8475ee822f9ba6ebc2fd99c598f8390cd405b6f81
MUNICIPALITIES,"$116,843.00",$33.00,City of Toronto,City Solicitor,1996,f29f8f029a890c97248339bc237013c1dcba98fe5aea364b6eb156e30ef34640
MUNICIPALITIES,"$106,389.00",$33.00,City of Toronto,Solicitor,1996,2dc82826c5b907437abba2532afed2859c7ba2914f144c07748078faed961454
MUNICIPALITIES,"$105,603.00",$33.00,City of Toronto,"Director, Engineering & Surveys",1996,b55f4a6115b4d78fbc5709b7ee8ee4846359ad87e576c28bd16d50086b1c0c5e
MUNICIPALITIES,"$112,198.00","$8,828.00",City of Toronto,City Auditor,1996,39a665e36b4daabd55f587118ee015aac92ae1cba5a3fe853719f01af8e38333
HOSPITALS,"$111,741.00",$622.00,Clarke Institute of Psychiatry,V.P. Administration & Finance,1996,e3660ba448f151d7a2929e38436b655c0a001549be2f01d8db5fa6dd056f541e
HOSPITALS,"$113,377.00",$631.00,Clarke Institute of Psychiatry,V.P. Education & Head Psychology,1996,acfdf6aea848bd6997681693fec48aef98904c3540d45de9b2239a16ce9c4af9
HOSPITALS,"$124,480.00",$693.00,Clarke Institute of Psychiatry,Exec. V.P. & Chief Operating Officer,1996,33d5eed67af2bfc77f0deb5d4e2483c32f6f2ce5b08c3ba8a4729f2c74196214
SCHOOL BOARDS,"$100,801.00",$674.00,"Cochrane, Iroquois, Black River-Matheson DRCSS Board",Director of Education,1996,220ac2ff4fda85435abc694918e101ddb81438028560ca2f91fcb090938d4148
SCHOOL BOARDS,"$103,500.00","$1,036.00","Cochrane-Iroquois Falls, Black River-Matheson Board of Education",Director of Education,1996,bf7d94a15f160921dee95fb453abf5d8b46b125c5aa21e12cef7b1429f1fe69f
COLLEGES,"$111,571.00","$1,450.00",College Boreal,President,1996,f81bb870d608676be6c1f7670d59fae025cd123b1a2ca626a48e75b4e453e5ae
HOSPITALS,"$110,127.00",$521.00,Collingwood General & Marine Hospital,Chief Executive Officer,1996,2efed7c5fad8f19ca86011946671627eb7a43bff0b9ee96440109790b1601187
ONTARIO PUBLIC SERVICE,"$103,889.24",$299.64,Community and Social Services,"Former Chair, Social Assistance Review Board",1996,ed3e51400ab654176db794684159ecf78e27e7a644bd728e22906b051d54a6b3
ONTARIO PUBLIC SERVICE,"$154,760.57",$0.00,Community and Social Services,Contract Psychiatrist,1996,8686b7c1ff0be06371474191424e7e7b2c784b2c2f7daa9bce3dc7ed99f55e89
ONTARIO PUBLIC SERVICE,"$151,005.78",$427.32,Community and Social Services,"Director, Biochemical Genetics",1996,2b7445fe4516c1be6a39a4686b99dfc3f8b966843c1d4c8791766d2b44c3ed55
ONTARIO PUBLIC SERVICE,"$108,272.20",$312.36,Community and Social Services,ADM- Program Management,1996,d08786f10718bdb5560d44cf5c808d37a7c4d2e66b3d4cc19f2de9c33021e5f1
ONTARIO PUBLIC SERVICE,"$104,444.34",$274.08,Community and Social Services,"Facility Administrator, Prince Edward Heights",1996,83dbe3f4ff3f8110c5f6b67e4aad1f34a2b6687cf387795fe72a1a69190e121e
ONTARIO PUBLIC SERVICE,"$120,784.63",$285.35,Community and Social Services,Contract Psychiatrist,1996,3b900c5b2e45acd4d4802cf1a2938c0f84a91b00bd47559de2075260e9f717ba
ONTARIO PUBLIC SERVICE,"$115,971.96",$333.84,Community and Social Services,Staff Physician,1996,b7df81a82ccac2424c9a5aefedab2d41e4e97bac0e3d52d1ed2e7311bc7f331e
ONTARIO PUBLIC SERVICE,"$120,383.48","$6,650.64",Community and Social Services,Deputy Minister,1996,7700895a1a3f173c2d44f204d3a75db1554463419dbbcf2b44987be7759c4cde
ONTARIO PUBLIC SERVICE,"$110,327.33",$318.24,Community and Social Services,"Asst. Deputy Minister, Business Planning & Corp. Services",1996,0a32c4210c6f9b9b0636e3ad0172c31aef165a45242bb8a7e3409905ede724cf
ONTARIO PUBLIC SERVICE,"$100,511.35",$288.84,Community and Social Services,On secondment to Queen's University,1996,ab676b9c31f5736dac94fb08c0c7c9d71a81a30f84f0974eb476d77a5b9591f0
ONTARIO PUBLIC SERVICE,"$236,925.14",$78.12,Community and Social Services,Correctional Officer,1996,e9d32e71cb85a0c8ea6002ee6509e6d2e217f9b89716591d0d1e471d45e7dd3e
ONTARIO PUBLIC SERVICE,"$126,458.31",$294.84,Community and Social Services,Staff Physician,1996,aee0018cbfc71d669188d1c550072c03f54917929fa033fe42b714c1fe969acf
ONTARIO PUBLIC SERVICE,"$134,650.50",$387.72,Community and Social Services,"Supervisor, Medical Services",1996,0b40aa2d03f13424f75b8260ef35247f8872b9b017f7d056f6146bdb375486cf
ONTARIO PUBLIC SERVICE,"$154,726.97",$0.00,Community and Social Services,Transferred to Ministry of Health,1996,f22c33dd0a164306505feb91d66c90ff2d843f616220730ed57dd07733ad8cf8
ONTARIO PUBLIC SERVICE,"$105,734.84",$256.32,Community and Social Services,"Facility Administrator, C.P.R.I.",1996,fdda7e8771b3865522940a087f6011d8eb5f78c89859071c82f96c0c37370470
ONTARIO PUBLIC SERVICE,"$147,077.56",$0.00,Community and Social Services,Contract Psychiatrist,1996,c4f889b88ae28849fb2f2d28d7c788989d76777e8d23da61dfb3aa9c148b890a
ONTARIO PUBLIC SERVICE,"$103,156.88",$256.32,Community and Social Services,"Facililty Administrator, Rideau Regional Centre",1996,f5fe51cfb78203c220b756ffa3903b2c717eaa9b41f144939d30ce80888d8651
OTHER PUBLIC SECTOR EMPLOYERS,"$119,826.00","$6,432.00",Community Occupational Therapists & Associates,Executive Director,1996,8ee50e4349abbc33ba2ac38c5f22e44a95a24c7bcfd95968007dcce59b423703
OTHER PUBLIC SECTOR EMPLOYERS,"$120,485.00",$830.00,Community Services To Jewish Elderly,Executive Director,1996,672cc5219629e38620816049efd8a874d7b955876ed68db49d5a5601ddd12d01
COLLEGES,"$123,894.00","$13,798.00",Conestoga College of Applied Arts & Technology,President,1996,b0ff314c7d1f60b4e71f1b94abfcadfa8eb0284d71460f31b70245b0766012b1
SCHOOL BOARDS,"$125,529.00","$8,344.00",Conseil des ecoles catholiques de langue francaise Region d'Ottawa-Carleton,Directeur de l'education et secretaire-tresorier,1996,a0726ed85d7e492291ae201ba1ed3063d7b91c0ce4191f9325353a42d1725a26
SCHOOL BOARDS,"$110,000.00",$352.92,Conseil des ecoles separees catholiques de langue francaise de Prescott-Russell,directeur de l'education et secretaire,1996,b00b71a6a79857696964de6f6878ae3f0690fbdec709d913e879078fbcb6b8fe
ONTARIO PUBLIC SERVICE,"$113,983.39",$328.80,Consumer and Commercial Relat.,Assistant Deputy Minister,1996,e32f33a3258a0f41ac081126363a0d027053f9859618599e7b07574f5c4dafe3
ONTARIO PUBLIC SERVICE,"$108,037.89",$311.64,Consumer and Commercial Relat.,Project Executive,1996,b3b8da9509652fa7defca8196fa6dbea512279c38eb976849dbf6c1eab888d6b
ONTARIO PUBLIC SERVICE,"$132,380.70","$4,194.35",Consumer and Commercial Relat.,Deputy Minister,1996,730a3f0ca155b2514740ffc1b7001fa3dbc45b37698eae61c552a9affa6290d1
ONTARIO PUBLIC SERVICE,"$109,287.28",$179.50,Consumer and Commercial Relat.,Systems Coordinator,1996,e8719e36c0defceff2b0c939ae2a62547ea45c6e9c66cf02ce929296a937976b
ONTARIO PUBLIC SERVICE,"$124,725.66",$0.00,Consumer and Commercial Relat.,"Chairman, Gaming Control Comm.",1996,db5cc746752b7285571c99e3fcbdbfd0128b72c5be001e5f6896f74df41a4775
ONTARIO PUBLIC SERVICE,"$112,214.15",$323.76,Consumer and Commercial Relat.,Assistant Deputy Minister,1996,0d767e9d61dcba1267f3df0e2e1bb1bf0f4e25be46bd6c3f7d6b94a292df75d7
ONTARIO PUBLIC SERVICE,"$127,171.66",$949.00,Consumer and Commercial Relat.,Deputy Minister,1996,6293f317b6077a40cd11e9053cbc5e8688dabe7c7cab8cea00a5dd6ec2fcbff3
HOSPITALS,"$113,673.65",$581.60,Cornwall General Hospital,Chief Executive Officer,1996,1b1a3c3bc6936a8fc323fb60406a1c6b5df43afa4341f0dcb4ab0c3ffe2d8a4a
MUNICIPALITIES,"$103,170.00","$3,209.00",Corporation of the City of Guelph,City Administrator,1996,0620e565dfa5571a81f90526d80dd0f7ea5ae88c1a20f38e0987887b11ae450a
MUNICIPALITIES,"$112,301.00",$747.00,Corporation of the City of Hamilton,Director of Information Systems,1996,4fe30c7365830fb79fa5eb2429a68e70e59dd8f8de8f3fa3ff318a475bf1b933
MUNICIPALITIES,"$116,588.00",$691.00,Corporation of the City of Hamilton,Commissioner of Public Works & Traffic Serv.,1996,0d906943f7cf3da8ad3f02c6869e0b2167cd33c2f928117ce8ab36ab5e2b8ccd
MUNICIPALITIES,"$112,301.00","$2,053.00",Corporation of the City of Hamilton,City Solicitor,1996,224c64c4c9c2565fb4ef42e073d382f25beb87544b631264c55a5482ed953971
MUNICIPALITIES,"$117,585.00","$5,381.00",Corporation of the City of Hamilton,Chief Adm. Officer,1996,918d29a9ac19a19a14372d0549492e18af645a73de67a671a41af4800df427cf
MUNICIPALITIES,"$109,084.00","$1,466.00",Corporation of the City of Hamilton,Treasurer,1996,abc8bfd6b0109acfdbe50115a93b5b173b759ba40d28c1f15634bb5da331cc09
MUNICIPALITIES,"$102,225.00",$910.00,Corporation of the City of North Bay,Chief Administrative Officer,1996,00cf1a5d99879310fa03f9cb7dacb04238e719a9418c66c182bdb8793557dc1e
MUNICIPALITIES,"$112,925.61","$8,700.00",Corporation of the City of Ottawa,"Commissioner, Corporate Services",1996,7ad4758bb3e6a628587a7f6e66aee49db109f72620d2a55b0ebcf7e8aea30c87
MUNICIPALITIES,"$117,760.14","$1,822.00",Corporation of the City of Ottawa,"Commissioner, Community Services",1996,fd1016e1b7f8e4eb595edccd0a4f3a9b614ede86aecd9838516cf2bbeb3e4d2a
MUNICIPALITIES,"$101,086.44","$7,524.00",Corporation of the City of Ottawa,City Auditor,1996,8cd32a26ca1464f9b36299d0da4e1c564eaebc432e0735f257a3670acb40b3e4
MUNICIPALITIES,"$113,398.74","$5,377.00",Corporation of the City of Ottawa,"Commissioner, Engineering & Works",1996,01dd129b813b5ef8d6033da7589cbf120a09627b4ce000662963dec5ae19341d
MUNICIPALITIES,"$117,108.18","$8,700.00",Corporation of the City of Ottawa,"Commissioner, Planning, Economic Dev. & Housing",1996,2f91e644c861d13114278caf885d4e2ef17e35a4162f31fa5b7523fd9fe26448
MUNICIPALITIES,"$103,623.00","$5,920.00",Corporation of the City of Waterloo,Chief Administrative Officer,1996,1028699cff755df6f3c0142c542073e1c0ac362669f1fe5783249a0aad7750ec
MUNICIPALITIES,"$106,292.16","$1,979.09",Corporation of the City of Windsor,Commissioner of Works,1996,56257fe84700ec323afa492886eba5f70874f34185c700bd3c89efffddb2e7e1
MUNICIPALITIES,"$106,292.16","$1,112.64",Corporation of the City of Windsor,Commissioner of Social Services,1996,2c8aa07d1de17ac3365d2f25516ec88bcd1d577a082e37bc0f3e06a025b1465f
MUNICIPALITIES,"$106,292.16","$1,112.64",Corporation of the City of Windsor,City Solicitor,1996,bb489a819b9fbbd62b3f4c8602a22039bd33a118e6e44e278cc762be9bd64ac3
MUNICIPALITIES,"$115,000.08",$449.02,Corporation of the City of Windsor,Chief of Police,1996,49a89589ea5605d8b3bdab9c4c092b77bff50d1bbfb1cd6b994d584ad36bf3f2
MUNICIPALITIES,"$101,860.81","$1,079.93",Corporation of the City of Windsor,Acting Commissioner of Finance,1996,259222381d61cd748aff1a531370feeed851a5bccf3e9c5986f23fb33dbbd413
MUNICIPALITIES,"$118,828.05","$2,213.91",Corporation of the City of Windsor,Chief Adm. Officer,1996,93557a7cac3acc02c46d31197e8626e9b483c48f01367b3b6bf37413dd83bdc4
MUNICIPALITIES,"$107,258.50","$3,794.64",Corporation of the City of York,Solicitor,1996,8ed9bee6d6e331fa450141e4c2f7045dcf5948b08016d45b8ac79762c32f4802
MUNICIPALITIES,"$107,258.50","$3,794.64",Corporation of the City of York,Commissioner of Building,1996,7b90d906001eb587a8b3dbf0ef4a08ab80f08473ada53c017f81be707840d0dd
MUNICIPALITIES,"$101,805.00","$1,338.00",Corporation of the Town of Milton,Chief Administrative Officer,1996,2656032451f6c2ec4b7128d8f90a5bf41b8c8c7a51ad393fe320c65054cd4850
MUNICIPALITIES,"$113,550.00",$681.00,Corporation of the Town of Oakville,Town Manager,1996,061815602ce54d0365278b0386639ab238454bbb973f05ccc562417b91d9a12e
MUNICIPALITIES,"$101,399.00",$823.00,Corporation of the Town of Oakville,"Deputy Town Manager, Community Services",1996,2f5a3cbc78b3faea0e9e76d265e8b3c1ee9feda816dfdd5aebfb300973487f63
HOSPITALS,"$105,555.00",$867.00,County of Bruce General Hospital,Executive Director,1996,d23fb6096da637cb12bcb6fa0ead1458d6ef4a37924153ddb41d91397554f6b6
MUNICIPALITIES,"$103,649.00",$801.00,County of Oxford,Medical Officer of Health,1996,bcf7e7b9a0277ce27dd3c9895dec5eda805409118238ca9d21431bce7a23e623
OTHER PUBLIC SECTOR EMPLOYERS,"$131,094.15","$7,419.39",County Roads Community Health Centre,Physician,1996,d08d2124330ec0720cafe14e81ef81e722d8e8003407ff2f54239f4be179d3a8
SCHOOL BOARDS,"$104,114.00",$310.00,Dryden District R.C.S.S. Board,Director of Education,1996,8dd964a2e0203dbf4e2fe85997c97d39f029c3a1315dd462945f592987fadce1
SCHOOL BOARDS,"$105,237.00",$733.00,Dufferin County Board of Education,Director of Education,1996,f169d4df8dbeb51d50441ddef7799b0acf11dfd6284377d2b6a8ed356fc189be
SCHOOL BOARDS,"$125,000.00",$485.00,Dufferin-Peel R.C.S.S.B.,Director of Education,1996,9ac206cb35f4d1235649ef645af8f882e38d9222f28d099aef51f9946850c0d7
SCHOOL BOARDS,"$106,476.00","$4,654.00",Dufferin-Peel R.C.S.S.B.,Superintendent,1996,2adfc3ac5bbecbb72e547b98a635ab672c4dca5a829141c1e36819c6432dd583
SCHOOL BOARDS,"$106,476.00","$4,654.00",Dufferin-Peel R.C.S.S.B.,Superintendent,1996,af5015e37cb808da12e6055cfc8fc700f79118749bf1f9394e9a8b9e5fb0037e
SCHOOL BOARDS,"$106,476.00","$4,654.00",Dufferin-Peel R.C.S.S.B.,Superintendent,1996,7b74fbc85b1967d49a654b3fe072c9fbaaebef96a672ebaee41d95d639abed7e
SCHOOL BOARDS,"$119,275.00",$466.00,Dufferin-Peel R.C.S.S.B.,Associate Director,1996,2380fc004ffc11713ab986eebb326bc847c215f1a4da4d1ee74a47afd15864de
SCHOOL BOARDS,"$100,340.00","$4,634.00",Dufferin-Peel R.C.S.S.B.,Superintendent,1996,1edc201642e8a83d909371870a0c5728e1565e408730dad997801575511889b3
SCHOOL BOARDS,"$100,340.00","$4,634.00",Dufferin-Peel R.C.S.S.B.,Superintendent,1996,5801e3370b65e53c9f0ebab3ed50beec620165053fe469da155e571239520593
SCHOOL BOARDS,"$119,275.00","$1,138.00",Dufferin-Peel R.C.S.S.B.,Superintendent,1996,43137aab5c11cfa2c6eeebb2338db74381f2bd528b817e0837493afec76008f3
SCHOOL BOARDS,"$100,340.00","$4,654.00",Dufferin-Peel R.C.S.S.B.,Superintendent,1996,411d9d6fd9d2a89a1cb09e45220a48970552db5830b9344d68bc996c3dbbd8a9
SCHOOL BOARDS,"$106,476.00","$4,654.00",Dufferin-Peel R.C.S.S.B.,Superintendent,1996,07c82bcd86172bb34d401e9d918ecfb68313e2a6a6326117ba7fef168c4e90bb
SCHOOL BOARDS,"$100,340.00","$4,634.00",Dufferin-Peel R.C.S.S.B.,Superintendent,1996,e8709380be4ae66d1565456b65cb116011178b2815f53e7566b6bbc6cd214fab
SCHOOL BOARDS,"$106,476.00","$4,654.00",Dufferin-Peel R.C.S.S.B.,Superintendent,1996,65d953a81dc836f9e3abb6b21ea184449abfac265bdb290b46893e25d27a6a6b
SCHOOL BOARDS,"$106,476.00","$4,654.00",Dufferin-Peel R.C.S.S.B.,Superintendent,1996,9b30f209ad643b2b7d4e8cac7c5589bd4b43f293d3085fa30ec7bf429f2c49fc
SCHOOL BOARDS,"$106,476.00","$4,654.00",Dufferin-Peel R.C.S.S.B.,Superintendent,1996,c405b3097dcbecd218e9840b9a9edd86fc546c351048bec4134f037cb226d39e
SCHOOL BOARDS,"$106,476.00","$4,654.00",Dufferin-Peel R.C.S.S.B.,Superintendent,1996,10f7893f019263dbda6110ea9e084f43be8ed426c7b357757241b8910dd31a93
SCHOOL BOARDS,"$106,476.00","$4,654.00",Dufferin-Peel R.C.S.S.B.,Superintendent,1996,2f43ae7d7644ec4ad19f7496a735c2856b78b5732fbf2253865da8257e74a61f
SCHOOL BOARDS,"$116,075.00","$1,775.00",Dufferin-Peel R.C.S.S.B.,Associate Director,1996,510fbfb156e2f09049962bb57bd054007e76eb627549908ef1dbfd4a409a15a5
SCHOOL BOARDS,"$106,476.00","$4,654.00",Dufferin-Peel R.C.S.S.B.,Superintendent,1996,e51cbd091a761f73fde264bb4d4ce046eeb5d384f45d11bfafefff783fdc424f
SCHOOL BOARDS,"$104,856.49",$437.52,Durham Board of Education,Supt. of Education-Schools,1996,0bbd76891726f69ab5ca41c378c43269bdbf89b51633b573643cf10a9f9cc1d2
SCHOOL BOARDS,"$104,856.49",$437.52,Durham Board of Education,Supt. of Education- Plant,1996,409b1673f9f6a3c020e39b7960adb1bef5769df88eb7b4bc61a0df3ceb3d4faf
SCHOOL BOARDS,"$123,722.00",$484.00,Durham Board of Education,Director-Board,1996,47374a5d3e7128369ca6766e1ebe2e24e58e96dc4d11e90d0035061cb1cbebee
SCHOOL BOARDS,"$104,856.49",$437.52,Durham Board of Education,Supt. of Education-Schools,1996,e6bcc2cfc72148aa0859209143445f8c6d26f720c5ee87edcdd2a3cfe9a777c5
SCHOOL BOARDS,"$102,494.54",$461.34,Durham Board of Education,Supt. of Education-Technological,1996,ffcf466541979ff2a6c9798e598820b39c9b1bcfcc0a60ec3b7b89b31c9bdd7d
SCHOOL BOARDS,"$104,856.49",$437.52,Durham Board of Education,Supt. of Education-Schools,1996,d4137bf459723ad18e5d26939861664dad4bc0fbb25d915a685b3583391929ab
SCHOOL BOARDS,"$104,856.49",$396.50,Durham Board of Education,Supt. of Education-Operations,1996,1abed07a9b7eb38ee655d19b288ab6fa4065f7bd0b848714eeb44ce9a2d1dbd7
COLLEGES,"$114,445.00","$21,986.00",Durham College of Applied Arts & Technology,President,1996,5dfee6e87b245734bed435c0f1f490cffb8c11dbf65aa5f89607c66fb080a67d
SCHOOL BOARDS,"$120,009.00","$5,012.00",Durham Region RCSSB,Director,1996,7cea465512a816f909e882f178ba0e75c89190d2ffe5d403e649bd43ace0d2f6
SCHOOL BOARDS,"$106,415.00","$4,932.00",Durham Region RCSSB,Superintendent,1996,8190104e95848a3bfa297b5cded71a42dee8ce1647df15e05f35914ecb370c86
SCHOOL BOARDS,"$106,415.00","$4,932.00",Durham Region RCSSB,Superintendent,1996,5fa08878a1513142ebaa27f8d6c72cdc42d6f28f45f00af2964221bfd9e5e71a
SCHOOL BOARDS,"$106,415.00","$4,932.00",Durham Region RCSSB,Superintendent,1996,fca5ce63ae1ca93bf2162489c8177495ad3f1aaf7eb78a6371d4e30e4c76f99b
SCHOOL BOARDS,"$103,612.00","$4,917.00",Durham Region RCSSB,Superintendent,1996,d2fdda5bf0c3dcafa486a471c17920b720db8f039a786813600ff8022d5a7634
SCHOOL BOARDS,"$110,507.87","$4,956.00",Durham Region RCSSB,Superintendent,1996,eebd1f5799e8a26a9bc2b5cb01e562bf82db34c353775b974fa76bbdae0002a6
SCHOOL BOARDS,"$106,415.00","$4,932.00",Durham Region RCSSB,Superintendent,1996,a02b37763cb5793da444b96520d1912bf159bcd35cf516becf6d968acec32110
SCHOOL BOARDS,"$106,415.00","$4,932.00",Durham Region RCSSB,Superintendent,1996,bc3e1f951a41db4da701ddb1d70eda89b9c0675431364a721ee938b2f779b88c
SCHOOL BOARDS,"$106,415.00","$4,932.00",Durham Region RCSSB,Superintendent,1996,375aaab955482d5e615833c5139eb29915042fe2aafcd7054975524851bbdc1b
SCHOOL BOARDS,"$104,417.00","$2,015.00",East York Board of Education,Controller,1996,932c0fe71fd26081c55bc9f5683be8d23a0fc3aa4820a59b9017536df04cc036
SCHOOL BOARDS,"$119,591.00","$2,927.00",East York Board of Education,Superintendent,1996,159ce3ca1bf6a5630fe6ea5b0690fc79e5e922b9219a801ab45be21f3e57c425
SCHOOL BOARDS,"$107,210.00","$2,873.00",East York Board of Education,Superintendent,1996,db814c86fa5e341ac9de21e89d6e721fc86270434d68e4620ea238bf0451811e
SCHOOL BOARDS,"$122,621.00","$11,147.00",East York Board of Education,Director,1996,a508c4dc6254b92f6059a78966472c21ab0bb0134a00a9a341adeb1a49e717d5
SCHOOL BOARDS,"$119,591.00","$2,927.00",East York Board of Education,Superintendent,1996,1e5e842633b79eddf774773f0d2207833acf340d432a5a188e8bbda31db63dca
SCHOOL BOARDS,"$119,591.00","$2,927.00",East York Board of Education,Superintendent,1996,ae111a7e5c1d777b1334fc082957e43a86052aba1525774e0bc688b697cced94
SCHOOL BOARDS,"$121,732.00","$6,142.00",East York Board of Education,Director,1996,d4bd34912ecb0c05499dfb8d13066b3bd8dc44d889e9bcb4f722f03b8d39bff8
OTHER PUBLIC SECTOR EMPLOYERS,"$121,771.00",$454.00,Eastern Ontario Health Unit,CEO/MOH,1996,92b7896b54a7a229a0e277996649810b3af9020731b34a1dcce043bf73e07cbb
ONTARIO PUBLIC SERVICE,"$114,658.74",$0.00,"Economic Dev., Trade and Tourism",Deputy Minister,1996,4c54417e48c602756216d7d4ba1bee61089acb28eacdc8b8a4f222a0b089da53
ONTARIO PUBLIC SERVICE,"$106,691.86",$307.80,"Economic Dev., Trade and Tourism","President & CEO, Ontario Int Trade Corp.",1996,fc25e4d0a025ca382b53f15f365ac7ae021aef0db9b0e600a9e00c546c3d0e41
ONTARIO PUBLIC SERVICE,"$101,320.67",$292.20,"Economic Dev., Trade and Tourism","Vice President-Trade Dev., Ont. Int. Trade Corp.",1996,bf34be9c92286fbcb45276a2c16b6f9bcb015fc96da1337bfa06d23d0b8887e4
ONTARIO PUBLIC SERVICE,"$145,166.27",$366.72,"Economic Dev., Trade and Tourism",ADM-Tourism,1996,e919df6f6bf56933a88fbfa1d394071e0d3b1f850a4ec9b97f5c0fdafa238785
ONTARIO PUBLIC SERVICE,"$119,623.19",$345.12,"Economic Dev., Trade and Tourism","ADM-Strategic Anal., Sectors & Technology Div.",1996,341b9ef2f1562c65fff1f9ea7b3d2a8397a79212066c6655f03eeb51f1a1ea78
ONTARIO PUBLIC SERVICE,"$101,425.11",$292.33,"Economic Dev., Trade and Tourism",ADM-Corporate Services & Agency Relations Div.,1996,053f6adb78d4e674163ac4c5e2373724f860a6ffdd72e2d3776c2d7f89d56bcf
ONTARIO PUBLIC SERVICE,"$101,238.42",$285.48,Education and Training,Adm-Training,1996,7f92767eb9eb47592f307772bc3e9fb0d7a39d0f762dbbb33db1e49bc78e2b95
ONTARIO PUBLIC SERVICE,"$108,117.08",$311.76,Education and Training,Adm-Elem/Secondary Oper.,1996,845aea1436541aa893d043b96426a8ef0c8a2d9fa084399436abc89ca80427c7
ONTARIO PUBLIC SERVICE,"$146,817.97",$508.34,Education and Training,Deputy Minister,1996,95049834ca234f58f28b7c1725b295ab27b967b6c685fe53d74556c75edcb36e
ONTARIO PUBLIC SERVICE,"$102,383.01",$292.80,Education and Training,Adm-Elem/Sec Pol Div.,1996,d28582945538b7e85a0ad0a45ae35c4bc80ef3e2d91070c5335149e438d84204
ONTARIO PUBLIC SERVICE,"$132,805.07",$383.04,Education and Training,Adm-Corp Mgmt & Servs.,1996,4b16e75f2b13264813b508ba674161febaa85fa4ac210bba5eb4d57e98c5214a
ONTARIO PUBLIC SERVICE,"$103,955.50",$299.88,Education and Training,Exec. Coord.,1996,e5ff01c3d06216941ebc230cadda8506b45aa8c823b0f46c3f5d7285493911dd
ONTARIO PUBLIC SERVICE,"$100,285.17",$289.32,Education and Training,Adm-Post Sec. Educ,1996,43a4f0306de793db7bc6be983e4d2c1d985c5fd1c055dd7595651e0fcf5d9142
SCHOOL BOARDS,"$104,913.00",$436.80,Elgin Board of Education,Director of Education & Secretary of the Board,1996,ddce60fdc4adaa74aa1b80794ca2f94a01ffbdadfdf8d8c7181ce08361b86816
SCHOOL BOARDS,"$110,554.00",$647.00,Elgin County Roman Catholic Separate School Board,Director of Education,1996,a56e029efc105e58bd3d4e865ae98ef57502ec698a93bc66463263b836171c4e
ONTARIO PUBLIC SERVICE,"$107,756.42",$310.80,Environment and Energy,"Assistant Deputy Minister, Corporate Management Division",1996,86616ef26d3e5b53d0019be08ed5f61982d0f6d4b41afe2eceaa9cd585114478
ONTARIO PUBLIC SERVICE,"$102,409.82",$247.95,Environment and Energy,"Assistant Director, Approvals Branch",1996,11eb674ebe82196e05e4354b658826bf4a005a3870c2a103342244d310183b11
ONTARIO PUBLIC SERVICE,"$115,028.85",$331.80,Environment and Energy,"Assistant Deputy Minister, Policy Division",1996,f1bbb8600d6bca282196b789f4dc3a7eaa3150c932c62b57c93fc6f047806d73
ONTARIO PUBLIC SERVICE,"$114,453.81",$262.44,Environment and Energy,"Vice-Chair, Ontario Energy Board",1996,632e24d310bfda575582570dc302899ec236b52e3f0a4d2568227a83b2f18447
ONTARIO PUBLIC SERVICE,"$128,299.03","$5,476.35",Environment and Energy,Deputy Minister,1996,3d76dc2b8e22a17671e971be3c4486968fceec25df711fe8c435f3dc6a2e6927
ONTARIO PUBLIC SERVICE,"$111,625.84",$183.71,Environment and Energy,Senior Review Engineer,1996,ba4b58bac9cad10c3e283c876db20137867ebcc3047c1e584afa5eb9595d33b8
ONTARIO PUBLIC SERVICE,"$104,981.93",$302.88,Environment and Energy,"Assistant Deputy Minister, Operations Division",1996,f8d455350dd79fe7c7de7c768dbc0f851820ae60f1fc7ce72549e8aed5fdceda
ONTARIO PUBLIC SERVICE,"$101,221.74",$291.96,Environment and Energy,ADM- Conservation and Prevention Division,1996,ffb4739600718cc5984d7513b19aeef9e5715f90fff72b3feace4589dbbd0388
OTHER PUBLIC SECTOR EMPLOYERS,"$103,975.00",$385.00,Erinoak Serving Young People with Physical Disabilities,Medical Director,1996,79a8397042f4c667c9b3335467bb9e8d324c889b97a2541264183ef97b4adea0
SCHOOL BOARDS,"$102,658.00",$671.00,Essex County Board of Education,Senior Superintendent/Program,1996,71a78831a3645ac9e34a20c7c48183522a73c87163f5fda3729a30553b29b6a5
SCHOOL BOARDS,"$109,243.00",$724.00,Essex County Board of Education,Dir. of Education and Secretary,1996,f8492fbc4f2160dcab4602c0d782174db13b5bb27b8683f50165aa9a8828a34e
OTHER PUBLIC SECTOR EMPLOYERS,"$152,000.00",$981.07,Essex County District Health Unit,C.E.O.,1996,9ad3b3453582b7a15c84a554d755cb5b232f395207132484c38f303025f3619e
SCHOOL BOARDS,"$102,995.61",$575.71,Essex County R.C.S.S.B.,Sr. Supt. of Business Adm.,1996,ccb3d32dde7810f1157ce75ce88fa20d224c44b16a6f9aea82e943b86652ee24
SCHOOL BOARDS,"$125,250.14",$500.60,Essex County R.C.S.S.B.,Director of Education,1996,e3ed484c9910023bb60f5857fe153ed6a4d10892668b1cd41a8d99adb13206d0
SCHOOL BOARDS,"$114,930.00","$3,125.00",Etobicoke Board of Education,Superintendent,1996,c1e118965613e825d386805557fdee94890af6a66278a3324a0ebd9f9cf2703e
SCHOOL BOARDS,"$104,132.00","$2,855.00",Etobicoke Board of Education,Controller,1996,18d5b78c17ff199c6e9a04328b0e3812324276b7945d9d51eb0756c6b8ce1c4b
SCHOOL BOARDS,"$119,925.00","$2,848.00",Etobicoke Board of Education,Superintendent,1996,138d27d7a57f0b9d7708fd8b539ccc6c8ccf072458220c9a05fe6c10584b265d
SCHOOL BOARDS,"$107,394.00","$3,125.00",Etobicoke Board of Education,Superintendent,1996,b69c15730ca2cfe074a64054f5d3c439739e045fc652efc7b48296a1301265f3
SCHOOL BOARDS,"$119,925.00","$2,915.00",Etobicoke Board of Education,Superintendent,1996,8b1522c7266222702eafca6746c5ca57cc4990a820f4512ae19201394d4cf4a8
SCHOOL BOARDS,"$133,245.00","$2,891.00",Etobicoke Board of Education,Superintendent (retired),1996,01a5003ebd4afc7b48780a6b48b8a960a59bd76c0bd83adb1b8d01b434cc44af
SCHOOL BOARDS,"$112,060.00","$3,075.00",Etobicoke Board of Education,Superintendent,1996,df64d55ae96b32409e07de28c326f171563e12f5b11c0081221f70cdc0708b0f
SCHOOL BOARDS,"$102,719.00","$3,118.00",Etobicoke Board of Education,Superintendent,1996,e7e29b37458f11ff1ced945987345c23cc6c6739b41c076046a4c0dfcf7ec1b1
SCHOOL BOARDS,"$112,060.00","$3,125.00",Etobicoke Board of Education,Superintendent,1996,40bdd3cca66016f873d2574848663ef76e4ffe3731bde0e2edc2bdf6bb0bd107
SCHOOL BOARDS,"$141,267.00","$11,390.00",Etobicoke Board of Education,Dir. of Educ. & Secretary-Treasurer,1996,16a1d560484740b19d45b15f97bc2c2a7c9f4dbeda6462bf957df8ba5d1a03b5
SCHOOL BOARDS,"$112,060.00","$3,125.00",Etobicoke Board of Education,Superintendent,1996,dde6fbb2dcac8efa759d46d829a74b2fd10df28b929b545938ba87918b2ca38f
SCHOOL BOARDS,"$128,346.00","$3,845.00",Etobicoke Board of Education,Associate Director,1996,ae3474e42c0832d81ed733bb279d1b259afa1d4b6c02bbfccf111888c34a19be
SCHOOL BOARDS,"$112,060.00","$3,125.00",Etobicoke Board of Education,Superintendent,1996,01a1bfa5408723800fdc6cd59a60d1d0434f05138edbe1784b3e5e5066aa47cd
HOSPITALS,"$105,870.00","$5,307.00",Etobicoke General Hospital,President & CEO,1996,f8739be7979f06e1bd9dae162f4e739396a9547ac9641333886601415b8e3b4a
OTHER PUBLIC SECTOR EMPLOYERS,"$116,371.00","$1,914.00",Exhibiton Place,Chief General Manager,1996,43ec10c26e87f87f55e1abdc3d9b119bec7013ac0092d4db9aafe873b50ad4c4
OTHER PUBLIC SECTOR EMPLOYERS,"$104,796.00","$1,723.00",Exhibiton Place,General Manager CNE & Program Development,1996,175809735858607ea90df6466286366986cdb9cd0d9ac87cc7d1616d4c4b46f4
OTHER PUBLIC SECTOR EMPLOYERS,"$104,796.00","$2,893.00",Exhibiton Place,General Manager Poerations,1996,df7cf207ecc00c5de22ed4efa980d16eb9ebe65ed55ba8a062fcfb585ba849f9
OTHER PUBLIC SECTOR EMPLOYERS,"$102,128.00","$6,632.00",Family Service Assn. of Metropolitan Toronto,Executive Director,1996,fa4e8ed98af0a28573f822d56c7b827109b9a5aa140a12c9e6907991c9055aa7
COLLEGES,"$109,234.37",$824.97,Fanshaw College,President,1996,3c6e19a19eb56c2a4cc26d757a65b219ddb00d3e7ec9820acb626f74dc350024
ONTARIO PUBLIC SERVICE,"$103,652.00",$299.00,Finance,Dir-Rates & Classifications Brach,1996,dfaadf9e95059fae9c2f3941b59438f4d490947fa864ba77679a4259204f0918
ONTARIO PUBLIC SERVICE,"$111,796.00",$322.00,Finance,Adm & Supt Deposit Institutions Div.,1996,e9fe9f0cbb26023ed73a3af26d78123750e6129b5f75248cab72ff97dc83701d
ONTARIO PUBLIC SERVICE,"$112,414.00",$324.00,Finance,Adm-Off of the Budget & Taxation Div.,1996,1fc75b62ff0a3438962c416327d132ff7cb9d86726ae04440fb2214c88d25db1
ONTARIO PUBLIC SERVICE,"$103,793.00",$299.00,Finance,"Executive Director, O.S.C.",1996,abaccf555edb703d7f978862142714c7676cd3ae683525fff78a75fcf77fb724
ONTARIO PUBLIC SERVICE,"$117,323.00",$276.00,Finance,Dir-Human Resources Branch,1996,3b48b8a5c5428a67ddf509cf99daae32a159b3556eac16cb7c30721d24c999d1
ONTARIO PUBLIC SERVICE,"$131,822.00",$0.00,Finance,Chair Ont Secturities Commission,1996,d002e44977e34682586f14343330b62aef53944f858a2c4a39309c64202c4e74
ONTARIO PUBLIC SERVICE,"$138,172.63","$1,320.61",Finance,Deputy Minister,1996,6cb292c2644bdf4408f65319ae73036d9745860d473305092fdc63d9b3e33ab1
ONTARIO PUBLIC SERVICE,"$189,485.32",$536.78,Finance,Deputy Minister,1996,0fd3a3bdfa108db9284061db009e26a3fb4003d69c660788d3ca7d48b6f471f9
ONTARIO PUBLIC SERVICE,"$101,603.00","$1,189.00",Finance,Legal Councel,1996,e3c02b8d9bdf93290febb37f04f950476ade7041df27fe193b49426ab134d47b
ONTARIO PUBLIC SERVICE,"$113,436.00",$327.00,Finance,Adm-Tax Division,1996,99b02978ec72d5513fc5dbc1d3959276d71e580cae0afbfb8bbffe491e119296
ONTARIO PUBLIC SERVICE,"$108,938.00",$314.00,Finance,Adm-Corporate Services Div.,1996,1f86f0995a450d4f3751c0f34791b6cda7877ceca253fc64064628a05bccdf83
ONTARIO PUBLIC SERVICE,"$123,618.99","$8,070.59",Finance,Deputy Minister,1996,8178598c5e4cc65a13fae1547923b02c49848b55e8bf11e3634a218a8a85c5ef
ONTARIO PUBLIC SERVICE,"$108,525.00",$313.00,Finance,Adm-Property Assessment Div.,1996,cc6d49578a420a4d274e0bd4b8026f1bda976a32c6aa5d7630cf2601431b8e73
ONTARIO PUBLIC SERVICE,"$114,997.00",$332.00,Finance,Superintendent-P.C.O.,1996,51b7d5fc19118e539d26d44e40f688ce8f3e02e3f58b12dfc9b6fb13308a0676
ONTARIO PUBLIC SERVICE,"$119,250.00",$344.00,Finance,Dir-Disputes Resolution Branch,1996,fc7be44187c7a8eaa871612fab70fcce43774cc25ef615f313e58d95c328b523
ONTARIO PUBLIC SERVICE,"$123,235.40","$6,480.38",Finance,Comm.-Insur. Comm.,1996,f89b098193d2a86277c66cfdb2af940e4fdc9a9d7411c3dc509c3915ebd2733a
ONTARIO PUBLIC SERVICE,"$169,232.00",$0.00,Finance,Chair Ont Securities Commission,1996,09ca87f8eb5be4ed012a4cd52867b914f958edb10eb28c275a48244212a80952
ONTARIO PUBLIC SERVICE,"$103,484.00",$286.00,Finance,Mgr-Filings Team Market Oper. Br.,1996,76d6a95eb757f76f67728f5c63c5f852f7fc88a91f74db6bf706028180349e1d
SCHOOL BOARDS,"$103,860.00",$218.00,Fort Frances-Rainy River Board of Education,"Director of Education, Secretary",1996,4ee367c76dc9d3d86855af239608c7cf54ff8cbd4ec036d5231c96725ecae8dc
SCHOOL BOARDS,"$105,799.00",$514.00,Frontenac County Board of Education,Superintendent of Education,1996,762add1265ab42ab5c0e4536c0d53e986a20d92d1839de5201978d8ab3fd9bb4
SCHOOL BOARDS,"$114,383.00",$514.00,Frontenac County Board of Education,Director of Education & Secretary,1996,a53f02d0cca71c00a9f121877c7618535ddb27f9151a5511bb82508e53f3cbf3
SCHOOL BOARDS,"$105,799.00",$514.00,Frontenac County Board of Education,Superintendent of Education,1996,f046bfcfa82a8d451f896f2f9b5fd9dc68daea09ce3f5db5a7caf406dcf53b92
SCHOOL BOARDS,"$111,275.00",$0.00,Frontenac-Lennox & Addington County RCSS,Director of Education,1996,798027d6ed3f88e51a03e0cc0d7f85095755426d2f9b2eedcd31cf607f8a0786
COLLEGES,"$101,699.92",$712.32,George Brown College of Applied Arts and Technology,V.P. Academic & Student Affairs,1996,8e77ced34c36fef7edd122c647b968d0b7c0ef5a5bd8d0280d02344732461699
COLLEGES,"$138,776.15","$3,897.76",George Brown College of Applied Arts and Technology,President,1996,73d5f3e00aa0d691a4555c3802c4cd89455e3c0bdac3dc2419cd6117c15ac3ad
COLLEGES,"$101,530.92",$697.44,George Brown College of Applied Arts and Technology,V.P. Corporate Serv. & External Relat.,1996,b69645d4a1ab7c526e79e9038d25c251869a3d51d6604395fb52b45140ef12de
COLLEGES,"$128,014.83","$13,564.39",Georgian College of Applied Arts & Technology,President,1996,3ca499339310de3cbd12570a527fc8081ae22f423cdde0233816ea8cf9c26f0e
COLLEGES,"$101,129.49",$401.61,Georgian College of Applied Arts & Technology,"V.P., Academic",1996,10c591fe34208fb9891fb53b55747b3fa8ac2df2198ed275582f8bd610bc97cf
MUNICIPALITIES,"$102,711.35","$6,312.26",Gloucester,"Deputy City Manager, Community Dev.",1996,b60eb9ae8d7c45e8b8859339d07ed65c16e880009abcb6f854dcf85128938221
MUNICIPALITIES,"$114,498.86","$1,312.20",Gloucester,City Manager,1996,48f711168561264146b327e32c340e642783c31b02df66f2191b63e9343ba4f1
HOSPITALS,"$138,177.00",$706.00,Grand River Hospital,Pathologist,1996,780e43314d2df1154e6c9e214fb1fe86143d9900a1976e38cd2292575eced3cf
HOSPITALS,"$134,763.00","$8,427.00",Grand River Hospital,Chief Executive Officer,1996,4b6fe996109821a712a65c842fb913e303014cd2f95e24bfd8c896ebed4b9841
HOSPITALS,"$166,679.00",$855.00,Grand River Hospital,"Medical Director, Laboratories",1996,05840c320214a6701ee1d73915e2456f6a9a3b0ec73b2f577f9833c8625c744e
HOSPITALS,"$181,707.00",$715.00,Grand River Hospital,"Chief, Department of Freeport",1996,9a9ab42b6908bc6acca0675dcd2ef7e5a6ceb89a0ae1e3fae825357a8f06cb91
HOSPITALS,"$110,673.00",$486.00,Grand River Hospital,Chief of Nursing/Professional Practice,1996,e205f1b503a1c9d5dfcb6e232c62e7761d07ca4a181ea66e58e6904e04393205
HOSPITALS,"$138,019.00",$706.00,Grand River Hospital,Pathologist,1996,bcb2b73db3bfd9ba80ab47ceb3ea1035cbd934d04495aea3d2b8fb6163aab3d9
HOSPITALS,"$153,000.00",$783.00,Grand River Hospital,Chief of Medical Staff,1996,bebe06d382ba844b4d4f955e0dc18d8d3f1ea51e404d7284273c23c040c3bcf4
HOSPITALS,"$116,615.00",$512.00,Grand River Hospital,Chief Financial Officer,1996,4b739fe00d8a501070e65ea1e3a7f676dd2c892d2904c729a7ec2ea3bdc053bf
HOSPITALS,"$105,785.00",$471.00,Grand River Hospital,Chief Information Officer,1996,1df70d62e8d728683d473c6d3367707794dcae6aaba3664fc3f716b05cc0daa8
HOSPITALS,"$111,787.00",$478.00,Grand River Hospital,Microbiologist,1996,2d8b6d8b0518f99a54d88951f7e1bce111cb15ff62399e054ad8cdff24bea049
HOSPITALS,"$119,035.00",$589.00,Grand River Hospital,Chief of Human/Organizational Development,1996,1f93aa9818489396399f66eb19779b99c98f994558011760dae8c238f132d2a5
OTHER PUBLIC SECTOR EMPLOYERS,"$131,365.00",$148.00,Grandview Children's Centre,Medical Director,1996,7641ab96ae4607ebaed98c44ad3e539123f06a2552baf1d2392dc58805b65171
HOSPITALS,"$116,485.00",$666.00,Greater Niagara General Hospital,President and CEO,1996,960ac6af9de06b44be225e658914d9199eafe10ef84da22858bfa02ff9aabdc9
HOSPITALS,"$148,416.00",$851.00,Greater Niagara General Hospital,Associate Pathologist,1996,218c331fbae7e89ee5332c7047d02c62cb2e3f1b6182ca4c8aa09aec4aa7fa04
HOSPITALS,"$185,505.00","$1,063.00",Greater Niagara General Hospital,Pathologist,1996,359a9ed03d7ac0a0439e9cd982c5ca3521c733b5f420f58254a6edd09d638814
SCHOOL BOARDS,"$107,648.00",$704.00,Grey County Board of Education,Director of Education,1996,d32e47b731f3332a466e4a0163c93592dc1fea02c5b6cb5a953a7bf0584ef894
OTHER PUBLIC SECTOR EMPLOYERS,"$125,425.00","$7,273.00",Guelph Community Health Centre,Family Physician,1996,c76dc023a6a676397f2d5a9722fd91077eab05f24a9a4c2163e3d3c95ac6be17
OTHER PUBLIC SECTOR EMPLOYERS,"$125,425.00","$7,654.00",Guelph Community Health Centre,Family Physician,1996,459e7fce06339c589210e710e62f77c62dd638256433f2040b8fc8bcabe8b1c2
OTHER PUBLIC SECTOR EMPLOYERS,"$125,425.00","$7,540.00",Guelph Community Health Centre,Family Physician,1996,cca1f440eaa6aca48277dc18803f1c71ee68901180bb1b5f817a3f115a000118
HOSPITALS,"$113,339.00","$1,690.00",Guelph General Hospital,Chief Executive Officer,1996,bee080aadeabf515536b68eda3b0a2c62689243ee3b083ef12a30d0be349c4ef
SCHOOL BOARDS,"$107,575.00",$487.00,Haldimand Board of Education,Director of Education,1996,a3fda81800fce923656b2fb37b26709d87697923cfbf86c03c51b73331ea86c6
SCHOOL BOARDS,"$107,149.00",$540.00,Haliburton County Board of Education,Director of Education,1996,1085798c1019b9fc7686306c56378138b3cc114344eb8475c2efdbfd957260eb
OTHER PUBLIC SECTOR EMPLOYERS,"$151,134.00",$170.56,"Haliburton, Kawartha, Pine Ridge District Health Unit",Medical Officer of Health & Executive Officer,1996,d360c9db5153f6b50ad772f675081804bf993e88e463710483cbcbc3d76e76c9
OTHER PUBLIC SECTOR EMPLOYERS,"$103,473.00",$170.56,"Haliburton, Kawartha, Pine Ridge District Health Unit","Dir., Dental Programs",1996,c7f19aa1c52e431c309a88b48fac3af9c77b18a5b7ad1cba99ab3dcaaa5bf74b
SCHOOL BOARDS,"$103,745.00","$3,116.00",Halton Board of Education,Superintendent,1996,5617dc014fac8c5a8390448069204b035146ec1cd7e27e74d2011f08ec9e8b42
SCHOOL BOARDS,"$103,745.00","$3,116.00",Halton Board of Education,Superintendent,1996,169fe07679e5be7c70608dda28a225b36b130354d0a2ded748461700cafa9908
SCHOOL BOARDS,"$101,151.00","$1,516.00",Halton Board of Education,Superintendent,1996,a02c869ddb7253a8444b1ae3293cf05db9872a5426433d31d1cd740ce4b630f8
SCHOOL BOARDS,"$121,036.00","$6,116.00",Halton Board of Education,Director,1996,92814cf7393cf68d3dd00cdcd45525a4a3d647f8cf95c5106ced32638345ed6b
SCHOOL BOARDS,"$103,745.00",$716.00,Halton Board of Education,Superintendent,1996,b92266dc4821a870f4c139f36a7304937e63a905b62d0433f98ac38c4437d290
SCHOOL BOARDS,"$114,117.00","$3,200.00",Halton RCSB,Dir. of Education,1996,6e87102b186d70e871c1340628423d5f5b50453a891ef222131bcc1af6321bf4
SCHOOL BOARDS,"$114,999.96","$1,984.96",Hamilton Board of Education,Dir. & Secretary of the Board,1996,e9cb9256520019bed4e9d2569f8cc98b1cbd0b2496a8d246143468b00ac49d8d
HOSPITALS,"$126,137.00","$9,255.00",Hamilton Health Sciences Corporation,Vice-President,1996,9b52b02eb361507874773c3845e8830dec61c35a2ff32785e4e9642aa4288cb2
HOSPITALS,"$146,827.00","$8,077.00",Hamilton Health Sciences Corporation,Vice-President,1996,153bb961232527e4e5a933bcbec28b6646f90c7c4304950fe5f98020c2cc3b7f
HOSPITALS,"$159,522.00",$931.00,Hamilton Health Sciences Corporation,Physician/Laboratory,1996,a22df031f745d6ad7b3f2473c2717d4f8d09205ec908a2c942630859e1f29e01
HOSPITALS,"$185,615.00","$1,010.00",Hamilton Health Sciences Corporation,Radiologist,1996,eb80f5fdb8e5c01029e79d21f3e97724aaa405945c49820a856f13be9c24f2b0
HOSPITALS,"$127,759.00","$10,861.00",Hamilton Health Sciences Corporation,"Dir., Human Resources",1996,521c95f351f5124191042a98cb1a94db9da08996fb6c9ed020b0807bc5beba3a
HOSPITALS,"$108,348.00",$461.00,Hamilton Health Sciences Corporation,Physician/Laboratory,1996,b83ec389d01bd42a38ea3f12aa7719e3b6c0bedff04d261fd9fca1184d314eef
HOSPITALS,"$132,098.00",$294.00,Hamilton Health Sciences Corporation,Physician/Laboratory,1996,b386815023b755e5ffbac4b564428cb9db5915a97f998555a53622806ec0e913
HOSPITALS,"$220,314.00","$1,010.00",Hamilton Health Sciences Corporation,Physician/Nuclear Medicine,1996,ff405fe14f197a084752f812ac6d707e9165cb688ed841db7ee41ebadc9bdc12
HOSPITALS,"$195,269.00","$1,010.00",Hamilton Health Sciences Corporation,Radiologist,1996,4591536fd182777a1c89574a46f61f31077c09d2f6b399da1e57fc1d6748ab85
HOSPITALS,"$154,443.00",$915.00,Hamilton Health Sciences Corporation,Physician/Laboratory,1996,46619e72427850e6c6c9ad23295bc0f7b571b20271a55a4223a10e83abb03284
HOSPITALS,"$151,728.00",$338.00,Hamilton Health Sciences Corporation,Physician/Laboratory,1996,b8209ef154b1233a116a3de4a838c5d473b0123119083d7180551c146a2858ea
HOSPITALS,"$122,320.00",$272.00,Hamilton Health Sciences Corporation,Physician/Laboratory,1996,af83e791e91b735207babb4d32b30e87177149d4d0dafd771af8139a11cded99
HOSPITALS,"$116,624.00",$691.00,Hamilton Health Sciences Corporation,Chief Administrative Officer,1996,96be10579c46b7617a6a8d19832d3b5bf8dc4cbf912202e1ded91da608145252
HOSPITALS,"$155,312.00",$345.00,Hamilton Health Sciences Corporation,Physician/Laboratory,1996,d6c21b63668baf364e5ba3f0ad3d2f32dca43ef35cc433c889b5c836458527a6
HOSPITALS,"$134,050.00",$298.00,Hamilton Health Sciences Corporation,Physician/Laboratory,1996,b98046d03bf977880d37432016b63ba1c95a6223779bf52a97e1ad1da9f7adc8
HOSPITALS,"$109,365.00","$8,544.00",Hamilton Health Sciences Corporation,Chief Information Officer,1996,056d06227fd07de3bf8fc382e2d6d3282194c5296832201089ad6fe00d237061
HOSPITALS,"$112,404.00","$6,960.00",Hamilton Health Sciences Corporation,Vice-President,1996,cc785509033c05ce2ca255a4697473d23866e6d16862791ec8edc989299dd310
HOSPITALS,"$140,878.00",$808.00,Hamilton Health Sciences Corporation,Chairman/Laboratory Medicine,1996,320f608c947dfbda04fff8f30f0d815b360a9f88631265ee6ee5702aa43a2ac3
HOSPITALS,"$115,000.00",$256.00,Hamilton Health Sciences Corporation,"Director, Clinical Trials",1996,63222039a98a89b86f8788123789e813361eb6217583643fca550f7d41a97b98
HOSPITALS,"$195,385.00",$573.00,Hamilton Health Sciences Corporation,Radiologist,1996,c3de320e673e2c83778ce9a62d6249a6f98e780180e2a17a9aeaf29423c13729
HOSPITALS,"$140,584.00","$9,787.00",Hamilton Health Sciences Corporation,Vice-President,1996,6f237e6a8c4392cad681fa7bc65208b8bea1273f20073a880e14797e3e508d1f
HOSPITALS,"$149,135.00","$7,307.00",Hamilton Health Sciences Corporation,Vice-President,1996,3a1b8e92167c3f46634b68aea901492c7ded9983482e1c11df0512d3546a8d5f
HOSPITALS,"$115,337.00",$684.00,Hamilton Health Sciences Corporation,Physician/Laboratory,1996,24af96ca23c8ea29f1bae6c5aab385c30706d132009c39c3f12d73ac66f87e52
HOSPITALS,"$108,606.00",$663.00,Hamilton Health Sciences Corporation,Physician/Laboratory,1996,621bee5f17aed159cac1f68a33a3523a6ba5ae48638cfd309ef35151ad18374b
HOSPITALS,"$110,746.00",$656.00,Hamilton Health Sciences Corporation,Physician/Laboratory,1996,f1d75c050b433ddb15ce188980189aa2292cc19780fd41f744717b01383c39d4
HOSPITALS,"$123,500.00",$275.00,Hamilton Health Sciences Corporation,"Director, Research Centre",1996,273293aee3c2293615ac19bb70c0c8878e12960c7a316756ac3fadd7365ef3ae
HOSPITALS,"$127,578.00",$284.00,Hamilton Health Sciences Corporation,Physician/Emergency,1996,a9814e96dc2ade1693d55eda2adc93a600896a2a3cab80c8c7c9dac8e7c5757b
HOSPITALS,"$341,897.00","$11,174.00",Hamilton Health Sciences Corporation,President & CEO,1996,3c9fe2a212323b0c2b96367b33496f682c185d6339850c717e16911b4c0b3854
HOSPITALS,"$104,271.00",$232.00,Hamilton Health Sciences Corporation,Physician/Laboratory,1996,eadd0695d14d1b051e2f00b2b14f510de1ebee07f5355dd677930fca3d8d500d
HOSPITALS,"$146,438.00",$326.00,Hamilton Health Sciences Corporation,Physician/Laboratory,1996,d8bb20d030292976d7e434aa38c80e8383d8a0d0e813e7b1688dfb1dcac2ab95
HOSPITALS,"$108,468.00",$347.00,Hamilton Health Sciences Corporation,Radiologist,1996,df0a33e39a73d3ea330ae6a7b92546c14380e1a11e4988065e0c42207711cba8
HOSPITALS,"$143,898.00",$320.00,Hamilton Health Sciences Corporation,Physician/Laboratory,1996,408e9fe08a41c455aa217f7c422a173d67f981adc908e3795a1d21a0b4ec145a
HOSPITALS,"$143,595.00",$319.00,Hamilton Health Sciences Corporation,Physician/Laboratory,1996,daac5b62d287536ac611c8bc5beb1f1fc3ee476626859e8ed3fa0aa09f17d5fd
HOSPITALS,"$122,320.00",$272.00,Hamilton Health Sciences Corporation,Physician/Laboratory,1996,b295ef4401509f808d276f05fa7a857b67be99909fccd859dac4383fcabe11d2
HOSPITALS,"$175,794.00",$391.00,Hamilton Health Sciences Corporation,Physician/Nuclear Medicine,1996,d121483bb7ced54a21be5d2c4198a7af2c78f85bbea370637e0a8add12413157
HOSPITALS,"$119,257.00","$8,229.00",Hamilton Health Sciences Corporation,Vice-President,1996,5de00c3896ba76c81d80484c975ffb22b1ba5da471349347cf31f69328bcdca5
HOSPITALS,"$198,720.00","$7,123.00",Hamilton Health Sciences Corporation,President & CEO,1996,6791455f05f688c82b731357667e06844427d87702dccde1fdf494ebc7301bea
HOSPITALS,"$128,066.00",$285.00,Hamilton Health Sciences Corporation,Physician/Emergency,1996,fd54a6a13f5c58d8421d1da2e7e1ee2139e72f7ed6fc6bee5ea88eb1a95fe9c0
HOSPITALS,"$168,592.00","$1,006.00",Hamilton Health Sciences Corporation,Physician/Laboratory,1996,f7da2dfbbc2479109f85efb9bd849e87b06faa86df0d9cdd99e480cbe0d64e7b
HOSPITALS,"$159,972.00",$355.00,Hamilton Health Sciences Corporation,Physician/Laboratory,1996,9481566498e0f38bf84bda22d17b2ca03338eea0ab898717eaadea323b4149ce
HOSPITALS,"$126,800.00",$282.00,Hamilton Health Sciences Corporation,Physician/Emergency,1996,858659e73c015719e0241556784b4c4e29ea0e34fdaa745e08fb0e4eebf8234f
HOSPITALS,"$185,615.00","$1,010.00",Hamilton Health Sciences Corporation,Radiologist,1996,c83f3bfc1d64473227da4d0fb57bd06e7ce0ca28dfb60c333b28c39c92a5b381
HOSPITALS,"$133,277.00",$812.00,Hamilton Health Sciences Corporation,Physician/Laboratory,1996,c62fab8d70ecfc2dff821faa4b52039c647944816aabc1af2b058d777cd0f69c
HOSPITALS,"$115,512.00","$5,253.00",Hamilton Health Sciences Corporation,Vice-President,1996,f4d300d0b699d6da9d03e655f8ee675a9fed1f5816baa75eda88c9df9788bae7
HOSPITALS,"$147,526.00",$879.00,Hamilton Health Sciences Corporation,Physician/Laboratory,1996,033da431ace4798fa4d3d99405bda358f0a994fc33bad1d452aa884971b28185
HOSPITALS,"$117,656.00",$579.00,Hamilton Health Sciences Corporation,Physician/Laboratory,1996,0445c835f47ecfcf86a49a269b6e2bee68f531fda93568aaf003e799f891c866
HOSPITALS,"$115,337.00",$476.00,Hamilton Health Sciences Corporation,Physician/Laboratory,1996,b98c22a53a4783c43ae451f1cdd63c58037bfb2d4005454c77c09e6fe1fca1ad
HOSPITALS,"$138,071.00",$307.00,Hamilton Health Sciences Corporation,Physician/Laboratory,1996,bf29b8e797854cc276bf812b93d17d2444b7c178e4fad7571b9629849a3456ec
HOSPITALS,"$173,701.00",$0.00,Hamilton Health Sciences Corporation,Radiologist,1996,07c10b14963124c5d3f1a1b483bccef19415e3fdd0903a9f1c4d1afe3d218eca
HOSPITALS,"$328,351.00","$30,158.00",Hamilton Health Sciences Corporation,Executive Vice-President,1996,b273f71dd50bc414c421178e2678c70a3a49ec7755aff7d61abc58549898c817
HOSPITALS,"$177,682.00","$1,035.00",Hamilton Health Sciences Corporation,Physician/Laboratory,1996,123878b4fa48ada0c1aef90b98cdccb508c1519c45fc19ab21fbc170ee220668
HOSPITALS,"$147,073.00",$873.00,Hamilton Health Sciences Corporation,Physician/Laboratory,1996,09edaa837bcfc72102f87d932fd62db60d29144e8808456535f96d6de4b8b0c1
HOSPITALS,"$150,788.00",$335.00,Hamilton Health Sciences Corporation,Physician/Laboratory,1996,def29080c09e345af3aa533b2743ab8f2aa3ee38cae511c8fe0a4bf9539b3970
HOSPITALS,"$137,619.00",$824.00,Hamilton Health Sciences Corporation,Physician/Laboratory,1996,506dc3775ae2514451e8a1d319edb2a7414a70c6fd256dacb7862dc0540c2fea
HOSPITALS,"$140,584.00","$10,700.00",Hamilton Health Sciences Corporation,Vice-President,1996,a70d7fb790dea0b3bf403edf365ee0a34794bcbce3b2585893d6a5e279c7f09a
HOSPITALS,"$208,487.00","$1,010.00",Hamilton Health Sciences Corporation,Radiologist,1996,07754808314fa2d5cebc69e4bd203f22d04bb6944552824a827a0379ec028e20
HOSPITALS,"$205,992.00","$1,381.00",Hamilton Health Sciences Corporation,Radiologist,1996,a26ada0ebea640df208445ed8061838df4a491e8787e4c546488fb9af6ef319f
HOSPITALS,"$111,692.00",$73.00,Hamilton Health Sciences Corporation,Physician/Laboratory,1996,5e7c968cf73f994501b737018d0f1c30399f62435e191d91ae418db2335bda32
HOSPITALS,"$117,777.00",$261.00,Hamilton Health Sciences Corporation,Physician/Laboratory,1996,64de683be18bb7fd624b7148708830c56fb6be5487969a05941dff4cb5b459ef
HOSPITALS,"$138,040.00","$6,794.00",Hamilton Health Sciences Corporation,Vice-President,1996,8f3eee31117881463a780049d1263496e799878b399469eccc31eb19279575d9
HOSPITALS,"$154,416.00",$905.00,Hamilton Health Sciences Corporation,Physician/Laboratory,1996,0723a9a966cba31d9439a23ef8e802e22ce4772b5e8a5a9bf23435c2570aaa6a
HOSPITALS,"$155,017.00",$345.00,Hamilton Health Sciences Corporation,Physician,1996,fcf878e93fd3c6012db589dcee25161778ba7c8ec94d0905cac8232e12c72388
SCHOOL BOARDS,"$113,201.00","$2,465.00",Hamilton-Wentworth R.C.S.S.B.,Director of Education & Secretary,1996,19ffedb3b559e252c5910ec15a5e65a820ce57576906fd48a8ccc7039693eda2
SCHOOL BOARDS,"$101,446.00",$581.00,Hamilton-Wentworth R.C.S.S.B.,Superintendent of Operations-Elem,1996,1358ccf7ea0c17a13bcb59948e23646bd5483a848404db4fdd8c4d879294deec
SCHOOL BOARDS,"$104,449.00",$581.00,Hamilton-Wentworth R.C.S.S.B.,Superintendent of Operations-Sec.,1996,2ba8526b916c2a26f5d8c50e6a0c103bb073a7ac10ab331e5691b9bfce46e91d
OTHER PUBLIC SECTOR EMPLOYERS,"$134,889.00",$441.00,Hastings & Prince Edward Counties Health Unit,Medical Officer of Health,1996,83bbb50c59ff5f4b8fec87b28740d0a65ab52fa275915dfd4eb28ae53b2ae82a
SCHOOL BOARDS,"$103,845.03",$256.80,Hastings County Board of Education,Director of Education,1996,94853b628236465148cec46f07d5382f1d3638a831fecfef6e6a7a7e3b376b6a
HOSPITALS,"$115,500.00",$632.80,Hawkesbury & District General Hospital Inc.,President & CEO,1996,dbde097b6ff89e6ac7975edb57db208bd85e5fc59e22a3774b17bc21dcdd79dc
ONTARIO PUBLIC SERVICE,"$154,883.55",$0.00,Health,Contract Psychiatrist,1996,a006c137c076f9eade4d776881e83c39b058776b94ceea6acac7aa132766de2a
ONTARIO PUBLIC SERVICE,"$126,558.86",$0.00,Health,Contract Physician,1996,5b1f8dc4be3b6c40d390cf06d47b9cf0419450bea7e7b98e555a9f54d85d943a
ONTARIO PUBLIC SERVICE,"$141,584.51",$407.76,Health,"Unit Director, Psychiatric Services",1996,a28ee84ac413b2980f0609c45b10226c527b5adce84f587030fa62eff1f9a613
ONTARIO PUBLIC SERVICE,"$154,898.37",$0.00,Health,Contract Psychiatrist,1996,2b08ba780fce9c3e8b0481a6829df72c1b68c9e911ce9d39a7110f31df51d111
ONTARIO PUBLIC SERVICE,"$154,847.97",$0.00,Health,Contract Psychiatrist,1996,d64f90a6293170877dffdcf72cfda15849f82d68921923daabf7d475e546de18
ONTARIO PUBLIC SERVICE,"$141,584.51",$407.76,Health,Director Adolescent Unit,1996,c8a29580cb50c1c645b736ab7c85fa6f7f361b46764e6f7a4d66185e6e82aae5
ONTARIO PUBLIC SERVICE,"$134,300.17",$387.72,Health,Unit Psychiatrist,1996,aeb6ac18d6e261c0ab2dc3e03de16b549aff16bacec5de3141f05a1098068a7c
ONTARIO PUBLIC SERVICE,"$154,885.52",$0.00,Health,Contract Psychiatrist,1996,e2f6877929cab4a35bfe367dae185cef50e55941ad2c7c3efdb8a28231865af5
ONTARIO PUBLIC SERVICE,"$115,524.23",$333.84,Health,Physician,1996,67b828f56d470e1ed8f960b08375a0ca83a588666bb9533418756c1b7062be6b
ONTARIO PUBLIC SERVICE,"$116,408.42",$255.24,Health,"Hospital Administrator, Whitby Psychiatric Hospital",1996,6bbae25804d5a5b1fef493a40cb1891568f7e64192c2c97869d48a45261980db
ONTARIO PUBLIC SERVICE,"$101,203.28",$228.12,Health,"Hospital Adm., North Bay Psychiatric Hospital",1996,acc28f046e5a53b1d6b0ffbe2943437383f125ebabd295bb92556bfc620a0d4a
ONTARIO PUBLIC SERVICE,"$106,568.43",$227.40,Health,"Hospital Adm., Kingston, Psychiatric Hospital",1996,bbb47849d2b948cdc991785de9e23cd9da98a8426f0f3ba4108a66f7f6db71e3
ONTARIO PUBLIC SERVICE,"$154,851.92",$0.00,Health,Contract Psychiatrist,1996,d14714b559c1d2c735e63d1bd40aac884d0098d8c59beedd8eed2e82a8f3d0e2
ONTARIO PUBLIC SERVICE,"$176,028.74",$0.00,Health,Contract Psychiatrist,1996,5d1d024aef53369e25d6918748a00feb118029edbd1d616bd5ca92afa8c951f5
ONTARIO PUBLIC SERVICE,"$134,651.54",$387.72,Health,Senior Attending Psychiatrist,1996,c12ff36329c508ee54b22c285d3ca9b081ab72db6cf316e3295f6c9488291d25
ONTARIO PUBLIC SERVICE,"$101,590.32",$293.04,Health,"Assistant Deputy Minister, Health Strategies(Acting)",1996,da1f96e89169ff0dc18ff01e58f0a11e9880c51794ff6a471e1b3ced45d25402
ONTARIO PUBLIC SERVICE,"$115,973.00",$333.84,Health,Unit Physician,1996,163f0232de5a66edc368f4d3bab49d58450e77326a058553961ecb105013678b
ONTARIO PUBLIC SERVICE,"$126,558.86",$0.00,Health,Contract Physician,1996,286133ad9acb4d9042c43e7b23f3e1869c84f3cc6739a539783bdc934bd22941
ONTARIO PUBLIC SERVICE,"$154,851.92",$0.00,Health,Contract Psychiatrist,1996,614d501bacda17425dd780c8bf43f1a0dde117cf355f0674d653a6324984b4a2
ONTARIO PUBLIC SERVICE,"$133,490.94",$387.72,Health,Director After Hours Care,1996,2d75ddb234c8998e3228153bd352da1a25152f7fc2e335fb8999f65cd48e47d4
ONTARIO PUBLIC SERVICE,"$170,182.18",$0.00,Health,Contract Psychiatrist,1996,a2391f791037fcfed6a742b5eee8edeb67b8696da6543060a23f738968546b8e
ONTARIO PUBLIC SERVICE,"$162,911.29",$0.00,Health,Contract Psychiatrist,1996,666e27f3d68d430cf2a269e658d8f5b3db22947828f5fb18e57494dc57ad04cb
ONTARIO PUBLIC SERVICE,"$134,651.54",$387.72,Health,Senior Attending Psychiatrist,1996,82d9f96147c2116d4383a404746a397862ad45717af0e90bca682f53f49efe37
ONTARIO PUBLIC SERVICE,"$154,851.92",$0.00,Health,"Chief, Psychogeriatric Services",1996,cfb567a005cc3148cb4bf498d064ae992debb7f21cd258358c45697495aeab02
ONTARIO PUBLIC SERVICE,"$154,279.95",$0.00,Health,"Director, Rehabilitation Unit",1996,7f9f62caa59c21a4ee4b50102e6a4989f580b07a299735706e06aabc8b7425e2
ONTARIO PUBLIC SERVICE,"$163,491.16",$0.00,Health,Contract Psychiatrist,1996,d62049c70b0a3320a68f2603a201205c6208530cc4c2bf6cc7c7a91aed5c4fa4
ONTARIO PUBLIC SERVICE,"$135,411.08",$0.00,Health,Contract Psychiatrist,1996,50b3d98e196ad99a29907c561b12c0993d0244e3ced24085fd862ae7b4831215
ONTARIO PUBLIC SERVICE,"$127,931.39",$368.64,Health,"Physician Manager, Disease Control",1996,23c272aecc2c4c1e00da228a02c39c146816a72559922767c8f5ad8cee5a2a6f
ONTARIO PUBLIC SERVICE,"$134,651.54",$387.72,Health,Senior Attending Psychiatrist,1996,d210177cdabcaa2c023e1227f6f5a962e164dc72ed19f6879104f781268de397
ONTARIO PUBLIC SERVICE,"$126,558.86",$0.00,Health,Contract Physician,1996,b87ad497a252bbc825769d64f65181c59e5ab3eed3d112fa3ee6f0ae8635fc44
ONTARIO PUBLIC SERVICE,"$154,883.55",$0.00,Health,Contract Psychiatrist,1996,5932134bf807f0dc87abf38de33aed4bf7eb9ecc07b3ff92295f977903d2dbea
ONTARIO PUBLIC SERVICE,"$154,883.55",$0.00,Health,Contract Psychiatrist,1996,607d17485a25340e2f8a4d4362e9fae9e6574cf4d00b1f7abfd811526eb0f8ef
ONTARIO PUBLIC SERVICE,"$154,851.92",$0.00,Health,Contract Psychiatrist,1996,34d2a25e90e3351c7f826c99f0664fc356cffb78ba47a44cba5c7287581ff259
ONTARIO PUBLIC SERVICE,"$154,883.55",$0.00,Health,Contract Psychiatrist,1996,f2e416c9fb1793fe0ab711981f3d43acd2e6aecdf002941bd56778901547ad77
ONTARIO PUBLIC SERVICE,"$154,897.38",$0.00,Health,Contract Psychiatrist,1996,1e5f2928660201ab28f6567f6c9e9b4ab54e7df6566ace586bb2c83aed0972a6
ONTARIO PUBLIC SERVICE,"$122,415.76",$261.12,Health,"Hospital Adm., St. Thomas Psychiatric Hospital",1996,741a532e88617a08b97ebb9d09f0b1c40dcc1173aa492cfc8c0ac88f59ec9491
ONTARIO PUBLIC SERVICE,"$176,061.36",$0.00,Health,Contract Psychiatrist,1996,9844b6877654c90ef76b7c41ab7c5984a0ce40a8f9f4dc9e59ca8fca438fd2da
ONTARIO PUBLIC SERVICE,"$143,438.30",$388.32,Health,"Director, Laboratory Services Branch",1996,cbd44d73afe81a682f0818d536d324b712ced83cff5e4bc7b099b908073a5cf8
ONTARIO PUBLIC SERVICE,"$154,885.52",$0.00,Health,Contract Psychiatrist,1996,e753e7089df9b5c5bbb65236f58d810f0f7e853b0b261c5d1078ae1ebac48840
ONTARIO PUBLIC SERVICE,"$139,940.22",$407.76,Health,"Chief of Service, Rehabilitation",1996,6b8d4b8ea0cdc80c10e049f7d8513553e5761247c48f64107ee306df618326e8
ONTARIO PUBLIC SERVICE,"$114,941.17",$331.08,Health,Regional Medical Consultant,1996,ba7061e51dff31b1a6fd13fd07134d7dcbf8958ebde9a0fbfd52758c0bbd398b
ONTARIO PUBLIC SERVICE,"$127,094.04",$365.30,Health,Medical Virologist,1996,9b845c16cbf3b6aa6900dcf817411411816a25d0451e9c415d82ebcdf8c86c7a
ONTARIO PUBLIC SERVICE,"$114,085.48",$0.00,Health,Contract Physician,1996,960648dd318f7aa0609b346e2d6c3f2671994600372adef8eba02be052f8c85f
ONTARIO PUBLIC SERVICE,"$121,874.66",$351.24,Health,Medical Consultant Co-ordinator,1996,5c78bb3afa17f197333482208b86d969cc729e02392af265eeea62e4620487e7
ONTARIO PUBLIC SERVICE,"$236,114.91",$0.00,Health,Contract Psychiatrist,1996,6eb97cba04219806ce9ef2e11018cab4d250750113a95e1d0555882959c0702d
ONTARIO PUBLIC SERVICE,"$134,651.54",$387.72,Health,"Program Manager, Community Response Program",1996,c51f51d2e11662edb051feec6d81e690a6ec4ea70b60234e137fd30eb2b8e92c
ONTARIO PUBLIC SERVICE,"$102,642.99",$296.04,Health,"South & West Reg. Director, Ment. Health Prog. & Services",1996,ac10ba33ce9dc077a039818279c6485f34e2651a444c9ee5a16f456031ddf51f
ONTARIO PUBLIC SERVICE,"$164,894.77",$0.00,Health,Contract Psychiatrist,1996,90132209165e312dc3a06c519cca33297699cbb8726c3eaaf96e924ac526b636
ONTARIO PUBLIC SERVICE,"$154,851.92",$0.00,Health,Contract Psychiatrist,1996,eed98392bd635b30935cdc3d07f84f8b3a01c9ce4328897ab219a4e572366ca7
ONTARIO PUBLIC SERVICE,"$126,079.87",$0.00,Health,Contract Psychiatrist,1996,35e156097c943eea436c4c0958e4ebbb9a58caba1474aabd34c91157ea24cbaf
ONTARIO PUBLIC SERVICE,"$154,883.55",$0.00,Health,Contract Psychiatrist,1996,ab80d673f2a969f3964a10de9c281053140c39003f6d3465980f197d0b5b8af9
ONTARIO PUBLIC SERVICE,"$154,883.55",$0.00,Health,Contract Psychiatrist,1996,1f9b78dfdb4c66fa0ac59b5f544badb22274a3784e22ff282e711862d68403d5
ONTARIO PUBLIC SERVICE,"$120,025.10",$0.00,Health,Contract Psychiatrist,1996,e2cd3d387a2d1c265e3ad7abd4c8b40c89fa532f716aa6f11fffcb8cdb572db6
ONTARIO PUBLIC SERVICE,"$133,609.88",$387.72,Health,Senior Attending Psychiatrist,1996,11a258ceaee95d536a9cf83f814c225f594515cfcee922ff2c3e86cd7c8665b9
ONTARIO PUBLIC SERVICE,"$154,851.92",$0.00,Health,Chief Southwest Service,1996,8e66e05f87041a82288824a2208402a8c5959e3c9a54e87532e3ed5a9fa1fc60
ONTARIO PUBLIC SERVICE,"$134,651.54",$387.72,Health,Senior Attending Psychiatrist,1996,e633140b749736ba144b2f16eda615bd863c92660b8d3081ec65bd40cd4a8a50
ONTARIO PUBLIC SERVICE,"$172,202.21",$0.00,Health,Contract Psychiatrist,1996,53786f4afb421fe10e876f74a24a1b4ec31de0e329c91bd508d70538dccbbff7
ONTARIO PUBLIC SERVICE,"$155,036.76",$0.00,Health,Contract Psychiatrist,1996,403f127f87e3bbac5d336ad6c9c1ee9709768c74bc0c3e70a1415cb59a966603
ONTARIO PUBLIC SERVICE,"$168,956.16",$0.00,Health,Contract Psychiatrist,1996,6e133ae27420b768746db7a24ca28c6149063e26ac2d4983935f3c6a1f8079e2
ONTARIO PUBLIC SERVICE,"$141,584.51",$407.76,Health,"Unit Director, Psychiatric Services",1996,7d9d86f574c3626315636687ca7763b825044aded92f189eaa66e989eae1a276
ONTARIO PUBLIC SERVICE,"$120,998.42",$348.60,Health,"Executive Director, Negotiations Secretary (Acting)",1996,b7a7776c98c4022bf2d568a25e91f5f5c18a6c1cb9179be85d64bd47e4dc7346
ONTARIO PUBLIC SERVICE,"$116,611.73",$88.77,Health,Contract Physician,1996,ee37a6a5b42394d208bc5c8a355cb1e57ff7b25ca3a2d3499aeeee3590b2175f
ONTARIO PUBLIC SERVICE,"$111,837.31",$242.40,Health,"Hospital Adm., Brockville Psychiatric Hospital",1996,2b7773e86d90d665d24505f02af5b35859652531a9107ad15bfa92f73ddc6c47
ONTARIO PUBLIC SERVICE,"$134,391.29",$387.72,Health,Senior Attending Psychiatrist,1996,b26698a296f2838fa7dfc628e22c690d88c680f4b25bc104f9e13551235f8261
ONTARIO PUBLIC SERVICE,"$154,885.52",$0.00,Health,Contract Psychiatrist,1996,43d6362f6449c5dc299e687d365624440ebc5fe2cf73f9f97e7daa65af7bb243
ONTARIO PUBLIC SERVICE,"$153,710.17",$0.00,Health,Contract Psychiatrist,1996,212a9d14eb9a515c9f7bf2d0768700cc44ea8e9764ff27c5bb49edcccaf7e389
ONTARIO PUBLIC SERVICE,"$120,998.42",$348.60,Health,Regional Medical Consultant,1996,d9304a64e68656802c7440298f1d771b27850566c92c87a9ab5cece770168275
ONTARIO PUBLIC SERVICE,"$168,955.90",$0.00,Health,Contract Psychiatrist,1996,5c54c36ed8ea0166b2eff612dd417427c8e2ace3d9004cce223b87a437c75f3a
ONTARIO PUBLIC SERVICE,"$170,135.73",$0.00,Health,Contract Psychiatrist,1996,1d2e6e222c72caeba0a0a5b853ef3f8edd21745ea6911e481376550b874bfac3
ONTARIO PUBLIC SERVICE,"$154,883.55",$0.00,Health,"Director, Intermediate Care Unit",1996,7b7f4570c58aad246e36f076619742e7efe86ea37c2d9bf609f467a85a98648d
ONTARIO PUBLIC SERVICE,"$142,508.71",$0.00,Health,Contract Psychiatrist,1996,5e5a1e4a53727b5c08ab0199dbe90f9dabb606aa89d2f7f302c088114bd50e75
ONTARIO PUBLIC SERVICE,"$103,790.57",$299.40,Health,"Chair, Health Prof. Regulatory Adv. Council",1996,b66c392c6ed54146d8623b150f36ab0f3fe5d5719f4b7f86404a3d84260d4327
ONTARIO PUBLIC SERVICE,"$126,558.86",$0.00,Health,Contract Physician,1996,036317bb5dc681703fa47dcfc36844dc38e108517c226bbf1e672ec5b2a68ec6
ONTARIO PUBLIC SERVICE,"$201,528.29",$0.00,Health,Contract Psychiatrist,1996,7a5296e948b7d63d8fa822f6308bceb3163d5c4f1d79675a020372cc9d07e614
ONTARIO PUBLIC SERVICE,"$168,956.16",$0.00,Health,Contract Psychiatrist,1996,da69eb25592e639640a49a7ec1e0747fd3746db411b863ee49e0a971dbfde9c4
ONTARIO PUBLIC SERVICE,"$168,951.95",$0.00,Health,Contract Psychiatrist,1996,6ba89cfcc0861e989aecfe6439acec55990bd02b70354df10297a15271aa1604
ONTARIO PUBLIC SERVICE,"$141,584.51",$407.76,Health,Director Haldimand/Norfolk Program,1996,58b9e2973c0c275106f355a97ec61bacc03c8973b1f97b50cca2f40caf9833f5
ONTARIO PUBLIC SERVICE,"$146,218.80",$0.00,Health,Contract Psychiatrist,1996,12dccfa65e704b6bb1f80cea27d300b23e29feb7ba060b5dcb958d5e7ebbc12b
ONTARIO PUBLIC SERVICE,"$116,808.40",$0.00,Health,Contract Physician,1996,0d0988181711e847bb7fc3db46191dd882d1435cec92e1e9ed9ba01076304280
ONTARIO PUBLIC SERVICE,"$130,299.95",$0.00,Health,Contract Psychiatrist,1996,20f7044b93d9fc3b8a01f78329b690aa9cffe10173f98be513932963cf8966e5
ONTARIO PUBLIC SERVICE,"$148,352.44",$0.00,Health,Contract Psychiatrist,1996,096d6ef87508409f2a78be4a351c4d79f94df0aa7f4b12a76c169d6de952e185
ONTARIO PUBLIC SERVICE,"$152,761.27",$0.00,Health,Contract Psychiatrist,1996,628739b32bb6057f05be4b5032cef92387144300ac4211880732fe15a3a9234b
ONTARIO PUBLIC SERVICE,"$115,973.00",$333.84,Health,Physician,1996,8da1b47d37d92d302f4fd35d66e1f359b8e9ad9da52b4474262a782b0c182db2
ONTARIO PUBLIC SERVICE,"$115,009.03",$261.12,Health,"Hospital Adm.,Penetang Mental Health Centre",1996,32fd13df21f2f0d4bae1970922320167f220650b68d294728f221b6832d9df1e
ONTARIO PUBLIC SERVICE,"$126,958.02",$0.00,Health,Contract Physician,1996,5fd3b96713e1923c7a3d927ace59e3ca73d14c44cc71b2cc67e937fd118b0371
ONTARIO PUBLIC SERVICE,"$120,101.23",$0.00,Health,Contract Psychiatrist,1996,a15d70ef6fcfcfc0788a8bba9c082a491d57a3ad6a2297c7b1c0456b2bef2573
ONTARIO PUBLIC SERVICE,"$134,419.33",$387.72,Health,"Director, Adolescent Unit",1996,0e2f7ee6dd46fc8c84cfca179cfd6cc1fb945d60dc8a7470e64bdad33195723a
ONTARIO PUBLIC SERVICE,"$102,653.32",$296.16,Health,"Executive Dir., Negotiations Secretariat",1996,ea63b338eecfeef510fcfee67f3e00e87804beb6c1b2deff38a9b1b78c33e412
ONTARIO PUBLIC SERVICE,"$202,099.30",$0.00,Health,Psychiatrist In-Chief,1996,6e75571b94db200c6d975d9c1ad1451651c65ed0e6358a0396f079d77b7b343a
ONTARIO PUBLIC SERVICE,"$109,734.51",$316.44,Health,"Asst. Deputy Minister, Health Insurance & Related Programs",1996,36bddff4e707f43646d2137a85c550938de3049589265ef3c60822c42eaf0031
ONTARIO PUBLIC SERVICE,"$134,651.54",$387.72,Health,Senior Attending Psychiatrist,1996,83628aabe14804dc4e2b977f7e920f154ecb70025039ab3fbd57c1822c82d354
ONTARIO PUBLIC SERVICE,"$104,920.35",$337.92,Health,Medical Consultant,1996,5d10ae43714bc7f57dbc3b3850ecb552131fb44815561d03a4a4221bb5bca901
ONTARIO PUBLIC SERVICE,"$141,584.51",$407.76,Health,"Program Director, Day Care",1996,3fc28582877c4d61f491ee4989d200cb9c90ff6afe52cc9889136c3ba8165af6
ONTARIO PUBLIC SERVICE,"$108,797.19",$313.68,Health,Regional Medical Consultant,1996,a78aa8e4aad36a6f543caebb96f013ecffcc15b19696bcaa45416e12c326cd61
ONTARIO PUBLIC SERVICE,"$148,962.66",$0.00,Health,Contract Psychiatrist,1996,012f9ee63aafb78073844ed8bdfed86a0a2b182c26fa8e41ec0cd74eefe18bea
ONTARIO PUBLIC SERVICE,"$154,885.52",$0.00,Health,"Director, Outpatient Unit",1996,4693f847d4fd17759c266aee8630a9982bc678ac4b5d0146b1fe26033126d4d1
ONTARIO PUBLIC SERVICE,"$125,521.21",$0.00,Health,Contract Physician,1996,f536badf061b4edcab3cae212af58661421e8ba560ead563d7a07fc817b64130
ONTARIO PUBLIC SERVICE,"$154,847.97",$0.00,Health,Contract Psychiatrist,1996,26bba6aa68644180cd5479243bfc5109051d1a2a2f3fd289e8f5213999daaa01
ONTARIO PUBLIC SERVICE,"$154,851.92",$0.00,Health,"Director, Outpatient Community Service",1996,a20cadc265807b4457d6cfb36c6306ebce88395ba867d451c9b72607869661d5
ONTARIO PUBLIC SERVICE,"$126,592.46",$0.00,Health,Contract Physician,1996,421581e5e8e296795f1ed5447ef7470b252acb35bdc30362efa9572e2df5b2ef
ONTARIO PUBLIC SERVICE,"$162,745.70",$0.00,Health,Contract Psychiatrist,1996,79552a7fde3e28e72983f65a523b13587bb7a161c1140e0a40d9b1b20cfe4040
ONTARIO PUBLIC SERVICE,"$154,885.52",$0.00,Health,"Psychiatrist, Intermediate Unit",1996,cf65ca6d62f98d144bee0cf979a4c8daec454757e889c5bb13eb4f6ad0f29a53
ONTARIO PUBLIC SERVICE,"$154,862.79",$0.00,Health,Contract Psychiatrist,1996,5a4754901b3734383688cf12362a1ac575e922fc17a53d5e0630819288a6c413
ONTARIO PUBLIC SERVICE,"$128,330.65","$3,909.12",Health,Deputy Minister,1996,1d182dcd91bef46264f4dca5fa276c68bebe5861c7a8bfd227cbcf51ce9dd8bb
ONTARIO PUBLIC SERVICE,"$135,160.92",$0.00,Health,Contract Psychiatrist,1996,5bf42f3c57659afae96493728efa83159bc08c40befc2cda69b50c9500009613
ONTARIO PUBLIC SERVICE,"$154,883.55",$0.00,Health,Contract Psychiatrist,1996,dcc49a62971fe2b9e0146daa4547b69e88a62b4377631f40f3275590f1e36d15
ONTARIO PUBLIC SERVICE,"$154,883.55",$0.00,Health,Director Geriatric Psychiatry In-Patient Service,1996,1ad718ae6af3f8648226758d027cfe769a9936847ba82a375fdeb8bd673616a6
ONTARIO PUBLIC SERVICE,"$118,674.43",$340.59,Health,"Sr Med. Consultant, TB & Vaccine Prev. Diseases",1996,b8959f51704ec3c5b77bf6d345ec7719e802b1eb3e5f5985ddee6aaa0851fd6e
ONTARIO PUBLIC SERVICE,"$120,742.38",$348.24,Health,"Proj. Co-ordinator, Mental Health Prog.& Services",1996,1621c8e78b49868313fd73a1781e8d09d7aba23ac3debc10728fe8bed9151aa5
ONTARIO PUBLIC SERVICE,"$154,885.52",$0.00,Health,Contract Psychiatrist,1996,5a092ef0a338b1ddfd0b2a211a6d881e89b26233915d1e5e7fc97c796e3abb70
ONTARIO PUBLIC SERVICE,"$142,555.83",$407.76,Health,Director Eastern Region,1996,3670663d4de9d0b3c82f40f76dcc2511046ba33a9388e7202b8348237c1b4f82
ONTARIO PUBLIC SERVICE,"$127,931.39",$368.64,Health,"Mgr. & Med. Consultant, Monitoring & Control",1996,ba8afe0e7958d33f83b5212f90311f405c8513a5ceccd236026a6fe5c4302aa9
ONTARIO PUBLIC SERVICE,"$115,973.00",$333.84,Health,Staff Psychiatrist,1996,59ea636a05562d03bcbc7c68cd77af43066df2fd8f075284ae7a9380913bba31
ONTARIO PUBLIC SERVICE,"$144,632.23",$0.00,Health,Contract Psychiatrist,1996,25a2e9a3ac3b7ab9f6fdc39bcf0e3ea10c86e4b1b299ae0045f49d6dea948852
ONTARIO PUBLIC SERVICE,"$127,725.27",$0.00,Health,Contract Psychiatrist,1996,c6594b1bfdb93fed34616b913a0850a2607daa9caa14127e2669c0baa04b402e
ONTARIO PUBLIC SERVICE,"$108,805.10",$313.68,Health,Medical Consultant,1996,09e96eba344ad15dfea6d29ff22f797d6030bf5ca11aef8ff69130aee216965e
ONTARIO PUBLIC SERVICE,"$154,851.92",$0.00,Health,Contract Psychiatrist,1996,ea1ef68390b1164ee03546f122ea8aec4e03d2297b762ec6341f8e987cec3b9a
ONTARIO PUBLIC SERVICE,"$141,584.51",$407.76,Health,"Service Director, Intensive Care & Acute Admissions",1996,2c1124ab7e31baa7285b34be2d469ad73d0c21fbc333bc3b6cc0592513563329
ONTARIO PUBLIC SERVICE,"$101,864.17",$0.00,Health,Nurse,1996,d4aaaab024a919e941f2a9e8db02c4cb8ba0d5d85cee73fad8141d11dfa13e65
ONTARIO PUBLIC SERVICE,"$143,479.58",$0.00,Health,Contract Psychiatrist,1996,17eb665bd0abc18ef14977a4be4903eb4a4409e1924942ea1865f879804c9dff
ONTARIO PUBLIC SERVICE,"$129,184.08",$0.00,Health,Contract Physician,1996,50ddf09f68d517367415cf19971c37289e935bb9e08282ab85eeab93d12aa6a5
ONTARIO PUBLIC SERVICE,"$141,561.26",$0.00,Health,Contract Psychiatrist,1996,a55c18be7e581f5b04de0026e3854b40ccf4e932126bfaebe4d871e016e687a7
ONTARIO PUBLIC SERVICE,"$115,973.00",$333.84,Health,Physician,1996,cff341475c211a7b7d30e63528411b8391954ed7bf8f4a1b9369c734ae21f318
ONTARIO PUBLIC SERVICE,"$115,973.00",$0.00,Health,Chief Health Service Officer,1996,4d61ad02d9119c95eeb99140241ad6153142b63aa3eeaf5b1ed51ab2996f7eea
ONTARIO PUBLIC SERVICE,"$154,883.55",$0.00,Health,Contract Psychiatrist,1996,7549b20fd8afd079b7f3bbc8181b877659cda83be8eea744ed3613d644bc40f4
ONTARIO PUBLIC SERVICE,"$121,825.94",$285.12,Health,"Hospital Adm., Lakehead Psychiatric Hospital",1996,6e637d158986cc92c87efa11dad51f090b61e8a39c28875fafd70afbbc61c9db
ONTARIO PUBLIC SERVICE,"$154,885.52",$0.00,Health,Contract Psychiatrist,1996,fa3ea0b902dd4986a4cb9e2087f35b58736e7730664fd14ce4f7646d8cc57005
ONTARIO PUBLIC SERVICE,"$117,002.28",$0.00,Health,Contract Physician,1996,d1339f967a7f87b3b469fe0f3012293f01eea2e01a7e740af65bea0c057edd40
ONTARIO PUBLIC SERVICE,"$154,885.52",$0.00,Health,"Asst. Unit Director, Admission Services",1996,f30d4920f3b7014cf75565a600ab5a17e15316ddde412fd62cd2cb76188150e5
ONTARIO PUBLIC SERVICE,"$154,885.52",$0.00,Health,Contract Psychiatrist,1996,2460b7b00c5331463d6ac22a9ea63491d3037fcc2acb39071bf24c95ec103fd7
ONTARIO PUBLIC SERVICE,"$134,728.72",$388.32,Health,"Director, Public Health Br., & Chief Medical Officer Of Health",1996,784e0257fabec15bb582acf1569d018b6d8879dfb822dec25e590afb64841773
ONTARIO PUBLIC SERVICE,"$154,883.55",$0.00,Health,Contract Psychiatrist,1996,d25723a284fbad5efb0d4da4bffa6c9f4904937c1a1a0848a7dc69087bfda447
ONTARIO PUBLIC SERVICE,"$227,382.76",$0.00,Health,Contract Psychiatrist,1996,ed44456d7dc1d0363e68277197727806c8b1a2b160a1ec6d009ce993641c4bfc
ONTARIO PUBLIC SERVICE,"$104,390.23",$0.00,Health,Contract Psychiatrist,1996,35cd261130bf9711221c0e3fff926ae9836e56c1e1a7e6af27b9bd00a846d7ff
ONTARIO PUBLIC SERVICE,"$154,887.08",$36.58,Health,Contract Psychiatrist,1996,ae48be575ff1793d1e1cc475133df8b4e980c247f04876caf75f9665f755083a
ONTARIO PUBLIC SERVICE,"$154,851.92",$0.00,Health,Contract Psychiatrist,1996,20544021a971a19bb70700735df3a37215b6997407aaf02766e0a926c5146932
ONTARIO PUBLIC SERVICE,"$141,584.51",$407.76,Health,"Chief, Southeastern Service",1996,58abe4a4dd4e89587bc1a60ba492a57e8a018d377c00f38a5c021e62874f5d94
ONTARIO PUBLIC SERVICE,"$120,998.42",$348.60,Health,"Senior Med. Consultant, Toxicology & Env. Health",1996,50d32518cf78f7567a5de75b0cc375ae4028ba3e3885f1c64c63e19c1ebf2f45
ONTARIO PUBLIC SERVICE,"$166,177.62",$0.00,Health,Contract Psychiatrist,1996,4732376963a2f3f6b73207f80fe27112cb46ed7dae419c51ec888da13a7da99e
ONTARIO PUBLIC SERVICE,"$126,558.86",$0.00,Health,Contract Physician,1996,153459526b75746fb4fcd53ee71a3ca0ce1b764bb7892dec56daa358b94f7bd8
ONTARIO PUBLIC SERVICE,"$126,590.49",$0.00,Health,Contract Physician,1996,31591a2f430d5841e35d8322ac46408de5be869ebc5fda682f6b0962f6cc9236
ONTARIO PUBLIC SERVICE,"$122,830.51",$270.84,Health,"Hospital Adm., Queen St. Mental Health Centre",1996,4db5b5e3c5814c5c3e16228cc945b16d34994df80260c581a9020f96a0f71dab
ONTARIO PUBLIC SERVICE,"$145,992.13",$0.00,Health,Contract Psychiatrist,1996,678b34ac13e2777ac5999993d4a824ef2888193eda6b0516187ebb64edc41cd7
ONTARIO PUBLIC SERVICE,"$101,242.35",$218.40,Health,"Hospital Adm., Hamilton Psychiatric Hospital",1996,cb435d33832cedfc9a08f2a685be6b506e45bef759bfe44b38ae92b2e2e76c0b
ONTARIO PUBLIC SERVICE,"$113,823.59",$328.32,Health,"Head, Health Econ. Dev. & Adm, Inst. Health",1996,2a7b21cb2a4a605ad0925308c848050c167ca9c7d33cd7627b3a0b0bb838fe72
ONTARIO PUBLIC SERVICE,"$155,343.44",$0.00,Health,Contract Psychiatrist,1996,1d7c8ba74feed1ee192246f7593fbb453cda3633926d0199eb829a9656b2b47f
ONTARIO PUBLIC SERVICE,"$169,003.34",$0.00,Health,Contract Psychiatrist,1996,4d83916e13c02f65da2d22ef735e9fd559d1276d2da7e03957a21cc1a0f00ae9
ONTARIO PUBLIC SERVICE,"$154,867.74",$0.00,Health,Contract Psychiatrist,1996,b5fdbe3dbe84d144fe12e27cebaf43053891ded6f0943d1f5d9e82d8feb9e782
ONTARIO PUBLIC SERVICE,"$134,651.54",$387.72,Health,Senior Attending Psychiatrist,1996,7f94c272ce764ee461654c484803354c87577ef1246eed006298dd83e6b5e454
ONTARIO PUBLIC SERVICE,"$174,596.53",$0.00,Health,Contract Psychiatrist,1996,0397b54feaf91b1dbf3f1ef4ff43113ffc4bb47d4f22b16bf4cbac23289e60b3
ONTARIO PUBLIC SERVICE,"$115,973.00",$333.84,Health,Physician,1996,edc9b179e170a83dcf2bd328e36e668d09acde71280c33629a8613319644c897
ONTARIO PUBLIC SERVICE,"$154,885.52",$0.00,Health,Contract Psychiatrist,1996,311fe1cead5049973c5436241a46933371abca7b66dd4dff89a5940f81957ff0
ONTARIO PUBLIC SERVICE,"$154,847.97",$0.00,Health,Contract Psychiatrist,1996,dbbffebad7ce8a84d4805abafcf0ca6f1cdaf9fee2dfcbfcc6c654cddd206316
ONTARIO PUBLIC SERVICE,"$126,558.86",$0.00,Health,Contract Physician,1996,7b33d6f7a7b624a6eb867b05c426314ed11a1da4a8905636f7387540edfd9557
ONTARIO PUBLIC SERVICE,"$120,998.42",$348.60,Health,"Senior Medical Consultant, STD/AIDS",1996,be472c32742f25a97340a727abefe00a15c7a4742357eb8ef2977eac8db00982
ONTARIO PUBLIC SERVICE,"$101,024.32",$193.92,Health,Senior Attending Psychiatrist,1996,20a37ab452bbf06812991c5d94ff0fd03eba2151c2deeba3211a65e98dec7b54
ONTARIO PUBLIC SERVICE,"$159,447.53",$0.00,Health,Contract Psychiatrist,1996,8494bfb34b1b9ab6cac27c193cbb250eeaaaabed882260a1d69341374f93666c
ONTARIO PUBLIC SERVICE,"$126,592.46",$0.00,Health,Contract Psychiatrist,1996,56227de6c979f805dd077719bc1b2f355bdd9b3a62d9c0546074f42b937e1089
ONTARIO PUBLIC SERVICE,"$154,883.55",$0.00,Health,Contract Psychiatrist,1996,db0d821862855d9e6ff68de2209c6273a0078bff48c1209b66958b9796fb6bf5
ONTARIO PUBLIC SERVICE,"$107,940.00",$0.00,Health,"Chair, Health Disciplines Board",1996,cabea9d58438993bcaec39659f11f079871d8c397072d1b0f58c59fcc0091ff4
ONTARIO PUBLIC SERVICE,"$113,879.83",$0.00,Health,Contract Physician,1996,6cb3507c8cd557ac4727cec90c4db5192c2890e5095f658ddbbd4b3c8e7bdb7d
OTHER PUBLIC SECTOR EMPLOYERS,"$108,365.42","$1,315.71",Health Services Restructurint Commission,Chief Executive Officer,1996,2f4a703c4abdbce0e23fb71a59f5ec983e5413dbf71bdbae3e1cd04398b57caf
HOSPITALS,"$109,406.15","$4,022.32",Hillcrest Hospital,CEO/President,1996,ea412d485040ac1dcfc37be87a3eab3e001e461823e5febc5f55d72af6848749
OTHER PUBLIC SECTOR EMPLOYERS,"$115,288.00",$324.00,Home Care Program for Metropolitan Toronto,"Vice President, Patient Services",1996,782ec25583935f6cb0b60428b0b049d7a41e3db3fa60cbb4781c72aaff68d1f5
OTHER PUBLIC SECTOR EMPLOYERS,"$151,596.00",$922.00,Home Care Program for Metropolitan Toronto,President,1996,4418dd6cb64e9aa981497847095a916a600a929b899700af97252fe763bba73b
HOSPITALS,"$160,746.00","$12,849.00",Hotel-Dieu Grace Hospital,Executive Director,1996,b7cf020d8c23bbb6ffe36a356304d0e198f3f2fa658d420715c0760f398882c2
HOSPITALS,"$141,492.00","$1,192.00","Hotel-Dieu Grace Hospital, St. Catharines",Executive Director,1996,d49c16eae82174530cd9e9965b403cf162c531a9a4cf7547d44e24995b9e4cab
COLLEGES,"$129,824.00","$8,562.00",Humber College,President,1996,c1b902cf8a794be42174e6325b61f4e0cded9cd1dab7721be4dd356c6ffa9ce6
COLLEGES,"$102,802.00",$563.00,Humber College,"Vice President, Academic",1996,3918e6d1421fd2cf8c2352c9417957bd49c5328f069651656373833b5db20ecf
COLLEGES,"$113,301.00",$185.00,Humber College,"Executive Director, ACCC",1996,59b19663435378d65724af449a5ae4efa02475421f93fd607cc8a4caf174a0cc
COLLEGES,"$100,856.00",$733.00,Humber College,"Vice President, Administration",1996,29e2b6d9321c8dd5883304b5545a58b388c17417c2b26845597f1947cd1f3001
HOSPITALS,"$103,308.00","$5,462.00",Humber River Regional Hospital,Executive VP-York-Finch Hospital,1996,b01a3c59ef74defbaa13123023e6da01f420dc025bc44f2194bac97fec5c39c4
HOSPITALS,"$152,486.00","$23,746.00",Humber River Regional Hospital,CEO-York-Finch Hospital,1996,f45a15ca57ec64f2d8ebb3dd45fe609aebaaa4cfd0b1c300266a3c75fb09cf96
HOSPITALS,"$142,535.00",$929.00,Humber River Regional Hospital,Pathologist-Humber Memorial Hospital,1996,f0666e0840f9b333a867cdaa187cdc363cb8b768b84f056e4712e3e87de920df
HOSPITALS,"$120,104.00","$2,016.00",Humber River Regional Hospital,CEO-Northwestern General Hospital,1996,94320014333dfe197e761f9ce038ae4643e65ad20815952ae9b3366e77b480c2
HOSPITALS,"$114,369.00","$3,729.00",Humber River Regional Hospital,Acting CEO-Humber Memorial Hospital,1996,b1e8cab30613f254dada2325b1b7c67e1d37c454f85cdb528b15df419e3d3ab2
HOSPITALS,"$152,701.00",$995.00,Humber River Regional Hospital,Chief Pathologist-Humber Memorial,1996,423aecc5626ca67f47f3973dc74e58aac09708a00dc6b83c36e1ffad0c803e71
HOSPITALS,"$129,583.00","$1,460.00",Huntsville District Memorial Hospital,Executive Director,1996,cf52b52e880187981221b0a2abb050cb42aeb8cca1c00a068e3c93da45e96b93
SCHOOL BOARDS,"$107,789.00","$1,519.59",Huron County Board of Education,Director of Education & Secretary,1996,24b155354b1c6829ba9db4e3ababbaf6c09f7e6c879dfdbb7304b1a2eb43f135
SCHOOL BOARDS,"$111,387.00",$42.00,Huron-Perth County R.C.S.S.B.,Dir. of Education,1996,2b0acbcfa1749d4a6509fd496403b2eb2c238f53c225eed0b14432ead1bbb729
OTHER PUBLIC SECTOR EMPLOYERS,"$135,000.00","$8,659.00",ITRC: Information Technology Research Centre,President & C.E.O.,1996,dcf15fa60e66a0e95b4eb0b6d81397babdf4f7dfc65ab9459f31f632c89d10fc
OTHER PUBLIC SECTOR EMPLOYERS,"$101,651.00",$877.00,Jewish Family & Child Services,Executive Director,1996,1fd8788d0abd02b8fdf9176b7838bc88a62c22e249ad6184ee281c46c54189c7
HOSPITALS,"$164,744.80",$699.84,Joseph Brant Memorial Hospital,"Chief of Pahtology & Dir., Lab Services",1996,46d0147ae323a70ff79abe0dbf34c852c9fc7017a2d0b6d94a99b3dffcac7ae0
HOSPITALS,"$124,714.88",$585.14,Joseph Brant Memorial Hospital,Pathologist,1996,c1454865bc1617dcb4ab735298cb39db0edd061e759d1a0def2274416c93c536
HOSPITALS,"$126,157.13",$585.14,Joseph Brant Memorial Hospital,Pathologist,1996,068065a3a17605abd3d246eb10c47d3a7a9329d9154751c5a3565dab5780dd5e
HOSPITALS,"$140,128.59","$8,931.32",Joseph Brant Memorial Hospital,President & CEO,1996,2438cf68f70102dcf242850357499b1e2ae49fe9d710a750c52c7094abb648e6
SCHOOL BOARDS,"$113,159.00","$3,062.00",Kapuskasing and District R.C.S.S. Board,Director of Education,1996,625c11974fda62bc881b7030c0c3273d925e0c72dcf45564ca6cf1f432a65b3d
OTHER PUBLIC SECTOR EMPLOYERS,"$105,162.00","$3,055.80",Kenora-Patricia Child and Family Services,Executive Director,1996,0c9f9c055cd37c5fe05c8051ec8671b658447fede6287a2f4f62b25e2301de24
SCHOOL BOARDS,"$107,700.00",$53.70,Kent County Board of Education,Dir. of Education & Secretary of the Board,1996,0a7564225d37a26fbf9235d0076830f45c3599edd63ea8a7179212bd22d61cec
SCHOOL BOARDS,"$110,211.00",$341.00,Kent County R.C.S.S.B.,Director of Education,1996,9ef7d35944f1cf4a4c26362fdb344ab27c812efd45389cbf83a81ef1c78c9ddb
OTHER PUBLIC SECTOR EMPLOYERS,"$113,535.00",$399.96,Kent-Chatam Health Unit,Exectutive Officer/Medical Officer of Health,1996,dfd926e37be0679b0b641b74dafa13e1aaf620eb9f2a9831acc17f69585a9630
OTHER PUBLIC SECTOR EMPLOYERS,"$115,980.00","$2,407.00",Kinark Child and Family Services,Executive Director,1996,49b0b407aebb8cced635a1fda6b45fc30f2aa1bc20786222490723ba8f5bf5a2
HOSPITALS,"$103,736.00",$359.00,Kingston General Hospital,Anatomic Pathologist,1996,3776a18dea83435958c52df23bcf7b5c4b151cae8d1ba736b0f3bec57d35cae1
HOSPITALS,"$118,775.00","$7,595.00",Kingston General Hospital,Vice President,1996,88447771dff0c27987ed577f2cb030394b87c7e8ac085de4ffdc9c9c1c2c4b10
HOSPITALS,"$101,703.00",$355.00,Kingston General Hospital,Anatomic Pathologist,1996,1aec4cb9dcf86aeae540b7f1adb5dc9dbd74d3790b9d29f37eddc30fb35e2add
HOSPITALS,"$192,300.00","$6,882.00",Kingston General Hospital,President and Chief Executive Officer,1996,713cd898a1b42e3c284b289155725cae661ca732b75ac4419d1caf2e8d4281f1
HOSPITALS,"$100,554.00",$348.00,Kingston General Hospital,Pathologist,1996,56b21aa2fcded1ec7a80e09ae1708eb9c6b0ec3f18608b30d0744164ef86e785
HOSPITALS,"$119,625.00","$7,582.00",Kingston General Hospital,Vice President,1996,5d6112df6045c4e1ae38deb9705bf9fdc73588e245304d133e3b321aee1e1681
HOSPITALS,"$107,275.00",$374.00,Kingston General Hospital,Dir. of Neuropathology,1996,50bd3d54322d8df7c529deff538fbd44763a1110708c63a8b9d8cb54aeca02cb
HOSPITALS,"$107,275.00",$374.00,Kingston General Hospital,"Prof. & Head, Dept. of Pathology",1996,8b9aac00f3e49a780643e9ce41be121935c84d6cd5cd98090fef7ce174540d7b
HOSPITALS,"$110,301.00",$383.00,Kingston General Hospital,Neuropathologist,1996,cb12a9057eb9100b056519b8c3819d49c3207c953969497e6ef52684e8b25ae6
HOSPITALS,"$123,333.00",$429.00,Kingston General Hospital,"Deputy Head, Dept. of Pathology",1996,9626f053257b4102e239dfe4056a844cc998f51d78f45ef57b826a0901f22e12
HOSPITALS,"$113,207.00",$394.00,Kingston General Hospital,Dir. Division of Anotomic Pathology,1996,78a25a676ce2b38e5b1fd7ecd63826972e90464ed56b0dc0ac37b8e4852d73e2
OTHER PUBLIC SECTOR EMPLOYERS,"$138,026.20",$538.44,"Kingston, Frontenac, & Lennox & Addington Health Unit",Medical Officer of Health,1996,331f5410b2696fc489d581d0cb4f3f1d6fd1518092ea828f654f67420fa91614
SCHOOL BOARDS,"$110,773.19","$9,907.93",Kirkland Lake-Timiskaming District R.C.S.S.B.,Dir. of Education,1996,d079742f4742dd09b96ddc491c379bdc4bed0df5d77157c96f775a94dd86f5cc
COLLEGES,"$111,668.00","$2,916.00",La Cite collegiale,Presidente,1996,7001753ab58f592e14e55de477546b50c84a00c735b2b536e577d1ad7e3dfe64
ONTARIO PUBLIC SERVICE,"$103,889.50",$299.64,Labour,"Chair, Office of Adjudication",1996,3c4a250a1d72c2cdbda4be12de73a96c089dda5fa75c86b1488b7c04793c5621
ONTARIO PUBLIC SERVICE,"$120,909.19",$216.72,Labour,"Director, Western Area",1996,b99672f28feed430ac6c6dc816ea00620f124f1df4ddad591619bbd58b4441a9
ONTARIO PUBLIC SERVICE,"$101,169.44",$292.56,Labour,"Director, Office of the Employer Adviser",1996,f8b23bfbe0e9af1d0db653b3325133b0095fcaf9ef19de9958c093ea62f8adbe
ONTARIO PUBLIC SERVICE,"$120,998.42",$348.60,Labour,Medical Consultant,1996,7b3cd7f6b1fa06066a82f58b9901cc62b1bc01545b365ad750679ec7711b1fee
ONTARIO PUBLIC SERVICE,"$120,998.42",$348.60,Labour,Medical Consultant,1996,5c689f0f6cfd8aa76e3994e7e620a0bca909d529f933af39d033c50d17920ef2
ONTARIO PUBLIC SERVICE,"$101,393.88",$292.56,Labour,"Director, Central Area",1996,f714da156e16e16faefd608e243b84bef54ba7919610428012d8cc5027cc4404
ONTARIO PUBLIC SERVICE,"$110,119.59",$317.64,Labour,"Chair, Pay Equity Hearings Tribunal",1996,91b6e2301fc34603e395210f57071f367e7071a9dc0342c25ec5a9da76f5864f
ONTARIO PUBLIC SERVICE,"$127,931.39",$368.64,Labour,Medical Consultant,1996,43c047cfd15ac3d88b8beb41347d5e2b1ca0cfa4db6eee22a4b25e4012766201
ONTARIO PUBLIC SERVICE,"$127,931.39",$368.64,Labour,"Chief, Health and Safety Studies",1996,5722509b6ffc983a28b345ed9430ad8fd9b2a3c21d196dc31c938b46f4b39770
ONTARIO PUBLIC SERVICE,"$120,998.42",$348.60,Labour,Medical Consultant,1996,9e10fa0c8c9d0fbfc7af630016863a859c5b7227231470b9f74f653084e82632
ONTARIO PUBLIC SERVICE,"$107,550.81",$295.73,Labour,"Chair, Ontario Labour Relations Board",1996,9a10c111ebbf4715252e3f8090bac1d40f64611be5f61f95c3addbc96953adea
ONTARIO PUBLIC SERVICE,"$124,098.38","$6,549.13",Labour,Deputy Minister,1996,b1c767a2dcabe916729cbbe987930682f98eebbe529fb4d8f8510d5bc2faeae3
ONTARIO PUBLIC SERVICE,"$127,931.39",$368.64,Labour,Medical Consultant,1996,845da8d0100ecdbe4f93a953a3a3a350f5c5a7d3239e3011ca12196f0961474b
ONTARIO PUBLIC SERVICE,"$120,998.42",$348.60,Labour,Medical Consultant,1996,7494b3c650ebc750ab36f035157bf984ef5c2589a41bf1126c3abeb23cc37e55
ONTARIO PUBLIC SERVICE,"$134,600.40",$348.60,Labour,Medical Consultant,1996,47e9f43df32d65483bfe6cda6910df41e55b7f087a9d6b4cc94351d26ec732bf
SCHOOL BOARDS,"$101,200.00","$3,587.00",Lakehead Board of Education,Superintendent of Business & Plant,1996,b5de7eaef8dcd8565a63f77dd3949b0ba132141c60c333604562acb444a7fa1d
SCHOOL BOARDS,"$101,200.00","$9,187.00",Lakehead Board of Education,Superintendent of Staff Services,1996,8272600660bc1c01d0652e37c3fd12167cbcb7ab44414558eba1424f58e2c988
SCHOOL BOARDS,"$101,200.00","$4,223.00",Lakehead Board of Education,Superintendent of Education,1996,f2e3f9f9f7f50698bb3fa5b9b2a4413e27ce1d25ab6a4e4ba0029928a1236817
SCHOOL BOARDS,"$101,071.00","$4,222.00",Lakehead Board of Education,Superintendent of Education,1996,edb021e60640506a778b086e927442c83a4140dac294b0065846f7d54b2a8c33
SCHOOL BOARDS,"$116,371.00","$6,446.00",Lakehead Board of Education,Director of Education,1996,70fe284e6ba7429f64b0343280e7b0af4b1b8938d778797e41da7d702417d5e1
SCHOOL BOARDS,"$102,969.00",$893.00,Lakehead District Roman Catholic Separate School Board,Director of Education,1996,1214038349cd6fef2b49ab91672c2b33c0d227d822deed8e55e5fb3e72679622
OTHER PUBLIC SECTOR EMPLOYERS,"$118,774.00",$559.00,Lakehead Regional Family Services,Psychiatrist,1996,bb23e0fc555861dc57be30fbe566e863be76ca1e50761f0f100386fd9737e20c
UNIVERSITIES,"$110,102.00","$1,215.00",Lakehead University,"Dean, Faculty of Engineering",1996,780288b61df9fdc29031a9cbc9e7bcafae8d505c70d13489a563fe6834b40054
UNIVERSITIES,"$100,545.00","$1,577.00",Lakehead University,Professor,1996,d9baa7ff2f45e437ab434bcf94b9127945c397929673a94233c4ba8275ecd594
UNIVERSITIES,"$167,500.00","$9,509.00",Lakehead University,President,1996,048b772daeb8d3e576f7e9135f214aa78db493778e188f88b0b14c56cf3d719e
UNIVERSITIES,"$106,113.00","$1,020.00",Lakehead University,Professor,1996,e3c1f0fb097ba6e42201e5e580b75689ad3bd5c4a090b7f560349a487d42c763
UNIVERSITIES,"$115,550.00","$1,215.00",Lakehead University,Vice-President (Academic),1996,bac8d1501b2eb729b02690f071bbcfcb1e2caccaf61b3b6122578f0ed6542ba9
OTHER PUBLIC SECTOR EMPLOYERS,"$123,118.00","$5,285.00",Lakeshore Area Multi-Service Project (LOMP),Physician,1996,991e7edb6605bd8195dd0cdc5c398c76fbb8fd7f1272d92f80da5d20b0e50e82
OTHER PUBLIC SECTOR EMPLOYERS,"$122,376.00","$5,285.00",Lakeshore Area Multi-Service Project (LOMP),Physician,1996,382a68dba7760efe873d8a269cde931aa060aaef3f64afafb578644ebf85f861
COLLEGES,"$104,000.00",$725.76,Lambton College,"V.-P., Learning Services",1996,3f9f6effa0dfa259391599402304019c1f1b87f1e311af4ac7e17705db40b234
COLLEGES,"$106,827.86","$12,480.00",Lambton College,President,1996,2a57ecde4a6d52d625c31a390ccf406a333caf8c9a1791cc9ee3181e9f7983e9
SCHOOL BOARDS,"$118,203.71",$270.63,Lambton County Board of Education,Director of Education,1996,73f8483337b9dcfd22e7ec7a2f1e084c29cd6ceb50a2b43d120b06a7a2e7e3b9
SCHOOL BOARDS,"$106,950.00","$3,364.00",Lambton County R.C.S.S.B.,Dir. of Education and Secretary,1996,16e3923a28940817204bc590e7ea50666347916cc3a2f8c3a8b241da978b63b3
OTHER PUBLIC SECTOR EMPLOYERS,"$120,131.00",$662.00,Lambton Health Unit,Medical Officer of Health,1996,910ea2213560f865ef27da643dbb291c5aad2ccbefba16ae6215b388322ff9b9
SCHOOL BOARDS,"$121,649.00",$269.00,Lanark County Board of Education,Director of Education,1996,189d88d646e124090f8aece3f76f2fdf8f9a5e6c6289d0072be9b4c4f7f75574
SCHOOL BOARDS,"$112,387.00",$630.00,"Lanark, Leeds & Grenville County R.C.S.S. Board",Director of Education,1996,a828084f4bc1dd578226116ce77af3347d5804b4f54ed7a5116c2bc578e565f1
HOSPITALS,"$108,813.00",$499.00,Laurentian Hospital,CEO,1996,54854d655bcab88d559f9ac889b740d9c97671af1be13dbc949ac591622fb558
UNIVERSITIES,"$110,116.00","$1,809.00",Laurentian University,Full Professor,1996,a7cda6b97d0b000b56c36cecb216e5858aa9feb4e8ee3c73580ed23134380039
UNIVERSITIES,"$105,003.00",$444.00,Laurentian University,Full Professor,1996,c4e6b85583dc7dad2931e732c9756db7ea5363aa7c1df81eaacb0ef38132efa3
UNIVERSITIES,"$101,523.00",$444.00,Laurentian University,Full Professor,1996,3e4abeb14173d82708e445377b5f0646845d2578e62b2d21719d930ec20db7ab
UNIVERSITIES,"$114,428.00","$3,046.00",Laurentian University,"Vice-President, Administration",1996,bf568c788025dbef682cf5615f20ad2df55d1a5cdc5e2ce6042c1602cca393fa
UNIVERSITIES,"$108,074.00",$444.00,Laurentian University,Full Professor,1996,189811f3ac1da762f7c6b05fab306672163ee82f1e2653400bc4927977c42e66
UNIVERSITIES,"$100,020.00",$444.00,Laurentian University,Full Professor,1996,0757b6ad56e4fbf00d9003c03f060fdfd9f473a6da75914dcec5834e7cf54d3f
UNIVERSITIES,"$105,239.00",$444.00,Laurentian University,"Director, Academic Staff Relations",1996,efd9724e32260a3c338d4cd7493fba3f71eac33e4b3b63c768a21f53fdf5c2dd
UNIVERSITIES,"$106,003.00",$444.00,Laurentian University,Full Professor,1996,1a214df53155d3a3c8b4e2967f6c9f97ecf787f2586c2c8f5648531855b567cd
UNIVERSITIES,"$104,337.00",$444.00,Laurentian University,Full Professor,1996,6ed9d31c62b0d219851e5721f0fc7ed16d63c13d60d970b4d5bc8e8c86f1f423
UNIVERSITIES,"$116,229.00",$444.00,Laurentian University,Full Professor,1996,f87288300637bbceaeebe98df960bc493a04487ef804c1f8258beb0d2e7c2327
UNIVERSITIES,"$139,506.00",$444.00,Laurentian University,Full Professor,1996,39d32d7135d6dd72ae59322bc713f30e42c313090a4f63408b420a9c3c3bad6e
UNIVERSITIES,"$106,577.00",$444.00,Laurentian University,"Dean, Science and Engineering",1996,ce79517ae390bf32723e60e90e000e751871d9c236d890185743299ffb0f6cdc
UNIVERSITIES,"$109,003.00","$1,742.00",Laurentian University,Full Professor,1996,35d3c3e4775460662fcd027f32649a7d30a8b0b949102b5d314534ecfa8ae546
UNIVERSITIES,"$145,797.00","$20,400.00",Laurentian University,President,1996,f498b73db23f3ac1f8bc60173b3b12d216a9abbd7d4926b5cb4747951fa6eabc
UNIVERSITIES,"$101,471.00",$444.00,Laurentian University,Full Professor,1996,724c40764fa53610182c665039fcb517434cb268609accd5afa22ef2cebf6e85
UNIVERSITIES,"$107,624.00",$444.00,Laurentian University,Full Professor,1996,8638a4cf5933c68203e91c9f5d28d90847850d8842a10a3108b9b47fc66b3ce3
UNIVERSITIES,"$103,926.00",$444.00,Laurentian University,Full Professor,1996,d12239b97d487e86c771d2efc54f16d046ff09b93b4777fb373748f0728f3a8a
UNIVERSITIES,"$111,740.00","$4,944.00",Laurentian University,"Vice-President, Academic",1996,4ced1e2609187658f6c8087bf8b3bfd9c908dfdea950649574537255c65c9723
UNIVERSITIES,"$103,926.00",$444.00,Laurentian University,Full Professor,1996,9e8de6f1b7083f4c63deac6adf5d16a769f9102cf40aa14abc99608e90549b11
UNIVERSITIES,"$100,736.00","$1,670.00",Laurentian University,Full Professor,1996,3aeaf6faa2578210fa55d783c5bffde830c10818ab6c5a44f32da579d73c4289
UNIVERSITIES,"$121,279.00","$1,180.00",Laurentian University,Full Professor,1996,f38ad5c8476e91872a5505cba9b7a18d19a46d6ce89d01d6359b32808622322e
CROWN AGENCIES,"$104,063.89",$509.16,LCBO,Chair & CEO,1996,06dd623d64de55182baafb4f84617a1cf179d0dcef0e9686324d9d7917098e71
CROWN AGENCIES,"$117,937.80","$1,079.66",LCBO,"VP, Finance & Administration",1996,514ef91d9ceb21bb14d151279147c5c0787acef00103e0bfe97bd99439edfcab
CROWN AGENCIES,"$100,700.51",$492.64,LCBO,Exec. Assistant,1996,beba34ac7bdc3624ffea9e4d0e45945d50c4bca5f40edb0bce0d539a4312b87e
CROWN AGENCIES,"$100,445.58",$491.54,LCBO,"VP, Corporate Affairs",1996,04f051712023831083fc5c0a3f16b1a0d73f795a33604883d06e7a39a74febce
CROWN AGENCIES,"$152,301.41",$759.74,LCBO,Executive Vice President,1996,6987e262fc5a26f4c7b8fa1b7f90775d2ae4a3e4682e967abd6b0ddece970090
CROWN AGENCIES,"$108,861.45",$532.76,LCBO,"VP, Human Resources",1996,cb2c4c89570e7c8e00e21679753b123e1030d5bdfebedca8e6f59a5181c4f6c6
CROWN AGENCIES,"$109,339.99",$530.58,LCBO,VP. Information Technology,1996,1cd07700bebc049f60c185c63d1abaffa94759f3e019dcebf8e1336f0fad420c
CROWN AGENCIES,"$106,808.43",$532.76,LCBO,"VP, Distribution",1996,3c4a59f8ae3a9b0e3671aba21b634b3a4248b122d53e9f39285058358a49979b
CROWN AGENCIES,"$120,569.31",$586.14,LCBO,"VP, Retail",1996,ce6278cb9aaa459d0a81434d93ad66d8654b1cedf730013c82f897cc75f5634c
CROWN AGENCIES,"$120,728.72",$589.28,LCBO,"VP, Merchandising",1996,2805b3fd4c6606f3312a5c0e33e5c48bc041fcf45e737a661a309e4369d44e42
COLLEGES,"$110,757.56",$566.26,Le Collge des Grands Lacs,President du College,1996,7c1119b1247ebe507c7b8ec5e17d13b67570894a3db48903b1de0f1834919065
SCHOOL BOARDS,"$103,894.00",$489.00,Leeds and Grenville County Board of Education,Supt. of Education,1996,677e4b600abc0b1f0b5330014e7a8db3ee41193bb8a270ddbac3240d5c5f2cc8
SCHOOL BOARDS,"$101,298.00",$476.00,Leeds and Grenville County Board of Education,Supt. of Business and Treasurer,1996,898e28003102d2c8ad209b3b4f5265e295a27267d2b43e4d570e4065aa5427a5
SCHOOL BOARDS,"$108,501.00",$359.00,Leeds and Grenville County Board of Education,Director of Education and Secretary,1996,b008306a2f3da7f1cea8d22b7f18b3566f7cbdc4bed1c9607dc5d1bce6dff6eb
SCHOOL BOARDS,"$102,497.00",$483.00,Leeds and Grenville County Board of Education,Supt. of Education,1996,9c927ae16da1c841d1b69cc5b5f6243e9b667d6cd4953261987ebaaf57df4885
SCHOOL BOARDS,"$103,376.00",$484.00,Leeds and Grenville County Board of Education,Supt. of Education,1996,691042d9ba7921c643cb6ffbb0c03261478f642df3d81876eac499e1168c129f
OTHER PUBLIC SECTOR EMPLOYERS,"$125,036.58",$682.92,Leeds Grinville & Lanark District Health Unit,Medical Officer of Health,1996,d11214c35368181abcbf9e04e72dd16914718049a0e708e9e5db97ae39c645f3
ONTARIO PUBLIC SERVICE,"$118,192.01",$338.04,Legislative Assembly,"Director of Legal Services, IPC",1996,68eb58575f96b4aba5714fb0488b2a4de15583ff3bd831995a823c63c067f981
ONTARIO PUBLIC SERVICE,"$104,492.87",$298.80,Legislative Assembly,"Asst. Commissioner, IPC",1996,a6068cd34f838f856baa1d4c957d367913bfd9fff1e5913ea060186a3382ada1
ONTARIO PUBLIC SERVICE,"$104,285.62",$298.56,Legislative Assembly,"Legal Counsel, IPC",1996,7aa95123bfb22275dae54d37bafe71f13539f32585f402891442c9a8c0037f93
ONTARIO PUBLIC SERVICE,"$101,308.51",$270.15,Legislative Assembly,Minister of Intergovernmental Affairs ( and Women's Issues),1996,dc720bac65d627d6fb2fe20ae5443f8c2a3991ca3549f7245cdd563e9ceb9a7c
ONTARIO PUBLIC SERVICE,"$133,363.79","$8,686.40",Legislative Assembly,"Clerk of the House, Legislative Assembly",1996,d49e025593ecd235b0db4fb3c8ba5f6b3f7998409d314b99fc14b89c8d646e6a
ONTARIO PUBLIC SERVICE,"$154,751.00",$0.00,Legislative Assembly,Integrity Commissioner,1996,f04128035c2cd88b8e2850c1a9bd3223b4e36835380a0bff467ebea23749c571
ONTARIO PUBLIC SERVICE,"$101,308.51",$270.15,Legislative Assembly,"Minister of Finance, Deputy Premier",1996,be77b4eabf5e5b8afb204a22fa6095d45825d45903aec08c66cca183e148a985
ONTARIO PUBLIC SERVICE,"$115,768.99",$338.28,Legislative Assembly,"Director of Appeals, IPC",1996,03cb5889b145acde9954819aea28212dfa112490efddc1a2d5b418265eba8053
ONTARIO PUBLIC SERVICE,"$101,308.51",$270.15,Legislative Assembly,Attorney General (and Native Affairs),1996,0f082c0f83969e37b073bfad51d1a0778849eaca1fb05aed043a77b0585d8105
ONTARIO PUBLIC SERVICE,"$126,142.87",$332.43,Legislative Assembly,Premier and President of the Council,1996,e7fcc6e1ad660f9c3b89c160eec97621dfd4830ecca74a70dac27e9a860ecf75
ONTARIO PUBLIC SERVICE,"$101,308.51",$270.15,Legislative Assembly,Minister of Natural Resources and Minister of Northern Development & Mines,1996,7c3f0cbf3d236cce9b1dc8a9f8e295e2e4620fff0dc344ae5a729e6201ec4519
ONTARIO PUBLIC SERVICE,"$101,308.51",$270.15,Legislative Assembly,Chair of Management Board of Cabinet (and Government House Leader),1996,e6f7d650eaa4b18ca70bbfc46ef62915b9b716b00d55624805bab8c33852df1e
ONTARIO PUBLIC SERVICE,"$101,308.55",$270.15,Legislative Assembly,Minister of Municipal Affairs and Housing,1996,307c87c265bf9e693a8976e9ab6b9c1d37c2da77e60da5b56ac7129c5a3e6651
ONTARIO PUBLIC SERVICE,"$109,674.93",$313.68,Legislative Assembly,Environmental Commissioner,1996,db678789a8c3b4ab27139207adaa076bc2902a0d24181d7d00d23b99634db69e
ONTARIO PUBLIC SERVICE,"$105,491.98",$281.51,Legislative Assembly,Leader of the Official Opposition-Liberal Party,1996,f900b5e6c77feace2a5f86d3acd84bfacbbac1b219767788a4c419201bd9e88e
ONTARIO PUBLIC SERVICE,"$101,308.55",$270.15,Legislative Assembly,"Minister of Citizenship, Culture & Recreation",1996,1e1748f48895efd0224c582722a83657e30f6596000ddabdf92e9baaccff221e
ONTARIO PUBLIC SERVICE,"$101,308.55",$270.15,Legislative Assembly,Minister of Transportation,1996,ef466bdb2b0f6c5264fb64764079658d2b6ea4af9ef1765f49875d0f387a3b82
ONTARIO PUBLIC SERVICE,"$108,038.75",$309.00,Legislative Assembly,"Controller, Office of the Assembly",1996,d1777ead4060a14ebb8abf05582802f1907c10733f3b6d33e17d6d60256c703a
ONTARIO PUBLIC SERVICE,"$101,308.51",$270.15,Legislative Assembly,Solicitor General and Minister of Correctional Services,1996,4d4eb6798f8712bd3b8b3da527efc8be47d1cc3a7e9c3beb09abf467fdff5d56
ONTARIO PUBLIC SERVICE,"$101,308.55",$270.15,Legislative Assembly,"Minister of Economic Dev., Trade & Tourism",1996,366a2f4af6bf29fde62d1ef79346ba24c62dfd2fb62402888ecc743dc387b9ea
ONTARIO PUBLIC SERVICE,"$101,308.55",$270.15,Legislative Assembly,Minister of Education and Training,1996,b3cbad02f9f62fd9bee1c933ac5462f2645cbb151faea1c5d027635bd4879281
ONTARIO PUBLIC SERVICE,"$113,835.71",$325.56,Legislative Assembly,"Executive Director, Assembly Services, Office of the Assembly",1996,39ea793ba1ab894cfc6b8b8d59d35aed75841c37ac9c37cfd563882b744eabd6
ONTARIO PUBLIC SERVICE,"$101,308.51",$270.15,Legislative Assembly,Minister of Environment and Energy,1996,c11bd3f75682a863f108dea37547e7ebb210059120be7f818551d3d0f4fd5967
ONTARIO PUBLIC SERVICE,"$101,308.55",$270.15,Legislative Assembly,Minister of Consumer and Commercial Relations,1996,0ca9e0e635a35ee4c8ca35c560b32fad44f2be4c3e4b2af96bbc0e781626b5a5
ONTARIO PUBLIC SERVICE,"$101,308.51",$270.15,Legislative Assembly,"Minister of Agriculture, Food and Rural Affairs (and Francophone Affairs)",1996,f322e6d30894c4f5e804eab4ff3b2df4950a0c7ac62b0d2e33d75f4ad6772d34
ONTARIO PUBLIC SERVICE,"$101,308.51",$270.15,Legislative Assembly,Minister of Labour,1996,b1e698bdbf75dbe5fa063cfc71256b2d9919dc22845241a45b7ad2ed9f753012
ONTARIO PUBLIC SERVICE,"$118,241.67",$338.16,Legislative Assembly,"Info. & Privacy Commissioner, IPC",1996,985f33f44d07ec2c41be1ade831501fd2ebeae1e39907d5a64f2b2648eaf77c1
SCHOOL BOARDS,"$101,095.00",$220.00,Lennox and Addington County Board of Education,Supt. of Schools,1996,e914436f49aa3f58b3e087ea2d92c14a6d93c384ec4255a6d2abe97565ae0d90
SCHOOL BOARDS,"$115,308.00",$220.00,Lennox and Addington County Board of Education,Dir. of Education,1996,63126cde900cb868418ad7a3b61deaf3e51e7d8a839c0bff0d0d92c842d64a22
SCHOOL BOARDS,"$101,789.00",$220.00,Lennox and Addington County Board of Education,Supt. of Business,1996,aa0c49d52aff4c050eac3a878890b41b3761ee77e049e12a0e4581cef869f4fe
SCHOOL BOARDS,"$114,756.00","$4,293.00",Lincoln County Board of Education,Director of Education & Secretary,1996,9162cbb7a72e57c3a0234d06e3cf6d977a04e3f9a5cbe6661dfdc3dc7739ea59
SCHOOL BOARDS,"$103,943.00",$641.00,Lincoln County Roman Catholic Separate School Board,Director of Education,1996,991b6ce4e30981d543e67e6c2e4e0c0ede50b9f4e50881bb3426865e774450ea
SCHOOL BOARDS,"$105,398.02",$554.32,London & Middlesex County R.C.S.S.B.,Supt. of Schools,1996,5381af6cab30d91c7f7f5b3e78388a1412a239229fa577415e54a641c2df83d8
SCHOOL BOARDS,"$105,398.02",$554.32,London & Middlesex County R.C.S.S.B.,Supt. of Schools,1996,565b8a34ac6b98f8eba3b724dc2d5492aedc64886a7c3faa470b1a774060be06
SCHOOL BOARDS,"$118,573.00",$630.28,London & Middlesex County R.C.S.S.B.,Director of Education,1996,86be7af8ab52105ea2b2950b20f6461711c4fbc050c6187859879a1a591f5af4
SCHOOL BOARDS,"$105,398.02",$604.32,London & Middlesex County R.C.S.S.B.,Supt. of Schools,1996,a3dc6accfc2cd99a67b1311879b13d4a0ec6a57d90b39afb8b04eb18bf0d71c8
SCHOOL BOARDS,"$105,398.02",$554.32,London & Middlesex County R.C.S.S.B.,Supt. of Business,1996,2ec53bc0b429f0af6ef6d3a5655c5d14a144dfacc8620b3006ecf5b26d590280
SCHOOL BOARDS,"$105,398.02",$554.32,London & Middlesex County R.C.S.S.B.,Supt. of Human Resources,1996,9486041c37e793cc943d98d7c62a8fb4cb6298e67965c75472d196e7d227f2ca
SCHOOL BOARDS,"$114,747.00",$748.00,London Board of Education,Supt. of Business,1996,b908278f8f337007b50378654c6d00b79e8a3858d5e3b46d6f91e7ac5bfdba10
SCHOOL BOARDS,"$114,747.00",$748.00,London Board of Education,Supt. of Sch Op,1996,66b9fd111a177867bc3e6ae939cfab3ccc25693b6a1cf3be9ac6506589f392bb
SCHOOL BOARDS,"$106,520.00",$688.00,London Board of Education,Asst. Supt. of Bus,1996,d8c3083597a6e5b1d0c941fd6ff762f8cc9aa63a5b746181459b87138df514ae
SCHOOL BOARDS,"$114,747.00",$748.00,London Board of Education,Supt. of Hrs,1996,614c198d5035673c03457613abf49f2243dc3bd7605005c79d065bc08861f233
SCHOOL BOARDS,"$106,518.00",$695.00,London Board of Education,Supt. Education,1996,33d0881ded6f7865d1e2ef137133f5122ae0cccf6d6a1d9b2e3b29e5a0cf25fa
SCHOOL BOARDS,"$141,950.00","$9,551.00",London Board of Education,Dir. of Education,1996,30fddc3e9eb8bf626429a7f55853ebdf1f56969fdd2d5422b794ee373688603c
SCHOOL BOARDS,"$117,747.00",$748.00,London Board of Education,Supt. of Ess,1996,5b2953c77b866e33f881e2a07306b0ff236386427c1eb30c2c490d19b10698d8
SCHOOL BOARDS,"$106,518.00",$695.00,London Board of Education,Supt. of Schools,1996,cc7937a80c458c3954fbed0bd19c22a10a1858575064728a660a7d60d639974a
HOSPITALS,"$126,298.00","$19,222.00",London Health Sciences Centre,"VP, Patient Networks & Alliances",1996,48014f527ef5d977bfa6eec77db63bf3a01834d11e889a8c0fbd50bab05b6ca3
HOSPITALS,"$151,275.00",$447.00,London Health Sciences Centre,Physician,1996,e6722545311e527d5d4cfc5ce9c14db5c749ff56ebbf96da4ae5f47f358c8b4c
HOSPITALS,"$142,361.00","$15,082.00",London Health Sciences Centre,"VP, Integrated Diagnostic Services",1996,37d1e9bd038c04eaf8ec49927e6a4c298b46ccb91356494e20658a426f1c6e82
HOSPITALS,"$145,844.00","$10,990.00",London Health Sciences Centre,"VP, Finance & Information Technology",1996,e15191244164db9dfb2fad883c330f710a79a096d74e3066efecd230589f13ca
HOSPITALS,"$232,669.00",$260.00,London Health Sciences Centre,Physician,1996,aa95d726ae5a445a735aab57c8b8764d96a1bf165b7502164c51532e5e8efb12
HOSPITALS,"$185,107.00",$604.00,London Health Sciences Centre,Physician,1996,512d32eb16f8c3d6a8e6f38919547ad3b6a2d54905e5d83d0c29f94e893d1585
HOSPITALS,"$123,900.00","$10,506.00",London Health Sciences Centre,"VP, Integrated Planning",1996,7f32251174357e7149b49c9dc6fdb1e213d5e9d7d6e9e6eff9c99ff470993418
HOSPITALS,"$160,787.00",$407.00,London Health Sciences Centre,Physician,1996,e75bf80a68f078469fad30e68bed29289940a92ce8c69734977bc716a7a1176a
HOSPITALS,"$299,999.00","$21,480.00",London Health Sciences Centre,President & CEO,1996,d9b4006689029cec5085594e6d7986bff2152b597b3ac0bb5a24b23b35d88a76
HOSPITALS,"$154,832.00",$391.00,London Health Sciences Centre,Physician,1996,848a8518bd7f446fcd6a25845607a6c7dc20b6954d844bffa35db6dd0ce03f57
HOSPITALS,"$138,637.00",$452.00,London Health Sciences Centre,Physician,1996,bffc02656fd64b6df5b835e825580a278b5922aba29d1c6d1eb8d7d2390c78e3
HOSPITALS,"$138,903.00","$16,235.00",London Health Sciences Centre,"VP, Human Resources & Corporate Services",1996,455467d9f7d9baf75c96d9ceec1cfbe354aa527bcce29b1ecd434f9d763d1318
HOSPITALS,"$169,542.00","$11,849.00",London Health Sciences Centre,"VP, Academic & Medical/Dental Staff",1996,c8a592789efff63a29d4e0aa041ff0e202b83009fa2c754795a9d795bc42ac4c
HOSPITALS,"$187,355.00","$11,332.00",London Health Sciences Centre,"VP, Research",1996,49b081141701453131b0f9e238f586fc91f409fc9b190546f608952d29a3e7e5
HOSPITALS,"$149,163.00",$486.00,London Health Sciences Centre,Physician,1996,ca356f09848298b7e0fa3135f4b97a1e24cf755b37ec3f5dc9e3c0cd3773e4f5
HOSPITALS,"$138,637.00",$452.00,London Health Sciences Centre,Physician,1996,48ec149929ee02ca885817814811bc8650f0dd9002a0e3cc2ea42e559783aef0
HOSPITALS,"$134,727.00",$439.00,London Health Sciences Centre,Physician,1996,78d58b6422238d0659e0b1e9d6223a7e37a890e94a188b5cf593c97343537013
HOSPITALS,"$185,107.00",$604.00,London Health Sciences Centre,Physician,1996,7bb6b968319c64d294ebca4b67c14c841148dae62e0f000cebb5f9ed1156cfed
HOSPITALS,"$138,637.00",$452.00,London Health Sciences Centre,Physician,1996,3dcb1af993ed0b9d1669a80a7c4853c1d6dd9301e57005ece1385da75c620a94
HOSPITALS,"$110,855.00",$296.00,London Health Sciences Centre,Physician,1996,3c3bb31d8c3070b77336d294ca5fd97aedbfd30bf6cf2e055d96c94ed93137ae
HOSPITALS,"$148,057.00",$424.00,London Health Sciences Centre,Physician,1996,77d59a46595d815c0057e8eb9d6d1330d0020f5676e3be714c4896d83214f1c1
HOSPITALS,"$129,399.00","$10,261.00",London Health Sciences Centre,"VP, Patient Care Systems",1996,6eba9d24cc7ce05daf5c9e26d8766de942b445fdfba06746ed9a483ea3061cf7
HOSPITALS,"$185,107.00",$604.00,London Health Sciences Centre,Physician,1996,53a2489e9bf7b88021933776ce7369d07d0645adc8866b5eb2889725b16db289
HOSPITALS,"$185,107.00",$604.00,London Health Sciences Centre,Physician,1996,7ab38ab3860e86aec43470df691ec0a547d6b7adb9ffb45425cb746d7df4e9a1
HOSPITALS,"$150,021.00",$377.00,London Health Sciences Centre,Physician,1996,630f37eb2888cae45d8acc62820c654eb02d5affbe036973f343fc66859b4431
HOSPITALS,"$138,637.00",$452.00,London Health Sciences Centre,Physician,1996,fd9054ffc2ed54777837181322ac72dc6300c5b8e7f64ba6b8ed0adab1a0d025
HOSPITALS,"$185,107.00",$604.00,London Health Sciences Centre,Physician,1996,25bc0789187c1f10e989297ade639226d736aedb1331b07854125f8c677f9ee8
HOSPITALS,"$185,107.00",$604.00,London Health Sciences Centre,Physician,1996,06286a53631190ef2a9e07c11f1eb23e3a4a7afa477c66ae05360f77f57846e9
HOSPITALS,"$295,233.00","$15,609.00",London Health Sciences Centre,Physician,1996,82e8a8aa2b4264808484c7109df57c66fe19636e4573b48e1fef8120d7238579
HOSPITALS,"$148,876.00",$377.00,London Health Sciences Centre,Physician,1996,c92bf51042da0b7acd5d2afe13b78d630f31a0c42d4612436aa38b9fdbccf357
HOSPITALS,"$185,107.00",$604.00,London Health Sciences Centre,Physician,1996,2e13dd5047dd2b6f1f1b5339ee391cae79a2a28c152b859466987dec7032009d
COLLEGES,"$114,178.00","$7,693.00",Loyalist College of Applied Arts & Technology,President,1996,612195b4ac0184afadd23729c58900fa659aeaceb217f864628b954b0971d8cb
ONTARIO PUBLIC SERVICE,"$100,680.43",$290.40,Management Board Secretariat,"Adm., Program Mgmt & Estimates Division",1996,c7b3ca8d8568883de79aee7796d499a3b3c1b77f7ca03010c651ad9723f0fc36
ONTARIO PUBLIC SERVICE,"$103,119.60",$297.48,Management Board Secretariat,"Adm., Services Division",1996,5c994dbb1c75a144e308f8300586da03639a1ad48dca472e0d8d2a39a50f2ea2
ONTARIO PUBLIC SERVICE,"$106,692.00",$199.12,Management Board Secretariat,"Adm., Services Division",1996,6be4f387495e46eab566e1ec43cd4a3bf66c54a8a89399c71bc81567046de778
ONTARIO PUBLIC SERVICE,"$103,003.06",$297.00,Management Board Secretariat,"Adm., Corporate Initiative Group",1996,a941a52a6235bde93a34435a148dff8ce0a25f2ffd7ece47c5199d36a8690391
ONTARIO PUBLIC SERVICE,"$118,744.37",$0.00,Management Board Secretariat,"Adm., Supply & Services Division",1996,7b02269e413dd6b851b59e783ac1bf49876c77bc68559d5dde99dd7d5fc4eb79
ONTARIO PUBLIC SERVICE,"$129,093.70","$5,007.60",Management Board Secretariat,Deputy Minister,1996,0e806260ae651d6aa807783f8e84c2979f6dc1123e589bdaf33115672960a1b2
ONTARIO PUBLIC SERVICE,"$112,387.83",$324.24,Management Board Secretariat,Chief Actuary,1996,99074e4d4bbf1aadee9c8021706301033f81bb236b49ead1b60d9f33070bd76b
ONTARIO PUBLIC SERVICE,"$100,876.80",$291.00,Management Board Secretariat,"Adm., Human Resource Division",1996,9dbe0415e678bec0aab7f7304c2c1a0c4af1cbcb7e4064e2e4a9e4e56baa7745
OTHER PUBLIC SECTOR EMPLOYERS,"$100,000.00",$942.00,Manufacturing Research Corporation of Ontario,President,1996,80c526ce2b568c0c715a0c55dcb7b2c6d68a53c5be72bfbe4bc082ae3eee2e94
UNIVERSITIES,"$105,880.86",$247.80,McMaster University,ASSOC. VP (ACADEMIC),1996,f5166952495fb0c93ed9e2ea4d69f9ad3a54bee7cff369c8fec4d4d8bb916f76
UNIVERSITIES,"$143,987.07",$793.68,McMaster University,PROFESSOR - HEALTH SCIENCES,1996,6f63f403522c50fd3efb324d5744e01d5cfc14a7c653e55dc6d38b2f4cca7035
UNIVERSITIES,"$205,859.04",$312.12,McMaster University,VP (HEALTH SCIENCES),1996,c3223a1dd9ae23e0ff1542788e2e4bbbb454bcbcf17dfae53413ec4199168eb2
UNIVERSITIES,"$129,961.56",$513.00,McMaster University,PROFESSOR - SOCIAL SCIENCES,1996,da59d784b99757208dcf58a8db1f6e6f0abcf2d207da258605131de2ceef2131
UNIVERSITIES,"$102,489.26",$234.12,McMaster University,PROFESSOR - SOCIAL SCIENCES,1996,d737506c209b4c3a166e05b6153236797c2744866d9d60cb4fc8ac8309bd9997
UNIVERSITIES,"$100,592.94","$4,702.50",McMaster University,ASSOC. PROFESSOR - SOCIAL SCIENCES,1996,2858d232aefccecd9296505e621220420c0e1ff9204e0a26880e4cf75b62797e
UNIVERSITIES,"$108,884.10",$513.00,McMaster University,PROFESSOR - SCIENCE,1996,d2c954341713779577a3ddc37e9a1e3b5a35589e42191f7df8b3860a20c74cd5
UNIVERSITIES,"$146,234.12",$247.80,McMaster University,ASST. PROFESSOR - HEALTH SCIENCES,1996,d9b9b2ad18931ed0017689cb682ff440b32c6517b211b28de836d4000af6e9fb
UNIVERSITIES,"$115,985.16",$247.80,McMaster University,PROFESSOR - SCIENCE,1996,9571b12324f88419f5146336d794f3fe709c8316d1116a3d06e40d5d43061d81
UNIVERSITIES,"$154,337.70",$826.11,McMaster University,PROFESSOR - HEALTH SCIENCES,1996,fa8c4fce2ea5ee3a5f98da86cdddf3020a740904ab7f5f9e204d232a0725076b
UNIVERSITIES,"$129,021.03",$513.00,McMaster University,PROFESSOR - HEALTH SCIENCES,1996,c3429a94f0d87489a53984ece4bafd79f609b19348caf08aa1c1af3cdfbb5635
UNIVERSITIES,"$101,583.72",$623.28,McMaster University,PROFESSOR - ENGINEERING,1996,3d49f771967b0f98769a86447162b525997ab6d09230c38935becc3c40065e53
UNIVERSITIES,"$124,770.78",$247.80,McMaster University,DEAN & PROFESSOR - BUSINESS,1996,0447ee439226f61bb8d2f6b37dc0e531117c12ac3407708bdb67aab032966257
UNIVERSITIES,"$100,587.72",$619.38,McMaster University,ASSOC. PROFESSOR - HEALTH SCIENCES,1996,4a1718cec79dad7a5d75cdae5edeaeeb8df383182faee2fd7c486f5a10014c87
UNIVERSITIES,"$135,717.18",$752.16,McMaster University,VP (ADMINISTRATION),1996,59d8a8fc7e12ee853ffb4d045fce6cbd1051a623fc759ec4f4ab8b4109456c30
UNIVERSITIES,"$133,559.49",$185.85,McMaster University,PROFESSOR - HEALTH SCIENCES,1996,2537f6e20b27fe920ed647182b8d0b9b76bc3a5fa885c50f64c8dd6792c47c4e
UNIVERSITIES,"$104,701.14",$635.22,McMaster University,PROFESSOR - ENGINEERING,1996,196900e18134175204d5a37c5da22bea08cde77a4f3cfbe83dc970b541dadbb7
UNIVERSITIES,"$104,860.74",$247.80,McMaster University,PROFESSOR - ENGINEERING,1996,999dc04d66d83c5162d8dba7cd6f5963d4581a23055e4dd329166c3010c87ca3
UNIVERSITIES,"$101,027.58",$594.24,McMaster University,PROFESSOR - SCIENCE,1996,76fb309a74a6bbab4531c03ddc63cbcd7dc63e814171ec43b3c259522fdf1bcf
UNIVERSITIES,"$146,219.07",$247.80,McMaster University,ASSOC. PROFESSOR - HEALTH SCIENCES,1996,260a60077799192b31f59e5facdb90f23bfb73632790ab2860852166525239f7
UNIVERSITIES,"$102,437.94",$513.00,McMaster University,PROFESSOR - HEALTH SCIENCES,1996,c80aa604a1210cf6184ff89c965f1a1b2e37a8394807e79f8c65b3467a611a75
UNIVERSITIES,"$104,357.52",$915.18,McMaster University,PROFESSOR - HEALTH SCIENCES,1996,24ddfd4300bff22c13c2c691af0ac23730cb724beeeb26b6e349fcb14cee1a00
UNIVERSITIES,"$193,860.07","$8,824.27",McMaster University,PRESIDENT,1996,00d2b1148efc5be678ff7b3eed4480feb9614fc23d9215c8078ec1246c5c8741
UNIVERSITIES,"$103,918.74","$2,108.59",McMaster University,VP (RESEARCH & INTERNATIONAL AFFAIRS),1996,d346529d7a50eeaf904097b7215bc453b4f64a9120f0507279ec7d692f082f1d
UNIVERSITIES,"$103,033.14",$628.92,McMaster University,PROFESSOR - HEALTH SCIENCES,1996,eeb6050121bca3e098cc040c4620e96f4969f54e0ff717fbc21b00261439114e
UNIVERSITIES,"$147,845.99","$1,155.30",McMaster University,PROFESSOR - HEALTH SCIENCES,1996,b2a7cd82744fc7c55f756b45f94310c26fae95530aee7649de67e9f7f80fd487
UNIVERSITIES,"$101,926.44",$624.72,McMaster University,PROFESSOR - HEALTH SCIENCES,1996,871ddf4cbe627bba9c02f97aa806a7a53110383f56565b7ba19fbbc8aafffb2b
UNIVERSITIES,"$103,376.52","$3,542.32",McMaster University,PROFESSOR - SCIENCE,1996,09cfeecf5fc36876162185c96532ee38de5544b906c62739f915dbcc2a5aef1a
UNIVERSITIES,"$100,617.00",$247.80,McMaster University,PROFESSOR - HEALTH SCIENCES,1996,e67d8f400b3ab6c0dd6bfce097cfee3aa2607c3b2393548013f2af94235ec8e8
UNIVERSITIES,"$131,212.14",$737.34,McMaster University,PROFESSOR - ENGINEERING,1996,4be727fa5e0d7d8d50410f59a9dc7c1107279b531fb762374d09a3b5780a9915
UNIVERSITIES,"$111,264.00",$513.00,McMaster University,UNIV. LIBRARIAN,1996,2d87c0b2fbd44e2b2a0307f2a17eec3336b7dcda6b912c15c3a7c844cd58e9bb
UNIVERSITIES,"$102,332.84",$247.80,McMaster University,PROFESSOR - HEALTH SCIENCES,1996,930eb14c261ce1687b9afd28d04aa9f749e2f0a6fe0250de3acc2c49955b3d32
UNIVERSITIES,"$100,440.00",$513.00,McMaster University,ASST. VP FINANCE,1996,24dfcee8d7046806aa6f665450a2aec2a18ed11918c799e83f170f0537f75ccb
UNIVERSITIES,"$113,872.02",$670.32,McMaster University,DEAN & PROFESSOR - SOCIAL SCIENCES,1996,dec4442da978e95ae5a4764fd89e7326f6eeb13643d69553b7cb038ded6e8fe8
UNIVERSITIES,"$176,256.42",$513.00,McMaster University,PROFESSOR - HEALTH SCIENCES,1996,e770942b03df844b9845f7bff512a1fc4731b068bebd61098a1c56797bdc870e
UNIVERSITIES,"$115,456.74","$1,263.03",McMaster University,PROFESSOR - SCIENCE,1996,49d19ff09db1af08d0eb38c2884b940e5a84d43a1610896364c8db35a845e9b3
UNIVERSITIES,"$106,597.62",$247.80,McMaster University,ASST. PROVOST,1996,4621c8922b8a1a2e4726ad0b6993dc2cde718ba5e745666ee35bb1806bc76a6d
UNIVERSITIES,"$120,954.78",$697.80,McMaster University,PROFESSOR - SCIENCE,1996,9549c8966b0c40ed5b5dbe11865ec76b91211f3633257dacb4d652f513452a2c
UNIVERSITIES,"$103,280.52",$627.48,McMaster University,ADMINISTRATOR,1996,32f0d4f553b4168cdd9b99862690c1ccdb58829e83ff2ed023f8bcd10c45f2e7
UNIVERSITIES,"$136,584.15","$2,870.20",McMaster University,ASSOC. PROFESSOR - HEALTH SCIENCES,1996,87eb3ba698bce928583eb6c0ebca611d593e11d33a263c5611d397d401e56d45
UNIVERSITIES,"$142,131.34",$227.94,McMaster University,PROFESSOR - SOCIAL SCIENCES,1996,e77aa61700415e1819f37f436f99df4232a79b705c839fb8249b45eb318754a9
UNIVERSITIES,"$111,163.74",$660.18,McMaster University,PROFESSOR - BUSINESS,1996,6adff7f646e84cf08b837d5fae66183226fd7faf222aebfd7c0108e65eb044a8
UNIVERSITIES,"$123,250.55",$994.38,McMaster University,PROFESSOR - HEALTH SCIENCES,1996,c343e931906e486ebb1ae31db5480e704fcb9ec1034875539ce4266432fb504f
UNIVERSITIES,"$106,018.52",$240.78,McMaster University,ASST. PROFESSOR - HEALTH SCIENCES,1996,021de7c6d1689399079d72d526de4e0edb6e391ec43003ebdc547b21d8fd22ad
UNIVERSITIES,"$109,155.11",$773.30,McMaster University,PROFESSOR - HEALTH SCIENCES,1996,3bdf96778303500acc9a67cce19e427eb6a8587ecdad5c53c59d16d0a0a20b1d
UNIVERSITIES,"$124,954.98",$247.80,McMaster University,ASST. PROFESSOR - HEALTH SCIENCES,1996,9ba3f48fbf9010fbfb7481521d71538fad6ceb01b410b418c665e9303a594ac0
UNIVERSITIES,"$164,505.06",$865.16,McMaster University,PROFESSOR - HEALTH SCIENCES,1996,8c50d41b2416bce9a4cd1acc07070b119eeea18a83f0ef87260e9ae233805026
UNIVERSITIES,"$113,705.82",$669.96,McMaster University,PROFESSOR - ENGINEERING,1996,b7fde4388dcafba44e2673ddf537b8dc008dc452c3890e0a199341c14c8ac5b3
UNIVERSITIES,"$112,542.24","$1,645.86",McMaster University,PROFESSOR - ENGINEERING,1996,e641a14448342e8d6b856e690f3870859b56d11c96fa40328c3634753a6f39a7
UNIVERSITIES,"$141,290.63","$1,686.84",McMaster University,ASSOC. VP & PROFESSOR - HEALTHSCIENCES,1996,9cb2583e25813b2bc21f1709b9bd5df486bafcebca58064be0197d54b9a07004
UNIVERSITIES,"$101,910.18",$513.00,McMaster University,PROFESSOR - SCIENCE,1996,1d76ed8c265b13b86c79805ad450bd08b27f7bf78180f2e4ab7bf177399f662e
UNIVERSITIES,"$118,144.98","$1,070.76",McMaster University,PROFESSOR - HEALTH SCIENCES,1996,626d5d67a9c5ba79aa5c36ce0c5d045975f2decfe5271245fc36f559193fe3aa
UNIVERSITIES,"$130,941.00",$513.00,McMaster University,PROFESSOR - HEALTH SCIENCES,1996,90cd9ee76223710467e1fe74618d56316fe27380a436efeb08a18461a653a2e6
UNIVERSITIES,"$154,481.16",$821.70,McMaster University,ASST. PROFESSOR - HEALTH SCIENCES,1996,bdf6e8ce2f8d4bcff1d9ff6fa5d72ac939954c94b576a3e178b8e58ae26175f1
UNIVERSITIES,"$100,617.06",$513.00,McMaster University,PPROFESSOR - SCIENCE,1996,7d4992cdc807a4e73c08f5cf157e43e24b05ea5f065727883e02ff8b40c7b2ab
UNIVERSITIES,"$130,263.66",$239.10,McMaster University,PROFESSOR - SOCIAL SCIENCES,1996,78ef7c9fd2f4ea48885c0cfdbe5c6ed8044aaab71ae9ac35041bda53adaa31c3
UNIVERSITIES,"$102,809.88",$247.80,McMaster University,DEAN & PROFESSOR - ENGINEERING,1996,9cf67b748e616d38c34d99241064680cc3b7ee1bbc1a0ad92f091df98f86126a
UNIVERSITIES,"$105,832.80",$639.48,McMaster University,DEAN & PROFESSOR - HUMANITIES,1996,59af8ae2d77139ceb9ffd527b94cc8a7aecdf7d2b9fb2fc30c659295607cb72a
UNIVERSITIES,"$103,811.55",$513.00,McMaster University,PROFESSOR - HEALTH SCIENCES,1996,a095dfdce8a93c050e2ea17cce1c7f7d81ea15e825fe6ad59217093f1c1c1368
UNIVERSITIES,"$105,249.90",$513.00,McMaster University,PROFESSOR - HEALTH SCIENCES,1996,07e67f99e91bbcca9739b0f01f6143edc9f042aed830704c4c30d198aa750dec
UNIVERSITIES,"$118,726.26","$1,588.20",McMaster University,PROFESSOR - SCIENCE,1996,24b3488474985e378178b08a15903689ec252b43444286c680296aa6e83e5218
UNIVERSITIES,"$101,933.52",$790.76,McMaster University,ASSOC. PROFESSOR - HEALTH SCIENCES,1996,420b1d7f1a9948995587a687caef26c8917ad149ee318b170c584c30b5d4d64f
UNIVERSITIES,"$101,216.42",$637.26,McMaster University,PROFESSOR - SCIENCE,1996,295c56d8b896d3d6918c1b50de3cdb56c91654fe9497c3bd1b9719738e5f55f3
UNIVERSITIES,"$127,355.41",$247.80,McMaster University,PROFESSOR - HEALTH SCIENCES,1996,5f84271fb3a2e0380c2c0595800e6e48238cc2970160f448aad0e1b83b57853b
UNIVERSITIES,"$105,863.16","$5,036.25",McMaster University,EXEC. DIRECTOR,1996,3acda8edf5acb1840248870960ca38b417784fa82caf885154e6dc0a9d72c839
UNIVERSITIES,"$106,101.78",$513.00,McMaster University,PROFESSOR - BUSINESS,1996,f40d2cfe85e5b798e02b65ff7e0adad455f87fa04fe483872cd66017b13c985c
UNIVERSITIES,"$113,603.88",$247.80,McMaster University,PROFESSOR - SCIENCE,1996,9f10c900bb10e81ec04cda33ed9a08e1a10c92fc379266a667c8deb45e0feb61
UNIVERSITIES,"$100,568.34",$619.26,McMaster University,ASSOC. PROFESSOR - HUMANITIES,1996,b8c94f0845d4705c8156ccac6fb5ea6dc60fbfb86a0e30a669d754b7efe75668
UNIVERSITIES,"$102,551.10",$513.00,McMaster University,DEAN & PROFESSOR - HUMANITIES,1996,af9368f47a84eaddb0205b4cd456dba48c5b49debd71d9ec54a381de667135db
UNIVERSITIES,"$117,452.64",$678.84,McMaster University,PROVOST & VP (ACADEMIC),1996,0f3281f207bd6bb41098e30a05c906830e75c2fba75d771f1ed0183f908ccb96
UNIVERSITIES,"$102,761.88",$627.90,McMaster University,PROFESSOR - BUSINESS,1996,7e24e656162f2a4338edbe8f9a94e569cb4aea40753c0be214f5e58036c61912
UNIVERSITIES,"$104,185.98",$880.80,McMaster University,PROFESSOR - HEALTH SCIENCES,1996,86c3198e5e672e9726b8cbf328f76e9b08d05d55501d50c6319a6484ad5a36e8
CROWN AGENCIES,"$104,363.00","$1,248.00",McMichael Canadian Art Collection,C.E.O. & Exec. Director,1996,d819fdc4d3fa7743b4934c1bca5aa3509c1695a11089f8875321fbe9663ea13d
HOSPITALS,"$114,999.00",$619.00,"Memorial Hospital, Bowmanville",Chief Executive Officer,1996,5e6741bf8cc50f2e0d7b550a81cc40c3d629efd6395198e5e7d86d008663ab34
CROWN AGENCIES,"$124,999.44","$6,501.43",Metro Toronto Convention Centre,V.P. Sales & Marketing,1996,41e54ebef0b3871ebbefa9faa7c9532076cf162793e01d09463e15a645f17501
CROWN AGENCIES,"$124,330.89","$7,067.23",Metro Toronto Convention Centre,V.P. Development & C.F.O.,1996,7e00c4acc6182d160475a25d6995fa20c41d23f5415f8df3d8dcb7dd5e738e35
CROWN AGENCIES,"$100,771.00",$705.84,Metro Toronto Convention Centre,Executive Chef,1996,6389e3971636f4c5997beeae2bf48b5ff3d60f2a930349e75c95bd7cf383ea13
CROWN AGENCIES,"$120,004.41",$647.14,Metro Toronto Convention Centre,Director of Catering,1996,04bcdac1c67a64b7c97f0f7614900f85304b66b70b48ff26f40231f04dec6d8c
CROWN AGENCIES,"$187,200.38",$719.16,Metro Toronto Convention Centre,President & C.E.O.,1996,1c00602080844d3d4e3a7e95c76a754476c83396f652d165edad3f2ea83e5b22
OTHER PUBLIC SECTOR EMPLOYERS,"$117,215.00","$1,206.00",Metro Toronto Housing Co Ltd.,General Manager,1996,e98ed162558114d89e8f6742d911d08b75bbdd99217aa668632265e4489cc590
OTHER PUBLIC SECTOR EMPLOYERS,"$116,279.00",$678.00,Metro Toronto Library Board,Chief Executive Officer,1996,a2738ebd9ee5f3a73f9bb0aaee3082ec380d60264021d090593116ba02029660
OTHER PUBLIC SECTOR EMPLOYERS,"$110,302.00",$655.00,Metro Toronto ZOO,Executive Director Adm. & Site Services,1996,acc84dd671f173046935200c6a974e3e761262a195045a6934757235197ffc4a
OTHER PUBLIC SECTOR EMPLOYERS,"$112,121.00",$655.00,Metro Toronto ZOO,Executive Director Biology & Conservatioon,1996,c6f795f4a5619ce638f80d4b6c84b2e732ac47205cf87b711c54bb7490dbbeb9
OTHER PUBLIC SECTOR EMPLOYERS,"$103,879.00",$614.00,Metro Toronto ZOO,Executive Director Marketing & Communications,1996,ac25bbbb103210f60429508cdfd9eead506914cda3a670caf9e2187522041cf2
OTHER PUBLIC SECTOR EMPLOYERS,"$145,817.00","$6,129.00",Metro Toronto ZOO,General Manager,1996,1448bc03852167525ec3157a85c2f4faae8de7ba15f7a83ca7ff88a1ec1f8079
SCHOOL BOARDS,"$129,926.76","$6,085.93",Metropolitan Seperate School Board,Deputy Director,1996,0d5938c4f17ecf04b0d4dc5caacc7ee811316d54c71c53c830f662338ba076a3
SCHOOL BOARDS,"$103,099.10","$4,196.50",Metropolitan Seperate School Board,Superintendent,1996,c81be3afd1b2b324bfa94f436775ea1b7b807d1aebaa1aaed4be4bc49d48d4bc
SCHOOL BOARDS,"$103,099.10","$4,196.50",Metropolitan Seperate School Board,Superintendent,1996,c4935e011a2f6570651bc60945fd55c70d26720f4827d5bc04d87c8841b1031a
SCHOOL BOARDS,"$141,396.77","$6,100.15",Metropolitan Seperate School Board,Director,1996,2ce115d823e550e86e8265880fdebf2b11639f86a835f9315c25c0f7be137edd
SCHOOL BOARDS,"$103,099.10","$4,196.50",Metropolitan Seperate School Board,Superintendent,1996,b43a037cc90e375b4d3745d94032728f5626c484f04a3d790da1eb3ef4b8ebad
SCHOOL BOARDS,"$103,099.10","$4,196.50",Metropolitan Seperate School Board,Superintendent,1996,1fa544a0f39e3ec461ce16d99d028260106158f7234ff552a9158d7cccf13674
SCHOOL BOARDS,"$102,917.47","$4,196.48",Metropolitan Seperate School Board,Controller of Finance,1996,3457287c536819f6d39ee1a1d2c27ea57dae07c660070c9b6080b991b9c316c2
SCHOOL BOARDS,"$103,099.10","$4,196.50",Metropolitan Seperate School Board,Superintendent,1996,6979adf69b1f107907db899dfd8bbb6b560f295aec214d0cf75166466b895e51
SCHOOL BOARDS,"$103,099.10","$4,196.50",Metropolitan Seperate School Board,Superintendent,1996,4b9ea6392bf5da816a66605c10cdaf7584a0e3fedbf2624b674e6c80064c5c30
SCHOOL BOARDS,"$103,099.10","$4,196.50",Metropolitan Seperate School Board,Superintendent,1996,7ce8fed66175e29b18f7df6f3c7e751e3554a577cb2fef4b79f3b8c65d748777
SCHOOL BOARDS,"$103,099.10","$4,196.50",Metropolitan Seperate School Board,Superintendent,1996,f7aad4bac656fe39e31c13ab8c7d8f703cc56827631dac665ba07f8e9b2db48e
SCHOOL BOARDS,"$103,099.10","$4,196.50",Metropolitan Seperate School Board,Superintendent,1996,674e9d51e9e8f783f0bb2a9e5402116e1f497b1ddcf62a204fcb880cc3063ed3
SCHOOL BOARDS,"$103,099.10","$4,196.50",Metropolitan Seperate School Board,Superintendent,1996,54d0322c4788f27bbe81e9d558bc5b849836ace1b7f53de8d6726642c1308d82
SCHOOL BOARDS,"$103,099.10","$4,196.50",Metropolitan Seperate School Board,Superintendent,1996,9f87ba5b26497837d7447bc0d776a456b06a07d6f70b3b833095d510c4eea73d
SCHOOL BOARDS,"$103,099.10","$4,196.50",Metropolitan Seperate School Board,Superintendent,1996,b220915043cf18dc06f71c05a80432e4d3f8dc66b2528b3f942f0f19d9e28eae
SCHOOL BOARDS,"$103,099.10","$4,196.50",Metropolitan Seperate School Board,Superintendent,1996,9e4b1a57f17090f4f531339f5d537fccdbf19bc68ef70f85b1a98a1d566a0734
OTHER PUBLIC SECTOR EMPLOYERS,"$104,672.00",$441.00,Metropolitan Toronto and Region Conservation Authority,Chief Administrative Officer/Secretary-Treasurer,1996,6358d150168c2e4231984975993bf2c83be60fd0d094077563cc8dc49a886784
OTHER PUBLIC SECTOR EMPLOYERS,"$108,768.00",$840.00,Metropolitan Toronto Housing Authority,General Manager,1996,0bc2a0cbcecc5d87abcf5c22d5e9159bcbcec4dc7a55358f95b7b74bf0c9a09f
OTHER PUBLIC SECTOR EMPLOYERS,"$116,279.00",$678.00,Metropolitan Toronto Library Board,Chief Executive Officer,1996,a2738ebd9ee5f3a73f9bb0aaee3082ec380d60264021d090593116ba02029660
SCHOOL BOARDS,"$123,716.87","$2,858.00",Metropolitan Toronto School Board,Superintendent,1996,139af06f54ab1636486100565f633c36ef494e55335fc2f7251c7abe7dbad3b1
SCHOOL BOARDS,"$123,716.87","$2,858.00",Metropolitan Toronto School Board,Superintendent,1996,07c91ab568c0197d80a6ec4c80dd832ec2e4e23e2eb93e11bfcc57b2ec11d6aa
SCHOOL BOARDS,"$116,273.60","$2,914.56",Metropolitan Toronto School Board,Superintendent,1996,fc57fa78831d74d88bf1b57482d2cf083e7ac33f67b83131828000da30a2e85c
SCHOOL BOARDS,"$109,054.07","$1,904.40",Metropolitan Toronto School Board,Superintendent,1996,23a4281311332afb5f5f3b8678c618da7b332443134fa25556789ceea9797873
SCHOOL BOARDS,"$138,773.36","$4,164.14",Metropolitan Toronto School Board,Director,1996,37c24f7d241f93a37e80518492e9c8067da80817ecd20ce04467d2498a460404
SCHOOL BOARDS,"$123,716.87","$2,858.00",Metropolitan Toronto School Board,Superintendent,1996,41e352b8956a886ca25c642dd919cf3f1fe05629111bfc67bf8d9c375881c622
SCHOOL BOARDS,"$106,154.32","$2,402.00",Metropolitan Toronto School Board,Assistant Superintendent,1996,2c80085e0f44ab45baf2bd42ed55bee38f4983c7f05c80d8199df715ad355d6e
SCHOOL BOARDS,"$121,425.82","$2,858.00",Metropolitan Toronto School Board,Superintendent,1996,d38967d7ced05b8845392ee40bbabe8aeff5f87a6fd782aae7465ae50e6b7330
OTHER PUBLIC SECTOR EMPLOYERS,"$172,427.00","$3,957.00",MetropolitanToronto Police Service,Chief,1996,9fa5801175167d7578ee86c6f7481daffa7f52cb62aebda9aeb5571bb8516b59
OTHER PUBLIC SECTOR EMPLOYERS,"$108,198.00",$412.00,MetropolitanToronto Police Service,Deputy Chief,1996,8a9e846b15749611aba0a0b1a7e5bf035ff0ba59f1067e397c21a6e31c632ed4
OTHER PUBLIC SECTOR EMPLOYERS,"$106,636.00",$495.00,MetropolitanToronto Police Service,Deputy Chief,1996,b1f630cd1c0240cd9fc7f529cbc40b69e20f1d7398c1c30b62d0ad11bb42e27c
OTHER PUBLIC SECTOR EMPLOYERS,"$102,830.00",$465.00,MetropolitanToronto Police Service,"Director, Finance & Administration",1996,00776668d93025607700be2583a739629ad45cc0e4bba9d930d72e100600ffb9
OTHER PUBLIC SECTOR EMPLOYERS,"$118,112.00",$509.00,MetropolitanToronto Police Service,Deputy Chief,1996,d8f548c9a6a86c1d0643a7086f12f2b5695fdc901903b70000c2724ed1061f69
OTHER PUBLIC SECTOR EMPLOYERS,"$122,269.00",$467.00,MetropolitanToronto Police Service,Deputy Chief,1996,99385eeddad7fdfa29862324cbcd80260228d95eebdabbdb850f739aab8465b9
OTHER PUBLIC SECTOR EMPLOYERS,"$105,401.00",$464.00,MetropolitanToronto Police Service,"Director, Human Resources",1996,05d1a5f2afea2218081bfd78e846affeec8c854e057c72d2b641351ca8fac738
OTHER PUBLIC SECTOR EMPLOYERS,"$115,868.00",$543.00,MetropolitanToronto Police Service,Deputy Chief,1996,0025a0943a24abd6e26f58b3dd3c568674345fa94f97997e8065023141564265
OTHER PUBLIC SECTOR EMPLOYERS,"$126,936.00",$602.00,MetropolitanToronto Police Service,Chief Administrative Officer,1996,33820b9ab089a6f5ceded686e75943087bc40324ff6f6ecaf54af367de253d5e
OTHER PUBLIC SECTOR EMPLOYERS,"$104,199.00",$493.00,MetropolitanToronto Police Service,Deputy Chief,1996,33372140a838b926bfd96e1b77b38157353f9f4caaf8b9040e28358c1636b153
SCHOOL BOARDS,"$110,173.00",$53.00,Middlesex County Board of Education,Dir. of Education & Secty. of Bd.,1996,86ac10232f8a5d2fe6c00d34e695ece55c3105df2a8050a2efcc42ab85d8c3e6
OTHER PUBLIC SECTOR EMPLOYERS,"$103,830.00",$340.00,Middlesex-London Health Unit,Director of Dentistry,1996,bf25d63dfdeda1e804d9b8eee4650a540e45db9dd538c1195d4a03398a73ec1c
OTHER PUBLIC SECTOR EMPLOYERS,"$122,578.00",$340.00,Middlesex-London Health Unit,Asst. Medical Officer of Health,1996,87456ff5ac2dd0dfca3b29b37ab3d54221920c9cb594e071bc9b1e19e628aacb
OTHER PUBLIC SECTOR EMPLOYERS,"$144,210.00",$340.00,Middlesex-London Health Unit,Medical Officer of Health,1996,2090701c2d9f1e3458ec11bdaffb673f5d011fe28adbb3d3832b814dae12143c
COLLEGES,"$114,021.00",$496.00,Mohawk College of Applied Arts and Technology,"Executive V.P., Academic",1996,9ff65407f6d91ab53bcee0a534e5f4589d7705c7bd65cf0d323b86021c6c234d
COLLEGES,"$126,146.00","$11,408.00",Mohawk College of Applied Arts and Technology,President,1996,e962300c1aed7db42cd382418c456056864f85e34f3b82bd5af2a802a4221044
HOSPITALS,"$141,303.00",$628.00,Montfort Hospital,Pathologist,1996,9f1f36a28e7c14e26141c03807b980e3f6814460b268da2631d8994ac7f31156
HOSPITALS,"$139,505.00","$12,065.00",Montfort Hospital,Executive Director,1996,a00c152e116e8d892e59df76ab052b26a7cd32d290e2c5a34f1c3eabccf68865
HOSPITALS,"$105,001.00",$242.00,Mount Sinai Hospital,RESEARCHER,1996,182a32de35fafe8623a5ff9c6f9db458992ba6e6527070db40cb58d9cb57f27a
HOSPITALS,"$160,953.00",$902.00,Mount Sinai Hospital,LAB PHYSICIAN,1996,6d86cd685f1b6141f62f76674112e03597d5ff396ebb01db2d49fa44df4ab114
HOSPITALS,"$166,909.00",$938.00,Mount Sinai Hospital,LAB PHYSICIAN,1996,9603e4b868066a657bbd15ff520f9f2789d0e958fe439e33d4290ad8d5ac5e98
HOSPITALS,"$201,423.00","$2,413.00",Mount Sinai Hospital,"DIRECTOR, RESEARCH INSTITUTE",1996,b231b3d4f5727f6a9890b5dcc72a07f06ccf7ae947166c70051526a541145c41
HOSPITALS,"$144,615.00",$242.00,Mount Sinai Hospital,NEONATOLOGIST,1996,2b6a604fa5100bb834325bc492ce52ed92cde18d9c71d4bdcfbc60d9d04d9870
HOSPITALS,"$147,861.00",$884.00,Mount Sinai Hospital,LAB PHYSICIAN,1996,5343b7d312aa53b7cebad50ea111aaa8cd7daac1e59e774dd8c8371854a33246
HOSPITALS,"$117,981.00",$242.00,Mount Sinai Hospital,RESEARCHER,1996,3ba1e3b9a231c455873cfbc853dc90daf2e0a5786007e960ddae567a33adbe6d
HOSPITALS,"$148,885.00",$877.25,Mount Sinai Hospital,LAB PHYSICIAN,1996,e919b38846ce298612cb2c9e4510463724a62ce7ad0e6f4feb3bfac01ef3330e
HOSPITALS,"$166,488.00",$936.00,Mount Sinai Hospital,LAB PHYSICIAN,1996,6d26edfd88f73f39060696d3972553e232e3682a1e99bdc7484e0202bca8e055
HOSPITALS,"$279,390.00","$14,062.00",Mount Sinai Hospital,PRESIDENT & CHIEF EXECUTIVE OFFICER,1996,43bb858e30cab6817e2277b1746edb08285f38033322ade7e59bad306d63ccf5
HOSPITALS,"$115,613.00","$6,278.00",Mount Sinai Hospital,VICE PRESIDENT,1996,d4b3f8b8fdc8c5034203a00e4a204747e39108d3497ce0df3a39e944bce328e7
HOSPITALS,"$136,974.00","$8,030.00",Mount Sinai Hospital,VICE PRESIDENT,1996,22a76436df86e50d54e9affb33666054424997d44a2e6db0cdf6366fdbe75fc2
HOSPITALS,"$164,392.00",$941.00,Mount Sinai Hospital,LAB PHYSICIAN,1996,5c0e3f716d8b9cd37e35caa24b7e3e7d4cf11dbac33927ae1d94e507904a3091
HOSPITALS,"$131,954.00",$758.00,Mount Sinai Hospital,LAB PHYSICIAN,1996,4cd054e30b86a269d6c7c4a9353a78f6591d8f65dd8fc01f1f1b03187308a9e3
HOSPITALS,"$140,561.00",$813.00,Mount Sinai Hospital,LAB PHYSICIAN,1996,ad7b983615b480b45ceeba8b74537a8a20f1a6bdf279ac869b3bf87e80077619
HOSPITALS,"$132,504.00",$242.00,Mount Sinai Hospital,NEONATOLOGIST,1996,697d0a6cd0e3ec241cfc72da4cea44b757018942c7b646637b6444cb21205d03
HOSPITALS,"$154,914.00",$884.00,Mount Sinai Hospital,LAB PHYSICIAN,1996,857bad05be12a96f442cc5b93ad003375a718cb70a87d1737ee7445446d7e011
HOSPITALS,"$124,995.00",$242.00,Mount Sinai Hospital,NEONATOLOGIST,1996,5d71781ead21ffdff1a6579f2c3943c554e5025eb77e714ba47811c079a44223
HOSPITALS,"$171,293.00",$974.00,Mount Sinai Hospital,MICROBIOLOGIST-IN-CHIEF,1996,642ee1d330e924df631c9f8a8004f5f20197fca15d19958e04306c88dc9868d1
HOSPITALS,"$131,872.00",$242.00,Mount Sinai Hospital,RESEARCHER,1996,b4d90f6d3288559cbec5b3500dfa3e6c49b66aa4c290dbbee6c334784d6ddd43
HOSPITALS,"$149,338.00",$884.00,Mount Sinai Hospital,LAB PHYSICIAN,1996,3d3e182aaf1731cce0b1f34e4b2da913aaf2a69d18a78ccc645df27b25d207bd
HOSPITALS,"$217,671.00","$13,291.00",Mount Sinai Hospital,EXECUTIVE VICE PRESIDENT & C. O. O.,1996,aaa06d544652a4183bfbe52f1a2bdcc7d9ea94621b328dc8d3db7f3b5e40fb34
HOSPITALS,"$142,053.00",$819.00,Mount Sinai Hospital,LAB PHYSICIAN,1996,4114677ab29dac395f6b4730d6309bfe530cd637bceed29a13da2ecea24fa318
HOSPITALS,"$154,754.00",$884.00,Mount Sinai Hospital,LAB PHYSICIAN,1996,0ed5f32f1babd82c020d90c217de8375eb4ff6ab9618335011e8b76e83cb90a6
HOSPITALS,"$168,537.00",$948.00,Mount Sinai Hospital,LAB PHYSICIAN,1996,62a38ff7b5193b3764f0236980595a36a13ff87d3256d8e4f1dfebfa407d024f
HOSPITALS,"$115,001.00",$242.00,Mount Sinai Hospital,NEONATOLOGIST,1996,0a97dc0c75d5186dbda8ebb0435fad19bb4ba0b70f854f8dd963b91eb065d1b3
HOSPITALS,"$131,217.00",$242.00,Mount Sinai Hospital,RESEARCHER,1996,440c01d311faee275b6b197d2badaf381bc2872811d1e7ef494e99639bc9d795
HOSPITALS,"$258,509.00","$2,530.00",Mount Sinai Hospital,PATHOLOGIST-IN-CHIEF,1996,7c13cb3537d1d6024c0aed9e8c8a90584532e7fd0d07382adf03186c1d9edfe7
HOSPITALS,"$135,748.00",$817.00,Mount Sinai Hospital,LAB PHYSICIAN,1996,5be8dcf652da119b574a1fe4572f0e36984684807297ccbcae04376246e0f68e
HOSPITALS,"$128,213.00",$242.00,Mount Sinai Hospital,RESEARCHER,1996,de4a01103ff53b1bf00f6a9603a83876b8359ca8c7d210c77932361c60fa7443
HOSPITALS,"$130,970.00",$242.00,Mount Sinai Hospital,RESEARCHER,1996,fa71771d03464103e7cf5a8cae5ff4519d18e3c34f561934314a039b2ff364d3
HOSPITALS,"$154,114.00","$8,135.00",Mount Sinai Hospital,VICE PRESIDENT NURSING,1996,f7b0e9ef7406313e3e85735a4bfd807865306e52aa505c641e0dd08fe79d9350
HOSPITALS,"$164,719.00","$7,723.00",Mount Sinai Hospital,VICE PRESIDENT FINANCE,1996,d188cdbc6cb836fb4bd4910641ac1a888564576e200356be899885889ac55f7f
ONTARIO PUBLIC SERVICE,"$112,889.99",$325.68,Municipal Affairs and Housing,"Adm., Housing Pol & Prog. Div.",1996,59ebb7fe3a9f1528676dbca47776fddeb0559b9d3f54d573f2ad5b23e4f0ff4c
ONTARIO PUBLIC SERVICE,"$126,357.12","$7,364.26",Municipal Affairs and Housing,Deputy Minister,1996,f47ced645dc411be071dfbf9aa4482e86e08d02250b815ac4e7e0ad0a2d7b743
ONTARIO PUBLIC SERVICE,"$111,668.35",$319.32,Municipal Affairs and Housing,"Deputy Commissioner, Waterfront Trust",1996,34a3177d203b472fb53d800d96270e7293fc79b6ccf180e8a0d255ee38a2cecd
ONTARIO PUBLIC SERVICE,"$103,790.57",$299.40,Municipal Affairs and Housing,"Adm., Housing Operations",1996,666508d542a68ae5c7c21198c682a96f1d3ef99f3bdb6e670871af4dfafede47
ONTARIO PUBLIC SERVICE,"$115,404.58","$4,411.18",Municipal Affairs and Housing,Special Advisor,1996,a1d018431112acf234580debdaa4b32cd08b5694964b5c5469576723cf04b25d
ONTARIO PUBLIC SERVICE,"$104,362.42",$273.20,Municipal Affairs and Housing,"Chair, Ontario Municipal Board",1996,ddb6128df801f1245d5648cb979e5fb57725a0ce105e70849e2e5646b12dfa43
ONTARIO PUBLIC SERVICE,"$136,383.43",$390.12,Municipal Affairs and Housing,"Chair, Waterfront Trust",1996,b8ee0ae3338f3a0f7b8c4bc6007eb33a21e0fadf26f0eca5ef3476f4f57865a3
ONTARIO PUBLIC SERVICE,"$108,865.15",$339.82,Municipal Affairs and Housing,Provincial Facilitator,1996,6faaefe0321094c0f834fcc883af97f337466222c63176b5764a585ab9f3d5c2
ONTARIO PUBLIC SERVICE,"$107,695.10",$310.68,Municipal Affairs and Housing,"Adm., OGTA",1996,8f0fb4b4bdfd6f4e8848063874c3ce85de5de753f75b26c62edf1882c260111c
ONTARIO PUBLIC SERVICE,"$113,558.59",$161.46,Municipal Affairs and Housing,Adm. Municipal OPS,1996,958867c34ff054dfdbfbf364e1e45e830b67ebfe21e94b48ddd1872498d6e57b
ONTARIO PUBLIC SERVICE,"$104,403.98",$301.20,Municipal Affairs and Housing,"Adm., Corporate Res Mgmt",1996,c7589f05ac44e2bc91813f3afa6e82b49183c3852127782d79b7392a1f78910c
ONTARIO PUBLIC SERVICE,"$126,426.24",$192.72,Municipal Affairs and Housing,"Exec. V.P., Cornel Development Group",1996,b65bd48e75f77ee7cb076ddfe43ed62a33e4d03d38398415e986242fa8f8390e
MUNICIPALITIES,"$101,522.23",$620.87,Municipality of Clarington,Chief Administrative Officer,1996,83f3325ca335b15cb9f6d5f026e0e55552e48fdd2efd595a4c911fc80438bd89
MUNICIPALITIES,"$103,629.00","$1,089.00",Municipality of Metropolitan Toronto,Senior Solicitor,1996,517587ce120e792bde14d612d9f8523d0d015b166053912f429df304c92e17d1
MUNICIPALITIES,"$126,242.00","$6,704.00",Municipality of Metropolitan Toronto,Metropolitan Auditor,1996,8b4adc4f2dcad51022ac77275f15c715180b1c6348465e3b8ea625beb8d120ef
MUNICIPALITIES,"$123,631.00","$1,132.00",Municipality of Metropolitan Toronto,Deputy Metropolitan Auditor,1996,467b79b521980058a3916e9057119f30cf207c33ad9d9be762aff3880084bab3
MUNICIPALITIES,"$103,629.00","$1,089.00",Municipality of Metropolitan Toronto,"Exec. Dir., Economic Dev.",1996,ecb7c9349d06ca35c0342a0f01e0d56765b374e23c19f6e7d928620f5764ee1e
MUNICIPALITIES,"$116,698.00","$1,654.00",Municipality of Metropolitan Toronto,Acting Commissioner of Parks & Culture,1996,de525ca87d5e2562edbc36e5ca7007e026d5cdd764e5de43f0f90fbcf34201f1
MUNICIPALITIES,"$103,850.00","$1,089.00",Municipality of Metropolitan Toronto,"Dir., Pension Serv. & Deputy Treasurer",1996,878f69e0e155c08131ec6e24eddbf4983c1f533f79313d06a80096f79ba6ebc5
MUNICIPALITIES,"$103,629.00","$1,089.00",Municipality of Metropolitan Toronto,Senior Solicitor,1996,edcc21c56a68b10eb937d50ec62a15b3f50f8fb6b9d6cb7c76794167a3f747b3
MUNICIPALITIES,"$115,070.00","$2,097.00",Municipality of Metropolitan Toronto,"Dep. Commissioner, Corp. & Human Resources Serv.",1996,6bbc8bed7e40911d2cca97e0683dbadf59dea3c91093aa81cbd5545915b36730
MUNICIPALITIES,"$115,070.00","$1,206.00",Municipality of Metropolitan Toronto,Deputy Metropolitan Solicitor,1996,a140b1cff32389acb7a4a3925cb00e074dd189af1dfd63adb87857b19b314d53
MUNICIPALITIES,"$127,730.00","$8,879.00",Municipality of Metropolitan Toronto,Commissioner of Ambulance Serv.,1996,7eb653b8a3a0d20d2424e93faeaf817e6a12d3b48e74676322f882dab8542ed8
MUNICIPALITIES,"$126,242.00","$6,930.00",Municipality of Metropolitan Toronto,Metropolitan Solicitor,1996,f9c7980e4208dfa6b9a0e6fd36ddf34be612895265234927a8ee0827854dff0f
MUNICIPALITIES,"$126,242.00","$6,024.00",Municipality of Metropolitan Toronto,Commissioner of Finance & Treasurer,1996,bd6b14909ac50bd44f50291788080e104bcb270511911a2cedf570114fa54003
MUNICIPALITIES,"$103,427.00","$1,089.00",Municipality of Metropolitan Toronto,Assoc. Corporation Counsel,1996,836fd07e28590c02ca2f099f45a10538f2708f019a90dce253218b10fc084775
MUNICIPALITIES,"$127,182.00","$2,019.00",Municipality of Metropolitan Toronto,Commissioner of Transportation,1996,8e9fa017f3664b57bd0517f582c781877467c18a7d2ca1104843ae6ca3a29b55
MUNICIPALITIES,"$121,236.00","$4,508.00",Municipality of Metropolitan Toronto,Acting Commissioner of Planning,1996,974af69bcfaf59d5f0dcd5e10be919e5b55b52d7c720a89eb291d28471b3546c
MUNICIPALITIES,"$103,629.00","$1,089.00",Municipality of Metropolitan Toronto,Senior Solicitor,1996,2e759e8597265f2f7c99288e30f505f459ce3041760c06d6d0dd50e1f0845a97
MUNICIPALITIES,"$103,629.00","$1,089.00",Municipality of Metropolitan Toronto,Senior Solicitor,1996,313e63ac682e26dd8424e81d95451b90cc534f10be4763b654cc71da9e47377a
MUNICIPALITIES,"$119,857.00","$5,824.00",Municipality of Metropolitan Toronto,Commissioner of Community Serv.,1996,968b35b93013e2179f290d13cd0f5b68c60e5787f3c18662db4aa67d19706c33
MUNICIPALITIES,"$103,988.00","$1,089.00",Municipality of Metropolitan Toronto,"Gen. Manager, Social Serv.",1996,06d71106f5149f74be8d8802e9da4e010d5ea14e6cb690875af5313c7e59f081
MUNICIPALITIES,"$115,070.00","$1,206.00",Municipality of Metropolitan Toronto,Corporation Counsel,1996,ffc12e2b3d2b3a62ca2f927c79c19141c16cd17fcadb5309cd3991371f84a20a
MUNICIPALITIES,"$104,562.00","$1,081.00",Municipality of Metropolitan Toronto,"Gen. Manager, Homes for the Aged",1996,fb724575748e0e92d40e850e89ad14437c6912997a11aba7334606d6c38250cc
MUNICIPALITIES,"$150,906.00","$8,990.00",Municipality of Metropolitan Toronto,Chief Adm. Officer,1996,fdf5c9b3e863ca7bedf5c3770cb89f1c76c61b83f38b398a3c0b331a244f04e2
MUNICIPALITIES,"$146,057.00","$2,621.00",Municipality of Metropolitan Toronto,Special Advisor,1996,54cb66f05bf6ef46f6dcd5227eee2bc27ad070cc4dd6ebfa46acfc5c20149614
MUNICIPALITIES,"$126,242.00","$11,427.00",Municipality of Metropolitan Toronto,Commissioner of Corporate & Human Resource Serv.,1996,81ffb7173d7fb7f79f3b8720f47f4448b711ffa947a1d6c2a75258baee8e346f
MUNICIPALITIES,"$115,070.00","$7,111.00",Municipality of Metropolitan Toronto,"Gen. Manager, Licensing Commission",1996,495a51d8e8f7f84805d23c93c572b3529b2746e6c82665eb083ad618c0cb32b0
MUNICIPALITIES,"$103,629.00","$1,089.00",Municipality of Metropolitan Toronto,"Dir., Corp. Policy & Planning",1996,d67dc3fd8ebcb30bee9fa969a74e39b12379abd80f07f2c423e7e1b18c1ad33a
MUNICIPALITIES,"$103,627.00","$1,089.00",Municipality of Metropolitan Toronto,"Exec. Dir., Metro Chairman's Office",1996,016cae3030dc5b8f8de63a22bc409039a93439f7cc9bb136f086368074858c6a
MUNICIPALITIES,"$103,629.00","$1,089.00",Municipality of Metropolitan Toronto,Senior Solicitor,1996,fc1f5297c14da42224108e52b243d6596e0bba1385bfef85452cf613e32ffac7
MUNICIPALITIES,"$121,331.00","$7,343.00",Municipality of Metropolitan Toronto,Commissioner of Works,1996,98d7acc3d29aef6962affd6896a1146898e98189522244d9a3f856abeeebaea8
MUNICIPALITIES,"$103,842.00","$1,089.00",Municipality of Metropolitan Toronto,"Gen. Manager, Children's Serv.",1996,471e4570abd0480d9220b0b26ae95691af7d626e7e0913250640a1abcd5dd2d2
MUNICIPALITIES,"$115,070.00","$8,748.00",Municipality of Metropolitan Toronto,Metropolitan Clerk,1996,20aa3426a753744f2a09bd26ed61226de0b7c47464309dc993e8caec271d9494
MUNICIPALITIES,"$116,371.00",$978.00,Municipality of Metropolitan Toronto,Deputy Commissioner of Corp. Serv.,1996,c92a451e540b3c656c3ec31761bfb37d0c932f33c692661c4d2dfbacfd1a6dfe
SCHOOL BOARDS,"$105,254.00",$415.00,Muskoka Board of Eduation,Director of Education,1996,02e45cc2f5d7b354d84d54f8c3ec10066c76c42e8b2be20dd9779c24a3943059
OTHER PUBLIC SECTOR EMPLOYERS,"$122,031.00",$376.00,Muskoka-Parry Sound Health Unit,"Medial Officer of Health, Chief Executive Officer",1996,4c471e3a5e84269499f77e8259c23aba71aba3359fb822c3bffd3a36f689fe23
ONTARIO PUBLIC SERVICE,"$108,692.19",$313.68,Native Affairs Secretariat,Secretary Native Affairs Secretariat,1996,90b7a2b9928289bba887ff90a9f879ed3383bae463b824263d1a96ac60ec859d
ONTARIO PUBLIC SERVICE,"$110,995.96",$320.16,Natural Resources,ADM Info Resources,1996,3990dede737361ec2a240800835e62256f6c49c21fdef061e6e0ecae6b1ed110
ONTARIO PUBLIC SERVICE,"$108,397.50",$217.29,Natural Resources,Associate Director Forest Mgmt Branch,1996,d7c63ea1aa7c905fd615d716c4fb0a271cdadf22daed7422baf416ec58a65765
ONTARIO PUBLIC SERVICE,"$108,977.73",$314.40,Natural Resources,ADM Corporate Services,1996,c3ee56c74ee161573d024e9cd2bd6e8ad63a2d9cfd60f507978946ddda5587a1
ONTARIO PUBLIC SERVICE,"$111,704.66","$5,057.56",Natural Resources,Deputy Minister,1996,812395df923942a4854c6447310b38df66f508684adf058a1dddb3626f1de7f7
COLLEGES,"$144,965.00","$1,834.00",Niagara College of Applied Arts & Technology,President,1996,af4048e4101674d3d8083969d658269354e2a0d1f8726e9dbdc97841aacce391
SCHOOL BOARDS,"$104,945.00","$4,398.00",Niagara South Board of Education,Dir. of Education & Secretary Treasurer,1996,14e2c480086afef9294910f02c647e66bac7e046e24789df395f64a844e0e3ec
SCHOOL BOARDS,"$100,135.00",$460.93,Nipissing Board of Education,Superintendent of Business,1996,3a835098f5cd667fb7d4c65b70ba9a35aac31cf1556d30b435770423336c6385
SCHOOL BOARDS,"$100,135.02",$460.93,Nipissing Board of Education,Superintendent of Education,1996,b5472f19c4b690455ae2ec7839247812bf909e74c9267e725d08287ad266418c
SCHOOL BOARDS,"$112,188.67",$466.56,Nipissing Board of Education,Director of Education,1996,74326d9fe87fcca8b5797a0d2f67932715c136c57d93e88ea319833a512904f0
SCHOOL BOARDS,"$100,135.02",$460.93,Nipissing Board of Education,Superintendent of Education,1996,ebdb31c1a15bd8190c3d848124c8205414f8175a6019add193fd05bac21564df
SCHOOL BOARDS,"$100,135.02",$460.93,Nipissing Board of Education,Seconded by the N.C.I.L.,1996,de71e36a02fe58a1a0306308c8aa5f6af8ad945098366e5fe9e638a4f1157048
SCHOOL BOARDS,"$112,523.00","$2,110.00",Nipissing District R.C.S.S.B.,Director of Education,1996,21e6276cb72a557b1e616ebddc9966028eca100f378849c05c93363e749fc549
UNIVERSITIES,"$115,398.60","$5,490.77",Nipissing University,President and Vice-Chancellor,1996,fb0cb10d96dceb76f7724b70255a674233b6320d6f5924015388432a53be9de7
UNIVERSITIES,"$106,470.28","$1,371.31",Nipissing University,Associate Professor and Chair of Graduate Studies,1996,bf54edbd6d37bea42236b694af29a66a4cadb763faa2bc5a5a48f9acb58dc8fa
SCHOOL BOARDS,"$107,279.30",$666.84,Norfolk Board of Education,Dir. of Education & Secretary,1996,5e2417447b192b7b57f25002cb8be8748ad680e9297e34b37667002e9eb6903e
HOSPITALS,"$129,214.80",$618.84,Norfolk General Hospital,Director of Laboratories,1996,d92765d2854ca2ee2f81f294dd411cb0d4c96f59819424dd3e5d21a5e61ce233
HOSPITALS,"$111,800.00",$536.28,Norfolk General Hospital,Executive Director,1996,d391902a81cec73c4326e27ecb9f185e174f25778857cf4acf28e4374ccf8299
OTHER PUBLIC SECTOR EMPLOYERS,"$147,533.00",$500.00,North Bay & District Health Unit,Medical Officer of Health/CEO,1996,a84e88a08a6e237519f949d620dbd75f8c5a2105b48724f4b878c858db0959e8
OTHER PUBLIC SECTOR EMPLOYERS,"$128,568.00","$5,877.00",North Kingston Community Health Centre,Family Physician,1996,a45ccda54a7c98c329905204fd2905ed4ae91d44cb4dfe110626cbe3b67b7508
OTHER PUBLIC SECTOR EMPLOYERS,"$112,331.00","$3,337.00",North Lambton Community Health Centre,Physician,1996,7e64790cd4c3c006af7345d5a16094fdaa0e49079eb8db158effa4e9c36eaead
OTHER PUBLIC SECTOR EMPLOYERS,"$107,059.00","$6,123.00",North Lanark County Community Health Centre,Physician,1996,c94c4f405f2d42108e173d19dd8ac4717899a9c9b39e8652e3bdf1800cad11a9
SCHOOL BOARDS,"$104,770.12","$1,610.81",North Shore Board of Education,Director of Education,1996,e12f254dc4e2d613c9f040464fa4b565fb585c33c4007f21d91f860748454ce1
SCHOOL BOARDS,"$103,658.41",$535.50,North Shore District Roman Catholic Separate School Board,Director of Education,1996,0da35e4257ae6ef263e053775eca0181d6005641a2926c2f100dc3045aa24154
SCHOOL BOARDS,"$104,216.27","$2,833.98",North York Board of Education,Chief Negotiator,1996,fa13266c38f294060224e3ec2e4546cfc852d378a73c2c4ecd12ecb297b47cdb
SCHOOL BOARDS,"$115,051.04","$2,836.54",North York Board of Education,"Supt., Facilities & Transportation Svs.",1996,df9e1a9ec57e5ef1604f12b5b2a1f527441182ce09ed5c3711cd046480634962
SCHOOL BOARDS,"$112,204.71","$2,833.98",North York Board of Education,"Supt., Project Management",1996,2d7d7e96fc2f8bcb2e9e020564f34cdf9d2e2493f11736457dc89bf9f5289bb4
SCHOOL BOARDS,"$119,360.79","$2,833.98",North York Board of Education,"Supt., Schools & Students",1996,05a3881353f406d2416bafb454108489d096732467d277fc6486ae2ca16d796f
SCHOOL BOARDS,"$111,531.99","$2,833.98",North York Board of Education,Supt. of Schools,1996,a2e50e5f7e0cd6f78dcd812f59423fd10538c7054cd2e34f6b488a77a0da192b
SCHOOL BOARDS,"$119,474.19","$2,833.98",North York Board of Education,"Supt., Community, Adm. & Student Svs.",1996,b0b7a2002dddb48fb1868c4f736c7b5026f4c473283c183bd2a56a0df61bfa10
SCHOOL BOARDS,"$109,311.30","$2,836.54",North York Board of Education,Asst. to Supt. of Financial & Planning Svs.,1996,ba467d58d7655df3941bf6682057f2811c5c991c80672b6ecdbe061c62b9ccb3
SCHOOL BOARDS,"$129,152.37","$2,980.76",North York Board of Education,Associate Dir. of Education,1996,6fd5701901e3a0622df1d776f633fb304aac55b00558a527045f05da84362724
SCHOOL BOARDS,"$148,915.04","$4,742.12",North York Board of Education,Director of Education,1996,d1f2febc4afd571e0385b2f97dccf80432450c01dcf68d8e6a6bf97aae5eb756
SCHOOL BOARDS,"$102,235.58","$2,833.98",North York Board of Education,"Supt., Special Educ., Literacy, Equity",1996,58df7f4b95b3bc70cc336c931a1cc7301ff93d93c175a7aa88e2051c7439830a
SCHOOL BOARDS,"$114,098.31","$2,833.98",North York Board of Education,Supt. of Schools,1996,fa6bcde8cd01b4f6a72a82ac9056d43dc7d444e5e145e10703cd6c111cb08651
SCHOOL BOARDS,"$111,531.99","$2,833.98",North York Board of Education,Supt. of Schools,1996,d975010b405a16be9f72e3b6df7d09ef6114b94c8436f8c623b64c0801d8b5d2
SCHOOL BOARDS,"$119,360.79","$2,833.98",North York Board of Education,"Supt., Curriculum & Instructional Svs.",1996,8fe0d6a838e3ca361ba023caa21b3a2e22d7f347522184d4d754ba109c22356e
SCHOOL BOARDS,"$102,235.59","$2,833.98",North York Board of Education,Supt. of Schools,1996,d7d2ee45c452d6b4bdab236b502a5b20ce1bed73e05041fb5964f8bd59c326ae
SCHOOL BOARDS,"$108,799.99","$2,833.98",North York Board of Education,"Supt., Employee Relations",1996,8b61b57850a6cad81dcfd52a0fd9267dca32d57402cf2ce36cc966706547b81f
HOSPITALS,"$137,094.00",$368.00,North York Branson Hospital,Pathologist,1996,9a653cb8d713474c1cd3a3be9ef8df12526dd2f036c8341107206a9ca8ce1d1d
HOSPITALS,"$148,305.00",$368.00,North York Branson Hospital,President & CEO,1996,ef696eabd3666e50d5bde35fca21315559aced17220ea6d3e94fe7c87d210ac6
HOSPITALS,"$170,371.00",$368.00,North York Branson Hospital,Director of Laboratories,1996,e768e01f3ed006858e8311d43655f6e2d2c61cad5d8efc91ac79ee67ada8dd6f
HOSPITALS,"$101,565.00",$649.00,North York General Hospital,Vice President,1996,f867e6cc31f5f80c83431b117f0e60f8b0bdd9eead79b8ceae974e75bbbac7f0
HOSPITALS,"$101,251.00",$649.00,North York General Hospital,Vice President,1996,ce52175f35807538d17624674424b4f741ad91a7c70a0923cbaa1eb2aa726877
HOSPITALS,"$146,488.00",$681.00,North York General Hospital,Pathologist,1996,29112ebbaaba2e6955fec331b0413cc54c83f9bcade7809421dad3407cfcc723
HOSPITALS,"$111,736.00",$183.00,North York General Hospital,Vice President,1996,60c54e2d50b3a19908b4c0181bf6acfc00e65afe8cb0cc5c57717452a516ce98
HOSPITALS,"$169,476.00","$7,545.00",North York General Hospital,President & CEO,1996,cb173c84687e730560ef4a23cabb5636323b3cf337b1f1449e0cfdf19128200b
HOSPITALS,"$159,833.00",$750.00,North York General Hospital,Geneticist,1996,5899a0584b863a12d5b28d1beb63dc530c90f0fefb63f0d8098c0c368fa639ff
HOSPITALS,"$153,094.00",$716.00,North York General Hospital,Pathologist,1996,2121150ef17ec12cd64f563e4752b685e961bba18d234dbb1debcb3153cea16b
HOSPITALS,"$112,936.00",$735.00,North York General Hospital,Vice President,1996,06fe423cd88c127e0261656951e1604cfbfa18a5954e53e3cc5b88e108646903
HOSPITALS,"$143,836.00",$675.00,North York General Hospital,Geneticist,1996,c39f66ea97d8be9f38c9d8fd3f927c6f3d05d2be40fe8cfcf19c313cf2e4865c
HOSPITALS,"$186,849.00","$1,290.00",North York General Hospital,Chief of Laboratory/Pathology,1996,dac8c9f7aa2671cd95e6b66074e702dc24f82ecef4f75667e965b237606c967e
HOSPITALS,"$153,094.00",$716.00,North York General Hospital,Pathologist,1996,caa222cfd93283280f4cce335e11f74a00a4fcbb893601f37c4b08beed6f4ad0
HOSPITALS,"$155,601.00",$730.00,North York General Hospital,Geneticist,1996,358c016bceca94bd55f01226ea57807982a6ebfb7f57f43cf38a0306ba40b179
HOSPITALS,"$176,540.00",$828.00,North York General Hospital,"Chief/Medical Director, Genetics",1996,6a5d21f1ca1eac19a07df085d1a54f3d61b25ed321d65bf1fcdc09ee9b100086
ONTARIO PUBLIC SERVICE,"$100,802.10",$290.64,North. Dev. & Mines,Adm Mines & Minerals Div.,1996,5817457f810fef83697c4910763f552b166a02a20346a297ab03ff671686e45a
ONTARIO PUBLIC SERVICE,"$107,344.51",$309.60,North. Dev. & Mines,Adm Northern Development Div.,1996,ecdd3badcd0958dafe6eecba616216ece694381f2edcc397075a0b8d4d31ee0c
ONTARIO PUBLIC SERVICE,"$120,880.85","$5,054.00",North. Dev. & Mines,Deputy Minister,1996,6b44686d44da9004d1a9994eedb3f0b33cd41e55953288df5365ff0148c7fbfd
OTHER PUBLIC SECTOR EMPLOYERS,"$102,457.56",$612.96,Northumberland Health Care Corporation,Executive Director,1996,8e6f1e4be2e9d8d5826bf81b348377524d370a8a89f33789e7cf4f0a59528fd1
SCHOOL BOARDS,"$100,194.00",$455.00,Northumberland-Clarington Board of Education,Supt. of Schools,1996,42c70d7cc935177a43e8577cc08d564e42ec75a2b8149bb579c072674eb718bf
SCHOOL BOARDS,"$118,926.00",$702.00,Northumberland-Clarington Board of Education,Dir. of Education,1996,66d80fd31f66cbefdced451c2166755df822bfece2f5ca0bfd805c851c714be8
SCHOOL BOARDS,"$100,194.00",$455.00,Northumberland-Clarington Board of Education,Supt. of Human Resources,1996,41c163c694fe7a3a39fd5602f60b63aa621b10a6cafe8075f256acdc56d07ba2
SCHOOL BOARDS,"$104,161.00",$483.00,Northumberland-Clarington Board of Education,Supt. of Business & Treasurer,1996,2bc2b5cd4fdc16efb301f67e839178f4dd5565dc5a24fb23e1566af67e622054
OTHER PUBLIC SECTOR EMPLOYERS,"$127,002.00",$285.00,Northwest Health Unit,Medical Officer of Health/CEO,1996,2b574f74d81a43672715b02e36bcf4c6f2428a57b60e6c2a136c0d64de312803
HOSPITALS,"$140,000.00","$13,461.88",Oakville-Trafalgar Memorial Hospital,President & CEO,1996,486482793a4157db717488b4df5924398a3c75fd45288eef7f59ae202dd209bc
CROWN AGENCIES,"$150,000.00","$7,180.00",OCETA,President & CEO,1996,5a6b43bb07ced7a49cc434292274603a87fde9919735591f9abc73d11315dbee
CROWN AGENCIES,"$100,000.00",$403.00,OCETA,"VP, Business Services",1996,d464838f308d2a9fd4c5ec1b05c5d796f49cc3443363d02c5389efdc11b1944a
ONTARIO PUBLIC SERVICE,"$105,874.58","$3,300.00",Office of the Chief Election Officer,"Chief Election Officer, Chief Election Office Ontario",1996,b85098d125a5625fcaa9c49fc15df00ab312d06f7a4f857ce16cca5c4d049a21
ONTARIO PUBLIC SERVICE,"$126,357.12","$5,824.85",Office of the Premier,Deputy Minister,1996,aa3fb848d7a95711b19fa59edec1374af1c8c5f6526037148b6877ff456278d4
ONTARIO PUBLIC SERVICE,"$137,578.91","$4,882.73",Office of the Provincial Auditor,Provincial Auditor,1996,a4ff9febdc9a11152679d49a9f6234f141680d6e82e8140167fdf4411f7fdf45
ONTARIO PUBLIC SERVICE,"$110,000.00",$317.00,Ombudsman Ontario,Executive Coordinator,1996,6edb36ccef1fcab21ef882cc57a74ed02d2ba93fb9d2cb6e651aec62fe0b96ab
ONTARIO PUBLIC SERVICE,"$114,639.00","$3,295.00",Ombudsman Ontario,Ombudsman,1996,ecaec0f80dd9b02a78ff30c57cba4b6c71165add7b42236bd6d991187c4b7216
OTHER PUBLIC SECTOR EMPLOYERS,"$106,346.00","$5,705.00",Ongwanada,Executive Director,1996,00c2c7f9d47549ea59b6c8b4dbd36fc6b294c2aa7a19e7535c443ba6d44ead99
CROWN AGENCIES,"$100,435.00",$385.00,Ontario Arts Council,Executive Director,1996,18a7a9cd8726bea7d9d825333a06d3bf27be2fd5a648f116968a1d26747a9952
HOSPITALS,"$197,925.02",$920.61,Ontario Cancer Institute/Princess Margaret Hospital,Chief Pathologist,1996,6721d6f8e33c77b600a17b92eb2b459e4e229ac746e051a88036863551e7d446
HOSPITALS,"$102,837.85",$620.56,Ontario Cancer Institute/Princess Margaret Hospital,Chief Nuclear Medicine,1996,59cbf4f6b60c4cfbb25d0f5fc699972a6cb4710996ff38a8b568bd0060424599
HOSPITALS,"$205,000.12",$992.48,Ontario Cancer Institute/Princess Margaret Hospital,Div. Head Epidemiology & Statistics,1996,e8583ad2f0081f27dec191623fda29642f97b4bf4c57f92312cfd414131dae19
HOSPITALS,"$142,586.42",$708.59,Ontario Cancer Institute/Princess Margaret Hospital,Oncologist Radiation,1996,9d6735a1962dbfbc4888998faf1e8fb34487babf5430478cd538b87fae3e3086
HOSPITALS,"$156,240.85",$742.51,Ontario Cancer Institute/Princess Margaret Hospital,Oncologist Radiation,1996,166ff1bfbbfcadd2541dacfbce199f610f4355055c98e70a6c4f31d47976f88b
HOSPITALS,"$149,122.93",$694.75,Ontario Cancer Institute/Princess Margaret Hospital,Pathologist,1996,394530a88ad7bc8621a9045af56a0ae8a0d5ec3dde89e97fd7a8d8df6729fe24
HOSPITALS,"$213,175.25","$19,200.32",Ontario Cancer Institute/Princess Margaret Hospital,Chief Operating Officer,1996,cea47f51b26a5abf3a5da1d5287f551bd5aca9d069ad2c2260ff72b7c6623882
HOSPITALS,"$249,630.74","$1,073.39",Ontario Cancer Institute/Princess Margaret Hospital,Chief Radiation Oncology,1996,0a6b6bd9ae17d9a5609448b1c258d88a390e7110bd08382653ef8a3bed906d0f
HOSPITALS,"$106,498.72",$648.54,Ontario Cancer Institute/Princess Margaret Hospital,Oncologist Medical,1996,d97f3d02501516e0d75b0e496b3150be0d221d76a2c93df02b4f6f6be6e6c38f
HOSPITALS,"$111,573.64",$666.98,Ontario Cancer Institute/Princess Margaret Hospital,Oncologist Medical,1996,fea9a301ed1822d943a7f8317a8577f0ba2b68573bd2a22db3a6f3cb88a47377
HOSPITALS,"$142,586.45",$708.59,Ontario Cancer Institute/Princess Margaret Hospital,Oncologist Radiation,1996,e77e547c5bb7a917b56496cad9ee037be3b52ec2f536577edf364761140931f7
HOSPITALS,"$110,158.85",$502.28,Ontario Cancer Institute/Princess Margaret Hospital,Chief Clinical Associate,1996,c6e06974928f39182ed31f7287324d664b3732e8428784ad0f5a13cc4cee1de3
HOSPITALS,"$178,256.34",$820.27,Ontario Cancer Institute/Princess Margaret Hospital,Oncologist Radiation,1996,43acfb6168c7322f1a3b502af2f7334288c7133cf5142d2fdb189f8ea7aa46dc
HOSPITALS,"$101,294.06",$439.84,Ontario Cancer Institute/Princess Margaret Hospital,Scientist,1996,ee4e6b473a7b9d6ff3e6976fac2c75f4853412da516e0195a8fc663701f7e3c0
HOSPITALS,"$149,407.22",$730.88,Ontario Cancer Institute/Princess Margaret Hospital,Oncologist Radiation,1996,ec4ee0766784acdd16fd587aa7ce1f0f1acc5f21c2d6a3319f28d713b4960587
HOSPITALS,"$148,407.86",$714.27,Ontario Cancer Institute/Princess Margaret Hospital,Oncologist Radiation,1996,4ae499838495bf67ab35cc4c0921b3aee4737bde406857a08b41a1a891f4e58f
HOSPITALS,"$106,498.70",$653.12,Ontario Cancer Institute/Princess Margaret Hospital,Oncologist Medical,1996,70e380a307d60ea262effdeb94538b4eb5382b7188ba0fecb18a9353cebfbccf
HOSPITALS,"$145,808.53",$717.59,Ontario Cancer Institute/Princess Margaret Hospital,Oncologist Radiation,1996,affa3e50a7137ca3c08f3fde5fc50d249ab9430a0919a3be35f6e40d23ace43d
HOSPITALS,"$104,025.93",$551.42,Ontario Cancer Institute/Princess Margaret Hospital,Oncologist Radiation,1996,6e8ffb1251f73d8409b6073fdeff435577db5cc73855c913716ba0279d295cbe
HOSPITALS,"$132,230.89",$615.85,Ontario Cancer Institute/Princess Margaret Hospital,Chief Dental Clinic,1996,c5f046503255ee5d8ca895251c5e5bc14dbb7fafd49c5db484360605c1b8bdb6
HOSPITALS,"$142,586.54",$708.59,Ontario Cancer Institute/Princess Margaret Hospital,Oncologist Radiation,1996,3077220547fd00ff3a1807fa25def86903e5efb3bccd44fe8778204d625db191
HOSPITALS,"$108,628.69",$648.54,Ontario Cancer Institute/Princess Margaret Hospital,Oncologist Medical,1996,6cf223126237d34abbce7fcc645fb84d4894124b8286411bf307bf7f2b0eeefa
HOSPITALS,"$106,498.66",$648.54,Ontario Cancer Institute/Princess Margaret Hospital,Oncologist Medical,1996,cbe89a6da1ce4c1491c85cca71f18934f119853399f6bedeba83efc1684f37d1
HOSPITALS,"$106,498.60",$511.15,Ontario Cancer Institute/Princess Margaret Hospital,Oncologist Medical,1996,1af13e19caba455cfd62685dde2c4bbab9cc8ebff74ba4cc954886c0444d4129
HOSPITALS,"$106,498.68",$648.54,Ontario Cancer Institute/Princess Margaret Hospital,Oncologist Medical,1996,6b2ed4ec7a3e6b366812d95df97700ee1399e87b415ddabdd125eb1f3844e16c
HOSPITALS,"$155,542.39",$749.29,Ontario Cancer Institute/Princess Margaret Hospital,Oncologist Radiation,1996,7fc5c76be38c8e35c14e8fa2fc35b2eadeea5e63e0f9f464936132d86ba1e7d0
HOSPITALS,"$106,094.86",$484.60,Ontario Cancer Institute/Princess Margaret Hospital,Scientist,1996,0362a85cf8f4426d1655884a7e615c8827b8bf8120cfd470fff3b21e144707f8
HOSPITALS,"$145,334.80",$676.38,Ontario Cancer Institute/Princess Margaret Hospital,Pathologist,1996,4969cdbff743268f1134162ddc44b04c537494a0c4d12ce6fc8553b08ef5607f
HOSPITALS,"$155,617.02",$753.17,Ontario Cancer Institute/Princess Margaret Hospital,Oncologist Radiation,1996,b2100d9c734ef1f05d44149864bd4d189386db342817cd62bcfcd6a61b49fea3
HOSPITALS,"$106,498.65",$648.54,Ontario Cancer Institute/Princess Margaret Hospital,Oncologist Medical,1996,a260bc41a3d26045fae5e9d8dac2d8fd9a8f1aef0ae68ab6f63993038759ccea
HOSPITALS,"$103,003.16",$471.17,Ontario Cancer Institute/Princess Margaret Hospital,Scientist,1996,8e1b983359fd35f1071d34b6b3825348132159adec596b6dfdff749dd033e6b3
HOSPITALS,"$106,760.76",$476.90,Ontario Cancer Institute/Princess Margaret Hospital,Clinical Physics Head,1996,8a8f08fa14f8b8feef8b36d61e3cfc27c2078c664d87d1ac07b9a005247838c6
HOSPITALS,"$106,498.69",$648.54,Ontario Cancer Institute/Princess Margaret Hospital,Oncologist Medical,1996,e5a878474a8eddec8c7ced776f23c4796215bf8a6bcfa0447cf8ac7c79c03590
HOSPITALS,"$138,772.37",$762.11,Ontario Cancer Institute/Princess Margaret Hospital,Oncologist Medical,1996,b64adb744d8dc58dd4c920b462b4be768f6f37dd58fc8779356ebcf15628e6ed
HOSPITALS,"$109,116.66",$573.65,Ontario Cancer Institute/Princess Margaret Hospital,Oncologist Radiatioin,1996,142782c4b3311bb50a711e9bce41e59ee8e97d3c3418a33dec729150adb1cee8
HOSPITALS,"$144,230.06",$670.04,Ontario Cancer Institute/Princess Margaret Hospital,Pathologist,1996,d399f1926bcf46c251d4ebdb0744a09d7552735551103884efbb0fc8491a0473
HOSPITALS,"$142,586.50",$708.59,Ontario Cancer Institute/Princess Margaret Hospital,Oncologist Radiatioin,1996,a5db5a44474bf5a23bd41cdd06d75565a15f1510dcf1302e2488f2aedd25d56f
HOSPITALS,"$108,628.65",$648.54,Ontario Cancer Institute/Princess Margaret Hospital,Oncologist Medical,1996,88732a61f6af0d4c23cc609dcd160c33e92a35361c6024917b608026b2eca829
HOSPITALS,"$143,587.34",$711.26,Ontario Cancer Institute/Princess Margaret Hospital,Oncologist Radiation,1996,97a63119273d702dfbc2524d5e015787726dde227bd0104a972f00a17c1f4df0
HOSPITALS,"$140,000.11",$651.07,Ontario Cancer Institute/Princess Margaret Hospital,Division Head Medical Physics,1996,7c7a9d69d5cc6cddb9c8d531ecf0e32253261bccaccb4fc35dcabac638135b80
HOSPITALS,"$154,820.25",$742.68,Ontario Cancer Institute/Princess Margaret Hospital,Oncologist Radiation,1996,f85b8c55d599e5d65a99e7e53e92d0c72f155631cf18289bd846ad320dcda27c
HOSPITALS,"$142,586.51",$708.59,Ontario Cancer Institute/Princess Margaret Hospital,Oncologist Radiation,1996,93e959dedd3bed3aba7bbb64290e08726c692c8f4cc4d33f186e49387815e2c7
CROWN AGENCIES,"$153,114.00","$8,530.00",Ontario Casino Corporation,President,1996,985b913bdc57441d9624cda826f032274b9608c1bfe5cdc07af2249c675bb7fd
CROWN AGENCIES,"$102,262.00",$275.00,Ontario Casino Corporation,Director of Communications,1996,e7c00cb20733bcdf803dbfecaab9bbb427b248daa061e3e32ccefad0dc711c1b
CROWN AGENCIES,"$104,316.00",$281.00,Ontario Casino Corporation,Director of Operations,1996,77c611f8f50ace84fe880eab99365230a2e47a28cd21a21b9a0f24d4970980e2
CROWN AGENCIES,"$126,218.00",$339.24,Ontario Clean Water Agency,President & CEO,1996,56c20b7f314eb284c44d2de66c65d0bff6462990484f65ec9678ba8a3d46b373
CROWN AGENCIES,"$100,242.00",$288.00,Ontario Clean Water Agency,Legal Counsel,1996,23439b963923f9991490e50e08af7644bc5cf6a61c45fd17b2f3a8fe11c82dbb
CROWN AGENCIES,"$148,561.52","$2,061.60",Ontario Energy Corporation,"Manager, Energy Programs",1996,52c699ed43276cb86cdfc8dde77df399d34306cb165da87441b64a9b45a8b1ec
CROWN AGENCIES,"$104,572.00",$554.00,Ontario Film Development Corporation,CEO,1996,6e1622573073550a943cfd841a3b09a694e72261d8a50691c5d228330ebbd43b
CROWN AGENCIES,"$109,375.00",$318.00,Ontario Financing Authority,Dir.-Risk Management Branch,1996,c9ff06861efe17dcf490f6ebd264d63669055d5c0a08e8b758f80e22ed34839c
CROWN AGENCIES,"$113,070.00",$325.00,Ontario Financing Authority,Exec. Dir. -Capital Markets Div.,1996,c9c126175620352a418a45e567b86a6ea1ff3ada9accf6fff275a1bfb1d62aa8
CROWN AGENCIES,"$114,236.00",$329.00,Ontario Financing Authority,Legal Counsel,1996,0f458ef4cec1d580867b1a865ec04eee223b3ebff77551497c81c34ecb8155db
HOSPITALS,"$179,351.30","$5,602.91",Ontario Hospital Association,"Seconded to Liberty Health as Sr. V.P., Strategic Affairs",1996,e630728c2583bb2a55dd6979414f8cb743757cd888841e608faedc5a2453b8a8
HOSPITALS,"$106,496.00",$638.93,Ontario Hospital Association,"Dir., Nursing/Paramedical Negotiations",1996,07550a3f1e30c4259a6d17b625ac8fcdc9ffeccc335302eb8aacc8952e20e2b4
HOSPITALS,"$101,426.00",$608.91,Ontario Hospital Association,"Dir., Education & Convention Serv.",1996,b5e67c32240b03c60a2283b9d18083812b081ebed431c4225d7eb4e082c79868
HOSPITALS,"$123,760.00",$742.42,Ontario Hospital Association,"Managing Dir., Negotiations & Consult.",1996,f65a693a0ea2888c02320edb320cc9fd784bbf1144d9213558f504f9525e07c9
HOSPITALS,"$124,384.57","$6,466.19",Ontario Hospital Association,President & CEO,1996,54f266c81ee37a7a4dc3c4b8ebe9d4a401f1ae8c4f51e6a8399ff38c810fdfdf
HOSPITALS,"$141,808.97",$0.00,Ontario Hospital Association,Former Interim President,1996,2effa36fa5ab5a785691ab959ccb71359b674038aca8338094b017d231cfaea5
HOSPITALS,"$187,910.28","$6,439.08",Ontario Hospital Association,"Former V.P., Small Hospitals",1996,0885b60c14ba4a89562f93bd8cb8aff80771a9df1c921c381935be6d3a018fcc
HOSPITALS,"$169,999.97","$1,019.88",Ontario Hospital Association,Chief Operating Officer,1996,c46fadaed70522f6307b93b31812cd01a4a9e10d561fc8a2cd9e0246b47e9aaf
HOSPITALS,"$102,258.00",$613.42,Ontario Hospital Association,"Dir., Services/Clerical Negotiations",1996,0135fb3dc524af1366decf9224c5807e4064373ff84a93b11d2dd0e25389a620
HOSPITALS,"$101,738.00",$610.35,Ontario Hospital Association,"Dir., Individual Hosp. Consult. Serv.",1996,a482ff49adc99b7f372feb797314a1ba5335da47e3f8b062fda80b7486c61461
HOSPITALS,"$121,030.00",$725.92,Ontario Hospital Association,"V.P., Public Affairs",1996,3fe8a6036769c6c3929ee3d9982486389dc8b5b1b1ab43e5361988dc13b3eb80
HOSPITALS,"$145,418.00",$872.85,Ontario Hospital Association,"V.P, Hosp. Employee Relat. Serv.",1996,a5898f2b98ac165a470b033fcb302fb31b9969eae6cb520a313ccae94588a8c2
CROWN AGENCIES,"$104,900.00",$616.00,Ontario Hydro,SOLICITOR,1996,70f9f33651d28ff38a8d8bce009abd201a2c45bde2251206f18aea8a59c78a26
CROWN AGENCIES,"$114,690.00","$6,507.00",Ontario Hydro,"MANAGER, BUSINESS DEVELOPMENT",1996,f80bf215bc51b65f7b541082843f30c9550221dc012d4a99940342ce63d36223
CROWN AGENCIES,"$105,088.00",$494.00,Ontario Hydro,SHIFT MTCE SUPRV (CONTROL OR MECHANICAL),1996,a3fee4c91e6a8a8cb79c219bdabc69705fdc63bc49fcc9fcb3b1b0547188aa94
CROWN AGENCIES,"$100,700.00",$564.00,Ontario Hydro,"MANAGER, PAY SERVICES",1996,04724d374524087d562fd7b3fca4b2ab33d7db3653d3dbcf85c48fc8514ed7f8
CROWN AGENCIES,"$106,427.00",$527.00,Ontario Hydro,TECHNICAL SUPERVISOR,1996,3d09da40e5e8a204d45c2132b3914867c01ab5b7cf215d4cf32bf7bfdcdcecd8
CROWN AGENCIES,"$116,946.00",$548.00,Ontario Hydro,TECHNICAL SUPERVISOR,1996,2746f2007fca6203a5200d21a54816993afaa217d8b46361b7f8a45989215f19
CROWN AGENCIES,"$114,996.00","$4,868.00",Ontario Hydro,"MANAGER, EASTERN/NORTHERN PROJECTS",1996,dd25f5e37292bd8b0a8d34bc787c8fd626417355e5cf670be36b9ff94f7fe316
CROWN AGENCIES,"$100,910.00",$416.00,Ontario Hydro,AUTHORIZED NUCLEAR OPERATOR,1996,37689e66a4c73db37553f6215f5673884fedab324e017b487de58d167be29761
CROWN AGENCIES,"$101,007.00",$563.00,Ontario Hydro,"MANAGER, ACCOUNTING & TAX POLICY",1996,e640ac9dbd3f903191eeb0dca3fac814849638ec4d46c6fc4efc2968f450b977
CROWN AGENCIES,"$239,064.00",$632.00,Ontario Hydro,"MGR, REAL ESTATE - PENSION FUND",1996,2f2e69d8ba733afdab4ec67b9440497037dd83715f7365c5a68e0ec63389e52f
CROWN AGENCIES,"$109,052.00",$476.00,Ontario Hydro,SHIFT SUPERINTENDENT,1996,e1d9219bdc498631e5e5d3d37fc74b7d6f7aa9ec4fbf21a7e34ae7b19a681b12
CROWN AGENCIES,"$122,392.00",$608.00,Ontario Hydro,SHIFT SUPERINTENDENT,1996,a1dbd90c053a2993a960b86428ccec7393fa6d085b19785a33d317cc16bc084a
CROWN AGENCIES,"$101,418.00",$436.00,Ontario Hydro,SHIFT MTCE SUPRV (CONTROL OR MECHANICAL),1996,c4a9cc40f61e509dfc2466826f0f86f2f833fe28219d7ca3b2cd1ad8e6f99c44
CROWN AGENCIES,"$106,153.00",$527.00,Ontario Hydro,TECHNICAL SUPERINTENDENT,1996,f623a24d9c448f24bfd30ed0ae1f417b974dbc4cf4030b9057d1078f28531542
CROWN AGENCIES,"$106,043.00",$484.00,Ontario Hydro,PLANNING SUPERVISOR,1996,8757ea67183405d876adced2251a531d21f3e717fddc4d10f0d9b874a87a207b
CROWN AGENCIES,"$119,188.00",$627.00,Ontario Hydro,"MANAGER, CHERRYWOOD DISTRICT",1996,b2b3e0d6edcdde8aae73fb32e034e314c3b4114858abebbb809c70c433984b44
CROWN AGENCIES,"$106,699.00",$564.00,Ontario Hydro,SENIOR ADVISOR,1996,3b063af0bb60c40401d07643efc6a3013ef321e9240dd504617fdc30d183e3f9
CROWN AGENCIES,"$132,465.00","$7,819.00",Ontario Hydro,"ACTING DIRECTOR, BRUCE A",1996,0462c71c788977e71e00b354ee7c21d69d778400635755a0b3e00a857fb45bc9
CROWN AGENCIES,"$101,806.00",$524.00,Ontario Hydro,MAINTENANCE SUPERVISOR - MECHANICAL,1996,b3363789a465022ce29d1f4d99ac8cb60d2f44f06bdbc3701b296b4d6483ba26
CROWN AGENCIES,"$106,651.00",$511.00,Ontario Hydro,"MANAGER, BELLEVILLE DISTRICT",1996,3775a34235e6190042e4befc1110ad570184bdb2109d30e4213540ae3e9dcf53
CROWN AGENCIES,"$105,900.00",$604.00,Ontario Hydro,"MGR, FINANCE & BUSINESS SERVICES",1996,8bc10c46ff414c171128aeada885ba6187de94e594dcac58304517b49ac71237
CROWN AGENCIES,"$120,510.00",$657.00,Ontario Hydro,"VP, FINANCE & BUSINESS SYSTEMS",1996,11d3bef19459d1b58cadb4e8e597c35368979b4301d7f1fa034794ec1214f41d
CROWN AGENCIES,"$104,785.00",$585.00,Ontario Hydro,"MANAGER, NUCLEAR BALANCE OF PLAN PROGRM",1996,3c0e743b1a6101b8c28d8e20f356b4acd88c74c37d44d8c29ff3eb99b005f342
CROWN AGENCIES,"$139,000.00",$749.00,Ontario Hydro,"DIRECTOR, STRATEGIES & PLANS",1996,f7db047ec2b0446d806b0c786550432095a363c10b8c198caf9e95c50b2f5a54
CROWN AGENCIES,"$116,832.00",$525.00,Ontario Hydro,SHIFT OPERATING SUPERVISOR (AUTHORIZED),1996,3fe209551527959ef6f1ec3406d26658cc7b3276152dabd1f6bddbac823adefb
CROWN AGENCIES,"$102,519.00",$543.00,Ontario Hydro,SINGLE UNIT SHIFT SUPERVISOR,1996,ef953c9f1d5b5c9440371fd2a3d5f6a5bd511fa13c0fa12360aec1cd15e293cd
CROWN AGENCIES,"$132,400.00",$513.00,Ontario Hydro,"MGR, NUCLEAR FUELS - RETIRED",1996,d3f41d8c355188a11442bb1aa42968ea8f20a840d1c380900a348204f3385c62
CROWN AGENCIES,"$100,804.00",$514.00,Ontario Hydro,ENGINEER/TECHNICAL OFF-COMMERICAL & RES.,1996,4a24412587b5606c7c6cd8e7308a67d8c22adc7d4edf5879ccdecfdaa7531318
CROWN AGENCIES,"$106,606.00",$585.00,Ontario Hydro,"MGR, ENERGY SERVICES & RETAIL PROGRAMS",1996,7659db8749b22d2978c481da3c29f6d2752d6c089a2e06a54f2356942a968690
CROWN AGENCIES,"$107,676.00",$604.00,Ontario Hydro,"MGR, FINANCE & BUSINESS SERVICES",1996,8c27b3d1d736ff4eec0c0462f6bb2735b29d669ce13876db1b139fbfd44914ef
CROWN AGENCIES,"$139,436.00",$764.00,Ontario Hydro,GENERAL AUDITOR,1996,3a5368185828ff0ae81541faf2c86903beb292ffa2f7a934e2cff8cea386143c
CROWN AGENCIES,"$105,493.00",$571.00,Ontario Hydro,"MGR, MAIL, MATRL HNDLNG & PRINTNG SRVCS",1996,7ab35fda9b8807a5b99f4f12d2ba529b00b7d6fd1fa2a1ac5da61cb4a57c54ed
CROWN AGENCIES,"$129,413.00","$3,459.00",Ontario Hydro,"MANAGER, UTILITY 10",1996,f4daad0320be47a2da9c50184df25fdc76384582280353fe62daee7de5429f7e
CROWN AGENCIES,"$104,542.00",$505.00,Ontario Hydro,TECHNICAL SUPERVISOR,1996,b9cd35a4dd6aaf381ad3282d2ef5ac599385e21f9326737299da5e1d70cf9dc5
CROWN AGENCIES,"$105,820.00",$538.00,Ontario Hydro,SHIFT SUPERVISOR,1996,8039eca2741d66f9b31e1641be530a0cb0363ff6be78e2379c51030e3c8154b1
CROWN AGENCIES,"$104,778.00","$2,495.00",Ontario Hydro,"PROJECT MGR, OHN SYSTM STRATG IMPLEMENT",1996,cf026b711d13935348d50f820152918b6f483805f0d422cbd405d82cf1cda24c
CROWN AGENCIES,"$104,820.00",$598.00,Ontario Hydro,"MGR, PROJECTS & MODIFICATIONS",1996,ede2d970eb9ae89b4f7b4db542229b8ab135d1c5aedc0c6a7f899bd6f7ac2cd2
CROWN AGENCIES,"$102,211.00",$559.00,Ontario Hydro,"MANAGER, PRICING",1996,4c297fff8bfa12651dc52e64c3a3844df0478e4bcf5a4491526ecdc49c9ae8d9
CROWN AGENCIES,"$104,678.00",$453.00,Ontario Hydro,TECHNICAL SUPERVISOR,1996,bd32c572a0d1a4eb330b3257664ec9047121cf9d339a8ba86e44717ca76042c0
CROWN AGENCIES,"$101,762.00",$475.00,Ontario Hydro,"MGR, CHANGE MGMT PAY & BENS REENG",1996,16d62a8477f21cc631f6e5a264f2537d6ed9e56e445dd7da4b232112d3d37896
CROWN AGENCIES,"$116,295.00",$515.00,Ontario Hydro,SHIFT OPERATING SUPERVISOR (AUTHORIZED),1996,206cb66a4da0f0b442e05563ca9abd37b9ad0ac6429223a70b3abd607ef43171
CROWN AGENCIES,"$109,824.00",$595.00,Ontario Hydro,"MGR, CUSTOMER RLTNS & SALES",1996,90abd90bee5da18a41004d11213035314a12da37f93bff810dd6718cb2f3064a
CROWN AGENCIES,"$100,661.00",$483.00,Ontario Hydro,SHIFT SUPERVISOR,1996,b84f72c744b77fbb523eceb8ee0a2d69b1c5b9fa7c93613acfd0c641c7f224b4
CROWN AGENCIES,"$110,465.00",$541.00,Ontario Hydro,SHIFT SUPERVISOR,1996,cf7bb160a5beed50ec0860b1ecc165d2e94411cfad1520185193ab8788ceda1c
CROWN AGENCIES,"$109,678.00","$5,631.00",Ontario Hydro,"MGR, UNIT 0",1996,ba521089ce0748f88651e092ce94b01ff3e20d6c161888b4a2f72bb57896d680
CROWN AGENCIES,"$109,976.00","$1,399.00",Ontario Hydro,"MANAGER, GEORGIAN BAY DISTRICT",1996,dff0ce75ad329a8ccf5237cbf7a5bbbb258ebe3525e10ba37eb341970e02e159
CROWN AGENCIES,"$107,048.00",$542.00,Ontario Hydro,"PLANT MGR, LAKE ONTARIO",1996,2a72c8d0ffd470eaced66481fd9df7a33c93b788ee0297a4ec483a31b533399b
CROWN AGENCIES,"$101,315.00",$523.00,Ontario Hydro,SHIFT OPERATING SUPERVISOR (AUTHORIZED),1996,ac2125a2ed65e3412a661efe76b7746c33f9039983bf955c6a305177f0c603b9
CROWN AGENCIES,"$134,565.00",$727.00,Ontario Hydro,"VP, TECHNICAL RESOURCES",1996,5e7f89ec62e226397f2d8c10e27ac6ffa7bd7cf34b74e55134f9ef4e11bc4a23
CROWN AGENCIES,"$102,563.00",$579.00,Ontario Hydro,"MANAGER, MAINTENANCE",1996,517ee26292485ba1c709abacee0e30c693052adda9658122ef64287b77dbbf3d
CROWN AGENCIES,"$104,237.00",$416.00,Ontario Hydro,AUTHORIZED NUCLEAR OPERATOR,1996,5b078602d50960fc50af6a3d31589604fa598bb0a3d29d442e9a6ce0b72ac698
CROWN AGENCIES,"$114,141.00",$621.00,Ontario Hydro,"DIRECTOR, FINANCE & SYSTEMS INTEGRATION",1996,53beac7c3d07cf933b5d1373503df3e47ff137ead9f637bd89bce7c0a4ab7ed5
CROWN AGENCIES,"$100,037.00",$561.00,Ontario Hydro,SINGLE UNIT SHIFT SUPERVISOR,1996,cb415644c5c315a70c0bea01445d60fe467990db73bfe94d4187dcfaa9c66731
CROWN AGENCIES,"$100,987.00",$416.00,Ontario Hydro,AUTHORIZED NUCLEAR OPERATOR,1996,a5fcc33f5041b603e392567dbbfb559de59dc579d4bcbf687e1a5f3a0d7d2b53
CROWN AGENCIES,"$111,456.00",$540.00,Ontario Hydro,SINGLE UNIT SHIFT SUPERVISOR,1996,862d3f5aa3cff4835b3ded123d573e6c1f150abb81c642c00598fa5f1452122e
CROWN AGENCIES,"$112,967.00","$5,507.00",Ontario Hydro,"MANAGER, MAINTENANCE",1996,5dc2446a37078b6759b8e7ebbaa2994343b4c43d179c1575c74068a875c8dde6
CROWN AGENCIES,"$109,116.00",$571.00,Ontario Hydro,"MANAGER, FORECASTING",1996,07cd5d785682c5b48376187d4b7f0328e9ee8b7f4d5c6545ef08fd2030b7e952
CROWN AGENCIES,"$193,223.00","$25,595.00",Ontario Hydro,"GENERAL MANAGER, BRUCE",1996,ae05911a9fea894b53cd7dcbff2880e48cf4b8480667a10a0e69320fa341c35c
CROWN AGENCIES,"$128,096.00",$719.00,Ontario Hydro,"DIRECTOR, HW & SUPPORT SERVICES",1996,933af7851f7463b6d1442a74259d3e5e177ab129f9bd3a2b9f552a1f65af8ca1
CROWN AGENCIES,"$100,814.00",$549.00,Ontario Hydro,PRINCIPAL RESEARCH ENGINEER/SCIENTIST,1996,6fb0faaae2208b6b24bb955326362ddc42d8590321beab5c7a41482c18207bdc
CROWN AGENCIES,"$107,143.00",$580.00,Ontario Hydro,SHIFT SUPERINTENDENT,1996,b28dd3fa602141a969cb795f110b1fe18c49983bb3619f89f91a5d47208a7514
CROWN AGENCIES,"$101,234.00",$573.00,Ontario Hydro,SHIFT SUPERINTENDENT,1996,f5b3ba49bdf4bcef29ddb5e649ab364ab4a88417a62442dcfb8f84f42c751ea0
CROWN AGENCIES,"$107,000.00",$567.00,Ontario Hydro,"MANAGER, BUSINESS PROGRAM & SUPPORT",1996,fd3d9763a451af9e0e82a563d735049a6a41aa6af6b604c02e19327e288a87b8
CROWN AGENCIES,"$105,606.00",$499.00,Ontario Hydro,"MGR, SPECIALIZED INSPECTION & MTCE SRVC",1996,c04560ce3e043e3b6c99f8b4259a1394b960d304f762bad310c75fcdd1a231b4
CROWN AGENCIES,"$101,512.00",$584.00,Ontario Hydro,"SENIOR ADVISOR, CORPORATE SECURITY",1996,4f386e574dcf5ee9a6461d77ae91d50271bc411f9aa68cab0c905a90ea875134
CROWN AGENCIES,"$102,992.00",$567.00,Ontario Hydro,SENIOR FINANCIAL STRATEGIST,1996,089d4f936a97d1aec70719cf64b28d0e22fc63913e99b4703a82a62bf8174a14
CROWN AGENCIES,"$107,838.00",$499.00,Ontario Hydro,SHIFT OPERATING SUPERVISOR (AUTHORIZED),1996,5cde794ef5368cc16276154f0dfc7f17c58ae04e25b4ff45a1af0545c188c9b0
CROWN AGENCIES,"$144,030.00","$4,856.00",Ontario Hydro,"DIRECTOR, NUCLEAR SAFETY",1996,2f1f27a805a940899bf14a4db2f17192d98cf29267c1a33f75d58c2a750218c4
CROWN AGENCIES,"$101,331.00",$529.00,Ontario Hydro,"MANAGER, ITS OPERATIONS",1996,01875ded6c234fc8fd8d0c32d1a2616285e36cfedc413ea91905c2357928ece9
CROWN AGENCIES,"$101,107.00",$504.00,Ontario Hydro,SHIFT OPERATING SUPERVISOR (AUTHORIZED),1996,30f3034858524d57da94bd9b852a53b7e3c9c920f041680a0b02ec860f54055e
CROWN AGENCIES,"$104,224.00",$585.00,Ontario Hydro,"MGR, FUEL ASH & SITE SERVICES",1996,992998684d4e6e7557b1796e4e79b8dbc15067398545c595ba6b0ccf824b17b3
CROWN AGENCIES,"$139,958.00",$774.00,Ontario Hydro,"DIRECTOR, HUMAN RSRCS & FINANCIAL SRVCS",1996,9bb9afab13add7db96d805c144986aebcbbc5e028340a614d2bd134260bfc4df
CROWN AGENCIES,"$110,300.00",$620.00,Ontario Hydro,"MANAGER, BORROWING",1996,6152f7f1233c44f8a651e7d3a328b9cb4dd8953b7db6b57c4a77103779978a00
CROWN AGENCIES,"$119,368.00",$659.00,Ontario Hydro,"DIRECTOR, EXECUTIVE SERVICES",1996,8582cf476685171d40ffad5953155e6fe6e2d040945258d4598695e37c725108
CROWN AGENCIES,"$111,539.00",$517.00,Ontario Hydro,"MGR, EQPT & SYSTEMS SUPPORT",1996,1178341917a8cbab26fcc76c667c8c5fc58e8b5f7b07ebffd18a146304b47740
CROWN AGENCIES,"$101,000.00",$536.00,Ontario Hydro,"SUPV PLANNER, DEV & BUS PLNG",1996,a424434393c262fe84909c39564bc58b453b542087eb8d1efcfdf483ecf41909
CROWN AGENCIES,"$108,965.00",$592.00,Ontario Hydro,SHIFT SUPERINTENDENT,1996,2eab55d65627622d3c0b02a27066178366571cae76cd698cbea5d8bda37df907
CROWN AGENCIES,"$114,211.00",$375.00,Ontario Hydro,PROTECTION & CONTROL TECHNOLOGIST,1996,cfdc54a06efca0cb6cc86f335195bb5535428f499e0376d436d7ceafaacf8361
CROWN AGENCIES,"$161,841.00","$12,840.00",Ontario Hydro,"DIRECTOR, BRUCE B",1996,400f05f8a91065cf5e423375ffb4e9310f4eb0465c95fa73c93c15d88c4158ba
CROWN AGENCIES,"$108,959.00",$599.00,Ontario Hydro,"MANAGER, CUSTOMER INFO & COMMUNICATIONS",1996,5b693868a1437a3e821e0e03712847975b7d3282165d7fa138be6cac08a6bf37
CROWN AGENCIES,"$101,164.00",$564.00,Ontario Hydro,"MGR, EMPLOYEE SERVICES",1996,16ab3560a479acd67e8ef160bf4129f91b7a4c48043fbd95100be1e4fcecdeee
CROWN AGENCIES,"$105,935.00",$598.00,Ontario Hydro,"MGR, ENGINEERING SERVICES",1996,4a7687806fe86e2b8be3eaace40b85af53c510edb343489a59dd6f82f64c34ee
CROWN AGENCIES,"$100,973.00",$416.00,Ontario Hydro,AUTHORIZED NUCLEAR OPERATOR,1996,f052c000b7a3922bd0404bc077fc1e53fabb03a5a9c5ae88f8c8d18aad7fd4c3
CROWN AGENCIES,"$383,800.00","$90,101.00",Ontario Hydro,"EXEC VP, CFO & MGNG DIR-CORP BUS GROUP",1996,f5c7305f24ffb7205bbd5739c247823d60c88bc5a6fcf10f901ecb4efc9e1980
CROWN AGENCIES,"$108,665.00",$569.00,Ontario Hydro,"MANAGER, HUMAN RESOURCES",1996,2aae59348e98a7684a32279b3261d0ed5c5190284df74a8f42f4a5c48ccc7564
CROWN AGENCIES,"$119,360.00",$573.00,Ontario Hydro,"MANAGER, WESTERN DISTRICT",1996,1e726d171d0f725f94c85e7137bcf8e51e4bad46875c3e7122f7562f175dea35
CROWN AGENCIES,"$114,751.00",$604.00,Ontario Hydro,"DIRECTOR, INFORMATION SYSTEMS",1996,6d9a07ea575ac439cbe7800983b9fae26ff1b91b6b8b0a236a0e3852206ef53d
CROWN AGENCIES,"$112,570.00","$4,625.00",Ontario Hydro,"MGR, UNIT PRODUCTION A",1996,2b8a052d24e4e724d727fb37747893cde26640f8bb19f16003a0c9b031b2fc54
CROWN AGENCIES,"$121,042.00",$675.00,Ontario Hydro,"DIRECTOR, FINANCE & BUSINESS SERV",1996,e36aa65440f3f1decfd9608cc1bc93fc56378530c41bc649d69232b18b6294b6
CROWN AGENCIES,"$108,182.00",$528.00,Ontario Hydro,"MGR, COG OPERATIONS",1996,c455b04741d5f6f32766f43b88dffe511149d1a5b600e6e4ce4361e10f0072a2
CROWN AGENCIES,"$105,761.00",$416.00,Ontario Hydro,AUTHORIZED NUCLEAR OPERATOR,1996,facf5b5464ae75e6386244bec46b944e7191d4e4b44641992c32bb970ea849fc
CROWN AGENCIES,"$100,340.00",$388.00,Ontario Hydro,REGIONAL MAINTAINER - ELECTRICAL UTS,1996,fab7371b57b72579018dff0a3fe36c2a0c3df7c6cb8afda6ea0190a8ca3b2cbc
CROWN AGENCIES,"$159,001.00",$743.00,Ontario Hydro,"DIRECTOR, MARKETING & SALES - DIRECTS",1996,f31682b7589885d9dcd7a947463bacf3885a99213d38e09762b5dbfde8ecae06
CROWN AGENCIES,"$106,830.00",$604.00,Ontario Hydro,"MANAGER, POWER PURCHASING",1996,22a508918fe19f90f4f027d62db2363fe1f930da38d143bd526451b948f0de08
CROWN AGENCIES,"$190,811.00",$577.00,Ontario Hydro,"MANAGER, PENSION FUND OPERATIONS",1996,f18910289752537875596df36a4757219e2374c68adb3ced14354e0283cbfb15
CROWN AGENCIES,"$114,136.00",$521.00,Ontario Hydro,SHIFT OPERATING SUPERVISOR (AUTHORIZED),1996,5580355939b069ed7f443559a49b41db77b151cbb1cbc7fdc7f748e2dcc7281e
CROWN AGENCIES,"$233,625.00","$25,643.00",Ontario Hydro,"PRESIDENT & CEO, OH TECHNOLOGIES",1996,ec246bc02f2bd4768a13265c01f0f724d6dd0b14a07fb682546f7ecf9c8fc68a
CROWN AGENCIES,"$107,562.00",$558.00,Ontario Hydro,"MGR, PLANNING & REPORTING",1996,56d3b729816ecb280a837c5583b5b152ef3c1bfc2e2b0204a7eae1af7f349ed9
CROWN AGENCIES,"$112,320.00",$609.00,Ontario Hydro,"DIRECTOR, BES OPERATIONS",1996,b114f6e66961264708f193ad0dd2033906270e595b32a36b655c8ff0ce91cbc1
CROWN AGENCIES,"$104,009.00",$579.00,Ontario Hydro,"MGR, PROJECTS & MODIFICATIONS",1996,e7ded505439d7eb8d9c5fef3654aff66aec80f927669c1e1c88717d97d78383c
CROWN AGENCIES,"$102,559.00",$515.00,Ontario Hydro,TECHNICAL SUPERVISOR,1996,ecec48d3cfb1cb4cc40aacff5566172d6c21e6e6d62a98a0092640e93dfc7e4d
CROWN AGENCIES,"$115,500.00",$647.00,Ontario Hydro,"SR ADVISOR, LEADERSHIP & ORGANIZATION",1996,78f7c93afb8de4dc101a9a1f5616cb8b39d3b675ba71c3d8fed5cce3069bc5c9
CROWN AGENCIES,"$116,245.00",$647.00,Ontario Hydro,"GENERAL COUNSEL, OHII",1996,f014265bf55a1f9ba381a96a14432f7c95afb0481635131204d560d052438133
CROWN AGENCIES,"$105,928.00",$486.00,Ontario Hydro,SHIFT MTCE SUPRV (CONTROL OR MECHANICAL),1996,a53afb033983c5f38cab17ce208b699f95e671188f54adabce87300a4142eced
CROWN AGENCIES,"$108,837.00","$6,215.00",Ontario Hydro,"MGR, CAPITAL MODS",1996,f8a22218f42efa00a8b9eee81fe08e347d850436a6e43c223e772c46d0cd2ee8
CROWN AGENCIES,"$100,873.00","$5,058.00",Ontario Hydro,"UTILITY MGR, NORTHERN ONTARIO ELECTRIC",1996,30cbebf3e5fb09dd5dfc66c5005ed45a562bc944e9ca7e73e0030bdda7d752c1
CROWN AGENCIES,"$114,977.00",$638.00,Ontario Hydro,"VP, ISOTOPE & SUSTAINABLE TECH DIVISION",1996,600b7ce906d9154ced4d2a4a416e54ec05411f70ff4dddbacbda2d32457e8c2e
CROWN AGENCIES,"$136,976.00","$3,830.00",Ontario Hydro,"MANAGER, OPERATION & MAINTENANCE",1996,362c2eb93b81dc4cdd545f498fbf60d7cda16d56f95d13c14a4544b677d812ee
CROWN AGENCIES,"$123,263.00","$3,989.00",Ontario Hydro,"DIRECTOR, GRID DISTRICT OPERATIONS",1996,8e00746d9e247383b71db24d42f723d4f317e6d576f6e8c32584411995629198
CROWN AGENCIES,"$118,832.00","$1,488.00",Ontario Hydro,"MANAGER, UTILITY 3",1996,8a391efeb28a709b7b925dc4b2367330ddbe33f6a7e222fe12d4e5623cb4623b
CROWN AGENCIES,"$109,915.00",$601.00,Ontario Hydro,"MGR, FOSSIL & HYDROELECTRIC PROGRAMS",1996,979556369e9a95041f051f7c209d1ff8355c82b5da28fbca3cb6d9f6efd2aff7
CROWN AGENCIES,"$100,722.00",$497.00,Ontario Hydro,SHIFT OPERATING SUPERVISOR (AUTHORIZED),1996,754a6427ea982a34243735da00ab1aadf2a0445cd4953846d2472b94d7da7061
CROWN AGENCIES,"$105,542.00",$472.00,Ontario Hydro,SENIOR RESEARCH ENGINEER/SCIENTIST,1996,7ff940c19512f19d8327cb4ff239f4818c1ddbe1bd3311fbe8f30dda3d24c67d
CROWN AGENCIES,"$107,000.00",$567.00,Ontario Hydro,"MGR, SAFETY & ENVIRONMENT",1996,6a9ed83be1a14d4ada3bcbb44cdf10805202eaf47bbab1735e7930d0f73c30ea
CROWN AGENCIES,"$100,542.00",$398.00,Ontario Hydro,LEAD TECHNOLOGIST,1996,6feeb2f5279c033150225a06b0b0ab7421316b58c32289a2d8d47f7ae9479d83
CROWN AGENCIES,"$101,020.00",$507.00,Ontario Hydro,SHIFT OPERATING SUPERVISOR (AUTHORIZED),1996,a9db65f43c0a6f5ebd43ba8bd0bdc3d4e557cdebab33db6b31ca350ce62ebf58
CROWN AGENCIES,"$104,819.00",$470.00,Ontario Hydro,DESIGN ENGINEER - SPECIALIST - POWER EQU,1996,b3d4224dd5c51ab8e0ac011a9d0a8a4cad9affef4c0519fa6144581d2fe171e0
CROWN AGENCIES,"$104,200.00",$585.00,Ontario Hydro,DEAL MANAGER,1996,7bbb2eb182b0016f6cc670eedc08751844f8e451a33c1da06a8b82b5be9a9310
CROWN AGENCIES,"$102,860.00",$573.00,Ontario Hydro,"MGR, WIND MICRO-HYDRLC & BIO-ENRGY PROG",1996,68b900fe9dc6a27100de3a2cade14de24a033660138eee55ab97f7f2ceaa9491
CROWN AGENCIES,"$101,200.00",$567.00,Ontario Hydro,"MGR, HUMAN RESOURCES & FINANCIAL INFO.",1996,915bcfc2faf103c25a1fbe8c79f7d826eadd784bec974ea26588282ec5204b44
CROWN AGENCIES,"$123,891.00",$690.00,Ontario Hydro,"VP, POWER SYSTEM PROGRAMS",1996,038ca7010a9af2691457c834e60c945bf944b0345f2a8e3247b35ff8dcbaabf6
CROWN AGENCIES,"$102,304.00",$567.00,Ontario Hydro,SENIOR TECHNICAL SPECIALIST,1996,73258bc831bb253f7be0775315046aeb696c776ae9326ec33407838b1d1d8881
CROWN AGENCIES,"$194,250.00","$43,387.00",Ontario Hydro,"GENERAL MANAGER, GRID",1996,fe584ac09373316edf6fd84cfe891de63f494d8fe9c88a3cb9c45c39ec4130e4
CROWN AGENCIES,"$113,051.00","$4,187.00",Ontario Hydro,"MANAGER, SAFETY SERVICES",1996,cda239a84a18d390e8be93a450f085e542da9e51598f367b56967ccc87205d97
CROWN AGENCIES,"$109,102.00",$546.00,Ontario Hydro,ENGINEER/TECHNICAL OFF-COMMERICAL & RES.,1996,2cb44cfd24a30b973ebd7860dd87b0e9bd4c2a96f4739933b441b1f8601a9c4f
CROWN AGENCIES,"$110,369.00",$534.00,Ontario Hydro,SUPERVISING DESIGN ENGINEER,1996,7b69a392e4758eb8b8c5bc76fdf608deda5a4619a351af3f38986a5c8bef94db
CROWN AGENCIES,"$121,458.00","$1,505.00",Ontario Hydro,"MANAGER, ELECTRICAL INSPECTION",1996,d657f3a7ab711aabd1b869b19bc830549db2e42909c0712097b58c51a96bb64a
CROWN AGENCIES,"$106,392.00",$573.00,Ontario Hydro,"MANAGER, WATER RESOURCES",1996,254be196231535eea4d9aebd9611d116b2187b84acbe790f87e691534022a683
CROWN AGENCIES,"$110,944.00",$616.00,Ontario Hydro,"MANAGER, BUSINESS SUPPORT",1996,903bb8d18c989142c7bfa5070ad158a0ba5d95228da1646389d273ba35b76f19
CROWN AGENCIES,"$106,782.00",$554.00,Ontario Hydro,"MGR, GRID SYSTEMS REAL ESTATE",1996,be4721f88a68a900f73fa01a3346243958e6dd9462daab275fd46781f2c99dd8
CROWN AGENCIES,"$115,194.00","$4,749.00",Ontario Hydro,"MGR, UNIT PAIR 1 & 2",1996,da737d6c9b29acf4b9645030ed0e180a571273fd832fd1861c5d1d833c20807e
CROWN AGENCIES,"$111,967.00",$591.00,Ontario Hydro,"DIRECTOR, TECHNICAL SERVICES & PROJECTS",1996,31c9c7572f2f7362fd708755e72bfea7a1cb70a49f1abc43662bfbeebf131ee7
CROWN AGENCIES,"$110,344.00",$622.00,Ontario Hydro,SR SOLICITOR,1996,a17b2c90b1a7ed2425a99edf869d6ab88495b283575aae1452bf68de895c7a76
CROWN AGENCIES,"$110,313.00",$610.00,Ontario Hydro,"MGR, OPERATIONS",1996,9269d227fa6e34418d137bd1d76ec7afefb7e95fd038f49c3a2ce8a2f20bec90
CROWN AGENCIES,"$109,608.00",$416.00,Ontario Hydro,AUTHORIZED NUCLEAR OPERATOR,1996,5735e0e90e219b5c3df8d5ffe58ca7c87dad70bfeabbba275b7efb1fc18c5df6
CROWN AGENCIES,"$135,735.00",$743.00,Ontario Hydro,PROJECT MANAGER,1996,2ecddb412e68a436a8334ca6290c27c55689f8711d45d548a8ec8af7a6c60fbf
CROWN AGENCIES,"$250,958.00","$18,212.00",Ontario Hydro,CHAIRMAN,1996,91894e08fe11a08ea787a4979cc9aced7caea5b9f5bfffdd08939ae577a11667
CROWN AGENCIES,"$108,240.00","$4,242.00",Ontario Hydro,"MGR, UNIT PRODUCTION B",1996,d3252c409bd6ef597f85798ed4efe19293335cf5bd60839ae554da65416df66a
CROWN AGENCIES,"$121,559.00",$998.00,Ontario Hydro,"MANAGER, UTILITY 1",1996,c7c5f77c1b6f3033084972b03df4a5c3a93025bd8e546a698972eea27b6d3d79
CROWN AGENCIES,"$101,029.00",$521.00,Ontario Hydro,APPLICATION MANAGER,1996,686d955b58de3c96ab70820c93f75056fff57ec9a447f02712130ae40d7316db
CROWN AGENCIES,"$106,342.00",$595.00,Ontario Hydro,"MANAGER, FUEL CHANNELS DEPARTMENT",1996,4204669a0c500217af38b077373c1f4c98c1b1a6001e7ba387eed8678122e8b1
CROWN AGENCIES,"$197,190.00","$24,964.00",Ontario Hydro,"GENERAL MANAGER, NUCLEAR BUSINESS UNIT",1996,5c39305a36b52efb0bba172bcc111a1b8b4f528d8f68dbb6118c86e5778d3a0f
CROWN AGENCIES,"$115,443.00",$626.00,Ontario Hydro,"MANAGER, STAKEHOLDER INITIATIVES",1996,3f16b44d968f4db035100d8217cba5f10e6e2e79fdd2227d62d926425676c184
CROWN AGENCIES,"$130,761.00",$725.00,Ontario Hydro,"ASST GENERAL COUNSEL, LEGAL PROCEEDINGS",1996,668f2458f4c99bdc6f534c46f5ef51a37ababbd4e2b447f2788fd2a028862c0a
CROWN AGENCIES,"$111,100.00",$616.00,Ontario Hydro,"VICE-PRESIDENT, CORPORATE DEVELOPMENT",1996,1f1ec7934f5c86fc509746c86a76a571fa2b202c4922ccec157303401cedf112
CROWN AGENCIES,"$105,900.00",$604.00,Ontario Hydro,"MGR, PRODUCTION SUPPORT",1996,67f0f0e3d20efe029f4c0a86b1a61ec45bba87b07a3aab46cc320c8bd7f0d104
CROWN AGENCIES,"$102,860.00",$573.00,Ontario Hydro,"MANAGER, MATERIALS TECHNOLOGY DEPT",1996,66fa09a0f23bb00ecd3fe048cdee37327edead3d67612a2dd6e4993368cc301b
CROWN AGENCIES,"$110,695.00",$601.00,Ontario Hydro,"MANAGER, GRID PROGRAM",1996,c28b71123db107a9e7c81db7608ee17bab1ac8f49b5d4642c12038cffae652d5
CROWN AGENCIES,"$112,740.00",$641.00,Ontario Hydro,SR SOLICITOR,1996,54f695abe3885ae916a465073f4ef7ed9c68da37a7a1e1925e52b234eb10f5e0
CROWN AGENCIES,"$124,707.00","$1,592.00",Ontario Hydro,"PLANT MANAGER, LENNOX GS",1996,c822d8f17e687670045fc7d8a1e4aca376e674d1bd58d10f1744bf9f76efd920
CROWN AGENCIES,"$131,676.00",$489.00,Ontario Hydro,PRODUCTION SUPERVISOR - PLNG & SALES,1996,b8ad8194602e68c58f510a811a09309e573ecd9c3cfccfe898c8687fcb4928d2
CROWN AGENCIES,"$118,210.00",$657.00,Ontario Hydro,"VP, MARKETING & NEW VENTURES",1996,fd19d06917dd0dd2ab74669674407a71a2cbdf603d0a5bccba2b595dacbf1f36
CROWN AGENCIES,"$382,942.00","$46,505.00",Ontario Hydro,EXEC VP & MGNG DIR-CUSTOMER SERVICES GR,1996,fd19d06917dd0dd2ab74669674407a71a2cbdf603d0a5bccba2b595dacbf1f36
CROWN AGENCIES,"$105,000.00",$558.00,Ontario Hydro,"MANAGER, FINANCE",1996,ade3a1c1eaa5e5d17e45eb2e8265fe18806373c86a82e5f52cfcd4927d7d2b93
CROWN AGENCIES,"$107,795.00",$538.00,Ontario Hydro,"MGR, AUDITING, MONITORING & REPORTING",1996,b5c73f87a907b7b2f318203f83a2046edb1e6424fe104d8e1f1e4008f99a7442
CROWN AGENCIES,"$115,127.00",$612.00,Ontario Hydro,"DIRECTOR, WHOLESALE MARKETS",1996,32bd2b3922188d2404edefc776146f3ab5ba0e643017ca176617ee8c65d79a9c
CROWN AGENCIES,"$108,061.00",$616.00,Ontario Hydro,"MGR, ENGINEERING SERVICES",1996,0d7f6e4256ec3342ed70e95ae5c850aac18460ab92cb9ca40d0077217717ab04
CROWN AGENCIES,"$110,927.00",$536.00,Ontario Hydro,SHIFT OPERATING SUPERVISOR (AUTHORIZED),1996,da72ddf3176ec98fd96a6578aa9665c4c6afbe6278fa78090e310bd024edfdf0
CROWN AGENCIES,"$106,469.00",$585.00,Ontario Hydro,"MGR, TECHNICAL",1996,00667251827ffad4177bcad565754864dab63b5ed7f2468da97b887286c5228c
CROWN AGENCIES,"$113,273.00",$592.00,Ontario Hydro,MANAGING PARTNER,1996,d132fb23e080e0fa6d690972b16886d972e71110f7a5a7e7f17958f1acda3451
CROWN AGENCIES,"$101,476.00",$567.00,Ontario Hydro,QUALITY MANAGER,1996,cf4906f1a56b7d2fd22c6b1ad238bbdd548898936273bc7654578fcbcf2a2422
CROWN AGENCIES,"$107,887.00",$592.00,Ontario Hydro,"MGR, FINANCIAL PLANNING & REPORTING",1996,8d484362cc0956e8076f3e3f800bc9f9737195b0826f3b13ad6cf6ae186b3f7c
CROWN AGENCIES,"$104,500.00",$583.00,Ontario Hydro,GROUP HUMAN RESOURCES MANAGER,1996,3f7b1503d74e59dff941a13e31ed182e7d1da7d1ce28375d8fc0283d1260f8a8
CROWN AGENCIES,"$101,100.00",$536.00,Ontario Hydro,"HR CONSULTING MGR, FIELD OPRNS SOUTH",1996,25fed86701a5f340b725c54f4bdd9b430159fe8de7e01189bf6b6584bf91ff9b
CROWN AGENCIES,"$101,438.00",$596.00,Ontario Hydro,SHIFT SUPERINTENDENT,1996,14e5200a074c41f1f6a6a085daab5a9f86279ae3548ef6ceb81f8d266fb90d53
CROWN AGENCIES,"$195,475.00","$89,892.00",Ontario Hydro,"GENERAL MANAGER, ELECTRICITY EXCHANGE",1996,ce668deea30d81802b0ebb25fdc85de59079ba332d2c0d79f0410ca4cc608072
CROWN AGENCIES,"$102,492.00",$565.00,Ontario Hydro,OPERATIONS PLANNING MANAGER,1996,228000f3dc3645e406a52f9b5fce68e04a3303293bcdddfbb835553e6965ff7a
CROWN AGENCIES,"$106,768.00",$579.00,Ontario Hydro,"MANAGER, NEW VENTURES",1996,e583d06db7bc0b6b6e7f080216189318f5a746fd0676140d9701642c8a4e4156
CROWN AGENCIES,"$101,700.00",$546.00,Ontario Hydro,"MANAGER, FINANCIAL PLANNING & PERFRMNCE",1996,691c9cdc7edb8ce1157a1b6f8cd06f19c83b624b6acb58e4c7647c308f34a19c
CROWN AGENCIES,"$104,426.00",$416.00,Ontario Hydro,AUTHORIZED NUCLEAR OPERATOR,1996,9545de97feeae2a96edd791cf23cf63ac463ce4b3795bf3be415005afdcd3971
CROWN AGENCIES,"$115,065.00","$5,567.00",Ontario Hydro,"MGR, PROJECTS & MODIFICATIONS",1996,9c6695ae70455d2d93881b698a08ea552ef994b5522cc8facd8d43f5dfced1d7
CROWN AGENCIES,"$110,302.00",$535.00,Ontario Hydro,SINGLE UNIT SHIFT SUPERVISOR,1996,b752efaf146d83292a87d105adb1c9ec105558b4db281164796ee5ae1618b9b0
CROWN AGENCIES,"$100,729.00",$567.00,Ontario Hydro,"MANAGER, STEAM GENERATORS",1996,49363c080950af2a88e68271a978cacaa9d315649ad9fd3dbf6f43fd5f2ddabf
CROWN AGENCIES,"$105,626.00",$416.00,Ontario Hydro,AUTHORIZED NUCLEAR OPERATOR,1996,d01f401e2776b5e14c072be96a646308d7476d29f07fa51e1bfa16b9419d8e7e
CROWN AGENCIES,"$121,520.00",$541.00,Ontario Hydro,ASST GEN COUNSEL-PENSION & SECURITIES,1996,a5d8b8af3d29a955ac709f710b110a6f77193bcf06579583849b62c82d172ec3
CROWN AGENCIES,"$102,933.00",$583.00,Ontario Hydro,MANAGER COMMON SERVICES,1996,912c385ea9a2ae5b0be7dcdf3e0c782df0d4342c023cbee58bde8042df92196a
CROWN AGENCIES,"$109,779.00",$475.00,Ontario Hydro,GENERAL FOREMAN - ELECTRICAL,1996,9ad4edfc30b9cfe24ff4ed2a55320de12e7a242392f670413420464a82996af6
CROWN AGENCIES,"$107,280.00",$563.00,Ontario Hydro,"MANAGER, PROCESS & GENRL MANUFACTURING",1996,00052b0415bfcadfbc463c7146e9611352741cba44014564998392fb309bd8fb
CROWN AGENCIES,"$122,993.00",$641.00,Ontario Hydro,"DIRECTOR, HUMAN RESOURCES",1996,997f24e16fbf4c21c859ca69ae59466ba4ebd6c5eff9750e9a175e9ffff6b4e9
CROWN AGENCIES,"$108,755.00",$598.00,Ontario Hydro,"MGR, MATERIALS MANAGEMENT",1996,d9f7f4277dfe6dbf58c6a752aed0180b54cf6674ad84690b8b5316eae4084438
CROWN AGENCIES,"$106,715.00",$497.00,Ontario Hydro,SHIFT MAINTENANCE SUPERVISOR-MULTI-FUNCT,1996,c0958a5937730ea23256fa185773e57fbed384673458bb49d276fa1b25d0efe5
CROWN AGENCIES,"$114,106.00","$3,460.00",Ontario Hydro,"MGR, EASTERN NUCLEAR TRAINING",1996,f65db4a8a9659df52f3701fa2e7a5300fbcff64e4546107f7afa550e9ab0b11f
CROWN AGENCIES,"$105,110.00",$595.00,Ontario Hydro,"MANAGER, NUCLEAR SAFETY",1996,0c8ebfe3b79a7d7c863d81c659b49f96a4c86a234dd8e9b086055c78d7e53b56
CROWN AGENCIES,"$101,035.00",$561.00,Ontario Hydro,"MANAGER, PROCESS DEVELOPMENT DEPARTMENT",1996,de0a712d6a0298b3f6cffb20fa0d753731a1708baf4f4a63095a0ad881934c9c
CROWN AGENCIES,"$100,118.00",$561.00,Ontario Hydro,"MANAGER, HEALTH PHYSICS",1996,5a5ad6f8227624a45c0b41a084b06eb7486462c8727f9569ac4af2ea8696dc42
CROWN AGENCIES,"$105,012.00",$569.00,Ontario Hydro,"PLANT MANAGER, NIAGARA",1996,7449f6b7e89908d96047721579bab7156a6688f2a5b1d9dd2d1235f5eef168e3
CROWN AGENCIES,"$103,208.00",$497.00,Ontario Hydro,SHIFT MTCE SUPRV (CONTROL OR MECHANICAL),1996,15417e02bf5cea408518435372480e752f949989c66ab7fc6c0971adeea18441
CROWN AGENCIES,"$104,774.00",$541.00,Ontario Hydro,SHIFT SUPERVISOR,1996,857e4aeb238b5b23fa40f93f07ed36b021d1bf2b978f4523382859b35d051776
CROWN AGENCIES,"$109,857.00",$604.00,Ontario Hydro,"MGR, PRODUCTION SUPPORT",1996,f71f0c1ef6e306424454ce2abea46e897f481a5087befacada7423e898e83250
CROWN AGENCIES,"$135,773.00",$601.00,Ontario Hydro,SHIFT SUPERINTENDENT,1996,1bb97a4bb7d9969c021b542cde995ab0492fcd325ce921af874611822f387329
CROWN AGENCIES,"$102,175.00",$524.00,Ontario Hydro,ENGINEER/TECHNICAL OFF-COMMERICAL & RES.,1996,9fa0c1ad3c499adfccde1bd4dd78e74c077c663ca13fe601f7d71a134a2ebed1
CROWN AGENCIES,"$110,578.00",$610.00,Ontario Hydro,"MANAGER, FINANCE & BUSINESS SERVICES",1996,8f7b91ba50c37ef719e8c9cbbe612ebad91a96a7445f25436a5c4454493afb34
CROWN AGENCIES,"$109,854.00","$4,405.00",Ontario Hydro,"MGR, GENERATING UNIT (4 UNITS)",1996,ef6af6b31aa2b365ce606601a78a8b9f6f807a4da70cd56588859fe3206bfd58
CROWN AGENCIES,"$140,743.00","$4,443.00",Ontario Hydro,OPERATIONS MANAGER,1996,2f7e2905f085357f8f6292b63ac74bf2b5ee5d2fc52f1f5d9a9596fdbdf5695a
CROWN AGENCIES,"$101,197.00",$505.00,Ontario Hydro,ENGINEER/TECHNICAL OFF-COMMERICAL & RES.,1996,c8abe755e70e0cffeea615ae4c6cc432253f6c7aa41cd4aeae055da02a38f43e
CROWN AGENCIES,"$106,517.00",$536.00,Ontario Hydro,SHIFT OPERATING SUPERVISOR (AUTHORIZED),1996,bd5871fd585919d12f9162e31f0e2716deeeb194d8cd22eb1643fc7b5c4224bc
CROWN AGENCIES,"$351,897.00","$45,110.00",Ontario Hydro,"EXEC VP & MANAGING DIR, GENRTN BUS GRP",1996,ef12badd38d486ac3c247e14ebdd17b9ed9cf3b558676444ab2d7d2c4e108fe2
CROWN AGENCIES,"$111,000.00",$586.00,Ontario Hydro,"DIRECTOR, FINANCIAL & BUSINESS SERVICES",1996,ddd1a126bfe902ae6dc65bf94bcf3fc3f8766cede38b2fa74b8a4f473491c702
CROWN AGENCIES,"$109,000.00",$585.00,Ontario Hydro,AUDIT ASSOCIATE,1996,b46991e5cf077f5d22d527a93b50f519424b470dfbdd741b03ed9dc8969484d0
CROWN AGENCIES,"$118,144.00","$1,213.00",Ontario Hydro,"MANAGER, UTILITY 5",1996,464356d5bc3bc135d7795ff99f83ee3648aac69d3e7999f20e0db04872178e50
CROWN AGENCIES,"$101,434.00",$479.00,Ontario Hydro,SHIFT MTCE SUPRV (CONTROL OR MECHANICAL),1996,0cac6b5c7954158b0aab481949f6993b3099942f549ac82a6c2b9c66e047047c
CROWN AGENCIES,"$102,575.00",$517.00,Ontario Hydro,"MANAGER, CORPORATE RISK",1996,24a5f9140d6653d5b0b5d4b70ea0c1eb313258647d7c045cda2097c15237b4a2
CROWN AGENCIES,"$116,482.00","$4,883.00",Ontario Hydro,"MGR, UNIT 0",1996,c7a48885d5460e24e06cf25af7513d00b6bba5c8d84d33097116a89c937a82be
CROWN AGENCIES,"$101,228.00",$527.00,Ontario Hydro,TECHNICAL SUPERINTENDENT,1996,aa88e62278a0b3c78c9e455d79f46715defd739e5770322a9bac84c288be3072
CROWN AGENCIES,"$112,585.00",$551.00,Ontario Hydro,TECHNICAL SUPERINTENDENT,1996,fc3bae2a607e2a5b9854b6cf7a6cbfd40bfdffb5ae3fd91b157108ebaf0a9d75
CROWN AGENCIES,"$101,171.00",$0.00,Ontario Hydro,ELECTRICIAN FOREMAN CONST,1996,ba4008718abb8afa18fec3b8a0af887ef507ad1df6cc9b32fff62bc003c42ae1
CROWN AGENCIES,"$101,774.00",$572.00,Ontario Hydro,"MGR, MATERIALS MANAGEMENT",1996,99f967c07ed6749c5bda958041cda4738f44878e4dd0378adf6bb5ebf2734639
CROWN AGENCIES,"$110,817.00",$552.00,Ontario Hydro,SHIFT OPERATING SUPERVISOR (AUTHORIZED),1996,fe9cdc2aa865f14b28355da93434703925349c32ba8fa6474ce0a9de927a33d2
CROWN AGENCIES,"$105,518.00",$577.00,Ontario Hydro,"MANAGER, BUSINESS PROGRAMMING & DVLP",1996,78883469bec6b2acea62724e7a21123f6e6be825357c19233e092dfea238f44a
CROWN AGENCIES,"$111,016.00",$519.00,Ontario Hydro,SENIOR PRODUCTION SUPERVISOR,1996,e416f22658a737a8e966375925b870eba7fe25f58a3e52f8acc76dca172fe943
CROWN AGENCIES,"$110,218.00",$607.00,Ontario Hydro,"PLANT MANAGER, NORTHWEST",1996,6f447602480541495debdd5329e4a68a24a5fd859bd1e1d52de97330d13a508b
CROWN AGENCIES,"$108,055.00",$501.00,Ontario Hydro,NEW VENTURES DIRECTOR,1996,94bed42ee2ab0206415e9c56d7d3e4cef21d36dad0b4407c7df6c1e58e9cc02c
CROWN AGENCIES,"$109,000.00",$672.00,Ontario Hydro,"DIRECTOR, BUSINESS SERVICES",1996,b81e76d3ebf4e8f9d59e05d464f97af25616cea33943e99762900bc992dbe0c8
CROWN AGENCIES,"$119,168.00","$1,450.00",Ontario Hydro,"DIRECTOR, ENVIRONMENT & SUST. DEVLPMNT",1996,91adc0de9841f93429995b18bcba3bcfa5eb71f41c354ceb7d6e5c6996fa0e95
CROWN AGENCIES,"$128,888.00","$1,133.00",Ontario Hydro,"MANAGER, RETAIL SERVICES",1996,5d52aa3b823d38fb1f23e7cbcca89ef13196d1e5d7acd305a3468a7d2ffa0a0c
CROWN AGENCIES,"$110,906.00",$481.00,Ontario Hydro,TECHNICAL SUPERVISOR,1996,7713a6a8a43d8b5c079d14bc03c337fe6230990b2f2aec16b2c59f6b0a800bea
CROWN AGENCIES,"$117,699.00",$598.00,Ontario Hydro,MAINTENANCE SUPERINTENDENT,1996,6bb81dbcfa3bf77106c18444f2962ce13ffddeed062734247617a1d107aa2ec5
CROWN AGENCIES,"$104,950.00",$541.00,Ontario Hydro,"MANAGER, NORTHEASTERN DISTRICT",1996,d61e7544d8f7658f0f905e5df7b102d0d1dbc2fe696f9dc5c18dc841de3f882e
CROWN AGENCIES,"$502,853.00","$61,240.00",Ontario Hydro,PRESIDENT & CEO,1996,d0d243bb81011f23c380382d2a42bd92d047b5dbc1a0f0646ca243b0e5d27ad4
CROWN AGENCIES,"$101,106.00",$540.00,Ontario Hydro,"MGR, SERVICE DELIVERY STRATEGIES & SYST",1996,30b3646ff0b12665d5987905c4d9352fd2dfa7ad3b620f234e2071526855f2ed
CROWN AGENCIES,"$102,611.00",$567.00,Ontario Hydro,"MANAGER, SPECIAL PROJECTS",1996,09238d68b2664242a7f677bc32bed5e7691ec608f6f47db5933720682f215333
CROWN AGENCIES,"$104,079.00","$3,239.00",Ontario Hydro,SHIFT MTCE SUPRV (CONTROL OR MECHANICAL),1996,544d77df0be9010750dbba39b7143efd1c355a5dd14ce858e5b5585d04f8f17d
CROWN AGENCIES,"$112,108.00","$7,138.00",Ontario Hydro,SAFETY MANAGER,1996,26f9a2482c46018066e11ae85a1a5b3763af9297af34a93e9c685608f02e3837
CROWN AGENCIES,"$103,245.00",$567.00,Ontario Hydro,SHIFT SUPERVISOR,1996,ce5181c919e6c9ef687c964ef8a02ccd0144425dda67201c7b89c09f26da2b38
CROWN AGENCIES,"$106,444.00",$571.00,Ontario Hydro,"MANAGER, ELECTRICAL DEPARTMENT",1996,4220173ca1bc233b4ad6f39971858a90a6adfa111db5e93adf14016af7a1d895
CROWN AGENCIES,"$174,461.00","$68,098.00",Ontario Hydro,"VICE-PRESIDENT, BUSINESS SERVICES",1996,a094ea1587dbf9b0ce22093144278ec2b804ee411c27e19786837e577035a831
CROWN AGENCIES,"$114,081.00",$534.00,Ontario Hydro,MAINTENANCE SUPERINTENDENT,1996,1bd4030bcb6cbcad3c29b1b2f7f0d2890abc03d8b370cc4ad5fde7481c81cfb3
CROWN AGENCIES,"$101,777.00",$359.00,Ontario Hydro,MKTG SUPVR - AG & RESIDENTL SALES - TERM,1996,fd0e9390ec6f053c14825109af8223f419080c2b370f054ac6e37a74d6bbeb74
CROWN AGENCIES,"$135,526.00",$712.00,Ontario Hydro,"DIRECTOR, HYDROELECTRIC INTGRTD OPS PRJ",1996,a611188589ce22abdd317ac5aec6b1bb0977a25c87b933be8fc9cbf39e74fff9
CROWN AGENCIES,"$102,524.00",$571.00,Ontario Hydro,"MANAGER, SERVICES",1996,f4ce6890709b74d27b7abf4dfde39e30c42ed64498189ea85a165365795d7061
CROWN AGENCIES,"$108,684.00","$3,683.00",Ontario Hydro,"MGR, FUEL HANDLING",1996,84ab977328ab9d63a9b814f9e6d998898931c7573bd68291579253c7ed800435
CROWN AGENCIES,"$109,678.00",$524.00,Ontario Hydro,SHIFT OPERATING SUPERVISOR (AUTHORIZED),1996,d4febeb0dac9053b15353b82b89627e4f57b3c8f6983ac9bf93476acab9b8afe
CROWN AGENCIES,"$101,000.00",$536.00,Ontario Hydro,"MANAGER, BUSINESS STUDIES",1996,80a5ba4a0fc82a4007987f1ef0a68114854f0f69ed5f0096aedfa8ab5f142e41
CROWN AGENCIES,"$264,227.00","$177,104.00",Ontario Hydro,"SENIOR VICE-PRES, GENERAL COUNSEL & SEC",1996,31cf9449d7fc4d22d54958b613d25425eee01c845c7f5eeea686afd37fa76f69
CROWN AGENCIES,"$109,080.00",$594.00,Ontario Hydro,"SERVICE MGR, STRATEGIC PROCUREMENT SRVC",1996,00d07564436f5d679e5895c4c5dd42416e03f7366ebcf228f54f0243617edf77
CROWN AGENCIES,"$127,160.00",$712.00,Ontario Hydro,"DIRECTOR, TRAINING & SIMULATOR SERV",1996,f7e5866630a2b88af0ae53932a0a31e4ce4a516ff6c33b4949e367619c164656
CROWN AGENCIES,"$103,682.00",$548.00,Ontario Hydro,"SECTION HEAD, OPRN SECURITY ASSESSMENTS",1996,93057674f5989643eaf1a19494f297dba1cf6db07bc1c7d1e86ef3a1e8ffa2ab
CROWN AGENCIES,"$108,408.00",$601.00,Ontario Hydro,"MANAGER, NUCLEAR STEAM GENERATORS PRGRM",1996,51e3aa459de5e286592c4a87d6cbd7c99aac50f61b4dda5624f1d9055d60ff60
CROWN AGENCIES,"$100,809.00",$416.00,Ontario Hydro,AUTHORIZED NUCLEAR OPERATOR,1996,f0a0dacdb59b0c5a46084a6d2e6b1efa0225235a7c4c37419714c3eecd93b932
CROWN AGENCIES,"$104,059.00",$585.00,Ontario Hydro,"MGR, FINANCE & BUSINESS SERVICES",1996,b1b8ae31ef0dfff0fe50637a1b7d8c6ff69714c5ffed3a8fc48a1d6fb8da8886
CROWN AGENCIES,"$101,022.00",$541.00,Ontario Hydro,"MANAGER, REAL ESTATE SERVICES",1996,d813513fb6b6c264a3d9c3e54d7311cfbbcf26335c1c144bb0f74e7ae7980088
CROWN AGENCIES,"$102,192.00",$540.00,Ontario Hydro,APPLICATION MANAGER,1996,fa454ff9d4f641c8f4229b63163283fdeabbbc40c46b09c61d374272078f3681
CROWN AGENCIES,"$192,499.00","$90,441.00",Ontario Hydro,"PRESIDENT & CHIEF EXECUTIVE OFFICER,OHI",1996,f3a7ca4c937511fbe4ed952267664dbfa0a5fe42575cf222c1d386b432f29574
CROWN AGENCIES,"$109,924.00",$613.00,Ontario Hydro,"MANAGER, FINANCIAL STRATEGY & POLICY",1996,c428ccfb6c78f756a1d1cabd60cdc473fa6edf802d89908339efc318f360ebe8
CROWN AGENCIES,"$106,748.00","$4,943.00",Ontario Hydro,"MGR, ENGINEERING SERVICES",1996,9dd02165dde334dcbac3f30501d7b4716635b246e08a6a47e65015b5c4ab13ad
CROWN AGENCIES,"$105,500.00",$589.00,Ontario Hydro,GRP BUSINESS SUPPORT MGR-CORP BUS GROUP,1996,37296f6765adbf2631630adf0cc6bbc3ff597952a8b549105908132bebf09974
CROWN AGENCIES,"$103,500.00",$550.00,Ontario Hydro,"MANAGER, INFORMATION MANAGEMENT",1996,f3011b9985627b2f4fbe1ff28b7b327fc5083a845bfb090a9a52910f0aa1972f
CROWN AGENCIES,"$102,305.00",$573.00,Ontario Hydro,SENIOR TECHNICAL CONSULTANT,1996,2e02e488787824ce14e7b3646b5dabf02970972b35fb2505ea0e33ffa924a600
CROWN AGENCIES,"$138,263.00",$712.00,Ontario Hydro,"DIRECTOR, HYDROELECTRIC PRODUCTION",1996,c954f388745ce34b356dd576016933433f03b9a9f8cfbf9e703da302b0d4086c
CROWN AGENCIES,"$272,375.00","$12,436.00",Ontario Hydro,SENIOR V P - HUMAN RES. - RETIRED,1996,0d19faf046cd026c0a51caa23412737fad43b03aa3a8308725a795e97b76c7d0
CROWN AGENCIES,"$101,024.00",$579.00,Ontario Hydro,SHIFT SUPERINTENDENT,1996,337b6a51f4815dc5124b72b0ddf7ad47287d5745b26602d846fca7da809d5c4c
CROWN AGENCIES,"$111,038.00",$598.00,Ontario Hydro,SHIFT SUPERINTENDENT,1996,337b6a51f4815dc5124b72b0ddf7ad47287d5745b26602d846fca7da809d5c4c
CROWN AGENCIES,"$105,880.00",$558.00,Ontario Hydro,"MANAGER, CQI",1996,6d61d570c67fbff20e822620ec449b1ccc6c554aa5892dafb20552231bf566fa
CROWN AGENCIES,"$110,000.00",$573.00,Ontario Hydro,"MGR, INTEGRATED TRNSMSSN PLNNG & OPRTNS",1996,5aec858bb63616383de494bb6aa7973b2ca4935d00c85c4b54a99fe54e5d6729
CROWN AGENCIES,"$147,048.00","$5,170.00",Ontario Hydro,"GENERAL MANAGER, FOSSIL BUSINESS UNIT",1996,f5c00eca7376b82c6e82d1141783168c76ecf596e5a247a0c85dbce614ca8292
CROWN AGENCIES,"$104,580.00",$579.00,Ontario Hydro,"MANAGER, INTERCONNECTED MARKETS",1996,0ed78111c04ac1d9f88d295d0e158d4d588fe2bb63f48b3862e2d82a3f5b6654
CROWN AGENCIES,"$104,522.00",$592.00,Ontario Hydro,"MGR, WESTERN NUCLEAR TRAINING",1996,e340161477eaee41067d0fd64e5418b39836817dbee772ad12c1c53efdcc7d7d
CROWN AGENCIES,"$114,602.00",$530.00,Ontario Hydro,SHIFT OPERATING SUPERVISOR (AUTHORIZED),1996,1749da0140af3d069522dd4da5763342747f3892997b031742b30f8229995981
CROWN AGENCIES,"$116,334.00",$653.00,Ontario Hydro,SR SOLICITOR,1996,fdb556a57d0a5adbb5b2ad30060d963b7eba8865b4e667d70dcf9f3f05159cc6
CROWN AGENCIES,"$102,516.00",$474.00,Ontario Hydro,SHIFT MTCE SUPRV (CONTROL OR MECHANICAL),1996,6c9a59d640d35ec73d845d9db931c31a62bdfe84a4f54b935af0b4ea4bfa4c87
CROWN AGENCIES,"$110,858.00","$2,446.00",Ontario Hydro,"MGR, STRATEGIC INITIATIVES & MGMT SUPPRT",1996,3565677415e2e1496deda20b91a91d2cf325bb76b78b02ad11e06e9222418421
CROWN AGENCIES,"$107,778.00",$517.00,Ontario Hydro,SHIFT MTCE SUPRV (CONTROL OR MECHANICAL),1996,40670e087919fb3ce4ad533a836161fc77fd7028e999301d3f921eb2f60602a3
CROWN AGENCIES,"$102,387.00",$561.00,Ontario Hydro,SHIFT SUPERVISOR,1996,a595ed4e24acc76524ca5ba3438d01383560c4d301def563259c506537ee0747
CROWN AGENCIES,"$104,365.00",$548.00,Ontario Hydro,"SECTION HEAD, INTEGRATED TRANS PLANNING",1996,0337d51a09a664e08a6113ea147455de0eb39815157108688b06627fa660b201
CROWN AGENCIES,"$101,998.00","$5,903.00",Ontario Hydro,CONSTRUCTION SUPERINTENDENT,1996,b129c2c8bc93c0e36e6f0cfbd8ff0a03645f73c3aeb3142f04bc8853db6b2107
CROWN AGENCIES,"$108,000.00","$2,654.00",Ontario Hydro,"MANAGER, HUMAN RESOURCES",1996,952a3b64d85c36f953c5cba3308c560b64425905ad5741a61ad3b8b990c6a380
CROWN AGENCIES,"$106,914.00",$530.00,Ontario Hydro,SHIFT SUPERVISOR IN TRAINING,1996,c30d37d8bb16a373c4225ecc2479b5b28d237d3db6fb63f52d29681e63c4cd0f
CROWN AGENCIES,"$101,628.00",$561.00,Ontario Hydro,MGR PROC & MTLS MGMT,1996,24cbb06645a4b37d564896ff527d0c512bc175ce56a54a5fe958d63a6f093e0a
CROWN AGENCIES,"$100,869.00",$554.00,Ontario Hydro,ELECTRICITY SALES MANAGER,1996,a27c05852d94e14388a3f93cbf2034417e79dcad36a0baa392691cf586a360c8
CROWN AGENCIES,"$111,991.00","$4,247.00",Ontario Hydro,"SERVICE MANAGER, WORKPLACE SERVICES",1996,377590d6773da7aba157c5774abb12e81808193a7177e3477f7a502f5214ad4a
CROWN AGENCIES,"$101,043.00",$566.00,Ontario Hydro,"ACTING MGR, ELECTRICITY INFO. EXCHANGE",1996,d074391136b84a9172b9fffa6b32ac6c23f9b148fb01bc92359a7452b17eac9e
CROWN AGENCIES,"$103,600.00",$555.00,Ontario Hydro,"MGR, MECH & ELEC ENGINEERING SERVICES",1996,a59ea8f560504a53ec69644f01ed726d43e60d9e991078a5d573250a0b8c4d73
CROWN AGENCIES,"$106,946.00",$518.00,Ontario Hydro,TECHNICAL SUPERVISOR,1996,a5c0e095f92b0520c5c0ad7ea5dbeb63c3365b42e05b4daa52bcace89287c60c
CROWN AGENCIES,"$113,754.00",$608.00,Ontario Hydro,"SALES MANAGER, UTILITY SALES",1996,4ad1ee6d7021cd71d33b65d63fdf7d46f9f81d985ba51e6f260668d2b2a1f862
CROWN AGENCIES,"$107,565.00",$535.00,Ontario Hydro,TECHNICAL SUPPORT SERVICES MANAGER,1996,15461b93574a505a188d3a0533d659a959f88e79515ab7207cbbfc7d2f4dcacf
CROWN AGENCIES,"$123,600.00",$743.00,Ontario Hydro,CHIEF PHYSICIAN,1996,6578fad3af8b3cf5a2ae8353f3e081424f1eef32ee4f8715877659855aff6d9a
CROWN AGENCIES,"$104,728.00",$488.00,Ontario Hydro,"OH PROJECT MGR, PAY & BENS REENG",1996,889973d75141f1504ebc79e3a43463b68a979344a0f59b5e86f2447bb1f31587
CROWN AGENCIES,"$109,613.00",$571.00,Ontario Hydro,"MANAGER, INTERNAL ENERGY EFFICIENCY",1996,8bee52199bd73d271991bc8e7491d890b157653961153eb150a015d7dc86d1e2
CROWN AGENCIES,"$115,959.00",$567.00,Ontario Hydro,SHIFT SUPERINTENDENT,1996,faf4a35d7a088a41dcc6ef3c357006e211c305803332b6c89aa340c922869a84
CROWN AGENCIES,"$100,527.00",$543.00,Ontario Hydro,SHIFT SUPERVISOR,1996,512034da44045dd80069b29fe176635d80e225d1bb0b06111e5d48f636710135
CROWN AGENCIES,"$103,145.00","$13,599.00",Ontario Hydro,"MANAGER, EMPLOYEE ADMIN & LIBRARY SRVCS",1996,226399058df55bfd85e9cd770026e67789227d147db0555e024ccbbe232913d2
CROWN AGENCIES,"$107,107.00",$495.00,Ontario Hydro,SHIFT OPERATING SUPERVISOR (AUTHORIZED),1996,e947a184b178ad602aaee055b5414a73c5ccc18b8549ee91e35f8b17d40d9bbb
CROWN AGENCIES,"$108,395.00",$610.00,Ontario Hydro,"MGR, FUEL HANDLING",1996,dd1780974faff1b889f9c3aa731d1fbe7ed7fc68c03dcc15c53d88232215e735
CROWN AGENCIES,"$102,234.00",$561.00,Ontario Hydro,SENIOR CONTROL SUPERVISOR,1996,c9f93a89cf16c87feb2692a43e16a50d4b280b706064c7989aca9dbf5f9cbdf1
CROWN AGENCIES,"$110,588.00",$542.00,Ontario Hydro,"MANAGER, BUSINESS DEVELOPMENT",1996,c6f24f1daa36ceaea80e128c10992f65cd08686cb7395d4f6e53f61f0b6a2c0a
CROWN AGENCIES,"$100,084.00",$567.00,Ontario Hydro,PRODUCTION INTEGRATION MANAGER,1996,af1ace38284024fd3a213c0830dca4a5b498e46539a595cd143033d97af3e069
CROWN AGENCIES,"$182,626.00","$24,595.00",Ontario Hydro,VICE-PRESIDENT-CORPORATE COMMUNICATIONS,1996,8a25581c118032631fd42ebb604cdc8cb8dccff51b5c456ccb962441371a2d14
CROWN AGENCIES,"$101,683.00",$431.00,Ontario Hydro,SHIFT SUPERINTENDENT B,1996,254a027c13d75560ff432333071a52d4bfcd5c4fc4dda718cae0b35729e06af4
CROWN AGENCIES,"$112,500.00",$647.00,Ontario Hydro,"MANAGER, SALES & INTEGRATION SERVICES",1996,d034b6bf056b1236805422092d8e9fbac0a8456239f52b180cb7ffdc6e378b13
CROWN AGENCIES,"$101,313.00",$536.00,Ontario Hydro,"MGR, QUALITY SURV & INSPEC SRVC - TERM",1996,4cbc860caee144964a7c5d066f1bb30b01ca4f591e0d27b8c47edd2aa6233ab1
CROWN AGENCIES,"$130,989.00","$3,826.00",Ontario Hydro,"DIRECTOR, EMPLOYEE SERVICES",1996,50fc517f810bdaf4927c555d35966ed7973d4d12ef40b4e30e9918699c2cdbfa
CROWN AGENCIES,"$110,071.00",$592.00,Ontario Hydro,SHIFT SUPERINTENDENT,1996,90cd9f9356665d34e66f8cc3eb9fc6ff52d2cb341696dbd58c23a93cd68c0b14
CROWN AGENCIES,"$112,239.00","$3,950.00",Ontario Hydro,"MGR, UNIT PAIR 3 & 4",1996,147e5a915e3f501dea3758f8c532d8d68ff86570deb94d2cf14ede52878d4ea6
CROWN AGENCIES,"$106,309.00",$558.00,Ontario Hydro,SUPERVISING DESIGN ENGINEER,1996,874fdada1b2809e54650013d02c91804d6e0ace4f7821949fc3d08ff746b5262
CROWN AGENCIES,"$110,022.00",$616.00,Ontario Hydro,"MANAGER, FINANCE",1996,b604190f8091bf9062ace12d98699d2bdd88f4f1871ed1d788c234cc6e18725f
CROWN AGENCIES,"$103,877.00",$579.00,Ontario Hydro,"MGR, PERFORMANCE IMPROVEMENT",1996,2a855c63e46c6bbc343bf0bac17ddc40b62fb924b80cd76f06121e7d61935263
CROWN AGENCIES,"$109,520.00",$540.00,Ontario Hydro,SHIFT SUPERVISOR,1996,338eac1f21dbad34e456b4cce3ec81ce15d9a491c66064685cc4cb294c9470a6
CROWN AGENCIES,"$123,931.00",$681.00,Ontario Hydro,"MANAGER, UTILITY 9",1996,1d265216bcf652406daf709f6aee837e651cf814ff36147167d23e97dc996e27
CROWN AGENCIES,"$101,959.00",$507.00,Ontario Hydro,SHIFT OPERATING SUPERVISOR (AUTHORIZED),1996,4ff60c1ddaea41cad1958d5be1991ecf678de955849a845df0507a917a86831a
CROWN AGENCIES,"$110,525.00","$4,886.00",Ontario Hydro,"MANAGER, UNIT 0",1996,f9d59793fca86a81959d244dd046ad87471e4e6839d68dcbd72b96b43042e620
CROWN AGENCIES,"$104,411.00",$516.00,Ontario Hydro,ENGINEER/TECHNICAL OFF-COMMERICAL & RES.,1996,08bfe8134bc01230d59250e02a4d51aeda8ca26d397034fe25bec91c155e36a2
CROWN AGENCIES,"$104,652.00","$1,365.00",Ontario Hydro,"PLANT MGR, NORTHLAND",1996,74dbecd5c73db5bdc172c6f9bef4328f8b5b8ed765c6f19b79d02dda85e280e4
CROWN AGENCIES,"$102,554.00",$573.00,Ontario Hydro,SHIFT SUPERINTENDENT,1996,841b6d1fe497bc746b01128535e0d968c6ec14b09bea193caa0137533f2ef014
CROWN AGENCIES,"$109,379.00",$610.00,Ontario Hydro,"MGR, ENGINEERING SERVICES",1996,841b6d1fe497bc746b01128535e0d968c6ec14b09bea193caa0137533f2ef014
CROWN AGENCIES,"$137,217.00",$743.00,Ontario Hydro,"DIRECTOR, COMPNSTN & BENEFTS STRATEGY",1996,13305a850fb74ae55492193bc174891eeecd9049df994c489f412074fcf220ba
CROWN AGENCIES,"$104,345.00",$558.00,Ontario Hydro,"MANAGER, TECHNICAL SUPPORT",1996,cc4cfba4cc77766f9ac207801552edacac46743be9a591e4deb42148d030c9f7
CROWN AGENCIES,"$113,716.00","$3,776.00",Ontario Hydro,"MGR, WASTE MANAGEMENT SERV",1996,ef09031f773965e780da7af3217a9890cee2bdf7df54b144c1dc8e7d751524f1
CROWN AGENCIES,"$105,642.00","$1,748.00",Ontario Hydro,"MGR, NUCLEAR SAFETY",1996,928fef51f83e455ac5d50626e2668e5dd65720f20d567850f3d7863f2d853090
CROWN AGENCIES,"$136,847.00",$762.00,Ontario Hydro,"ASST GENERAL COUNSEL, ENGINEERING SERV",1996,eba8e01f9f8c2001fcffd227926f3a45e1b172fef49f7e1db088585f35bc32e6
CROWN AGENCIES,"$116,157.00",$657.00,Ontario Hydro,"MANAGER, ORGANIZATION CHANGE, CIS PROJ",1996,fc32dc79f506e731f2b3f383f5b2a69242c0c53ab2a059707dc14f778f76c343
CROWN AGENCIES,"$102,305.00",$573.00,Ontario Hydro,"MGR, ENGINEERING ANALYSIS",1996,5b57865feaeee4f5ff270ded3669bbed1548cd01369cc919dd698fa6bcfb9905
CROWN AGENCIES,"$138,000.00",$774.00,Ontario Hydro,TREASURER,1996,ea0208de4f14deb1b85aaf24c6219e0608603064252df65272c6ef0eb32776dd
CROWN AGENCIES,"$140,916.00","$4,454.00",Ontario Hydro,"DIRECTOR, NUCLEAR TECHNOLOGY SERV",1996,8b0482b1135ccd2401008cf3fe75eb355e7c86132bcb85cb0db50ecaad210a46
CROWN AGENCIES,"$106,042.00",$572.00,Ontario Hydro,"MANAGER, STRATEGY",1996,ff91e17f8ea1af391fe8a807267bab1488573c79c00f2f4c9b7539b1c3c4b22d
CROWN AGENCIES,"$125,182.00","$3,208.00",Ontario Hydro,"DIRECTOR, NUCLEAR WASTE & ENV SERV",1996,1d726c6de97030975a30fe3dc8220937e7535133a9ee9dd698b98774f5e2b1c7
CROWN AGENCIES,"$105,335.00",$536.00,Ontario Hydro,CONSTRUCTION SUPERINTENDENT,1996,41c6ee6b48b2863c35e85b60af40334b55d6bcddd84b9b97b83703dfae57a50b
CROWN AGENCIES,"$108,289.00",$598.00,Ontario Hydro,"MANAGER, EXTERNAL INVESTMENTS",1996,1babc9260509691a0f61d3bbc9a7d8d0f9eaa7c4e1a9f60b3c17954569d7cc41
CROWN AGENCIES,"$106,145.00",$485.00,Ontario Hydro,SENIOR DESIGN SPECIALIST,1996,b1edaf6dd417b3b320bdcc99cc9eb0afcb98d7978ccb6c1f36b65fc6a09e8801
CROWN AGENCIES,"$160,220.00","$54,722.00",Ontario Hydro,"VICE-PRESIDENT, CORPORATE FINANCE",1996,0ffe87348110112d604f7dea552e97887040d6c3964ce27a3f74fd8eaa6a3e63
CROWN AGENCIES,"$114,057.00",$111.00,Ontario Hydro,CIVIL MAINTAINER II JOURNEYPERSON,1996,55388399fdcef8e098ed8de9dd75f04103723c6fe8076ad3891fb08b15658654
CROWN AGENCIES,"$118,183.00","$5,659.00",Ontario Hydro,"MANAGER, GENERATING UNITS",1996,1649e8128ce20baf43b0bfda164179afffef8a7b7a2493f786e3621de5d9e7e9
CROWN AGENCIES,"$100,554.00",$558.00,Ontario Hydro,SHIFT SUPERINTENDENT,1996,49644424654a94c45fb7d3a4bc15a7a184f9e9c6b9641549e909a81a7ea71346
CROWN AGENCIES,"$106,704.00",$540.00,Ontario Hydro,SINGLE UNIT SHIFT SUPERVISOR,1996,6deb19892dd4fc29cff126005f1e2bf4fb82070c5376b2c07afe521e45fc421a
CROWN AGENCIES,"$111,245.00",$566.00,Ontario Hydro,SHIFT SUPERINTENDENT,1996,20bbfd77ba1eee8ee027e7664274c6c6bdec3ac492b6af499a0848fbf94afee9
CROWN AGENCIES,"$103,497.00",$579.00,Ontario Hydro,"MANAGER, BUSINESS DEVELOPMENT",1996,b79f12ab2bc34047a0c91b8aa6202d3c7c05f47e904db85f6f30e229d40f1e9e
CROWN AGENCIES,"$127,150.00",$696.00,Ontario Hydro,ACCOUNT MANAGER,1996,208e3a79968a415fd3f62782f7728f1307bf9cd39c22b021cc75f299753f4949
CROWN AGENCIES,"$101,510.00",$556.00,Ontario Hydro,"MANAGER, BUSINESS PROGRAMMING & TECHNLG",1996,5c21d1d1bbd117b569d81f2bf583492d56ac23955f4824e574edc47ce8f67784
CROWN AGENCIES,"$115,356.00",$592.00,Ontario Hydro,MANAGING PARTNER,1996,d1b38a254e0d400cc403bfb550341c8fdd85d71882e4266b5e8df39ba0e637fe
CROWN AGENCIES,"$102,305.00",$573.00,Ontario Hydro,"SECTION MGR, SAFETY ANALYSIS",1996,31d8119dcddb91b948837822c82cdd8efe3cd7cac157fb399ee6dfd8694699bd
CROWN AGENCIES,"$120,640.00",$599.00,Ontario Hydro,"MANAGER, OTTAWA DISTRICT",1996,e9d5e8c3546b2e7d60ca996ac5a0c2e95001f68de5d6b17e09fcd26fd953ba1d
CROWN AGENCIES,"$107,704.00",$573.00,Ontario Hydro,ACCOUNT MANAGER,1996,ac77c11862f887cfe3e56f51d7462d9a06a26d09cbb24da4a95e17329518a280
CROWN AGENCIES,"$117,285.00",$651.00,Ontario Hydro,OPERATIONS MANAGER,1996,c64f4e1f66fbe06fc1ee6282303e560225e56e5124f94c5a865f8ce88cc21425
CROWN AGENCIES,"$102,760.00",$524.00,Ontario Hydro,TECHNICAL SUPERVISOR,1996,4db3fcf3490a4b98b76e9929abd7bd8f141f6741acb9ce93552315d7172d5218
CROWN AGENCIES,"$105,519.00",$561.00,Ontario Hydro,"MANAGER, TECHNICAL SERVICES - STATIONS",1996,88acfe5b446c2c5abe9d47d827cfb3c33392dd69dce039e3258e93c3213b67f8
CROWN AGENCIES,"$107,918.00",$499.00,Ontario Hydro,SENIOR DESIGN SPECIALIST,1996,43ea5e960f20a44fad1f54f5df9d92f18c46adf15836d68609f85c155cdc7187
CROWN AGENCIES,"$111,150.00",$497.00,Ontario Hydro,SHIFT OPERATING SUPERVISOR (AUTHORIZED),1996,01e56dc9d937aff67db1223d2042dd01d84a5048df9aaa11d0c9e27648c0e173
CROWN AGENCIES,"$112,087.00",$598.00,Ontario Hydro,SHIFT SUPERINTENDENT,1996,b58efa142c406aa8f0d8618ccd47ebea539bb3ef3b7256c214ff1ee9787da14a
CROWN AGENCIES,"$104,305.00",$579.00,Ontario Hydro,"MGR, UNITS 5-8",1996,92f315ae391fe3836f013b8be762e865c7ef370c3d03f53501d9c6efb73baaf9
CROWN AGENCIES,"$104,600.00","$4,627.00",Ontario Hydro,"MGR, FUEL CHANNEL INSP & MTCE",1996,b226b49aaa19b6ee28300c9dc987755cd4e33f181f0a1ae638e6eaef417e2060
CROWN AGENCIES,"$107,721.00",$566.00,Ontario Hydro,SHIFT SUPERINTENDENT,1996,f720382fccd34320879ab1f4e58da837c037c49a328f39a59dccce59a547a5e9
CROWN AGENCIES,"$103,142.00",$555.00,Ontario Hydro,SHIFT SUPERVISOR,1996,40d1dcb194be7c4f97deea8d00d96acc36dd6e32ac72247cd34935a6bb3ce583
CROWN AGENCIES,"$132,078.00",$580.00,Ontario Hydro,SINGLE UNIT SHIFT SUPERVISOR,1996,2c63a4e29c5aea93981beb5fc0ed3ceab3865a057cd89cbc6204473d69f38c84
CROWN AGENCIES,"$103,505.00",$592.00,Ontario Hydro,"MANAGER, RESEARCH & INFORMATION SRVCS",1996,9f475e08b3b93bf95e4e9a0233e34b1c13d43ca9a13f2ff914cf9941fc924540
CROWN AGENCIES,"$138,750.00",$649.00,Ontario Hydro,"ASST VICE-PRESIDENT, LABOUR RELATIONS",1996,844a7b9522edbc114f1fb998a48408f825c65e3b3caae67af39763f4c2f9a988
CROWN AGENCIES,"$100,023.00",$493.00,Ontario Hydro,SHIFT MTCE SUPRV (CONTROL OR MECHANICAL),1996,31f73a958d6a71b04679b7516f4aa5cfd69477fab436862a71206af9e2dcc309
CROWN AGENCIES,"$127,779.00",$695.00,Ontario Hydro,"ASST GENERAL COUNSEL, OPERATIONS & PLNG",1996,66bbd181f7e71cc84ad734cb3c466468981284f0c0f0c7a5a2e77e7ff6ed89cc
CROWN AGENCIES,"$141,913.00",$619.00,Ontario Hydro,"DIRECTOR, CUSTOMER SERVICE",1996,2d077417d09b6a8246d66d683f5e24edbe5ab51318ec1040a0849a943a1c455f
CROWN AGENCIES,"$102,833.00",$567.00,Ontario Hydro,MANAGING PARTNER,1996,8c5c82c8d5baba0ad69ca6a8650721a8f73b6a8b9f1ef5f745b87605f7fbc5e4
CROWN AGENCIES,"$108,074.00",$526.00,Ontario Hydro,SHIFT SUPERVISOR,1996,baff2f757f2fc845a94e7925e08e81da48fceb56ecf91157c83116d0ee825c6c
CROWN AGENCIES,"$108,896.00",$483.00,Ontario Hydro,SHIFT SUPERVISOR,1996,888c9c2b13d213613e29594a2c4c674301b34c658d4224149bc8e84c73bd9bf3
CROWN AGENCIES,"$122,064.00","$4,378.00",Ontario Hydro,"ACTING DIRECTOR, BRUCE B",1996,b61a745aec9a84a1faf27ff2b13bbcea4f29adfc6ddbd18050855007f0f1289c
CROWN AGENCIES,"$104,500.00",$450.00,Ontario Hydro,"MGR, INVESTMNT RECVRY & WASTE MGMT SRVC",1996,b92c58d8f521c7568d8c4f39566bea36767330ffe0bab5ac3d1f201f035fe8fa
CROWN AGENCIES,"$105,744.00",$561.00,Ontario Hydro,"MANAGER, TECHNICAL SERVICES - LINES",1996,aed2d827d9818f5e43d15d59fe6b695d235c7d868cfce08784759d9cc9208bea
CROWN AGENCIES,"$170,192.00",$561.00,Ontario Hydro,SINGLE UNIT SHIFT SUPERVISOR,1996,504a37162ab8746308df9fd7025a252da590448dcafc3618e63827ef266ca2a9
CROWN AGENCIES,"$194,163.00","$97,220.00",Ontario Hydro,"GENERAL MGR, HYDROELECTRIC BUSINES UNIT",1996,c341ad8430d9103f5ba0f9f8d9f76733ab4912470e0a5021113586870d24215b
CROWN AGENCIES,"$104,696.00",$515.00,Ontario Hydro,"MANAGER, HUMAN RESOURCES",1996,ca4c2e7a43a8795b7b00452577753ce66757c1e2bf7e9187cf2650e109db5be0
CROWN AGENCIES,"$106,325.00",$610.00,Ontario Hydro,SR SOLICITOR,1996,096fff365be1a693b14a0c2bbe9613e8659135241d540367b1cd36d4cb372cbd
CROWN AGENCIES,"$116,436.00",$885.00,Ontario Hydro,"MANAGER, UTILITY 4",1996,f9c08e6680574ee646c5bd34c38a527a3f73c50bd97b736faeddc433c2a6a69b
CROWN AGENCIES,"$109,116.00",$573.00,Ontario Hydro,"HR CONSULTING MGR, FIELD OPRNS NORTH",1996,f400481d0b4620887a9abd4b2545fcc993900e60b1021c2b887322732c5b4804
CROWN AGENCIES,"$101,386.00",$416.00,Ontario Hydro,AUTHORIZED NUCLEAR OPERATOR,1996,da6d54dc6522fa6fb445db920a6cf4082d991f4e9a6f0576e23f0ca6b5f3ebb4
CROWN AGENCIES,"$103,298.00",$455.00,Ontario Hydro,SAFETY SPECLST PROTECTVE CLOTHING &EQUP,1996,50d46fee7d1c1a82184ade14a691c83cdf46052e45e1eafc5889e41d83f4879f
CROWN AGENCIES,"$121,750.00",$634.00,Ontario Hydro,"DIRECTOR, BUSINESS ANALYSIS",1996,19055844247074b052775a5972f27b79a6f3024b4526579a38c5de028138a460
CROWN AGENCIES,"$105,909.00",$585.00,Ontario Hydro,SHIFT SUPERINTENDENT,1996,e989594b738a403d014b9a5820e1bc4f4ec84347eb4802757768f264b9985e41
CROWN AGENCIES,"$112,933.00",$569.00,Ontario Hydro,STAFF PHYSICIAN,1996,8fd4798a3b72cd0896e6fc1bcf1c66303b787ea58b0ebe783326861318935a55
CROWN AGENCIES,"$110,850.00",$399.00,Ontario Hydro,PROTECTION & CONTROL SUPERVISOR,1996,3ce5a3fab824bc4ce748464958f86d3893465e919bd7d81b463708abdc231cff
CROWN AGENCIES,"$197,575.00","$124,327.00",Ontario Hydro,"GENERAL MANAGER, DISTRIBUTION OPRATIONS",1996,426501e7ae379fb732a93a53c33272092b05de4cf98670aafce3607b19fb7fde
CROWN AGENCIES,"$110,976.00",$616.00,Ontario Hydro,"MANAGER, ENVIRONMENT",1996,2b99095802c8d1c13e25d7a1ae99f0eb101a85e4c0bde6b5d7865dd708f4921d
CROWN AGENCIES,"$107,954.00",$542.00,Ontario Hydro,SHIFT SUPERVISOR,1996,a41ead60d2f2423e7caede118b8ea03d6e524dbc753f0e0a817a35af33c2c3e7
CROWN AGENCIES,"$316,531.00",$885.00,Ontario Hydro,INTERNATIONAL ASSIGNMENT - PERU,1996,b638cc183c78a963cf3a47a1fe683c0a11585f15e85681e4752fb1efd3f5bad9
CROWN AGENCIES,"$110,429.00",$540.00,Ontario Hydro,SHIFT SUPERVISOR,1996,facb0fe114533139e3d6c8d6126d68d799dd3d19a9ab1152d501058280b1590b
CROWN AGENCIES,"$103,578.00",$548.00,Ontario Hydro,PRINCIPAL RESEARCH ENGINEER/SCIENTIST,1996,667e101a74a3ce45f96b2c66a084ee576f18144c649559d95b8e07206289a0e3
CROWN AGENCIES,"$118,219.00",$542.00,Ontario Hydro,SHIFT SUPERVISOR,1996,ff5f7744a9700f583359ab66f5856a33a15e2c5624da05a463cc04cc5e3ab97d
CROWN AGENCIES,"$107,397.00",$559.00,Ontario Hydro,"MANAGER, FINANCE",1996,936f92229e145d7a58fdb7d176dfe50d7a6eb476428099e3c483862956dac9a0
CROWN AGENCIES,"$110,242.00",$561.00,Ontario Hydro,SHIFT SUPERINTENDENT,1996,470eabebfc64e71a9f3b5a7d07cd8ece3483266d2d0ab2a48882122ee2a2d89a
CROWN AGENCIES,"$113,388.00",$522.00,Ontario Hydro,PRINCIPAL RESEARCH ENGINEER/SCIENTIST,1996,0251ddb61a1841cc66418c12ee84dfd0c58ea4751463115fea1bc40f34467a09
CROWN AGENCIES,"$218,730.00",$489.00,Ontario Hydro,"MANAGER, U.S. EQUITIES - PENSION FUND",1996,cd7de02c6c26cac411bce96c71f20acc57c6ab59b6f964c415bc97ac8245313d
CROWN AGENCIES,"$101,923.00",$416.00,Ontario Hydro,AUTHORIZED NUCLEAR OPERATOR,1996,0591553daf320bfe5547b052be724a7defa9fdf55f1be5d9cae5ae4935928bcc
CROWN AGENCIES,"$133,950.00","$6,316.00",Ontario Hydro,"DIRECTOR, NUCLEAR STATION SUPPORT",1996,c088a1d779dea1245b28cb538f3f74d7c537c720113e744446c9e2ebd45bf5e2
CROWN AGENCIES,"$109,163.00","$4,454.00",Ontario Hydro,OUTAGE MANAGER,1996,2b46cece3ad2545f40106c51092d2a0cf3d29a57e41e54b497e936b6bc2df5be
CROWN AGENCIES,"$103,486.00",$574.00,Ontario Hydro,"PRJ MGR, REDESIGN OF ACCT PROCES & SYST",1996,6d6305f4f92b7882a367db06756d74d88b1169f03c1d7e28515deb3e14db5806
CROWN AGENCIES,"$105,458.00",$497.00,Ontario Hydro,SHIFT OPERATING SUPERVISOR (AUTHORIZED),1996,f6611b51a0a844d44445c6a468dcec783f0832a2017d7dc57962e45d247595f1
CROWN AGENCIES,"$104,190.00",$537.00,Ontario Hydro,"MANAGER, TELECOM SERVICES",1996,f6611b51a0a844d44445c6a468dcec783f0832a2017d7dc57962e45d247595f1
CROWN AGENCIES,"$105,805.00",$496.00,Ontario Hydro,MAINTENANCE SUPERINTENDENT,1996,315d686fd0014f65c3a2cbcdc9021cfb95118ff0567605561d039c9f6fe8bdab
CROWN AGENCIES,"$144,944.00",$657.00,Ontario Hydro,"MANAGER, UTILITY 13",1996,23da08a797c78f6ba8f7d763ced69abf1c18b894458e4740ad2a9f58bd41ac2f
CROWN AGENCIES,"$120,967.00",$554.00,Ontario Hydro,ASST GENERAL COUNSEL-EMPLOYMENT LAW,1996,f0502e1a8362eeb11bf30e29a3849c5f1d3e7d4eb3d0019d12a90d842b7b4ee0
CROWN AGENCIES,"$111,000.00",$585.00,Ontario Hydro,"MANAGER, GRID STRATEGY & COMMERCE",1996,4cb03fcbc751c832a6432fc7840493284ed393ed33c7fd6b4cccd743286e7d1f
CROWN AGENCIES,"$107,300.00",$517.00,Ontario Hydro,"VICE-PRESIDENT, CONSULTANCY SERVICES",1996,0a952b56e7fc926274cd7519d7c0a9faa9a2161995c768a4207170321fb09f53
CROWN AGENCIES,"$352,003.00",$687.00,Ontario Hydro,ON ASSIGNMENT TO INPO - ATLANTA GA.,1996,1902880869062da6ebb3be6a6a7550b52ced22344af292eebee77ef629ef1503
CROWN AGENCIES,"$102,100.00",$531.00,Ontario Hydro,CLIENT SERVICES MANAGER,1996,a3937d8d10f48bd205fef79bde94a75d113110abcdcff6665cffbfa0f6166a79
CROWN AGENCIES,"$109,671.00","$2,905.00",Ontario Hydro,"MGR, MATERIEL MANAGEMENT",1996,c77567d7ae1182ceaa3689a434f5f60c32d52c9a21ebd89bf584f9c96f9ea8e6
CROWN AGENCIES,"$138,243.00","$3,451.00",Ontario Hydro,"PLANT MANAGER, LAMBTON GS",1996,e0c54382dd80b9b9e3cec1270b4300c6cd364235f820e5aac39264328f6dcb46
CROWN AGENCIES,"$109,805.00",$528.00,Ontario Hydro,AUTHORIZATION TRAINING SUPERVISOR,1996,aade867a4e293095070e88dcbdad022f3cb509cfd6ce1fe111b9fc4c102a164a
CROWN AGENCIES,"$106,650.00",$572.00,Ontario Hydro,"MGR, INFO MGMT & ADMIN",1996,d1844c1971907a973716f4885f4c429915d99a4bf681ce5bf2bbf103e67e3ca3
CROWN AGENCIES,"$100,800.00",$558.00,Ontario Hydro,"MANAGER, NATURAL SCIENCES DEPARTMENT",1996,2e7b592d3aea1dd1935b32f78f1e6fb72e84cce294bba753879fe640034c8d93
CROWN AGENCIES,"$114,771.00",$641.00,Ontario Hydro,"MANAGER, HUMAN RESOURCES CLIENT SRVCS",1996,858c9c3830626203ba15155ae321e63a4d202bae0e4bd53a4640eab127733fda
CROWN AGENCIES,"$120,705.00","$5,827.00",Ontario Hydro,"MANAGER, TECHNICAL SERVICE INTEGRATION",1996,bef57d149b1920838583e558b6a849ef91e6de849cbd7167d05578b7fb34a6f1
CROWN AGENCIES,"$111,565.00","$2,916.00",Ontario Hydro,"PLANT MANAGER, LAKEVIEW GS",1996,89a94777e06b82fd33aa402e722830f3e83eb692a9ebf591bc836a53e2297b4d
CROWN AGENCIES,"$101,879.00",$504.00,Ontario Hydro,SHIFT SUPERINTENDENT B,1996,cbf57490a295fab249c0ba1da1ca22df1f01f36eedaffaf90e62989d32c77189
CROWN AGENCIES,"$108,090.00",$573.00,Ontario Hydro,SHIFT SUPERINTENDENT,1996,66c240690b2139f21c5fc415d020473a3c679714ba3a0c4d7cbbb8043cce9fef
CROWN AGENCIES,"$123,537.00",$678.00,Ontario Hydro,"MGR, REACTOR SAFTY & OPERATNL ANALYSIS",1996,0bfb00959934e30a9fb9b3a5558f42cbdd0a9df90db0001a2fcaa6a50881d5a3
CROWN AGENCIES,"$103,739.00",$595.00,Ontario Hydro,"MGR, NUCLEAR SAFETY",1996,b250203cbc4f5133692a9c53a5e0e006c0d529ab8e75c6637fbe9868d1c34f39
CROWN AGENCIES,"$106,522.00",$561.00,Ontario Hydro,SINGLE UNIT SHIFT SUPERVISOR,1996,37cba41d8a742b6cb7e80ec9ffda8c9657f16e161a69495aa70a881208ac2007
CROWN AGENCIES,"$105,782.00",$555.00,Ontario Hydro,SHIFT SUPERVISOR,1996,d862b37ba0766b7c500dc972316658a9d59e60e31cd7d8a3da9bbbc543105940
CROWN AGENCIES,"$106,221.00",$349.00,Ontario Hydro,AUTHORIZED NUCLEAR OPERATOR,1996,8fb14b7091dfd7b1506de91aabf23386bb87d8745ed2a024e929c07bc9b4b042
CROWN AGENCIES,"$103,546.00",$552.00,Ontario Hydro,"MGR, MATERIALS MANAGEMENT",1996,f0126063ea6b995f0801a5ec2be46d652027c88b4b6329862bc24f53e9ed6faa
CROWN AGENCIES,"$137,370.00","$1,277.00",Ontario Hydro,"DIRECTOR, TRANSMISSION PROJECTS",1996,1930f34853be959f8243a45f4ec7c24cdd8ed6e5e58d64c72f20ac418b394963
CROWN AGENCIES,"$110,435.00",$604.00,Ontario Hydro,"MANAGER, REACTOR ENGINEERING & SERVICE",1996,724f82e810409b5119a0a7f784e432eaed256602cf146e31b8859b3fa6ac5244
CROWN AGENCIES,"$104,974.00",$681.00,Ontario Hydro,TERRITORY MANAGER - INSPECTION,1996,eb8a756b3f7232f2fec1b02aa304004b71d53590fab51bb2fe90ba2614cc2ba1
CROWN AGENCIES,"$104,506.00",$585.00,Ontario Hydro,"MGR, CHEMISTRY & METALLURGY",1996,2cb1c8540a41934a01b452626809886a6495c2f6f7800ac1514d2101dc9a4e50
CROWN AGENCIES,"$101,288.00",$586.00,Ontario Hydro,"MGR, ISOTOPE TECHNOLOGIES PRGRM & CFFTP",1996,e102cd5bff2bd83f22729ee950724349d145199b5968bbff48b3b6aa7d8bb86c
CROWN AGENCIES,"$103,840.00",$579.00,Ontario Hydro,"MGR, USED FUEL DISPOSAL",1996,3a79046ee4e1d008afcc9524041369f1621cb5e4ac121862a971ed8434d9382a
CROWN AGENCIES,"$205,110.00","$134,634.00",Ontario Hydro,"GENERAL MANAGER, CUSTOMER SOLUTIONS",1996,d164a2d3416bcd65214c819201a54bd4eab1a286508762d1bf2b8685bc3acb7a
CROWN AGENCIES,"$121,754.00","$2,628.00",Ontario Hydro,"MGR, ENGINEERING SERV",1996,7bb75357e62e33f5f09449f43913e7b6d6a0769776a79b91ba1ed3edb13a3fb8
CROWN AGENCIES,"$113,423.00",$610.00,Ontario Hydro,"SENIOR ADVISOR, HEALTH & SAFETY",1996,b7b1fe8cf137c66d474bf21e255510358bcf9522b351fb7049ef3848b8baf97e
CROWN AGENCIES,"$284,955.00",$694.00,Ontario Hydro,"DIRECTOR, INTERNAL INVESTMENTS - PENSION FUND",1996,99c5078a79d01c5d89ac253bc03907febf3c7f95a6e15a05e97fb66f9f7130b1
CROWN AGENCIES,"$160,723.00","$4,631.00",Ontario Hydro,"DIRECTOR, DARLINGTON",1996,92814aa782237d7735729bdffe2d0d383dd1296a7f4d5662bf92caa7dc44b011
CROWN AGENCIES,"$107,650.00",$841.00,Ontario Hydro,"MANAGER, UTILITY 6",1996,f081a9920c3acd781057f2013bc0a077f256df64b16de7de6b844eca7a9fb8da
CROWN AGENCIES,"$101,003.00",$567.00,Ontario Hydro,"MGR, INFORMATION RESOURCE MGMT",1996,d31ebbd11588bd823e15397e570a25de152e4acd76f29e46734216df9af0ad15
CROWN AGENCIES,"$108,580.00",$620.00,Ontario Hydro,"MANAGER, DEBT",1996,6d75494b2469391f19468bcb117956372963c268b4aea1f161f9891db9cf3b83
CROWN AGENCIES,"$142,070.00","$88,938.00",Ontario Hydro,"VICE-PRESIDENT, CORPORATE SERVICES",1996,63a933ec30b22c29122388f3107bb586658e94e9a40102db2e5e01759798391b
CROWN AGENCIES,"$103,475.00",$563.00,Ontario Hydro,SHIFT SUPERINTENDENT,1996,cc1afb7988105cb7accc43add5ffd7fec076a7ff430a50af4bcc837297d46aea
CROWN AGENCIES,"$241,428.00","$5,936.00",Ontario Hydro,"DIRECTOR, PICKERING",1996,2abfcd694f1d7f4e32b36375d3a778dfdc832746ffd0c7ef6fac5779b2b679c2
CROWN AGENCIES,"$102,704.00",$542.00,Ontario Hydro,SINGLE UNIT SHIFT SUPERVISOR,1996,a82066ddfbe7b90f33ddbd2a196b172215c75aa903d2b778557c918aea0aedc5
CROWN AGENCIES,"$101,980.00","$6,593.00",Ontario Hydro,"PLANT MGR, OTTAWA RIVER",1996,a8690aae7368edde17468ce492f76b3d434abfa3e8f84633256b190f7a27f1e9
CROWN AGENCIES,"$105,371.00",$567.00,Ontario Hydro,"MGR, CIVIL ENGINEERING SERVICES",1996,ab1a5675854b712ba43d0cc4fe44d5b9c269dd691d648e4733bb266cc280b329
CROWN AGENCIES,"$122,397.00","$6,681.00",Ontario Hydro,"PLANT MANAGER, NANTICOKE GS",1996,9bdbce645782e511ab5aee961fd31a7791baa0c5b355ee49828c7591f561b8f3
CROWN AGENCIES,"$185,856.00","$26,497.00",Ontario Hydro,VP-CORP STRATEGIES & SUSTAINABLE DVLPMN,1996,dca5e04b6bb62a4f253bb7ff3e87728fc559dde3eac46234dba7b1bbf340eda6
CROWN AGENCIES,"$100,508.00",$571.00,Ontario Hydro,"MANAGER, COMMUNICATION SERVICES",1996,535a9312692313e61542daa8e8af7afba8a9a5d78a9ca64a0d751f29f2baca88
CROWN AGENCIES,"$105,700.00",$416.00,Ontario Hydro,AUTHORIZED NUCLEAR OPERATOR,1996,28dea1a41920b3bb95f15aaebf8242c7f0ad8d9413cc7ef243db3ca4f1c3c967
CROWN AGENCIES,"$105,159.00","$3,148.00",Ontario Hydro,SR PROTECTION & CONTROL ENGINEER/OFFICER,1996,a61bc2276dbf1c5fd6603340e0e07cf45d693a4418e241b463901c9a2f89f462
CROWN AGENCIES,"$103,106.00",$572.00,Ontario Hydro,"MANAGER, SIMULATOR SERVICES",1996,3aa7957ca317523cc139b0b8a7dacc371afd248dda4e7f54d10349dc576dbb6d
CROWN AGENCIES,"$108,354.00",$604.00,Ontario Hydro,"MANAGER, NUCLEAR SAFETY",1996,c8121531911017095a07bc502602991283bab181722a3e566353914ad25954a8
CROWN AGENCIES,"$107,934.00",$574.00,Ontario Hydro,"MGR, SDS ENHANCEMENT",1996,a3a9334f61d35675999bfe1535eeb93b2e3317155744dabeeaebdb884b5dcc40
CROWN AGENCIES,"$106,355.00",$558.00,Ontario Hydro,"MANAGER, BUSINESS INFO & ASSESSMENT",1996,c946ca8c3ea30dc1f6bbf0706f0a468131e835269e10c65a3565545c318a8e80
CROWN AGENCIES,"$100,116.00",$548.00,Ontario Hydro,TECHNICAL SUPERINTENDENT,1996,5ab2c9c04317d0cbc4cf2235122e154fdda00d6b63ae3d06ff542f159f8fa315
CROWN AGENCIES,"$101,211.00",$511.00,Ontario Hydro,SHIFT MAINTENANCE SUPERVISOR-MULTI-FUNCT,1996,6257afdaee7f705eaab0911a6b161c98de8f9256551e7644505bcabfa58cba33
CROWN AGENCIES,"$110,000.00",$579.00,Ontario Hydro,"MANAGER, COMPUTING SERVICES",1996,585574d7c7409dfae2f0e0c98f11f1fc4e5da4e4eaca7129e8df0e9d89fe6601
CROWN AGENCIES,"$110,069.00",$573.00,Ontario Hydro,"MANAGER, CUSTOMER SERVICE PLANNING",1996,8aa2731981a6280f8b483e1551456b6b22177c3440a200067e8c71311fc02149
CROWN AGENCIES,"$105,038.00","$2,302.00",Ontario Hydro,"MANAGER, MISSISSAUGA DISTRICT",1996,ac032df08f307b96403c3fb789611a6cb273eb0888e692b84ee904e760744833
CROWN AGENCIES,"$109,383.00",$616.00,Ontario Hydro,"SENIOR ADVISOR, HUMAN RESOURCES PLNG",1996,4b182450d28fd6c78a62873658e21a81049aea8c878f916ad2745a08f7a5ef4e
CROWN AGENCIES,"$119,390.00",$525.00,Ontario Hydro,SHIFT OPERATING SUPERVISOR (AUTHORIZED),1996,4b9e21d184aed3b9ea3b58ad5cd02604c6b73789e4ebde01e7b7ac9bc09fa449
CROWN AGENCIES,"$100,770.00",$558.00,Ontario Hydro,SENIOR TECHNICAL SPECIALIST,1996,ef491f4fe4b87a9236ff2d6e58a610258938ac191491283c7b1ba5af95bc44df
CROWN AGENCIES,"$105,448.00",$579.00,Ontario Hydro,"MANAGER, CORPORATE ACCOUNTING",1996,e08f15a3995e8acce3c7a2f5ca03b920de7de3026d8b2a693cb00f8b475baa28
CROWN AGENCIES,"$104,327.00",$573.00,Ontario Hydro,HUMAN RESOURCES MANAGER,1996,6b515020f83696271be727c2c938f812763e00f29076387a474e84b5216d8698
CROWN AGENCIES,"$172,382.00",$438.00,Ontario Hydro,PLANNING ENGINEER/OFFICER - CUSTOMER DEL,1996,c24b05b61db172d66a5e70c82088a5637cb34bbea320232a35c2b608224251d9
CROWN AGENCIES,"$102,436.00",$583.00,Ontario Hydro,TRAINING SUPERINTENDENT,1996,49d47bd63f51b5ca2733fcfde3f0b92066106adf2ccc3433560bae03095b65e2
CROWN AGENCIES,"$105,347.00",$561.00,Ontario Hydro,"MANAGER, HAMILTON NIAGARA DISTRICT",1996,0605a2045680dce1f063ea40e702070e05dc7765b54346b4bf2a1d0223e364c9
CROWN AGENCIES,"$103,850.00",$416.00,Ontario Hydro,AUTHORIZED NUCLEAR OPERATOR,1996,bd51d343ba598a9cf65e389928156feec0426e672ce07edb0b6ff14e961e4fb6
CROWN AGENCIES,"$112,519.00",$536.00,Ontario Hydro,SHIFT OPERATING SUPERVISOR (AUTHORIZED),1996,bd51d343ba598a9cf65e389928156feec0426e672ce07edb0b6ff14e961e4fb6
CROWN AGENCIES,"$136,763.00",$712.00,Ontario Hydro,"SERVICE MGR, INFORMATION TECHNOLOGY SRVC",1996,ff3271f2eefbb677ead6606cb21bb7a6129c916afed0853e7f4d07b2fd5610cb
CROWN AGENCIES,"$101,097.00",$558.00,Ontario Hydro,PUBLIC AFFAIRS ADVISOR,1996,570c30f0723d36f17bd7691156e33c1bedcb642bd9622d284c2d7706a6a13c3a
CROWN AGENCIES,"$107,027.00",$503.00,Ontario Hydro,SHIFT MAINTENANCE SUPERVISOR-MULTI-FUNCT,1996,98595d34060dff4e9519953089f6c099e782896075b6fe3d0d5ae5d5868f4efd
CROWN AGENCIES,"$109,409.00",$470.00,Ontario Hydro,SHIFT MTCE SUPRV (CONTROL OR MECHANICAL),1996,a9b7c9fa769595f9565bd540724742891ec598532cf9f21eea28ead80fa6bada
CROWN AGENCIES,"$100,626.00",$532.00,Ontario Hydro,SHIFT SUPERVISOR,1996,fb9c5d71781e8ff9ddf060a981edac27c9725228692123582c0a4f6f51d8d73e
CROWN AGENCIES,"$108,079.00","$2,250.00",Ontario Hydro,"MANAGER, SPECIAL PROJECTS",1996,a0940e76616dc0b5cde66515757719ec8ce15aad3c13cb897d5dfde13b720691
CROWN AGENCIES,"$103,421.00",$568.00,Ontario Hydro,SHIFT SUPERINTENDENT,1996,4b2bc782f39e9cbea105b980f92c75f62c27d165f00f2229c8dd11930c1667df
CROWN AGENCIES,"$101,552.00","$1,957.00",Ontario Hydro,"PLANT MANAGER, NORTHWEST",1996,ecba1687cb8fe5f364ee33df3abf9b4d5a8564673db45d870d57921b99daf7de
CROWN AGENCIES,"$144,600.00",$811.00,Ontario Hydro,"EXECUTIVE DIRECTOR, PENSION FUND",1996,ed2124ca84f4743c67a295ca04c4fb428ddbf8126226e884e7ccf47cc03d0438
CROWN AGENCIES,"$118,589.00","$5,450.00",Ontario Hydro,PROJECT MANAGER SUPERVISORY DEVELOPMENT,1996,da6a8106dc1eea9c5d32ebe0ba89ba621302d223e6e3eee2d1fb67ad4e38b018
CROWN AGENCIES,"$125,951.00",$667.00,Ontario Hydro,"DIRECTOR, HYDROELECTRIC BUSINESS DVLPMN",1996,feddd4755a04eb433fd5f2613840bf87322fbcd792dbbbf753ffdbeaa42e4403
CROWN AGENCIES,"$102,701.00",$561.00,Ontario Hydro,SENIOR CONTROL SUPERVISOR,1996,005efbf48d9b859010ac58b77e3123e8a50cef9d2639f482eefc8d7ee087219f
CROWN AGENCIES,"$116,781.00",$614.00,Ontario Hydro,"MANAGER, STRATEGIC MARKET PLANNING",1996,fc08d5436ccd72c4908603039f32090f000d58300217f5fe2c5ec149af63c028
CROWN AGENCIES,"$103,249.00",$505.00,Ontario Hydro,SHIFT MTCE SUPRV (CONTROL OR MECHANICAL),1996,f2b6ae80fd1b897037a5fedfed648144cb7387a0d7ea104b5c2ec0cfbfac7af6
CROWN AGENCIES,"$122,665.00",$516.00,Ontario Hydro,SHIFT OPERATING SUPERVISOR (AUTHORIZED),1996,8571dc423edc2f1728f712a672141e744e87f24468baa43b8aa221928337a7d4
CROWN AGENCIES,"$110,937.00",$487.00,Ontario Hydro,DESIGN ENGINEER - SPECIALIST,1996,3145cdf374b4fec10b74214c63fcffdf72d339d675ea3b35cc042ccc9fad6c15
CROWN AGENCIES,"$105,903.00",$557.00,Ontario Hydro,SHIFT SUPERINTENDENT,1996,9ea1196edae6b335543ef0b47e97321f5db5a7ca403a7ef92e71ebbd2842cc35
CROWN AGENCIES,"$120,873.00","$4,344.00",Ontario Hydro,"MANAGER, CENTRAL/WESTERN PROJECTS",1996,82ae6e0ee9937c2f6be1e78c42081454f3114ced85d805978e942bd30637012d
CROWN AGENCIES,"$159,750.00","$35,215.00",Ontario Hydro,"VP, HUMAN RESOURCES, CORP BUSINESS GRP",1996,10cfd3e9f886b3b489305527b7467980bbcdcb5c57cd5c3e8e562bedd8674462
CROWN AGENCIES,"$106,541.00",$585.00,Ontario Hydro,"MANAGER, FUEL HANDLING",1996,ff3e9f890814762320e4db5128383801ea2c710143ed51402d3efdf4f9b5abfe
CROWN AGENCIES,"$101,244.00",$548.00,Ontario Hydro,"MANAGER, INTEGRATION & PLANNING GROUP",1996,3fa107fd916d648667b4f19a58d15e2bc824df0b0a826d99c8f68c65d14fe8c5
CROWN AGENCIES,"$110,660.00",$592.00,Ontario Hydro,"DIRECTOR, BUSINESS PROCESS INNOV & PLNG",1996,0c5a97a8aed4b964520626531fa09d12b32608ff341341aa8da7371b41b9cf88
CROWN AGENCIES,"$102,944.00",$567.00,Ontario Hydro,"MGR, BUSINESS SERVICES",1996,970e998eb88284b7e6f0a610cbc69fcab3f21e4d39d1884a499df464d15f4ae9
CROWN AGENCIES,"$103,760.00",$585.00,Ontario Hydro,"DIRECTOR, EXTERNAL RELATIONS",1996,c82f7fb5a505d2cd73f776e90ee13b8e92b2fd6f023ccbe638f305eb0b417294
CROWN AGENCIES,"$110,344.00",$608.00,Ontario Hydro,SHIFT SUPERINTENDENT,1996,1ba066b4a6e6ce0c3bc1207f1df24ea4a8c469bfbf5fb1cf5d33e7d0c02b6d30
CROWN AGENCIES,"$133,713.00",$559.00,Ontario Hydro,SINGLE UNIT SHIFT SUPERVISOR,1996,417ed1305e70c5ce11b41be7237a738e8e71dfb1656e7deb47e20f17d874f44d
CROWN AGENCIES,"$106,309.00",$479.00,Ontario Hydro,SHIFT MAINTENANCE SUPERVISOR-MULTI-FUNCT,1996,108acffd10d743c37c9a5b688f2fc5a12b6bd1ccdae058bcf1697fd42b4c8352
CROWN AGENCIES,"$103,515.00",$558.00,Ontario Hydro,"MANAGER, BUSINESS DEVELOPMENT",1996,0f8a8107c6559ddcd847977b14570327db4ded64010da8699e16bd4516fefcf5
CROWN AGENCIES,"$104,672.00",$601.00,Ontario Hydro,SHIFT SUPERINTENDENT,1996,8b0aa1240169dc60ead551b2e32f43536a1fbd2fa5fbe1cddc772c5cddfcaedf
CROWN AGENCIES,"$103,353.00",$567.00,Ontario Hydro,"MGR, BUSINESS SERVICES",1996,aa88816b3455f6106e43864e79b02c2e767400b0df0b9f6df8b50e8883702432
CROWN AGENCIES,"$111,269.51","$7,840.74",Ontario Lottery Corporation,"V.P. Finance, Adm. & System Tech.",1996,22cc23c656f354b44bdbf76a7cd681f0f2e088b5002e26ab236464c57d9637e5
CROWN AGENCIES,"$100,952.45","$8,663.09",Ontario Lottery Corporation,V.P. Sales & Marketing,1996,886c18593fe1be2a9043255f5577aded81ae5918a4e1aa971d25b517677418b2
CROWN AGENCIES,"$129,487.80","$1,263.68",Ontario Lottery Corporation,V.P. Sales & Distributing,1996,2e9621d03a128335d7564a5146255b100637ff725109c59b27731093bdbb305f
CROWN AGENCIES,"$133,966.47","$14,098.35",Ontario Lottery Corporation,President,1996,6867f4cedae3bf94210bdd31da637be816c3ef3962446f0c6392d772ed893ff7
CROWN AGENCIES,"$119,013.18","$8,721.36",Ontario Lottery Corporation,V.P. New Business & Technology,1996,30b2c5beb6887350d412e56d664248f45151cf3516960ef1c51d1cebff454c16
CROWN AGENCIES,"$104,977.67","$7,370.56",Ontario Lottery Corporation,Project Manager,1996,acf7738b33d72f4d1700720f1d20d5f05e3143852e219507cfeceb764766fcae
CROWN AGENCIES,"$101,148.85","$6,752.81",Ontario Lottery Corporation,V.P. Corporate Communications,1996,5448e41947bb2b8010b0b624053695c61520a64651f11d216c6b48b82d9ed060
OTHER PUBLIC SECTOR EMPLOYERS,"$106,776.00","$8,049.00",Ontario March of Dimes,Executive Director,1996,02505a88584e6f96bbf1a8145b32c4b7b2f5c387e03f7fb1512926bd61be296b
CROWN AGENCIES,"$105,911.00","$1,126.00",Ontario Northland,V.P. Finance & Administration,1996,43e7409f6b223790fb2f64dd44b55447be433fc2399844b99b010d6c723ba380
CROWN AGENCIES,"$108,758.00","$1,199.00",Ontario Northland,V.P. Telecommunications,1996,86bfe6c67fec68ea14210aedf46a6fa79d4612ad405ca7c03e51784c6218a5ce
CROWN AGENCIES,"$105,412.00",$943.00,Ontario Northland,V.P. Rail Services,1996,c484b61449e8dda7011262a2da3f1ac675f135498fdabb5c0cdc07881de85a15
CROWN AGENCIES,"$139,205.00","$8,423.00",Ontario Northland,President and C.E.O.,1996,5b7953d4f1f1dac177c2d7417c7c0a3225d76fbad997bd2c7e1c7f76f7ebfa60
CROWN AGENCIES,"$101,196.99",$291.84,Ontario Realty Corporation,Vice President GTA,1996,2b903b4705f0f144f59bee40e74b99e00596cf4f3edc1eed71e64cea66fdd868
CROWN AGENCIES,"$103,402.37",$298.20,Ontario Realty Corporation,Executive VP Property Development,1996,d1215971c95f0b3fc04a665dda1434e1a3819fe6ac97ae51073ceacf5fffed3b
CROWN AGENCIES,"$108,000.00","$6,809.00",Ontario Trillium Foundation,Executive Director,1996,a43b13e26dbbe7370f9ea70818cd99d298dbaf0fbbcafe57944e6aaff0afe639
ONTARIO PUBLIC SERVICE,"$110,682.01",$319.20,Ontario Women's Directorate,"Adm., Ontario Women's Directorate",1996,f2ca0835eefa7e72c06fc0a5c79e2ffebd98cfa6f4548ed2b33139b9a41a525d
HOSPITALS,"$104,483.58",$431.28,Orillia Soldiers Memorial Hospital,Chief Executive Officer,1996,760d23df05db06c1317ecda54603a0e3301c26f4027bb7a3db8f6e8d00541bbb
CROWN AGENCIES,"$112,200.00",$866.00,ORTECH Corporation,General Manager,1996,5830eedec5dbf2fcd8eed1621a442aebe186a8ebe3efe6bc2662ba8b0497f7d1
CROWN AGENCIES,"$148,324.00","$21,142.00",ORTECH Corporation,Area Manager,1996,42bb605b2a1ae7b7808f1a64dc2837ece7b7a2802f6ec960b21872888f72e62a
CROWN AGENCIES,"$107,835.00",$832.00,ORTECH Corporation,General Manager,1996,9434a32b4c661a2559557cbf2c3dd7231c4cd3e74a06541dfb001e06630c01f1
CROWN AGENCIES,"$111,232.00","$8,869.00",ORTECH Corporation,"Vice President, Technology & Quality",1996,ea2599d6962c3c3705a59bf56dee269204d1cea624ff9c204225faa990298094
CROWN AGENCIES,"$140,871.00","$9,842.00",ORTECH Corporation,Senior Vice President Secretary Treasurer,1996,334cfa263ad16a2e9b1529f655b19ceb66a56f8f0fb384d9a1ef5f5da85ea391
CROWN AGENCIES,"$166,808.00","$10,130.00",ORTECH Corporation,President,1996,01f84be54c9943d14441e3a9310013f3b6d45d1914d6c9012f36902faf3b9919
HOSPITALS,"$126,403.00","$5,766.00",Orthopaedic & Arthritic Hospital,President & CEO,1996,595387067904fce1182d60fd26d52e245b817a35cf0bf113e03e7023ca136fe8
HOSPITALS,"$110,800.00","$9,723.75",Oshawa General Hospital,"Vice President, Patient Care Services",1996,a569b75066a7427266ea68dd5d9a8b96b3e3402f7ae25129bfdab592f8943380
HOSPITALS,"$146,300.00","$17,975.21",Oshawa General Hospital,President,1996,d1971faabad2716c349931c89988cce489baa3b3e2b37951d4e118e5a07199ca
SCHOOL BOARDS,"$116,376.95",$86.88,Ottawa Board of Education,Director of Education,1996,f40a3979d6c195a618ff166e44af255c7a13202f1fc1f531515d17637cb81d46
SCHOOL BOARDS,"$116,133.73",$86.88,Ottawa Board of Education,Asst Director of Education,1996,ff21fffead9b4fc456c2fc65e55c2a4efc25f9590503c7660347c7a596074544
SCHOOL BOARDS,"$106,363.69",$86.88,Ottawa Board of Education,Superintendent of Education,1996,dec6282088d7dae2a5bf6523d17b50d0f945e903458d47531652f64a275dd439
HOSPITALS,"$114,875.00",$658.00,Ottawa Civic Hospital,Laboratory Physician,1996,9f22b41a2d098b5a61cc426496341bb4bba57844368ce88ca6be7309f6179c31
HOSPITALS,"$216,002.00","$6,630.00",Ottawa Civic Hospital,"Snr VP, Research & Clinical Adm.",1996,e333957fc91b31571b739cf50847a02d94293cd21bce43fd4278374601c4dd6e
HOSPITALS,"$108,557.00",$622.00,Ottawa Civic Hospital,Laboratory Physician,1996,a29c48157971a4a1db3bd29e0ee307b7a9303a53d9b6980d3e150f2264f1420b
HOSPITALS,"$240,006.00","$8,809.00",Ottawa Civic Hospital,President,1996,3c59731c6114586f79b46a6eee77a774289bd87581d4d6b7f55633c442d4770b
HOSPITALS,"$114,875.00",$658.00,Ottawa Civic Hospital,Laboratory Physician,1996,93bf207a5fc12012da2d3da93e17e3563dd9c98e134a53e59f979129202455b5
HOSPITALS,"$137,259.00",$73.00,Ottawa Civic Hospital,"Chief, Medical Division",1996,831e84390839132105677975b720fc935f673e55c16bfa2f5a75888540f1024f
HOSPITALS,"$146,465.00",$840.00,Ottawa Civic Hospital,Laboratory Physician,1996,ee96e38a4cd3a6363a987fa0c460069cec0f3340cf9ffd80ce0bcfb282b63c14
HOSPITALS,"$140,428.00","$10,380.00",Ottawa Civic Hospital,"VP, Finance & Corporate Services",1996,d8f7b8b4cc8422f1f9a5ab41f38966534ddaab17458c50f627c70f99eebb90fa
HOSPITALS,"$113,621.00","$3,750.00",Ottawa Civic Hospital,"VP, Foundation & Corporate Services",1996,5e9e2b4a70f2e4c78ccabd38c74ab42abc708ff67facd18d936fd870c0691254
HOSPITALS,"$152,510.00",$875.00,Ottawa Civic Hospital,"Chief, Medical Division",1996,434c83584ce3d76bf21eb1ec349b128c9c05a2bb2e7ea19abd7f982ecd5babc0
HOSPITALS,"$140,147.00",$804.00,Ottawa Civic Hospital,Laboratory Physician,1996,3fc875bd73693189802f0dca6e3120c55c08eb199757e2a7f251eac447dd19b1
HOSPITALS,"$107,348.00","$5,037.00",Ottawa Civic Hospital,"VP, Human Resources",1996,c730bb29f5ef84ec7872baafe5934f3a30c7efc310ba4e13d9471e8b8343a2b8
HOSPITALS,"$140,486.00","$6,947.00",Ottawa Civic Hospital,"VP, Patient Services",1996,96a3997592178a1e31283c005bccea6b9ccb3bc8372d2647e0878eed63e516db
HOSPITALS,"$152,510.00",$875.00,Ottawa Civic Hospital,"Chief, Medical Division",1996,53c2c7e00514517aa3af86357ebe269afa64bf40e04e15903da3a43992cc1260
HOSPITALS,"$152,510.00",$875.00,Ottawa Civic Hospital,"Chief, Medical Division",1996,f26f1a46cf2a3045bc0d394846bbe1002a9312c192c3728b6f7bf0c5677c8501
HOSPITALS,"$200,377.00","$4,022.00",Ottawa Civic Hospital,"VP, Medical Affairs",1996,87f876447ece111c103f0161506ee3527b60a58af6b72c6a728acf488c1f1fa4
HOSPITALS,"$145,896.40","$18,746.43",Ottawa General Hospital,Pathologist,1996,0e23b64e0d87a5ff6c64b64664d1307d5fa6ad60527d18fe8b0299d59635f6fa
HOSPITALS,"$117,313.90","$10,479.28",Ottawa General Hospital,V.P. Finance,1996,4d769b66028309acef26af7646bf3987e1abc5f3df65bd633df37c293379c1d6
HOSPITALS,"$110,913.48","$10,401.16",Ottawa General Hospital,"V.P., Human Resources",1996,0b795177ec4457e05d96f1bd179c63e8ef0e96c91e38d28f06840601183e284e
HOSPITALS,"$117,313.38","$10,066.00",Ottawa General Hospital,"V.P., Nursing Services",1996,203ec9723d665f143845e7c6ca4e90b9493bc2f58a17ddca1763b136598f5c68
HOSPITALS,"$145,896.40","$3,098.35",Ottawa General Hospital,Pathologist,1996,f4d9292acc7ae161916372dcee5530d00864a7464e5b111b6e607e2f9af000b4
HOSPITALS,"$140,563.60","$17,355.63",Ottawa General Hospital,Pathologist,1996,c0e285c33b8aee0261879bbd5b4db7c31ef03076f9cae5575f5fffa47a84049d
HOSPITALS,"$145,896.40","$18,097.23",Ottawa General Hospital,Pathologist,1996,6083cbc40e13598048fe16312948aad7d241bb57babe0e6d225cc6fd16fc9c7c
HOSPITALS,"$145,896.40",$570.88,Ottawa General Hospital,Pathologist,1996,09c77730ae23b24b3b5becd20444e049bfd32ae82e3fb5c719e423de1af4978f
HOSPITALS,"$232,668.84","$12,461.16",Ottawa General Hospital,President,1996,27efcc863c13228512b32c969ab8c2f60dbbe46e5d8f446c31079b475ff5cda8
HOSPITALS,"$145,896.40","$8,070.88",Ottawa General Hospital,Pathologist,1996,e491795d2d3dea015851874039ae44d95ce7a9e7108859a6c30f6bdc4bb27601
HOSPITALS,"$145,896.40","$10,876.61",Ottawa General Hospital,Pathologist,1996,4fdce1dbc3865878d3ed7bb4d3ec7b5262a5d65abf9e988a8787b5183f384696
HOSPITALS,"$110,913.48","$10,401.16",Ottawa General Hospital,"V.P., Services & Material Management",1996,aeff0f30e282a5352ace1a28daa08fc812795d5c8ffcfc43ef2a27b6a4dec333
HOSPITALS,"$127,939.92","$16,285.00",Ottawa General Hospital,Pathologist,1996,ca22f3dd1ada20389784b90d8ec801d37c7ecfff1946e84aa9f3b3f661eff9a7
HOSPITALS,"$111,679.70","$10,066.00",Ottawa General Hospital,V.P. Professional Services,1996,0dccb404e711a45e0b997c19ef48207dc352fb25c6ba561bec7157fc6001de7f
HOSPITALS,"$145,896.40","$23,750.72",Ottawa General Hospital,Pathologist,1996,8593539818dc35f89e70a1e1853aa608bd4292a5ed1d617068485a63110c0004
SCHOOL BOARDS,"$120,660.79",$583.37,Ottawa Roman Catholic Separate School Board,Director of Education,1996,996bf668eaba6cfd2d20d808debc77d2d9fc5c4831f274854e1c275fbea16726
OTHER PUBLIC SECTOR EMPLOYERS,"$113,698.47",$995.03,Ottawa-Carleton Regional Police Services,Superintendent,1996,49bd54e7e40df6165d5e56dbb8b4042b556459be8c7ab89097b6bb695cdda950
OTHER PUBLIC SECTOR EMPLOYERS,"$131,787.56",$594.01,Ottawa-Carleton Regional Police Services,Chief,1996,de46ebfba6123e493d55635c51dd466b24813bcb89990321546f6c09e4c54083
OTHER PUBLIC SECTOR EMPLOYERS,"$117,226.79",$555.94,Ottawa-Carleton Regional Police Services,"Deputy Chief, Operations",1996,8984bb4b8ba5e3cea95bedb0f426cae6726ff15d56223315447a18ade8c6238e
OTHER PUBLIC SECTOR EMPLOYERS,"$114,544.54",$564.69,Ottawa-Carleton Regional Police Services,"Deputy Chief, Operations Support",1996,e5a7bde76b43b937622dfb6b045c7db23651d0253dba82f799484dc32de3a71d
OTHER PUBLIC SECTOR EMPLOYERS,"$110,441.18",$974.58,Ottawa-Carleton Regional Police Services,Legal Advisor,1996,4ffc4ccf02a0b98d20e2b2dd921df65788710f2202e08a8c4fc3bac3cfdbdde0
OTHER PUBLIC SECTOR EMPLOYERS,"$101,123.00","$3,157.00",Ottawa-Carleton Regional Transit Commission,Treasurer & Controller,1996,a5a7ae764f46dd50a3b01e66003a4f2d8ce3607ac2ac5fd81972e1416aae6526
OTHER PUBLIC SECTOR EMPLOYERS,"$101,123.00","$3,157.00",Ottawa-Carleton Regional Transit Commission,"Manager, Equipment Div.",1996,2a5d8e6daef736326079fa8fb2e51403956c39241f6f3d05da3c5d8d7c667594
OTHER PUBLIC SECTOR EMPLOYERS,"$123,368.00","$3,493.00",Ottawa-Carleton Regional Transit Commission,General Manager,1996,1e8d97b5ee34f8b600ba4c166ec245ae5f94d62bd64329dc6930c78bdc9c7152
OTHER PUBLIC SECTOR EMPLOYERS,"$103,921.00","$3,079.00",Ottawa-Carleton Regional Transit Commission,"Manager, Transportation Operations",1996,0a7c6f9d440d90bdb73e7d5fe8cd087affa5cf940f0fbe95ab369f53be32f905
SCHOOL BOARDS,"$102,548.31",$376.24,Oxford County Board of Education,Director of Education,1996,61c6b38f9f42384ce56044aa3f6ef84290766eb41363d324bcfad086ba318965
SCHOOL BOARDS,"$108,657.00",$872.00,Oxford County R.C.S.S. Board,Director of Education,1996,9f37585ba0dba8ec3d58a88fd3d382241f365304a382790b0baaeb856978ba62
OTHER PUBLIC SECTOR EMPLOYERS,"$102,599.00","$3,713.00",Parkdale Community Health Centre,Physician,1996,5433cbe8ee4641004a42c57d2e1d8d2d46045d08d99ef84d9ce4b481339fa1e8
OTHER PUBLIC SECTOR EMPLOYERS,"$123,119.00","$3,663.00",Parkdale Community Health Centre,Physician,1996,9e3f3d1da4ebb77544b2680eb7d1172380adb39d134a9e6e18ec65cce1265f31
SCHOOL BOARDS,"$105,517.00",$367.00,Peel Board of Education,Superintendent,1996,8daf91238923063344fa94afc3ceb5fec0a1c85ab8bede77b8a2da9094f7890e
SCHOOL BOARDS,"$107,295.00",$374.00,Peel Board of Education,Superintendent,1996,3a69af9d06dd7faddd1842dd22e4238ae98584dc1d83303be1534c710bbce40a
SCHOOL BOARDS,"$105,517.00",$367.00,Peel Board of Education,Superintendent,1996,97a9b7f175b1cd4770003fac7311cffe8ec5f8772dda7763431e9e76861f53fc
SCHOOL BOARDS,"$110,536.00",$386.00,Peel Board of Education,Superintendent,1996,4681c23d5f81feb2b8cae382a5a946ca5917fd3cd95601efebd049922ca2305f
SCHOOL BOARDS,"$147,020.00","$9,485.00",Peel Board of Education,Director of Education,1996,0110069e127978da8100bab0f641938b2332b7f666e94a5dd4c131162cf7db99
SCHOOL BOARDS,"$110,530.00",$386.00,Peel Board of Education,Superintendent,1996,cd1ff13473bc371c7cdb53069ab9513fa7181d90f1ecd60514f66008ecc294d7
SCHOOL BOARDS,"$105,517.00",$367.00,Peel Board of Education,Superintendent,1996,cbf9fcdcffcfe2557b3838a19aa9aa9e625bed2441ce309cf64b8bc443a82cde
SCHOOL BOARDS,"$105,517.00",$367.00,Peel Board of Education,Superintendent,1996,63698c24f237620ecd9daa1bc7dfc9a1273590e79cf07356db43754de789ba5f
SCHOOL BOARDS,"$105,517.00",$367.00,Peel Board of Education,Superintendent,1996,a4a107bc7b497f48f0bdb096036b9cd820f9ec75b999288d948fb92c1c354308
SCHOOL BOARDS,"$110,536.00",$386.00,Peel Board of Education,Superintendent,1996,42af8d123e571b561ee63537a1852bf5550866c8700d324683371a25b90ded44
SCHOOL BOARDS,"$105,517.00",$367.00,Peel Board of Education,Superintendent,1996,c2528725de539fb5173c570498e38032b173920e343d2c86d421e5b48e6951b8
SCHOOL BOARDS,"$105,517.00",$367.00,Peel Board of Education,Superintendent,1996,f3fdfcdfa75df1ffec221896edb233b6d27e8ab1db2dfaea9bfd356aadeecc8b
SCHOOL BOARDS,"$105,517.00",$367.00,Peel Board of Education,Superintendent,1996,4a2f5d885bb41ce1f47a8f5789c1a43d98cbc9184a0e205c5a03780205c35edf
SCHOOL BOARDS,"$120,269.00",$419.00,Peel Board of Education,Associate Dir.-Educational Serv.,1996,3d9e283cc7840605a3a724678f8ace495570b2171ed6ce1792127565be8648d8
SCHOOL BOARDS,"$110,536.00",$386.00,Peel Board of Education,Superintendent,1996,597769e92db95bdba077e8174e88d7b4fd9d0ac41e7c162e289f1fda1459c469
SCHOOL BOARDS,"$105,517.00",$367.00,Peel Board of Education,Superintendent,1996,16328af46add9baa98f3a2565c7308dded6a28e8b31c76466c7d0a91d6955da2
SCHOOL BOARDS,"$105,517.00",$367.00,Peel Board of Education,Superintendent,1996,1b29b8741f3ef7af0965ca2a3cfb239c63b50994138d842d70450aa5d70d4697
SCHOOL BOARDS,"$135,001.00",$454.00,Peel Board of Education,Associate Dir.-Corporate Serv.,1996,d8124c2aca1dc012bc951a5d01ebe9642ee49a8f31a99ef181a59e44ddfa2354
SCHOOL BOARDS,"$113,536.00",$386.00,Peel Board of Education,Superintendent,1996,3413c93fe1b8fc1d3cff0333fb2c8755cf3dfc10946048d3ee0b7c27fe4d62d0
OTHER PUBLIC SECTOR EMPLOYERS,"$106,527.00","$16,619.00",Peel Children's Centre,Executive Director,1996,991892390dbf82e64c8c83ed8b12861954a79cfc3fda97074c5329c5e969f010
HOSPITALS,"$176,419.55","$4,849.80",Peel Memorial Hospital,President/CEO,1996,b1bd9cf493ed3d586f8f84e19c4877951e7058e62be61789b52f3067ef1406a3
HOSPITALS,"$116,008.80",$611.55,Peel Memorial Hospital,Pathologist,1996,849bc69b5f817e8d598d9bff74af4aa35b4e18a6a30e994db06a0d0929e5bf8b
HOSPITALS,"$100,678.65",$582.80,Peel Memorial Hospital,Pathologist,1996,beb1637dc53854572ec3a54a5b316aa95c6b63dffbe8df2613749b016717d466
HOSPITALS,"$169,523.78",$806.05,Peel Memorial Hospital,"Medical Dir., Laboratory",1996,d2f6c1f8bf66d904fbbbf8bdfe2c3c068d3228520dddcbcd9fcd9ba258142528
HOSPITALS,"$246,245.00",$589.00,Pembroke Civic Hospital,Executive Director,1996,80e115a7acd1ba4117b1854017a08f6094d58286263ff16a052f294a8fdac355
HOSPITALS,"$105,762.00",$593.00,Pembroke Civic Hospital,Pathologist,1996,8b931e68bd21ac83b1f9187b9a518eed0b6b55673a7958049ec3718442aa3abb
HOSPITALS,"$108,832.96",$667.00,Pembroke General Hospital,Executive Director,1996,4eda1bc6d22b272ec0add35bcb2ed899b013f1db8569576092a1af869e76bd93
HOSPITALS,"$130,001.00",$997.00,Perth and Smiths Falls District Hospital,Chief Executive Officer,1996,6a231375a6aead670ea3c66571ed481017db87066e2a42e27f39e99467682730
SCHOOL BOARDS,"$108,426.00",$0.00,Perth County Board of Education,Sec dept head/teacher/cont ed,1996,17cab84907c14653cd9cab97693b4dbd10d40f5f93fa3f33769ba433e06047a4
SCHOOL BOARDS,"$102,037.00",$67.00,Perth County Board of Education,Director of Education,1996,542e94b466c7c0349abcb5d68659a4cd9e76113486f9771eb78cb5d413b67981
OTHER PUBLIC SECTOR EMPLOYERS,"$125,663.00",$558.00,Perth District Health Unit,Medical Officer of Health,1996,ea99612218e49b2ae0b0c03419e4cff87b8642bd8aeb10f390e014b359ba6f23
HOSPITALS,"$126,519.50",$782.44,Peterborough Civic Hospital,Executive Director,1996,2ae9547a45e367c9ace581761c25fead1912818cb734579b898f78e506254e82
SCHOOL BOARDS,"$114,869.00","$14,211.00",Peterborough County Board of Education,Dir. of Education & Secretary of the Board,1996,391166ad062c60568dfa1b067825bc37e56153550f55a8e246984e9b95f4c414
SCHOOL BOARDS,"$101,615.00","$5,440.00",Peterborough County Board of Education,Supt. of Business and Treasurer,1996,6894d8770358c5e9d208b3485d406a8301a06292ba46de6034d664ca342d1680
SCHOOL BOARDS,"$101,615.00","$6,980.00",Peterborough County Board of Education,Superintendent of Education,1996,a901de2ba58866dd7699a195bdbe798f2de622eb8e1590966c0594a2892c8551
SCHOOL BOARDS,"$101,615.00","$5,480.00",Peterborough County Board of Education,Superintendent of Education,1996,fb1c3736a048cc28f5ece2680451a65af526c558df336596d7175a1bfde541e6
OTHER PUBLIC SECTOR EMPLOYERS,"$135,340.00",$385.00,Peterborough County City Health Unit,Medical Officer of Health,1996,09e90427a8ff54e4eb88853a02e041dd814bb81dade0971430a042091623df82
SCHOOL BOARDS,"$111,604.00","$2,046.63",Peterborough Victoria Northumberland & Clarington R.C.S.S.B.,Dir. of Education & Secretary Treasurer,1996,d1f0765e51726ffa8707861d29d9daeb6f0f003807eca21340c28c6384a77105
SCHOOL BOARDS,"$103,680.00",$807.00,Prescott-Russell County Board of Education,Director of Education & Secretary,1996,2a13e0e747e36f124516f5ce9328f89156dff3786bfce6eaef1bbd3cda37a2f2
SCHOOL BOARDS,"$101,838.00",$258.00,Prince Edward County Board of Education,Director of Education,1996,0b657dc266ea3bf22d10eaa49b841de0019000feac0c4ca4bbd3d861deb79e5c
HOSPITALS,"$166,103.00","$6,102.00",Providence Centre,President & CEO,1996,9632a8d68f9c58df7bcb9e1e6f2ea893ec179305ae9dd8cc400c3d19c1fe14e2
HOSPITALS,"$156,348.00","$3,546.00",Providence Centre,"Vice President, Med. Services",1996,e910b1b2ec2853df1466601390bbcfdbd296caedb739f7e058cb9f87eb5d6b0e
OTHER PUBLIC SECTOR EMPLOYERS,"$130,941.20",$786.00,Providence Continuing Care Centre,Director Stroke Rehab,1996,10927a03c9a7a9a2be1486795121335766388238d55052f8bcf3ad394abddb90
OTHER PUBLIC SECTOR EMPLOYERS,"$103,038.12","$4,155.49",Providence Continuing Care Centre,CEO & President,1996,078a3c695c6d8780a1eb38bc236874fc3d44fac919b696ba483383d51659b2b1
OTHER PUBLIC SECTOR EMPLOYERS,"$134,999.80",$810.00,Providence Continuing Care Centre,Head of Rehab Medicine,1996,f578a50b26f70ce54d10b9fed8c2e960b19da1e3a72faa019bd0a375f2b8bd63
UNIVERSITIES,"$100,791.62",$270.90,Queen's University at Kingston,"Professor, Electrical and Computer Engineering",1996,2c34ad570865ce7c1e7685c55a936843f9b37152f40e64c4fd15fc6c05a848f1
UNIVERSITIES,"$104,504.30",$270.90,Queen's University at Kingston,"Professor, School of Business",1996,c6bcfac22dcf0d189a030d4fda58175c4e6ed6c1b2cb9f87ed7082f8e4cf00ab
UNIVERSITIES,"$117,698.96",$270.90,Queen's University at Kingston,"Professor, Chemical Engineering",1996,fa3634c2d31692f564eb580d4e7d1279b632647282356ced212b71aac6362071
UNIVERSITIES,"$110,126.64",$270.90,Queen's University at Kingston,"Professor, Political Studies and Director, School of Public Policy",1996,979645ac4baba74eb008596d50802ad4419c0f4b8412f7f157e2acd7dfa4e816
UNIVERSITIES,"$131,284.28",$239.46,Queen's University at Kingston,"Professor and Dean, School of Nursing",1996,455702d60d0afb2640a443ac1cf7f37d05e5755f55006386fa3898bf60bcc871
UNIVERSITIES,"$106,338.00",$270.90,Queen's University at Kingston,"Professor, Chemical Engineering",1996,64faac279e2aab8416eccaaa0bec14d3d6713f3d63d6f7a2d82f43bd7249cd2e
UNIVERSITIES,"$112,149.76",$270.90,Queen's University at Kingston,"Professor, Electrical and Computer Engineering",1996,d333c25b14a667aa0d75e3672556db91892d4c065b66002399db7964b70c9bb7
UNIVERSITIES,"$109,164.64",$270.90,Queen's University at Kingston,"Professor, Department of Physiology and Department Head",1996,b1611d6444aac65b8cecb9a5eb6a6a2e3d055b0004661714d7940540a384c441
UNIVERSITIES,"$109,614.96",$270.90,Queen's University at Kingston,"Sir Edward Peacock Professor, Economics",1996,a6de8c5cdca90d7d5f0a208ec2bbe72592f9154f7fa7a9474f4d0d8c1cfecc94
UNIVERSITIES,"$105,653.32",$270.90,Queen's University at Kingston,"Professor, Chemistry and Department Head",1996,cf5df0d23d74e3991bd9d6c0b6aba8c7b33c215b79983fc727a89bd043310807
UNIVERSITIES,"$164,127.32",$0.00,Queen's University at Kingston,Vice- Principal (Advancement),1996,07c7b96abe413c0551e10995e7f74adfc8945dd02da3c4bb585f6719529f4b22
UNIVERSITIES,"$120,686.32",$270.90,Queen's University at Kingston,"Professor and Dean, Faculty of Law",1996,dc2f2f28e8f9391dba0f45cb0ab8f2e127bbdb9191efc994702083c4774287bf
UNIVERSITIES,"$109,975.00",$270.90,Queen's University at Kingston,"Professor, Physiology and Executive Assistant to the Principal",1996,eb452d7f92228bd1586aff8c60083725ef30152583f63511ce6263c25ae9749c
UNIVERSITIES,"$119,545.00",$270.90,Queen's University at Kingston,"Jarislowski-Deutsch Professor, Economics",1996,c2aa50e434a42d216b1a5f6162676acf0198238c72c56940f7a96b2e51899641
UNIVERSITIES,"$140,799.92","$1,707.38",Queen's University at Kingston,Vice-Principal (Operations and Finance),1996,ee1e7c3ea01049fe48b8b5be52c8befc02256af8cf49460a73f84af916c90915
UNIVERSITIES,"$111,513.66",$270.90,Queen's University at Kingston,"Professor, Computing and Information Science and Dean, Student Affairs",1996,9f9af83eae6712b9aa1b5fb9e12a85f5ce7c1c0af52579f1694c6184fecbc376
UNIVERSITIES,"$100,961.58",$270.90,Queen's University at Kingston,"Joseph Stauffer Chair, Pathology",1996,b21fd1b9d658055b891b2b0e087d7c767a93a0f1395af68aca377c564c4965b7
UNIVERSITIES,"$102,796.98",$270.90,Queen's University at Kingston,"Professor, Department of Medicine and Associate Dean (Research), Faculty of Medicine",1996,88603dba0574e0314495f1ec31e1ad0990ad180e25daa46c9c31061ab23fef50
UNIVERSITIES,"$130,509.98",$316.95,Queen's University at Kingston,"Professor, Bio-Chemistry and Vice-Dean, Faculty of Medicine",1996,ee1f614fc2ccb355b637e509a029dc6444cc0060479ba64354280096762261ef
UNIVERSITIES,"$120,165.62",$205.62,Queen's University at Kingston,"Vice-Principal (Research) and Professor, Chemistry",1996,4f7d1fad1871f76f1e0a08ce14e9d4583ff9faefb889457a7037b6d20eb61849
UNIVERSITIES,"$119,600.00",$462.18,Queen's University at Kingston,"Director, Development",1996,11da3754cdf4e6125926cdfd221025ca7e4bd7e2e714df72301784e2683be4d9
UNIVERSITIES,"$118,813.62",$270.90,Queen's University at Kingston,"Sir Edward Peacock Professor, Political Studies",1996,2814072e83c5c7a5bb35aabe11d36ac768d648941f20cb22a75007bbe41e003a
UNIVERSITIES,"$135,737.12",$270.90,Queen's University at Kingston,"Professor, Electrical and Computer Engineering and Dean, Faculty of Applied Science",1996,87f5271aa3ec9243d1eaf1e27e5bf764bcdbd4ff9fd4e5811ed771a1ca69f3fa
UNIVERSITIES,"$101,253.96",$270.90,Queen's University at Kingston,"Director, Physical Plant Services",1996,f8a47f1ff8c0741d270e065bfb73dcf0f99400e42e22f4f98bd109f68b8574b7
UNIVERSITIES,"$123,150.28","$1,959.26",Queen's University at Kingston,Associate Vice-Principal (Human Resources and Organizational Effectiveness),1996,a3523d72f3dbfd191109a1281b75a4c7767e79a524b8aa0bbd43a8a2ed83305c
UNIVERSITIES,"$103,468.78",$270.90,Queen's University at Kingston,"Associate Director, Clinical Trials Group",1996,bbdedce304de0739f937c42ee70c5b5abbd12122c994e7a3bb614cb8979c6027
UNIVERSITIES,"$101,829.94",$270.90,Queen's University at Kingston,"Professor, Anatomy and Department Head",1996,61b9a7cb8eba3aafbf7348cf86573722ae9ae567165af41ddf276507832ca495
UNIVERSITIES,"$105,386.30",$270.90,Queen's University at Kingston,"Professor, Psychology and Department Head",1996,9f7e9a673af62b93ad4fa805719797c5ef48fbd59460040ef02b69ffa7e71ded
UNIVERSITIES,"$107,842.62",$270.90,Queen's University at Kingston,"Professor, Psychology and Director, Instructional Development Centre",1996,1b0c007a6b4c0e2cafd8c2a3971f807e4497228e7847dd7d26726fc17bb016a8
UNIVERSITIES,"$104,585.96",$270.90,Queen's University at Kingston,"Professor, Community Health and Epidemiology",1996,cfb5f7bdd57f960571a9c3afe99e1dc2e655c87006b5141c47b3a71bac7dc40a
UNIVERSITIES,"$196,633.26",$870.90,Queen's University at Kingston,Principal and Vice Chancellor,1996,a93013f2e4472c0c7bd7ca15d783878272952cd3b0a0cd2e3fd3eb4958bd0c0b
UNIVERSITIES,"$115,310.00",$270.90,Queen's University at Kingston,"Professor, School of Policy Studies & Dir., Env. Policy Unit",1996,edc15bf2affc9bcca9411ce0864713db5d31fa22e9af6a46bbc3f553a0c7b07f
UNIVERSITIES,"$109,421.28",$167.22,Queen's University at Kingston,"Professor, Geological Science",1996,dbd663b4d5fb5e034c6f1e7edae32a09ea5dddc419b57a6fb7425406d27ef85a
UNIVERSITIES,"$208,547.96",$245.10,Queen's University at Kingston,"Chief of Staff, Kingston General Hospital",1996,4c73947a043ce544f316a3fb942d5d650df7b8fea5fea3f99c71bc949ed4be46
UNIVERSITIES,"$100,378.32",$270.90,Queen's University at Kingston,"Professor, History",1996,9c091fd9968889b5b6fd14ba3c14c0b4deae8168b49e22a78db40f7c1514d84b
UNIVERSITIES,"$101,891.62",$270.90,Queen's University at Kingston,"Professor, Physics",1996,44a26645421022570a7c3768cc32e88003e1b3393ea4fe7d231ed91ca0f14140
UNIVERSITIES,"$107,380.91",$0.00,Queen's University at Kingston,"Professor, Electrical Engineering and Department Head",1996,23c50c735ed4d83168ed2837e9e86f627d9e6c950b5274f49f8f3c8745c47749
UNIVERSITIES,"$147,125.44",$270.90,Queen's University at Kingston,"Professor, Physics",1996,500d3511e5879edc04c6f0f22ae67250396eca29b66523f9950ed0278ee4c160
UNIVERSITIES,"$100,426.32",$270.90,Queen's University at Kingston,"Associate Professor and Associate Dean, School of Business",1996,13709556ff320547a1e1c06c7faf7e10f1d406e02741e93aa31dcdc0be435fde
UNIVERSITIES,"$100,726.32",$270.90,Queen's University at Kingston,"Professor, Economics",1996,9b02a0dc6f62fc153b3dc090b9e88e0550d5cdccc7dd85e0d8321f423e09839c
UNIVERSITIES,"$112,291.62",$270.90,Queen's University at Kingston,"Professor, English and Associate Vice-Principal ( Academic)",1996,0c46d2ba8b48ef191a3f7a74571c3df4e0c82f5ef827fed9252d192e31f2fe3c
UNIVERSITIES,"$102,889.16",$270.90,Queen's University at Kingston,"Professor, Geography and Associate Dean, Graduate Studies",1996,013afb9f3621db29979c4eb79bfaa7d1f2ae1fe6eff02844e835dde4354468b0
UNIVERSITIES,"$127,047.00",$270.90,Queen's University at Kingston,"Professor, Medicine and Department Head",1996,dafb11030ff817e41b45e1d5a26b64a57f459fa6c95cd7670dacd41510e7a4cb
UNIVERSITIES,"$107,609.12",$270.90,Queen's University at Kingston,"Professor, School of Business",1996,b24a79509e96a3688c1abae4037ee678c2b504786683f967f6721ff27ddc0f84
UNIVERSITIES,"$148,401.28",$0.00,Queen's University at Kingston,"Professor and Dean, School of Business",1996,6ebfcde02ca807dcdc3ba279e3485e0f755d426a3b7cd4eae5163a821e4b2df5
UNIVERSITIES,"$100,349.92",$270.90,Queen's University at Kingston,"Professor, German and Associate Dean, Faculty of Arts and Science",1996,4c11f1e151e0b4d9dc9332247b6d5bb9f0a181d68a91d0e83ac7dcd9dc476248
UNIVERSITIES,"$122,263.96",$245.10,Queen's University at Kingston,"Director, Clinical Trials Group and Department Head, Community Health and Epidemiology",1996,abcdbba02d023c67b906d93fd3202214bf5813e86b45166a87578c6d0cbad4b1
UNIVERSITIES,"$109,662.96",$270.90,Queen's University at Kingston,"Professor, School of Rehabilitation Therapy and Associate Dean, Medicine",1996,77cbdbc4e9a00ac06f78136bf0c9fcf61d93dcb26ce2a7eb4be5c942bc84a9de
UNIVERSITIES,"$100,622.64",$270.90,Queen's University at Kingston,"Professor, School of Business",1996,1c61d589504fdb7b761fc09c17df22b522b0f121cae48313a7f3416a7984e6af
UNIVERSITIES,"$100,530.30",$0.00,Queen's University at Kingston,"Professor, Law",1996,327fc6dacbb28dec0359ea9f493c44d5befdb7dd679b9bd1522b2f537af4507c
UNIVERSITIES,"$102,625.00",$270.90,Queen's University at Kingston,"Professor, Physics",1996,f19b80084dad78555c11bf4382f31e04e26cf20dc49e9d769b2469d627f28cf7
UNIVERSITIES,"$125,866.68","$1,042.02",Queen's University at Kingston,"Professor, Sociology and Dean, Faculty of Arts and Science",1996,2f29de97dedf6225174154b2921e3298404db2adf4f98bb99ac26c6a96411cc3
UNIVERSITIES,"$144,312.65",$270.90,Queen's University at Kingston,"Vice-Principal ( Health Sciences) and Dean, Faculty of Medicine",1996,4d48e089ace383bf606284776151892c1cbfe35545065a7e8696f0f56897dd6a
UNIVERSITIES,"$115,690.55",$116.10,Queen's University at Kingston,"Vice-Principal ( Health Sciences) and Dean, Faculty of Medicine",1996,18092c97686ef20d2f5a78232a60f5fb309454ae3bffba774291107f85e6370c
UNIVERSITIES,"$112,670.30",$389.70,Queen's University at Kingston,"Associate Vice-Principal, Planning and Director of Resources Planning",1996,cc25c0254c307b2e43be527b24edf66facf0b28ef51f838ddac33fa2d35389d6
UNIVERSITIES,"$113,704.62",$270.90,Queen's University at Kingston,"Professor, Biochemistry",1996,353ed353f81aabfef8255c6ef02a9ef5a5114995ebba3a9e5fcb90e29c5dd6e8
UNIVERSITIES,"$104,941.00",$270.90,Queen's University at Kingston,"Professor, Physics",1996,679d84f8512502837bc49c7f3c09c0a063fdc6ccfd8c1b433363c6133a953849
UNIVERSITIES,"$126,895.34",$270.90,Queen's University at Kingston,"Professor, School of Business",1996,1707708f4c2b151acb6fb5a420342e1924ada61d18a0eccf1b9c2fb940077771
UNIVERSITIES,"$130,212.62",$220.62,Queen's University at Kingston,"Professor, School of Business and Bank of Montreal Chair",1996,5b5f052873bca6881b2a09ebe5c2411c1a25240e91edda5393e394db7d119dfb
UNIVERSITIES,"$154,911.92",$270.90,Queen's University at Kingston,"Vice-Principal ( Academic) and Professor, Biology",1996,bb02869f95ee71244eba915ce559d8e27a21ab90625d3caeca21b69b46cd6d6c
UNIVERSITIES,"$101,430.92",$270.90,Queen's University at Kingston,"Professor, Economics",1996,1f3460b5a6891376fd42535492c8081f7e19ecfed1279586c84cd9095c14674d
UNIVERSITIES,"$115,104.93",$481.34,Queen's University at Kingston,"Professor, Emergency Medicine and Associate Dean, Medicine",1996,627ffa5c1a42d473e84b23db9005a079699a5744609e8e3e42de41916ee87cba
UNIVERSITIES,"$107,534.30","$1,707.38",Queen's University at Kingston,Chief Librarian,1996,3959172bd1d4599b5be9c389aac85c8e51d575ed8730b47a8f394b6f89a3db69
UNIVERSITIES,"$147,840.78",$270.90,Queen's University at Kingston,"Professor, School of Policy Studies",1996,e50ab003d9f4b93e8cf5e5fc178cb92207dfbef3d19781136d6d2b736aa7eac7
UNIVERSITIES,"$104,238.00",$270.90,Queen's University at Kingston,"Professor and Department Head, Family Medicine",1996,7cf6abc9c46797f5bfe2c9a7ac5a83f0a6adc349399f6f826ee0a4ae26847a4d
UNIVERSITIES,"$100,966.63",$355.02,Queen's University at Kingston,"Director, Computing and Communications Services",1996,1a8de532e9bb624060d5ecb0bd02f70d1aad27a41179d44cde754539128489a9
HOSPITALS,"$133,251.00",$937.15,Queensway Carleton Hospital,Chief of Psychiatry,1996,440d649169123230adae659780db275a4c4a7513514a7f454729d7947254ca06
HOSPITALS,"$110,000.00","$9,582.64",Queensway Carleton Hospital,CEO & President,1996,318d32f9ad8020c039b088fb06d68bec11548187ec06c19a4223afcbb9895d4e
HOSPITALS,"$129,537.10",$606.59,Queensway Carleton Hospital,Psychiatrist,1996,869c3f3a4e64988ec5d5d1c69314efa39ed50fc2822abd7c01f8dead37b14cf0
HOSPITALS,"$107,576.10",$504.89,Queensway Carleton Hospital,Psychiatrist,1996,60ddc47af036e22435819a9018556fbd8f72abb4486e34587d1c50eca398b0a2
HOSPITALS,"$104,613.95","$2,629.19",Queensway General Hospital,President & CEO,1996,7dbdceb6dc576c472b022294e0c90b8adb4a46d0743fd3e5db36691b965294e0
OTHER PUBLIC SECTOR EMPLOYERS,"$116,695.56",$434.52,Regent Park Community Health Centre,Physician,1996,cad0ffe68cc5b3b2f5bfa8a9b773e8345bb41042bcc42a851e69c06e4c2b9d18
OTHER PUBLIC SECTOR EMPLOYERS,"$116,963.04",$442.68,Regent Park Community Health Centre,Physician,1996,84d448234113d331d0a0f851cbd41a18d96410f6352a232786831c76d378b2e6
MUNICIPALITIES,"$106,933.68",$943.16,Regional Municipality of Hamilton-Wentworth,Act.Treasurer & Commissioner of Financial Serv.,1996,679a31ca93c535cd4b3cb32e38eb807575637bf9d51b8a126fbcabb601ac2816
MUNICIPALITIES,"$122,279.23",$495.24,Regional Municipality of Hamilton-Wentworth,Chief Adm. Officer,1996,7e7d47aa70b095d8ac8fdafa91c8d9748808a5d644f907e7ced657c4fc4e43a0
MUNICIPALITIES,"$122,301.48","$8,942.23",Regional Municipality of Hamilton-Wentworth,Medical Officer of Health,1996,da57d1a89e4c372a44035009e522e1f3a5e085ee97c559d7c64557d737e365bc
MUNICIPALITIES,"$112,301.48",$473.20,Regional Municipality of Hamilton-Wentworth,Commissioner of Human Resources,1996,c12787b82bf785b348c436bbdef38e30272123fbd0c17cca0dce1a7016f6cde2
MUNICIPALITIES,"$139,132.48","$7,929.65",Regional Municipality of Hamilton-Wentworth,Chief of Police,1996,affe199f983bcafbc2ddcea9766e7e7de3544d91dd6eb19b06826614bc043dab
MUNICIPALITIES,"$125,496.89","$10,080.71",Regional Municipality of Hamilton-Wentworth,Deputy Chief,1996,598941f49ab72722398f847a47865c83b66ef76bb66baa9ccf7710219e2d6711
MUNICIPALITIES,"$112,301.48","$1,431.92",Regional Municipality of Hamilton-Wentworth,Commissioner of Legal Services,1996,0abe5b28a604b1dc370071bdb0582c6efcdae7abfd104363a7171841eada3036
MUNICIPALITIES,"$112,301.48",$473.20,Regional Municipality of Hamilton-Wentworth,Commissioner of Community Services,1996,66168e4ae625bd054b320a315d8ef573e901935d3fce0fa0d40c9cc40cab2043
MUNICIPALITIES,"$112,301.48","$4,593.03",Regional Municipality of Hamilton-Wentworth,Commissioner of Environmental Services,1996,8935986072bd1b8a3f81291f866dfee4572346840222ad728740a0a07cf74a5a
MUNICIPALITIES,"$117,585.00","$16,717.58",Regional Municipality of Hamilton-Wentworth,Commissioner of Transportation Services,1996,9347c798a8290099a5a7eb64b9591e6c707cddcfb72c877dbde76724ecd08a81
MUNICIPALITIES,"$107,172.41","$8,318.58",Regional Municipality of Niagara,Chief Administrative Officer,1996,439b8d28141aa87f3ce9442a8f854f57a5556197dabf0bf63dcab08678127469
MUNICIPALITIES,"$101,220.05","$1,742.97",Regional Municipality of Niagara,Director of Public Works,1996,0db9c9909b7ac0af741425c20953928819d97a31e2e128355fcff9df7057cd9c
MUNICIPALITIES,"$136,501.81","$9,300.60",Regional Municipality of Niagara,Medical Officer of Health,1996,140936d638c335f6cda5a057765a4c6a05813ce940829142c626273c957333ab
MUNICIPALITIES,"$110,845.02","$7,034.34",Regional Municipality of Peel,Commissioner of Planning,1996,4a2c6b223ea49057be9baa8613bdf4047db0a77a78cfd38eff9bcf896217d5d3
MUNICIPALITIES,"$112,458.16","$4,889.40",Regional Municipality of Peel,Superintendent,1996,a81ba0a516bca125994aa044d7d9e32ee1d2d87a7abed17277eafe7b4fff5e60
MUNICIPALITIES,"$122,125.96","$8,893.24",Regional Municipality of Peel,Deputy Chief-Information Services,1996,aa36019484bd82104705b4d2197b835494bd4cda82d01802e58766d84b4c2cc8
MUNICIPALITIES,"$140,200.06","$7,709.09",Regional Municipality of Peel,Chief Adm. Officer,1996,1218be4190a71d6f0f00b9e41bec884180697d902b217b16cc3ae7be8987d12b
MUNICIPALITIES,"$106,807.42","$7,611.17",Regional Municipality of Peel,Reg. Solicitor & Commissioner of Corp. Serv.,1996,3f26fea12ccd4e8eb2d75573bd517ff828fa41f8626d1b5dda5e66abcc4fbd57
MUNICIPALITIES,"$137,136.00","$7,847.64",Regional Municipality of Peel,Chief of Police,1996,a2aaff8bffeb3b56c383a354006a48ad5732f091daba3d572837b96aa92ae3e7
MUNICIPALITIES,"$110,845.02","$6,180.18",Regional Municipality of Peel,Commissioner of Housing & Gen. Mgr. of Peel Living,1996,ac1c6aa01a7c1509329be503a6111e4b883d3a6c8121aac2f275f6e6c6c9a422
MUNICIPALITIES,"$106,292.28","$6,999.02",Regional Municipality of Peel,Treasurer & Commissioner of Finance,1996,3a86fc1d2029874394d23863ef2fb3c3161f1c56ae8430fc6b548a12c686e75a
MUNICIPALITIES,"$110,845.02","$7,613.80",Regional Municipality of Peel,Commissioner of Social Services,1996,c772e9d4068c754f7de1540d43941d21ab32f01ebef9cca55f48baa4d8a0adaa
MUNICIPALITIES,"$102,893.04","$2,357.84",Regional Municipality of Waterloo,Commissioner of Corp. Resources/Regional Solicitor,1996,5199348004bfd4f9c7c3305b7cea033067c59a9f9dc48cde348294735b2e9941
MUNICIPALITIES,"$102,893.04",$670.45,Regional Municipality of Waterloo,Commissioner of Finance & Treasurer,1996,a39e19c316789e38baa3954006169f98f60aa1f3461d332ae95aadba47022b01
MUNICIPALITIES,"$102,893.04",$713.40,Regional Municipality of Waterloo,Commissioner of Social Services,1996,e1fa29ba0e190aa68838c2cc8c0dacc25ff58899521451cfef463d70bfcee811
MUNICIPALITIES,"$102,893.04",$440.40,Regional Municipality of Waterloo,"Assistant CAO, Human Resources",1996,c6887cd2652d7a10ecf0cc20c9394829737e83e3ea4497a7ac0d13ea562900b6
MUNICIPALITIES,"$102,893.04",$570.40,Regional Municipality of Waterloo,Commissioner of Engineering,1996,e20948d92be80a1a0ea84581f30a9de0365609a01527a68b8c6064ae9fa03313
MUNICIPALITIES,"$114,587.01","$1,891.76",Regional Municipality of Waterloo,Commissioner of Health Serv./Med. Officer of Health,1996,0367ae2b3cb9f7691ad6985fc11bd3845d72f1517e0c18699ce2c8755a42b951
MUNICIPALITIES,"$104,390.74","$1,133.38",Regional Municipality of Waterloo,Assoc. Med. Officer of Health,1996,09d795b9eada5cfe82be44b7e9630ff6cfbdaab9413e558a3266bb4922141689
MUNICIPALITIES,"$114,531.84","$6,388.34",Regional Municipality of Waterloo,Chief Adm. Officer,1996,042f6764d100a126559120228bad5f86bbae6f5dcb28ec1556e0cf9cc3c8c657
MUNICIPALITIES,"$102,893.04",$723.98,Regional Municipality of Waterloo,Commissioner of Planning & Culture,1996,fc8277d799731cd4df4f720a13d7cbbad936729b502d458f230bfbc269067de2
MUNICIPALITIES,"$114,600.00","$7,371.58",Regional Municipality of York,Chief Adm. Officer-Policer Services,1996,9eecef2535184ad37189345fc9dfb8606b671b1ea707d67ec233d26c9df214a7
MUNICIPALITIES,"$102,560.15","$5,216.99",Regional Municipality of York,Deputy Chief-Operations,1996,5cb25cac70a44a017e938f7bf5e331d407b9671f5261543b2d18be9be2093a2b
MUNICIPALITIES,"$120,845.02","$8,306.11",Regional Municipality of York,Commissioner & Medical Officer of Health,1996,d12b77f0635831ff942afca97b4e1774ce88d0e91c5eaa31210dc545225e3e7a
MUNICIPALITIES,"$134,421.00",$334.00,Regional Municipality of York,Chief of Police,1996,c8dfd4db69b8385c2db7f54153eeb96294ab7f2202fe0d5446d891f51e7e536a
MUNICIPALITIES,"$117,497.00",$385.00,Regional Municipality of York,Medical Officer of Health,1996,7f1a21d88fa0fce647f8cafc610e626c0fd0a2a995a47594ea8c2712e3e095ae
MUNICIPALITIES,"$100,646.00",$333.00,Regional Municipality of York,Commissioner of Planning,1996,74c25676c1e972053886267709695e5b639f646b0e93d97ef8fdd92c663c2324
MUNICIPALITIES,"$124,099.00","$2,603.00",Regional Municipality of York,Chief Administrative Officer,1996,61082e862b64d115c066acea2d21930b4399c90efaa4e1147146fe0749c1f9c9
MUNICIPALITIES,"$115,545.00",$334.00,Regional Municipality of York,Deputy Chief of Police,1996,4db9a48a5378708e5c9c071c2b16c083d980469ccdfb039d047e925af60bccea
OTHER PUBLIC SECTOR EMPLOYERS,"$145,670.00",$202.00,Renfrew County & District Health Unit,Medical Officer of Health,1996,2c602ae77fb3a789b37fd33802a72b23af3560a05bad254a8f78f3aa0ed303a9
SCHOOL BOARDS,"$103,197.00","$1,086.00",Renfrew County Board of Education,Supt. of Business & Fin. & Human Resources,1996,bbeaef99fb3f662d8a44b02ca397de65b8e3999db3ed04497e86825aa762f912
SCHOOL BOARDS,"$122,555.00","$1,086.00",Renfrew County Board of Education,Dir. of Education,1996,4f126dcfa4c82319fd72cc6b60af0591e8b26fe504b6eb5410fda9f399851c74
SCHOOL BOARDS,"$103,929.00","$1,086.00",Renfrew County Board of Education,Supt. of Education,1996,39c063b5e46607a546033578673420ae75e5b0168aad8125de898ad631cea4a7
SCHOOL BOARDS,"$103,929.00","$1,086.00",Renfrew County Board of Education,Supt. of Education,1996,c0f931cd96f77c572b5b828e8e2702644f6b9e7ae1706cce6498e4f80c753a8c
SCHOOL BOARDS,"$103,020.00",$333.07,Renfrew County R.C.S.S.B.,Director of Education,1996,69149759779ae037fac49182ac9f6951c28af354bdae167e2c46718359531840
HOSPITALS,"$135,000.00","$7,815.00",Riverside Hospital,President & CEO,1996,c9bb4601d0edb7cdbaf0269ca064a440ca1f551ae9c324d610954f503e918549
HOSPITALS,"$128,685.00","$1,371.00",Riverside Hospital,Pathologist,1996,542b4f4b42e9371d00428829d78458bdd7985fcad019e57bac77793a04a7d984
HOSPITALS,"$133,685.00","$1,401.00",Riverside Hospital,Pathologist,1996,c45eac069f2c33f608993ed247631bc968c2801e80f5dd2aa078059cda1618b3
HOSPITALS,"$120,287.00",$716.00,Ross Memorial Hospital,President & CEO,1996,ae6576d6615c5520c2f8ca564a79c874ea0325dcac937a0f7e4e2dfac620ba01
CROWN AGENCIES,"$151,473.00",$600.00,Royal Ontario Museum,Director & President,1996,5818eaf0eeaed5151e532e06506e0bd95f799dbbbd214855b25e08d0b9bcaf46
CROWN AGENCIES,"$114,550.00",$400.00,Royal Ontario Museum,V.P. Collections & Research,1996,6605bd6a08d907b4e8f7733a6188260d7fbd52f1c447f7b3a3173e065ef2e5f8
CROWN AGENCIES,"$120,582.00",$600.00,Royal Ontario Museum,V.P. Business Affairs & Operations,1996,0172a9c9b2a8858911f5f0bd6824fac94a9f1c152cebe2e21dc960ae6350eb61
CROWN AGENCIES,"$120,582.00",$400.00,Royal Ontario Museum,V.P. Exhibits & Marketing,1996,9e6beb207105b5aeb70b9723760d8e3a7e8181bfeb9691f5e825f79ffdc250f8
HOSPITALS,"$150,702.00",$704.00,Royal Ottawa Health Care Group,Executive Director,1996,340345f0da1c22045fdaeaae8a7a9a00874693d2e05907f578d49974f8acb400
OTHER PUBLIC SECTOR EMPLOYERS,"$150,702.24",$704.09,Royal Ottawa Health Care Group,Chief Executive Officer,1996,340345f0da1c22045fdaeaae8a7a9a00874693d2e05907f578d49974f8acb400
HOSPITALS,"$169,789.81","$14,399.27",Runnymede Chronic Care Hospital,President/C.E.O.,1996,b4ec63de56e769db853c4f008d9297804cea8a0a1da985fba520c9a8a680510e
UNIVERSITIES,"$101,734.00",$522.00,Ryerson Polytechnic University,Program Director/Professor,1996,0aaab4740821bc9f9f3b070ac6c032d6375f88be873bcf44aea27587af4f0bc3
UNIVERSITIES,"$109,717.00",$509.00,Ryerson Polytechnic University,Professor,1996,ecb60a81a3c5362492cfdbd3b5e234cec860a787285f1abc9d19e40b71185a79
UNIVERSITIES,"$113,546.00",$782.00,Ryerson Polytechnic University,"Vice President, Faculty and Staff Affairs",1996,b094536c6344c84f10a913afe36f40c6d7681c02354c70e98d09d7fbbd3c4b2a
UNIVERSITIES,"$113,546.00",$782.00,Ryerson Polytechnic University,"Vice President, Administration",1996,0146a4a1b1a86053adb7b8bd283267008f0f2d9407ed4e1bc632917bbdbf8e70
UNIVERSITIES,"$101,705.00",$535.00,Ryerson Polytechnic University,Professor,1996,26dcc366c98c0feb0383d10cbf1fe3f7d27ae232db521cb5c800b3d99ed75114
UNIVERSITIES,"$133,803.00",$632.00,Ryerson Polytechnic University,Professor,1996,31e9cfa0652d6b58fd9f51feb74a3024bda0d1e14129c5ee690be8ea7b4edc76
UNIVERSITIES,"$100,649.00",$522.00,Ryerson Polytechnic University,Professor,1996,92542887fa013de479b0dfb6966d9038b879a0e071b7cd43d98ffa5fdce83015
UNIVERSITIES,"$155,973.00","$20,268.00",Ryerson Polytechnic University,President and Vice Chancellor,1996,f4febc6828058b1c6d990fe10540803d281f9e901a9200ebb07dcdddd700a67e
UNIVERSITIES,"$101,961.00",$549.00,Ryerson Polytechnic University,Professor,1996,33163a713b94225fc925090e9af909d53fe7c5c65410b76c517abe683371c9cf
UNIVERSITIES,"$122,323.00",$829.00,Ryerson Polytechnic University,"Vice President, Academic",1996,de09aa92ec5f3ae1d21023da9dbe1197e54023bff05e07133322808034a43ae0
UNIVERSITIES,"$150,000.00","$1,011.00",Ryerson Polytechnic University,"President, Council of Ontario Universities",1996,9db0b53c782663bbc7f09e248b846bc3b1f57d52027632395e8b073c005cecfa
UNIVERSITIES,"$111,128.00",$549.00,Ryerson Polytechnic University,Professor,1996,8799a0b1ff1e5af154053a12e47d4d88c8f98310d64c0d619773941f47ccd524
UNIVERSITIES,"$101,357.00",$129.00,Ryerson Polytechnic University,Instructor,1996,2482c555fd3362d63ba448432d4729122bd65e795e9286f417de8402b9a99fdf
UNIVERSITIES,"$113,030.00",$578.00,Ryerson Polytechnic University,Program Director/Professor,1996,9bf8f59a2519ec1ec5f0f304112b586c7de11043a1d6fea2ea302915f155c484
UNIVERSITIES,"$115,632.00",$762.00,Ryerson Polytechnic University,Director/Professor,1996,79f2c4418b98e9ca12f6ba52f4854b932273b1364a6900ac4f3867423c1b5313
UNIVERSITIES,"$104,216.00",$508.00,Ryerson Polytechnic University,Professor,1996,cd82a594d03377916269b3b96452d5f035078f1979cbb680463d43077b7d8f5c
UNIVERSITIES,"$110,621.00",$508.00,Ryerson Polytechnic University,Professor,1996,f97676a8d81a87db8cf85cbe80738d5d746fe7a47b51767e08b98fdbe0140ef3
OTHER PUBLIC SECTOR EMPLOYERS,"$122,006.00","$8,037.00",Sandy Hill Community Health Centre,Physician,1996,2e87c022592b7001487394728a98d1285d09051fc2ec6c484442fbcfa9cafe1b
OTHER PUBLIC SECTOR EMPLOYERS,"$122,356.00","$8,086.00",Sandy Hill Community Health Centre,Physician,1996,1daf163bf387db1c9c004a117067a1b82aef46a1187050c072004cfbb3e40268
OTHER PUBLIC SECTOR EMPLOYERS,"$105,582.00","$6,944.00",Sandy Hill Community Health Centre,Physician,1996,f9b81a096352e12c3f617650f7f277ef2514f96d4079eb132a918fdd6e7cf245
HOSPITALS,"$107,756.20",$756.20,Sarnia General Hospital,Executive Director,1996,d639fb7ba88a28f5ad6560abe08740d91021e99ecbd4478c30471d79f06029eb
HOSPITALS,"$150,014.00",$671.00,Sault Area Hospitals,Associate Pathologist,1996,15f3a6c352df658a4e97ca70158d3eadff82d0df601d55b9169da301cdac6306
HOSPITALS,"$125,000.00",$588.00,Sault Area Hospitals,Vice-President Medical Services,1996,c7507e2af6508877afe3254367731ea9c6eb1aa54608c3d2d3a8475b03e8d5bc
HOSPITALS,"$150,000.00","$3,735.00",Sault Area Hospitals,President & Chief Executive Officer,1996,ad8c2fdb45dc05ca64ec8bf936b605e8f48400478f7cc6b4b55d0854da393aff
HOSPITALS,"$127,144.00",$570.00,Sault Area Hospitals,Associate Pathologist,1996,f7cf361e5bad66b2d15fa3427d039a75dfe2a5976f6b7f7b45840b2d21620690
HOSPITALS,"$163,084.00",$685.00,Sault Area Hospitals,Assoicate Pathologist,1996,900d4bb18a5fc5e64d57d35da19a17756b0198551f1cce33549b25c9c33865e1
HOSPITALS,"$188,503.00",$801.00,Sault Area Hospitals,Chief Pathologist,1996,87e6e41c785953bfd24f9292b735ede4ed0e2c981cfa6a58b363cad1c73d8b7f
COLLEGES,"$117,403.00",$782.28,Sault College,President,1996,153a5b4b1e961a6b78b119f6eea0b7881878290fc38460dc89852b9b9eb239e6
SCHOOL BOARDS,"$104,821.00","$5,196.00",Sault Ste. Marie Board of Education,Director of Education,1996,39e6c45334554ac480aa8dd0b601f4077ee679afb0eec565a4f4b6444932ad76
SCHOOL BOARDS,"$102,704.00",$325.00,Sault Ste. Marie Distirct R.C. Separate School Board,Director of Education,1996,94dee667a4bcf769b88b3cd47706e87604a2353dc2e0c687e784637e04b74652
SCHOOL BOARDS,"$112,177.00","$2,873.00",Scarborough Board of Education,Associate Supt.,1996,19f58b0e71cb7a800d75fa354d2dafd792064eecec41c8763fac6fa6855381a9
SCHOOL BOARDS,"$107,507.00","$2,783.00",Scarborough Board of Education,Associate Superintendent,1996,22522c0fcebdf89c5de2aeffb6451bbbe8b3059d52b17bb1860ab482850afaea
SCHOOL BOARDS,"$102,827.00","$2,873.00",Scarborough Board of Education,Associate Supt.,1996,93925587bda17ccc2d3cb02b61f8f14819e9ec5d1981db76ff79d26a1c236e93
SCHOOL BOARDS,"$148,855.00","$4,793.00",Scarborough Board of Education,Director & Secretary-Treasurer,1996,bb8b5b5801de8f30674714168f2a79611c3a3f16d61c287c7d5527ef8d244bb0
SCHOOL BOARDS,"$102,827.00","$2,873.00",Scarborough Board of Education,Associate Superintendent,1996,ee5f53205375281510bdeb273a9a6b816813a639dcfdfcb2fac6ef7432583008
SCHOOL BOARDS,"$112,177.00","$2,873.00",Scarborough Board of Education,Associate Supt.,1996,9eeccc7448b42d56b6c3f98546c2d4644fd4a60ed7904ddfe4a33174bdd64fe2
SCHOOL BOARDS,"$112,177.00","$2,861.00",Scarborough Board of Education,Chief Psychiatrist,1996,8f902e87f0aec6e1c444e6a9616bede73ec73e4e56e4508c801a7be86039050b
SCHOOL BOARDS,"$107,507.00","$2,861.00",Scarborough Board of Education,Associate Superintendent,1996,6d2370d5ccd2d08ba8e76eae26f5c80e789bd12179d46def1e495f30ed7f1a54
SCHOOL BOARDS,"$120,051.00","$2,873.00",Scarborough Board of Education,Superintendent,1996,8bbb776be03ba45d8e956cf11a7e5933e54b4d1e26178945e0b3e12e61c7f221
SCHOOL BOARDS,"$112,177.00","$2,873.00",Scarborough Board of Education,Associate Superintendent,1996,52d7bbd2605542a9bf8ceb00c32ac5d894463e98b9ffdb0f73ba8c44e4ebdb3b
SCHOOL BOARDS,"$120,051.00","$2,873.00",Scarborough Board of Education,Superintendent,1996,e5e82bc863ed8e1f43b22fd396c0048f431c0fdd6998e39f5ef591758dfc5f62
SCHOOL BOARDS,"$112,177.00","$2,873.00",Scarborough Board of Education,Associate Supt.,1996,d54feb0de5d64c93f058c8641d5e2fc536f8030ede9099cc4ef989ca5df70892
SCHOOL BOARDS,"$112,177.00","$2,873.00",Scarborough Board of Education,Associate Supt.,1996,ac1470c00de020109885332208fa338c0b4f1750b078b5dea9ceb1990203abd4
SCHOOL BOARDS,"$120,051.00","$2,873.00",Scarborough Board of Education,Superintendent,1996,1be0399090ac053d8f888acb174983bbafb3e99fd67f970d6de01f493fd1f1c4
SCHOOL BOARDS,"$102,827.00","$2,855.00",Scarborough Board of Education,Associate Supt.,1996,f0813f5b08d8e8b0acb509c712fefc166d94bb2cb84e442a954c858f35025f36
SCHOOL BOARDS,"$120,051.00","$2,861.00",Scarborough Board of Education,Superintendent,1996,bea886f002585a6f93c88143e0378ce09ea03e9778a5d942f5f11c2daf878d42
SCHOOL BOARDS,"$120,051.00","$2,873.00",Scarborough Board of Education,Superintendent,1996,1e18d361945f47e80cc0356eff787318d9f479b5d9674fddd6dd6971d84dcf94
SCHOOL BOARDS,"$112,177.00","$2,861.00",Scarborough Board of Education,Associate Supt.,1996,7c9778284d11547315fbe6d5c75905fb3e32b9666f1d7f56ee28d9213c4eff41
SCHOOL BOARDS,"$128,481.00","$3,821.00",Scarborough Board of Education,Associate Director,1996,565466447044af1b9561a63646ca47c6e32d02c3032e013c737763ac58f8d0c8
SCHOOL BOARDS,"$120,051.00","$2,861.00",Scarborough Board of Education,Supt.,1996,ef4e8b7c8940686617b3c0dd7b24de15d8ae3a28f5853b5b2276b6603c4c4c49
SCHOOL BOARDS,"$112,177.00","$2,873.00",Scarborough Board of Education,Associate Supt.,1996,da88bfbc26d2e9a181f9d65531ae35fc3014536071923ed4499479c9fdcece8c
SCHOOL BOARDS,"$104,819.00","$2,748.00",Scarborough Board of Education,Psychiatrist,1996,1d346f924b42625f673684decd2a4ff0702bb38e873691c6002e14f64f3cfa2d
SCHOOL BOARDS,"$107,507.00","$2,873.00",Scarborough Board of Education,Associate Superintendent,1996,bef5330309163ad667045c86ffe099da885f9d95c6006710101d90073f30d675
SCHOOL BOARDS,"$112,177.00","$2,873.00",Scarborough Board of Education,Associate Superintendent,1996,88d120f35421f8c8936e88c3e0bb04b70fa909de742d6557f3a9161c69240c77
SCHOOL BOARDS,"$112,177.00","$2,873.00",Scarborough Board of Education,Associate Superintendent,1996,8987736f7faad5dfdf5ecf5d97eed405716f63a9bce083c96b4d8bdf11738508
HOSPITALS,"$178,852.00","$2,876.00",Scarborough General Hospital,President & CEO,1996,c85004a47cb36753bf9325fa860dce2c8d709745b80b49a6d0a0e64856f4ac62
HOSPITALS,"$123,523.00",$683.00,Scarborough General Hospital,Vice President,1996,4eb85270fb3f42c812d48392c2687975e98974ed1be3004a439936886708f830
HOSPITALS,"$162,396.00",$901.00,Scarborough General Hospital,"Medical Director, Laboratory",1996,3304bd79358a2424b20e51cd25cdf2859f7c55d34dc29d82232acb59e17756ec
HOSPITALS,"$143,416.00",$795.00,Scarborough General Hospital,Associate Pathologist,1996,80fe30ba823f7e3fe7305ef3b46e15f97b180f3d60076ccd4fd0e1d63140bb5e
HOSPITALS,"$119,076.00",$657.00,Scarborough General Hospital,Vice President,1996,1e4f65d483d853f0557c351f088c82cd4b9d3fc0372a7db425a357588dc20e8a
HOSPITALS,"$121,735.00",$683.00,Scarborough General Hospital,Associate Pathologist,1996,165e725e6975ab4b99f8b4d3c02588752360342ec4d1256599f4c28e8bb6ff41
HOSPITALS,"$119,076.00",$657.00,Scarborough General Hospital,Vice President,1996,38dba68c772bd885e8d6e859f88dc7e5112198174599cfe80e2e60675342bd61
HOSPITALS,"$118,077.00",$659.00,Scarborough General Hospital,Assistant Pathologist,1996,2692a822d1e9be5aea8dcd93b70f74ddb6f8b899178540cc2baa97687d180d22
HOSPITALS,"$171,575.00",$493.00,Scarborough Grace Hospital,Chief Pathologist,1996,5e082f63bf5016b7fb4d45586e935476b31439b5edbc319a77bd5688959eaac1
HOSPITALS,"$112,810.00",$216.00,Scarborough Grace Hospital,Pathologist,1996,c78590571257c7457f676ec2e4aa6628e8c39f6478692eea1f09e8cceb67ec5c
HOSPITALS,"$169,770.00","$10,547.00",SCO Health Service,President-Chief Executive Officer,1996,64e686af99d5089937bb55072ffe4382547f5487b1bde2233905bcf46d21a6ef
HOSPITALS,"$106,550.00",$730.00,SCO Health Service,"VP, Support Services",1996,a9d35542fb330b1211c9bd89c766caea5fe27db622db7eb3c8a8f61305940dcb
HOSPITALS,"$130,555.00","$4,638.00",SCO Health Service,"VP, Geriatric Rehabilitation",1996,65c5e0cba73cb9b9674d07907d4573b6272f0798285021585dd951dccfee0a6a
HOSPITALS,"$107,448.00",$736.00,SCO Health Service,"VP, Ambulatory & Outreach Programs",1996,0bb273a4af072f40d3eb7c93fc812502777dc383e16002d4d40201de63f03f1a
HOSPITALS,"$107,060.00",$730.00,SCO Health Service,"VP, Finance",1996,9330cd6499b25ee61617e83ac8e021ba4344f71e68460a6e99f827b1d45cc561
COLLEGES,"$123,988.00","$3,123.00",Seneca College of Applied Arts and Technology,President,1996,96e5a7a746e39ba120146ddd8315dc34769da68ec1697b644cca1421800c0f85
COLLEGES,"$124,646.45","$1,993.20",Sheridan College of Applied Arts and Technology,"V.P. , Academic and Student Services",1996,be93b16481219a46fcdbb634389e822dcb5f7f8f883c4f4a334302e521442af0
COLLEGES,"$101,674.86","$2,482.44",Sheridan College of Applied Arts and Technology,President,1996,6ef34589df7574be26788c4a3416904df210ffe74831b96346ff664dc7383730
COLLEGES,"$115,579.15","$1,989.84",Sheridan College of Applied Arts and Technology,"V.P. , Community and Government Serv.",1996,3d90b6e7a758206855f8d618c59fce9805101e0d49c453ab83f8c6ec6ab0e81e
SCHOOL BOARDS,"$107,438.00",$82.00,Simcoe County Board of Education,Supt. of Operations,1996,bc8b2a22f87cd69f6b9e7bf639980feb1373b82d393e816bc44e7a076734a201
SCHOOL BOARDS,"$107,438.00",$82.00,Simcoe County Board of Education,Supt. of Administrative Services,1996,729af1815a25b637f6960e40e00e341bee20fecf830d142eb41eff6e3ec9d7f0
SCHOOL BOARDS,"$138,119.00",$82.00,Simcoe County Board of Education,Director,1996,fec14b60713410fb99beb3c32d59656f9f847d8bce967ca7f27c21fec8963c42
SCHOOL BOARDS,"$104,270.00",$82.00,Simcoe County Board of Education,Supt. of Schools,1996,cd369f3804ba59f4fd81225f79ca589244bffb0796701302e8b359c8daeb10a9
OTHER PUBLIC SECTOR EMPLOYERS,"$100,256.00",$422.00,Simcoe County District Health Unit,"Director, Dental Services",1996,e4962c89029599cbbd3648105c7634c54ce9c932353ed69bc31948b7fa7ec22b
SCHOOL BOARDS,"$113,033.00",$176.00,Simcoe County R.C.S.S.B.,Supt. of Business and Finance,1996,2118f4e0427d3bbba7bed9d4df6a4bde1af3fdf7cce8b41c9a7a3e8a89392743
SCHOOL BOARDS,"$101,586.00",$176.00,Simcoe County R.C.S.S.B.,Superintendent of Schools Services,1996,fc7ff03433ec2e40b7fa0322b093565c142cdca171fc91dcfffad2b968fc1196
SCHOOL BOARDS,"$130,600.00",$176.00,Simcoe County R.C.S.S.B.,Director of Education,1996,e35d240817bb408d9c06e357e5e342a37642339f264c6f04240e7105c1b14dad
COLLEGES,"$137,001.00","$1,150.00",Sir Sandford Fleming College,President,1996,e920394e996255b00249f05a4666160da1f7ed799a6c737be5b79e433247c85e
ONTARIO PUBLIC SERVICE,"$128,312.11",$369.36,Solicitor Gen. & Correctional Serv.,Regional Coroner,1996,46485895134fa1a0a1fe3dbc346cef0344211e8f7bf32b397fc2ed07982f9707
ONTARIO PUBLIC SERVICE,"$128,312.11",$369.36,Solicitor Gen. & Correctional Serv.,Regional Coroner,1996,14115da52e00760779917da25bcc75520d02f6b2d03d8fce408055343e5f8a9e
ONTARIO PUBLIC SERVICE,"$145,524.40",$419.04,Solicitor Gen. & Correctional Serv.,Deputy Chief Coroner,1996,ca3be19d7c2457291738911ce02e1b05b07dceaec409316fa8f3b0607aae8809
ONTARIO PUBLIC SERVICE,"$112,100.88",$257.16,Solicitor Gen. & Correctional Serv.,Bureau Commander,1996,64b28bb57d31710811ed75ae6815d68ac3c38bda703cfbebe6a65c725e7a74fc
ONTARIO PUBLIC SERVICE,"$156,790.94",$451.44,Solicitor Gen. & Correctional Serv.,Chief Forensic Pathologist,1996,b8546e7c507639a3493eb3b000cc0826b4868d2326c2240c47013fd170fee2f5
ONTARIO PUBLIC SERVICE,"$119,319.05",$344.16,Solicitor Gen. & Correctional Serv.,Chair,1996,97338d573fecc4a425547a88f12b7f0c5b4fd992614f01d65a475e8982fa637b
ONTARIO PUBLIC SERVICE,"$134,684.30",$387.72,Solicitor Gen. & Correctional Serv.,Regional Coroner,1996,95eb58ada342d025c9d7624a8d2b7abd0fa61ba606b8cd18de58373e5a087cae
ONTARIO PUBLIC SERVICE,"$108,852.33",$187.30,Solicitor Gen. & Correctional Serv.,District Inspector,1996,8c874f9a01e627ec2e41ba49a048d0dd686d7673a8fbccdc258110f3b44836b2
ONTARIO PUBLIC SERVICE,"$100,298.57",$216.00,Solicitor Gen. & Correctional Serv.,Superintendent,1996,ea57a935d11636d3117ca8b9ea5c65fc25b4ccdd6f01c5ddf535250a02f29b52
ONTARIO PUBLIC SERVICE,"$121,072.50",$0.00,Solicitor Gen. & Correctional Serv.,Forensic Pathologist,1996,2841d6a6f714ffdfd32da4b6edb7c1bdae9b3d702e5d7bf5469d4b1382bca529
ONTARIO PUBLIC SERVICE,"$100,107.67",$162.72,Solicitor Gen. & Correctional Serv.,Emergency Response Recilitator,1996,8778eae150bb17f1fe5baf0bd41b87b9e0b914c7ba21606c6f4cf5e15954df96
ONTARIO PUBLIC SERVICE,"$100,534.13","$20,471.25",Solicitor Gen. & Correctional Serv.,Director,1996,8d9847050d05a3da5ae84e7a687bd6ae63af6d41f8afa691a946a563e1c29492
ONTARIO PUBLIC SERVICE,"$102,422.28",$216.12,Solicitor Gen. & Correctional Serv.,Superintendent,1996,713d1fe5c62c690c01a1ca4a69832a300837b9ca902f3b85db627c64e499a19b
ONTARIO PUBLIC SERVICE,"$100,370.58",$263.16,Solicitor Gen. & Correctional Serv.,Director,1996,86f89ef1cfc174bb87a44639b87b0281e99c5e671841286bc37a969e3f8a7392
ONTARIO PUBLIC SERVICE,"$159,131.06",$388.20,Solicitor Gen. & Correctional Serv.,Senior Medical Consultant,1996,ff3185293761db0c7bed6fbae1b3270ed0182dfad93a9553f556a82e2cbd721f
ONTARIO PUBLIC SERVICE,"$159,814.91",$0.00,Solicitor Gen. & Correctional Serv.,Regional Coroner,1996,12232de496412d512a839fa93e7abe51445212c093a84823a067e5713e9448e9
ONTARIO PUBLIC SERVICE,"$104,245.50",$299.28,Solicitor Gen. & Correctional Serv.,Assistant Deputy Minister,1996,c2671c5d649afa75bada7e56d89a9f2fe694ce136d1ed4e70a7de813aa1fd36a
ONTARIO PUBLIC SERVICE,"$100,108.35",$220.56,Solicitor Gen. & Correctional Serv.,Superintendent,1996,a75810e8d96c443ae210ebf69f6a48906fb0908b03b199c13d54d4122d827a03
ONTARIO PUBLIC SERVICE,"$118,089.28",$337.33,Solicitor Gen. & Correctional Serv.,Assistant Deputy Minister,1996,5ae4b7c990c693eee57c87d89b159bfe9601f7b68cf7302ec52cfa7ac98e527b
ONTARIO PUBLIC SERVICE,"$101,815.08",$293.64,Solicitor Gen. & Correctional Serv.,Fire Marshal,1996,8150a5ee2fb005792a88a2a25292be51deb61b13fad7b3a68fbd9d21e6b1c49c
ONTARIO PUBLIC SERVICE,"$100,632.16",$250.56,Solicitor Gen. & Correctional Serv.,Commander,1996,a417b373ad364ade32ec7ee6068ecd3517e5e6eab5648dfb7c9a0b8d0614811b
ONTARIO PUBLIC SERVICE,"$109,691.68",$243.60,Solicitor Gen. & Correctional Serv.,District Administrator,1996,65fbbf6813f9928508c8dd2b477fbc1bc9f1c8744ec89246e92e41e0f3150d3d
ONTARIO PUBLIC SERVICE,"$113,493.18",$281.16,Solicitor Gen. & Correctional Serv.,Commisioner,1996,ef2c6c8813d9d91eca1c11e4450d3bb0a49f9cd613001b462eeb75b500f28b19
ONTARIO PUBLIC SERVICE,"$117,305.18",$255.84,Solicitor Gen. & Correctional Serv.,Regional Director,1996,33cc4ec502af5a96b1226ffb8d6eab7ff018be60dd3241c3c126edf75b3e03c2
ONTARIO PUBLIC SERVICE,"$114,061.28",$329.04,Solicitor Gen. & Correctional Serv.,Assistant Deputy Minister,1996,164f9232e01697ae9347ffe2ab2a09cfefd8c7bdcd094e341e4cd7e51c34a289
ONTARIO PUBLIC SERVICE,"$105,826.79",$231.60,Solicitor Gen. & Correctional Serv.,Superintendent,1996,7823c3ff7c29a0bafe7919ad417b975235d26b74129b35dbe07f7f5400ad335f
ONTARIO PUBLIC SERVICE,"$139,103.72",$399.48,Solicitor Gen. & Correctional Serv.,Deputy Chief Coroner,1996,db9b58a3bbc50b46ae0bed59d74cb70351d9c33c3ad28972c88de7f909af8e50
ONTARIO PUBLIC SERVICE,"$105,351.46","$8,736.68",Solicitor Gen. & Correctional Serv.,Regional Director,1996,8fa1ab7ebf322f94665b250af0feeaa6ada4179dc6889cd28759aa01be572034
ONTARIO PUBLIC SERVICE,"$102,652.48",$216.12,Solicitor Gen. & Correctional Serv.,Superintendent,1996,9019e9ceb592b8fb4db5f5dab637033b66f9609dddf47f0ea961ca147efe5fd3
ONTARIO PUBLIC SERVICE,"$137,452.78","$1,488.70",Solicitor Gen. & Correctional Serv.,Deputy Minister,1996,77a7f6050e995c0f9ebd02da2c90870088b32160758913bbdcbf4a978a884a3f
ONTARIO PUBLIC SERVICE,"$134,684.30",$387.72,Solicitor Gen. & Correctional Serv.,Regional Coroner,1996,d143ea9079deef34935b1359882057c23c2328e5492dc39a323bea677cc13b02
ONTARIO PUBLIC SERVICE,"$115,524.44",$277.02,Solicitor Gen. & Correctional Serv.,Regional Coroner,1996,fe44bc7ae2290c8242e946d1d10c0b5556ef6e5d2579b4d90a9750634b753a36
ONTARIO PUBLIC SERVICE,"$156,790.94",$451.44,Solicitor Gen. & Correctional Serv.,Chief Coroner,1996,2017c64cc848dfa2f6e5dfba8eeefc5bdc50e732ab19643b6c9b3ef8bf7e605a
OTHER PUBLIC SECTOR EMPLOYERS,"$123,628.90","$7,660.27",Somerset West Community Health Centre,Physician,1996,67d4d518dbb23ec86f5529a826ee679764554dfd935214d92d10717afc981a0f
OTHER PUBLIC SECTOR EMPLOYERS,"$103,285.93","$6,393.21",Somerset West Community Health Centre,Physician,1996,3d950347f9910646f5eb509c3680bc13d8c5dc3200f669e7491fe8817bac816e
HOSPITALS,"$100,000.00",$674.00,South Muskoka Memorial Hospital,Chief Administrative Officer,1996,46d4fa04876f5ee142900fb8fb1ee0a714171a587e707b448adf7110cf21ee91
OTHER PUBLIC SECTOR EMPLOYERS,"$117,873.54","$5,406.88",South Riverdale Community Health Centre,Physician,1996,b32938f0e828dfe84e1ddb0c78d49254c9625a2c15285701e3505103c5da93e5
COLLEGES,"$101,481.93",$635.28,St. Clair College of Applied Arts and Technology,V.P. Academic Operations,1996,27e6913ebeaf1516c908b6956cb38df54c67d45e68d877783c0897b54de707bb
COLLEGES,"$120,711.76",$893.28,St. Clair College of Applied Arts and Technology,on Secondment to ACAATO,1996,60b8e068957f9a9bc0e48ac9af61c396e80756045719d812873bb4ebfd04d7d6
COLLEGES,"$122,725.86",$901.55,St. Clair College of Applied Arts and Technology,President,1996,1999268171f4434b433ff4a1ce3c7962c8ad2eca5e5438bf6733b14498740362
HOSPITALS,"$109,997.02",$0.00,"St. Joseph's General Hospital, Thunder Bay",President,1996,ab2436869cc5812f059f3d26fe189918c70357b85b20f04970361e88dba2dc19
HOSPITALS,"$114,991.64",$774.26,St. Joseph's Health Centre of Sarnia,Executive Director,1996,2c3ed3288fac8cfb4584e30f6fcab6697e117e7b80e9ebe679d68f0ea64f41ca
HOSPITALS,"$160,270.60",$799.36,"St. Joseph's Health Centre, London",Physician,1996,040038d4073daa890aae9a4b90b83d0bc2d5457cfcc7dc578f119b39fe10346e
HOSPITALS,"$110,003.40",$548.68,"St. Joseph's Health Centre, London",Vice Pres/Physician,1996,0aeed221346d077ab2f6a72a03332d6543daf96d4bc7e374b5c732b088554bd1
HOSPITALS,"$107,991.00",$538.68,"St. Joseph's Health Centre, London",Physician,1996,99b2a0735777556a124fe20fdf599016e3f65212f8f1600e6ae215e054e5709d
HOSPITALS,"$105,023.42",$133.23,"St. Joseph's Health Centre, London",Physician,1996,ca4306bf733616ad5eec90aa03b8a6f81dba8ed0eaea32d49fc555843a31787c
HOSPITALS,"$127,501.07","$8,928.44","St. Joseph's Health Centre, London",Vice President,1996,a6ec2d120fe3ea88515c9626bd25fa8d60f3df6730a22537130e1619aa2e5ee0
HOSPITALS,"$119,004.87",$614.86,"St. Joseph's Health Centre, London",Physician,1996,1427d7fd37bd957d9f4f830b2ba3090e84dc3c086c9f254af511807b9c10443c
HOSPITALS,"$264,000.00","$17,530.45","St. Joseph's Health Centre, London",President & CEO,1996,3f35a32eee34b361bdd73e4a45fb3f8bbbdcd2f72351c2a16bf5be8bc309b753
HOSPITALS,"$137,007.01",$683.38,"St. Joseph's Health Centre, London",Physician,1996,013d9b9129d2273ae0cd4e0678e0711f11830bc8bea86187cf6decb248302dbd
HOSPITALS,"$122,460.00",$611.04,"St. Joseph's Health Centre, London",Physician,1996,3a3d700093ee7a7f23d4cf2f9e43f6b690b748ea5f34d1aad4cfbc35f92629ab
HOSPITALS,"$115,001.49","$9,016.92","St. Joseph's Health Centre, London",Vice President,1996,19b782ca5af1f625f6e8f92ab4e29bd6029c4d78df253ff614388bc71d6f3f44
HOSPITALS,"$131,137.59",$654.68,"St. Joseph's Health Centre, London",Physician,1996,f3071c17c90b55f4597f0fb0c6fc69f9e0e50ab2ead9a89375399700d3ea4c7f
HOSPITALS,"$209,277.48",$899.12,"St. Joseph's Health Centre, London",Physician,1996,39436ed7b7303e8eaaae2b89e42f16427d22162d9722f7e0246b8b3c2eced0b9
HOSPITALS,"$134,335.59",$669.62,"St. Joseph's Health Centre, London",Physician,1996,cc7009824a2a5b98e9980863a7df172a8c57a24237b223dca291451e478cd286
HOSPITALS,"$160,270.61",$799.36,"St. Joseph's Health Centre, London",Physician,1996,5b6f8b67338509969fbc93725dba5ff5190fe505597b8c4b8fe1b4fe1a309e3b
HOSPITALS,"$108,069.00",$538.68,"St. Joseph's Health Centre, London",Physician,1996,de067aab9b3a301b185d51801c79c002243cb6a70ecea3efaf88c3e5eb3a22a3
HOSPITALS,"$160,270.60",$799.36,"St. Joseph's Health Centre, London",Physician,1996,273734139fe5eb1dd2a1f5fbf2848eacadbe25dee4e76d16044978ac7c47369b
HOSPITALS,"$105,000.01","$9,379.30","St. Joseph's Health Centre, London",Vice President,1996,b1ce90a6858ee69168f966b07b48a5ea556260063b3daf1f5d333e2d498e3aad
HOSPITALS,"$128,427.00",$640.92,"St. Joseph's Health Centre, London",Physician,1996,21dcacd39abc8952ae220779c008b54e89429a1a5e05652e6f82910d36a7a7b0
HOSPITALS,"$133,010.00","$1,600.00","St. Joseph's Health Centre, Toronto",Acting Pres/V-Pres. Corp. Serv.,1996,3cfa8282793ad6ba87ad046d9dca7fa72af9b5c856f6aca08ada89d486500947
HOSPITALS,"$127,391.00","$4,892.00","St. Joseph's Health Centre, Toronto",V-Pres. Patient Programs,1996,4884b0a728d9cc60111d292fce13b39ac90c0339f5045cd70e55032ad95ad3fe
HOSPITALS,"$150,000.00","$1,600.00","St. Joseph's Health Centre, Toronto",Director of Microbiology,1996,032a66e518931a6ee729c07e572c61f38ae197c0cc1e5fdcc34573867d85ff21
HOSPITALS,"$150,000.00","$1,600.00","St. Joseph's Health Centre, Toronto",Pathologist,1996,09301d1c643412dba69e4b5923f49dda0a4e6e54097715d990b7588cffa9938b
HOSPITALS,"$150,000.00",$0.00,"St. Joseph's Health Centre, Toronto",Pathologist/Assoc. Dir. of Lab.,1996,ca0a9a4295ae6885eb54b370c130a34c218612061164f03dcb1ae3a12c9d0490
HOSPITALS,"$197,000.00",$0.00,"St. Joseph's Health Centre, Toronto",V-Pres. Med. Aff/Dir. of Lab.,1996,e04282a1a518e20390dfcfb0fe594f81d1d29d9bfda0655429ee03f975548ce6
HOSPITALS,"$205,434.00","$6,617.00","St. Joseph's Health Centre, Toronto",President & CEO,1996,dd2ddb52f5f1cca7289d0d0ae1d5521313ae80b5e4727679185cb819ce5872e2
HOSPITALS,"$150,000.00","$3,410.00","St. Joseph's Health Centre, Toronto",Pathologist,1996,bad94b80396d42c1016de805cac640c1eebd367589023041693747d0c07ea7d3
HOSPITALS,"$107,244.28",$653.76,St. Joseph's Hospital & Health Centre,Executive Director,1996,b53a32b3a1a1e87adcc3670452c85ac1a4421dcfd9c6b636c86eacabe68b1be1
HOSPITALS,"$134,999.00",$831.00,"St. Joseph's Hospital & Home,Guelph",Chief of Pathology/Dir. Lab. Medicine,1996,47c5815c38544a790e8d4bd17dd678a4220fdbf93fdbac94c99ce1abc622859f
HOSPITALS,"$119,175.00","$7,363.00","St. Joseph's Hospital & Home,Guelph",President & CEO,1996,c9f97a6db510d5518fa3379f4c2edc22d88d6bd20b8702b88426db72b406e896
HOSPITALS,"$105,826.00",$985.00,"St. Joseph's Hospital, Brantford",Chief Executive Officer,1996,a6588208f83508e9db5cba9dd5de3eb3d181c0a649373890b5d4e19ba76c3bcf
HOSPITALS,"$146,356.00",$866.00,"St. Joseph's Hospital, Hamilton",Pathologist,1996,521fb9ad40c21c3a77337efa6655ea3f62f09ae7125e653cb4a02d37e58d55d3
HOSPITALS,"$182,259.00","$1,084.00","St. Joseph's Hospital, Hamilton","Director, Laboratory Services",1996,b4164e39a10d4e41ed717d842a01741fa2e3f4c7482a99edb501bd02424a2052
HOSPITALS,"$120,335.00",$714.00,"St. Joseph's Hospital, Hamilton",VP-Finance,1996,6e86897da374ba5c5ff7ab27686399543446ca085f9930424c5437ee011905fc
HOSPITALS,"$136,628.00",$809.00,"St. Joseph's Hospital, Hamilton",Pathologist,1996,0e577e64e4895552e7b0f8ced9627684281d77f3b70e4576fe9e3e33312504c7
HOSPITALS,"$110,948.00",$657.00,"St. Joseph's Hospital, Hamilton",Scientist,1996,ecaa7e4f0f80b6f357e0b3256fd61c4af31660a87c36c9995b588bf5836e85bf
HOSPITALS,"$212,946.00","$3,619.00","St. Joseph's Hospital, Hamilton",President & CEO,1996,bf3ba09067d9212927c14d850b2bebb9ce9334efc869e7b4d81346278c05a877
HOSPITALS,"$152,828.00",$906.00,"St. Joseph's Hospital, Hamilton",Pathologist,1996,c9d4d29cd93503c92adfe7899654e2e1663262f05a9ab05668bfe1c8b3314a04
HOSPITALS,"$141,581.00",$838.00,"St. Joseph's Hospital, Hamilton",Pathologist,1996,d812d70b15ebd23f3ef67ed557b279b5e1563a8f7c6492e7a958ed4013420779
HOSPITALS,"$111,459.00",$661.00,"St. Joseph's Hospital, Hamilton",VP-Patient Services,1996,c7381c20ced37c5c58908fd736ff995ca22767f97ffd0b5ca89475252ee9ee9d
HOSPITALS,"$144,989.00",$864.00,"St. Joseph's Hospital, Hamilton",Pathologist,1996,373e20b9f591d0d80b722988da5317459daa23c3e425c8e62a95df184a15a7eb
COLLEGES,"$123,525.00","$9,695.00",St. Lawrence College Saint-Laurent,President,1996,c262d0286072606b3b6cbbf8ab15196e19e7b028cf51daaa7f1c43f013e15f83
HOSPITALS,"$131,480.00","$6,027.00",St. Mary's General Hospital,President & CEO,1996,e8c7af21784c443bf61ae2060d49645fd6ce2048336eea747f9841d0ecc97787
HOSPITALS,"$164,583.00",$794.00,St. Mary's General Hospital,Pathologist,1996,b44d8476bd7493198b4fb1fdbcc4c90f7dc89375113356a6850aa53d5e7d5b9a
HOSPITALS,"$164,816.00",$795.00,St. Mary's General Hospital,Medical Director Laboratory Services,1996,9664b3308180bacfa9ae5ff16407e6262d516482385ca2bf57ed0e0978108c51
HOSPITALS,"$209,800.00","$14,124.00",St. Michael's Hospital,"Executive V.P., Chief Medical Officer",1996,75295b4bccba9db9f56e08e2e2577d7b2d8283eaa64d48daa4f748fcfe3af345
HOSPITALS,"$107,153.75",$350.28,St. Michael's Hospital,"Dir. of Research, Obstetrics & Gynaecology",1996,71a23b09859e41b9171e6599dfd489dd0c1f25e50fe50e723d38115daadaf435
HOSPITALS,"$141,200.74",$461.40,St. Michael's Hospital,Neuropathologist,1996,45807ef58a5ca05795a56f48ca6ef337594108f7d91a33a32fa4d5673be942df
HOSPITALS,"$148,434.00",$202.10,St. Michael's Hospital,Pathologist,1996,6c2da5864069a6cd40b70a3afa3494a2f99fc8cfc5b301eef68eed5059d26b4c
HOSPITALS,"$141,200.74",$461.40,St. Michael's Hospital,Pathologist,1996,14d41a60eaae8bb59c518367bb5b7d1d19264a92b6eff7fe3fbe15e78105ad8a
HOSPITALS,"$119,859.00",$389.39,St. Michael's Hospital,Pathologist,1996,e408a78d8307956a904425e7da5de994988eb51091712dd66bf5d8379e84437c
HOSPITALS,"$148,434.00",$485.04,St. Michael's Hospital,"Director, Blood Bank",1996,3fa57134ec3330108dd5d6ab7cdd59e0df4af96fa4a57c3f940bac4b1374c4b1
HOSPITALS,"$141,200.74",$461.40,St. Michael's Hospital,Pathologist,1996,bcb92c9a27f18bd01ed9d0a3b59c6b62dfdc3d69a0b54a2bd1b2f477f7b980cd
HOSPITALS,"$110,438.23",$0.00,St. Michael's Hospital,"Director, Haematology",1996,a5bd0e3a8e8c926978d300b936d9767cb94645b9aa4eac0b918ce7dfd4f6d001
HOSPITALS,"$144,615.00","$8,653.00",St. Michael's Hospital,"V.P., Corporate Serv., Chief Financial Officer",1996,de9c3573be5889e9111faae3402b69bdb2e2ba54f7bceb3109331c69eda84fae
HOSPITALS,"$141,200.74",$347.88,St. Michael's Hospital,Pathologist,1996,257bf7fd2ea5dbe94858cffd7c7f06b513ed3ee7a23a978ffd7c6a0ded9d5343
HOSPITALS,"$243,269.00","$21,286.00",St. Michael's Hospital,President & CEO,1996,2cc5efbd7b7bcce9a213b5f800f3fee818215eee88147fb346c884b0d2e715f3
HOSPITALS,"$120,587.00","$8,438.00",St. Michael's Hospital,"V.P., Patient Care Programs & Planning",1996,d6fa03c0a64d2400102586be0e26fff08432f372acb81ac6aafaf702ea87aac5
HOSPITALS,"$126,827.00","$9,958.00",St. Michael's Hospital,"V.P., Patient Care Programs, Chief Nursing Officer",1996,81c23e3bae0a717c4d25bb8295e0429ef0979378fdaa0214b8cd480cec98960a
HOSPITALS,"$141,200.74",$461.40,St. Michael's Hospital,Pathologist,1996,860c2e1da45dc32c77cf4e96336259525c894056594f639fca41ef6b935b6e15
HOSPITALS,"$159,600.00",$0.00,"St. Peter's Hospital, Hamilton",President,1996,ab3e86788437eb6aaac5b58318037ad7063c8aea0caf495529a39f9f4f092fb9
HOSPITALS,"$122,493.00",$644.76,"St. Peter's Hospital, Hamilton",VP Clinical Affairs,1996,8a2d5562a32d253a9518231718ee7b852d4cace488cedaba8efe473c1cdd4127
HOSPITALS,"$148,495.00",$811.00,St. Thomas Elgin General Hospital,Pathologist,1996,ba95632a3e8973861ee2603fd6164aa5a41f35542b80a45fdd93bfb92b384ba1
HOSPITALS,"$141,215.00","$1,493.00",St. Thomas Elgin General Hospital,President & CEO,1996,206ee927d48330f5b14e6c300588709eca0f82e379acee6ff998aed885b3e545
HOSPITALS,"$148,495.00",$122.00,St. Thomas Elgin General Hospital,Pathologist,1996,46c2914fe2882deae5c02a4e4e2d3c73045ba3c900e1ce75ee8bee6b0f5aa644
SCHOOL BOARDS,"$105,660.00","$6,670.00","Stormont, Dundas & Glengarry Public School Board",Director of Education,1996,d9e0cd5872f666e9d07da52129874c1c75377a1069aae26c2edb359846cf5e60
SCHOOL BOARDS,"$101,186.00",$668.00,"Stormont, Dundas & Glengarry R.C.S.S.B.","Deputy Dir. of Educ., English-Language Section",1996,9e08845eeeac321701b1217a395555642c4522901a112c7bdf371b27d5173295
SCHOOL BOARDS,"$101,186.00",$668.00,"Stormont, Dundas & Glengarry R.C.S.S.B.","Sous-Directeur de l'education, Section de langue francaise",1996,75353ba831aade512e99a4c8e8e04108174735f50749793338670b3edba181ab
HOSPITALS,"$115,769.67","$1,592.88",Stratford General Hospital,Chief Executive Officer,1996,10667cc872fa4d63e080d4045b833bfe11906bffe8005d82598c27f3a064cfca
HOSPITALS,"$108,518.00",$554.00,Strathroy Middlesex General Hospital,Executive Director,1996,ecd491de5a91a96bcff94fd21699dd06da0a799c2b71504ff0f361c168fdeffb
OTHER PUBLIC SECTOR EMPLOYERS,"$141,338.00",$521.00,Sudbury & District Health Unit,Medical Officer of Health and Director,1996,ba24fb92cb15331326e3b91ea79c2c911c65af22530bfb9af3691262f67ba328
SCHOOL BOARDS,"$105,315.08",$497.64,Sudbury Board of Education,Academic Supt.,1996,c0b7f0607b445cc0a9ef4cf366eab9b9b8b833ac6967cc1364409a15a0aaccbf
SCHOOL BOARDS,"$110,420.96",$520.26,Sudbury Board of Education,Supt./Sec. of the French Language Section,1996,7cd213c6da7dc9ea1b5bccf39f68ba3c1c2d65b1a185490a9568a16689aee52f
SCHOOL BOARDS,"$116,263.94",$542.88,Sudbury Board of Education,Dir. of Education,1996,17348fba8f3e22486e289b19a7ecf07a05f8f31dcccc25240c536df59af918c5
SCHOOL BOARDS,"$105,315.08",$497.64,Sudbury Board of Education,Academic Supt.,1996,f663dd1fabad17bead12768296bf5b28add575c6374089017c7e4c0317af4436
SCHOOL BOARDS,"$110,420.96",$520.26,Sudbury Board of Education,Supt. of Bus. Adm.,1996,42276917f919156b23b7ccbd0630ad4c5b953b7b74715f8b8c47703a8072e6de
SCHOOL BOARDS,"$105,314.84",$497.64,Sudbury Board of Education,Academic Supt.,1996,b674d8b6208cfa0c047b53fd705f6f9f7099b742b1da8cc55eb56a936d54c6ec
SCHOOL BOARDS,"$105,315.08",$497.64,Sudbury Board of Education,Academic Supt.,1996,d1f08464e8a85eb8c1ef8d2a0ae54cb380ad8372c981ea740545dafe6efaa504
SCHOOL BOARDS,"$107,635.00","$5,317.00",Sudbury District R.C.S.S.B.,Supt. of Bus. & Finance,1996,80255c8a8997bc5e359d346b5dfa005c7914d82703306cc6370ca2532e3c4338
SCHOOL BOARDS,"$109,473.00","$5,209.00",Sudbury District R.C.S.S.B.,Area Supt.,1996,95520a08b326679e21c118bbd23de477b4f45c4d914be8e733d6c9bdc1bcd6c2
SCHOOL BOARDS,"$101,083.00","$5,270.00",Sudbury District R.C.S.S.B.,Area Supt.,1996,670cd000e4544695bb4ea3e59ae3002e4e17415a8e52db92cbb1f3bc17f659c2
SCHOOL BOARDS,"$101,083.00","$5,363.00",Sudbury District R.C.S.S.B.,Area Supt.,1996,99e5175634913daa83a3d74a44bae38c46b288371b44efbb4c021d7179e3d0ca
SCHOOL BOARDS,"$101,083.00","$5,270.00",Sudbury District R.C.S.S.B.,Area Supt.,1996,fb65d9cd591a92e6e2d1f97f983370f4aff4b578ae150fd1a279919b30b6e8c6
SCHOOL BOARDS,"$130,415.00","$5,364.00",Sudbury District R.C.S.S.B.,Super. Eng. Schools & Assist. Secretary,1996,6adc1c2cd9a89943173faab1688bb3158bb5f627b5e623b510c6639e074af92a
SCHOOL BOARDS,"$120,903.00","$5,415.00",Sudbury District R.C.S.S.B.,Dir. of Ed. & Secretary of the Board,1996,172d8799509c76d50fd5cc52f2b2c8b9979012a737016a5c914a902ac78e74a8
HOSPITALS,"$109,579.33","$1,724.28",Sudbury Gen. Hosp. of the Imm. Heart of Mary,Executive Director,1996,f33e482ca33513a6d8ca2b22a351b6fb1185a636c6fac583219bb966744e9bb2
HOSPITALS,"$103,213.80","$1,664.76",Sudbury Gen. Hosp. of the Imm. Heart of Mary,Associate Executive Director,1996,161a034fe255fdb848b124478b4020f4802eff9765094488c4a50b1421192e53
HOSPITALS,"$113,035.00",$677.00,Sudbury Memorial Hospital,Executive Director,1996,23165072f772a09813aa62b31ea8bd8b255126087a573c1c0182a5689adb9b8e
OTHER PUBLIC SECTOR EMPLOYERS,"$112,144.00",$983.00,Sunnybrook Health Science Centre,"Director, Research",1996,b0a4bb2b654d6db70e254edcbbce1c24e9736175bbde20a54fd7155b8e6333c6
OTHER PUBLIC SECTOR EMPLOYERS,"$226,451.00","$77,173.00",Sunnybrook Health Science Centre,Chief Executive Officer,1996,ba9e313042d7f320bca740f1acc2054c5078fec59fcb84dafe9de241276d70de
OTHER PUBLIC SECTOR EMPLOYERS,"$200,000.00","$7,123.00",Sunnybrook Health Science Centre,"Director, Laboratory Medicine",1996,0f2e3997d3f9171c51b7d688862f8e8f6b1ba1dd8a44261a92691063d5d7ba87
OTHER PUBLIC SECTOR EMPLOYERS,"$130,811.00","$1,046.00",Sunnybrook Health Science Centre,"Director, Research",1996,36efe2a0f5562a2d834ef93d32a03d1b335a1c6dae8498140d0b9954ebaa45be
OTHER PUBLIC SECTOR EMPLOYERS,"$152,024.00","$46,900.00",Sunnybrook Health Science Centre,"VP, Research",1996,7065406bad257d6e69bf4a9f55c5e5138131ebc1a2a9f06a2a0f6674c4576c7f
OTHER PUBLIC SECTOR EMPLOYERS,"$124,570.00","$1,021.00",Sunnybrook Health Science Centre,"Director, Research",1996,b035003f7a348786594d3de2f7712034b1aa733cda2e6e4852555e303474fd21
OTHER PUBLIC SECTOR EMPLOYERS,"$112,820.00","$10,351.00",Sunnybrook Health Science Centre,"Director, Info & Materials Systems",1996,27bac2f1296855509f7d4251bd961c48f5fc27c33592e0168ab013c427151969
OTHER PUBLIC SECTOR EMPLOYERS,"$137,791.00","$40,283.00",Sunnybrook Health Science Centre,"VP, Operations & Facilities",1996,65bda57159aee469c382f5cbaddd58a01cd9ad134927b0d79820f89b936a2f31
OTHER PUBLIC SECTOR EMPLOYERS,"$109,860.00","$4,345.00",Sunnybrook Health Science Centre,"COO, TSRCC",1996,9117cb8dea20441f2f9038a79a99c22c3980a03268c4d4083a95c84a15df718d
OTHER PUBLIC SECTOR EMPLOYERS,"$109,860.00","$11,345.00",Sunnybrook Health Science Centre,Chief Nursing Officer,1996,182cabe15f8bd71d568b2f6a70373d76bb81560900c07b73e194f4779bbd96db
OTHER PUBLIC SECTOR EMPLOYERS,"$117,710.00","$45,028.00",Sunnybrook Health Science Centre,"VP, Operations and HR",1996,49a9f85a357a2370601d3358e5a6026c2ae5c75983a59240b12e89cf90526a14
OTHER PUBLIC SECTOR EMPLOYERS,"$135,676.00","$39,186.00",Sunnybrook Health Science Centre,"VP, Info. & Corp., CFO",1996,6cb201a34bb60b5860b40edea6de389a3272cb09c9baf58fc0d43272a33e8a97
OTHER PUBLIC SECTOR EMPLOYERS,"$103,109.83",$207.24,Surrey Place Centre,Psychiatrist,1996,9ffdd20089f37355df8b0990e36121f0369a9f5ef3eacb3a2d774c667ec388b7
OTHER PUBLIC SECTOR EMPLOYERS,"$149,909.83",$300.24,Surrey Place Centre,"Dir., Biomedical Serv. Research and Education",1996,1394d60c28f44f595214d4ece7f784633a75769789e8d52a18f465ae72e3fad5
HOSPITALS,"$104,475.00",$655.00,Temiskaming Hospital,Executive Director,1996,378084e6f08777a3d10d51d49235dfb68fb4922a69530d765a2824ea9a4275c9
OTHER PUBLIC SECTOR EMPLOYERS,"$103,382.00","$10,334.00",Thames Valley Children's Centre,Chief Executive Officer,1996,f6cbeaa66e8fe701a2bffb212accba9539339dd285e7778ad1561be3dad9e0c9
MUNICIPALITIES,"$107,185.00","$3,701.00",The Borough of East York,Commissioner of Development Services,1996,d30da11e5fac1daa7f94af5fb62a32a332a65353d995d6de4eaf9aa34697a5e6
MUNICIPALITIES,"$100,896.00","$2,563.00",The Borough of East York,"Commissioner of Parks, Rec. & Operations",1996,6340d67f826f47570e69cb33df9b20982a90f18d8988972739741515181df414
MUNICIPALITIES,"$120,000.00","$4,394.00",The Borough of East York,Chief Adm. Officer,1996,e59aede82b367aa1791d02c075100f87b186cc67d3cf1a8cf72e5f260d9e9250
HOSPITALS,"$128,268.39",$0.00,The Brantford General Hospital,Emergency Physician,1996,abd31160a4ce051078bcbdb8cab6620c2f2e5adc3dc3b33da32c353ee9a7a5ea
HOSPITALS,"$141,446.73",$0.00,The Brantford General Hospital,Emergency Physician,1996,1279ea2bb3f7544e58feee6424d80d2d1a86280e90fb13eaccf4bda8233bb1de
HOSPITALS,"$198,108.02","$11,675.41",The Brantford General Hospital,Med. Dir. & Chief of Emergency Medicine,1996,08564e5341e24acf424b18e06007bc40f37e3607ed3e57438c28a03b60f8868d
HOSPITALS,"$127,947.41",$0.00,The Brantford General Hospital,Emergency Physician,1996,1873afd4d7b65d1f6f9c32fc2ffca1f6b7946ac2e12bbaec70d9a0aadc5af44b
HOSPITALS,"$125,276.93","$9,243.45",The Brantford General Hospital,President,1996,eabba51a0fa55189ffcdc74d9f8e4bcb3683cff66ebf56ecd02b84d07d1a6c27
OTHER PUBLIC SECTOR EMPLOYERS,"$108,771.00",$309.00,The Canadian Hearing Society,Executive Director,1996,39ddf204f979f12acc14cd5b8c3b696788385072b810d84399645044abb5386f
OTHER PUBLIC SECTOR EMPLOYERS,"$114,950.00",$314.00,The Canadian Institute for Advance Research,"V.P., Development",1996,f8429794a5e1d13a3c6a2dab05a2779b8ffa25c44df3667de968b65b36b85719
OTHER PUBLIC SECTOR EMPLOYERS,"$106,574.00","$5,934.00",The Children's Aid Society of Ottawa-Carleton,Executive Director,1996,c8b4207fd0090c2c08e724798c4d77bd9a4d5696c3c57830607daa2c4e41975f
MUNICIPALITIES,"$128,037.00","$4,255.00",The City of Scarborough,Medical Officer of Health,1996,4f7e76a2b8e4b0d2a33433e29f239dd08772c2431eab96a8919bb2db662feaa4
MUNICIPALITIES,"$116,919.00","$4,213.00",The City of Scarborough,"Commissioner of Recreation, Parks & Culture",1996,47a0b3dca316971fd214d667ab13fe93bcb16ffdd7bdc0bc930fdbe39e77a3ea
MUNICIPALITIES,"$105,061.00",$668.00,The City of Scarborough,Fire Chief,1996,f5bfcf95aa70836200097450da83fe6a8c58b04c68f487a11b33e92eacab12f2
MUNICIPALITIES,"$120,819.00","$3,889.00",The City of Scarborough,Commissioner of Works & Environment,1996,ca089fb1ca03744efd48dd0d3e85a28592df6ee78bf50ed6241f2c9b496f0457
MUNICIPALITIES,"$105,884.00","$3,500.00",The City of Scarborough,City Solicitor,1996,573d24e4828b219eec77209c6f503df63a6fbc475b6426b6c0b738597f607e78
MUNICIPALITIES,"$105,344.00",$637.00,The City of Scarborough,Commissioner of Planning & Buildings,1996,bd2cd93663058b808a42b502a0817aba0ed4d32c482aece6d5317220cb2e6323
MUNICIPALITIES,"$103,410.26","$1,370.00",The City of Stoney Creek,Chief Administrative Officer,1996,514a067cfde4b90d0a10be80d37d8c958104757409d5d51e2d17eaea0eda7834
MUNICIPALITIES,"$139,351.33","$6,853.00",The City of Vaughan,Chief Administrative Officer,1996,248c34539db3054b5ba32e748727ebe83e7ab429739d68e1800a34ee694ca572
COLLEGES,"$115,875.22","$13,997.78",The Confederation College of Applied Arts and Technology,President,1996,ad68bf5e27576f77267a363c15e0da72d5cdf0baa88a9a7ad5375908d7f1dd25
MUNICIPALITIES,"$102,011.00","$2,137.00",The Corporation of the City of Brantford,Chief Administrative Officer,1996,5bf6086ceb7064ac4e2d3f3c521c45d4fac9805598277a0a18be4acb3c7a1bdc
MUNICIPALITIES,"$100,438.00",$740.00,The Corporation of the City of Burlington,Gen. Manager-Business Affairs & City Solicitor,1996,96affb7910a7270aa8ed5f9b1e44b59ef1537c10d99e451719716409778e0b8b
MUNICIPALITIES,"$107,291.00",$783.00,The Corporation of the City of Burlington,City Manager,1996,e3742fe2c014b5a058dd82cfd2b4d61cd7bfebf29fbf4f4769b3b5bca8343eae
MUNICIPALITIES,"$100,936.00",$740.00,The Corporation of the City of Burlington,Gen. Manager-Community Srvs,1996,34b7f63c82a112045f9a51e967a25003a0a53d57dfd7b0870e263ee7de2b6757
MUNICIPALITIES,"$103,801.00","$1,660.00",The Corporation of the City of Cambridge,Chief Administrative Officer,1996,a658c6c875ba949072d259ef8916925acf1e24371a6ae47a52df7fc1f651d09c
MUNICIPALITIES,"$110,655.00","$3,147.00",The Corporation of the City of Etobicoke,Commissioner-Urban Develop.,1996,ddb95e243a315c420c8cf75cd0b2a3e8d27405df842a230b4b4f4e42342f20c6
MUNICIPALITIES,"$101,350.00","$2,883.00",The Corporation of the City of Etobicoke,Dir. of Building Regulat.,1996,e15ba187053c0fa7c668db677e28f548b322767b7822ea532bda254448da6e71
MUNICIPALITIES,"$103,433.00",$952.00,The Corporation of the City of Etobicoke,Fire-District Chief,1996,616b638a5e91aa60637f1f5e066bd6f886854d77a6076bd59f8bd64186875e6c
MUNICIPALITIES,"$128,800.00","$3,664.00",The Corporation of the City of Etobicoke,City Manager,1996,f8366e3d0525c57a140fef4eab2aa18d965cb69b0466ad02cb8ca61136524682
MUNICIPALITIES,"$110,655.00","$3,147.00",The Corporation of the City of Etobicoke,Medical Officer of Health,1996,fe5cf9eec78c7f5c54553440b9cd908a3053d0694716c8d9bd4379de3c66971b
MUNICIPALITIES,"$104,475.00",$952.00,The Corporation of the City of Etobicoke,Fire-Distict Chief,1996,26e325d74f1e1b8e3280cc3dd0484cedd28ac486e01535ee1fb91c3051452ca9
MUNICIPALITIES,"$110,655.00","$3,147.00",The Corporation of the City of Etobicoke,Dir. Business Dev. & Corp. Aff.,1996,21381e3f18f4651a5e71a912cbcb9dc0217406e311da15758c4bf9029905c849
MUNICIPALITIES,"$109,985.00","$1,015.00",The Corporation of the City of Etobicoke,Fire-Chief of Communication,1996,a680a8db92ec3aeee0804f2ebe962679d92e11ba8c75df9feb08f0c600c9626c
MUNICIPALITIES,"$103,928.00","$1,015.00",The Corporation of the City of Etobicoke,Fire-District Chief,1996,fc734511dbbb26ef254aea9b2c1f030e3d7d37b852540ab0317bad51b834eb3a
MUNICIPALITIES,"$101,350.00","$2,883.00",The Corporation of the City of Etobicoke,Fire Chief,1996,c8dd2153a0e7fa9dd18c6feda7bb826b4e12a59916c41f9e3de6f73ef992df60
MUNICIPALITIES,"$110,655.00","$3,147.00",The Corporation of the City of Etobicoke,Commissioner of Parks & Rec.,1996,c83a5f6af209cff84f324793cb08576c591382252bf6079d85e8954306e5398b
MUNICIPALITIES,"$111,282.15","$1,017.00",The Corporation of the City of London,Commissioner Legal Services & City Solicitor,1996,b9d795f1d5515adb13e028df625dad88d303a57b35a00c8f3e2fcfad941cf675
MUNICIPALITIES,"$111,644.36","$1,021.00",The Corporation of the City of London,Commissioner Planning & Development,1996,72aa4dee4522bbd36e088e1491f310de86d98d540fe41ed00867663fae6144f3
MUNICIPALITIES,"$137,979.63","$1,264.00",The Corporation of the City of London,City Administrator,1996,5bca118b6c803a9d972a47b872d968a6c4def4af2d20535bbc89456fcd294d7c
MUNICIPALITIES,"$111,282.15","$1,017.00",The Corporation of the City of London,Commissioner Community Services,1996,eaf81f3e8461c3ad924ab7900fa29ad7ff8027ed8b9bb67785dbb6eb77112715
MUNICIPALITIES,"$111,283.97","$1,017.00",The Corporation of the City of London,Commissioner Environmental Serv. & City Engineer,1996,28f5d3efb2e0d0bfd3227d08eaf82a7b25136fcdf86961da1891b5b3b663354a
MUNICIPALITIES,"$109,422.14","$1,014.00",The Corporation of the City of London,Commissioner Fin. & Admin. & City Treasurer,1996,9577da293c1d9715cfddfe00629e6f17a0d8b08f2e6dc0cdf0e7d5d8172b5ba7
MUNICIPALITIES,"$111,282.15","$1,017.00",The Corporation of the City of London,City Clerk,1996,92e8e10cd19b6b33318a3ddf03692782d820598ad186260346a8fdda984a7d41
MUNICIPALITIES,"$116,286.78","$13,480.00",The Corporation of the City of Nepean,Chief Administrative Officer,1996,8926200c5a5be0089ec33e73f2c7a172185a90691909156e882bc54f3d016a9d
MUNICIPALITIES,"$110,219.00",$835.00,The Corporation of the City of Thunder Bay,"Gen. Manager, Protective Services",1996,e118c3e63863719bdc0416e8834f141866c90cb9e266132ff813f0b6f055958f
MUNICIPALITIES,"$110,215.00",$820.00,The Corporation of the City of Thunder Bay,"Former Gen. Manager, Protective Services",1996,4bb7eb40da01024491c4d440fbc85b7b855d13a4c5c9f35fd0fd1f39bee8650c
MUNICIPALITIES,"$112,461.90","$2,113.94",The Corporation of the City of Timmins,City Adm./Sec. to the Timmins Police Serv. Board,1996,923ef67373ddaf2c6a45506bec04ec2cd90375b5f82d3f5ed5f193b56675a612
MUNICIPALITIES,"$111,119.82","$1,261.44",The Corporation of the Town of Markham,Commissioner of Community Services,1996,e1f61ce3e80c12879a363c299703ee61330ea34c8d545da3109d1037928332ba
MUNICIPALITIES,"$128,935.59","$9,666.84",The Corporation of the Town of Markham,Chief Adm. Officer,1996,3c47c93ed5702b1437d93bbd90500d210d1dc64b4b235ab67c8c55f90e263aad
MUNICIPALITIES,"$111,119.82","$8,511.00",The Corporation of the Town of Markham,Commissioner of Corporate Services,1996,84ee3d23a722e9402af15d2fe64a9a507334b3568b97d92cd1d79dde2b55d560
MUNICIPALITIES,"$108,125.32","$7,613.01",The Corporation of the Town of Markham,Commissioner of Development Services,1996,2a1e56d3faf31e5c45830921d5b08c38c9ad341d212e768dbe8474c418f03cfd
MUNICIPALITIES,"$100,595.04",$894.00,The Corporation of the Town of Whitby,Administrator,1996,2021b9d15e05a7e54f0d0832cbacb82e1ec4be66a88bffe230b8153a0154ae6d
HOSPITALS,"$158,570.00",$257.00,The Credit Valley Hospital,Pathologist,1996,2355fca936cb2b2a3fcb2a47fc9d5160f65bcf88e4177005fd9a3a46c8ea5f9c
HOSPITALS,"$158,570.00",$257.00,The Credit Valley Hospital,Pathologist,1996,1c15a7c9c0edb71b94b2aaa7d24764032e8cc24adfeca76794517a884c4038d4
HOSPITALS,"$172,380.00","$7,211.00",The Credit Valley Hospital,President,1996,3dcbc8b9ae6c474df4d0bf3a6417b27cfc50cacbf0c0142ae236f8edcf3a81aa
HOSPITALS,"$158,570.00",$257.00,The Credit Valley Hospital,Pathologist,1996,96c92f2910a1992b50eedbb077eb3343ca146583d528081dc7452f3160f6e3ed
OTHER PUBLIC SECTOR EMPLOYERS,"$100,695.00",$428.00,The Dellcrest Children's Centre,Executive Director,1996,401d45ff3c13e1bf2c010f70833eed12e8652aff2d9e2a06aa4955c2a4e1c889
HOSPITALS,"$111,059.00",$999.00,The Doctors Hospital,Senior Vice-President,1996,fe6e5aa7061f08750df18b2a4b7e634f77ea553ff4cf138739838b921847bec0
HOSPITALS,"$213,276.00","$12,572.00",The Doctors Hospital,President & Chief Executive Officer,1996,f7e381af5953fe98ad9bf05133d70073c98179d34fb294a6bb876ea015bb39c9
HOSPITALS,"$195,000.00","$31,222.00",The Donwood Institute,President & Chief Executive Officer,1996,c71d0a9ca0d58ad33e8aaaec62ad16987954bd4f38002e4de5f54347c77ed238
HOSPITALS,"$130,000.00","$10,483.00",The Donwood Institute,Vice President - Medical Services,1996,8a26ac66569952990f4ca256f4c9c2332cfbd2caab306f212c1f83e8081b7ba4
OTHER PUBLIC SECTOR EMPLOYERS,"$152,336.00",$668.85,The Grey Bruce Regional Health Centre,President,1996,f0647f2b5c42de1fba14e1e12cddac3f3981d7b39a70703240deec730be78ff0
HOSPITALS,"$118,992.00",$465.00,The Hospital for Sick Children,Physician,1996,a470cead561f124d695dca0206befb2f16fad5716fed94810ff5f0cb7f2f274f
HOSPITALS,"$150,952.00",$516.00,The Hospital for Sick Children,Radiologist,1996,1215e610a7243c4a9221116d9b5d7786aec8007e9e16255e9276d5677ba48bbf
HOSPITALS,"$107,116.00",$26.00,The Hospital for Sick Children,Chief of Public Affairs,1996,79e7944bfb374e75958e7c4d552b4de840461a355192bae978c84b8f600ef386
HOSPITALS,"$159,487.00",$516.00,The Hospital for Sick Children,Physician,1996,b04b4dc9e1d08f6728e1747f827660fd851b8b7d6310864669895a3be5d45e95
HOSPITALS,"$149,659.00",$516.00,The Hospital for Sick Children,Radiologist,1996,f0e34fe57c38080c464f67eb439a21d47eb6c445e1679cbf7656743289a43a03
HOSPITALS,"$137,137.00",$516.00,The Hospital for Sick Children,Radiologist,1996,d226fcf5aafb5363d07c2d66919075a810c0c8ea2ab7799fe5bcf9441631d06d
HOSPITALS,"$169,613.00",$516.00,The Hospital for Sick Children,Radiologist,1996,28061d006df4ac19a6f29a4949fa103c92c96e64f701eaaab1f59da0249ff2cc
HOSPITALS,"$262,608.00",$516.00,The Hospital for Sick Children,Chief Critical Care,1996,0a43b9842bc772d6e9bca8a4700b9573d370e120782ed2adf5bf54fbd5ec338f
HOSPITALS,"$248,084.00",$516.00,The Hospital for Sick Children,Chief Paediatric Lab. Medicine,1996,70804e9303938529bd75813e3d8187e7e260e71f3aee4e1a23356c77cdb46037
HOSPITALS,"$113,404.00",$468.00,The Hospital for Sick Children,Physician,1996,ec6dae8d1dcbe586614bade6471b165d982620a2ee0e91b14c2327a59ba447be
HOSPITALS,"$130,310.00",$516.00,The Hospital for Sick Children,Physician,1996,2dcc7e6bc76b1103bf5f297758033e994c3b4b83226cf77478d028e179c5bb1e
HOSPITALS,"$170,538.00","$9,686.00",The Hospital for Sick Children,Physician,1996,8773da63a420bdea7b32bd8b3e0ada2eafbad10df8a61523b53eb29d67d4c80c
HOSPITALS,"$119,691.00",$498.00,The Hospital for Sick Children,Physician,1996,a68a660c9be76596ec98dc6e55140401e518f4a00f110bf711e5cf9f18b72770
HOSPITALS,"$132,660.00",$516.00,The Hospital for Sick Children,Radiologist,1996,4bcb9dfc3282f675cde0b71c38bbe9c59d9ebe63e0d970cdf77a1f0086781188
HOSPITALS,"$162,625.00",$516.00,The Hospital for Sick Children,Physician,1996,63dbd7472aa11edf4bec76d550c96d51646b403eaf3cab52f9a2f1b09dfe62e9
HOSPITALS,"$102,813.00",$428.00,The Hospital for Sick Children,Physician,1996,147f2901256188b244510bd88e82cd9005b1f3acb670e499aa786303989dde24
HOSPITALS,"$116,143.00",$516.00,The Hospital for Sick Children,Psychiatrist-in-Chief,1996,f6aaab9fc6da37620c0743124002d07b00ace541118f7fefac8808a64c9c9ef4
HOSPITALS,"$193,541.00",$516.00,The Hospital for Sick Children,Director Research Institute,1996,2c4ad034742a14cabfcef495711d5d47f101d0b728ef0b80d93d0677f1f299cc
HOSPITALS,"$145,191.00",$516.00,The Hospital for Sick Children,Radiologist,1996,1226d6bb656ced42424632021d8e9b7755b86d64c9abd62aacb3cacc7e5d8dc9
HOSPITALS,"$143,563.00",$516.00,The Hospital for Sick Children,Physician,1996,f5b934c5e650e30219d0523ce69722d9f32cb8fe91fc76d06178bcedac6765e4
HOSPITALS,"$142,415.00",$516.00,The Hospital for Sick Children,Radiologist,1996,7606e6499bac1549d0433b5bffc62e5a833a35b8676d5901dd37e40ce7b13a38
HOSPITALS,"$143,928.00",$516.00,The Hospital for Sick Children,Physician,1996,67882afbcb470d7096b5314a726fd8533962a20964334807257d7d1fb52e52e5
HOSPITALS,"$129,366.00",$516.00,The Hospital for Sick Children,Senior Scientist,1996,3445eee116ec849c2923dd4444508ff0a5770c080d804b5a302289dfc0818c56
HOSPITALS,"$186,004.00","$21,042.00",The Hospital for Sick Children,Physician,1996,bb0e785c80f790319b6a184fd1b2bc70769b96e5f64a7d58c418d33bd4c067b0
HOSPITALS,"$158,115.00",$516.00,The Hospital for Sick Children,Pathologist,1996,dc753dce84bca7fac9f43d8290e953d7d21f278c04705e4226a7b5476b4f0b99
HOSPITALS,"$188,734.00",$516.00,The Hospital for Sick Children,Radiologist,1996,441e08bd2a163a22f6e419c636278fd8924a0a8774bb6adab161ec6c25fc474f
HOSPITALS,"$100,810.00","$13,356.00",The Hospital for Sick Children,Senior Scientist,1996,3b16f23b5d5150207c673d5622a66ca052495099f899fd187b71a8060b5c4b58
HOSPITALS,"$103,631.00",$402.00,The Hospital for Sick Children,Senior Scientist,1996,519aea163bcba4bd52a725697574037ea28fd8d06b7a08dd72c53ad25a63eaff
HOSPITALS,"$135,360.00",$559.00,The Hospital for Sick Children,Physician,1996,8e5c964b2dcdc7fda19f2301965e12b5141dac0f71f4a2fa7ada751b6bcfa98c
HOSPITALS,"$104,904.00",$436.00,The Hospital for Sick Children,Physician,1996,51bfa589c0fc275d3e89c6522a4b012ca79acfccfad340cd65a6ae2f086db922
HOSPITALS,"$190,845.00",$516.00,The Hospital for Sick Children,Physician,1996,3da9f54e03e2daefd9f126f9b0c1783503af4b511d6e763091db2e11b99d221f
HOSPITALS,"$206,250.00","$13,983.00",The Hospital for Sick Children,Vice-President,1996,7289c123dee13f07ebf20cf317bb08649d9d1f3745f2527441ba873551ed7fe7
HOSPITALS,"$157,290.00","$22,483.00",The Hospital for Sick Children,Physician,1996,33e80bb51d803b8e4225fc4a6151c24c51e53e374d9135bf1486649f887f1cbf
HOSPITALS,"$348,704.00","$39,379.00",The Hospital for Sick Children,Medical Director External Relations,1996,e7a29ebf801f28b7b6037e516a971bf66af92b92275b5667d8bba0b1c2906ad7
HOSPITALS,"$125,398.00",$516.00,The Hospital for Sick Children,Physician,1996,e30dc3750e02f5deafe36f6d2d2075f85b64a78c87361982c481a51f4664aef0
HOSPITALS,"$149,856.00",$516.00,The Hospital for Sick Children,Physician,1996,abf33625082357fa9188da126ca7a2e82e9b8357bdf2e5ed4cc162b74d2fe53e
HOSPITALS,"$181,818.00",$516.00,The Hospital for Sick Children,Physician,1996,78c91e6dfed4f33b7b1a7f2af1828f1db161873c89db2805cc6fd4a880d343bf
HOSPITALS,"$169,966.00","$6,258.00",The Hospital for Sick Children,Physician,1996,67c61dbb0fed505de54eb53da773ebf329d05e123e8e6a43e7761178325ede71
HOSPITALS,"$107,999.00",$446.00,The Hospital for Sick Children,Physician,1996,15d6e11f4fef315b8c31764d1fd349b6e906132459e134ba52149a16f3739d20
HOSPITALS,"$150,000.00",$0.00,The Hospital for Sick Children,Senior Scientist,1996,e10cad6fe30180486fd85d4c2a0c58489377b71f26678bca2f981f1c4fb7af9e
HOSPITALS,"$112,231.00",$511.00,The Hospital for Sick Children,Physician,1996,0253a94d8f56e371fe3a5755734bb28743d0db15e84c13e280b5c03d9e49c173
HOSPITALS,"$141,105.00",$516.00,The Hospital for Sick Children,Senior Scientist,1996,50156a87850edc850ff6fcd8eea68ff00b1ec71b0ee1d39e9ef282ec2cf484a5
HOSPITALS,"$158,732.00",$26.00,The Hospital for Sick Children,Chief Info. & Support Services,1996,8d5c67c6de673020c4d1d9801ee13b3b4c57c80c639922771c72dce8771338e3
HOSPITALS,"$189,735.00",$516.00,The Hospital for Sick Children,Radiologist,1996,a4d4a463eda23e41eb986303b7f4d3e4c473a3190a259aaefdbea6400850060c
HOSPITALS,"$206,590.00","$40,838.00",The Hospital for Sick Children,Vice-President,1996,af2106bac141e1c197b877c1612e80ffd7d7e4569ef2872c11d6d7a3c8f76490
HOSPITALS,"$149,999.00",$516.00,The Hospital for Sick Children,Physician,1996,3515957c3ad977fbdf014d84db24e2fce6b293fe88738f033a14ac350a2ef525
HOSPITALS,"$116,884.00",$489.00,The Hospital for Sick Children,Physician,1996,017a814c65392e06bb9c2b19aeb75b96c95b6741653ac204a3b9223d4f32d9b2
HOSPITALS,"$135,390.00",$516.00,The Hospital for Sick Children,Senior Scientist,1996,57ca82dbca35e477e307881068a3c403c97ff606e784d43f686d3c8b11f29a27
HOSPITALS,"$103,510.00",$26.00,The Hospital for Sick Children,Director Information Services,1996,9461642f876413d4913abfdd5afe6858a966136e87fd4e1ca78cba2cbca023ae
HOSPITALS,"$102,867.00",$62.00,The Hospital for Sick Children,Physician,1996,d35a400b69548df8bcad844a14602951515e76a2d84dbac7ac2e3a3dfe912af3
HOSPITALS,"$167,551.00",$430.00,The Hospital for Sick Children,Radiologist,1996,071ad77baea53d3a665f5aeda4eeb4d56ddefe9aa14ab055daeca6d370619a32
HOSPITALS,"$309,605.00",$516.00,The Hospital for Sick Children,Physician,1996,36f74a93cb3390a6c40e934327bb6d0addabd37ddca76ad8ea53e8f0739cb0a1
HOSPITALS,"$103,867.00",$429.00,The Hospital for Sick Children,Senior Scientist,1996,079f6a9062d08ccafe76a97e956a0d212cef94af6c6f71e2365518d49b998004
HOSPITALS,"$116,694.00",$484.00,The Hospital for Sick Children,Physician,1996,f0996f3fd3e12d5f6827945265d8d37ff7f2fca6c14b5bebb3861f9047160f6d
HOSPITALS,"$113,404.00",$468.00,The Hospital for Sick Children,Physician,1996,78f4f4c6070ad3e5f3b61cd3074fd860b12e7021603be3950b59b61e45772dc6
HOSPITALS,"$115,006.00",$475.00,The Hospital for Sick Children,Physician,1996,a7dbd010f87a383bd4b298db785475cc2cad68b47b4ccd466461a3ceea829a4c
HOSPITALS,"$112,578.00",$26.00,The Hospital for Sick Children,MIS Special Projects Director,1996,b172eec3e6342e33daa25d0337891c27c86fa446b189bd37472a62fc0b17ba58
HOSPITALS,"$170,728.00",$516.00,The Hospital for Sick Children,Physician,1996,08871792ef781516ed2f2a664779e3e8608df150c3d0b2c1292fdb8b9d7fd1a9
HOSPITALS,"$146,209.00",$516.00,The Hospital for Sick Children,Pathologist,1996,aca2cd0d2eb01aa5ddfdb8b315df2a560e3bcd8340930b1c67d8ed67d4ff31ed
HOSPITALS,"$121,339.00",$498.00,The Hospital for Sick Children,Paedodontist,1996,741c82b4bdd24c3ad0ba8194f2cd7da4e550df35043a76950bf7e3df9ef82688
HOSPITALS,"$171,353.00",$516.00,The Hospital for Sick Children,Bacteriologist-In-Chief,1996,d5f167fefc4570997dabbe2e650b8d563addd1dbdf0c31d4134e4bde653d6a58
HOSPITALS,"$150,011.00",$516.00,The Hospital for Sick Children,Dentist-In-Chief,1996,7cabee9bbe050615a653ab85ca65e9c6e521b9e3bd85311f29969ac496a94ba5
HOSPITALS,"$115,588.00",$477.00,The Hospital for Sick Children,Senior Scientist,1996,6476081bd577eb47fb3be222852fcd6510fa3000131153db04482313a105c43f
HOSPITALS,"$111,552.00",$423.00,The Hospital for Sick Children,Physician,1996,45d5b67a878b6295ea916a62606cb305418187260762076bb9f8d38ae8817f4e
HOSPITALS,"$171,280.00",$516.00,The Hospital for Sick Children,Physician,1996,63002ed351a8c738af515d5af5d78ec684e1a35493c0abcb01eaff9dcafd1e7d
HOSPITALS,"$113,852.00",$458.00,The Hospital for Sick Children,Physician,1996,5756a71071bf9f32b02bddca4de7e9d45ab5eecb7b11808bb1380db8431a0e2b
HOSPITALS,"$113,404.00",$468.00,The Hospital for Sick Children,Physician,1996,bdf4678053be018f207ab951241e3acab36d8202264db833ad452329faa94613
HOSPITALS,"$104,850.00",$433.00,The Hospital for Sick Children,Senior Scientist,1996,6580a5406ba7284d8918905e04fd311d523c76b82a2e0b19ef1862a98abd7a23
HOSPITALS,"$106,472.00",$258.00,The Hospital for Sick Children,Physician,1996,9da80bf0b3eb8313e1a6e6d69866c5b164b98c7a11d0b5d4c3a47b7e89eae719
HOSPITALS,"$112,258.00",$463.00,The Hospital for Sick Children,Senior Scientist,1996,969b2a6f14708a05acdf48f98a5a045d66dd81bf8764e0674132991f1e927690
HOSPITALS,"$133,600.00",$516.00,The Hospital for Sick Children,Radiologist,1996,2dfc914d7b908682195b6c796fc9340ecc7a3f16f13afa90161aa66faf4cbc9f
HOSPITALS,"$147,638.00",$516.00,The Hospital for Sick Children,Radiologist,1996,55243fa09fffe9653b23d91286d4ee8d4998fda584b125c99ce932008a9467c9
HOSPITALS,"$105,486.00",$439.00,The Hospital for Sick Children,Physician,1996,08eb1a553548c7e3537c75318a287bed9ce9b21a6c2873c922c98467de79b2c9
HOSPITALS,"$121,908.00",$503.00,The Hospital for Sick Children,Bacteriologist,1996,8faf22ea8a782b8e526ab1a31ea68334b9220418218798a8ed09dd983bcd6893
HOSPITALS,"$148,688.00",$516.00,The Hospital for Sick Children,Radiologist,1996,a9a55cac22d70dd9b2ef77f7b6813836188e80c7dffee4f51b2d06ec0c39f908
HOSPITALS,"$118,336.00",$492.00,The Hospital for Sick Children,Physician,1996,8a07083b4be1b9169b3a440d74915addee2452f8930af14fd5a465b423ff0282
HOSPITALS,"$128,946.00",$516.00,The Hospital for Sick Children,Physician,1996,8bf4668eb1122f2e162f419681f2a66d4c35a7b9990fe4daa8495a62b6326918
HOSPITALS,"$146,768.00",$516.00,The Hospital for Sick Children,Physician,1996,ec33604b7725e7dadd97dcf185417362efe9148f88375272d3505cb6d0aa8b66
HOSPITALS,"$102,376.00",$424.00,The Hospital for Sick Children,Physician,1996,d74331dd482635f0112eb8e3e58aed396b281767e74c31eca44f88dc0a4a7d82
HOSPITALS,"$134,834.00",$515.00,The Hospital for Sick Children,Physician,1996,9c4dbc9dd73461a6624b61c224548ff01e362b4470bc42407ebcad80089607e8
HOSPITALS,"$113,927.00",$484.00,The Hospital for Sick Children,Physician,1996,217540157a1bf7d88d60e7af056c6d55e677aef81776e3d518ed40dea5a0daa9
HOSPITALS,"$215,153.00",$516.00,The Hospital for Sick Children,Paediatrician-In-Chief,1996,bf0abb873d8de71dc82b8d9de8a3231797f84d339d7c12eecdc7036193997663
HOSPITALS,"$113,878.00",$472.00,The Hospital for Sick Children,Physician,1996,6217e3171a0483cd5baabab0cf0a1898a2caf9281f494a394b5d1f8f62020c48
HOSPITALS,"$120,000.00","$1,201.00",The Hospital for Sick Children,Chief Human Resources,1996,8c9441c70260241a1d47a552b8894645415f5dc09eebf0cb583aaea59e7d70a5
HOSPITALS,"$110,638.00",$457.00,The Hospital for Sick Children,Senior Scientist,1996,bcf3c0f07548181d0e5d9094fe96c00e39c6d240f6e787cd79e7199322283c26
HOSPITALS,"$114,629.00",$479.00,The Hospital for Sick Children,Physician,1996,63c6b3a75b464a66f7c06a2542a66b11dc180d9eaed1e10eb011845f4ffaf246
HOSPITALS,"$104,996.00",$433.00,The Hospital for Sick Children,Physician,1996,f0428ab3fc6e03d887ecaf3c32634649541d699c94699de7e0dd6bbd72ff2ef3
HOSPITALS,"$147,972.00",$516.00,The Hospital for Sick Children,Physician,1996,e178acff0169158c78ace712204bb3044c8ad5e74e926be15bd0b8f104a772ae
HOSPITALS,"$104,723.00",$430.00,The Hospital for Sick Children,Senior Scientist,1996,293f71064496a0cbd99af648b74876c015f2bd50b82a66fc7b017bef65ddcfed
HOSPITALS,"$122,494.00",$232.00,The Hospital for Sick Children,Physician,1996,4837e10fabb6e024387b21b694a5d7bac350d3d30562b6ebf4f242fa8776f209
HOSPITALS,"$179,679.00",$516.00,The Hospital for Sick Children,Physician,1996,f73273cd3338455ea3f65d765434ede7ae417f177803c749974d971df25621aa
HOSPITALS,"$103,649.00",$464.00,The Hospital for Sick Children,Senior Scientist,1996,d0a55203d92cae8b6f3e382b6eb9bd2384ebbc66686a04e1e09ce8c96d8f100b
HOSPITALS,"$147,795.00",$516.00,The Hospital for Sick Children,Physician,1996,6dac28635cf7820e60367c8ab8c5ae57e09b380f67c82ee8e7de0f57edad0b77
HOSPITALS,"$150,004.00","$1,406.00",The Hospital for Sick Children,Chief of Nursing,1996,39ede8a83f1f4759a71e771d2aa4732894021fd1bd6047d4a3d859aa720e46c0
HOSPITALS,"$112,326.00",$464.00,The Hospital for Sick Children,Bacteriologist,1996,6d57cf6d3e683677156f37cb7c9fb919e7fe70c5f80fbae004620e7743fa3e49
HOSPITALS,"$112,057.00",$463.00,The Hospital for Sick Children,Senior Scientist,1996,94d797914365e647118cfb476ea5c324a9e6e00bf1ad80adf27c7d6afdb0cca1
HOSPITALS,"$135,023.00","$29,648.00",The Hospital for Sick Children,Physician,1996,3077efb1ec345980cb3dcb06738357f802a5defb87c69212d4d6873e47a7209e
HOSPITALS,"$112,628.00",$465.00,The Hospital for Sick Children,Physician,1996,4da3bed8c49fdf59f3773559cdf3c43d3980786d1025c8e7f283564aed120c9a
HOSPITALS,"$101,793.00",$420.00,The Hospital for Sick Children,Physician,1996,189d20b79639fed5bf5d9e854e73a3e4ae14f910fad37363c9bf2358355415bf
HOSPITALS,"$120,593.00",$498.00,The Hospital for Sick Children,Senior Scientist,1996,10e0fe1f85cd6f948586d6e378690788ec2c47ae16b3dedcbffbdb7b22223543
HOSPITALS,"$114,414.00",$509.00,The Hospital for Sick Children,Physician,1996,e512114d5b0561ced153cde46209c289ab9aca65e67842edc4a167817ebd01fc
HOSPITALS,"$140,977.00",$516.00,The Hospital for Sick Children,Senior Scientist,1996,413bf877a57a6dde371eeed24d19911a6f8c790d7e8a7c33808d3a58a9d123b3
HOSPITALS,"$122,420.00",$468.00,The Hospital for Sick Children,Physician,1996,19c235e69d11176dff9335fde4541379a58440ef517e91fa96676d4c30102fc2
HOSPITALS,"$133,349.00",$516.00,The Hospital for Sick Children,Physician,1996,0b6a26cb39b366b4adc77217f88eddc53747d1efd61b9787645aea8a6a078ab0
HOSPITALS,"$144,729.00",$516.00,The Hospital for Sick Children,Radiologist,1996,24a85447ee8eb3e0cff2aaf1f972ebc50113c1ac5d1a33b42f2658c63c9b9980
HOSPITALS,"$162,180.00",$516.00,The Hospital for Sick Children,Pathologist,1996,a58ea1d0b223debe6f8ad3f74d380a7d65ccb679c5814ec3e69140d600b34a2c
HOSPITALS,"$108,349.00",$437.00,The Hospital for Sick Children,Physician,1996,801b60d2b2db1e8a9f5d5267365be4cbf09ef792ea1a76a8b922ebe822bb272a
HOSPITALS,"$164,801.00",$516.00,The Hospital for Sick Children,Pathologist,1996,cdcff1889058c2a4336a9a4b09b03a6955a3955e2da62e7061ec409b17230b50
HOSPITALS,"$331,847.00","$28,962.00",The Hospital for Sick Children,Physician,1996,3fdc95e44cc265a45e6b6f7a0bcead29dea91af1510f92b42b8fc75efc353178
HOSPITALS,"$134,989.00",$516.00,The Hospital for Sick Children,Physician,1996,92e788234aaad0a018a28d43a321445bdc5188f6c7d2bf828cc73c056e76546c
HOSPITALS,"$390,000.00","$86,149.00",The Hospital for Sick Children,President & CEO,1996,d903863b67ccdb38afb976cc1d6ef9ce12bb1dd7b1148b33e4c9993e3c32ac56
HOSPITALS,"$119,993.00","$6,254.00",The Hospital for Sick Children,Physician,1996,70d2647aa4d7875f6dfa2a9194c214749acb53a4fa28029b94d28965c3cee7d7
HOSPITALS,"$104,009.00",$26.00,The Hospital for Sick Children,Systems Manager ICU,1996,49a93fbf0871013bcd2b5f61deb9c1b92efcc25289b12140016975797d21ac08
HOSPITALS,"$130,758.00",$516.00,The Hospital for Sick Children,Physician,1996,5d3d44c4b969485785f24116566c8fba8e540cf1845776f0a369028914ca493d
HOSPITALS,"$168,004.00",$516.00,The Hospital for Sick Children,Pathologist,1996,5eaf5a2fb9b5bc3a42b5d193d0a64d4ece2ad4053122e30d47e3a27d5785a54d
HOSPITALS,"$102,215.00",$423.00,The Hospital for Sick Children,Physician,1996,ee9b4145707535051d68535755a3bd3873a8ee4157d4c127d6e0df52a75cc5c5
HOSPITALS,"$166,184.00",$516.00,The Hospital for Sick Children,Pathologist,1996,7bd60e7a00fd3acbae5e08c8fddc8bff3096923c866f78d34dfdd18b68bdbf1c
HOSPITALS,"$110,237.00",$455.00,The Hospital for Sick Children,Orthodontist,1996,42524d9c70aa918d96ed840b93187746c5baacb9d965bb4ee050795253307723
HOSPITALS,"$168,087.00","$21,938.00",The Hospital for Sick Children,Senior scientist,1996,e69a212e75c5e11298767c3d20a02ed7be71ea2aac3f3d94bdf1433c2a5a7b0f
HOSPITALS,"$102,064.00",$421.00,The Hospital for Sick Children,Physician,1996,aaf4e95e5cab9b977632255bedb053266a2564e5731475f037f10ca674ccc49d
HOSPITALS,"$104,434.00",$434.00,The Hospital for Sick Children,Physician,1996,b8490cb5a19ed0197678cec5136accad17c55399d15819a3993feea03ff4212e
HOSPITALS,"$350,004.00","$64,877.00",The Hospital for Sick Children,Surgeon-in-Chief,1996,7b99189efbb44425d28028ce4be69cf9df5fe051adf61ef52d4bcdd93e5fc430
HOSPITALS,"$115,916.00",$479.00,The Hospital for Sick Children,Physician,1996,7a459e6c072b960b71f8c448781893bea5b6ac07ea5231d3f4562809a4b33eb9
HOSPITALS,"$105,144.00",$438.00,The Hospital for Sick Children,Physician,1996,55acae0cfaeb9dde5b19c0073a089fb2842554d8389222c4dec7f93c8c99c865
HOSPITALS,"$118,609.00",$489.00,The Hospital for Sick Children,Physician,1996,f3fd7b028caecdaa7422d982d7cd0148c0f95d83947aecc73c1336fdcfd5dfbe
HOSPITALS,"$161,580.00",$516.00,The Hospital for Sick Children,Pathologist,1996,f2ff40ac0d164f6d58e2393a754c8032261baeca35573a9170ec045c01c81666
HOSPITALS,"$122,328.00",$508.00,The Hospital for Sick Children,Physician,1996,396566ebab900ab0146a834e53f576e552c98f27a9173f1deb086d1877aecf1e
CROWN AGENCIES,"$119,656.00",$996.00,The Institute for Space and Terrestrial Science,Executive Director,1996,845d70b8caf20e6c4d91726f08a5f31b79e96e29e43a65dd4e7fd993ca53013d
HOSPITALS,"$150,002.00","$9,098.00",The Mississauga Hospital,President & Chief Executive Officer,1996,e1cd2e0cc4ef1e3dd0239a021d99265e5b7aaa0767d487764900fcfc081895db
HOSPITALS,"$155,089.00",$0.00,The Mississauga Hospital,Pathologist,1996,e1ae8494cc8b3c597cb2fc173c8cfd2e5c9ee163147ea8631d12ba92f09ef555
HOSPITALS,"$138,360.00",$618.00,The Mississauga Hospital,Pathologist,1996,9caec0d0c3b4604a431a911500e96556921076f066b23b77f8d0080ac14ff148
HOSPITALS,"$140,831.00",$629.00,The Mississauga Hospital,Chief of Pathology,1996,9c375f548a05f8075fadb19f92c7bcd95f4b4f54b8bfcbfe70e3d52bce89ec19
HOSPITALS,"$100,000.00",$447.00,The Mississauga Hospital,"VP, Acute Care",1996,3c8462bf0f9f70c54789c87a320b1d593a5d6c81e5952cc71292d40905b97d9a
HOSPITALS,"$100,000.00",$447.00,The Mississauga Hospital,"VP, Corporate Services & CFO",1996,184d70b37a864f81f5ac37735248d5ec182cff1320f7464e92f20c60a987ab9b
HOSPITALS,"$105,027.00",$469.00,The Mississauga Hospital,"Executive VP, Ambulatory Care",1996,cc6c6b59a05a9b9833756e0aac56ae514afba26fb66b3857a80fc16983c292b9
CROWN AGENCIES,"$118,061.00","$2,612.00",The Niagara Parks Commission,General Manger,1996,ad7acb4308f307d89c846282a6a49d7ed9865ab661fe45b0a4a8ef530a2b81fa
HOSPITALS,"$115,644.00",$446.00,The Ontario Cancer Treatment & Research Foundation,"Head, Systemic Therapy/Medical Oncologist",1996,8d3c07b1601bf35e14e3aba5fe243e764d89042670f133c53ee5c0b325b5754f
HOSPITALS,"$103,833.98",$426.42,The Ontario Cancer Treatment & Research Foundation,Radiation Oncologist,1996,e4f72a0d405e6a5a9aaf1f5f19631fb880cf5a2196246ce28984b9360d3519d7
HOSPITALS,"$103,836.67",$426.42,The Ontario Cancer Treatment & Research Foundation,"Head, Radiation Oncology",1996,0cc0bb5f5511b761428f4139aea454781a897df762c8ff53e4cecbdcbe2b5612
HOSPITALS,"$108,375.46","$4,068.69",The Ontario Cancer Treatment & Research Foundation,"Head, Radiation Oncology",1996,f0f56fea361251ceb4f708017863c0bb35d0503de5ac093ed54e4406f42e2a47
HOSPITALS,"$159,272.11",$364.08,The Ontario Cancer Treatment & Research Foundation,"Medical Director, OBSP",1996,fca1215f87ab237971447a5d756177335ffbed7eb5acce006409cb272cf8b733
HOSPITALS,"$119,061.00",$454.00,The Ontario Cancer Treatment & Research Foundation,"Med. Oncologist/Medical Coordinator, OBSP",1996,45d402675ef95c78d8892a998f9126271f21bd91e2613d833172de580aefcc19
HOSPITALS,"$117,458.37",$446.10,The Ontario Cancer Treatment & Research Foundation,"Head, Medical Oncology",1996,72d0239b04c95468c3367af0324616621a0394b5266d89902cc62350361d8d73
HOSPITALS,"$103,833.98",$0.00,The Ontario Cancer Treatment & Research Foundation,Radiation Oncologist,1996,79a4f7cddaca6b360d1025b5cc8010b1ec94b8f2e73ca26bda6adceb399690d4
HOSPITALS,"$100,741.34",$288.86,The Ontario Cancer Treatment & Research Foundation,"Director, Physics",1996,4b36433e3222edd5dfdee18277c679b734cb3aaab52fad4521f3ba87da85ffa8
HOSPITALS,"$103,833.07",$430.14,The Ontario Cancer Treatment & Research Foundation,Medical Oncologist,1996,3c4d55ce26237819b90901b017f009af481ffcdc19ecb13f2ee4e0353f681846
HOSPITALS,"$180,042.00",$808.00,The Ontario Cancer Treatment & Research Foundation,CEO/Radiation Oncologist,1996,9b6a9c33b17d95eeb717e82c43476b863de16bd092b0caf36fc564d29724a8ac
HOSPITALS,"$112,916.36",$443.56,The Ontario Cancer Treatment & Research Foundation,"Head, Medical Oncology",1996,2e7a3476056fcd173ca97725c60cd59606b1081796dddd24a8f9d37f04eebe7f
HOSPITALS,"$103,833.07",$414.67,The Ontario Cancer Treatment & Research Foundation,Medical Oncologist,1996,b5501167826493c8a007ffa0ba96db4f14269651c0a6884b393b5fda3aae341a
HOSPITALS,"$103,833.52",$422.24,The Ontario Cancer Treatment & Research Foundation,Medical Oncologist,1996,79ee82678d8cd15605ed22cff06d0e67aaeea0533386f2d96b73bb4f493beddd
HOSPITALS,"$145,367.65",$414.00,The Ontario Cancer Treatment & Research Foundation,Clinician Scientist,1996,2be5e768a6c30b5952b4b65e090bd09fa286e99379c3112e5f12c458def777f8
HOSPITALS,"$125,868.00",$671.00,The Ontario Cancer Treatment & Research Foundation,Medical Oncologist,1996,0a9831069f8aeb3b0ed36abea8e12dda417bb2748c944406b77d5bfbca998163
HOSPITALS,"$102,173.10",$310.32,The Ontario Cancer Treatment & Research Foundation,"Med. Dir., Preventive Oncology Program",1996,13c1db6b953eac78f107cbf2ff9c4be8a798e25f1cf5fa8b23159bf9c4ff80dd
HOSPITALS,"$103,833.07",$426.43,The Ontario Cancer Treatment & Research Foundation,Medical Oncologist,1996,fadd965817fbccc8f466e5bf6207292a1c2108788d5ce4412c3157759206a31d
HOSPITALS,"$154,750.51",$449.52,The Ontario Cancer Treatment & Research Foundation,"Co-director, Cervical Screening Programs",1996,13f2093a6ccec895565dbb0574a1b321073ba2435a0b41ea44e586906988a5c0
HOSPITALS,"$112,917.08",$447.72,The Ontario Cancer Treatment & Research Foundation,"Head, Gynecologic Oncology",1996,98ef347bcb3a1f0e37b7ef5ef95fe4f9212ae2d2f8120f4881dd535be2cccbe4
HOSPITALS,"$103,836.67",$426.42,The Ontario Cancer Treatment & Research Foundation,Medical Oncologist,1996,8cf2759e5b895f37e3155d96832425136641d5414ab45a26f0186428564d10b7
HOSPITALS,"$103,833.98",$426.42,The Ontario Cancer Treatment & Research Foundation,Radiation Oncologist,1996,837f09ab22b4e0d3259790131ce897c31e69e9b9801dad3f8d2156418768021e
HOSPITALS,"$103,833.52",$422.24,The Ontario Cancer Treatment & Research Foundation,Radiation Oncologist,1996,849c3a9855f0f3682f34b43b8e66ed115ec2a7151c2437ceeaf8770fdb673bf0
HOSPITALS,"$103,833.98",$426.42,The Ontario Cancer Treatment & Research Foundation,Radiation Oncologist,1996,acc9ea03f2d0833fd1d3e9856c0499c713dd19a53098d09692e71db6a8ae3d2a
HOSPITALS,"$176,244.82",$474.72,The Ontario Cancer Treatment & Research Foundation,CEO/Medical Oncologist,1996,5283eaf770c7709c3d8e31783ebda41710fb8b9b939406b3c8b13375089049e3
HOSPITALS,"$106,833.57",$414.00,The Ontario Cancer Treatment & Research Foundation,"Deputy Head, Radiation Oncology",1996,e5a51eb4230a961044b4cf4d5ae24f05e5afd82783ec61eeefec314eed1e827c
HOSPITALS,"$103,833.98",$426.42,The Ontario Cancer Treatment & Research Foundation,Radiation Oncologist,1996,8df08308ffc34e37b7cec5107eb2cf2259f800f659adb7d14b946e89b3e6b976
HOSPITALS,"$121,201.00",$293.00,The Ontario Cancer Treatment & Research Foundation,Chief Physicist,1996,3a539885162719aa704deefef14921bcaa7d05052d8028be6e052ba0990c3796
HOSPITALS,"$103,836.68",$426.42,The Ontario Cancer Treatment & Research Foundation,Radiation Oncologist,1996,facf7ef2a8f39d7b7c0d61119904d52e596722a92fea26e3fa6fb7533eabaf76
HOSPITALS,"$103,833.98",$426.42,The Ontario Cancer Treatment & Research Foundation,Radiation Oncologist,1996,7f4a3e82635594a63869008e6d58c2efa29c1c9e21169d2b2cc1475286395e66
HOSPITALS,"$103,836.69",$426.42,The Ontario Cancer Treatment & Research Foundation,Radiation Oncologist,1996,24f4436e715ba550dedfd1e3c2f7672da80cc3175520010feaad4e136b619a40
HOSPITALS,"$131,955.44",$491.64,The Ontario Cancer Treatment & Research Foundation,CEO/Medical Oncologist,1996,bd293fdf64b76b3b09ab4a61f62ff1a1ff1c04280195bc8fba68eeff5e6b7227
HOSPITALS,"$103,833.07",$414.67,The Ontario Cancer Treatment & Research Foundation,Medical Oncologist,1996,218e80a6204bfb7737c537f6c702d7510d854898b3e64b092bc204c590f148a4
HOSPITALS,"$103,833.52",$422.24,The Ontario Cancer Treatment & Research Foundation,Radiation Oncologist,1996,470b127cad72cfcff747ad1c4d07825379dbf2dc01e8a7a257942ffa76e19c8c
HOSPITALS,"$166,790.00",$783.00,The Ontario Cancer Treatment & Research Foundation,"Head, Medical Oncology",1996,bb8472d593c87cf3c4fbc25b1be1928fb3825b2928e33fb8e905bf8a45168c58
HOSPITALS,"$103,833.52",$422.24,The Ontario Cancer Treatment & Research Foundation,Radiation Oncologist,1996,1d29f8e4c9e57cb415b68e4130633cd035ca4d9bc56e4c7303447487b2d0d341
HOSPITALS,"$103,833.43",$414.00,The Ontario Cancer Treatment & Research Foundation,Medical Oncologist,1996,d8d0f6b4b6dc53d9045c0d141555cd44c8f7d4e6d449c761fc664d46083ef6d7
HOSPITALS,"$117,867.43",$457.92,The Ontario Cancer Treatment & Research Foundation,"Head, Radiation Oncology",1996,c0e45ff0378012a74a3f88cef928043737cca011c8e78c7c24a29b09b5def61b
HOSPITALS,"$208,324.00",$783.00,The Ontario Cancer Treatment & Research Foundation,"Director, Research/Medical Oncologist",1996,a68c5e8475638f13e4faa7b6be4cad4f0969b5829a2b0aed5c3cb7851ed6736a
HOSPITALS,"$103,836.67",$426.42,The Ontario Cancer Treatment & Research Foundation,Medical Oncologist,1996,12f6759a799e939db4cd5d6a3f2b7f8fe27ec820b8c841be3d224769f17ca388
HOSPITALS,"$103,836.68",$426.42,The Ontario Cancer Treatment & Research Foundation,Medical Oncologist,1996,d6f040acd08ccdcd46c023440a6eb6b5268760955938de1de442ce2162aa7bea
HOSPITALS,"$103,833.43",$430.80,The Ontario Cancer Treatment & Research Foundation,Medical Oncologist,1996,22b84f3ca08e7db5e70d91344d3d8eca2e7b94a6164f86179ac04ea16b140431
HOSPITALS,"$103,836.67",$426.42,The Ontario Cancer Treatment & Research Foundation,Radiation Oncologist,1996,d068e1b54a78812c029b328e499f7f6c2e9b1cb7a2e0fa3a745c4cc5ccc4a2e0
HOSPITALS,"$101,393.08",$0.00,The Ontario Cancer Treatment & Research Foundation,Physician/Career Scientist,1996,7bc3a518678424becf052a7e580f673fffa71daf1c2b5f822c19dc099cbddd7c
HOSPITALS,"$178,562.27",$430.80,The Ontario Cancer Treatment & Research Foundation,"Head, Radiation Oncology",1996,f814905731fe9673a3048073e78b7c2769e78f7f78e93705e9996486b71900bd
HOSPITALS,"$118,136.49",$261.84,The Ontario Cancer Treatment & Research Foundation,"Clinical Assistant, Medical Oncology",1996,daba26778b04cffb9f8bfb8a27b1c7874304ef9d657f0ab61d5d395faa0c504f
HOSPITALS,"$101,039.00",$307.00,The Ontario Cancer Treatment & Research Foundation,Dentist,1996,ed6a87b4944d76e4b1e05f0433f4c3e43155980c7d43d8f57c92bcffbc4fada5
HOSPITALS,"$103,833.52",$422.24,The Ontario Cancer Treatment & Research Foundation,Radiation Oncologist,1996,d5f0becdad9052f19acd88c4004bd9b9fcadc7ebd79bcec8ece83c3ef0873fb6
HOSPITALS,"$145,366.77",$414.67,The Ontario Cancer Treatment & Research Foundation,Clinician Scientist,1996,46404bf27d72ca18fc372e2833f405ff27267f0de3210a64f4421886c10ae554
HOSPITALS,"$105,038.04",$318.00,The Ontario Cancer Treatment & Research Foundation,"VP, Information Services",1996,1efffb85313211f0af8159959d23d6760887b6e47de44811a23bc19a6f0c125d
HOSPITALS,"$103,833.07",$423.49,The Ontario Cancer Treatment & Research Foundation,Radiation Oncologist,1996,334b56684826f3164a6aac9643d126dc9ed9201ca691af83939f79c9c6216ded
HOSPITALS,"$186,036.10",$265.41,The Ontario Cancer Treatment & Research Foundation,President & CEO,1996,8aab20af5aa1b0dde12c5dfb439af100182e863b425ce4cd6ea698493f2911fe
HOSPITALS,"$101,745.14",$308.88,The Ontario Cancer Treatment & Research Foundation,"Director, Ontario Cancer Registry",1996,5c56d6930757f8c41ba8fbcc9f07893ead0454a9775f27716264942d76df22f0
HOSPITALS,"$103,833.98",$426.42,The Ontario Cancer Treatment & Research Foundation,Medical Oncologist,1996,0de419bc096fe22527f7bf5aa681d094be74898651ec310fb30863c4cb75558d
HOSPITALS,"$131,038.04",$415.00,The Ontario Cancer Treatment & Research Foundation,"Deputy Director, Treatment Services",1996,c7695605011690d5d4079129fc846d51d54827f7066944e826d5d1be05ba1fa6
HOSPITALS,"$103,833.07",$414.67,The Ontario Cancer Treatment & Research Foundation,Radiation Oncologist,1996,5dda72c6c81314b5609c7adfbb47488db31832c7e2638bced76b4ba827f6336b
HOSPITALS,"$103,833.07",$414.67,The Ontario Cancer Treatment & Research Foundation,Radiation Oncologist,1996,fc2d500405f35dc73d1399b33ab0d34b92021041c77e5f31153c8badfe8a3281
HOSPITALS,"$149,348.00",$734.00,The Ontario Cancer Treatment & Research Foundation,Radiation Oncologist,1996,79921274e20083b5fcdaa97b08fc059d51be0f243f7ab2d4aea9b187742e4903
HOSPITALS,"$103,833.98",$426.42,The Ontario Cancer Treatment & Research Foundation,Medical Oncologist,1996,176e5324291eae3b04167a3905f9782985259b8cbc0e9b3353d472c53a867e1a
HOSPITALS,"$160,037.94",$423.84,The Ontario Cancer Treatment & Research Foundation,"VP, CFO & Director, Management Services",1996,b6e4b3a2efc42b86d32036c452f3afbf00e92d246e28e96a4f7626609d66753b
HOSPITALS,"$103,833.52",$422.24,The Ontario Cancer Treatment & Research Foundation,Medical Oncologist,1996,0969a23628e9209de3f9cdcecfa8bacfcac3bd344532137c5a70c898255b1602
HOSPITALS,"$172,334.75",$430.80,The Ontario Cancer Treatment & Research Foundation,Radiation Oncologist,1996,b6805ba02073632ac12e696bd60068c1ae3513886add0f2e7adb517b7438ebf1
HOSPITALS,"$109,138.21",$240.60,The Ontario Cancer Treatment & Research Foundation,"Director, Etiology & Primary Prevention",1996,97d0ca85508d3ce7a8b71636cdd215e412ea4f37d0893af710cd367f622ece5c
HOSPITALS,"$166,790.00",$783.00,The Ontario Cancer Treatment & Research Foundation,"Head, Radiation Oncology",1996,492d32862ac68fa9da678a93ae9072a22a8640ed47d81d988d7f115c6718b9a6
HOSPITALS,"$127,478.52",$0.00,The Ontario Cancer Treatment & Research Foundation,"VP & Director, Research & Education",1996,b453560447ae1940ed058ff7c346be6af71a69cffe31fcd1f036180dc34b75b5
HOSPITALS,"$124,303.00",$472.00,The Ontario Cancer Treatment & Research Foundation,CEO/Radiation Oncologist,1996,1e575578d6103b3fdd3dcc9f4faa0699af7594f1ebbff0acb9007b8f454d124c
HOSPITALS,"$146,082.56",$484.51,The Ontario Cancer Treatment & Research Foundation,CEO/Medical Oncologist,1996,da7defa583348852a342be3d68ae50275af22122db4c0b9f5d826b9eadd60653
HOSPITALS,"$131,082.37",$0.00,The Ontario Cancer Treatment & Research Foundation,CEO/Oncologist,1996,913bb0173c1c653987459f24398bbb52dd8c24dd95ebd16cf6d56be81e0d6e7c
HOSPITALS,"$112,916.79",$435.12,The Ontario Cancer Treatment & Research Foundation,"Head, Medical Oncology",1996,bc976b88e90d8153366d25110b1b8fcb0fc1b9756346176fa5f143cf5450162d
HOSPITALS,"$103,837.43",$426.42,The Ontario Cancer Treatment & Research Foundation,Medical Oncologist,1996,b436b14179fe0786141d8c48423838b203e5e718c58ec42a7bb27abea386567f
HOSPITALS,"$102,797.14",$420.03,The Ontario Cancer Treatment & Research Foundation,Radiation Oncologist,1996,596b93434992cb6ceb5bf71984a0dbd8dc876e5808f6893ebfd2a5879bd7dcd4
HOSPITALS,"$136,834.00",$762.00,The Ontario Cancer Treatment & Research Foundation,Medical Oncologist,1996,0d14369273b698046462d7ce0653afdb8d92c0edad71ecef5e4a4f5d3e6285dd
HOSPITALS,"$103,833.07",$414.67,The Ontario Cancer Treatment & Research Foundation,Radiation Oncologist,1996,c135f6130ff271dcdf8545b1b119bf89e1946fa72766c2aa156b26ae7f43919e
HOSPITALS,"$103,833.98",$426.42,The Ontario Cancer Treatment & Research Foundation,Radiation Oncologist,1996,f3071c17c90b55f4597f0fb0c6fc69f9e0e50ab2ead9a89375399700d3ea4c7f
HOSPITALS,"$112,916.79",$435.12,The Ontario Cancer Treatment & Research Foundation,"Head, Radiation Oncology",1996,8353adf65177d227c022305ec236b6e18e150f6640ec175e7646ee08d4053d4f
HOSPITALS,"$107,307.51",$318.00,The Ontario Cancer Treatment & Research Foundation,"VP, Human Resources",1996,535d64cfdd86fdaaa3000104331176e9acb8ec8aa1fd1fab16e70bf45da4d33b
HOSPITALS,"$142,334.75",$430.80,The Ontario Cancer Treatment & Research Foundation,"Director, Research/Medical Oncologist",1996,bba16d84095f563701307908ce9f4e8838030c598d47f6e831b1beff97f2a552
HOSPITALS,"$117,867.42",$457.92,The Ontario Cancer Treatment & Research Foundation,"Head, Medical Oncology",1996,848c5f44a81c2bc860bd329df8a2559ce914e335fe2d0cb0f5759d234a073456
HOSPITALS,"$104,751.31",$252.84,The Ontario Cancer Treatment & Research Foundation,"Co-director, Cervical Screening Program",1996,819c9b2134bf4f6bb9ea06b1f4ad1ba3a7733acb85d2f5d9ab0de1f7ed2a4552
HOSPITALS,"$103,833.07",$414.67,The Ontario Cancer Treatment & Research Foundation,Gynecologic Oncologist,1996,925c4aa799d16663e21ab6894b0befbd839732a8a31a9d818c1ce93d15cd1a57
HOSPITALS,"$103,833.07",$414.67,The Ontario Cancer Treatment & Research Foundation,Medical Oncologist,1996,2bf0de43ca5b7ca48a160294cba178a2de6affb218c878d07ebdd7004ffcd540
HOSPITALS,"$103,833.07",$430.14,The Ontario Cancer Treatment & Research Foundation,Medical Oncologist,1996,44e4dbdb0d21b0318440d333a0b1f9244339dd931a43e0d7dbbf9e632c978723
HOSPITALS,"$103,833.07",$414.67,The Ontario Cancer Treatment & Research Foundation,Medical Oncologist,1996,9dd96928add7ef857ee9b996135f9bd43666517789bbed617163942322e2ee8c
HOSPITALS,"$103,833.98",$426.42,The Ontario Cancer Treatment & Research Foundation,Gynecologic Oncologist,1996,01b14fed3c8f3616022e5ec5c61ab47fd7be56c647d8283e519ee587aa9665ad
HOSPITALS,"$126,541.57",$465.60,The Ontario Cancer Treatment & Research Foundation,CEO/Medical Oncologist,1996,481f10bd6db21f2fff1d6bc100421c6082add3deae60f0f12dd32a8a90581918
HOSPITALS,"$103,833.43",$430.80,The Ontario Cancer Treatment & Research Foundation,Radiation Oncologist,1996,eb6934af22f1efffee8ce3ba528b55a61641e22ca634ec34579ae2ec7ad6d992
HOSPITALS,"$103,833.52",$422.24,The Ontario Cancer Treatment & Research Foundation,Radiation Oncologist,1996,bf5051dd0893a91caebef5268caa2ce21200e9740adfff2e41d50ae4be0a9323
HOSPITALS,"$142,334.00",$427.00,The Ontario Cancer Treatment & Research Foundation,Radiation Oncologist,1996,cc482391be6913e3d8584554b86134e050fa8172eb7272cf9bc604da59f844d1
HOSPITALS,"$118,016.98",$458.28,The Ontario Cancer Treatment & Research Foundation,"Head, Medical Oncology/Hematology",1996,fe2335e8ca34095009b7345338617db4856564fb4b46849e401b808cc661f1e8
HOSPITALS,"$103,833.07",$414.67,The Ontario Cancer Treatment & Research Foundation,Medical Oncologist,1996,64b7389c4baac9ff286fa42bca4fef535dbe6c990ab97d010280bc5f9fe9debf
HOSPITALS,"$103,833.07",$414.67,The Ontario Cancer Treatment & Research Foundation,Radiation Oncologist,1996,3e61e0079acc9992908cd8b7ae1866bdf202db1e60bb4a2ee11aacbffa2b1f43
HOSPITALS,"$103,833.98",$426.42,The Ontario Cancer Treatment & Research Foundation,Medical Oncologist,1996,caf69130dd2ff24b442e2e9e172222f4efe506ac29c2159f206aa4636c2bed82
HOSPITALS,"$106,562.00",$425.00,The Ontario Cancer Treatment & Research Foundation,Medical Oncologist,1996,478e93dcd2670f92dffc5f6f9b6a1713e483390631e65ed635063b9e4972d9ba
HOSPITALS,"$106,193.14",$283.16,The Ontario Cancer Treatment & Research Foundation,"Director, Research",1996,9e65a472ff7fd00b208e872e434164db148ddb5cbb427383fe57b95fbe6c2432
HOSPITALS,"$104,078.12",$432.90,The Ontario Cancer Treatment & Research Foundation,Medical Oncologist,1996,2715c91fc9aabdbdcf57d63804dc2a4f3f0f5b76ecb8bc559fc846a54ede954a
HOSPITALS,"$108,832.00",$431.00,The Ontario Cancer Treatment & Research Foundation,Radiation Oncologist,1996,2adac4c8206ed45262eb936f7d79f6110006fe74884651395bcf8e73e96f9a8a
HOSPITALS,"$103,836.67",$426.42,The Ontario Cancer Treatment & Research Foundation,"Head, Medical Oncology",1996,3d218a56cec2603ecf318ad205c60bd417f08820a9db2b04259973d26656479b
HOSPITALS,"$103,833.98",$426.42,The Ontario Cancer Treatment & Research Foundation,"Medical Director, Oncology Patient Service Unit/Medical Oncologist",1996,18b40f563c8feeac575ec619a6fd0277d48ca0de785577186730a203b0c6c27f
HOSPITALS,"$130,598.90",$487.14,The Ontario Cancer Treatment & Research Foundation,"Head, Radiation Oncology",1996,f0bfa6e2bd822cd2d514c789d9ad0343a6413e5c2599edb018c844a2ffb1b786
HOSPITALS,"$103,833.52",$422.24,The Ontario Cancer Treatment & Research Foundation,Medical Oncologist,1996,e9fdc60e29ecc29f62fbc245a287c4033dea348b8d3ca83a78199ac1ed301d83
HOSPITALS,"$103,833.52",$422.24,The Ontario Cancer Treatment & Research Foundation,Medical Oncologist,1996,db5fde559438288fda958f53ed6164726762741b446a7d95218bb959c023b3bf
HOSPITALS,"$148,562.53",$430.80,The Ontario Cancer Treatment & Research Foundation,"Head, Medical Oncology",1996,0e04c3a38c4e1ddde6371c1324badc9078fa4a682cbafaa7510b15e51fe1e1b4
HOSPITALS,"$103,836.68",$426.42,The Ontario Cancer Treatment & Research Foundation,Medical Oncologist,1996,ddc61e8d620135a752400bb7752cfc759e490b222e9b138e14f6a0b392202118
HOSPITALS,"$103,833.52",$422.24,The Ontario Cancer Treatment & Research Foundation,Medical Oncologist,1996,246b88f938a0746a5c3c21ed0622feb57744e65946dd4b3e36f32f63e5267f43
HOSPITALS,"$102,493.96",$304.80,The Ontario Cancer Treatment & Research Foundation,"Clinical Assistant, Medical Oncology",1996,fe939e359c29408ab224c155da4971784309d1bdd8a1ddacd832795871d34267
HOSPITALS,"$117,458.27",$437.38,The Ontario Cancer Treatment & Research Foundation,"Head, Radiation Oncology",1996,86c639cc2a196d53298e75027075b74715f05468a8b1693d2cbd8323a1a5debf
HOSPITALS,"$103,836.67",$426.42,The Ontario Cancer Treatment & Research Foundation,Medical Oncologist,1996,d542f84cdab78469b854cb6e13a336b4c2cb413c7d5a59a96008a3799a05bc92
HOSPITALS,"$106,562.00",$425.00,The Ontario Cancer Treatment & Research Foundation,Medical Oncologist,1996,a382cf50951d9bf50bff1972f16262418dd95f2bb609ccadb413fb7f4cbd9d72
HOSPITALS,"$103,836.67",$426.42,The Ontario Cancer Treatment & Research Foundation,Medical Oncologist,1996,2cfae7b2d12c8a938e4c098312096fe4be51d3338a50e68e6f2f30d54ccfca0b
OTHER PUBLIC SECTOR EMPLOYERS,"$115,000.00",$675.00,The Ontario Legal Aid Plan,"Deputy Director, Legal",1996,82a8d077b5f859cb5c4d38a40454edb515f52d022758479ea0c625d630cb341c
OTHER PUBLIC SECTOR EMPLOYERS,"$129,888.00",$760.00,The Ontario Legal Aid Plan,Provicial Director,1996,bd521d06c1af77b901a2cbed799327f750b2bdc0c5fbd5f44a627d79c5932cf4
OTHER PUBLIC SECTOR EMPLOYERS,"$103,000.00",$605.00,The Ontario Legal Aid Plan,Clinic Funding Manager,1996,f4922017a75743b8c30042a49fde63f4e96911b6911d895d2b6aa6f28e753731
OTHER PUBLIC SECTOR EMPLOYERS,"$110,874.00",$646.00,The Ontario Legal Aid Plan,"Deputy Director, Appeals",1996,dfab39b7f87990a3c7b7de166d45c87bd8b4d4169f1c2107e821dedd443535d4
OTHER PUBLIC SECTOR EMPLOYERS,"$111,175.00",$652.00,The Ontario Legal Aid Plan,"Deputy Director, Finance",1996,5c712a9d78461a2d98c52e0856bbc04a7d73465aecdea81eae1e707f002a0f60
SCHOOL BOARDS,"$109,733.00",$520.00,The Ottawa R.C.S.S.B.,Supt. of Education,1996,ff37159f3c4197d1b7d5c962cd578a50dd4808e1c22691ce595df585dae6cfc2
HOSPITALS,"$112,915.00",$0.00,The Perley & Rideau Veterans' Health Centre,Executive Director,1996,6ec436bf68206f7460a10ecebfcbbeace3d7c99cb5fc27e9d5f0ed0218796e0d
HOSPITALS,"$201,312.00","$9,407.00",The Queen Elizabeth Hospital,President,1996,d97e97ddd816adb294e339bfa18c683301ca6d132ca2eaa96b3aa8fe6c11e604
HOSPITALS,"$105,623.00",$529.00,The Queen Elizabeth Hospital,V.P. Administration,1996,0d8e9e0dc81720ea0381be829f63b875b5d7ff1ce44228f6fa9c1cae9536b581
HOSPITALS,"$100,623.00",$504.00,The Queen Elizabeth Hospital,V.P. Programs,1996,ded677668177317ae839c1fc504716dc88d44c37f0658ac4ce5052c55a04125e
MUNICIPALITIES,"$119,745.00","$1,138.00",The Regional Municipality of Durham,Chief Administrative Officer,1996,a81299c570e76bd14f150d0939a43a43f6502145a09af4a17e1a51f0fc6ae7a7
MUNICIPALITIES,"$106,290.00",$951.00,The Regional Municipality of Durham,Commissioner of Finance,1996,f8892074dc61f8398ab7ab2a0b2fad698ccc0afa0829c0f713409aa17ddf69fe
MUNICIPALITIES,"$105,587.00",$712.00,The Regional Municipality of Durham,Commissioner of Planning,1996,294c62463977770a93f9baffe2121a86016b07e2d7e5f6262f1ec851685446de
MUNICIPALITIES,"$117,252.00",$751.00,The Regional Municipality of Durham,Deputy Chief,1996,d1030bc0ec5afa4d5039f4cc9a42013a15a89d01c1cc45356cbc83a473bb93c1
MUNICIPALITIES,"$143,197.00",$805.00,The Regional Municipality of Durham,Medical Officer of Health,1996,a064b20c310db65d0cd45629cf21dd57714632d3f9fcd0f53a2c8a63cc565bf8
MUNICIPALITIES,"$136,333.00",$670.00,The Regional Municipality of Durham,Chief of Police,1996,ec7e330c109350ef8cb74f51e052cdb5f1f7bf68e541b313a749663a80cff49d
MUNICIPALITIES,"$111,009.00",$670.00,The Regional Municipality of Durham,Deputy Chief,1996,929b11f7319682a1ec73c4bb52315a065f8d1116e3b506247198084e4c33ab50
MUNICIPALITIES,"$105,660.00",$714.00,The Regional Municipality of Durham,Assistant Medical Officer of Health,1996,c59d39dc6ee13ea0759c219b4dfd1ff43e09458050411968e8f9a9095ab33d6c
MUNICIPALITIES,"$106,290.00",$717.00,The Regional Municipality of Durham,Regional Solicitor,1996,bd1d87ff03df4e0b4491225eb1925384792aa73046148ef1ebb1363c7805c20e
MUNICIPALITIES,"$106,290.00",$717.00,The Regional Municipality of Durham,Commissioner of Works,1996,3c3c1931fd77b11fe3f3c263ccff91fc98f3a3838a0e2b054412cf8410f7eb75
MUNICIPALITIES,"$106,290.00",$721.00,The Regional Municipality of Durham,Commissioner of Human Resources,1996,cc32be82023fdad5e8084883776d54e0a1ad42db8628a945cf5b6eb964270cea
MUNICIPALITIES,"$100,916.00","$5,992.00",The Regional Municipality of Halton,Deputy Chief,1996,26e55fb4d8b8b6babb38e10998fd20ea753d6e0256e5d69d7947056c5d5833d1
MUNICIPALITIES,"$128,000.00","$3,442.00",The Regional Municipality of Halton,Chief of Police,1996,9438821751ded72e5663b89a763761c6234c79c5b6c2d28370a167f8237c0c32
MUNICIPALITIES,"$100,358.00","$7,703.00",The Regional Municipality of Halton,Commissioner of Social & Community Serv.,1996,4da6d41893243e5ae38403a13dea574a2bbfbd1574ba5685a6215a61b682b9a2
MUNICIPALITIES,"$116,146.00","$7,807.00",The Regional Municipality of Halton,Commissioner of Planning & Public Works,1996,35af09de8d8b3adf7f7c9f1547f8dee009337337078073c76b068b111dad6f92
MUNICIPALITIES,"$100,358.00","$1,617.00",The Regional Municipality of Halton,Dir. Legal Serv. & Corporate Counsel,1996,60bcdac128254a6bfa832a0ea10757ff3064092d1f6f816eded70be6254609c1
MUNICIPALITIES,"$100,358.00",$314.00,The Regional Municipality of Halton,Dir. Planning & Development Serv.,1996,0dd5979981ed88577d62f80245908a166783723788ad6bd87379687d52a7a89c
MUNICIPALITIES,"$115,438.00",$740.00,The Regional Municipality of Halton,Commissioner Health & MOH,1996,218aeb5e02f297fab0aa785966754b157cf33c57fc6c1f2c7ce890a8e5da77d9
MUNICIPALITIES,"$107,885.00","$8,882.00",The Regional Municipality of Halton,Commissioner Corporate Services,1996,ef86c5d469354567fa15e033da817f3dbd27bbd9a3d1cce351c2296c26e9311a
MUNICIPALITIES,"$107,172.41","$8,318.00",The Regional Municipality of Niagara,Chief Administrative Officer,1996,439b8d28141aa87f3ce9442a8f854f57a5556197dabf0bf63dcab08678127469
MUNICIPALITIES,"$101,220.05","$1,742.00",The Regional Municipality of Niagara,Director of Public Works,1996,0db9c9909b7ac0af741425c20953928819d97a31e2e128355fcff9df7057cd9c
MUNICIPALITIES,"$136,501.81","$9,300.00",The Regional Municipality of Niagara,Medical Officer of Health,1996,140936d638c335f6cda5a057765a4c6a05813ce940829142c626273c957333ab
MUNICIPALITIES,"$124,934.73","$4,347.31",The Regional Municipality of Ottawa-Carleton,"Commissioner, Homes for the Aged",1996,54a265279ca7c6942171011ec3e5cece69122ca26346730247afc11606dc1a3d
MUNICIPALITIES,"$142,233.12","$7,426.21",The Regional Municipality of Ottawa-Carleton,Chief Adm. Officer,1996,a8b975840ce8fc95d5b68a78e446ea395752f9f07075459f5782d9816d620041
MUNICIPALITIES,"$118,128.64","$4,425.51",The Regional Municipality of Ottawa-Carleton,Regional Solicitor,1996,54e1e3d12828f6519abfb570c78e57122ac2e791c022d59dcc54f4b895afbf5d
MUNICIPALITIES,"$109,644.73","$3,766.51",The Regional Municipality of Ottawa-Carleton,Assoc. Medical Officer of Health,1996,45a70ef12a6fc89e59b3e044e56369d2c9973db36a8419767990c100298f9984
MUNICIPALITIES,"$100,001.79",$465.68,The Regional Municipality of Ottawa-Carleton,"Dir., Plans Adm.",1996,8802cbcac6b7863cbd72869d4fc06f63231e7ea2fc2e89d934efeaccd2b2e232
MUNICIPALITIES,"$105,272.78","$3,378.99",The Regional Municipality of Ottawa-Carleton,Assoc. Medical Officer of Health,1996,2aca54f9eb4a8b8645bfb79b2f9b8484f39c0fcf8f4959590975083442e18ae1
MUNICIPALITIES,"$107,115.40","$3,391.08",The Regional Municipality of Ottawa-Carleton,Assoc. Medical Officer of Health,1996,9114e1657ba35340a84fc7559c2a5e309c03ac242a715fd71e4631a1d070782a
MUNICIPALITIES,"$102,013.13",$619.46,The Regional Municipality of Ottawa-Carleton,Deputy Regional Solicitor,1996,7e55979ba501af4eb4981acc10a7866146a64f27002b5903e3e95554d52e51cb
MUNICIPALITIES,"$102,491.32",$664.66,The Regional Municipality of Ottawa-Carleton,Deputy Treasurer,1996,e453db2508e34d4099913f644cb23cc534cac255df6ca6dd614c709e2102687b
MUNICIPALITIES,"$122,659.45","$4,305.51",The Regional Municipality of Ottawa-Carleton,"Commissioner, Finance",1996,eca92fbb4161bfd7636eb5325f88bdee036f7f5de42fb86bfc0b6dacc7460e8d
MUNICIPALITIES,"$105,932.08","$4,406.30",The Regional Municipality of Ottawa-Carleton,Regional Internal Auditor,1996,2fbceda8771ace4cd68ca643767bfdc72ecd84d084875ada790aaed2b03ad19f
MUNICIPALITIES,"$118,121.67","$4,441.07",The Regional Municipality of Ottawa-Carleton,"Commissioner, Human Resources",1996,297a25292f57d77dc303520bee9eb9f5cf4537cd61e292166165f59ce9d7b41c
MUNICIPALITIES,"$124,921.37","$4,327.18",The Regional Municipality of Ottawa-Carleton,"Commissioner, Env. & Transportation",1996,33880c746357e70ce920b448adc2afcf87b44963cde25d17c082a131a53cb64c
MUNICIPALITIES,"$103,378.23","$2,845.07",The Regional Municipality of Ottawa-Carleton,Assoc. Medical Officer of Health,1996,3f03826c184741f2d6bb8f059bb302c4d4a89e0bfe625157aed65bf3d8a9c1ff
MUNICIPALITIES,"$124,417.62","$4,305.51",The Regional Municipality of Ottawa-Carleton,"Commissioner, Social Services",1996,fa1afb528ab7114d0bd06906594cddf60cdf86d5981e9f2e7f4f6b1542101a91
MUNICIPALITIES,"$118,121.65","$4,485.51",The Regional Municipality of Ottawa-Carleton,"Commissioner, Planning & Dev. Approvals",1996,86075462a707e75e8742a5ba69cbcd8f5a4a9bcbfef37e1850434db04c00cc13
MUNICIPALITIES,"$105,908.54","$4,226.30",The Regional Municipality of Ottawa-Carleton,Regional Clerk,1996,0db18aec1d61ddcff3798775f46a6ed38ac58235e2f7f42f60116af1f44319fc
MUNICIPALITIES,"$106,923.20","$1,034.00",The Regional Municipality of Sudbury,Deputy Chief of Police,1996,b681f5df0414d533597508cdb2a7a9b705f5fe81c19bd85412bf2833ea52bffa
MUNICIPALITIES,"$102,204.32",$732.00,The Regional Municipality of Sudbury,Commissioner of Planning & Development,1996,22395abbcd49cdc6f6ea829878700b146becbd6a4fc94f81f3a30ab865f38f6a
MUNICIPALITIES,"$119,370.80","$1,157.00",The Regional Municipality of Sudbury,Chief of Police,1996,dff66a10beeb1c61cb040cc316eaf8107b8e211eaac1a09649cda565b9fa63db
MUNICIPALITIES,"$100,618.70",$735.00,The Regional Municipality of Sudbury,Commissioner of Health & Social Serv.,1996,6e352df52bfb033979d7050a2c24e59af8c46c0fcf8a9ae1395d22a4bcf11b68
MUNICIPALITIES,"$114,883.47",$842.00,The Regional Municipality of Sudbury,Chief Administrative Officer,1996,be5b4115193e1cfa31eeee30f8e6bc7dcb3f3854400ec5d6c0fdbaf868440b6d
MUNICIPALITIES,"$101,456.75",$735.00,The Regional Municipality of Sudbury,Commissioner of Special Projects,1996,280f6a80bd865abf3e648f82446b2ce1c4fd1e4bd96cd73e5d8afa6e6b60b457
MUNICIPALITIES,"$102,379.60",$735.00,The Regional Municipality of Sudbury,Director of Legal Services,1996,18f5f00e668dd2617da1fd93210de6ed0926e79e1ee2e4cb2113d1dbe603d656
MUNICIPALITIES,"$102,770.89",$744.00,The Regional Municipality of Sudbury,Commissioner of Corporate Services,1996,36134b74396b786b92021b08d782dc481fe323d0624fef0a8992c3dd2fdd06fe
HOSPITALS,"$122,663.00","$2,246.00",The Rel. Hosp. of St. Joseph Health Centre(Cornwall),Executive Dir,1996,76f5cbd77882c2e3b49d051810dda487a2b3b195b47d82edbb4f026c3b2aa307
HOSPITALS,"$139,796.04",$396.90,The Rel. Hosp. of St. Joseph- Hotel Dieu of Kingston,Laboratory Pathologist,1996,adc269f758889551d4da966e6f7f4254eff40aec5df86e5a44c53b7912497d8e
HOSPITALS,"$217,836.08","$21,001.20",The Rel. Hosp. of St. Joseph- Hotel Dieu of Kingston,Executive Director,1996,626bc80e1eb61ab50487449b4e0caed0e21e7bad8e28e78524033658fe2c82e7
HOSPITALS,"$117,372.93","$7,129.81",The Rel. Hosp. of St. Joseph- Hotel Dieu of Kingston,Asst. Exec. Dir. (Planning & Hospital Serv.),1996,f05cf8bc3b10a7bb3c1be3039eace476ab0d17fec5b5b7cdead491cd328070c4
HOSPITALS,"$101,634.72",$267.90,The Rel. Hosp. of St. Joseph- Hotel Dieu of Kingston,Southeastern Ont. Health Sciences Centre Dir.,1996,845c7f8c45850b490895a585ffdd3210d3d55f5fedf9fd97cfaf4b6191fd53dc
HOSPITALS,"$105,147.17","$7,702.34",The Rel. Hosp. of St. Joseph- Hotel Dieu of Kingston,Asst. Exec. Dir. (Financial Resources & Info. Serv.),1996,bbb282ba3b7e3b83538e815ed1a17e37ebbd7423320280244e73bd10dd439997
HOSPITALS,"$112,793.08",$332.63,The Rel. Hosp. of St. Joseph- Hotel Dieu of Kingston,Laboratory Pathologist,1996,19874bc338cebc21af8bd7f96bd5d4724ccc052724696673fb806f1f215212ed
HOSPITALS,"$197,483.00","$17,996.00",The Riverdale Hospital,President & CEO,1996,4119ce97a52a023e7814a478c74f0642509f4b4e1a162aacae73cfff7905d0dc
HOSPITALS,"$139,500.00","$10,959.00",The Royal Victoria Hospital of Barrie,President and CEO,1996,66413db744edc1ac9b201b09d5bb181328f3ba01a8e27c03c3f3a17dff3cc37d
HOSPITALS,"$135,518.00",$632.00,The St. Catharines General Hospital,Pathologist,1996,c6f82a9a8e4f62d296534b3ac7307f1296c9406397baf461621406a56118bdcb
HOSPITALS,"$126,417.00",$588.00,The St. Catharines General Hospital,President/CEO,1996,a3e496bb0adccbed16d617110279c94e0922da55f202f9cfeff1fec8b6268434
HOSPITALS,"$134,999.00",$632.00,The St. Catharines General Hospital,Pathologist,1996,d94e8385ff51f66d2b59a95ff015a8e62e5a3fc919864c183b37ca3c38e2185d
HOSPITALS,"$107,273.00",$491.00,The St. Catharines General Hospital,Vice President,1996,53e7a2b64136f1a90d328551a56932cbc0ed0d58016d903754c679a4fc894a32
HOSPITALS,"$175,686.00",$819.00,The St. Catharines General Hospital,"Director, Laboratory",1996,483907ad97586c422762d89441cc4fb24175ccd97b00b9f9c988aab3105c9186
HOSPITALS,"$129,249.98","$15,106.60",The Toronto Hospital,V.P. Public & Community Affairs,1996,39ddf204f979f12acc14cd5b8c3b696788385072b810d84399645044abb5386f
HOSPITALS,"$137,412.24","$14,341.61",The Toronto Hospital,V.P. Human Resources,1996,024ded8714baddbcfc74fe759210ad264a925456e0f1d0fe7c83c3cb7529b1de
HOSPITALS,"$195,502.41","$15,099.36",The Toronto Hospital,V.P. Med. Directorate & Physician-in-Chief,1996,9a18e5ebc7ca8276483e65e75c370d945ded8a3c16362d2cba751135e8888699
HOSPITALS,"$141,574.97",$315.00,The Toronto Hospital,Neonatologist,1996,ca4f68b2141c4cb2aaf1651019fd51ea3edcdbee9cf794e6950e690e2d998190
HOSPITALS,"$150,441.20",$451.56,The Toronto Hospital,Pathologist,1996,814db5ea2c4efe100d6eb68c65724584aaee6f23fa062159520db043e7c8e969
HOSPITALS,"$141,778.00",$425.28,The Toronto Hospital,Clinical Chief,1996,a7c64ef26026d6aea86ce87d268ae117b8f1c1d013d62c9b8f409911ca444cc8
HOSPITALS,"$150,441.20",$451.56,The Toronto Hospital,Pathologist,1996,6aa2329fe399f9c1bf12ee4c6de5eae8ad646310e4b375f0e6927799382fdfc4
HOSPITALS,"$182,124.98","$30,392.58",The Toronto Hospital,V.P. Finance,1996,aadc9315941a1f37bd624048d1c92a36292e963dc458d632f12fc5e8e6f4f532
HOSPITALS,"$144,822.44",$436.56,The Toronto Hospital,Microbiologist,1996,6ae84276ac9871e8aa443604313c10990b5a328a5e805456af4244218c4e4657
HOSPITALS,"$150,445.88",$451.56,The Toronto Hospital,Pathologist,1996,39a05616f8e489bfd889098c5025c4a9bd3a5ddee22b784bc4903b9fb69fdf72
HOSPITALS,"$124,999.77",$375.00,The Toronto Hospital,Biochemist,1996,d7af2bf51bac4c8b0fab0c0e5a38fd6cd31af673935f62e4abff67f43e86b459
HOSPITALS,"$150,441.20",$451.56,The Toronto Hospital,Pathologist,1996,ab7014052fee15d2e11602802d6170532ad877109cc14ce5786fb7e1af3becdc
HOSPITALS,"$132,800.00",$421.20,The Toronto Hospital,"Director, Emergency",1996,be36736fbe218119cadc2878e81a46d0a001a36c98dc835f5e08932aebef3699
HOSPITALS,"$122,413.20",$367.56,The Toronto Hospital,Epidemiologist,1996,e0f6d085fedb39154ab57fcb9924ac9ce3f85785bdba407ec3afb165d317ae37
HOSPITALS,"$120,300.00",$388.06,The Toronto Hospital,"Director, Financial Services & Comptroller",1996,f14fcd433829add3d13ad19dc5326bcf4b29b9780e3b068f7b8b92f3aaccdad4
HOSPITALS,"$150,441.20",$451.56,The Toronto Hospital,Clinical Chief,1996,4be2bec4eeed64cbdb24bd1be3cdd64f8611d0fea21cc3cbbc8a074dd41cabc1
HOSPITALS,"$152,000.00",$243.00,The Toronto Hospital,V.P. Joint Purchasing,1996,5582c673f94c8b70b349cb96743d6cfa86fd1f859e1675a8896e8f42b9d1b33a
HOSPITALS,"$176,250.00","$20,311.80",The Toronto Hospital,V.P. Utilization Management & Chief Info. Officer,1996,bdfb0bbc0e1cb0928662a070f2552da72c1e1643184efb526e3c868a85a88e34
HOSPITALS,"$357,500.01","$36,125.90",The Toronto Hospital,President & Chief Executive Officer,1996,3b9f9fbfeb2c23694c9e713ac52e5bdb0a4dff86c78c5cf4441c1270a12e6d48
HOSPITALS,"$108,000.17",$300.00,The Toronto Hospital,Scientist PhD,1996,1c728d622ce31b883e2148327b3fd6ffbe4191bd569b09ab9e85ca18125622b5
HOSPITALS,"$163,712.03",$491.28,The Toronto Hospital,Pathologist,1996,5fb88d2fdf43f423c6b4add9d55edc18acbedff84c4b64739ee2c5b828d9b298
HOSPITALS,"$123,832.80",$371.28,The Toronto Hospital,Microbiologist,1996,52aadc030967d67bb7ac8a7911da04d41c4e64b710cd011e257468e40430ae77
HOSPITALS,"$126,000.00",$375.84,The Toronto Hospital,"Program Administrator, Surgical",1996,0e6f10d938c1c53f2c6cfee1c7d3c6d537d431ce70978139df52581eabbcad82
HOSPITALS,"$118,469.00",$355.56,The Toronto Hospital,Pathologist,1996,3d65e2ce235aacaff963c916bd917c28d404485d13cad9b3b418133c91370eb7
HOSPITALS,"$258,757.88","$21,244.44",The Toronto Hospital,Acting V.P. Research,1996,99337fcf814dc35e6286c4b715238f0a8a5cd2b2e10a78372de8fd2404aeba14
HOSPITALS,"$163,712.03",$491.28,The Toronto Hospital,Pathologist,1996,caa1964bfe00c612333fdd44dabd47ab2d5de052a814daa11ea41adbc211710c
HOSPITALS,"$129,208.31","$11,191.73",The Toronto Hospital,V.P. Special Projects,1996,fb29b228afa68647e50bcb2ef433b613050a1c9bbaaae1233d6def643c7a33ad
HOSPITALS,"$150,000.15",$7.56,The Toronto Hospital,Pathologist,1996,903d9fb70582889cae27922fd77f77d96c64fbdd4c816a5eaa3df58ecfea504c
HOSPITALS,"$118,469.00",$355.56,The Toronto Hospital,Pathologist,1996,3570dc254afa61d1adf90894569361240a4dabfe05cb4403bb623f25c6e51234
HOSPITALS,"$147,018.85",$337.50,The Toronto Hospital,Clinical Director,1996,e8e30cd39014b513747c6f55db2f2a1d155860f8a56cd415a47977a7183a5ec8
HOSPITALS,"$150,441.20",$451.56,The Toronto Hospital,Pathologist,1996,310bbf83d26769cbc9979e91bf8faaa3211a985de477c3d17a38beaa8d53c309
HOSPITALS,"$132,600.00",$400.56,The Toronto Hospital,Gen. Counsel & Dir. of Medical/Legal Affairs,1996,10fdf07957eaa005ac2fcf6400770a00545014111bc1d923b31e148eeb017e1c
HOSPITALS,"$172,083.31","$15,973.09",The Toronto Hospital,Executive V.P. & Chief Operating Officer,1996,f8739be7979f06e1bd9dae162f4e739396a9547ac9641333886601415b8e3b4a
HOSPITALS,"$148,985.20",$447.00,The Toronto Hospital,Clinical Chief,1996,679aee455ddcd8704523825b06209645695b25b3d52ade697529904f998eb51b
HOSPITALS,"$150,441.20",$451.56,The Toronto Hospital,Pathologist,1996,f8b4d756d86b7ce3af795697a9b225bc09a7b687e28c9d2fd9bd673963490805
HOSPITALS,"$165,000.00","$21,194.44",The Toronto Hospital,Executive V.P.& Chief Operating Officer,1996,303c4a9ba5f136c848947cc64c164226b8ab9b833e7d772a7afe5a3052ef7dcf
HOSPITALS,"$165,000.08",$495.00,The Toronto Hospital,"Head, Lab. Services",1996,c4c711750f76b4c6101cfc9bda6b13200b110e627cedb380aa89226f3aa00f50
HOSPITALS,"$100,000.16",$300.00,The Toronto Hospital,"Director, Pharmacy",1996,a717b43fd191cc1fca7cab1977dd6426ad494ce4f4174d959541694b624ca3de
HOSPITALS,"$105,000.00",$340.20,The Toronto Hospital,"Program Administrator, Cardiac",1996,8006820937cf812e06ff605144532cfa4bce9af3df5c54924ec1ba58bcf2b3d3
HOSPITALS,"$137,624.97",$315.00,The Toronto Hospital,Neonatologist,1996,0983df266368af599ee61cd05c6d7e46d550eb535bdf59585655ad952ed6e775
HOSPITALS,"$150,500.08",$451.56,The Toronto Hospital,Clinical Chief,1996,995ebbe49fb63e31407e052f8389162cda39d7f5e045b0c8b24030ccbaf07c85
HOSPITALS,"$150,445.88",$451.56,The Toronto Hospital,Pathologist,1996,fa2a276f7fb1deccb8e854b6812a5f83b693487a14893e53226a7afc67a7c910
HOSPITALS,"$190,590.31","$19,503.61",The Toronto Hospital,V.P. Nursing and Patient Services,1996,879c81a62325ede1455f0360a53d4917672c3690b16e8e927bf5381cdb82e943
HOSPITALS,"$132,725.01","$12,976.94",The Toronto Hospital,V.P. Business Dev. & Hosp. Facilities,1996,60dec162f2b9fdf52932ed8c4270dcedd66eab2a27eac9c41edc6614a739032d
HOSPITALS,"$137,216.82",$413.93,The Toronto Hospital,Pathologist,1996,77f0f00bb45d68c4f585584d41c3802db5c35c97ec96bfebeccd4e35cf49c6c0
HOSPITALS,"$150,441.20",$451.56,The Toronto Hospital,Pathologist,1996,baee84dd499da579cd3377759719675a76ac7e5afb07072894ebf26586f22505
HOSPITALS,"$128,137.88",$384.72,The Toronto Hospital,Pathologist,1996,e29d9fca2c45ee1e56acf50dc1ac9660faede002929cc7461f1b12961f60f310
HOSPITALS,"$142,487.80",$427.56,The Toronto Hospital,"Director, Pulmonary Function",1996,3b1eb3283df8bdd445be88f14001880c31bae8d8a3cdab052db1955353f14618
MUNICIPALITIES,"$100,647.41","$2,086.00",The Town of Richmond Hill,Town Solicitor,1996,3f7892b8e9827adeb420ddb98288815f8d5ef4a2b064d325b27a64277119088e
MUNICIPALITIES,"$124,147.39","$14,198.00",The Town of Richmond Hill,Chief Administrative Officer,1996,66bf39dad0b711c563673691549e2d3db135ccad2e36a2228e9e50efa6c1e346
UNIVERSITIES,"$175,882.00",$126.00,The University of Western Ontario,UC-FMCA Assistant Professor,1996,c9d50302da20f86779de6a7e185b0dd90f95c7c7c390c735d77a456002035061
UNIVERSITIES,"$103,894.00",$126.00,The University of Western Ontario,Professor,1996,4525a10cdebe1c9e4c0a3cb1acf0798ffaecd3acd3fa6f155c997f05f12c4564
UNIVERSITIES,"$101,112.00",$126.00,The University of Western Ontario,Professor,1996,623bad984847e8e809404a3205f4691739bebf47ce8525c60532f0964a989b69
UNIVERSITIES,"$130,457.00",$126.00,The University of Western Ontario,UC-FMCA Associate Professor,1996,71a4e3b2a77e903e6b4512c08fab635df1f7baa38d3254363c0b191695511c1c
UNIVERSITIES,"$120,288.00",$126.00,The University of Western Ontario,Professor,1996,34ba0f68296cf72ea58d1f462f8f1daa0f55c6e12c4d5eff7cac6b3db82b0f35
UNIVERSITIES,"$112,645.00",$126.00,The University of Western Ontario,Professor,1996,6085aa7a5ce66ff4b18e587c0bf3ee6d04d1bf31b9ab9c969765a17f5fd9da4a
UNIVERSITIES,"$111,857.00",$126.00,The University of Western Ontario,Senior Director/Professor,1996,8813bc5c3708100ab18acfd25796ddf1d7a9956e35a55633443207fd8978e2ea
UNIVERSITIES,"$115,546.00",$126.00,The University of Western Ontario,Professor,1996,34a23f0612a6e484fedc3f24b952daa9a75a4a1b321713fd7ce8ef14907ba802
UNIVERSITIES,"$175,882.00",$126.00,The University of Western Ontario,UC-FMCA Assistant Professor,1996,e64b9bd0c9a3304072b77061184a7f0427ce189a033c141f9b4e69971d12cfc2
UNIVERSITIES,"$108,558.00",$126.00,The University of Western Ontario,Chair/Professor,1996,47283e5a67265d7bb98d9f9789845bcfffa1c291d833b4be5e07391225033876
UNIVERSITIES,"$154,270.00",$126.00,The University of Western Ontario,UC-FMCA Assistant Professor,1996,3ba7019c57df1126ba9d40d695c3bbf8b19f53cd0063fd733443dc2591a41e24
UNIVERSITIES,"$115,024.00",$126.00,The University of Western Ontario,Associate Professor,1996,903cda89932400efb10fc69c70a718b0f45d6031be4979577e53e368d7a38e4d
UNIVERSITIES,"$111,687.00",$126.00,The University of Western Ontario,Senior Director (On Leave),1996,fa158deaa0bce425991300c3256e8c9ea4499fcdd20b2ce914c7fd131fec8b40
UNIVERSITIES,"$157,623.00",$116.00,The University of Western Ontario,UC-FMCA Lecturer,1996,9a6aa7f7938c5bd1fc58258f727d1c732ab47e46c13bf5aee8c99b647577d64c
UNIVERSITIES,"$153,527.00","$2,918.00",The University of Western Ontario,Vice-President (Research),1996,46af0f0e104bd692c3aa8a0faf7de2219d23653b76cf7a03f0303719ce9a0c74
UNIVERSITIES,"$159,230.00",$126.00,The University of Western Ontario,Dean/Professor,1996,e3be058471b68b1b5ced05d0790d2b83d10e67394b2cad1b54a1c04e113ae895
UNIVERSITIES,"$113,054.00",$126.00,The University of Western Ontario,Professor,1996,042d879c392d48770d44d6e34cabfaf4f4644818db4a3cff0884a8dd85817438
UNIVERSITIES,"$109,675.00",$126.00,The University of Western Ontario,Professor,1996,fadb8bbb830b3473486c9e1cc67b7c72b9aeea03e5f75602c1e1d8313c47af7b
UNIVERSITIES,"$129,453.00",$126.00,The University of Western Ontario,Professor,1996,487d02f4ece7d6ab000f12dbb6fef36a9bf7e47435178edb0b1eeeb0b3c00458
UNIVERSITIES,"$119,340.00",$126.00,The University of Western Ontario,UC-FMCA Chair/Professor,1996,ea75a2ce071deb0690fbb7dd3284427b7dd9e6407f36bccc5296770a433bc1b9
UNIVERSITIES,"$103,672.00",$126.00,The University of Western Ontario,Professor,1996,70fd19ef38e63cc3d98ebe3a9699db1cbe36c17bdc44379c155114e045cebaf5
UNIVERSITIES,"$175,882.00",$126.00,The University of Western Ontario,UC-FMCA Lecturer,1996,29d2765facb6b7f9086916442b95b9589d1ce04109a5e3c384fa1cc48cb42c2c
UNIVERSITIES,"$134,270.00",$126.00,The University of Western Ontario,Professor,1996,bae0995cc35b2bb7d8daf0ca91781c1c4e720ffbd2bc0e5f0e0b135ef856878a
UNIVERSITIES,"$118,404.00",$126.00,The University of Western Ontario,Associate Professor,1996,8a168b9f2a15eeffe1b11a25532ec537839eea5c7fc4696c10fe22decad341a0
UNIVERSITIES,"$104,137.00",$126.00,The University of Western Ontario,Assistant Professor,1996,693bf3e4704b5f5ad09252040fcb1713777dcb6b5e4e1a54dc93b5c1648b1505
UNIVERSITIES,"$125,547.00",$126.00,The University of Western Ontario,UC-FMCA Professor,1996,d49c165dac04ec3548af2ab0685ccd4887d5a2cc6dd905af587aa46b62bc948b
UNIVERSITIES,"$163,211.00",$124.00,The University of Western Ontario,UC-FMCA Lecturer,1996,38aa2968ee7e94845dd3f819368e3f312683d4832cc5d6467595f88aa7c01f02
UNIVERSITIES,"$115,009.00",$126.00,The University of Western Ontario,Professor,1996,413f75449e6ce17d57f0e05534cd2f3104e6fcbc324a8fe28e85b83941b4bf0d
UNIVERSITIES,"$140,541.00",$126.00,The University of Western Ontario,Professor,1996,1dce79ce192a352a5534df9671227a35887d5e25e5cdb05976c79d7d7bc454c4
UNIVERSITIES,"$203,052.00","$15,460.00",The University of Western Ontario,President/Vice-Chancellor,1996,b09817e066904ad07ae3f428ba9250d583502390b11ee55c44b08bd238f03c5e
UNIVERSITIES,"$100,799.00",$126.00,The University of Western Ontario,Professor,1996,53a9a1fc9312e00e16d2b3603a066f1874e313bdc93b783f2ab1de6060da7a62
UNIVERSITIES,"$105,137.00",$126.00,The University of Western Ontario,Professor,1996,6dd5a830fe3cdac4af535bf84ef204e8b85558e8e97d3ef3a93da36d946d2b9d
UNIVERSITIES,"$120,128.00",$126.00,The University of Western Ontario,Professor,1996,d98cf2d6c89cdcf297d3de5654f36a4b845719aa9837ae2e380b189e153686e0
UNIVERSITIES,"$161,682.00",$126.00,The University of Western Ontario,UC-FMCA Assistant Professor,1996,3718f5f0c706da9e300f646f8b7ca09d5c4f77ee8eaf79859a2ab6506e622289
UNIVERSITIES,"$112,621.00",$126.00,The University of Western Ontario,Professor,1996,630f6da1be7702afc228c7f71ad796d83ba7c1d97a3669a439922f254acc2ee5
UNIVERSITIES,"$175,882.00",$126.00,The University of Western Ontario,UC-FMCA Assistant Professor,1996,be56286bdd6d3bd93544c9593ec4bd488daa90fa75d860e0ced6d983b3345dcc
UNIVERSITIES,"$100,107.00",$126.00,The University of Western Ontario,Professor,1996,b23626fc490c04f6639820e2e4dc207b335f03cdce47ad76b4926726858d3382
UNIVERSITIES,"$104,841.00",$126.00,The University of Western Ontario,Associate Professor,1996,e80524914d2d09f869ddd3b9891b8c9a58a5bc652837e96c5d5d9690d1a33275
UNIVERSITIES,"$116,882.00",$111.00,The University of Western Ontario,UC-FMCA Professor,1996,ad9de812f754fe8b45331cbaa9a937e5d713d7e49510bbe69983ba92e7e79382
UNIVERSITIES,"$108,271.00",$126.00,The University of Western Ontario,Professor,1996,67718831508a405c9f2a9e1e95ea964241a0799704f3b1da4bfb3690a1a97be9
UNIVERSITIES,"$161,022.00",$126.00,The University of Western Ontario,Professor,1996,4a1e5bb54c2c54214190f0ea10cb16bb33627c48c60caecc3a0fc154cc60f9c4
UNIVERSITIES,"$122,366.00",$126.00,The University of Western Ontario,Professor,1996,b458216f47629d4e2804dbbb5866a97150423f8d074d198a72d74d470b8f25d0
UNIVERSITIES,"$105,076.00",$126.00,The University of Western Ontario,Professor,1996,8e7f6e5859ac68348125251eff4e0f5137de030ca242fd587582e168ce5c79e5
UNIVERSITIES,"$133,718.00",$126.00,The University of Western Ontario,Vice-President (External),1996,6d64068377f84cab904ae3a11f8a27be7ab5a877829a79442c52cb79363f2a23
UNIVERSITIES,"$123,877.00",$126.00,The University of Western Ontario,Professor,1996,0547cdcd0529d1d1913c7f48278a516c988a4824f22b898effbc3287c1e30697
UNIVERSITIES,"$100,899.00",$126.00,The University of Western Ontario,Dean/Professor,1996,a49193b38dca031dcde64fe1fc1c5f1388c55f66c8aa0edeffd4403820264e0c
UNIVERSITIES,"$154,721.00",$126.00,The University of Western Ontario,UC-FMCA Lecturer,1996,1c183742ad0fb1e539b6d10ac8f1c77ffbd8d9e15ade374cd7f619c6c05b0cea
UNIVERSITIES,"$101,855.00",$126.00,The University of Western Ontario,Associate Professor,1996,4b2c37b5fd77178cbc3754a5b4b4e3c11ee7f8e4555f69e5579bbe202d53117f
UNIVERSITIES,"$121,401.00",$126.00,The University of Western Ontario,Professor,1996,6fb5e4c5153f4e278641fa8b47dd9ffc2fb8a9504870243d47c94e92b3821330
UNIVERSITIES,"$103,217.00",$126.00,The University of Western Ontario,Associate Professor,1996,89182688b2b1317c6a6d8c568bfdb745f71e3c93e42f7701eeda56e94171f557
UNIVERSITIES,"$104,391.00",$126.00,The University of Western Ontario,Associate Professor,1996,139f1ab58f8ea310a5fa20f1ec065daf6a5f8338a2ceaed51b681d9128cd42df
UNIVERSITIES,"$133,037.00",$126.00,The University of Western Ontario,UC-FMCA Assoc. Dean/Prof.,1996,7834e29806cc1ebfd4d8a642f7df271e2ccc134fbfbe8ff6ba56e080b224bf73
UNIVERSITIES,"$119,220.00",$126.00,The University of Western Ontario,Professor,1996,41e4f74f7ec5d173841d0805bfd96af814648da81fc35850e59c44e66f40df3c
UNIVERSITIES,"$102,324.00",$126.00,The University of Western Ontario,VP & Registrar/Professor,1996,432a70b8864f237c70950591dfeddbca55fffb350302435bbf4704d464faf70a
UNIVERSITIES,"$108,568.00",$126.00,The University of Western Ontario,Professor,1996,1017d9875bbd6dd20a6e7d3ba06a1d64db9d1cb987b51f0c3390b1cf0fce4b39
UNIVERSITIES,"$101,585.00",$126.00,The University of Western Ontario,Associate Professor,1996,c7b1a168080ebbbc659d64d3702e7a7bf869baa23d4742990e64e009dc43e57f
UNIVERSITIES,"$157,623.00",$112.00,The University of Western Ontario,UC-FMCA Lecturer,1996,8993f03bff361b5c42f32ff606005755773867bbba930732bf26515b6f737d0b
UNIVERSITIES,"$112,051.00",$126.00,The University of Western Ontario,UC-FMCA Chair/Professor,1996,a3b437e1ded0ba22f9bdfeb28f2ce73970b35694a491d9b631c40483e7ea25d3
UNIVERSITIES,"$107,672.00",$126.00,The University of Western Ontario,Associate Professor,1996,171d01685ad98775fe9391122421ed88ee6a920c08a9346845bb4d5d8ee12016
UNIVERSITIES,"$103,237.00",$126.00,The University of Western Ontario,UC-FMCA Chair/Professor,1996,20bf02c79d4dd4243f151d34d40d85adde4fac8ca6acab305c4d5272866518e8
UNIVERSITIES,"$106,014.00",$126.00,The University of Western Ontario,Associate Professor,1996,2e096717f564df69c71ccdd71042ad572414b630a22dce2c18493c8871f81be9
UNIVERSITIES,"$100,864.00",$126.00,The University of Western Ontario,UC-FMCA Professor,1996,b16fe89b10288e4452a196920aad4a3730c067cff171d696105de08db1697127
UNIVERSITIES,"$102,939.00",$126.00,The University of Western Ontario,Professor,1996,1c3c51de38ee5f8f8bf922d60e1cc08e5a926ae06fa5a6d6ccacad25dc6a20ff
UNIVERSITIES,"$143,141.00",$126.00,The University of Western Ontario,Dean/Professor,1996,7eee808a639e1e15584de68d9db84640ef7de7332994994b5c7d9e76df0af78a
UNIVERSITIES,"$100,338.00",$126.00,The University of Western Ontario,Director,1996,07252f2d2e00f26d61eafac13f9132d3d08e240358d7cac3db413ac0e4e3f11e
UNIVERSITIES,"$104,739.00",$121.00,The University of Western Ontario,UC-FMCA Professor,1996,b65121b6c94cf44b5eddb96c36163066cf8410a2fe421a261481edc669aeefd0
UNIVERSITIES,"$101,562.00",$126.00,The University of Western Ontario,Professor,1996,fc9870cf752ada396d03cc7c7e0f0321d7dc964eb52f480495625f7a5e31c99c
UNIVERSITIES,"$113,149.00",$126.00,The University of Western Ontario,Professor,1996,68bcaf98d47e0a0db16704b41e9f91a7f449dad0cffe503fd18d191fb292c176
UNIVERSITIES,"$175,882.00",$126.00,The University of Western Ontario,UC-FMCA Lecturer,1996,24ec7e152a25d2817ccdc6f7053d6dd92706f6db65ce3e6c46ed9fb0327b5ac8
UNIVERSITIES,"$107,233.00",$126.00,The University of Western Ontario,Professor,1996,0bd6c984f1a507d7375b9e9028954d2f4f46636d946b2eb1adc958c51ce069cd
UNIVERSITIES,"$100,751.00",$126.00,The University of Western Ontario,Chair/Associate Professor,1996,dce0db47df2318fcaf85161d906e92d799264f3e34447de78dd845c407b6d33a
UNIVERSITIES,"$100,254.00",$126.00,The University of Western Ontario,Associate Professor,1996,ed3046dcd1cf901ecbe3eb08143e911b23fc8a9751b66c0fbec8ed4a9b43eba9
UNIVERSITIES,"$118,389.00",$126.00,The University of Western Ontario,Professor,1996,ed6cb2bcedf6f79383825851d41ca3bdf6755388639bee2b38b64eea56eb4ca8
UNIVERSITIES,"$118,011.00",$126.00,The University of Western Ontario,Professor,1996,b198655a1dd5ad282c129aa186ee8e342b4018182d2451514053443ff796cf1b
UNIVERSITIES,"$107,406.00",$126.00,The University of Western Ontario,Professor,1996,0af78bf0255b52a71a1b9a57e2383acdb2b18dea571f1b1b81afa24a5ef0f016
UNIVERSITIES,"$115,573.00",$126.00,The University of Western Ontario,Dean/Professor,1996,72cd60b5e33e66fc80d8a1ce38e61eaa0c7f0e423bfb7b5248e6add20feb6805
UNIVERSITIES,"$115,373.00",$126.00,The University of Western Ontario,Director,1996,3d22a6a88def310f0c9bce7cf8c794c0b34e4f843a6ffd5ebababd59d887db56
UNIVERSITIES,"$106,089.00",$126.00,The University of Western Ontario,Professor,1996,524d58947651790a1ba1718c3330454b998b6a0f469f98370145b2ff1c6bab36
UNIVERSITIES,"$104,964.00",$126.00,The University of Western Ontario,Professor,1996,3af5e1a85f8096d4841dafc69a1354dd1081df013377730feccb39197b09c809
UNIVERSITIES,"$106,744.00",$126.00,The University of Western Ontario,Professor,1996,0c97fd6010bfd6f15523b2f3724db5f468d776ed7df6002dfac92dd50184a9a7
UNIVERSITIES,"$129,083.00",$126.00,The University of Western Ontario,Dean/Professor,1996,111a179f9a6c04bc75de21523b82d17aa95d74ce4eece5dd965a3d44d453b243
UNIVERSITIES,"$256,524.00",$126.00,The University of Western Ontario,Dean/Professor,1996,af1d4654f290f67af4cde14382fad6e6b2bf48227a895bb36c0cff83d59dc019
UNIVERSITIES,"$104,183.00",$126.00,The University of Western Ontario,Professor,1996,3b3346611dc9bd66d6d01a659824b85252e1264c9187a526c3a308a71763d1cc
UNIVERSITIES,"$178,290.00",$126.00,The University of Western Ontario,VP-Admin/General Counsel,1996,0ee5dec2e413566d7c2314cec55af782d3225b8159e2e870577d513f07d3b511
UNIVERSITIES,"$116,220.00",$126.00,The University of Western Ontario,Professor,1996,cd6330e65c72dc349bff8b87fd32922520b687c39384570c75f57566a0f3e98e
UNIVERSITIES,"$112,280.00",$126.00,The University of Western Ontario,UC-FMCA Chair/Professor,1996,301ca9316a9a2f9455c1a3b07d8131713240cade8561c15da0c3316d21baff5f
UNIVERSITIES,"$110,264.00",$126.00,The University of Western Ontario,Professor,1996,328bbc0cdcc8585b3f6d3f837fda52bbbd6566cf5937b44f556e61e3dd9d8873
UNIVERSITIES,"$143,670.00",$126.00,The University of Western Ontario,Provost/VP (Academic),1996,3c45e5b168fd91dd55ae7c03e521170e9ebc5e7400458999fbdbed2921e5394c
UNIVERSITIES,"$133,487.00",$126.00,The University of Western Ontario,Dean/Professor,1996,ecea94dfd972dac31fe14fceb0c3ddf541175a491d20ea4f44739d420c25e639
UNIVERSITIES,"$153,153.00",$126.00,The University of Western Ontario,UC-FMCA Associate Professor,1996,1f51ce0298c389322bfcf4e2fda67cf2b0c419f71c779aab55512a34190fc058
UNIVERSITIES,"$100,765.00",$126.00,The University of Western Ontario,Professor,1996,6ed49c8eaaadb092eba908543b93242ac87dbd36afdf93990b3cbfa6d0f49ae4
UNIVERSITIES,"$117,472.00",$126.00,The University of Western Ontario,UC-FMCA Associate Professor,1996,4b9d414158682125be698883373c8bdffad413778df880ed3331a6222b143533
UNIVERSITIES,"$157,976.00",$126.00,The University of Western Ontario,UC-FMCA Associate Professor,1996,b2763794626c8b8acbfc299c3e64996c5c286661028236cc894c268b8e0dbc52
UNIVERSITIES,"$104,145.00",$126.00,The University of Western Ontario,Associate Professor,1996,96ddc3f175ec89810da7b7ae0962aa98bd0236e1c565d8bcbf8d1739fa5dcf04
UNIVERSITIES,"$110,455.00",$126.00,The University of Western Ontario,Dean/Professor,1996,9efca2fe8e261b5847f5040ff1e95f9f03981d43848aa5cf7a5d331d81d5c2cd
UNIVERSITIES,"$103,005.00",$47.00,The University of Western Ontario,Past President,1996,4ed54e484014e66c9729578497795e5edb2dcc80d6ec78ada1f681bec17c3f85
UNIVERSITIES,"$105,452.00",$126.00,The University of Western Ontario,Associate Professor,1996,2078da84b5a4e2122f86ce91006cfc675dd0baeae04a50fe821fbc36bf389f88
UNIVERSITIES,"$121,091.00",$121.00,The University of Western Ontario,UC-FMCA Chair/Professor,1996,772019de400c32c68019b76767fae128137934852b0d6cbfb7cd919cfeebdf88
UNIVERSITIES,"$108,028.00",$126.00,The University of Western Ontario,Associate Professor,1996,187d495d3204c92a27beac8d62bb5cfe3e5bf30c8dad7d0deb212926c3f3705e
UNIVERSITIES,"$108,182.00",$126.00,The University of Western Ontario,Professor,1996,97b1fa295e097fd2f2ac471e5f6fa693c05b51ce5eb77db559693f56b5b634f3
UNIVERSITIES,"$154,721.00",$126.00,The University of Western Ontario,UC-FMCA Assistant Professor,1996,621d62231133582f7f90c9d225c291ba62034831e14204e285a9203152bd5dad
UNIVERSITIES,"$124,340.00",$126.00,The University of Western Ontario,Professor,1996,77c84f2652375e97a33ac4015d0a4143d3a6aeed7a9080d7f34b9867e53a1c2a
UNIVERSITIES,"$101,421.00",$126.00,The University of Western Ontario,Senior Director,1996,b7f5cca25d4f603414f12252f0321046349f1422f418c358f63bbe9fce910e91
UNIVERSITIES,"$117,289.00",$126.00,The University of Western Ontario,Professor,1996,20cf01399ee2944d52c3a8331ae6833278c36a9b8bd3663edb815b1f7d5d8c1c
UNIVERSITIES,"$100,904.00",$126.00,The University of Western Ontario,Associate Professor,1996,f6feb76a25fb539c444c74a4d63902654846000a576c077c12cbef50a0bbae07
UNIVERSITIES,"$114,605.00",$126.00,The University of Western Ontario,Professor,1996,12f77609aaa3ca7be11544122f340f0970064e6981ae5f945a4814d55b9f31c4
UNIVERSITIES,"$112,593.00",$126.00,The University of Western Ontario,Professor,1996,b4ab1b7adf662ce7f5356830d40cfaaae6a096fa9aeee65e0459f848e83a7c40
UNIVERSITIES,"$154,764.00",$126.00,The University of Western Ontario,UC-FMCA Assistant Professor,1996,e1ba7ff9cdd9df714253463224a401cdd9af2a49d9282c4a7ae01d365543046b
UNIVERSITIES,"$171,147.00",$77.00,The University of Western Ontario,Professor,1996,7394bafccfa74ba18e62c700a268696eb834e3f66ac81c79ddbc41e42aab1698
UNIVERSITIES,"$107,259.00",$121.00,The University of Western Ontario,Professor,1996,823cbf4ed99db62f917896f0513ff5363da511f008a92111579b67d02d04451c
UNIVERSITIES,"$101,794.00",$126.00,The University of Western Ontario,Professor,1996,b2e5752f76c86d90b006cf923be19f1aa744db2f1965c76588767c762c821535
UNIVERSITIES,"$100,046.00",$126.00,The University of Western Ontario,Professor,1996,b88492f2b719dfe41986d0ad0fbaa5b5cac77ee7641f95d30077323292ccea64
UNIVERSITIES,"$101,374.00",$126.00,The University of Western Ontario,Professor,1996,a2a4e67c7667d49627b0d06070c97b01ded4fb5f4f7ae87217c76f083a081842
UNIVERSITIES,"$100,647.00",$126.00,The University of Western Ontario,Dean/Associate Professor,1996,9067725ceed5490822682fe588638eac2552c33543115f62aa6acf5105ed637f
UNIVERSITIES,"$218,290.00",$126.00,The University of Western Ontario,UC-FMCA Instructor,1996,93dc8606e4144b2bdc761c2c319a88ff7d140b7163b0f7459f4cc7c58cd4c50d
UNIVERSITIES,"$154,721.00",$126.00,The University of Western Ontario,UC-FMCA Assistant Professor,1996,9cb23729e968f0db850b47d332761c9c4505bc1f2fe74ecb6eb076ad444fa2b3
UNIVERSITIES,"$103,666.00",$126.00,The University of Western Ontario,Associate Professor,1996,b15fc7224e3927a54cc724b4ebc53c60e9db45eed4cfa44b9395ea66acf60929
UNIVERSITIES,"$169,767.00",$126.00,The University of Western Ontario,UC-FMCA Assistant Professor,1996,4a22d8bf2724e7f36e1eed50242b5eb297d3beb10b58bf2ecb7f1146fd4bb77f
UNIVERSITIES,"$154,721.00",$126.00,The University of Western Ontario,UC-FMCA Assistant Professor,1996,8b2ecce1d0cf57b6e9cae462db8a1be22787071e5587d2fa9d644ce6c7471601
UNIVERSITIES,"$149,600.00",$126.00,The University of Western Ontario,Dean/Associate Professor,1996,1a55c0eef2de3d8ea945bcf1c852f4c40ab808ae1dcb6cd0fa29fb0f4cf6c5b5
UNIVERSITIES,"$116,575.00",$126.00,The University of Western Ontario,Dean/Professor,1996,1071c0b4cc25bb13ba0b120b6bf9c149c1dfd6ac5954970da598e28a66485287
UNIVERSITIES,"$100,807.00",$126.00,The University of Western Ontario,Associate Professor,1996,cbf99066344c620120a855c1e91a949728aae0488bf7c35682a7666bfb3cb213
UNIVERSITIES,"$121,697.00",$126.00,The University of Western Ontario,Senior Director,1996,fccd3b31c154826bb4aeba895fb86212d261a53483878ccec335393d6eba0ccc
UNIVERSITIES,"$102,573.00",$126.00,The University of Western Ontario,Professor,1996,f699c103cf0aade56f1eb17664d23dfb556b8cd9a6eec89f8afcb7320b8ac1c9
UNIVERSITIES,"$175,882.00",$126.00,The University of Western Ontario,UC-FMCA Lecturer,1996,72c86c2504075f74690a7a638d426dfcfbfd4d6d5cc78428d497f2ebe6c2b509
UNIVERSITIES,"$101,441.00",$126.00,The University of Western Ontario,Professor,1996,145e030aa056396691373740a8fa9004219d39a44abc1784d00e690c6620030a
UNIVERSITIES,"$107,737.00",$126.00,The University of Western Ontario,Professor,1996,f06296994099d60e34259dde599a66e6501ab5870d0fa4fdcb60d30c1b1cc7b5
UNIVERSITIES,"$105,397.00",$126.00,The University of Western Ontario,Associate Professor,1996,a5cc3ea32141dc2b2cbce12cc13a4af2fafb7a11ccbe926cbc372175403144fc
UNIVERSITIES,"$105,973.00",$106.00,The University of Western Ontario,UC-FMCA Professor,1996,222c3583b240bac421e5ee6e62ca3555b59acb13ce27cab397a7ea94463ea330
UNIVERSITIES,"$124,179.00",$121.00,The University of Western Ontario,Professor,1996,376d8d33bf88aeda4ba2345b6222be11a9b4bab6989feac7d71cae2ffd55c5b0
UNIVERSITIES,"$110,555.00",$126.00,The University of Western Ontario,Professor,1996,5ba8b35b3aecdaaa6434793821aa6d74bd55a4cc10e7893fae397a15280a78dc
UNIVERSITIES,"$156,072.00",$126.00,The University of Western Ontario,UC-FMCA Associate Professor,1996,ebc251342fd97e164542cea4d593e950a9b6f20e86278778973013020c8a07c9
UNIVERSITIES,"$101,665.00",$126.00,The University of Western Ontario,Professor,1996,dad275e72443dcb028dcf3306a58cecdd08fe9cc167ec10152419aa8a6dad5d8
UNIVERSITIES,"$101,646.00",$126.00,The University of Western Ontario,UC-FMCA Chair/Professor,1996,4836f406cbfe52a99cf85d33f4d4becc311f204a56d3e1631bbe37da60055ec2
UNIVERSITIES,"$106,387.00",$126.00,The University of Western Ontario,Professor,1996,6d58c9b4b1a74bdb79de774273480cbea3f67a52fbde1033bbbde3cf2a3c7907
UNIVERSITIES,"$113,662.00",$126.00,The University of Western Ontario,Professor,1996,8cf83d9d54158b475de54a58e4f2fd0427e01ec7833b514d931c109ca76f0c1a
UNIVERSITIES,"$101,099.00",$126.00,The University of Western Ontario,UC-FMCA Professor,1996,7893b62b4f1f761804d9feef38a4f984d9ef4424764989f9aa2258c917bf731b
HOSPITALS,"$121,241.54",$521.25,The Wellesley Central Hospital,Pathologist,1996,cdfdae82b8dcce054a7f806134b5acd199834f4e6521c8f8f059b8dc5860a631
HOSPITALS,"$154,317.43",$657.20,The Wellesley Central Hospital,Pathologist,1996,790aaa634232cab43c57fd7eed599bc40d196688671a7baab48dfff13158f4c9
HOSPITALS,"$140,791.16",$605.50,The Wellesley Central Hospital,Pathologist,1996,c20c799da01bc4bd90c0abc7f18780eb52c09c0adf1d113f5447201971807a5e
HOSPITALS,"$103,536.86",$653.95,The Wellesley Central Hospital,Chief Financial Officer,1996,6084a1ad690a4b1209f7d17e27d987e24c9da149a2cd09eda9636dfd7516bae8
HOSPITALS,"$111,130.69",$732.54,The Wellesley Central Hospital,Chief Microbiology & Infection Control,1996,55d60111b32bc026fd578938e19c30ca8fceb0d205173ffeffaf153f9235d8c4
HOSPITALS,"$180,000.60",$777.69,The Wellesley Central Hospital,Lab Director,1996,ba68b0cf90f5e51922163dd957302e600cab48ddbcde7ae30db3a65a371b58a7
HOSPITALS,"$170,367.60",$734.61,The Wellesley Central Hospital,"Chief, Pathology",1996,ce8edd11b27dd2afbe4a77814ac4098311ebd98d82e96ed39c99bb8ebf274467
HOSPITALS,"$148,153.20",$639.78,The Wellesley Central Hospital,Pathologist,1996,203cdc230fe2c112e6580fa1cdcbeaf43c2d1f92fb380c576ec9d46545165472
HOSPITALS,"$201,139.76",$0.00,The Wellesley Central Hospital,VP/Acting President & CEO,1996,c8d7df57bf0cb976f020d33de9cca5a5ee09f01d2f13d61cd692f1acdb422c21
HOSPITALS,"$105,688.78","$1,434.86",The Wellesley Central Hospital,Vice-President,1996,bdfd983e8679cc8f5c6da8a62a8b3f00dd50a4297334c4cc96da1f7c92c1b536
HOSPITALS,"$117,421.20","$1,012.62",The Wellesley Central Hospital,Vice-President,1996,eef5e2a5e2dd15f7427f887739d54c3f356f17702868f910b35bd6ee795e9bf8
HOSPITALS,"$144,201.20",$622.53,The Wellesley Central Hospital,Resarch Director,1996,df6ec34ee45a144bfe6b1a2d151a5d7cf7928a9f119ba81c0d74af5860350e6d
HOSPITALS,"$176,209.60","$3,717.72",The Wellesley Central Hospital,Vice-President,1996,669be9be92da9d88bbc6a44b42a36a94ac3518e28466318fea038190bf59fd61
HOSPITALS,"$249,544.95","$9,663.78",The Wellesley Central Hospital,President & CEO,1996,8cda40e8455aa37ee9c5082ac8035602dba9f269ac20746ba163c9648eff7f46
HOSPITALS,"$148,153.20",$639.78,The Wellesley Central Hospital,Pathologist,1996,4329eede17c38c77429e7f7f82444a4f0e04fdf151ae2d75216d023a044e6213
HOSPITALS,"$117,421.20","$1,012.62",The Wellesley Central Hospital,Vice-President,1996,22d23d24b0c6802275ce4ce7baf39914c48b04251469d6af2b0b2ec14368c8ae
OTHER PUBLIC SECTOR EMPLOYERS,"$140,944.18",$657.54,The Windsor-Essex County Health Unit,Medical Officer of Health,1996,36245a57e4751b19d168e55c1149768ce29f4789a4a9475a249e43483546dec9
OTHER PUBLIC SECTOR EMPLOYERS,"$113,299.00",$576.00,Thunder Bay District Health Unit,Medical Officer of Health,1996,0b886ec1bcd1757ea44bcacb3e4d628db78e37932b1697ae7448bdf0539261a1
HOSPITALS,"$134,789.37",$561.70,Thunder Bay Regional Hospital,"CEO/President, Thunder Bay Reg.Hospital",1996,c39406a26a7c746fd48704aebe5ed07f7843cf1a4555ac4740bde80bcfe01fb8
HOSPITALS,"$123,140.16","$4,903.50",Tillsonburg District Memorial Hospital,President,1996,b631a19e780707cdda0cca791f37e2208b5c5e0f73aaab7db5072050a5b16d11
SCHOOL BOARDS,"$111,618.00",$801.00,Timiskaming Board of Education,Director of Education,1996,5350db10e7312bfa34129b47cb4021ee634aff794daba02f5a3788c6e166ad90
SCHOOL BOARDS,"$101,871.00",$729.00,Timiskaming Board of Education,Supt. of Schools,1996,8c584e5e603c23eccf2faf0a9d8e2e3a4c8a4f8bbd10c41f6a8bb62ff64d9aff
SCHOOL BOARDS,"$101,871.00",$729.00,Timiskaming Board of Education,Supt. of Business,1996,e1c949703dfb8283b66ea39ad6b309c0fecdd2517199ad4474b3a22585618a7f
HOSPITALS,"$123,494.24",$546.61,Timmins & District Hospital,Executive Director,1996,b3290d059a6d90345a78f07a5fb6115068bc1b8d4ce79571f6fce673ccbcd7eb
SCHOOL BOARDS,"$108,461.90","$4,062.00",Timmins Board of Education,Director,1996,dc023e08908c6e6a566055e55966c9848acb7e6a1519f8cd8ae9d41d139fc2a2
SCHOOL BOARDS,"$118,698.98","$1,008.12",Timmins District R.C.S.S. Board,Director of Education,1996,bd1957f1572eefe0792a4d9e3622d9950fc59d7742aad6f8c8e45f9c4bc00229
CROWN AGENCIES,"$119,564.00","$2,051.00",Toronto Area Transit Operating Authority,Managing Director,1996,1c6b05db4fd741f9f5453248b97f3e7a6814e23425f95084a4871677a6d65d7c
SCHOOL BOARDS,"$114,271.49","$3,001.28",Toronto Board of Education,Superintendent - Teacher Staffing,1996,8d581abb19456471a8015cc8759bf9ae529ddb524dbfc8d45abe2109c870524f
SCHOOL BOARDS,"$114,164.57","$3,001.28",Toronto Board of Education,School Superintendent - Secondary,1996,fc019aa26594144300665aa6dc9e938aec1642405a90b79df8f8ae6c17f7e75d
SCHOOL BOARDS,"$118,911.05","$3,001.28",Toronto Board of Education,School Superintendent - Elementary,1996,0288e784125af15a2bbbd0d780bc8d3e3956c563215d3c7004cb7b2e10645cc7
SCHOOL BOARDS,"$110,063.76","$3,001.28",Toronto Board of Education,Superintendent - Employee Relations,1996,d0f32612f1812366f97c0812db98addc8137a0c89534afcdd335c21caefc4dc1
SCHOOL BOARDS,"$114,110.57","$3,001.28",Toronto Board of Education,School Superintendent - Elementary,1996,5ad3f2533eea81c6aee980d7bdadafea9106b29f397940a13bd4ffcba4bf1c49
SCHOOL BOARDS,"$109,305.80","$3,001.28",Toronto Board of Education,Superintendent - Curriculum,1996,5e3f56567223882d82188fb095f07380b7fbbf2057e8a5f3bfe2876b323999a5
SCHOOL BOARDS,"$109,591.69","$3,001.28",Toronto Board of Education,Superintendent - Personnel Services,1996,58a0cd22145596fa3bf943462a241d555a409261de97f74b53dc2f8f020836f3
SCHOOL BOARDS,"$103,016.92",$0.00,Toronto Board of Education,Adult & Continuing Education Officer,1996,c536bb72912c8eefc24ac9d4f7aa8902906929f01f53fec8346ab91444bd40fe
SCHOOL BOARDS,"$153,486.34","$19,442.75",Toronto Board of Education,Director of Education,1996,1528b5c5b380e3f89b33a7b5e8c006619ddfad134a7951ca41de026f8b492edb
SCHOOL BOARDS,"$103,016.92",$979.35,Toronto Board of Education,Superintendent of Plant Operations,1996,6e75808ea8d455595c6d0ab0355ecddda5aa786f50ffdbfadc9e463e1cf2589b
SCHOOL BOARDS,"$128,887.72","$4,604.72",Toronto Board of Education,Associate Director,1996,ad1450431ba3e1fd6406f9bc842c95b579456b3a438432c5a661a4682863fda0
SCHOOL BOARDS,"$114,164.57","$3,001.28",Toronto Board of Education,School Superintendent - Elementary,1996,835bbe8524e75c62793a2e5495b5ab415e2aff917c4a6c93db65c77ea63852bf
SCHOOL BOARDS,"$122,360.83","$3,001.28",Toronto Board of Education,Senior Superintendent - Business Services,1996,b7a17b0761012f68deb06c62c0381343d322c774a6e2d75364614b136fc11b80
SCHOOL BOARDS,"$122,115.51","$3,001.28",Toronto Board of Education,Senior Superintendent - Curriculum,1996,ab379604601ebbdd5c2d9b853da4164d74b46292e42c1d352684d1a9b78ca8ed
SCHOOL BOARDS,"$102,502.53",$979.35,Toronto Board of Education,Senior Manager - Library Services,1996,869423314d5e48b18ef86842bd88498279a330034902366e48d947e70bee3e29
SCHOOL BOARDS,"$113,954.87","$3,001.28",Toronto Board of Education,Senior Superintendent - Curriculum,1996,7ddb6036f4b2c28d77544c9cc4e0556149a18ec7cd0d851afeb98be5d5d990b6
SCHOOL BOARDS,"$114,052.01","$3,001.28",Toronto Board of Education,School Superintendent - Elementary,1996,7b351d3ff99d94a4414f68e83ccbba397db2b3212f8510e233175112f030967f
SCHOOL BOARDS,"$118,862.00","$3,001.28",Toronto Board of Education,School Superintendent - Elementary,1996,5a97d37e15e85e5266b0fb03315e0b2c3b49591997fc366a10c41878b1545871
SCHOOL BOARDS,"$103,016.92",$979.35,Toronto Board of Education,Senior Co-ordinator of Social Work,1996,1482c3e3fc1378c9d4520cc177231dd7d0377758b3367610ff14d70d9eeced65
SCHOOL BOARDS,"$103,016.92",$979.35,Toronto Board of Education,Superintendent of Design Services,1996,6798eea4a7e9257393cf2d665d66c865df9e5c04754d74b645fb34e82a1627fc
SCHOOL BOARDS,"$119,698.10","$3,001.28",Toronto Board of Education,Senior Superintendent - Human Resources,1996,3cdd0c382dece75375668e0be1f618fc698e45f5da80fe4c7f5af6db03da5e95
SCHOOL BOARDS,"$114,164.57","$3,001.28",Toronto Board of Education,School Superintendent - Elementary,1996,4776818062c640a561617b38b7ae6e57302b63f8078770225494468bd49d975a
SCHOOL BOARDS,"$103,016.92",$979.35,Toronto Board of Education,Senior Co-ordinator of Psychology,1996,8d57f4d9b8d7d890f94afdb92c7332c9563198d45cd55d6e66e015bfecd9de35
SCHOOL BOARDS,"$114,164.57","$3,001.28",Toronto Board of Education,Superintendent - Curriculum,1996,4982d2f0728fbefad68f360d0563eeb13aa0bf8af519e84e88ee2761c0ec9b00
SCHOOL BOARDS,"$109,418.36","$3,001.28",Toronto Board of Education,School Superintendent - Elementary,1996,c9f9a5b297332a59089d68cdb7a9fa0486dc62bf414379c99538854b62704842
SCHOOL BOARDS,"$120,136.37","$3,001.28",Toronto Board of Education,Senior Superintendent - School Operations,1996,994b61e96b0fd2f5908f69337f3bfb6e16d75ef9ef84c7940e5c31cc9d59d6b5
SCHOOL BOARDS,"$109,418.36","$3,001.28",Toronto Board of Education,School Superintendent - Elementary,1996,edf3730b11d20c6ab335be0a6b9598c3204d88ed588221239ab9026d5afd95db
SCHOOL BOARDS,"$122,360.83","$3,001.28",Toronto Board of Education,Senior Superintendent - Finance,1996,40582882f5e8fda941c10736153350237886a1d24954fdcb1824868634bb95bf
HOSPITALS,"$143,743.00",$604.00,Toronto East General & Orthpaedic Hospital Inc.,Pathologist,1996,a2460848ede1e998376143ecd3299440ecdec2f8c711de70b0f42abe5b4a5fee
HOSPITALS,"$187,172.00",$786.00,Toronto East General & Orthpaedic Hospital Inc.,Pathologist,1996,8c1408577383d50d4a3e9d99c96c2e7d2a428140d0b31dd25078332c013f19f8
HOSPITALS,"$108,988.00","$3,717.00",Toronto East General & Orthpaedic Hospital Inc.,"Vice President, Finance & Admin",1996,e34715294bc16f491e46cba25f492f3df748db54f85b10358895e4dd0a7436df
HOSPITALS,"$103,412.00",$434.00,Toronto East General & Orthpaedic Hospital Inc.,"Director, Strategic Operations",1996,fe8722145a6d09e9dc0ac003520783e245c3da68f8031b43c2d56318eff8bc6d
HOSPITALS,"$141,674.00",$595.00,Toronto East General & Orthpaedic Hospital Inc.,Pathologist,1996,83105896ee780fb58cd2f061a2eb6612dc77599a3cdb4bc603d148356e2b8a8a
HOSPITALS,"$122,429.00",$763.00,Toronto East General & Orthpaedic Hospital Inc.,"Vice President, Med. & Prof. Serv.",1996,c0a1992025d57f51e6d831cb94225d7990d52fa14ae30723b33736a4fa67cb4c
HOSPITALS,"$211,465.00","$1,747.00",Toronto East General & Orthpaedic Hospital Inc.,President & CEO,1996,8ec520ff2a0982f8cd892acd9e7e9a65a13a200dc1e34ba5f31099308c65aefc
HOSPITALS,"$122,429.00","$3,763.00",Toronto East General & Orthpaedic Hospital Inc.,"Vice President, Patient Services",1996,25b5e0eebc3212fc06ccb59acad77a3024ed0a010822bbd042a9063dd9e56067
HOSPITALS,"$141,674.00",$595.00,Toronto East General & Orthpaedic Hospital Inc.,Pathologist,1996,ae539117f0fbfd2980647980eba1c64180fec03d05598820953d8657514dec6b
OTHER PUBLIC SECTOR EMPLOYERS,"$103,935.96","$2,557.71",Toronto Rehabilitation Centre,Adm. Director,1996,64de21f0830c6b1ecf87697aea594c4df91e8f9b806c7047d02b2f5bec824b30
OTHER PUBLIC SECTOR EMPLOYERS,"$187,769.04",$117.89,Toronto Rehabilitation Centre,C.E.O. & Medical Director,1996,0fdc07969dbc96baa3243142e3478cf0e3fc81461145ba0918b1f22937a0ab7d
OTHER PUBLIC SECTOR EMPLOYERS,"$114,953.71",$171.30,Toronto Rehabilitation Centre,Dir. of Cardiopulmonary Laboratories,1996,4ab9b1d8389c661d579fa7b7897211f68f046e408636933c30c7c38186cad903
OTHER PUBLIC SECTOR EMPLOYERS,"$110,000.04",$166.83,Toronto Rehabilitation Centre,Clinical Director,1996,01dd129b813b5ef8d6033da7589cbf120a09627b4ce000662963dec5ae19341d
OTHER PUBLIC SECTOR EMPLOYERS,"$100,559.72","$3,252.84",Toronto Transit Commission,General Superintendent -Track & Structure,1996,4a306e32d9dc8d329abb76c022fb3103975568111f6605647fc46fe678c9cfc3
OTHER PUBLIC SECTOR EMPLOYERS,"$104,764.21","$3,252.84",Toronto Transit Commission,Chief Project Manager - Capital Program,1996,a5754cfa568d7b6db246f227a72c5a719a3fc130780c85e0020b55fb08d376d8
OTHER PUBLIC SECTOR EMPLOYERS,"$100,664.49","$3,252.84",Toronto Transit Commission,Manager - Vehicle Engineering,1996,c5cdc9bf795a0f3a34c762e31eeeeb0bddc1b6327bd19e8d01c079c9b50cb2db
OTHER PUBLIC SECTOR EMPLOYERS,"$129,671.88","$13,806.72",Toronto Transit Commission,General Manager - Engineering & Construction,1996,581f40b224f8910e613a2c1837f5ceef6acea1fdcd42a89195e13822ced1729c
OTHER PUBLIC SECTOR EMPLOYERS,"$100,936.65","$3,252.84",Toronto Transit Commission,Manager - Pension Fund Society,1996,f42741e44f4aa5f206124e40ff616c0de88d1dbe3c033cd128aec5ac7b024fad
OTHER PUBLIC SECTOR EMPLOYERS,"$101,883.26","$12,843.89",Toronto Transit Commission,Chief Information Officer - MIS,1996,8991abc14326dc95e63834887d67999ebd7f887251579c24a374ef2f069829ce
OTHER PUBLIC SECTOR EMPLOYERS,"$100,956.45","$3,252.84",Toronto Transit Commission,Manager - Materials & Procurement,1996,4e6648776050046cae299d5bb7e955f9bb052236ffc56970fd41057a90f37dfc
OTHER PUBLIC SECTOR EMPLOYERS,"$101,363.62","$3,252.84",Toronto Transit Commission,Assistant General Manager - Surface Operations,1996,9c769461b2dfd1bc2b0016adf5f3c6d35c6d44b64bfeaf67059441246de2d69f
OTHER PUBLIC SECTOR EMPLOYERS,"$100,713.36","$3,252.84",Toronto Transit Commission,Manager - Training & Quality Assurance,1996,c3f53fa5e2f220f0068914d15a57796e4dba9232bc11e8013de9316aaee42658
OTHER PUBLIC SECTOR EMPLOYERS,"$104,088.65","$3,978.10",Toronto Transit Commission,General Manager - Executive & General Secretary,1996,ed6a168e87b0c1ce1b2ab28f546075580f7939db682e7f660d0552b6f1d5b3da
OTHER PUBLIC SECTOR EMPLOYERS,"$100,705.23","$3,252.84",Toronto Transit Commission,Manager - Support Services,1996,beea5a45698c13a0af6574933c4d7e63c9732e85779ccfbdd1afcb8830c53cf8
OTHER PUBLIC SECTOR EMPLOYERS,"$103,818.50",$75.72,Toronto Transit Commission,Assistant Manager - Data Centre & Communications,1996,be7c578f386afebf6e0aeffac67611952fdb79424b45b1c0d4f5046f1efe23c4
OTHER PUBLIC SECTOR EMPLOYERS,"$144,365.74","$14,806.92",Toronto Transit Commission,Chief General Manager,1996,160a32316f50e09ecae47e8374f7d4302714dfee8f9be6e13b0e9d380473e868
OTHER PUBLIC SECTOR EMPLOYERS,"$112,049.93","$3,252.84",Toronto Transit Commission,General Counsel,1996,f67474e7d6f61900ad02afc676f49cb0cfb511923287d0b070a6d7b17006047c
OTHER PUBLIC SECTOR EMPLOYERS,"$100,945.95","$3,252.84",Toronto Transit Commission,Executive Director - Corporate Affairs,1996,b00328cd3134697c59f72642f1acacaa5c4ac04d77798523156bd4fdf8d26865
OTHER PUBLIC SECTOR EMPLOYERS,"$101,015.85","$3,252.84",Toronto Transit Commission,Associate General Counsel,1996,37596b362210e445a2e3d7053252a317edeb0f2846df9d7fa20f3240476c7076
OTHER PUBLIC SECTOR EMPLOYERS,"$113,856.08",$75.72,Toronto Transit Commission,Senior Project Manager,1996,d53b02e560beae716a4fe1931b77f6081fcc1f96b939ea0fa70074e280be45d5
OTHER PUBLIC SECTOR EMPLOYERS,"$108,082.24","$3,252.84",Toronto Transit Commission,Manager - Marketing & Public Affairs,1996,078bb79c871910aa518b381fd1695c75778bf5c0b1fddbd2bbaa40a7631a327a
OTHER PUBLIC SECTOR EMPLOYERS,"$102,666.66",$75.72,Toronto Transit Commission,Planning / Agency Co-ordinator,1996,29a15224f9a03caca426fedbcab7ea5c501822600fd327e3de494fa6044d0f57
OTHER PUBLIC SECTOR EMPLOYERS,"$130,318.31","$13,806.72",Toronto Transit Commission,General Manager - Administration,1996,5975d4d396f0cba3e59c1607401591a597166c2e4235160ee0cdca27fd18f4fc
OTHER PUBLIC SECTOR EMPLOYERS,"$100,559.72","$3,252.84",Toronto Transit Commission,General Superintendent - Bus Transportation,1996,47af1141d0b0aa2a18412255f875d05bb4009d028ca53c41037588022bffb5f4
OTHER PUBLIC SECTOR EMPLOYERS,"$105,362.62","$10,768.49",Toronto Transit Commission,General Manager - Executive & General Secretary,1996,2095dfd15377995615386b1a9a429aa04d5edf903a1fc9de4f6d440995717164
OTHER PUBLIC SECTOR EMPLOYERS,"$110,265.86","$3,252.84",Toronto Transit Commission,Assistant General Manager - Subway Operations,1996,61a5fc5f38e02e57791e824576ab4c9bd344cfa6927724afed6b2ff30e3a58e2
OTHER PUBLIC SECTOR EMPLOYERS,"$107,303.62","$10,033.13",Toronto Transit Commission,General Manager - Operations,1996,f94f61dbc5961c278cbbce30bb7eae984fc1aa14ed3a8dac1bb04b6298681fad
MUNICIPALITIES,"$103,546.88",$628.32,Township of Kingston,Chief Administrative Officer,1996,73e82cbf28694368a6e690a3df83065ef031276d3444f25567f8c51127fa521b
ONTARIO PUBLIC SERVICE,"$127,448.15","$1,502.62",Transportation,Deputy Minister,1996,b4876a746eff0d7e591dc6b55a4cc7ca6b1e57abb877ded4dcd72708dcf4e72a
ONTARIO PUBLIC SERVICE,"$100,947.00",$266.00,Transportation,Regional Dir.-Central Region Operations,1996,370cd57f2e99c17ff64b2174ca8041f821c2b689f5500fb57c86e82aee3e188d
ONTARIO PUBLIC SERVICE,"$102,481.00",$295.00,Transportation,"Adm., Policy & Planning",1996,1b6d97a42d55942ad9bc5c9ebcd46d69f38e67946eb72127f034a6409ae10876
ONTARIO PUBLIC SERVICE,"$110,110.00",$291.00,Transportation,"Adm., Operations",1996,b0220a6f577e6384709c6fff97ccf91903d1c0c8dcfcd4c150562e7916ba0bfe
ONTARIO PUBLIC SERVICE,"$100,733.00",$76.00,Transportation,Traffic Analyst,1996,c5405c37aba82d2bca5858f3921b00599571ea5ba43f97f2a0e3e4578a58bf17
ONTARIO PUBLIC SERVICE,"$105,921.00",$275.00,Transportation,Regional Director-Northwest Region,1996,94dc9b46e2b210b06397211047c1efb27be02df4bc9b5c1ca695380168600fdf
ONTARIO PUBLIC SERVICE,"$114,668.00",$297.00,Transportation,Regional Dir.-Southwest Region,1996,53676907ac369e794d4e6b9c65778570b80d10f77b1b33efa0a2a63caa526788
ONTARIO PUBLIC SERVICE,"$101,150.00",$241.00,Transportation,District Engineer,1996,4c2e836fbb055cdc1a171612abb7f2cc10277e7d3e5b0a5a3a170fea63440ee2
ONTARIO PUBLIC SERVICE,"$113,652.03",$327.43,Transportation,Deputy Minister,1996,e2993c4d3d1c558069a6a01e23e071a3004ec2182bda784312879a203e12c8d7
ONTARIO PUBLIC SERVICE,"$121,315.00",$273.00,Transportation,Asst. Fund Administrator,1996,b62003179fe558dfb9834051cf1b5b90a08f367f61bdfc6363b24f1752eb40f6
ONTARIO PUBLIC SERVICE,"$124,105.00",$283.00,Transportation,"Adm., Quality & Standards",1996,d01f240f0e65a08b09bdae9948b4b0e2841bd0dc1514bdd4710ad5e989d2ba1e
OTHER PUBLIC SECTOR EMPLOYERS,"$108,400.00",$0.00,Transportation Association of Canada,Executive Director,1996,c52f9c099a0ddffc30e925c47fbc49c0b3fb96ea68b341b4390f4dbf5b0565de
UNIVERSITIES,"$100,667.42",$394.92,Trent University,Full Professor (Mathematics),1996,0e4dc7a193a064489e3678377512ac6cb8477587f65814c30e161917e9760b75
UNIVERSITIES,"$151,913.35","$11,194.35",Trent University,President and Vice-Chancellor,1996,5f8ea64adfa8705080258968bb4178629ee69353555ba6c460049be8f406d910
UNIVERSITIES,"$102,895.07",$394.92,Trent University,Full Professor(English Lit. & Cultural Studies),1996,a645b3cddac09f1027c59810af064aa9b615c1edc8359be1cf2fcc9e064199ce
UNIVERSITIES,"$103,840.38",$389.58,Trent University,Full Professor (Anthropology),1996,8ad287c8fff5e2043a308c04c9782c211ca2b245f43a7d9320232e293c0ec492
HOSPITALS,"$161,517.00",$873.00,Trenton Memorial Hospital,Pathologist,1996,72dbec183e36b2425dc4a507027d30e435dc12cbe047d6d569ba5256a082c8cf
HOSPITALS,"$105,975.00",$567.00,Trenton Memorial Hospital,President & CEO,1996,347b1e63c6fdca7d88440cf939eeb95ab44f74fc6f607f86761a4bf7307d66db
OTHER PUBLIC SECTOR EMPLOYERS,"$114,100.00","$10,872.00",TRIO,President,1996,7f6e1e47558ce870566c5de316fe7857df44b18d3d48341551683a119c0fd3fd
CROWN AGENCIES,"$113,032.00",$663.00,TV Ontario,"Managing Dir., French Programmin Serv.",1996,7bb1a029e287bc82623bb2430cc8472c554bcedd123e0c901ab09b1043a82336
CROWN AGENCIES,"$125,481.00","$2,805.00",TV Ontario,General Manager and Chief Operating Officer,1996,ba3b35c56be46550cc78f47a842f26c93954263351426f975305f3ccaa3342c4
CROWN AGENCIES,"$118,908.00",$698.00,TV Ontario,"Managing Dir.,English Programming Serv.",1996,0d45f348968573dffe23a5be4d2ad176084a6851a682a795857e8784137534fe
CROWN AGENCIES,"$107,555.00",$632.00,TV Ontario,"Creative Head, Public Affairs",1996,8ba40d150e64f46d88fdad306450857833e05e49d2aee20a0838cbf891a67048
CROWN AGENCIES,"$133,837.00","$7,843.00",TV Ontario,Chairman and Chief Executive Officer,1996,df2f4abaa1cc7adcc9a8185a464176dde8dec1aeff6486c6598fe3b7ab3be18a
CROWN AGENCIES,"$124,727.00","$2,109.00",TV Ontario,Project Officer II,1996,7e9d99b75763fecf12809df00656468f99aae3e2a34ef31e43c567fdf1f9a3b6
OTHER PUBLIC SECTOR EMPLOYERS,"$135,752.75","$6,835.07",Tweed & District Community Health Centre & Senior Serv.,Physician,1996,98b12ee155d5b3cc917ed62bb6f77280cc5a14f5fa09bf9e418ca1d5f84dcbb8
UNIVERSITIES,"$120,242.00",$687.00,University of Guelph,Director - Real Estate,1996,f0b72094a626f150d2c955950588adb800344fc3c13d6f4f04faccc8ecda8bc7
UNIVERSITIES,"$100,426.00",$927.00,University of Guelph,Professor,1996,85bd2ed22208451e69533f791f3f92a36ed6617a9bf39fda06b54d0168bc2cbd
UNIVERSITIES,"$106,203.00",$407.00,University of Guelph,Professor,1996,1bd523f6a0543c846277f994963ffb9c1c708d04ea6b28767385d034f21fe8a5
UNIVERSITIES,"$108,866.00",$627.00,University of Guelph,Professor,1996,8476414f970002667645d0fe37f130ffdc14064026afb10b8b55810a82ff460f
UNIVERSITIES,"$103,447.00",$595.00,University of Guelph,Professor,1996,b9f20cd6600489eb0161c8342052b58ca89c151203d69ce269d617b387a0752c
UNIVERSITIES,"$101,282.00",$522.00,University of Guelph,Professor,1996,855cd87d853e786b30fa2efe0b0db8e7605781fa5cd9889af54a527ec70b191d
UNIVERSITIES,"$104,605.00",$574.00,University of Guelph,Chair,1996,6a1691ef58fa85dc7e18c16ba105d643f13594d37d62dc26cfae70f3bdb5d3a3
UNIVERSITIES,"$133,652.00","$2,271.00",University of Guelph,"Provost & VP, Academic",1996,613822366dc5e920888802eeb5d3c0d08a26d78fcf547912dab3f55ff44b071f
UNIVERSITIES,"$105,252.00",$606.00,University of Guelph,Professor,1996,cc24708fe1cba876d08856e9ea1c9ecfc18fb7723edb5da6a4361779d69ec051
UNIVERSITIES,"$105,293.00",$972.00,University of Guelph,Professor,1996,7734b27b1dc1294b8727a12d0eed292ebe64e1eaf90b941387a7fd7100d34589
UNIVERSITIES,"$100,365.00",$997.00,University of Guelph,Professor,1996,340cd0975dfe5474187c5c04ff78fea3457da967fced6b70e5bb56c09eb46a27
UNIVERSITIES,"$101,525.00",$558.00,University of Guelph,Acting Co-Chair,1996,e006f9b706958d43817addb7b40926507246cf5be597a1fb06e2cd6f1e025d8f
UNIVERSITIES,"$100,925.00",$557.00,University of Guelph,Chair,1996,7c08c97d1385ff07db348eb5d1fd60a4f283889c1a6703e265d5f29d3ad2d1f6
UNIVERSITIES,"$104,534.00",$582.00,University of Guelph,Chair,1996,8f3ab274291645727d69de4f9bdeffeda3a01b82bdcca67a28488cf0cc7149e5
UNIVERSITIES,"$101,069.00",$578.00,University of Guelph,Professor,1996,fe98411093352a77f3eeede57f1a2a0344607e71cea0f0f3b09711603a8d234a
UNIVERSITIES,"$100,884.00",$578.00,University of Guelph,Professor,1996,8ceb87d4c6fac13511d42bb5f7b5131120af5e047514a19c972246bad75acb2e
UNIVERSITIES,"$100,233.00",$576.00,University of Guelph,Professor,1996,7d2ba92443c379461f4a4ebbac69f7fed694b8494f55ee2996012730053ef76b
UNIVERSITIES,"$105,837.00",$977.00,University of Guelph,Professor,1996,56b1beac5b199b4b616f6db79afb82c88099b32314901ffe12347d9bb54dbf9f
UNIVERSITIES,"$105,037.00","$3,288.00",University of Guelph,Chair,1996,e4c0bff8dd85cc361e1f7892ec0f3f4baf4b89bbf70623945da0a6a294f3e2c4
UNIVERSITIES,"$103,666.00",$567.00,University of Guelph,Chair,1996,877fac30c744d6f01b1556109cec5276bce72f2765e40b134497de8679f90693
UNIVERSITIES,"$134,557.00",$492.00,University of Guelph,"VP, University Affairs & Development",1996,125fa6e12929fe2555543eeaf6b1929d7a45917c93750b640e201c9641a85bfd
UNIVERSITIES,"$100,035.00",$575.00,University of Guelph,Chair,1996,39c265e95c9fd0aae3c61fa2f92b62a1d461bc407cb0a44805a8025432883d6d
UNIVERSITIES,"$113,213.00",$633.00,University of Guelph,Dean,1996,874cdaf4c125f3e1c1af428066f86a755d0bf46531dac1eaad5bf0e9567c73ba
UNIVERSITIES,"$104,761.00","$3,447.00",University of Guelph,Dean,1996,69c3ad8b7501e4b52ca91228cca43975cafabaa76c384f0317d11dd20948572b
UNIVERSITIES,"$104,525.00",$598.00,University of Guelph,Dean,1996,50c42cbf8cbe3e931856c87f3d740e1ae6b454002d55038b53c713ebeb101847
UNIVERSITIES,"$103,798.00",$396.00,University of Guelph,"Assistant VP, Finance",1996,adc18bdedb2b5ccd72e135c09edd559b4a91350bd5b7bfdb7e00533c4a0e0e52
UNIVERSITIES,"$124,025.00",$711.00,University of Guelph,"VP, Research",1996,e3885752b580538cea874b0209467deaf66fb6ebf6139e433b05182487246110
UNIVERSITIES,"$109,049.00",$627.00,University of Guelph,Dean,1996,7785e19dea8cec056efe416b248a5dcfabbd6c6c3e845ea78f5cca6e768aa41a
UNIVERSITIES,"$112,353.00",$429.00,University of Guelph,"Associate VP, Academic & Registrar",1996,3f96eed601a22e5153d34214f78c1137882fd3fe3e362ded8a7ea03d71e5ee7c
UNIVERSITIES,"$178,664.00","$23,842.00",University of Guelph,President,1996,a91bcac7b5fc77ffc48383ccd92bdc0dbc0dc22f246ddf26a8eae63ec1968c9c
UNIVERSITIES,"$109,683.00",$627.00,University of Guelph,Dean,1996,39dfbc8db00e1ff19a09ca14fbe654ef63d916d9cdedc1629a1686431d63a17c
UNIVERSITIES,"$111,135.00",$627.00,University of Guelph,"Associate VP, Student Affairs",1996,f61d8ea6845029dd14e9e25fb35cd31375219c108b837abbbac9e7a7df8741ce
UNIVERSITIES,"$131,045.00",$738.00,University of Guelph,"VP, Finance & Administration",1996,3319fbb7c32a429f93d31a535755b90df300020c4a7404b9d8e7dbba69ec4ea4
UNIVERSITIES,"$148,814.00","$5,856.00",University of Guelph,Industrial Research Chair in Food Packaging Technology,1996,4c0c3f70a97baf372b416c101ee685d1e9f21a4ea01426d356fee710e045f1f4
UNIVERSITIES,"$110,917.00",$637.00,University of Guelph,Professor,1996,a7427ffd84b8b62700894a11a213b319dd89b31408ee9bbc35c1c8d4ab1b0039
UNIVERSITIES,"$108,640.00",$411.00,University of Guelph,Associate Professor,1996,b3548b209dc31a7f7246217ab753cdaefde8d5d6805bc92e3a4a3eeba46fb56d
UNIVERSITIES,"$113,159.26",$81.20,University of Ottawa,ASSISTANT VICE-RECTOR,1996,bb4d605715a8119db597942eebae666012bcc1acf7a941ccdabbf6b30b1b42ce
UNIVERSITIES,"$124,216.75","$1,756.70",University of Ottawa,VICE-RECTOR,1996,93c19f6352cd9bb6382fdc3fc35014dedc77af94631b4b3116f69bc8576f9c1e
UNIVERSITIES,"$100,437.28",$81.20,University of Ottawa,PROFESSOR,1996,acdac33a085d868b1da2dfb5da587a37cb0ae5223ab086f2998877fafd2baed9
UNIVERSITIES,"$104,690.59",$81.20,University of Ottawa,PROFESSOR,1996,2dead89fda1d30602e59d58f543b65a9854227684eb54812c361b9720fd034c5
UNIVERSITIES,"$102,248.28","$3,957.20",University of Ottawa,PROFESSOR,1996,3ed96c5325cf4bd47f647c96abe656a68579111958b5becfe6edf870a4195b60
UNIVERSITIES,"$124,599.28","$5,682.20",University of Ottawa,UNIVERSITY SECRETARY,1996,0741d25ab77d6c497cf00be4ddff9352f3a64381dcc799682ac2b88f4ea4b2d2
UNIVERSITIES,"$104,690.59",$81.20,University of Ottawa,PROFESSOR,1996,47dd66638baa41aab0905d917cb8a80d607b10688292a9115f0bd4e1d96e4e68
UNIVERSITIES,"$144,867.69",$81.20,University of Ottawa,CLINICAL PROFESSOR (M.D.),1996,eade04f43ee377dc1df3b897f229b466830bdefccec97b2bed462b66f51be8c5
UNIVERSITIES,"$101,411.78",$81.20,University of Ottawa,PROFESSOR ; DEAN,1996,6314997f05a3830fe9bcd71f5fe3200efc3b58be7aead392d3aa6a2d389e960d
UNIVERSITIES,"$100,139.00",$81.20,University of Ottawa,PROFESSOR,1996,00e706085611f530d4194ca1a9d4b88987890301d7eead8146c9c614f66d5271
UNIVERSITIES,"$116,164.48",$581.20,University of Ottawa,ASSISTANT VICE-RECTOR,1996,6b26ca57666d73e5c9d848fc00b448c901e1cb5d192b4a3148267d1f1811c600
UNIVERSITIES,"$101,407.70",$81.20,University of Ottawa,CLINICAL PROFESSOR (M.D.),1996,8335ee77b8e4d2fd9386f0b9187b5295393784324d47764d94c12e815f461173
UNIVERSITIES,"$104,690.59",$81.20,University of Ottawa,PROFESSOR,1996,7dd8a2139d12c79495b2000bc877f9ac8d223d6abb36f2e592f667fb1be75fec
UNIVERSITIES,"$103,123.28",$81.20,University of Ottawa,PROFESSOR,1996,2d0d4ca1b5f5d9911e0b3436b084bbd144b954e790ba9add53e629217c995fac
UNIVERSITIES,"$105,489.95",$81.20,University of Ottawa,PROFESSOR ; DEAN,1996,79715d4c41a5ba3b6068ca791eff2f8d92ac494f13c32272980dec0f021ebfd8
UNIVERSITIES,"$116,405.91",$81.20,University of Ottawa,CLINICAL PROFESSOR (M.D.),1996,609725afe6d063ff77c277e89cda467615140476e76fb358cf7c8b115194e7a2
UNIVERSITIES,"$102,754.21","$2,731.70",University of Ottawa,CLINICAL PROFESSOR (M.D.),1996,7221a5ad7dc97669ca35e6c88fa124739fff73b610af322bd71e9895a47e8b83
UNIVERSITIES,"$106,414.59",$81.20,University of Ottawa,PROFESSOR,1996,18ddc652735c32bce9af2817e9a5af1640a3ce2158d56bb5ebe801f8df504e6c
UNIVERSITIES,"$121,314.18",$758.45,University of Ottawa,PROFESSOR ; DEAN,1996,f189a69b21e0433119b6f7c84ab6522d5a9862383453c764c2f273d642b53ba2
UNIVERSITIES,"$104,690.59",$81.20,University of Ottawa,PROFESSOR,1996,9dc0f3e2524bdb2eaf1b2826d0d04a4f6dbcfd93ca43d38b8c3ace2192db324c
UNIVERSITIES,"$111,353.92",$81.20,University of Ottawa,PROFESSOR ; DEAN,1996,8eeb16240591dfc39a3e33089b602448e8f3d30d0e24aa3dc9dd7cd5e960b1bf
UNIVERSITIES,"$121,956.62","$1,506.20",University of Ottawa,"PROFESSOR; DIR.,EXEC. MBA",1996,c1adc65b91f3fc41b5a65a6412ad1fe0e64e3dcb5c22dabf55455f1bc178fa5a
UNIVERSITIES,"$104,634.58",$81.20,University of Ottawa,PROFESSOR,1996,a2430845d7f7b1ab86e334ea53216a888ed0764cfd25e1e76657dde753350681
UNIVERSITIES,"$113,713.33",$81.20,University of Ottawa,LEGAL COUNSEL,1996,b6d73da4fed09dc4d4e47b5a06702b9c5571677c4b2c5810a52874c9b558e669
UNIVERSITIES,"$105,818.99",$81.20,University of Ottawa,PROFESSOR,1996,8cd236582ebd477f0a2b933da5550f8ed345d4c58d407e1f76329bfdde351ea8
UNIVERSITIES,"$100,424.26",$81.20,University of Ottawa,CHIEF LIBRARIAN,1996,2e372214fa6d18fa1e88d008bccea253ac522f04af806b4afb63fd11f2567888
UNIVERSITIES,"$102,724.24",$81.20,University of Ottawa,PROFESSOR,1996,499740aef2cf35757156b28d9002c96959b90fa9f610c3c8ede10159bf3c52ba
UNIVERSITIES,"$160,016.95","$7,145.26",University of Ottawa,RECTOR,1996,0f8675b013a4f20320876d833735f6f250b97a0d22f57d07f086ba9358924a02
UNIVERSITIES,"$104,690.59",$81.20,University of Ottawa,PROFESSOR,1996,67dad73e8de5070f0479bdcd0da71dfe864a73c9e3ac1f04653495fa28240010
UNIVERSITIES,"$144,371.77",$81.20,University of Ottawa,CLINICAL PROFESSOR (M.D.),1996,fc2c18270b4c4ea41008fe9639665fee6cb1888d7fc8f83babb246c4098079a8
UNIVERSITIES,"$104,690.59",$81.20,University of Ottawa,PROFESSOR,1996,883ac4a6dee96085e2e3514cdb6330ad0052e252a2e75d2290e532a6f7af24ed
UNIVERSITIES,"$150,239.10",$81.20,University of Ottawa,DIR.CLINICAL PROFESSOR ; CHAIR,1996,2c723b038f5e7bd4d318e5fdc85688a9fa6a2bcfbce1ed95cfffdfe5f978d25d
UNIVERSITIES,"$101,602.43",$81.20,University of Ottawa,PROFESSOR,1996,ff50421fd083b3a9f9e2a3b65bf5867962a66deb21699905dfab9a9078bec5ba
UNIVERSITIES,"$102,950.60",$81.20,University of Ottawa,PROFESSOR,1996,571223adf07e5e5e259d44396b9b39ad2a30307ab31b5d385523b4a178f79c42
UNIVERSITIES,"$103,415.91",$81.20,University of Ottawa,PROFESSOR,1996,5d0bf46f136154d19fefb717740dc3bccbf53a18422aa42b7aa8f53a215f1983
UNIVERSITIES,"$104,690.59",$81.20,University of Ottawa,PROFESSOR,1996,65efb8d2395ae36192479ddfb662b2b8ce35d87a0b9344a016dd358b6a3e2330
UNIVERSITIES,"$104,690.59",$81.20,University of Ottawa,PROFESSOR,1996,7d28dc61a28686f150a010f2e5f7c347fd1cc969fc8a8dc4ae9ebaee8745adf2
UNIVERSITIES,"$101,811.22",$81.20,University of Ottawa,PROFESSOR ; CHAIR,1996,23c43d8b032097c5c4773bd26d2d02fb503c381b5ce5eb7d7c6178d19e788c63
UNIVERSITIES,"$104,690.59",$81.20,University of Ottawa,PROFESSOR,1996,21a7eaf905297a5831a1eaddcc61b79514bd7ef81dda4c85e968c69840ef9e98
UNIVERSITIES,"$104,748.96",$85.94,University of Ottawa,PROFESSOR,1996,416416ddf3d163e0f3445fe0612fcd44bb068929560c78fc6f6e613bd1698650
UNIVERSITIES,"$104,663.46","$1,806.20",University of Ottawa,ASSISTANT VICE-RECTOR,1996,8dedf70ff64750f9f8e1cba6db55faa092d22e60222cdb05f54f89b22f10dda4
UNIVERSITIES,"$104,690.59",$81.20,University of Ottawa,PROFESSOR,1996,1abca73befbad6dbeba31c2da793af4f04e2e0a384b82cdecbde1c06ccaf4a93
UNIVERSITIES,"$107,673.28",$81.20,University of Ottawa,PROFESSOR ; - ASSOC.,1996,9eed1249ece5823627e58fd3a3c45d4229e235369589f35344036b12c368e4b4
UNIVERSITIES,"$129,546.44",$81.20,University of Ottawa,PROFESSOR ; DEAN,1996,e2378acc1afcc84a5d1ff8a59eb48adf4918272987328129e7add7d7404456d1
UNIVERSITIES,"$102,243.82",$81.20,University of Ottawa,PROFESSOR,1996,d1b74969b787295fa98a464a88248adfd167d91c43329b41a132061f2d8fb6eb
UNIVERSITIES,"$169,324.57",$81.20,University of Ottawa,CLINICAL PROFESSOR (M.D.),1996,e33c00c5311870df3a4f2124aa0f8d4d5eb048488bdea52bf090217826a5ea2f
UNIVERSITIES,"$115,761.14",$81.20,University of Ottawa,PROFESSOR,1996,6f610058ce98190c348aa890a80b6f3cb1d0f00a3e4bbed2d5e3ebbb34c5377f
UNIVERSITIES,"$100,351.37","$2,023.70",University of Ottawa,PROFESSOR,1996,bab105eec458ec1c5606a08ae6663b333104680c74caf3dae60d065a975dba67
UNIVERSITIES,"$166,629.20","$3,539.70",University of Ottawa,DIR.CLIN. PROF. (M.D.) - CHAIR,1996,1943243f08cea441d48969d30f1fec08dbd7784762ff59c926b2b437fbde2bfa
UNIVERSITIES,"$145,288.37",$81.20,University of Ottawa,CLINICAL PROFESSOR (M.D.),1996,fd8edf6ecb419e580c92cd795c689d501064cae3b9f2326ea9f6d1debe80173a
UNIVERSITIES,"$100,895.38",$81.20,University of Ottawa,PROFESSOR,1996,cb2626658d7b6fe72bd354d465c15e01442c5399ed20e0245d643d1bc7887293
UNIVERSITIES,"$104,690.59",$81.20,University of Ottawa,PROFESSOR,1996,20c46db86213946629d42087bd1d516991daef25373a55314295b8dcf71a1913
UNIVERSITIES,"$116,557.47",$81.20,University of Ottawa,PROFESSOR ; DEAN,1996,4bb5ef1484aebeb3aaf58adcbe0402e66a4d051fba6cae7bde126a6e430a1fc1
UNIVERSITIES,"$104,690.59",$81.20,University of Ottawa,PROFESSOR,1996,5e2059f55c7e410db30741feeebbf131e3d6e4853892ef5522340542fb7f0e52
UNIVERSITIES,"$123,454.37",$81.20,University of Ottawa,CLINICAL PROFESSOR (M.D.),1996,e270cf4315939f8de2f5a19b724a656956ac46f4359d714f0bb4036d75f28199
UNIVERSITIES,"$126,592.79",$81.20,University of Ottawa,VICE-RECTOR,1996,76d1fc242baae8f859aea58bbf22f17853d7923f0ae063b4a991dc0b773ff7fc
UNIVERSITIES,"$104,690.59",$81.20,University of Ottawa,PROFESSOR,1996,78d71e51e447e27412ed128cb88fbf67bb54b9c0a45092243f22249c6a0c987b
UNIVERSITIES,"$104,690.59",$81.20,University of Ottawa,PROFESSOR,1996,f5bf5ba95c92d68b31053c734a8f7d88a212ceef1808b7ca61bf9fc4b48d52b0
UNIVERSITIES,"$104,862.65",$81.20,University of Ottawa,PROFESSOR,1996,8ec456302f77091984bc10778866978d0c0025b1e34f6c5eca126417e846d60e
UNIVERSITIES,"$104,267.05",$81.20,University of Ottawa,PROFESSOR,1996,eb793802d23b24f533a99152963371f9de8895937e9a7307985d51768f03f815
UNIVERSITIES,"$100,848.88",$81.20,University of Ottawa,PROFESSOR,1996,201eb626117fca844796d6565bc29933b71a638066ea7d186ad7c52139c5c6dd
UNIVERSITIES,"$144,206.08",$81.20,University of Ottawa,CLINICAL PROFESSOR (M.D.),1996,64fab9806b1d8578254a0f5cd01b65e8ddb2039a529ad2b559341623b882a20a
UNIVERSITIES,"$143,787.42",$81.20,University of Ottawa,CLINICAL PROFESSOR (M.D.),1996,ced8e07685f359a6c71e894dabc68fa38c932a1d7c86303d0da96afb9ee1e6df
UNIVERSITIES,"$100,175.57",$81.20,University of Ottawa,CLINICAL PROFESSOR (M.D.),1996,c10f24691d8d00b6cc59cf355f9cc6e2dace43b91c9c6c17ee906506cf965474
UNIVERSITIES,"$136,464.96",$81.20,University of Ottawa,ADJ. PROF. ; EXT. FUNDING,1996,8206e082ba7bde47ba04d5def8d093326bbb6f1705876a327eb51b54ce42b568
UNIVERSITIES,"$101,154.93",$81.20,University of Ottawa,PROFESSOR ; DEAN,1996,bdda86c77504d7b096a8266f776a275809f4c59aecdc209abb199f392749a233
UNIVERSITIES,"$104,663.46",$81.20,University of Ottawa,CHIEF NEGOTIATOR,1996,9a0e40956fe9cf7e72800581094862ce329421797f319f54169aa76b77cb9093
UNIVERSITIES,"$104,690.59",$81.20,University of Ottawa,PROFESSOR,1996,a4bf0a1e56dda818c5b43c7fea9bba4ba1f379463308f90196afc77749a7fc3d
UNIVERSITIES,"$109,173.23",$81.20,University of Ottawa,PROFESSOR ; CHAIR,1996,db949f4b0bddea1d41a1e1e7d92e3c5094a2c8ed6017b8e7f72debbb5e4ee8d2
UNIVERSITIES,"$104,690.59",$81.20,University of Ottawa,PROFESSOR,1996,157b5e547007950758b4417e4c77b77dc10e7d4bd838cdd65008f4c5275fd427
UNIVERSITIES,"$101,815.91",$81.20,University of Ottawa,CLINICAL PROFESSOR (M.D.),1996,e1ed014b48b89643911038130fb1be40fc245a09218b9359822e8b623f1cd7f8
UNIVERSITIES,"$159,272.41",$81.20,University of Ottawa,CLIN. PROF. (M.D.) ; DEAN,1996,b3469f0b9c4cb00ead9f9fe0aa84db9b222be7ef9c35cd2640ba1ab017b61151
UNIVERSITIES,"$104,775.59",$81.20,University of Ottawa,PROFESSOR,1996,a66167a98efcd1dd01acd61815423027eacf5e8653085218535665c6b99c31a0
UNIVERSITIES,"$125,596.15",$81.20,University of Ottawa,VICE RECTOR,1996,300799e80f0fad4b4931b6c51fab69b07ff10d000bfacc82a1bcc3026605729d
UNIVERSITIES,"$146,415.46",$81.20,University of Ottawa,CLINICAL PROFESSOR (M.D.),1996,df88eb8e1215d9b0759724417fcb9cbcb7c2d3f9b163d14171bad35e4c721858
UNIVERSITIES,"$105,791.80",$81.20,University of Ottawa,PROF. ; ASSOCIATE DEAN,1996,be3f8908ec12e8279dea270d68fb8c092adb41e281a4be21ecadb741fb514749
UNIVERSITIES,"$146,413.62",$782.40,University of St. Jerome's College,President,1996,e0948725dd0e5d0dbe17d09d56f30527209d192cf5e10e645ea0ca8cac40bbd9
UNIVERSITIES,"$278,683.00",$610.00,University of Toronto,"Prof. of Med., Dean of the Fac. of Med. and Vice-Provost of Relat. with Health Care Instit.",1996,4e99c4f9731a08cd1ad2d31d2625cf0eb5ba31d819e9b146d155e87dce18578b
UNIVERSITIES,"$106,101.00",$541.00,University of Toronto,Professor and Chair of English,1996,6d8c74b2aa6e45ca6f633f8388f8e8d7ca10992bbc26eb56b4614d9e99c0f8d0
UNIVERSITIES,"$109,319.00",$573.00,University of Toronto,Professor and Chair of Civil Engineering,1996,ef8b4885fa20b66815e0fb27b8344f0db6965aa33df17c702f820a75cf5a3609
UNIVERSITIES,"$117,202.00",$300.00,University of Toronto,Professor of Education,1996,90f39d42904aab2ce8b679db739db2f03e04b034c20ba5ebaa9e0d6c66c0e171
UNIVERSITIES,"$119,527.00",$603.00,University of Toronto,Professor of Economics,1996,78cd8c1e74350eb0ab016a35be937ee5a770f67d5f50daeece1ab7774308f3e0
UNIVERSITIES,"$109,372.00",$535.00,University of Toronto,Professor of Mathematics,1996,11974485b4f1fdc5f8ff9a057d5138ed38804dfdd666a91e5c47d514d463c132
UNIVERSITIES,"$132,861.00",$559.00,University of Toronto,Professor of Otolaryngology,1996,d1edee4f38e9440c225eedc8b0b36cb1345a87c01af49c757a3fb545fb3d8175
UNIVERSITIES,"$113,012.00",$488.00,University of Toronto,Professor of Management,1996,bef2cc2e0299e745338034455dce20bba2b1984b6ae0796948f002cb371cd306
UNIVERSITIES,"$147,260.00",$522.00,University of Toronto,Professor of Nutritional Sciences and Associate Dean School of Graduate Studies,1996,12d33c96d376ba50d38caaf3fb7bd89b8d89acf29f1d31e9cf54583d45d946cc
UNIVERSITIES,"$139,904.00",$292.00,University of Toronto,Professor of Economics,1996,50c5bf12564ce9a1fa260156234a73346b02b90bd7cbadb77b64306cc9bb309b
UNIVERSITIES,"$104,490.00",$987.00,University of Toronto,Professor of Geology,1996,d32d2c08ab025062db49b082ae4b93fb2f03d5f232dde83b9d0345f46a38d804
UNIVERSITIES,"$101,506.00",$625.00,University of Toronto,Professor of Dentistry,1996,df244496e5a7130f0f84bc01e1dbfde35cf56b610258dd0285b7f5fed0189e36
UNIVERSITIES,"$117,681.00","$4,213.00",University of Toronto,Professor of Statistics and Preventive Medicine & Biostatistics,1996,615ddbee0a8de5133037f1129e547d6c5d1c0f98f8aad5ae5e9c5de6a611a044
UNIVERSITIES,"$103,762.00",$435.00,University of Toronto,Professor and Acting Chair of Nutritional Sciences,1996,1f608f32267bb24e7ddeaa3ab5182bd384acb079355ca60f40772f26858bcc76
UNIVERSITIES,"$177,566.00",$345.00,University of Toronto,Professor and Dean of the Faculty of Management,1996,43a0e470a18d5e5f1e95b232771a0b593ea490b8b62ec92355ff435d2de39606
UNIVERSITIES,"$144,443.00","$3,758.00",University of Toronto,University Professor of Mathematics,1996,cf375e9b53421d63b3dd6336e3fa6a042b22c62537c1bd4412748f4e72ca151f
UNIVERSITIES,"$153,542.00",$522.00,University of Toronto,Professor of Preventive Medicine and Biostatistics,1996,6f56e41e6f1cb9f34f23a8542937a82e1d86c8f7b0fbd10d1f1677080cab843e
UNIVERSITIES,"$101,393.00",$453.00,University of Toronto,Professor of History and Acting Associate Dean of Humanities - Erindale College,1996,15c13e6fcac58bfaf31dd602b9f1f3cbe4e4b03ee91faecf5b76a69ff8cd0156
UNIVERSITIES,"$129,837.00",$621.00,University of Toronto,Professor of Physiology,1996,48b35bfab4218b249998786222c311df4bebfb9f3631b2aba60568c6514d2085
UNIVERSITIES,"$108,855.00",$303.00,University of Toronto,Professor and Chair of Anatomy,1996,fe4fd1be9bb261881fac89562c0a02d1d264428102460ba204d8cf0e4c0689f8
UNIVERSITIES,"$144,987.00",$610.00,University of Toronto,Professor of Pathology,1996,d121f3304f01934057ccd044d79db7a9b32976d2f6f0f609f8eaea2cb5ecf4d2
UNIVERSITIES,"$182,187.00",$522.00,University of Toronto,"Professor of Clinical Biochemistry and Vice-Dean Education, Faculty of Medicine",1996,0913141895c44aaf6a97dc50ba0abeee3526640034274954bab626b7552e1b44
UNIVERSITIES,"$102,674.00",$615.00,University of Toronto,Professor of English,1996,8d18c7c36caf53a17077cc51d42e19e7da4509c888ee56c8a2cb1eea37f0b8e5
UNIVERSITIES,"$154,068.00",$348.00,University of Toronto,Professor of Paediatrics and Director -- Sioux Lookout Program,1996,31b73dbc40f224a3c71ca1cc4a6fab00aba97f759da257699bb5ed535600130e
UNIVERSITIES,"$101,215.00",$424.00,University of Toronto,Professor of Forestry,1996,73342ba7a69daa33685b3d9b6f0bf786f5c9a4ee8227f1ec5c9ceaf1add24405
UNIVERSITIES,"$104,583.00",$480.00,University of Toronto,Professor of Electrical & Computer Engineering,1996,3144ae85904bf5e469b778f76b0e3801207a766cee5bf0649d8c3678371ce709
UNIVERSITIES,"$106,018.00","$3,705.00",University of Toronto,Professor and Graduate Coordinator of Classics,1996,2adf8bc762e077d786b8e77f48e453badacdab588cf328541cc43e417f150a42
UNIVERSITIES,"$111,214.00",$291.00,University of Toronto,Director- School of Continuing Studies,1996,91eced7216c3060348ef3bf72dd82949d3ac43fb9a199345cb68b102cd4c8521
UNIVERSITIES,"$120,398.00",$797.00,University of Toronto,Professor of Surgery & Physiology,1996,295a86bbfc6e4dd9054df50707091afd65274f86a562f745ab31e1728d021f55
UNIVERSITIES,"$119,421.00",$305.00,University of Toronto,"Lecturer of Family & Community Medicine, Sioux Lookout Program",1996,0cdc469dd83817e871c48e7836fec4f8a758181a2456bb75f10e71b2fa96856a
UNIVERSITIES,"$119,616.00",$585.00,University of Toronto,University Professor of History and of Criminology,1996,38d3d6fd605529833a7a0374a676bba6216314dc1b8d65bebb39c8afab7c4daf
UNIVERSITIES,"$127,545.00","$3,856.00",University of Toronto,Professor of Law,1996,714a48eca6c64febe0e21cf470cf9730029de22412e27041b72f6d30c9fec05e
UNIVERSITIES,"$144,188.00","$1,611.00",University of Toronto,Professor of Theory and Policy Studies in Education,1996,50f0896fbb96e7b81cec2810e4b02d5ad44aececb8672488c4da377bd05a0c54
UNIVERSITIES,"$104,356.00",$437.00,University of Toronto,Professor and Undergraduate Coordinator of Medical Genetics,1996,d9224bce88c7981fef83d2250a3e01cff65029b5c09ad357728883e378c5c448
UNIVERSITIES,"$115,803.00",$312.00,University of Toronto,"Lecturer of Family & Community Medicine, Sioux Lookout Program",1996,67b25684222cb0bb023029bedab7c6d3435f8b5360b0fc0b71b492f979924ef8
UNIVERSITIES,"$108,404.00",$575.00,University of Toronto,Professor of Dentistry,1996,5b34145f42eac0a0a50b51901a51a07de0ea17a82e513116531c580bba2f514f
UNIVERSITIES,"$104,662.00","$3,552.00",University of Toronto,Professor of Management,1996,f95e6afa98fc188085194335ba458013754e6d43f02ab68ef184dd48c544a471
UNIVERSITIES,"$116,313.00",$478.00,University of Toronto,Professor of Management & Economics,1996,48ac0769f53527e07faa88bfebb318c0fbba0e44e47e2f91b2e1d3b294ee5c0a
UNIVERSITIES,"$100,677.00",$609.00,University of Toronto,Professor of Psychology,1996,63681e6aa474c089dd62e3c207e2242a2ec15553d792b2ec924c7e470df39f43
UNIVERSITIES,"$121,357.00",$696.00,University of Toronto,Professor of Paediatrics,1996,f80c8287c03e39f45322c99bbdc3a53b75f5ebff83aec4df5f027d15bab7ded5
UNIVERSITIES,"$118,398.00",$610.00,University of Toronto,Professor of Economics,1996,1b71b3e09b2be974cf061ca76082424c4e2cebd85b12179cae1517b4139957d0
UNIVERSITIES,"$106,164.00",$507.00,University of Toronto,Professor of Civil Engineering,1996,8f3efd2a9deaeb7bc44e8e8922083ef213328a43757d55714c1b186f553fbe97
UNIVERSITIES,"$110,173.00",$581.00,University of Toronto,Professor of Psychology,1996,f4b9c747d105ccf3425b806316e86b71c74449139e7f908b027d64a6b7605418
UNIVERSITIES,"$117,250.00","$4,406.00",University of Toronto,Professor of History,1996,98914c26533ecca49d31fb5c1c11521208b2f3f2cfce1195e1d1548208c4eb0d
UNIVERSITIES,"$103,233.00",$505.00,University of Toronto,Professor of Mathematics,1996,145f78c9255ea4593290cba157ab4ab37b3648408622aa733b25e901820cd207
UNIVERSITIES,"$125,235.00",$317.00,University of Toronto,Professor and Director of Theoretical Astrophysics,1996,fb56436b8203ba42748e626a93e82897940a493a86d03aa899e316077aa7a306
UNIVERSITIES,"$109,499.00",$458.00,University of Toronto,Professor and Chair of Chemical Engineering,1996,8fdefa4c55a8333501fdcd77e74af4660ea9c13681a474f5ed52659664a0b08e
UNIVERSITIES,"$101,385.00",$424.00,University of Toronto,Professor of Education and Program Co-ordinator,1996,d86c99c5cf652c660cfb24c53a720f609fa7a31c9140ae6e7dbaa8f522733f56
UNIVERSITIES,"$104,707.00",$631.00,University of Toronto,Professor of Management,1996,97629f6389ed9ad7e89522162edb33b3ef466ce3fbd3e2ab415b45c93a45620f
UNIVERSITIES,"$108,662.00",$379.00,University of Toronto,Professor and Chair of Management & Economics,1996,9c8720d395f5d2faa4facf520cc1e9ae78e69cb7c994bbacff3a52c33f68c20e
UNIVERSITIES,"$133,105.00",$621.00,University of Toronto,Professor of Computer Science,1996,7b0d2379ca9996dc3fe2497fc4df3995dd47fe8ceb3bfe2862dd395456dc9c56
UNIVERSITIES,"$101,183.00",$353.00,University of Toronto,Professor of History,1996,6a05a4e818e5cc9a2d65f53af20328cc8be71e20f6f5fb705c6e02b5195a6e35
UNIVERSITIES,"$112,694.00",$551.00,University of Toronto,Professor of French,1996,8bbf0c9412b0d96da209eca78a3f3cee79845ba5fa689c873c7951ee46debafc
UNIVERSITIES,"$113,689.00",$669.00,University of Toronto,Professor and Associate Chair of Electrical & Computer Engineering,1996,abee7c252ac8d7bdf2b952c27c42cfda9bd613bbfc09de79f132cae00dcde903
UNIVERSITIES,"$106,741.00",$666.00,University of Toronto,Professor of Geography,1996,136c81e716782ef766dce695183f56ead8198df0d4002a5336a4d9f9a7f8dcec
UNIVERSITIES,"$111,753.00",$287.00,University of Toronto,Professor of Education,1996,799127772ec293a0156c33fa52c9015b8b19aa38dfb95afef1dea20b09adeaea
UNIVERSITIES,"$126,523.00",$707.00,University of Toronto,Professor of Geography and Vice Dean of the School of Graduate Studies,1996,c790f13c48dc368b133680dd80a9721a63458aab60e4dce75722d11da9e0eb86
UNIVERSITIES,"$119,902.00",$504.00,University of Toronto,Professor of Management,1996,b1b4bc83bbddc2ce8fecce09de9f5205dcc3eb4febbb068a42405849693e71bc
UNIVERSITIES,"$102,321.00",$875.00,University of Toronto,Professor of Zoology,1996,f9eccd2030e8c1b6004351716c770c0a751e89ed5482fa62ebe339eaa6e1f37c
UNIVERSITIES,"$120,919.00",$695.00,University of Toronto,Professor and Chair of History,1996,6bec1fbe4c4ad97bf2384b59472f116ea8d0ca17a15a8a06e22c63cfd96bccff
UNIVERSITIES,"$112,190.00",$449.00,University of Toronto,Professor of Health Administration and Principal of Innis College,1996,a39afeff0609dc74977b3cc7e9545742c37ab3bc0464dfcbba01705560db50e7
UNIVERSITIES,"$143,901.00",$512.00,University of Toronto,University Professor of Chemistry,1996,1d00f8b065299b699219d57c69a98a8e05d7551763aeced44e86d08d8c480423
UNIVERSITIES,"$115,827.00",$567.00,University of Toronto,Professor and Dean of the Faculty of Forestry,1996,f196209ba32c3f9e4092493d39e68aa38ac81ff23985340fdd14ddc643e4ed46
UNIVERSITIES,"$110,236.00",$269.00,University of Toronto,Professor of Management,1996,4bdbf586e1b7bfc386cb155986b534d6b284bd162103e470205dca6c7bd306e1
UNIVERSITIES,"$108,097.00",$276.00,University of Toronto,"Treasurer, Office of the Chief Financial Officer",1996,35edf8e627f5b815b254d8e0ec8411b940fcf8c1542e7be8af2f4ed7d6b7c884
UNIVERSITIES,"$109,508.00",$578.00,University of Toronto,Professor of Spanish & Portuguese,1996,b286e077c853cc9f1fcaee7791adfc2558ff75de28f863e4c07c3c9e1e723940
UNIVERSITIES,"$117,709.00",$345.00,University of Toronto,Director of Administration Computing,1996,d1581164c22390f4c04a7957341e790a1100d2a368aedcb2ee7020809c54054a
UNIVERSITIES,"$100,838.00",$423.00,University of Toronto,Professor of Zoology,1996,da50a136b7bb96f40e9e5464b12bdfdba22f5a5e76b85d3545e56ef4b99054c5
UNIVERSITIES,"$100,929.00",$281.00,University of Toronto,Professor and Chair of Anaesthesia,1996,0f77b6e598b438e0dc3ab725817cf128e7771bcce841ec6b80f39cf151ae7464
UNIVERSITIES,"$109,084.00",$634.00,University of Toronto,"Professor of Family & Community Medicine and Acting Director, PASS Program",1996,15440db5f370156baa965b45819c39859d88083f2ff5d86759306fc68549a773
UNIVERSITIES,"$104,197.00",$471.00,University of Toronto,Professor of History,1996,5d9c0f644544e8838da0e1c20e306fc46f6a3016b42c08afaff7208ce92a5bd9
UNIVERSITIES,"$106,953.00",$298.00,University of Toronto,Professor of Biochemistry,1996,92ae5fc2fb9049c128b3ea8c1a052b1799460fcb11323091c07c7774dc9ad088
UNIVERSITIES,"$145,135.00",$348.00,University of Toronto,Professor of Pathology,1996,d3f1e3c6248dd8a58e97e0015ebbf294f1ddecc2c145bbab81326ddb00618874
UNIVERSITIES,"$118,790.00",$581.00,University of Toronto,"Professor of Physiology and Director, Playfair Neuroscience Unit",1996,ef71510d15d5d76b3a62f9cb77efe7e4de5027b1f5057fe5f549c09d5bf21e91
UNIVERSITIES,"$116,515.00",$462.00,University of Toronto,Professor of Economics,1996,369d27e3c59006e3ae5f8fb679775571cbd44e2765c11077c200e81f3e91e9be
UNIVERSITIES,"$131,497.00",$708.00,University of Toronto,Professor of Education,1996,ff00ed3216e19d66766f3ba77faf11efa554f442b4cf324588495e0e8acfa9c3
UNIVERSITIES,"$204,528.00",$610.00,University of Toronto,Professor and Chair of Physiology,1996,64d22fe3a90d7baff9839824b531fad9a509e70d325ab786dc39941fc48c3c7e
UNIVERSITIES,"$112,167.00",$642.00,University of Toronto,"Professor of English, Centre for Comparative Literature",1996,e6837ceea2e0d9f853db6b2235e17b2a32336612d30120b12eb3c4aca33a11c3
UNIVERSITIES,"$130,484.00",$348.00,University of Toronto,Professor of Political Science and Law and Dean of the Faculty of Arts and Science,1996,0f22ab7142454140de10863702b36ed5e2f9d4081f006f17bca19b1ff387493a
UNIVERSITIES,"$102,966.00",$504.00,University of Toronto,Professor of Music,1996,b5dddc0f282aa24c8ae9eb1f9a1fdd290f51921577f23ca0acdc3fa6a2b8380b
UNIVERSITIES,"$100,139.00",$347.00,University of Toronto,Professor of Law,1996,20d30385882c4d3785277b31ef4e5351ad0c5ba3b4fdb03c0a2966257eff9bfd
UNIVERSITIES,"$151,945.00",$610.00,University of Toronto,Professor of Chemical Engineering and Dean of Applied Science and Engineering,1996,6bfc4e9e7456b9677d7bd946960d8c4ff230fdbb53aacb96c23cd32a41ecebf6
UNIVERSITIES,"$108,468.00",$280.00,University of Toronto,"Lecturer - Family & Community Medicine, Sioux Lookout",1996,b44bfa415f32767326cd5dba51883e2b5efc322cbbb8a21e27ac9932436f66b1
UNIVERSITIES,"$113,911.00",$502.00,University of Toronto,"University Professor of Philosophy, Religion & East Asian Studies",1996,ff2f9d59347a44a0d4f5d8ac0db451ff02767f73e1aa553b8b5534b5577920ee
UNIVERSITIES,"$105,098.00",$292.00,University of Toronto,"Lecturer of Family and Community Medicine, Sioux Lookout Program",1996,0aecc1006b5b92797ab81618f84d4bef124ba18160102086a73d2e85640288b2
UNIVERSITIES,"$104,147.00",$333.00,University of Toronto,Professor of Italian Studies,1996,ee05d74503ff4d8c880727a874d967e5a5cbe8d37ecf901f65fb6fb607ecec10
UNIVERSITIES,"$108,175.00",$650.00,University of Toronto,Professor of Biomedical Engineering,1996,9cd77c86382d8babcfbab4e9269987fa9692671852982031d25938c403a2f71f
UNIVERSITIES,"$117,472.00",$492.00,University of Toronto,Professor of Economics and Dean of the School of Graduate Studies,1996,8218ed7a7844268660f3a450d55abded7d578d2851343e4ac43e7dfb181eac10
UNIVERSITIES,"$101,401.00",$514.00,University of Toronto,Professor of Health Administration,1996,11aa483112b7a83ce6ce56f1377531182278b2d7ea205a65a8fadde45c57ba4b
UNIVERSITIES,"$120,538.00",$685.00,University of Toronto,Professor of Civil Engineering,1996,3cfadd13f6cc82a2f7d272cdf203d36bc7f2456660cfc1ce1289f580eb3fb5b5
UNIVERSITIES,"$103,177.00","$1,528.00",University of Toronto,Professor of Curriculum Teaching and Learning,1996,1c0d5d6b9fac3ec94eeff1ba2f962de7dd5232b06d6ee6231f719aa12a1c2409
UNIVERSITIES,"$111,556.00",$467.00,University of Toronto,Professor of Political Science and Acting Chair of Social Sciences,1996,1788dea601903cf959503cc3fca63d3d5ea1c3cbd3db0bb1f6ad23ae2b138b64
UNIVERSITIES,"$149,569.00",$610.00,University of Toronto,University Professor of Computer Science,1996,6baf581099e6228e66be6d9d7aec696fd4b33b69279f9bfeb2f664bfb8d1f512
UNIVERSITIES,"$103,395.00",$506.00,University of Toronto,Professor and Associate Chair of Chemical Engineering,1996,02731ef84af9a5c7f881edc937e034b74085a82bb08f17682f3b576074d5c7a8
UNIVERSITIES,"$126,354.00",$708.00,University of Toronto,Professor of Computer Science,1996,d3f1414e11a4146c7974d0c9ca4b0e4bd6100c1ae61c88c522f5c49eeab49c05
UNIVERSITIES,"$102,029.00",$499.00,University of Toronto,Professor of Metallurgy & Materials Science,1996,62b062f69e9d9d3641ed83e74fad6a3fe2ad6f1d8e7191360e58c3ee94f0840b
UNIVERSITIES,"$131,218.00",$708.00,University of Toronto,Professor of Psychology,1996,1c594e60818ffbcd97f25715b6e7c582722f1e962f08ba2c44d665733c30c635
UNIVERSITIES,"$110,165.00",$392.00,University of Toronto,President of the Learning Partnership,1996,f17ef7a2bf425f1b211c21b99123c8071f3df5229de6372e12669023eb6a800b
UNIVERSITIES,"$101,738.00",$355.00,University of Toronto,Professor of English and Vice-Principal and Associate Dean of Scarborough College,1996,1486ac74e3ea8c51daa2b3ff1972ef97ad7031ae5e128753df9f1334211f5e8f
UNIVERSITIES,"$114,507.00",$475.00,University of Toronto,Professor and Chair of Mechanical and Industrial Engineering,1996,6838e91da287f2d3be4c550fc8a98d51269f10b66ed748c405bcc6090d6ae90c
UNIVERSITIES,"$106,685.00",$522.00,University of Toronto,Professor of Paediatrics,1996,a896f4bf5683bdc3775c291e718edbcb0eadb0b86c7ee26ec121433fe92c108d
UNIVERSITIES,"$101,825.00",$596.00,University of Toronto,Professor of Italian Studies,1996,fe34b44ca1ed9384a70a6dc717f80d7c9d2ebf1ef3083b41fba1f1c3b568cf91
UNIVERSITIES,"$144,735.00","$6,267.00",University of Toronto,"Professor and Dean, Faculty of Law",1996,7c815b93fbd0a27d0b2b2cab24f87c10c0d810b63bf21bdee77b555f98ec6377
UNIVERSITIES,"$100,342.00","$1,299.00",University of Toronto,Professor of Curriculum Teaching and Learning,1996,0469662ac0d07fe2fed31c111ab8684b6a025b67791e2c92cd08128bf92df049
UNIVERSITIES,"$100,984.00",$281.00,University of Toronto,Professor of Family & Community Medicine & Assoc. Dean Continuing Education,1996,51916aa53fabbcf1fea8b2e0a06e5199e1cc1587c960aa286dc0b619187eb8f1
UNIVERSITIES,"$111,340.00",$478.00,University of Toronto,Professor of Theory and Policy Studies in Educaiton,1996,d187e8b94e3f50688fff29578eb231f912f1bad03e7d98c099675b1c08972325
UNIVERSITIES,"$111,246.00","$3,995.00",University of Toronto,Professor of Electrical & Computer Engineering,1996,f0917c408a108015bff8e2a0e7d5d0bd02709b3132b712d7ce4d438219238329
UNIVERSITIES,"$101,452.00","$5,921.00",University of Toronto,Professor of Political Science,1996,aa3dd146a94592139f0762a3a11f6b4c34a14025c04b6db1746360b68f9f23e8
UNIVERSITIES,"$109,701.00",$614.00,University of Toronto,Professor of Management and Program Director -- Executive MBA,1996,50e17394709a8b103f7d3aefdeaaaf74540ec22af92cf77c838865713da1d8f5
UNIVERSITIES,"$103,543.00",$433.00,University of Toronto,"Professor of Physiology, Associate Chair and Director of Electron Microscopy Unit",1996,973b9c03795451aaa7764f1f4ba8cd20f4b73c4ba97ec4a757934e7fee36c0e6
UNIVERSITIES,"$114,507.00",$560.00,University of Toronto,Professor of Obstetrics and Gynaecology,1996,4dfb175673780f23195a7ee8f8d85efacad68402a01be23fb9fc4a5377aa1681
UNIVERSITIES,"$252,540.00","$9,390.00",University of Toronto,Vice-President & Chief Development Officer,1996,eaa6d4a31aa9d4de31fdacc8960fe9cbde263bc77f5c8b0914554f3fd123c2d5
UNIVERSITIES,"$104,727.00",$638.00,University of Toronto,Professor and Associate Chair of Physics,1996,3d71150deba45994d949b57e78a0dc2eba229b53d73c516887c17e9798d894a3
UNIVERSITIES,"$120,755.00",$506.00,University of Toronto,Professor and Chair of Zoology,1996,6562979f6feb3fe132fe0d520fa4b5429dc1480f98b248ee960b5f72db88b1fc
UNIVERSITIES,"$112,776.00",$472.00,University of Toronto,Professor of Family & Community Medicine,1996,b6e1a0c34f3ab6ae4f7a6e5bbbd2dfe834032e2da1a17117b9b82993ac3d61c3
UNIVERSITIES,"$138,925.00",$346.00,University of Toronto,Professor of Economics & Law and Vice-Dean Faculty of Arts & Science,1996,b37e5d69b91aba2f1e70a05f3cdcdd8ae925c0fed24ac32c45b42e8f8093ca75
UNIVERSITIES,"$123,706.00",$518.00,University of Toronto,"Professor of Law, Criminology and Health Administration",1996,1b11dfc57e21c19566765266f93e02777790277621c0fac31f9b0df398173259
UNIVERSITIES,"$117,820.00",$521.00,University of Toronto,Secty. of the Gov. Council & Access to Info & Priv. Prot. Comm.,1996,beafbf26f89ac80a82bf02ed6a5c4f2ee6789b7ffb5b30325e60a780a3adc03c
UNIVERSITIES,"$103,347.00",$288.00,University of Toronto,"Professor of Pathology and Head, Experimental Pathology",1996,7fe833e0831c1137d8d430509fc0ab4d6455a3fd11d48697c58db2083d280bf8
UNIVERSITIES,"$112,275.00",$539.00,University of Toronto,Professor of Criminology,1996,d6f4a4638204a6057cc1146a59d5ceabb95b90a593c61914c7de2b470cd58fe4
UNIVERSITIES,"$176,417.00",$621.00,University of Toronto,"Professor of Family & Community Medicine and Medical Director, Sioux Lookout Program",1996,d28836e45461633b08395d668524e37373a30e42ce55383e591e2c23688b6179
UNIVERSITIES,"$103,745.00",$435.00,University of Toronto,Professor of Zoology,1996,14d05233789730f3f446738ac1f77a7801e893af732274daad981a6aa08964d0
UNIVERSITIES,"$104,725.00",$512.00,University of Toronto,Professor of History,1996,455c929aceaaa599e7964750e721557030ca44dae88b01ea3dba5978ca517268
UNIVERSITIES,"$128,748.00",$708.00,University of Toronto,Professor and Dean of Architecture & Landscape Architecture,1996,f566eb0b475397fa74a9c5752483b03980034abd22014f2a307cce38e095df0e
UNIVERSITIES,"$106,249.00",$592.00,University of Toronto,Professor of Education,1996,5b99c8934ccb7a68be6c613176420577259b62d0ea54ae5e1905eb409eaef93b
UNIVERSITIES,"$103,116.00",$414.00,University of Toronto,Director of Information Commons,1996,3abe7e796b5182bc736cc1435df3ee6045053bfdf71a5c1b49b6405bd5d33cdd
UNIVERSITIES,"$118,992.00",$146.00,University of Toronto,Professor of Sociology in Education,1996,0504d79b86d8b93701c437c1c3d0fb0eb166a6fa6fdae4bb9e76f4b5c2b68e41
UNIVERSITIES,"$111,896.00",$547.00,University of Toronto,Professor of Dentistry,1996,4ef29f9140e22f3ae357da685d759e8971baabaa19ebc3631c741e198b811641
UNIVERSITIES,"$102,630.00",$430.00,University of Toronto,Professor of Spanish & Portuguese,1996,6ff81ab4f29f7fbca11669a9581cddff15e4ae5b9f68f7ebdd96b3218d7fe69f
UNIVERSITIES,"$134,690.00","$1,717.00",University of Toronto,Professor of Family & Community Medicine,1996,cd8d40ce09d0d9ead2f2159533be0cdb80f4b558cde180a92f48c30abe4c9da7
UNIVERSITIES,"$103,647.00",$410.00,University of Toronto,Professor of Pharmacology,1996,835c0e683fbcb1e70c70cb015f827e59847b83e963de289a2dad667cfd705a96
UNIVERSITIES,"$111,153.00","$3,639.00",University of Toronto,Professor and Chair of Computer Science,1996,cccd9ec9d4e10390d6e6056c6d69ed8fddf6d0697acd2ab4e6f296fd8fb1f719
UNIVERSITIES,"$127,950.00",$610.00,University of Toronto,University Professor of Economics,1996,3ebd0337c5edc04993d4adb3c2e8e855a29ef6f59c3ae9077a339a88e679dc1d
UNIVERSITIES,"$104,322.00",$564.00,University of Toronto,Professor of Management,1996,f937e9b1d1e7bd8f5ca2a0d009c7147a83b1999b216244b93731382659ed7dc6
UNIVERSITIES,"$125,310.00",$708.00,University of Toronto,Professor of Anaesthesia,1996,2155052a7c68c745202ff14af9e8efe45eb011d17324d42ec08655dcc52eccea
UNIVERSITIES,"$101,567.00",$407.00,University of Toronto,Professor of French,1996,a53700522430598b6ab14912994a5674266c518fec360a490a45a0c4c1e169a1
UNIVERSITIES,"$139,714.00",$618.00,University of Toronto,Professor of Political Science and Chair of Department of East Asian Studies,1996,4f11dc0c14e2ad6b257b97f974a0335102240da97dfe634552815d556f12220b
UNIVERSITIES,"$113,373.00",$589.00,University of Toronto,Professor and Chair of Geology,1996,12650bcb8d5e7307aee2936b83c401d87c95c28a3edc24b34bdbfd440ea8c8ec
UNIVERSITIES,"$163,954.00","$6,994.00",University of Toronto,Professor of History and Vice-President Administration And Human Resources,1996,0e5095b9a542b424d9268a93ad78980e19eeabe8660dd5250c2895d082d22e8b
UNIVERSITIES,"$134,687.00",$708.00,University of Toronto,University Professor of French,1996,545576d44a9fd493e75b9ff502e238b33395a84afdebea7f7168c9ea8f7a55e3
UNIVERSITIES,"$102,626.00",$452.00,University of Toronto,Professor of Economics,1996,4571c5736992c4fd67a6f6563ab0e052b13b79b92e16d0ac730f9d5ef8f59e13
UNIVERSITIES,"$143,447.00","$2,080.00",University of Toronto,Professor of Psychology,1996,13309d78a0ee827c23d0f519589b4be7fdac7f9aa94f76b687b9b9d4c0236745
UNIVERSITIES,"$111,488.00","$7,324.00",University of Toronto,Professor of Philosophy and Principal of University College,1996,da3de6500441a5aabf94b13df80fbcdcb1d3153598ab42d883dfd87b31440df8
UNIVERSITIES,"$117,763.00",$631.00,University of Toronto,Professor of Industrial Engineering,1996,710d2769a089ff8444fd81ca9f2f73c718d880fcc77fa7420c96a0100a55a4f0
UNIVERSITIES,"$101,024.00",$423.00,University of Toronto,Professor of Electrical & Computer Engineering,1996,25f096138ba5e6f3f14b215730e4e3ba9dd8bed88403064834f02b1c872fd4e1
UNIVERSITIES,"$120,301.00",$504.00,University of Toronto,Professor of Medicine,1996,319856c66b47e1279d95b945c5cc0caa86190ec3f058ca5f2a4b0793f6d61fa6
UNIVERSITIES,"$105,275.00",$640.00,University of Toronto,Professor of Preventive Medicine & Biostatistics,1996,04206b9b3cfd11428ecf22741efd4e79e06e21e3032dc727fef0da6e08bf850b
UNIVERSITIES,"$107,372.00",$479.00,University of Toronto,University Professor of English and Director of the Centre for Medieval Studies,1996,400e7ec84b633600f792aa62c183c5ced5e5bfc4468474288ef8c0c90f1f41bc
UNIVERSITIES,"$142,659.00",$267.00,University of Toronto,Director- Alumni & Development,1996,10089151ea3f5b5af103caffc6100d513e2ed3a13f9db1cb668499c6a7839a49
UNIVERSITIES,"$101,481.00",$496.00,University of Toronto,Professor of Education,1996,dd642ead301fdef59add8bd345651626e72d7dd4ab36027b2d2b2aeaa162d036
UNIVERSITIES,"$105,966.00",$518.00,University of Toronto,"Professor of Medicine and Associate Dean, Undergraduate Medical Education",1996,159f4848592b7ba153b1d2f860d667557e5b8255c231a33018355ca48b03de57
UNIVERSITIES,"$125,500.00",$585.00,University of Toronto,Professor of Psychology and Director of Graduate Studies in Psychology,1996,15edf5f84a4861c00efdcbe61684362e091196d76e9139d1ff5e2552f1fd780d
UNIVERSITIES,"$162,125.00",$610.00,University of Toronto,University Professor of Law,1996,e811bf85e055fadd0bc86c31a6dcb9f4e37301de5ac5fba95c84c10622468690
UNIVERSITIES,"$100,373.00",$538.00,University of Toronto,Professor of Mathematics,1996,b6f60bbe071f3e81f6c0a494ffd5456f0767f508c0deae429534497f8dc3ff80
UNIVERSITIES,"$164,805.00",$522.00,University of Toronto,Professor of Medicine,1996,54ea9d7100369fe57394c6d45631501da825a41408f6d72cca5ce34a69cb5201
UNIVERSITIES,"$130,488.00",$503.00,University of Toronto,Professor and Dean of the Faculty of Education,1996,13f3da7e9e292571467c3896e83e5aef18eaba46090bbb192cb088ace85a4905
UNIVERSITIES,"$115,309.00",$564.00,University of Toronto,Professor of Economics,1996,d8998707ee130de3035bcd192f99543baba12826aaa1d7ec5c8d35b46acabed2
UNIVERSITIES,"$114,799.00",$440.00,University of Toronto,Professor of Education,1996,924f9f39373294b8c59dbdc55d66d5e64c5f8c9a71e8ca777c0a31a8ed07b1e0
UNIVERSITIES,"$100,527.00",$421.00,University of Toronto,Professor of Geography,1996,81a7f6316982321ad1be22e095de2ad3f342625ac0c2ce0e688b0475f98af83d
UNIVERSITIES,"$104,259.00",$437.00,University of Toronto,Professor - Banting & Best Dept of Medical Research,1996,c9f36f24c6e6b73b344316906da5b71bdf6e5a4591616c10c139ec8806d54b25
UNIVERSITIES,"$134,051.00",$817.00,University of Toronto,Professor and Chair of Psychiatry,1996,c1a1f91ca6388e4751bfa16ac706706d36a9888fd649086651ec9aa79e66f9cd
UNIVERSITIES,"$104,922.00",$292.00,University of Toronto,Professor and Graduate Coordinator of Astronomy,1996,f694676da0cb18db776d2373708edd6987f874117bc9b2b0a5b505b84a3ac761
UNIVERSITIES,"$100,465.00",$350.00,University of Toronto,Professor of German,1996,8eb549e94e10d3dfa9603b87cfd24a2f7fc62e74dcb58f5cf9da6f8d91d9d91d
UNIVERSITIES,"$119,724.00",$537.00,University of Toronto,Professor of Preventative Medicine and Biostatistics,1996,e49d8967f8af2a40c1931e233e7b8f5d571a7f376273d8c676043b85e2964589
UNIVERSITIES,"$105,905.00","$1,302.00",University of Toronto,Professor of Medical Genetics and Microbiology,1996,7f3c151ec4088599178c50f668fa75e8e672ec6773fe1712caf1b56055381382
UNIVERSITIES,"$119,871.00",$610.00,University of Toronto,Professor of Clincial Biochemistry,1996,7b87e0cee2394fe6a885df9ea9dd1550915b85f34ec24112fdcedbc417de553a
UNIVERSITIES,"$106,506.00",$446.00,University of Toronto,Professor of Mechanical Engineering,1996,ed49e93d1145483f3b9aab4e3a0d0c105dec04695582b4e607de6e3ec55c3d7a
UNIVERSITIES,"$187,053.00",$610.00,University of Toronto,"Professor of Medicine & Director, Interdepartmental Division of Oncology",1996,23c9bd04d426fe51962b55e08b9e0e3e5d3a2c23470b9916d91ec315b4aa5e29
UNIVERSITIES,"$101,299.00",$406.00,University of Toronto,Professor of Philosopy,1996,09eb7ed12347c48bdee8b07bf78dace45cc31783ad2d93e4d517213c8a106cf6
UNIVERSITIES,"$120,682.00",$609.00,University of Toronto,Professor of Philosophy and Vice Provost,1996,076638ddc0883823cdb06cbeee3ed1c704a0f7597187fe9aac870c31945d0c45
UNIVERSITIES,"$113,562.00","$3,221.00",University of Toronto,Professor of Physical and Health Education/Physiology,1996,99092f26f0a620cd16de400f0926c0eb7563a9ccde80478b5c6899f2d89c97bf
UNIVERSITIES,"$148,421.00",$621.00,University of Toronto,Professor and Acting Chair of Pathology and Clinical Biochemistry,1996,4dff7a08332b6b3484cd98809ad5a37dda4c0eb26b26009655274ec6f461fda9
UNIVERSITIES,"$100,053.00",$607.00,University of Toronto,Professor of Zoology,1996,df823c721dbc5c5c4866280e755552ef65612c9f181da46a9c7ded2210bd999c
UNIVERSITIES,"$103,211.00",$288.00,University of Toronto,Professor of Nursing,1996,762cfa5699830eb38e4d97a7e8bb3067feb1129f8e4050a64f159587d810c86b
UNIVERSITIES,"$102,906.00",$503.00,University of Toronto,Professor and Graduate Coordinator of Near Eastern Studies,1996,a9ca6a0513020fa750b4ede83b6a114d714236a921f43741508855b529c48ea1
UNIVERSITIES,"$148,513.00",$610.00,University of Toronto,Lecturer - OISE/UT,1996,d1a09f786a343079ea0524bb3d54dc20d6db70a7a6f30b234e0a2e0b9771a897
UNIVERSITIES,"$111,042.00",$528.00,University of Toronto,Professor of Banting and Best Department of Medical Research,1996,4b83f966a0ed235a9d994855d1b1bc27a231218098a0e3f8c6f6f1431c69d40f
UNIVERSITIES,"$101,592.00",$426.00,University of Toronto,Professor of Environmental and Earth Sciences,1996,3c3861c56790404b8cddf5840691d305f7a915bd737f5d477601fec40de8dcad
UNIVERSITIES,"$117,896.00","$4,377.00",University of Toronto,Professor of Mathematics,1996,08b057460f0b6b5199e8597e50f38881fdcea246b2807fec7f6e9f33c4f2f343
UNIVERSITIES,"$100,831.00",$567.00,University of Toronto,Professor of History,1996,46e43b62b11b0e65c9466add2497d057602c5e3c60f0edd0a1994d258bc749ea
UNIVERSITIES,"$104,786.00",$366.00,University of Toronto,Professor of Physics,1996,209274382e26bd676f3cb3f5752ddfc3e9b5978e94165c88e57107b5a75f7199
UNIVERSITIES,"$105,555.00",$442.00,University of Toronto,Professor of Political Science,1996,942d352038df9f16048fa1a59c21c95ce8829117a1cc72cb1316829cd6c0c363
UNIVERSITIES,"$109,820.00",$537.00,University of Toronto,Professor and Director of the Centre for Industrial Relations,1996,2a311fbeaa3fb4ee38705404b557f042c5eb7b94ea0df8f71781e4ad03c37651
UNIVERSITIES,"$119,492.00","$1,557.00",University of Toronto,Professor of Adult Education Community Development & Counselling Psychology,1996,5e9d8e76f98a8313c9c483f08204687dd77f9af3441f83eb46be8a7c468805fa
UNIVERSITIES,"$145,324.00",$610.00,University of Toronto,University Professor of Philosophy,1996,f29d8df8b777e91283ba20e6893511eee5f119fac294d41bb4ccfd0a6311d496
UNIVERSITIES,"$101,332.00","$1,464.00",University of Toronto,Professor and Chair of Adult Ed. Community Development & Counselling Psychology,1996,ee8b2d655993c6b077c502c7d02d1e99add437ebc05a9df36a4d1f50e3ae9a8d
UNIVERSITIES,"$104,837.00",$659.00,University of Toronto,Professor of Physiology,1996,ba25e13350fefdb5081c10ceaea127bc876f04d38dfd754ef2042d957076c0e6
UNIVERSITIES,"$121,392.00",$708.00,University of Toronto,Professor & Chair of Mathematics & Chair of the Provostial Task Force on Math Sc,1996,0a3d9132abff8236ac6d23479b22b8aea4ca147c37b855bcadfedc477692aa5b
UNIVERSITIES,"$122,995.00",$702.00,University of Toronto,Professor of Medicine,1996,067483a603b00835732efd9627e82d71cf98dc3050c3ad7130c2adae2b9a2ac7
UNIVERSITIES,"$113,007.00",$463.00,University of Toronto,Professor of Management,1996,66a46eca427ed3c68803143f54f12caacdfd5985c1dfaadf6c09f2731be21c1c
UNIVERSITIES,"$118,218.00",$540.00,University of Toronto,Director -- Organizational and Systems Effectiveness,1996,243035a364bf8e30c1571c247d719598c68a52c5b5c5382684f19046dea376f9
UNIVERSITIES,"$115,037.00","$1,308.00",University of Toronto,Professor of Curriculum Teaching and Learning,1996,e7b2a9d93ecc3320e1fd766056758cbd45bf26357dadb754982b57eda5159478
UNIVERSITIES,"$154,140.00",$565.00,University of Toronto,Campaign Director - Development,1996,1da546b976ac4d30ad195dc23dfc1689f49fbedf2a1a84b54dfd70c79f2de5c2
UNIVERSITIES,"$149,183.00",$613.00,University of Toronto,Professor of Economics,1996,75820bc09d2c9ab8201f9a72bcdf0e6192cc22a4c41f0ff459bc34a046a510a8
UNIVERSITIES,"$100,877.00","$1,492.00",University of Toronto,Professor of Sociology in Education,1996,ccbe7c5bd5f21b097ebfe4ae6793111553252ac3a6bafb25c9e4d958060d9b14
UNIVERSITIES,"$105,676.00",$406.00,University of Toronto,Professor of English,1996,43a4c1a4d9a9af2ed9b9040811a5d12430fdaec068a43b68bb01b53f2db36046
UNIVERSITIES,"$123,379.00",$703.00,University of Toronto,Professor and Associate Dean of Dentistry,1996,0218d850575ff4446d443cf6ac6319d19a3f7b903cbfd5650cb93a49b2c43184
UNIVERSITIES,"$100,864.00",$493.00,University of Toronto,Professor of Computer Science,1996,a897cd9fb7a45726fa58693d3ca786be9b9042cb7e520b99dcc3ac1d35c3f2bd
UNIVERSITIES,"$139,739.00","$1,677.00",University of Toronto,Associate Dean of OISE/UT - Research and Field Activities,1996,61004b3dd572b84fd7774d3b541617b5cf841d4ef4a004e4a318c8dec356f310
UNIVERSITIES,"$125,724.00",$610.00,University of Toronto,Professor of Computer Science,1996,f21795cad71aa664a2f78a798e6d4dff26c1c3f8692e0e44cb6daaab62c1545f
UNIVERSITIES,"$102,894.00","$1,518.00",University of Toronto,Professor of Curriculum Teaching and Learning,1996,3465c5ce98670cff65b675dd3cfb43f0504828f09003fee4d08b421b02699a84
UNIVERSITIES,"$104,025.00",$579.00,University of Toronto,Professor of Psychology,1996,198ad5570114d341ac9c3c5e1503bffe0f212524db791f3eaa2266ce66225a52
UNIVERSITIES,"$121,289.00",$593.00,University of Toronto,University Professor of Economics,1996,d30ef12cdf8bc5492319448d571f7d5a6961fe1cdbe3b3334d3b9817713cf597
UNIVERSITIES,"$112,561.00",$313.00,University of Toronto,Prof. of Prevent. Med. & Biost. & Dir. - Occup. & Env. Health,1996,6f221513f23c4c4e54dddde218a932f20a098bb073ecc5fee179b97528aa67f8
UNIVERSITIES,"$111,073.00",$582.00,University of Toronto,Professor of Computer Science,1996,4d960accd52b319e530e253d4caaddc34af05562020aa8c46d140eedd649c303
UNIVERSITIES,"$115,608.00",$354.00,University of Toronto,Professor of Economics,1996,a5fd2c7eda2ce0fb837dc365ecedcf3c14966d47f71eef4db5c082b32eeb67ee
UNIVERSITIES,"$127,262.00",$348.00,University of Toronto,Professor of Psychiatry and Director of Positron Emission Tomography,1996,00a22d79482f3880c3c7b3d3718453970372515c85125293de473fbecd48347c
UNIVERSITIES,"$108,326.00",$530.00,University of Toronto,Professor of Preventive Medicine & Biostatistics,1996,ae205d181d06a7b1a0cb1872b3e7f4b0a0213fc78ba27d0e14e32c96a05bcd66
UNIVERSITIES,"$100,550.00",$421.00,University of Toronto,Professor of Preventative Medicine and Biostatistics,1996,de592124531e4389562fe1245a6f5a8b591e9d7ed68984669f1eaa3191b042f7
UNIVERSITIES,"$106,483.00",$644.00,University of Toronto,Professor of Aerospace Studies,1996,7d5806231fd901772ffea96f4b57804c9636a6c673d284d7626f1a5e4ad66518
UNIVERSITIES,"$108,141.00",$635.00,University of Toronto,Professor of Management,1996,988827f65304b0424c6766bd91ddefc5b95b9a756ad676a07470d35d014672b5
UNIVERSITIES,"$121,730.00",$558.00,University of Toronto,Professor of Education,1996,bf3c517ca7023a731d077018f1fe3ceb895bbd88624b4b9ebe02bb8535329a58
UNIVERSITIES,"$105,236.00",$441.00,University of Toronto,"Professor of English, Centre for Comparative Literature",1996,869a37c3e1ec24327f472791b7a84ab114cee17a1e72f260d68b51e9989f0d8b
UNIVERSITIES,"$107,192.00",$479.00,University of Toronto,Professor of Economics,1996,44e84e34e0acf27ff336fc495ee20e95bca38cbbc165da2f5ab55115ac177f1b
UNIVERSITIES,"$105,585.00",$474.00,University of Toronto,Professor of Italian Studies,1996,5ee26d741a2cac392056f992bdb652e9ce0762cd9fb4d2111c28931055981b4a
UNIVERSITIES,"$108,156.00",$495.00,University of Toronto,Professor of Social Work,1996,35adc49f5ff51e58b098213e0a1bd30b782138b8100bb3a86197e8e80dc060bf
UNIVERSITIES,"$113,977.00",$566.00,University of Toronto,Professor of Sociology,1996,57d7b6799d95749b537b12c5b1c3e7a2c3d7ae546dca2a854286c12d8b269b3b
UNIVERSITIES,"$117,690.00",$522.00,University of Toronto,Professor of History and Acting Director of the Centre for South Asian Studies,1996,b86a8dd9eda0e689880af2013b99024d1ff22d4d604cc54b517a2e00d1555242
UNIVERSITIES,"$108,477.00",$302.00,University of Toronto,Professor and Associate Chair of Mathematics,1996,28367efb7bc6db12d51122c5f999d0beba3a2eb50045aac101eef568298979a9
UNIVERSITIES,"$102,445.00",$630.00,University of Toronto,Associate in the Faculty of Dentistry,1996,aa3ff7b3d95ffb3874df63fa7e61326ec475bbf4b790252feb67c3b64f9b2f3d
UNIVERSITIES,"$110,119.00",$539.00,University of Toronto,University Professor of English,1996,7ccca5c87332c46ce4fc56951db4b68266cdede06c761a015820bb674a587800
UNIVERSITIES,"$107,062.00",$297.00,University of Toronto,"Lecturer of Family and Community Medicine, Sioux Lookout Program",1996,2a2d8171172243cf597e47f34a4c0c007d9ffce6cdc2eb281be17c72c3e91679
UNIVERSITIES,"$105,835.00",$518.00,University of Toronto,Professor of Mechanical Engineering,1996,072b89d80683b64ba33966cc757e8ec23ed4cb1dcaf62017f31936c769594539
UNIVERSITIES,"$117,614.00",$493.00,University of Toronto,Professor of Law,1996,81dc08d9133456a15d6c57d9e595740de58fa11e89f4dafee4be9f6772a976b8
UNIVERSITIES,"$101,551.00",$426.00,University of Toronto,Professor of Nutritional Sciences,1996,8ec0120bb4f37eade5efe5a11b419342c0af0b28a0c31f50c58a4bf4a42bad3a
UNIVERSITIES,"$107,529.00",$310.00,University of Toronto,Professor of English,1996,854f25535028a7f77b841be55c27b123aaafcabad6eacefd11f2506d3c1ab9e2
UNIVERSITIES,"$113,656.00",$476.00,University of Toronto,University Professor of Chemistry,1996,8cf207ed8ce38bfb304507c9298b3a5035936ca9b360808e8573d4a454185508
UNIVERSITIES,"$107,136.00","$1,392.00",University of Toronto,Professor of Curriculum Teaching and Learning,1996,184cbceb2a9ede1455e23237230b82164fb6590fdab5398b51063ec02187b977
UNIVERSITIES,"$106,363.00",$296.00,University of Toronto,Professor and Chair of Immunology,1996,2a5edff5ff7255fcac3998469c1bc2fe9054efd574e0c51ab25f40e981ec8f36
UNIVERSITIES,"$103,185.00",$505.00,University of Toronto,Professor of Commerce,1996,91da3f3d7cf4419d1a2d450d097c1dda1f46a36110cb41dcaeee2d1a7902c7e3
UNIVERSITIES,"$106,445.00",$521.00,University of Toronto,Professor of Management,1996,5b0eb5eb3f2b5fff31954f6155f2368160198472b97c38d1918bbea7cb7ee95b
UNIVERSITIES,"$115,816.00","$1,541.00",University of Toronto,Professor and Chair of Human Development & Applied Psychology,1996,69ad0c69834318abf3c57222cb81668dc0d989f1eea8f5cf712464f42aaa0893
UNIVERSITIES,"$131,277.00",$610.00,University of Toronto,Professor of Mechanical Engineering,1996,72e4c65b9d9d78bd5a6e94d25d6e4c05dfbe7c2e0444af5382c77ab8bc2bb2f6
UNIVERSITIES,"$112,898.00",$530.00,University of Toronto,Professor of English,1996,e214e66da60a441829c276cdf9e037bc01e127576fc2514e47183dac4aee5a20
UNIVERSITIES,"$118,053.00",$577.00,University of Toronto,Professor and Graduate Coordinator of Pharmacology,1996,b8047a6b121ee48826608e70b5b379dd9cf9d404bc746f76804a12a8f816e1d2
UNIVERSITIES,"$125,316.00",$424.00,University of Toronto,Prof. and Dir. of School of Phys. & Health Educ. & Acting Dir.- Ath/ Rec.,1996,fe5f2b6da3de1f9182fb51c407015b2f74ff7ef18353f68904991375fd1b7c7e
UNIVERSITIES,"$105,605.00",$641.00,University of Toronto,Professor of Physics,1996,d60df184e508aae4582ecaa70dace47afa4ac1b90a50068bb3a9bd018bda9e4d
UNIVERSITIES,"$114,194.00",$494.00,University of Toronto,Professor of Anthropology,1996,b6ed8ad8453127235f50f43e36b6052b2f7daaca9d7697f73e3809be47f54f46
UNIVERSITIES,"$101,191.00",$626.00,University of Toronto,Professor of Chemistry,1996,37e10ed488a1e7e8de1f56aa1bedf841068dfbc845ab1dd54b5ca9aba8baf16e
UNIVERSITIES,"$106,038.00",$501.00,University of Toronto,Professor of Management and Industrial Engineering,1996,17c4c4b1532bc25640e11e551ccff04f2848471a3cb46a232e16a3c2a2cc4981
UNIVERSITIES,"$103,282.00",$587.00,University of Toronto,Professor of Psychology,1996,9aa38f4bc26d6460176b89a3e6b6df5550c279464409cd5b7e3c2170528b0b02
UNIVERSITIES,"$101,708.00",$476.00,University of Toronto,Professor of Management & Economics,1996,085aa37b59a9fef569c9a2e9b9c54d7f7822f9ab54125825e4ca59a89189af85
UNIVERSITIES,"$103,955.00",$357.00,University of Toronto,Professor of Astronomy,1996,d2c2722cefdd1c8dfc7c3dccb37ed620d737dde42166003f4e0b51cd53811016
UNIVERSITIES,"$155,625.00",$838.00,University of Toronto,Former Director of OISE,1996,3a3cc91a8118bf83bd65588125ec448d18d03ea6abc11d7d480fa295f3af0e8e
UNIVERSITIES,"$114,357.00",$319.00,University of Toronto,Professor and Chair of Medical Imaging,1996,b28a6a76f723f6b3ed1fb7ecf76b22fd58516694e7f71ccab28142a4ed443435
UNIVERSITIES,"$113,973.00",$318.00,University of Toronto,Professor - Banting & Best Dept of Medical Research,1996,cc58f44ef5112b890afd1b84f82803d03266566e2a8cef485f26c609f4f240ae
UNIVERSITIES,"$102,572.00",$502.00,University of Toronto,"Professor of Electrical and Computer Engineering and Director, Biomedical Engine",1996,e8b480941e50ada989b140de82352710f7ee3865b877a7ac31b2fb1c1488a0f7
UNIVERSITIES,"$109,952.00",$298.00,University of Toronto,Professor of Education,1996,1b8e1dea710a28318774a3793e80256103d7e5421d7e1b386e033a83a5fab982
UNIVERSITIES,"$103,963.00",$436.00,University of Toronto,Professor of English,1996,a145087d4f503374fffa274d274a9700e591f9de3e89042cc96f67e8ee20e12b
UNIVERSITIES,"$150,335.00",$610.00,University of Toronto,ViceProvost & Assistant Vice Pres. - Planning and Budget,1996,61fca7e258ebf4831210c3a25d8471dc6c5aa9f4c1e7e7c95aa1b648b9d21dcc
UNIVERSITIES,"$178,834.00",$610.00,University of Toronto,Professor of Surgery,1996,8ff9b830aaf98ac4050ae7487a2090df214365f1455200ce537fa771a83f6515
UNIVERSITIES,"$115,894.00",$404.00,University of Toronto,Professor of Law,1996,4334f3952a681ca9f3fb8439ef821a98c5a0decbce0cf1c99ec0e6df913f005e
UNIVERSITIES,"$166,867.00",$334.00,University of Toronto,Professor of Management,1996,62f49b4bf3a58fe6810353a5e58dd40441875297ca288dc05740f4b7787ba179
UNIVERSITIES,"$101,384.00",$627.00,University of Toronto,Professor of French & Assoc Chair & Graduate Coordinator,1996,6218300297eeea032a35435748cca5cc2dadf6a75d476fd8691102bafec62546
UNIVERSITIES,"$102,579.00",$450.00,University of Toronto,Professor of Dentistry,1996,e41294743e4fed443d0bfa1956693d78412b152f90a53f6380a7116e656ef653
UNIVERSITIES,"$128,735.00",$435.00,University of Toronto,Professor and Chair of Health Administration,1996,165047e40076ec64be483e93f9660416ba8f69dabb33d062657131eb1e4a0b1a
UNIVERSITIES,"$106,424.00",$297.00,University of Toronto,Professor and Graduate Co-ordinator of Anthropology,1996,28de45ff3c695829cdbfe44b85ebfe01f76ff3e1907030c213911cd90aad4cfb
UNIVERSITIES,"$106,685.00",$522.00,University of Toronto,Professor of English,1996,a90dbd8eaf52cdce7196a443ee98ed6f88fe695957bef76b2c01556191adb71c
UNIVERSITIES,"$105,356.00","$1,457.00",University of Toronto,Prof. of Theory & Pol. Studies in Educ. & Head of Centre for Lead. Dev.,1996,b087245990cdef95d934baa738b5c8c033a8af94496801cea83c2ab8f455d337
UNIVERSITIES,"$108,750.00",$413.00,University of Toronto,"Lecturer of Family and Community Medicine, Sioux Lookout Program",1996,308b3df0c9c90529e9ab3d2e28af27651fa3086e63f6bf962a951d019fcc9135
UNIVERSITIES,"$104,380.00",$637.00,University of Toronto,Professor and Associate Chair of Electrical & Computer Engineering,1996,a29df45fab9b05138ea5d36fe6bb756418824d60c5bf13532c61ecf4a60c3b03
UNIVERSITIES,"$101,412.00",$642.00,University of Toronto,Professor and Director of the Centre for History & Philosophy of Science and Technology,1996,da94f813d53a5859f0d1c7a6ba5a31233b26d02272d940d59faf62f027f71d15
UNIVERSITIES,"$139,838.00","$1,675.00",University of Toronto,Professor of Curriculum Teaching and Learning,1996,55133c13d3faa8a5ac68dd85983d9f89025d9137a7885f129bfb43f7b2aa7a9b
UNIVERSITIES,"$117,189.00",$573.00,University of Toronto,"Professor, Associate Dean of the Faculty of Dentistry and Associate of Dentistry",1996,9a03d8c39f925b73b8e5e29315de904b79866856468328ad84ae41d518313816
UNIVERSITIES,"$113,020.00",$553.00,University of Toronto,Professor of Dentistry,1996,9984ccbc40ca58dc64288234502b622697e724c39380be801ffa0de0510f2416
UNIVERSITIES,"$103,516.00","$3,540.00",University of Toronto,Professor and Associate Chair of Anatomy and Cell Biology,1996,de27d03bc12cd2011eb5d97bd9870ecd0d8e0648f47df11372688462500983df
UNIVERSITIES,"$104,064.00",$636.00,University of Toronto,Professor of Clinical Biochemistry,1996,63997ab8d5344d29e3c17869fa86bc8c9c582d1828a8390b2dc307ca763cd97b
UNIVERSITIES,"$102,540.00","$1,510.00",University of Toronto,Professor and Chair of Sociology in Education,1996,5acae5b69c26b212aed2fbc07165705cb4d1a066b3691a6b37d309c52f761f8f
UNIVERSITIES,"$103,730.00",$435.00,University of Toronto,Professor of History,1996,3ce629a6d2c9b7d6db9a9ad5dc8c933d96a25b743d08ed6a32ce85553a1427cc
UNIVERSITIES,"$101,587.00",$465.00,University of Toronto,Professor and Acting Chair of Psychology,1996,7c42060f850352db60bdf1107b5f48da6efadeb22067a09d49f0531625d33f6c
UNIVERSITIES,"$103,003.00",$287.00,University of Toronto,Professor of Chemical Engineering,1996,71b8686522800d39d2aed4200d641d2d71671c8201b7de35923c38d42c34a4b1
UNIVERSITIES,"$120,770.00",$388.00,University of Toronto,"Professor of Family & Community Medicine, Sioux Lookout Program",1996,ccd43137a010d6a24c60d1abb195f1e5dd128c15f6f909d59c7116daa737a1b4
UNIVERSITIES,"$107,323.00",$287.00,University of Toronto,"Lecturer of Family and Community Medicine, Sioux Lookout Program",1996,bf2a22db6914827636b84c1caea24dc5f9d4c05c95e06c9581e8c2489fdc21f1
UNIVERSITIES,"$154,100.00",$610.00,University of Toronto,University Professor - Banting & Best Dept of Medical Research,1996,991433429c4d765e53d6c933b9e39f826d6161c382a1c958d10906eff2f2130e
UNIVERSITIES,"$111,663.00",$663.00,University of Toronto,Professor of Obstetrics & Gynaecology,1996,a89a08feb8d19f9c243862280955b3a266658ca926e168a5a5662e4c6ef43f57
UNIVERSITIES,"$118,622.00",$451.00,University of Toronto,Professor and Chair of Undergraduate Studies of Sociology,1996,bf9d8cfc03eece9da6479f2c707a16d5aad7e3523015799c4b971e080227e216
UNIVERSITIES,"$122,802.00",$601.00,University of Toronto,Professor of Dentistry,1996,f7d2a8e51e13bf71d9762c00d6b191eea4d1a5a7698d753bb4d0056c046f3eb5
UNIVERSITIES,"$105,430.00",$641.00,University of Toronto,Professor of Political Science,1996,fd6d3a0999e798d7e775a411b4409477fb7f2ba171195d71956958604f03067c
UNIVERSITIES,"$109,524.00",$145.00,University of Toronto,"Lecturer of Surgery, Sioux Lookout Program",1996,4717592e9d550edd62a41aa4b7ff80b0f579c5b24365dbbfe66515345f4a94b2
UNIVERSITIES,"$102,317.00",$630.00,University of Toronto,"Professor and Director of the Institute for Human Development, Life Course and Aging",1996,50fcd5874a7c9cc435fffcb9d98071aa33ec608c46eefa08699ba0505f7c7815
UNIVERSITIES,"$102,925.00",$287.00,University of Toronto,Professor of Electrical & Computer Engineering,1996,47dc3958d25922346fe005ca1bbfd2d2b20b5a8583be0ce5c830db4f6478bff3
UNIVERSITIES,"$109,988.00",$538.00,University of Toronto,"Professor of Economics and Director, Policy Analysis",1996,51e4cedbf7ee454f8e5fb178ad8fcb71c2883ea3452a4cbf543f7b82ede54e98
UNIVERSITIES,"$100,563.00",$553.00,University of Toronto,Professor of Computer Science,1996,0369973e5cb17eb0b640790f47c753fe51ebc2390d427d8cf9922ec5976e0f5f
UNIVERSITIES,"$116,730.00",$634.00,University of Toronto,Professor and Associate Chair of Political Science,1996,a827f57c5af67ce354796771cb9fd1d24ee66c57abaf255b4298635cc461195d
UNIVERSITIES,"$103,077.00",$504.00,University of Toronto,Professor of Dentistry,1996,3e61408727ae6cf3c8a65d4e8fdfe1b44e1813eaaccfa65b17fcfb2f01721526
UNIVERSITIES,"$126,361.00",$522.00,University of Toronto,Professor of Mechanical Engineering and Vice Provost,1996,fcd0ef1f9e53ef615167d7e40b92ddefd02342114f2fe4b8bdccfa2d1b6d9164
UNIVERSITIES,"$101,099.00",$405.00,University of Toronto,Professor of French,1996,fbff08ab2e7c71c16ca181e79628791a11402a42745b1eb044050a61cee5f6af
UNIVERSITIES,"$102,720.00",$430.00,University of Toronto,Professor of Chemistry,1996,5bd61058ba2b18c5999c72adb8b95d08bb37f0b93ca213622b4708fc35481269
UNIVERSITIES,"$106,380.00",$366.00,University of Toronto,Professor of Dentistry,1996,e420e3058b0cde9ed7cea2c844452851786d3316c9fbae5fb68ca558ccbda2d9
UNIVERSITIES,"$103,619.00",$361.00,University of Toronto,Professor of Dentistry,1996,53c1eb40449e1eac0a28faf5867b095bcdba40b278c1e96f8c60000561858009
UNIVERSITIES,"$114,686.00",$673.00,University of Toronto,Professor and Chair of Metallurgy & Materials Science,1996,17b248e3e0e031e00316dd8827e05de53a63e0a7d732b29d1034dc7d72939c13
UNIVERSITIES,"$102,975.00","$1,366.00",University of Toronto,Professor of Curriculum Teaching and Learning,1996,6ebb9269f89d65a5db841e3fc231879e54adbe792fd7ef6419152692fdb1bfb2
UNIVERSITIES,"$104,178.00",$563.00,University of Toronto,Professor of Chemistry,1996,47b7b5a541a3ac5a56b0d589c89a66bfcae3a66b914ed36a104f3590327a2c6c
UNIVERSITIES,"$100,999.00",$422.00,University of Toronto,Professor of Religious Studies,1996,44f297e4bc8a7eddbb5493d42050022490de506e5cc140230e4744b6254c5334
UNIVERSITIES,"$122,717.00","$8,190.00",University of Toronto,Professor of Geology and Principal of Erindale College,1996,8ed120da79d392ea09e15ffec0518d7ed7fe8793447e15fe1805e88f28813d77
UNIVERSITIES,"$101,324.00",$626.00,University of Toronto,Professor of Mechanical Engineering,1996,b653484e06edeb129e42f65378b7e3e260290c5dd19495325f26de3798a69ae4
UNIVERSITIES,"$143,472.00","$4,310.00",University of Toronto,Professor of Anthropology and Forensic Science,1996,f6eea9a7265ed0c392b60dd0ac25d4012cafb63d81574d51015ef6894ebaa4f4
UNIVERSITIES,"$125,898.00","$3,257.00",University of Toronto,Professor of Economics and Industrial Relations and Principal of Woodsworth College,1996,dd9872ea835b051a485f3606780eac8459d3855637887bf78b11f3fb7aaae517
UNIVERSITIES,"$117,362.00",$574.00,University of Toronto,Professor of French and Acting Prinicpal of Victoria College,1996,033a1adbb32ddd6aece8e089f9f139df88745507b57520c63bc24311f5978f8a
UNIVERSITIES,"$113,973.00",$671.00,University of Toronto,Professor of Sociology,1996,fb44da819e5fb4afb1102ed008961f82deef744b010933712984662ffa4c2380
UNIVERSITIES,"$108,305.00",$302.00,University of Toronto,Professor of Education and Associate Dean of OISE/UT,1996,65d42c5fbf3870f7a63cb30570eaf6ffb88462214d81578d20a66b1ae45e85bf
UNIVERSITIES,"$147,175.00",$484.00,University of Toronto,Professor and Chair of the Dept of Preventive Medicine & Biostatistics,1996,3d45e9eb0527bced6164db9463c37f126c86c2492f96b727f25032ee5dc30089
UNIVERSITIES,"$103,739.00","$1,349.00",University of Toronto,Professor of Field Division and Head of Field Development,1996,c0ad95fefc7458da17d5a9b59640a0a7fda6dc891e5db46a2331129a2668b9e1
UNIVERSITIES,"$116,981.00",$408.00,University of Toronto,Professor and Chair of Medical Biophysics,1996,235a7b6a56e48f46778530555a8fbafcd0a194c41dbcf015b15f77f0a5ba2892
UNIVERSITIES,"$104,804.00",$513.00,University of Toronto,Professor of Metallurgy & Materials Science,1996,4d9766744e22f56d5719b219ed16b13c6bde36342cb3460b84fe92d75fe05dfa
UNIVERSITIES,"$108,857.00",$532.00,University of Toronto,Professor of English,1996,7e5714f7534b1f7514e281f652a0bbb89f091fd88acabc53b7d4de33ec9f2eea
UNIVERSITIES,"$102,312.00",$357.00,University of Toronto,Professor of Chemical Engineering,1996,0d1e6c89919d726a1238a47536fe985593ee125b8348506f052596c90dc55da7
UNIVERSITIES,"$140,828.00",$495.00,University of Toronto,Professor of Economics,1996,8682c50fc3ab597dd49e28799ba86db7a55b70f9c2d3297c539ad5dc4212edc5
UNIVERSITIES,"$103,700.00","$3,926.00",University of Toronto,Professor of Family & Community Medicine,1996,d1e174c29a92be568b400b3c5258fb51d4dfa8e52a3856d7ba6631f20c9b8085
UNIVERSITIES,"$118,488.00",$279.00,University of Toronto,Professor of Management,1996,b0ec1addf31a325849712d2b8f930f53fcbdb437794858ba741999f66ce7c0f4
UNIVERSITIES,"$102,317.00",$429.00,University of Toronto,Professor of Dentistry,1996,4ad9611f04dc0b2239b93eda4909cf41ab0b01eb4bfb5ba629f127530ac4a8f0
UNIVERSITIES,"$103,797.00",$495.00,University of Toronto,Professor of Economics and Acting Associate Dean of the School of Graduate Studies,1996,1debdcf9341ba2e373b3efaa0654a2e2e8baf8b7cecf0ea4d898451b78cadc09
UNIVERSITIES,"$126,281.00",$522.00,University of Toronto,Chief Librarian,1996,43ec892f671bd5048823f3bfc34dd6da7257d733df78bb0e690cd6368d4f7077
UNIVERSITIES,"$123,000.00",$600.00,University of Toronto,Professor of History,1996,f0e428ed6d94b300daa60d97a56c1a0ad1fb20af665ce11a1184e7787ace7e95
UNIVERSITIES,"$122,134.00",$597.00,University of Toronto,Professor and Chair of Chemistry,1996,37f677b7ba4fda819790f3f3befe06c16916c8f824b68e346520ce1dc022553b
UNIVERSITIES,"$104,041.00",$308.00,University of Toronto,Professor of Zoology,1996,d576026f2902d693870381de1d3344f336ea5a649037754cdba40be1b3bba320
UNIVERSITIES,"$106,999.00",$523.00,University of Toronto,Professor of Economics,1996,b3eab7ee2463f9bfd0f591afa0c5b5bffe7877415311b4ffc8b74d8b1e861792
UNIVERSITIES,"$144,572.00",$348.00,University of Toronto,Professor of Social Work and Vice-President Research and International Relations,1996,7ce568954c1c9d6e76cd5d1c9a769bc8ab9990bd766d08c9bb2d8114cb087247
UNIVERSITIES,"$166,914.00",$621.00,University of Toronto,Professor of Pathology,1996,afb6671f337af2b5b4ac59d793ad88b15f6f0ce9b6dcc3308f7d1380ff0da6e4
UNIVERSITIES,"$104,585.00",$512.00,University of Toronto,Professor of Medicine,1996,32a5b6d9e783e7705b944d4587af9ecadcf467dcf872c308b94424d978f22381
UNIVERSITIES,"$110,822.00",$464.00,University of Toronto,Professor and Associate Chair of Computer Science,1996,0f58940a763e316ebce8d5c0d742858b739214805448c72aebd68892d1311267
UNIVERSITIES,"$100,301.00",$623.00,University of Toronto,Professor of Anthropology,1996,b3882251ed2af7ae23deb7bb257c3311b518bc82dc9b7213b146765b678cab4f
UNIVERSITIES,"$117,134.00",$682.00,University of Toronto,University Professor of Geology,1996,a8778830d57d8a055ceb43d6c489cd1da0c133541e621c996e08682f804cde0f
UNIVERSITIES,"$100,805.00",$622.00,University of Toronto,Assistant Vice-President Student Affairs,1996,daf13b9a3706e31d456a9f3c62371652803feb32cc25acb5e6682e7012a146e2
UNIVERSITIES,"$109,260.00",$654.00,University of Toronto,Professor and Director of Comparative Literature,1996,ef9a6165c2d823d76b3c5c15401aeeac44e43ea40acb47e5f3768c0b074f2eec
UNIVERSITIES,"$116,759.00",$571.00,University of Toronto,Professor of Mechanical Engineering,1996,e8829ef71e77c2c26636d6762f8661c0eadd99f62a8f6d2681402f5e852c7f04
UNIVERSITIES,"$100,877.00","$1,492.00",University of Toronto,Professor of Curriculum Teaching and Learning,1996,b67c32fbe5b5091359d1480d72a0f54548606a7f97613c601ff010737e388798
UNIVERSITIES,"$113,848.00",$477.00,University of Toronto,Professor of Geology,1996,0c48d89edfe6bfc834406f91b936ca41fbdd16be2e47be9563416f13c2e32482
UNIVERSITIES,"$105,949.00",$642.00,University of Toronto,Professor and Associate Director of Biomedical Engineering,1996,46ff4f1b0d4aaafda3c354cbc86f8d119e17d2cfbb57c2b5e746831a6c688041
UNIVERSITIES,"$124,608.00",$602.00,University of Toronto,Professor of Economics,1996,b9741b7cf46a1904f0bb20aed4c43d86db56536b55eb525b6694f7790eb10ac3
UNIVERSITIES,"$109,975.00",$657.00,University of Toronto,Professor of Pharmacy,1996,c128351a43d59e0df37ac54e0d73cb6a8222b42b0acb4ed3bcd6a5ca952ea196
UNIVERSITIES,"$102,474.00","$2,168.00",University of Toronto,Professor of Physics,1996,700eca29428f274077e6c9a0c5098f39fbe524566ae62b453236483c074ae36f
UNIVERSITIES,"$110,442.00",$540.00,University of Toronto,Professor and Chair of Pharmacology,1996,2b775ba5200e1267fc8ea09e11085df5e3400b8ffe3ab37e2f9033d22805244f
UNIVERSITIES,"$128,446.00",$345.00,University of Toronto,Assistant Vice-President Operations & Services,1996,f094caade8cdb9ff065de4da638bc001fda5070829880219eb0ce936cf9e6a7b
UNIVERSITIES,"$115,816.00","$1,523.00",University of Toronto,Professor and Head of the Centre for Applied Cognitive Science,1996,eececc17df49ae8eca18f2220d48e67f3e013b00d2351d1051cde75e1a720bc1
UNIVERSITIES,"$112,105.00",$416.00,University of Toronto,Professor of Industrial Relations,1996,bbb8c03489e1a4c892f3e9ae28c5ac49ec52293161a17c72b1631bcb7f95457c
UNIVERSITIES,"$100,255.00",$490.00,University of Toronto,Professor of Zoology and Associate Dean of Arts and Sciences,1996,0c2ecd04709bcf2bbe17c6fff959bbb4dd372bba05295fed45915e3f398a7f53
UNIVERSITIES,"$104,928.00",$513.00,University of Toronto,Professor of Religion,1996,84140d361f9cb13c948ae6484670c0e9491078618a91012ab4a207bc5e1a86d1
UNIVERSITIES,"$103,657.00",$507.00,University of Toronto,Professor of Chemistry,1996,659aff78151ce3ad98c05e82a1a6dd4983fd0437a61775aed19ba2eeb31ca8e4
UNIVERSITIES,"$173,835.00",$579.00,University of Toronto,Professor of Biochemistry,1996,6e39f65d86b2903750fd227d6a2e92e51c9848b4316f5b825c3a62581c46cf3c
UNIVERSITIES,"$130,061.00",$514.00,University of Toronto,Professor of Biochemistry,1996,f61c0cf67c10d3d31e77b0c4be5771846e2eefcde46716c61ea1725464acccde
UNIVERSITIES,"$101,567.00",$426.00,University of Toronto,Professor of Zoology & Statistics,1996,877e0a1abc647982a960390538edc85fd615692c2aea886c843948e76b91e1c1
UNIVERSITIES,"$103,172.00",$287.00,University of Toronto,Professor of Pharmacy,1996,9a5fe88730334e527da30775605e09992cdc72974d8606a41df0382a1c530cfc
UNIVERSITIES,"$110,405.00",$497.00,University of Toronto,Professor of Political Science,1996,eff2f517385bcffebfc9d5ddc1477447c2a11d0206a5bde7f37476ce8d999b0b
UNIVERSITIES,"$107,861.00",$301.00,University of Toronto,Professor of Chemical Engineering,1996,abd2a0cdd8f0ac51d15afccb2148a9091ee8fc56d8e1be891469686c5e85d924
UNIVERSITIES,"$125,178.00","$10,078.00",University of Toronto,Professor of Management and Economics,1996,f4fdf50eec2d1b275bf64dd17ed0eab8350b865e3fee6d842cb60def031fa0d3
UNIVERSITIES,"$108,856.00",$532.00,University of Toronto,Professor of Music,1996,21ef7b246182feddad45bd8c85d417af6ea05b48a505da1b603fea9d3df1d1c4
UNIVERSITIES,"$119,730.00",$586.00,University of Toronto,University Professor of Physics,1996,7a1efafe1d14159c86acbe45ccf567e90345d008216fc2c0db00072e8503bcde
UNIVERSITIES,"$105,681.00",$386.00,University of Toronto,Professor of Astronomy,1996,f827e4bdb63e84f9a380274d17c0600508176a852628788d7d5fccfb4e8f5342
UNIVERSITIES,"$112,899.00",$473.00,University of Toronto,Professor and Dean of the Faculty of Pharmacy,1996,22c9f39b200eb63125e6ffa3e039ecde9db41af7c313ec84d0610a4bd57a268f
UNIVERSITIES,"$108,808.00",$532.00,University of Toronto,Professor of Physics,1996,2137e4516aea54f0a16c471f0e2ace66d112bd57fc88fad302e84f67950a8789
UNIVERSITIES,"$113,027.00",$315.00,University of Toronto,Professor and Associate Chair of Chemical Engineering,1996,ef85c301cf674ca7bd3b876f5fe50e2e4c63d1d926c0a975507820734dd32a2e
UNIVERSITIES,"$115,043.00",$310.00,University of Toronto,Director of Administration - University of Toronto at Scarborough,1996,4592c5c34b60637877b815a1930aacd0e3c52c2ca2ccbb3a89efca533fa9a2f3
UNIVERSITIES,"$126,508.00","$3,551.00",University of Toronto,Professor and Chair of Medicine,1996,88af91764898d1f2631ee434d6580da6eedc4454854f9bcf9159b7825fd76d26
UNIVERSITIES,"$110,755.00",$523.00,University of Toronto,Comptroller,1996,504717482dc47ba6520afed8fb4409d69fbaa567715d266ff548781d5c87dd6c
UNIVERSITIES,"$103,679.00",$289.00,University of Toronto,Professor of Dentistry,1996,779cba1487e96418244851c7a73c98f39ab2d78e4c9b9e58477da5ac1dbd24b3
UNIVERSITIES,"$112,060.00",$342.00,University of Toronto,Professor of Economics,1996,a146ea40c1814b7b8f8cba58f24e36c21e672c71ccd0f53ec602564ff9f72297
UNIVERSITIES,"$112,950.00",$315.00,University of Toronto,University Professor of Chemistry and Polanyi Chair,1996,252a117e26b9bf1ac7cfc430eadec1d202f2821a72e957c984f910dd688daabb
UNIVERSITIES,"$103,905.00",$435.00,University of Toronto,Professor of Zoology,1996,c236609a26e25c47b5cce70b41230b8e91af983733b0ba5117810e3fddbc6d1c
UNIVERSITIES,"$100,306.00","$6,766.00",University of Toronto,Professor of Mechanical and Industrial Engineering,1996,14bd9c893d906d955695c86101ef02679a92e24536dc0ce20ca3442a6e41c488
UNIVERSITIES,"$102,264.00",$428.00,University of Toronto,Professor of Medicine,1996,a90338da706491d1521cd8aa46d5d5a5fbaf04f9dc57ba4d5fc39b73808600a9
UNIVERSITIES,"$104,515.00",$187.00,University of Toronto,Professor of Management,1996,131b69ac985b6c54d0a0f6831e0dadab1205af278ecdbf36b9c215bffe9b4843
UNIVERSITIES,"$200,538.00","$13,921.00",University of Toronto,Professor of Law and President of the University of Toronto,1996,aa1daf7b7fac74b8054efc221d6a7279ac7771266f63679cb3e64ae357e074ce
UNIVERSITIES,"$118,958.00",$331.00,University of Toronto,Professor and Dean of the Faculty of Nursing,1996,544d1938df77249a6047ee7a5ef193d2eef16939282e1f8761922b6a3e2330f5
UNIVERSITIES,"$103,212.00",$536.00,University of Toronto,Professor of History,1996,ece4e1ddca7da10239fe95679d5cceb007902527248edc615601a05237f6bbe1
UNIVERSITIES,"$133,250.00",$339.00,University of Toronto,"Lecturer of Family and Community Medicine, Sioux Lookout Program",1996,fc10136ece721484a42d18c555e80f1e3046249c125acf0a74049ea9f20bf04d
UNIVERSITIES,"$105,496.00",$516.00,University of Toronto,Professor of Mathematics,1996,84ae0185856cd1198373de8150faa9199d6bade167e204c4a5edefdb2ac8e377
UNIVERSITIES,"$126,742.00",$311.00,University of Toronto,Professor of Management,1996,453666d52ee360d7d7f973b23c313c14fec64cf88efa380594d0a9eeccf8d688
UNIVERSITIES,"$106,184.00",$557.00,University of Toronto,Professor of Economics,1996,70f0b55845386f3a50f80212f930a8e3493226ffa33a0fad6d0ac7e8e5bec3f9
UNIVERSITIES,"$110,204.00",$283.00,University of Toronto,Professor and Chair of Linguistics,1996,52a52bac4eaba5e21fbb17813333f79e731cf691062875a5fa0f8d6be78b8045
UNIVERSITIES,"$102,524.00",$501.00,University of Toronto,Professor and Associate Director of Aerospace Studies,1996,2df06e62bedceb2a6726ec0d888837b42db60d7b4ae7fb145b047aad0945d90a
UNIVERSITIES,"$106,736.00",$326.00,University of Toronto,Professor of Computer Science,1996,1f744705adb7d28fa4288fd0da4abc07bdbfde30aa196ca2f114aa95749ca624
UNIVERSITIES,"$101,148.00",$353.00,University of Toronto,Professor of Sociology,1996,6cb397fa65a47abfa084eb40afb19a9f6da006a004de88574de71570fa4f8c45
UNIVERSITIES,"$103,352.00",$433.00,University of Toronto,Professor of Near Eastern Studies,1996,b99a190c80d80f047b5b16a34b56d561309809804799b1ae0abdc1a90c4db967
UNIVERSITIES,"$112,492.00",$313.00,University of Toronto,Medical Director of Athletics & Recreation and Professor of Physical and Health Education,1996,7483dda3ae582a07eb9a4b4e9097a51439e0bc752abcef1a0d1e18981ade1a09
UNIVERSITIES,"$105,927.00",$642.00,University of Toronto,Professor of Religious Studies,1996,8e320de8d4afdc309e8d99b4b94ad0612c3c4b529f6e3a30416d59354804656c
UNIVERSITIES,"$103,252.00",$561.00,University of Toronto,Professor of English,1996,33211647a7edffc48772e59c0675f88329278abb1276246c09d9d0d4ad48a9d5
UNIVERSITIES,"$134,424.00",$610.00,University of Toronto,Professor of Law,1996,7152c09c8c38892fa97a3e350634ed4153b07c35869533da6e64273f1ee38a40
UNIVERSITIES,"$189,219.00",$610.00,University of Toronto,"Professor and Chair, Obstetrics and Gynaecology",1996,62554ba5646c63865603b4a661d965136242d3d170cfe1f77356c7746ebdf123
UNIVERSITIES,"$106,870.00",$448.00,University of Toronto,Professor of Philosophy,1996,9bbba2aedb62889f241f2372e1a5669981d2b312ec82485bdf144448738ff93a
UNIVERSITIES,"$104,306.00",$437.00,University of Toronto,Professor of Mathematics,1996,5309d3cc8e1ed901b1b817838a2ede1b0d2d70faefdbe42190682b04e3f73b53
UNIVERSITIES,"$100,813.00",$146.00,University of Toronto,Professor of Field Division,1996,c8525fdd8bf888c70bbafe5bd43aaffa4adfb2787c9bdb60a518e50fe795b087
UNIVERSITIES,"$108,172.00",$453.00,University of Toronto,Professor of Medicine,1996,31523257dda4db4c5d727983b7a0f5e5f334a37293c88481c9cce02de432f5a1
UNIVERSITIES,"$164,059.00",$610.00,University of Toronto,Professor and Chair of the Department of Family & Community Medicine,1996,e7385adbe44f3ecad1206dc98df2fbb5bf3caf8f8327ea817da560eb0d0c5bed
UNIVERSITIES,"$100,219.00",$479.00,University of Toronto,Professor of Dentistry,1996,f6740b26ace9f32eb44ce4838f40e5224d94ce21c20b55e95a874a1fd2baa975
UNIVERSITIES,"$121,924.00",$674.00,University of Toronto,Professor of Medicine,1996,c47c9b9c98a9d6399eb49e5d51c967f5962ef8c843adc027cc5ca098e2459990
UNIVERSITIES,"$114,354.00",$479.00,University of Toronto,Professor of Physics,1996,b4371457e53dbec066123ff8c4769815715afd6a0aa1d8d1ccba1f7dcc88a685
UNIVERSITIES,"$101,093.00",$626.00,University of Toronto,Professor and Associate Undergraduate Chair of Geology,1996,aa491d2b5c6cc266863ce1781860d12a19a3b5bbd2af43de5ed35562ea007526
UNIVERSITIES,"$105,950.00",$532.00,University of Toronto,Professor of Management,1996,8ac240fd8c9e6e0c8c5b5a3a0d6bd306867d029e52bdc6be43f4b9c6f42f0b25
UNIVERSITIES,"$102,152.00",$284.00,University of Toronto,"Lecturer of Family and Community Medicine, Sioux Lookout Program",1996,3fd591b4b39272badda6effc7ae12d270f0f0d90de9d18a48bfb6131c771b362
UNIVERSITIES,"$148,264.00",$610.00,University of Toronto,Professor and Chair of Medical Genetics and Microbiology,1996,e4792cfe59e2f784c9052ebfc1540d9e540b810293ed0ab441ad77eafddee2eb
UNIVERSITIES,"$121,577.00",$595.00,University of Toronto,University Professor of Electrical & Computer Engineering,1996,273374a872e782a6059b3b452033f8bd56b67fe91cc7593834f34d18589f721a
UNIVERSITIES,"$102,894.00",$503.00,University of Toronto,"Professor and Director, Graduate Studies of Political Science",1996,6a8f4597b8ae4978ebdb0b9513ea89528ef6c950d9a1449d75ceb40aa136b6bc
UNIVERSITIES,"$109,443.00",$304.00,University of Toronto,Professor of Dentistry,1996,0f761698597a6a1d63ea400e5f9b59578a6d628dcece87ec2c9631afffdcfe24
UNIVERSITIES,"$109,587.00",$146.00,University of Toronto,Professor of Curriculum Teaching and Learning,1996,45eeabecdefa6916646fd226b894eed89df91f8646b44f04110187e5122d9068
UNIVERSITIES,"$103,357.00",$506.00,University of Toronto,Professor - Banting & Best Dept of Medical Research,1996,e0154279ddbd00dcdcc438566dbecae183eda8c9bbc789cab923e28657ceab88
UNIVERSITIES,"$102,740.00",$631.00,University of Toronto,Professor of Psychology,1996,fe2b5eca6a5f85bc55ff915dd7cae5b2ffecb153ef94c2ba3659b9765f17334f
UNIVERSITIES,"$100,150.00",$552.00,University of Toronto,Professor of Geology,1996,38810149a71c7b61bc0b567094b8944fb6261b1db0e1fbdef58730e1054110ce
UNIVERSITIES,"$112,086.00",$664.00,University of Toronto,Professor of Geology and Chair of Geological and Mineral Engineering,1996,0d12a48411bb5b24b3b4723f3b2ac163419b84a5028f8f30e7e71d18dddbbf27
UNIVERSITIES,"$108,751.00","$2,132.00",University of Toronto,Professor and Chair of Astronomy,1996,b603d30b7983e9ffb53ef60c8123804691b8e15f3b2c036129fa473806f3d137
UNIVERSITIES,"$181,704.00",$708.00,University of Toronto,Professor of Electrical Engineering and Vice-President and Provost,1996,ba975e2eee4bf384f552ff42cc0a9e2d16375adb88a6f9ca9fa019cd1a447561
UNIVERSITIES,"$118,330.00",$496.00,University of Toronto,Professor of Pharmacology,1996,491a194992d5d1074d55ba61fc3c4b62cd4902f4cff1c7463172b5dfeb9161b2
UNIVERSITIES,"$101,180.00",$353.00,University of Toronto,Professor of Civil Engineering,1996,207dcd729835611377c569ec62a47985723d0934afefbaea1f101ec9fa1a524d
UNIVERSITIES,"$121,304.00",$610.00,University of Toronto,Professor of Pharmacology,1996,616730e0fbf33f4af4a0f7ea6a794ee19d03159c15eebd79ecd683ff695efcba
UNIVERSITIES,"$164,070.00",$348.00,University of Toronto,Professor and Dean of the Faculty of Dentistry,1996,6e409e75a67d2969abc6a576e1758cb7a931131385bd396ccfe8be99c2c3b104
UNIVERSITIES,"$120,098.00",$503.00,University of Toronto,Professor of Computer Science,1996,d9efbd70ccd532e07d797aae2390fb4b333e7f78d61b62afc44c251815c80b5f
UNIVERSITIES,"$100,189.00","$3,333.00",University of Toronto,Professor of Education,1996,77982de22971999b51141eb445ece2c844ce783bf498941d2945fc9ee282c036
UNIVERSITIES,"$126,960.00",$708.00,University of Toronto,Professor of Preventive Medicine & Biostatistics,1996,adb8882e35ef437548f0eaf1356112af9c334926f969644dc5f494e98c4427cb
UNIVERSITIES,"$109,203.00",$654.00,University of Toronto,Professor of Social Work,1996,f1b6653825eb5a45aa481d72072b00e165bc75cc38a6ad1bf19647ba5fa82e09
UNIVERSITIES,"$101,559.00","$3,602.00",University of Toronto,Professor of English,1996,823cbf4ed99db62f917896f0513ff5363da511f008a92111579b67d02d04451c
UNIVERSITIES,"$105,751.00",$517.00,University of Toronto,Professor of Criminology and Sociology and Director of the Centre of Criminology,1996,201c318cdaab863f17c948c504a1c61d777789dba2879da70e5b26bdd79b6bc7
UNIVERSITIES,"$109,747.00","$4,306.00",University of Toronto,Professor and Dean of the Faculty of Social Work,1996,5c0c2d0e696373c4e6d786ac48bfefead1b1edc8bb6503c120d53d5119a46d5f
UNIVERSITIES,"$100,642.00",$280.00,University of Toronto,Professor of Psychology,1996,1de3c45791a09ebc823e528bfff4ae5a582d57165df7c12785bc9398a1ae4653
UNIVERSITIES,"$122,841.00",$515.00,University of Toronto,Professor of Obstetrics & Gynaecology,1996,8dbbee5e729761bff3ab8e703f3b4b48bad8cfc4afb69839aa8d73161c160539
UNIVERSITIES,"$108,646.00","$1,632.00",University of Toronto,Professor of Family & Community Medicine and Hannah Professor of History of Medicine,1996,427cd53002354bad8717c6a2a3c6c0ac7c99716c2f79e7b2bd1cbd2bf49cff20
UNIVERSITIES,"$171,218.00",$610.00,University of Toronto,Professor of Medicine,1996,7e6e4156bcba2dda7d6232bbb619b019d13fcb3fbaab8cf2c749eb9ac3cecb21
UNIVERSITIES,"$104,008.00",$224.00,University of Toronto,"Chief Financial Officer, Faculty of Arts and Science",1996,3b22a5730b15a09471de5372b585cb72cd5c521b347ee31ef269c73d8e84499d
UNIVERSITIES,"$102,248.00",$399.00,University of Toronto,Director of Computing and Networking Services,1996,e6ccbc120a0f8cdc2c85f6b8410a88b52f41cda404f7edc234af9b2815c087b1
UNIVERSITIES,"$107,154.00",$647.00,University of Toronto,Professor of English and the Drama Centre,1996,99b332a44206ac53e63f382145506424a60f05599b23322f5769d6b8f3ca23e6
UNIVERSITIES,"$118,647.00",$821.00,University of Toronto,Professor of Mathematics,1996,f9e3fdcad7106791fcc78ee8566f7caedb05fc8e6d68bb2d6dabead7a856db0b
UNIVERSITIES,"$138,554.00",$522.00,University of Toronto,Professor of Pathology,1996,89d70365d10f09f801350b0a5295ced6310f1d8ee71cec884e33dc9c2f236038
UNIVERSITIES,"$134,037.00",$708.00,University of Toronto,Professor of Medicine and Director of Institute of Medical Science,1996,2064acf47bc321c38e3c306c7c2b9bcc88f8420e583f952c8211cf4a2846bc00
UNIVERSITIES,"$108,046.00","$2,217.00",University of Toronto,Professor of Politcal Science & Law,1996,5c2eb152588572c152de3c900ff438a26cdef9aee883cdea2edcac52893c5398
UNIVERSITIES,"$103,102.00","$3,961.00",University of Toronto,Professor and Chair of Sociology,1996,006694dda053c45e4da442326637f71e322e51245ed4d44498fc039db61da2d7
UNIVERSITIES,"$104,718.00",$419.00,University of Toronto,Professor of Economics,1996,c6933d9d7a6f18d434765de2a09c820e2e408af012bb198845ab5074121d68df
UNIVERSITIES,"$118,461.00",$576.00,University of Toronto,"Prof. & Chair of Beh. Science, Act. Chair of Prev. Med. & Comm. Health",1996,12099f9a2fa06db638ee88f6841ac310f16fc8651fbec260acf21fc6edd4280a
UNIVERSITIES,"$109,688.00","$1,611.00",University of Toronto,Professor of Theory and Policy Studies in Education,1996,a2b175598f9548b0a5a0f4efa428806b040ce9a486eb346c3962d09cb5c84b68
UNIVERSITIES,"$143,235.00",$522.00,University of Toronto,Professor of Paediatrics,1996,3126dca7c4115243432f1252a2d9dd627f624d51e2f1901004a3ab87e8886b0e
UNIVERSITIES,"$119,378.00",$348.00,University of Toronto,Professor of French,1996,28e261e4770412ab5445da85dce24c84622b2eaf749d33ccec4af4593a9b9097
UNIVERSITIES,"$139,358.00",$610.00,University of Toronto,Professor of Political Science,1996,5daed06640ce8f5d93fb25a2177dd691a5d0105399381fd5469c13ed0040f302
UNIVERSITIES,"$106,672.00",$447.00,University of Toronto,Professor of Zoology,1996,8c34e8588eca4353729ba4ac830f0e1d87ee37e7e51b45bf37f5dd0ee5b1dd8f
UNIVERSITIES,"$119,380.00",$333.00,University of Toronto,Professor of Electrical & Computer Engineering,1996,08bf2d4e0b4e48f1ea987a9e7d031aefcb56e4c124fada2b17b633b20bd0c3a4
UNIVERSITIES,"$104,361.00",$510.00,University of Toronto,Professor of Mathematics,1996,61df0f7b601feacc3575f6962e16931246127d4cdc5b22411e8547019d6bad79
UNIVERSITIES,"$115,515.00",$422.00,University of Toronto,Professor of History & Director of European Studies Program,1996,1ccf8a9462bdeb7c536119dc8eec0970b6b2ebfded9837bc2b88b3a87f8c0793
UNIVERSITIES,"$121,511.00",$612.00,University of Toronto,Professor of Civil Engineering,1996,dd4021dac03f9c820fd879f5ca9b94dc58bfe9f99539f8650afd0b0bb947dbdd
UNIVERSITIES,"$106,895.00","$2,826.00",University of Toronto,Professor of Dentistry,1996,b175a4327866812873d60d7f1d59441defad8dbef8098675ac0e0094e68d3183
UNIVERSITIES,"$128,801.00","$4,482.00",University of Toronto,Professor of Medicine,1996,748798c23a64572d700badaa2f4b46f402e457938d0987f6fbbc507beda049f4
UNIVERSITIES,"$113,283.00","$3,342.00",University of Toronto,Professor of Political Science,1996,a0d66f06299e67d5e192c7a125913884da77d809c1cd1afa453d9fab488e838f
UNIVERSITIES,"$107,653.00",$648.00,University of Toronto,Professor of Dentistry,1996,a9ca2b9162ea00a17d14a0edf8b09ed14873a5bed3c62626f5b5ea3629169a8e
UNIVERSITIES,"$103,660.00",$635.00,University of Toronto,Professor of Physiology,1996,99bfc0869770ae4d276d3a30c69fab8b6df1790b7d0573553ebf58a6807923fd
UNIVERSITIES,"$112,668.00",$393.00,University of Toronto,Professor and Chair of Speech-Language Pathology,1996,89e89a66e745997c03ee1b73c4d2161047196561b66d0f3919cba41bfa6e2f84
UNIVERSITIES,"$128,331.00",$610.00,University of Toronto,Professor of Statistics,1996,7477ca7b1752eb48d4e4edf073a5a35f222aa7481fd12c593e232bb0f6d8872f
UNIVERSITIES,"$102,894.00","$1,518.00",University of Toronto,Professor of Human Development & Applied Psychology,1996,0e99188e122538330571c7dcaf5a239d134bd50eaaf2815178cd4cb47f515b4a
UNIVERSITIES,"$110,032.00",$384.00,University of Toronto,Professor of Political Science,1996,1bf7e774b934e3e6ccbf007a21770dc51a4ec9869aa8afbe7d086eff25772915
UNIVERSITIES,"$106,741.00",$645.00,University of Toronto,Professor of Medicine,1996,7429f842ce8bbf9d07570c8ec54694e45c268d4fc539c268c31bb3c06145a554
UNIVERSITIES,"$100,632.00","$3,595.00",University of Toronto,Professor of Civil Engineering and Director of the Joint Program in Transportation,1996,cd5d376a883e508e7c4df02b11bb91dd0ea9e2db9cad454a017cdd15bd623fb8
UNIVERSITIES,"$142,175.00",$338.00,University of Toronto,"Lecturer of Family and Community Medicine, Sioux Lookout Program",1996,7492369492918c3ac0bfa1a65d159b17648285519109c9f5f17584c5e8a55458
UNIVERSITIES,"$106,794.00","$1,519.00",University of Toronto,Professor of Adult Education Cummunity Development and Counselling Psychology,1996,9421b9aa04a2037ccd1da49c34e024c30f11f5c77163346229ae53f72ceef848
UNIVERSITIES,"$101,540.00","$1,291.00",University of Toronto,Professor of Aerospace Studies with Administrative Duties,1996,232840e6b1c478404c09e1c2ede2e51a46dbc797fe4c915a2ff3111853048dc2
UNIVERSITIES,"$111,156.00",$522.00,University of Toronto,Professor of Philosophy,1996,2710bc6110ca4330170d1195490ba883c1f501a17f5fc60c340739d09d896831
UNIVERSITIES,"$103,253.00",$347.00,University of Toronto,Director- Admissions and Awards,1996,96827d440aae607ffaa116820198709cf9b235fb27e5245e83d7e2d6bb5af3d0
UNIVERSITIES,"$116,558.00",$325.00,University of Toronto,Professor of Law,1996,6aee0340da4f4be88428c7854ab742defd6c0b2642a6f65f5efb9d485308b3fb
UNIVERSITIES,"$105,762.00",$642.00,University of Toronto,Professor of Dentistry,1996,b8514e48fb6124b42c9a8b4bc511a0397d8723b837ea45b561f872f030645878
UNIVERSITIES,"$139,409.00",$708.00,University of Toronto,Professor of Paediatrics,1996,7abefdc900757b2eede23a35bbb99b95eb74e8f10ac6c76899ac0328bf318438
UNIVERSITIES,"$140,784.00",$610.00,University of Toronto,Professor of Dentistry,1996,e30cf3b5bc3ef7f3e7de9dd91a773a6c0a1236f2feccc8c0eacddef5c1eeeb82
UNIVERSITIES,"$100,293.00",$279.00,University of Toronto,"Professor of Medicine and Director, Post-Graduate Programs in Medicine",1996,4ddd2cd5f0f7f12dd799e753752fd3d7c759ecfd842bd3045be0dcdcd0eda29f
UNIVERSITIES,"$117,708.00",$684.00,University of Toronto,Professor of Aerospace Studies,1996,4815a912d18a62f6340226d3e52eb9f31dbabc9a9fbc0f7b42fef72ef1c79e88
UNIVERSITIES,"$130,204.00",$508.00,University of Toronto,Professor of Sociology,1996,d1374f6f5b6c8c41849ad74914000b6563251b9458d47a11bd94182ac274c53a
UNIVERSITIES,"$100,755.00",$624.00,University of Toronto,Professor of Chemistry,1996,8b84b61112d63259b1c7184633fe0b46c52c67932d36a69dd0d6d639d97f95cf
UNIVERSITIES,"$108,905.00",$491.00,University of Toronto,Professor of Philosophy and Principal and Dean - University of Toronto at Scarborough,1996,ad99139068194c9b5bb80c7d7c36bbd180a5fcf93f4268a81bdd2fb58ad8592b
UNIVERSITIES,"$103,046.00",$359.00,University of Toronto,Professor of Biochemistry,1996,7d018285be7b9eec62a519c64cd0f463012e650459a12673af531c134f8451ef
UNIVERSITIES,"$124,661.00",$605.00,University of Toronto,Chief Psychiatrist -- Student Health Services,1996,b6310348e5c67c4856de122636a6c8330d0d05c73f0bd16d3858c0076168d384
UNIVERSITIES,"$113,597.00",$395.00,University of Toronto,Professor of Zoology and Director of Computing & Information Systems,1996,7e539012652cb4769fd34599b09a7ca0dad922df6e04f5341cc5d4cf5e4a60e1
UNIVERSITIES,"$107,125.00",$287.00,University of Toronto,"Lecturer of Family and Community Medicine, Sioux Lookout Program",1996,b8a5bbb1019526e8d08464e4735c4d1ad3b760e177ba7aecaaa09eb79695664b
UNIVERSITIES,"$102,894.00","$1,518.00",University of Toronto,Professor of Curriculum Teaching and Learning,1996,76b77906fb94daa75edfa3b53287bdf378911e665ec3dbe888584e8242d0809e
UNIVERSITIES,"$165,233.00",$708.00,University of Toronto,University Professor of Law and Economics,1996,a324f98c8c1f9c9bc7b7de69e54702f9bee9fc9c00a390929f36d9a6a34e54f7
UNIVERSITIES,"$154,756.00",$346.00,University of Toronto,University Professor of Theoretical Astrophysics,1996,822800eeebb6f55843bba813966db796e1dea2b1e623bae5f83cfff6f0ab4818
UNIVERSITIES,"$159,255.00",$708.00,University of Toronto,Professor and Chair of Ophthalmology,1996,cd55eced3f4f1b82ea5b69e57e8499e10f2ae10155628e0499a4421f94932e72
UNIVERSITIES,"$124,630.00","$3,765.00",University of Toronto,Professor of Political Science and Deputy Provost,1996,678d45dc5e356e3b8ff07bde9a3030858f23d6df731c54691f97c509f6cd44fe
UNIVERSITIES,"$123,941.00",$519.00,University of Toronto,Professor of Pharmacy,1996,8632ea288e7513b8b6f6a2c9dfe87c12f54ac0288f04e22157e6b902e22f15ae
UNIVERSITIES,"$124,713.00",$621.00,University of Toronto,Professor of Medicine and Associate Dean of Postgraduate Medical Education,1996,3f1fe802381cc91b09238d6e1f8a944d6334d3da9eec527727f0df362ad5edd4
UNIVERSITIES,"$101,927.00",$356.00,University of Toronto,Professor of Microbiology and Medical Genetics,1996,6148ea6dad8643f978072c6fd66f99163b10f61c47a3acb7a0b652fd2d7e0e56
UNIVERSITIES,"$107,707.00",$649.00,University of Toronto,Professor of Electrical & Computer Engineering,1996,648b385dcae7e46507c6d9e8f94418eca32ac1ee9ca62bdd849fe4895a313552
UNIVERSITIES,"$127,765.00",$610.00,University of Toronto,Professor of Mechanical Engineering and Vice Dean Applied Science and Engineering,1996,330641cef16e2639a1aed2753c4e76993d860a259808723b5106b6e55810cb1b
UNIVERSITIES,"$104,185.00",$363.00,University of Toronto,Professor and Chair of Physical Therapy,1996,259b3be27494ed6cab091290752b7a843d58af8f1b87331bff62cc806a75100c
UNIVERSITIES,"$109,396.00",$458.00,University of Toronto,Professor of Electrical & Computer Engineering and Chair of Engineering Science,1996,639f62a0d36c04dd52c4978fe7f9e880e0032a3c1a1f3027aa673f27b579bf17
UNIVERSITIES,"$112,926.00",$435.00,University of Toronto,Professor of Law,1996,d231c3546fe74b0de845eced51e56245ecb8c37eec7a9c98083ba6c81ec6b13f
UNIVERSITIES,"$107,948.00",$300.00,University of Toronto,Professor of Medicine,1996,d45d94e1f806366f091f34feb247b19e7bfa35f9a206cbf72aafc4771af4fd30
UNIVERSITIES,"$132,453.00","$1,592.00",University of Toronto,Professor and Chair of Curriculum Teaching and Learning,1996,95baa36f748a5b3f5b270a7ccba12dfce79586a535edc19b9a04796f6087957b
UNIVERSITIES,"$113,778.00",$590.00,University of Toronto,Professor of Physics,1996,a41fdbdab6498d916e82b28c77c1a81dc24a96db38ef5eb09e7f02dccd9fcb9d
UNIVERSITIES,"$107,218.00","$3,588.00",University of Toronto,Professor of Psychology,1996,49255b04eb0e659466c9e98ca56945f86a10f77dee7f49c9cf647387f65fec92
UNIVERSITIES,"$105,714.00",$517.00,University of Toronto,Professor of Psychology,1996,1110cf1dd0ce4d81a149f9cb15811ec74a8526ace9c52453fbd736cc7673e243
UNIVERSITIES,"$108,628.00",$455.00,University of Toronto,Professor of Mechanical Engineering,1996,2dc0586f27684fd20f111f75d65040158eafe803605ba840917655dabbddfe59
UNIVERSITIES,"$108,280.00",$575.00,University of Toronto,Professor of Geography,1996,f667f1cd27b97b334df79622aabe3274151c6cf56b42b549010be6f1f5c0e447
UNIVERSITIES,"$107,624.00",$426.00,University of Toronto,Professor of East Asian Studies,1996,8892cf298bd5dbc8e213e2ac4051ce3db997eea16df8a6828c757fb9acb71f52
UNIVERSITIES,"$105,366.00",$515.00,University of Toronto,Professor of Dentistry,1996,77002d9e6ed25a7467f37ad6a8467799ae7f3baa80870fabd40580d6d70da8c3
UNIVERSITIES,"$113,567.00",$555.00,University of Toronto,Professor of Economics & International Studies,1996,3f0738a9b713eaaeab53c6dfde3b59c2cd5a5d9cfbb91af60ac0ea6096cbbb0b
UNIVERSITIES,"$102,894.00",$146.00,University of Toronto,Professor of Adult Education Community Development & Counselling Psychology,1996,e292fd9e5ed61330d715b4b094ced29e3ea370d5910e41da1bf24220692e1fa1
UNIVERSITIES,"$104,242.00",$510.00,University of Toronto,Professor of Law,1996,71ecb607e16e20e3f6247edffed978d5e2717020d1e09afb57e85c2c2e99f16f
UNIVERSITIES,"$142,536.00",$708.00,University of Toronto,Professor of Law and Classics,1996,ca71b37aade59fbe8a2c03e8da0fe63577359b2df1ea252a3400e6f6dbe6da14
UNIVERSITIES,"$104,237.00",$637.00,University of Toronto,Professor of Law,1996,61ab2afd06b8e388d9b225b74eda6694ef86e577398716042b26d8dae2cbd7dd
UNIVERSITIES,"$109,794.00","$1,519.00",University of Toronto,Professor of Curriculum Teaching and Learning,1996,3ea16c63830a38d7609917272ad14934b941f9e4bb9ab9f73a599eb5e770b6fd
UNIVERSITIES,"$108,897.00",$303.00,University of Toronto,Professor of Social Work,1996,377b646e30919c5129b2ff92ec41b07d61bd66184e64e7ca5dc4d82a0da17c5a
UNIVERSITIES,"$102,027.00",$585.00,University of Toronto,Professor of Physics,1996,9f5f25b3be5ca7b0e34e4587cfad988cf8baa99920b309ae2feb6456433e9639
UNIVERSITIES,"$111,923.00",$585.00,University of Toronto,Professor of German,1996,4c60ddb9668e3f5dc7bbf474962944468d11a3c2bff80b8b3b2c985afdb9d8e9
UNIVERSITIES,"$137,871.00",$610.00,University of Toronto,Chief Financial Officer,1996,7dd4c2a5159ea1d0fcde677baf416699746f2d70bd7d24af1edf1833c96ec3de
UNIVERSITIES,"$100,607.00","$1,422.00",University of Toronto,Chief Financial Officer - OISE/UT,1996,4f5b4abda2636490341b9c7b8be8578a8abe1456af529dee3290d4aac351593d
UNIVERSITIES,"$117,275.00","$7,488.00",University of Toronto,Professor of Management,1996,c46003ffe754d2841c985524b88b30d4084d0b6d3ef5c5b1fd8880eaf590fb81
UNIVERSITIES,"$130,545.00",$524.00,University of Toronto,Professor and Associate Chair of Civil Engineering,1996,d81c91f5e695f1c8a6d4d3f3995bf1dfef144c1de14ded9a7fbbf11d80b637b7
UNIVERSITIES,"$104,765.00",$512.00,University of Toronto,Professor of Botany,1996,be96c43baf399dd8ab91c68437a2e8b63ee6acd0f37b48208804a0817bb1bea6
UNIVERSITIES,"$111,034.00",$447.00,University of Toronto,Professor of Philosophy,1996,b10d890acf359855bec0484ef252b7e92124fb9fec63802d42d6a06c32c0f6d3
UNIVERSITIES,"$135,981.00",$522.00,University of Toronto,Senior Educator,1996,1c42003e7a3a4662457d0908ac6a2dc6704f111adea725596a792bb77912af83
UNIVERSITIES,"$123,500.00",$316.00,University of Toronto,"Lecturer of Family & Community Medicine, Sioux Lookout",1996,8c2802d79a1c7714e58fe28d752678b1085ec1e7e263a01eb4b0db0445d3c38a
UNIVERSITIES,"$127,911.00",$610.00,University of Toronto,Professor of Economics,1996,21706fe866d5b33254f7718f1d8f5f10ec12e67f45688d75e10a56493afd1931
UNIVERSITIES,"$122,127.00",$578.00,University of Toronto,Professor of Education,1996,5419a68ef25d90756e9131f7ec88833c44a7181ca984abe741119f4965ee28db
UNIVERSITIES,"$100,353.00",$553.00,University of Toronto,Professor of Physics,1996,36c4f8005733aa670e651f17a9336f32be6cb4efaff97aa2861627fb1c6e3c01
UNIVERSITIES,"$112,186.00",$586.00,University of Toronto,Professor of Electrical & Computer Engineering,1996,d2c7263f7b7a90419060d1008cc7ca21127d50cdacdc7e9af475641d8ea786c1
UNIVERSITIES,"$103,596.00",$562.00,University of Toronto,Professor of Computer Science,1996,31fddc3508be4b57829e9cdc1c947350296ad95f3401f32611bca19d1bedd087
UNIVERSITIES,"$111,380.00",$520.00,University of Toronto,Professor of Civil Engineering,1996,6c68225a38ea5be6deb69cec56d805dd4222be622396cba500de45041a79db32
UNIVERSITIES,"$126,779.00",$0.00,University of Toronto,Director of Alumni Affairs and Continuing Dental Education,1996,962a6c5cfd1f8403bb95ee234eb9d7a5b7558bf3f643aff40fab2a0bc3d11295
UNIVERSITIES,"$100,199.00",$279.00,University of Toronto,Professor of Education,1996,f7fa4749c15b1b43ae152baf2458928fc4144716403b9695615c4d3268791939
UNIVERSITIES,"$102,376.00",$559.00,University of Toronto,Assistant Dean & CAO - Faculty of Management,1996,cbb590e4e623f16b79a799f021d0db866f4a0d00bf79f2164902466ad370c8ec
UNIVERSITIES,"$121,509.00",$697.00,University of Toronto,Professor of Banting & Best Department of Medical Research and Vice Dean Research,1996,08a61ba6135e356fcd7309ab417c2a3eaa17ff1ebc4b8579d4c6094a96d5b029
UNIVERSITIES,"$124,439.00",$620.00,University of Toronto,Professor and Chair of Physics,1996,ced3f5ff39d20ff44830fa2c3ee319912d5bf9fe3fb63570f56e583fb04a2332
UNIVERSITIES,"$103,995.00",$509.00,University of Toronto,Professor of Zoology,1996,795f7491cb5458fe5a7cc4fcfeaf4587fde99177c98917e01aea28a3391d4eaa
UNIVERSITIES,"$115,733.00",$701.00,University of Toronto,Professor of Preventive Medicine & Biostatistics,1996,61133f48b404f6755871ab640bec2b466d55a8cbbd5fece69fa05fbf49726028
UNIVERSITIES,"$115,466.00",$563.00,University of Toronto,Professor and Chair of Electrical & Computer Engineering,1996,cb8243de7ff419be8b2540a61d0c2ca51bfc6d2ac7ab68b9ad3f8a70936ad48a
UNIVERSITIES,"$101,659.52",$770.84,University of Waterloo,Professor,1996,bc5baf1de83b01c1744a37cd45d341287b3a1c1f800a0bc7cc2d5ee42939f9e1
UNIVERSITIES,"$101,635.68",$770.76,University of Waterloo,Professor,1996,c6d2723e85f79949fb83066ee6c00eb6136f1c42960ef02eb8bee51e25c3911f
UNIVERSITIES,"$112,434.00",$777.78,University of Waterloo,Professor,1996,e0b6054242e7cb526dbc9ee9f3aa5002700561572f99e6af8a14196a31767df7
UNIVERSITIES,"$135,188.00",$859.36,University of Waterloo,Professor,1996,86bb1e87b1bfafad4d517aaee2c2b761f1a131b576275511de0013790c7b4af7
UNIVERSITIES,"$115,549.28",$779.76,University of Waterloo,Professor,1996,25a2b665a668669889923d923aeb7aa8fe0d997b772d0f57684ed0a5ef98fa9f
UNIVERSITIES,"$102,224.92",$775.20,University of Waterloo,Professor,1996,e63c705a72cbbd0f158223a70a5c368ced37c981bccfec43158af3f05e20e6d7
UNIVERSITIES,"$186,666.72","$5,402.88",University of Waterloo,President,1996,66704d5c48f1526efddfd91e3fa3e2a75d801b030ed50eb9c37bec758dada936
UNIVERSITIES,"$107,262.56",$773.24,University of Waterloo,Professor,1996,0542f9ad01c9b526def1255773ed63d15b5c10dfb4c2be0d93684697c478216a
UNIVERSITIES,"$101,006.72",$765.92,University of Waterloo,Professor,1996,3b010b12806b71abe7e71bb2ef0ccff54ea3d69b7b17e6d71e7d4c56d9329b19
UNIVERSITIES,"$158,781.36","$1,204.12",University of Waterloo,Professor,1996,fe53b640ca820f77338486b0fa4d53c0d8e88ad18f62a0c28493e91ab24525f0
UNIVERSITIES,"$102,539.20",$744.08,University of Waterloo,Professor,1996,3ee44c9cffd012c5fc6dbd09e655694aa13ed85d46d489d1e21f9191c1604801
UNIVERSITIES,"$103,769.96",$313.96,University of Waterloo,Assoc. Professor,1996,cdf211a49b8cfd9562286ea5b61847bc21c0f91749dfd7c6f14163ff956a096e
UNIVERSITIES,"$119,233.60","$1,357.21",University of Waterloo,V.P. University Research,1996,f15a0f414a78cebd2bb5faa708e1b1ad6dabdaf841e14199ec574982a792f06f
UNIVERSITIES,"$111,036.28",$749.96,University of Waterloo,Professor,1996,9d3520ba9711be86d96de2f38bcc161abc9d96e85abbd7e4a0637f1e61d005f4
UNIVERSITIES,"$105,014.56",$750.84,University of Waterloo,Professor,1996,fbbdc3caab4abdc389bf789d4da6f88c614619c2eea0d1f3ce66316488ce1f5c
UNIVERSITIES,"$148,953.36","$1,096.80",University of Waterloo,V.P. Academic & Provost,1996,3599b54903ee45f2a7766545caf8562bc55d8730eb0c42040cb82e5c5e8221e6
UNIVERSITIES,"$114,177.04",$779.16,University of Waterloo,Professor,1996,86528f8466e4b3b211054ff0ee2920c5396e28311a7493aeae90b01f5525d05f
UNIVERSITIES,"$106,976.36",$747.08,University of Waterloo,Professor,1996,491cbcf6a8e4839cb33cc8783336078c99a3d9a69df4092f19d73c847fa71fe7
UNIVERSITIES,"$102,553.76","$2,154.10",University of Waterloo,Professor,1996,2021a07fb4772eaa3a7d7a9c82bdd9433330fb71c305d85bfa8fad84633c30b0
UNIVERSITIES,"$105,187.88",$797.60,University of Waterloo,Professor,1996,9387276dd17b00f5a94c177e741d66cf29dc5c814ae0b7c6724a08122a289bc5
UNIVERSITIES,"$108,120.12",$771.64,University of Waterloo,Professor,1996,b8f9ea7b6f11cf281a10700ed19ebd1d3c31439e019c7caba481170680426208
UNIVERSITIES,"$101,321.40",$761.60,University of Waterloo,Professor,1996,a4b4a951a0bb34bf1162a74eeb4c263dab113c0054efd91d2e6533e11733064f
UNIVERSITIES,"$100,171.38",$748.16,University of Waterloo,Professor,1996,3421ee7012d2a0adcc42cb1246c02cd03b16de5310b051f5f9fa70d20aca8f67
UNIVERSITIES,"$105,402.48",$759.20,University of Waterloo,Professor,1996,15f36eb51638bd8ed9220d566d88d58732281f267088e945f3c709239aa15817
UNIVERSITIES,"$136,586.86","$1,034.84",University of Waterloo,Professor,1996,9abb41df53942613437f2ddabdf06319fe6578ef64058fdba47a86182d541b6e
UNIVERSITIES,"$101,767.84",$750.64,University of Waterloo,Professor,1996,860befa420fc8802d14b140f0d0542de462efd84bb6ad0d385633e7962ad1ecc
UNIVERSITIES,"$100,443.28",$741.72,University of Waterloo,Professor,1996,5816fe8b76c5e9736ab4a45e7a6cb0a7b3b8d398b4e692ab6685305b1a1f434f
UNIVERSITIES,"$102,094.72","$1,215.20",University of Waterloo,Professor,1996,e089a106bfc252411f828e4ed57100553dfc09107a8678177b6365c6aad62ede
UNIVERSITIES,"$102,027.24",$733.48,University of Waterloo,Assoc. Professor,1996,70cb47b382a51a48d163ac0e4c46bae47d69f82258b25e9fcf0c29b95d09303f
UNIVERSITIES,"$107,755.44",$759.00,University of Waterloo,Professor,1996,6ef65f795411ce8bdce5d43dfeb8927be0075b391a687ee12ff71bde179d9b03
UNIVERSITIES,"$100,443.32",$721.56,University of Waterloo,Professor,1996,84f272503b5b779752d7be0bff1effa449bfc3d9241a58025873b062b73b6b80
UNIVERSITIES,"$102,210.04",$775.04,University of Waterloo,Professor,1996,f1d2a00e979fa19038450ca5c2b24a42dee46ad935c2ee9cd1ae644f9e208e9e
UNIVERSITIES,"$106,850.24",$770.12,University of Waterloo,Professor,1996,3508e348fffccecf043bcb05ccc08324470f6a679b7d603f570cf8e61c426af1
UNIVERSITIES,"$103,634.98",$705.96,University of Waterloo,Assoc. Professor,1996,58aa325cc81af2ba9184d36f59865d5254763a47de7d0fc3491b23f8da009935
UNIVERSITIES,"$105,940.00",$749.12,University of Waterloo,Professor,1996,ac3a212a15aa8ceb6d7f1db53e2350e4e078bba938ddcc04289117ac7d5d3cb8
UNIVERSITIES,"$101,495.12",$684.04,University of Waterloo,Professor,1996,d62d1d2eb10162d091ee1741ede5ef7b1161827825de91e267443dd4662b5edb
UNIVERSITIES,"$101,180.48",$325.04,University of Waterloo,Director,1996,12147c75603d741d160433c87fde9e378b6116d26c0dacb7fe13576c2b50a88c
UNIVERSITIES,"$105,322.72",$793.00,University of Waterloo,University Librarian,1996,f5ba0842a06c4c5c74e2b961fdfd30eda832d294de8828ccd8f5aa0c9ffda497
UNIVERSITIES,"$114,333.80",$743.60,University of Waterloo,Professor,1996,74896f56d3b5e39732ec7ef58d8421bfe232b490b2022585918fb9c5866185cb
UNIVERSITIES,"$101,832.40",$772.24,University of Waterloo,Professor,1996,b8747230f0c9c74c3a8f5a6bedba1953acf43d2326f72963408edce6c2243b32
UNIVERSITIES,"$113,672.32",$940.44,University of Waterloo,Professor,1996,2a8081387eb030c0fc93fe32f49696bb15fe6be561e80389ffbf02847afe6a88
UNIVERSITIES,"$115,414.28","$1,324.80",University of Waterloo,Professor,1996,2f27a75609663458d3b3337033fdc393ca9f2865e9865113e2cc2da3faa576f9
UNIVERSITIES,"$101,130.56",$931.04,University of Waterloo,Professor,1996,2cab86431f863e0c9a7a6e9a78a6c3c559510713f90d673c7bef7330752afc09
UNIVERSITIES,"$117,753.12",$402.52,University of Waterloo,Professor,1996,ae1553465511e44d880c5287f86aae76edcd63e2b711c9110b073a27f7fd2497
UNIVERSITIES,"$101,335.32",$682.72,University of Waterloo,Professor,1996,039f047cdc9a3b5478afe2ec1d33f721c8e50e430dc84d703c27a33120915450
UNIVERSITIES,"$108,960.81",$702.08,University of Waterloo,Professor,1996,b4e0892eabe751453c27a2a20046639cd52ebbfa0a608ad8dcefb6b91ad14d45
UNIVERSITIES,"$101,211.44",$547.84,University of Waterloo,Professor,1996,754d7350cada1193868b79a9980eabf07f3744b85976bbb2acf26e90eaf0c4f1
UNIVERSITIES,"$101,903.00",$772.68,University of Waterloo,Professor,1996,37a505ff5beff6971d90eee65591ded49d121e166068d53f6f709abf048c2489
UNIVERSITIES,"$113,998.68","$2,563.70",University of Windsor,"Full Professor, Dean of Education",1996,d587a407a1145fc0e8b62c9539a77faca0aaadd55a65cfe25b1b86ee7629cead
UNIVERSITIES,"$104,794.51",$599.20,University of Windsor,Full Professor,1996,da4dd100f3e73a6bfd0fd9f0c116544ff6f30d46d3745c2099ee82ce79056954
UNIVERSITIES,"$101,200.04",$599.20,University of Windsor,Full Professor,1996,a1d162da17eee815b32921d9899bb53759b90f0b0512c79e4c3b7579f9e2587f
UNIVERSITIES,"$105,898.01",$599.20,University of Windsor,Full Professor,1996,05c9e78c9e448a92e86763716775f0669820494bb131db4ac986e843d0321ecc
UNIVERSITIES,"$104,956.56",$599.20,University of Windsor,Full Professor,1996,1b63b4b40301c4ee00be66c7471ad71b9c78b09fb2e29512c4f8e7309e8118e0
UNIVERSITIES,"$106,211.61",$599.20,University of Windsor,Full Professor,1996,4e90df88e903c7deddf5e6e1fb0e8945bac18d12b49ccb3dcf6ea959c6d34c0c
UNIVERSITIES,"$106,091.60",$599.20,University of Windsor,Full Professor,1996,7f55ea373b7a099bf527bcfaa3c8e52e7e188655c47d9c37208a14914b13cb8b
UNIVERSITIES,"$111,822.08","$6,095.18",University of Windsor,"Senior Vice President, Dev. & Alumni Affairs",1996,b56ebcaf77a6ec9278462a1664017b134b8a0bfb70426ee29b7f65701472fc76
UNIVERSITIES,"$104,931.08","$2,045.20",University of Windsor,"Full Professor,Director of School of Social Work",1996,57e3ebe5095922572e31c51846d797b8a1c74fb4bb473fb1be9f7b37194ce0f4
UNIVERSITIES,"$113,373.51","$2,045.20",University of Windsor,"Full Professor,PreService Educ. Program Coordinator",1996,2888385be036a241a37e8b9dd972b6c15024bc2723c57b390d14506a0a5faf23
UNIVERSITIES,"$100,800.59",$599.20,University of Windsor,Full Professor,1996,89f3023c81ba2571b8f89995dac22306167845c69bad3ec36e28f1371b8f3b01
UNIVERSITIES,"$112,914.88",$599.20,University of Windsor,Full Professor,1996,52c972f872cbc4c66f457609247dfd69577d8431b010371278055986d1a783c4
UNIVERSITIES,"$110,885.11","$6,930.70",University of Windsor,Full Professor,1996,aac727448e4f600ae912097dfc3afeece6b3a3dcc3d1a1bc1b67bccfa37cb595
UNIVERSITIES,"$136,676.61",$599.20,University of Windsor,"Full Professor, Dean of Engineering",1996,b1c327c43b84f792b3795f7cfe358bfc2058df40568ba42fd285023a52662add
UNIVERSITIES,"$121,961.48",$599.20,University of Windsor,"Full Professor, Head,Dept. of Ind. & Mfg Systems Eng.",1996,e374fa2c2d0bcdbdec420f89206f05c632096cd0667a480bed1c9325523f857e
UNIVERSITIES,"$143,002.38",$599.20,University of Windsor,Full Professor,1996,fde2830cef63fac4fc55b5117051fe1fc84cf253da36be4b9cfa961d98b889ae
UNIVERSITIES,"$110,314.16",$599.20,University of Windsor,"Full Professor, Dean of Science",1996,69ea843ae628912d0f25a5a896fcac7a833df37cda5394ed4213840e07df7576
UNIVERSITIES,"$106,203.46",$599.20,University of Windsor,Full Professor,1996,3279951071b169ef5e2eaa708d8dca2c96da0b7517cf4e79830496c938a6a798
UNIVERSITIES,"$110,133.42",$599.20,University of Windsor,Full Professor,1996,70900baab16e991aac4b0fe2c1853f87590e06cc4ecb3da20625536e6fb15ae1
UNIVERSITIES,"$106,659.02",$599.20,University of Windsor,Full Professor,1996,499bd0ba4a3b14145b1254cff83603e6ac4a6fd593621694b5c1a513ceed8f44
UNIVERSITIES,"$126,999.84","$2,045.20",University of Windsor,"Vice President, Administration & Finance",1996,a5bb7359f4922ee9aa9c8a50c8c915dd4f957fc8a0dbf7829de3bd9833d1cb79
UNIVERSITIES,"$106,316.94",$599.20,University of Windsor,Full Professor,1996,ddc3b28e90a867c8a34de7c4861b9ed7cd24db66a7382a9e4f4775853403e5c0
UNIVERSITIES,"$100,627.00",$599.20,University of Windsor,Associate Professor,1996,10e08daa42f77f5345e204b37c16b4b5127a8239ceea262dc04d3804dc0131ab
UNIVERSITIES,"$175,958.80","$15,391.13",University of Windsor,"Full Professor,President",1996,70d5af0b175f5ecbef8cd71beb1a1b7175708dc944abc0d542f1d7dd904b0745
UNIVERSITIES,"$105,123.03","$3,270.70",University of Windsor,Associate Professor,1996,6344c0be554e1a99fac79c459fe69c208a0228ec5eea56c1f218cf447463d271
UNIVERSITIES,"$107,464.10",$599.20,University of Windsor,Full Professor,1996,2553bb6d30425e140ecc780965b2e1de3afbab6b88950edb738fc46dd73e1f19
UNIVERSITIES,"$109,966.64",$599.20,University of Windsor,"Associate Professor, Secretary & General Counsel",1996,d07576f35bbd9e9e3ff03af6c45cbd95293adc852f0e8a6c75f495746e46119f
UNIVERSITIES,"$122,321.12","$1,884.70",University of Windsor,"Full Professor, Vice President, Academic",1996,97fad8ee6d0bb2901a3ab93e59f045ff77b012c56a3448a31c952dcbc92151e7
UNIVERSITIES,"$108,007.98",$599.20,University of Windsor,Full Professor,1996,5bfcfca6cf3a64ed727fd2dcefd4d647821ca18bd4c256d0c15fd9fa16444ed1
UNIVERSITIES,"$110,708.00",$599.20,University of Windsor,Full Professor,1996,111bb3a652a81a5ed1c9038d7ef5148614aa0aae6087d7b16da6a1a5b6e0b393
UNIVERSITIES,"$124,999.92","$3,270.70",University of Windsor,"Physician, Head of Medical Services",1996,8d952c3ed72dd3e5b755ec63176659f36b6f831473883d185c2093bb860f2f52
UNIVERSITIES,"$101,027.49",$599.20,University of Windsor,Full Professor,1996,359354e5bc1ebcb330bda3cee12ec7f36834f917a02d9f53be9a963f8973eeff
UNIVERSITIES,"$100,268.83",$599.20,University of Windsor,Full Professor,1996,b45df3bfc1559a6db1f7e412facd027bf25383782b6edfb368efa3d3a4d49a11
UNIVERSITIES,"$102,192.08",$599.20,University of Windsor,"Full Professor, Dean of Arts",1996,942d68ecc9dd11f1a5fe0e8a1988dd5ecb047d4a17b043a77bdb33a385048045
UNIVERSITIES,"$111,110.47",$844.20,University of Windsor,Full Professor,1996,5c95620f4fdf2d417a287c960bc4237e8a485b43192659c13392eed886901685
UNIVERSITIES,"$106,915.02",$543.82,University of Windsor,Full Professor,1996,db1468e3ad9891888c667dacf6f45fe5a30f0592cd094e7ac6e13067d1f84f3b
UNIVERSITIES,"$100,826.47",$599.20,University of Windsor,Full Professor,1996,6a3c9e77c9facf12ca4897696dcd0ed5e1e35f2700eaabfb8b24262dd6171587
UNIVERSITIES,"$100,064.01",$599.20,University of Windsor,Full Professor,1996,9fd522643b6119e334c286e1364d253df6b94857efe83c7328b19cd96de4a8ee
UNIVERSITIES,"$107,223.89","$3,846.46",University of Windsor,Associate Professor,1996,9b55189292118e1b685a3d6de7d7c4b1c1ff8b8c8f52ee6fce7fa5282bea173a
UNIVERSITIES,"$104,375.61",$599.20,University of Windsor,Full Professor,1996,004d7d7240e501ea6e9258b745edb2de5f9985b382261ce9a9d585d67c0875ea
UNIVERSITIES,"$104,431.04",$599.20,University of Windsor,Full Professor,1996,6af4322f9bdb09bb4127a0ecc36fb2f9a53e28e0c6142c50cec5dac182c68d5d
UNIVERSITIES,"$112,749.46","$2,458.20",University of Windsor,Full Professor,1996,7337f80998bc8889716c4de404a28c9ed193110f0d2165d67d9e9a47f78305bf
UNIVERSITIES,"$110,046.42",$599.20,University of Windsor,"Full Professor, Head, Dept. of Biological Sciences",1996,bcb19d9d95106aefa6dc04dd26aadc3ddef2abd37de0d87c656a2bf5b4b60757
UNIVERSITIES,"$111,160.50",$516.13,University of Windsor,Full Professor,1996,760add6edf0c74e95aaccec91817ae2558bb1b363f6ecc983936ed19620641e0
UNIVERSITIES,"$107,744.91",$599.20,University of Windsor,Full Professor,1996,e75439b5423541bffdab91ef04560a0a487ac2ef8f2a1fcda0387c4966fb517d
UNIVERSITIES,"$102,569.81",$599.20,University of Windsor,Full Professor,1996,a08429a3f603fdf16cfb91a246c41b2217838ecff9f571ace65c1567de4ffc1f
UNIVERSITIES,"$100,287.32",$599.20,University of Windsor,"Full Professor, Head of Chemistry & Biochemistry",1996,9b4bb9218215da6461f34cbd1d1a535b6cedcc8a269dc9ed7fcaef762a78e3d1
UNIVERSITIES,"$106,933.02",$599.20,University of Windsor,Full Professor,1996,0e7355661fc58a96c45ee36c09c2a67784842e69c90e3285b838796efb04e702
UNIVERSITIES,"$106,174.53",$599.20,University of Windsor,Full Professor,1996,176f565cc4bcfe93f81b4e7a4da9c9ebe9634964304bb81b0334161f1d33991d
SCHOOL BOARDS,"$111,652.00","$1,893.00",Victoria County Board of Education,Director of Education,1996,31d3dd6f9ddd9056314c93312ab9ad7f304ac7b8294333ae2fca6699041922e5
SCHOOL BOARDS,"$109,162.56",$107.03,Waterloo County Board of Education,Teacher,1996,623f36813306ea6e54547aeccb9736949f54d591a0e4277f80518d542a3026a9
SCHOOL BOARDS,"$101,363.45",$473.45,Waterloo County Board of Education,Supt. of Schools,1996,db956ff6b0293f6159631c896f4ea5421ab16e5c34998f8bd25d8adb5cf14409
SCHOOL BOARDS,"$100,928.46",$277.90,Waterloo County Board of Education,Adm. of Business Services,1996,f730759a7a055a44b76f42c4237daaad11bac8d422595876461da89e087fb8b4
SCHOOL BOARDS,"$100,973.01",$472.37,Waterloo County Board of Education,Supt. of Schools,1996,c76eeb2971a69c71555e05e0552cfb82fdc60d3505d5eaa420ef9b6d2509151d
SCHOOL BOARDS,"$108,407.42",$502.37,Waterloo County Board of Education,Supt. of Support Servies,1996,0aea77acf1cd2ba0975d2522cf2c1db888f800095f34162fe99cdf5f2d723d2c
SCHOOL BOARDS,"$120,572.69",$549.33,Waterloo County Board of Education,Dir. of Education,1996,4d4542df51721f055776e3aa4ff7960205293d0000907edf99c88b066cc65578
SCHOOL BOARDS,"$100,973.01",$472.37,Waterloo County Board of Education,Supt. of Schools,1996,66fd8788609430bc296afac29b858b51c5ff797c60603267904539c7548b2b46
SCHOOL BOARDS,"$101,363.45",$473.45,Waterloo County Board of Education,Supt. of Schools,1996,373a660cc529c2193c6c3a630f1271c992697ba0194d235c0bf0053ec4fbb60d
SCHOOL BOARDS,"$104,026.57",$485.09,Waterloo County Board of Education,Supt. of Instructional Serives,1996,192d62611126741eef95d4fa68e70984f978369193a87b7bf2004b8a5e90408a
SCHOOL BOARDS,"$116,937.24",$341.01,Waterloo County Board of Education,Manager of Planning & Transportation,1996,194f7410e8c8e55d2f07b112fb12a6ddf2587a774674ba9d5ad4f27013195199
SCHOOL BOARDS,"$101,363.45",$473.45,Waterloo County Board of Education,Supt. of Schools,1996,cf20e0c6ebe251228d6e59aa42358302e9113274fd2c153a43c91aefc5366fd5
SCHOOL BOARDS,"$100,973.01",$472.37,Waterloo County Board of Education,Supt. of Human Resources,1996,e8a8bb9aa718d32d9bff90e8430a857e87de3ece13d4d17708025f7a0963f72b
OTHER PUBLIC SECTOR EMPLOYERS,"$126,008.37",$525.84,Waterloo Region Police Services Board,Chief of Police,1996,558c5e4062ae77660a7d7e7d0b4039461a32db38804126085f92ddb3f451bad6
OTHER PUBLIC SECTOR EMPLOYERS,"$104,579.10",$432.96,Waterloo Region Police Services Board,"Deputy Chief, Administration",1996,f0fa7861354bd1fa91a63feb5658611dd615a799295c53f0967b19e3f8e506c0
OTHER PUBLIC SECTOR EMPLOYERS,"$104,229.52",$432.96,Waterloo Region Police Services Board,"Deputy Chief, Operations",1996,3c97c2a97bffe7c6e80569b7888419724a17ebc32b970cdc635a1d437124aa18
SCHOOL BOARDS,"$110,000.02",$331.80,Waterloo Region Roman Catholic Separate School Board,Director of Education,1996,2b4298e0c9bd48d501ef1ae2f67f3654c42381e139d9564ffad895b31fb33a70
HOSPITALS,"$124,000.00","$4,600.00",Welland County General Hospital,President/CEO,1996,b2e1daac2247a623fd6259e048a7c0bfd9da013d3edbf9d5ce0089099f78abc9
SCHOOL BOARDS,"$110,914.08","$9,170.16",Welland County R.C.S.S.B.,Director of Education,1996,ee95a9bb9a4093ed1916caa5e60a401679fe7a619a68d1164539da966435c693
SCHOOL BOARDS,"$112,836.00",$760.96,Wellington County Board of Education,Dir. of Education & Secretary-Treasurer,1996,030e593c3811c14bfb912309a167335c06dea32eba94bc8347dbae83cfe58622
SCHOOL BOARDS,"$115,329.92","$1,231.20",Wellington County Separate School Board,Director of Education,1996,45f3661f66f5b728938da01bb777d26e511ad65feb6fdfe75c773613dc798232
OTHER PUBLIC SECTOR EMPLOYERS,"$128,315.00",$375.00,Wellington-Dufferin-Guelph Health Unit,Medical Officer of Health & CEO,1996,821e6354e27e1b43f4ac7d8bcc84120bd862ab7d47cd0851646721bfdc206658
SCHOOL BOARDS,"$111,711.00",$718.00,Wentworth County Board of Education,Director of Education & Secretary,1996,afa0b57b7ac04fdc11fab5d661e6a1b88224bbd8ab2fbd087c5ee7252d6f1521
OTHER PUBLIC SECTOR EMPLOYERS,"$123,227.04",$471.36,West Central Community Health Centres of Toronto,Psysician,1996,04f103b80e82c4483390ddbe3b9aff7f1a6acac1443e63e371ad764c37309648
OTHER PUBLIC SECTOR EMPLOYERS,"$123,119.04",$471.36,West Central Community Health Centres of Toronto,Psysician,1996,35e3febe5e947a337e4570fd9474b1a13dc9d1c4630beb0e175941541afb1439
OTHER PUBLIC SECTOR EMPLOYERS,"$113,596.89",$453.12,West Central Community Health Centres of Toronto,Psysician,1996,748a9b17cb040158f35569f257f3ef8e03225ab4e79e3e208542346f328e8d7a
OTHER PUBLIC SECTOR EMPLOYERS,"$103,159.00","$6,238.00",West Elgin Community Health Centre,Physician,1996,567fb1e240accb5513683ddbd0402b7d554c2c8c8abd3f87c157f1cb46b9cc37
HOSPITALS,"$105,366.00",$547.26,West Park Hospital,"V.P., Programs & Operations",1996,57133c4568ff0b6f2c10412881c794e19e43301ad1d42579b388ab2733151486
HOSPITALS,"$182,053.00","$14,264.64",West Park Hospital,President & Chief Executive Officer,1996,f8bde01a904a320a8cad8f70ea1ace2254aae558234ecedc88db2d9613030c55
HOSPITALS,"$112,200.00","$3,622.88",West Park Hospital,"V.P., Corporate & Support Services",1996,bae5304666d227f3fa51b2ea061c9b02006f62c93e148ed2b126ac6a5d4332dd
SCHOOL BOARDS,"$103,295.00",$149.64,West Parry Sound Board of Education,Superintendent of Education,1996,10857536749983c2d9737c99ea094fad07af7bd4cd2be8a4d664d1cf9c598e51
SCHOOL BOARDS,"$112,675.98",$149.64,West Parry Sound Board of Education,Director of Education,1996,2164704df67f4c833896cd8c6ce7292a2715345a3e3984308986fd1abc87c0b4
HOSPITALS,"$108,814.00",$505.00,West Parry Sound Health Centre,Chief Executive Officer,1996,5af2012015817f2777ee0e6e8274398ac8f52577bda649d21ea844ecb6cf4c25
UNIVERSITIES,"$125,368.00",$700.00,Wilfrid Laurier University,Prof of History,1996,9f29408d3d0911794b5468cc7a2ec3a0798f219b35efde9736f89bb411a23063
UNIVERSITIES,"$103,816.00",$557.00,Wilfrid Laurier University,Prof of Psychology,1996,d33ab1fd85b5fe739a8f934b5eb270641b2834c8d62586438da3b90c00f9e20a
UNIVERSITIES,"$158,031.00",$906.00,Wilfrid Laurier University,VP: Finance and Administration,1996,030cd64409740cc13aec1f8019b0b0e149c96b9ec05baaa4606fef1e806064de
UNIVERSITIES,"$105,731.00",$566.00,Wilfrid Laurier University,Prof of Physics,1996,f53b5b04ee24a7ccd0960c9a452fed3b633c4a0fc01431da3789746fef7b7c94
UNIVERSITIES,"$104,399.00",$561.00,Wilfrid Laurier University,Prof of Business Admin,1996,12a3942320569b8e19b77a571e8bbf9c93bf34117a21973e08cf86139eb99e77
UNIVERSITIES,"$100,463.00",$539.00,Wilfrid Laurier University,Prof of Geography,1996,7522aa812df56c891152769905e1c65f0c2036d89eee481b4fa4450a586b4253
UNIVERSITIES,"$103,691.00",$557.00,Wilfrid Laurier University,Prof of Modern Languages,1996,d98025aea058486f602d577e9f10a8df52a5a3172e8254a91743ecedc01cc18b
UNIVERSITIES,"$103,093.00",$553.00,Wilfrid Laurier University,Prof of English,1996,771d1fdec2d1a7615a862d98ad2b1d4fc6363be27d721e18d8c7e16ec1fe3f5c
UNIVERSITIES,"$105,901.00",$568.00,Wilfrid Laurier University,Prof of Social Work,1996,49a5ec23489c35b1fe498bc4c609c94d5934539d14b1612c9c87a2bb655db1bf
UNIVERSITIES,"$120,000.00",$209.00,Wilfrid Laurier University,"Dean, School of Business and Econ.",1996,8560345536d9fc35d0e5f74ecdfb869caa88bbf24f401e545aa5e528dd8502f5
UNIVERSITIES,"$102,997.00",$552.00,Wilfrid Laurier University,Prof of Business Admin,1996,7cb7b64688ba29582551e1a60551b1d5f0e3818ca988425b0ac624ff98e8fc75
UNIVERSITIES,"$103,837.00",$557.00,Wilfrid Laurier University,Prof of History,1996,9a70b6d2fd34599c9c0db9a5b1576975d6cbe243efe697264210c53cf63b899b
UNIVERSITIES,"$103,641.00",$556.00,Wilfrid Laurier University,Prof of Business Admin,1996,2afd4d252c40b0eb4fada2730e1d4c7c7829883a70093f891d067251d66fb77f
UNIVERSITIES,"$104,065.00",$557.00,Wilfrid Laurier University,Prof of Economics,1996,28a2ed3feb629f356acaf2bf6338389c378359ff517fb78635a68ada13a1f1c5
UNIVERSITIES,"$106,043.00",$570.00,Wilfrid Laurier University,Prof of History,1996,74741424ba3fc0ffd59ace3a001dba07a29e9355dc89e4488f7ba4c8e5afad9a
UNIVERSITIES,"$105,529.00",$567.00,Wilfrid Laurier University,Prof of Geography,1996,dee68137bce901a52801061e845fb5e04b06912672b63dd918de82b511a6b05a
UNIVERSITIES,"$108,917.00",$638.00,Wilfrid Laurier University,"Dean, Faculty of Social Work",1996,a41cb28ab8942f9c92c313705bd053cf080e065ddd04ef07e2e8de626bb6d8f0
UNIVERSITIES,"$101,967.00",$548.00,Wilfrid Laurier University,Prof of Biology,1996,6839e47a0d55fbe598ffada1ad8ac29cbf7b928c00ed65960bcfa79fe5a5147a
UNIVERSITIES,"$103,605.00",$556.00,Wilfrid Laurier University,Prof of Physics,1996,f0da144552c971ae17c66c46c2799ba00b2c52c9676ff46a6e5e63646e35b593
UNIVERSITIES,"$103,110.00",$553.00,Wilfrid Laurier University,Prof of Economics,1996,3fd3243aa49611cfc7e1d8a48d2e05f86b392f3d10634aacca8f98f57a1ea4fc
UNIVERSITIES,"$223,963.00","$1,202.00",Wilfrid Laurier University,President,1996,68f49c1e92f97176f5bd2c0aab5f7f2b7deb2a3dbcb3705408e40ba4731a4f8f
UNIVERSITIES,"$102,541.00",$550.00,Wilfrid Laurier University,Prof of Economics,1996,f690e8afc1904a6e514f4d2b148df09cccc4819420f189413861a9690b48fd2b
UNIVERSITIES,"$103,362.00",$556.00,Wilfrid Laurier University,Prof of Business Admin,1996,2c8706649cc8a0aea837af54c7bd11f92680a8175680bb466b73b6cd7de6246d
UNIVERSITIES,"$113,566.00",$669.00,Wilfrid Laurier University,"Dean, Faculty of Graduate Studies",1996,e5e339270ed4dc43bfd9e618072fd86071ac068827d3f79d9ba28aee33c1807d
UNIVERSITIES,"$125,368.00",$667.00,Wilfrid Laurier University,Prof of Geography,1996,5d4aa4e2d62924ba10e3c034c6244d79daf7eb2f26c30a2f32cdb367931b3717
UNIVERSITIES,"$125,368.00",$709.00,Wilfrid Laurier University,Prof of Business Admin,1996,da19cef31723dadd9d277a9e899872e51c9250fa1fe8155314cc43d48bda2aca
UNIVERSITIES,"$100,655.00",$541.00,Wilfrid Laurier University,Prof of Business Admin,1996,cb8a9510ec9dc5caa31679a7a1942ef7f346242ad021ef0593388d2a547c9e68
UNIVERSITIES,"$100,220.00",$538.00,Wilfrid Laurier University,Prof of Business Admin,1996,8a2c730594d39f71c081724033761e2cbd4b1706ea262037f626cba889bc8df5
UNIVERSITIES,"$105,588.00",$567.00,Wilfrid Laurier University,Prof of Economics,1996,3ceb33302d19d3ed240ab296b6e47b796f6d9999d82f05d539adf68f29768c0f
UNIVERSITIES,"$126,812.00",$734.00,Wilfrid Laurier University,"Dean, Faculty of Arts and Science",1996,c23ad1f1b64c61cb53619cbddb1d71bf5a25ead3b0d91037deb750016570631c
UNIVERSITIES,"$106,275.00",$572.00,Wilfrid Laurier University,Prof of Chemistry,1996,ed9762d121f36a48c7b9d727a3ceaff011c7794bfd1654ea3fb3be20a65d456f
UNIVERSITIES,"$139,895.00",$746.00,Wilfrid Laurier University,"VP, Academic",1996,985f5b82205afd09f3ee8f9e90788ae67fc767f7949d1045286d8d6d772a7b69
SCHOOL BOARDS,"$103,521.60","$2,417.66",Windsor Board of Education,Supt. of Business,1996,cc09fdf756cb0f2e053b460a1c3c2f812eea78113d9e86bcdf0d17b196f6fda4
SCHOOL BOARDS,"$108,708.60","$2,417.66",Windsor Board of Education,Director of Education,1996,2b911101dcea63c27a20de60ac0d6f6eda17f1cd6683ee087459cb4aa28edb6b
SCHOOL BOARDS,"$100,864.40","$2,417.66",Windsor Board of Education,Supt. of Human Resources,1996,21a92d313ed286f41e90f03f4de8f9e6cd0ea1706f0ed309ed8c91244f505fd0
SCHOOL BOARDS,"$102,575.20","$2,417.66",Windsor Board of Education,Supt. of Education,1996,12cb0823ff60f289d2d002d1bec2d32c41064baf084878d936387d33e65ee800
HOSPITALS,"$112,000.08",$615.44,Windsor General Hospital,"Vice-President, Human Resources",1996,8ce3ce6ffd08b0632fb8a9705235ddcd060515ef0e1867ce3bc50f4b5f749b55
HOSPITALS,"$102,000.00",$560.49,Windsor General Hospital,"Vice-President, Employee Relations",1996,16f89c004c212db52f72cf2a63fb22917df1e2f2d6f9f721cc27841ead45bb30
HOSPITALS,"$112,000.08",$615.44,Windsor General Hospital,"Vice-President, Finance & Adm.",1996,ceb1119fabb87bb8d1bbbc8945664b11b3485dcdaa97a38adb40571b6aae76e0
HOSPITALS,"$156,000.00",$571.48,Windsor General Hospital,Child Psychiatrist,1996,10f252f109302a0980dcde456aaed1766c9d9f19bb52f75506cd5b5f7455c3fe
HOSPITALS,"$112,000.08",$615.44,Windsor General Hospital,"Vice- President, Corporate Affairs",1996,ae3dcb39c8b140c6654be338f4e3f99886339d9790281a7a56dc264d5e71f281
HOSPITALS,"$127,500.00",$467.08,Windsor General Hospital,"Former President/CEO, Metropolitan Gen. Hosp.",1996,97a5dc661a9ceb64c1b581fc2473c2cbeb050802ae398c6eab2022f330f3272e
HOSPITALS,"$124,999.92",$686.88,Windsor General Hospital,"Vice-President, Programs",1996,e3e941ab217f5c6bdb7f263e7608842eb7241ced96d5f6e09eb028bb0261b10d
HOSPITALS,"$199,999.92","$13,257.33",Windsor General Hospital,President & CEO,1996,02b437f9d31ac8c0f5c79e852de615309dd0a54103650668127043ae565fb5d6
SCHOOL BOARDS,"$106,496.00",$473.00,Windsor R.C.S.S.B.,Supt. of Education,1996,39381513968f613d7eb798ada9a1c56be7974a6a7bc7233220811e6dcf5e31fd
SCHOOL BOARDS,"$106,256.00",$473.00,Windsor R.C.S.S.B.,Supt. of Educ.-French Language Schools,1996,e4f7575fa5bb0f69dfd3ec6241c431820f4b0a15dbf9e04000958b5c56f7fcc6
SCHOOL BOARDS,"$106,256.00",$473.00,Windsor R.C.S.S.B.,Supt. of Education,1996,743eae9e514dbf310b4b545f6343a2123b6ccc986851ab16af2835411cf3970d
SCHOOL BOARDS,"$107,581.00",$473.00,Windsor R.C.S.S.B.,Supt. of Business,1996,1024a77b170be6d1dbe2f7eff77ae10783cb8d9a34afecf8e75dc4324e32e18e
SCHOOL BOARDS,"$124,619.00",$473.00,Windsor R.C.S.S.B.,Supt. of Education,1996,8d485f3fc306dc9e7032e3ca51e5cc56ba28a49ebfa42d52d3a73c0c5b408aa5
SCHOOL BOARDS,"$121,897.00",$473.00,Windsor R.C.S.S.B.,Dir. of Eduation,1996,4427c9b9a72f3797114eef70098abf910a4340a520c79d3653f1e91268eed8a9
SCHOOL BOARDS,"$106,496.00",$473.00,Windsor R.C.S.S.B.,Supt. of Education,1996,e0ebe9593deaf6896333955e85e345b6511d25aa462e0f0d4605a7f7f3f08d0e
HOSPITALS,"$147,681.29","$6,930.99",Women's Christian Association-Parkwood Hosp.,President & CEO,1996,b9d286145b14454c6e5bcbe69f13f2691812a1bcbdde7e7304cd1b62ff1afb7c
HOSPITALS,"$103,788.67",$300.84,Women's College Hospital,"Staff Neonatologist/Dir., Follow-up Clinic",1996,f242c67a0089b221a4628827eafae34a247cb52770906b80ba8b5745c90c9e32
HOSPITALS,"$137,541.79",$344.13,Women's College Hospital,V.P./Acting President & CEO,1996,afb4fdc3b152f746890cb4f8b42736c8fb2e5c99a22ecc8f9a943426aa47197c
HOSPITALS,"$145,472.50",$342.12,Women's College Hospital,Vice-President,1996,450867694ea110dff586a03b9e237f3ea93f603c3a89dfc3832e2316c64bf49e
HOSPITALS,"$118,460.74",$339.28,Women's College Hospital,"Director, Obstetrical Anaesthesia",1996,9697e4774e6de44f11e70ed443583fc76856b6ca071825126c02294fb3561ff5
HOSPITALS,"$185,000.40",$427.68,Women's College Hospital,Pathologist-in-Chief,1996,77c72a1ded7e35285eb83198f1d9ccca4e4321ae097ef11f75bdfd3b52aa0283
HOSPITALS,"$150,169.58",$403.11,Women's College Hospital,"Director, MIRU",1996,6e3dc4ee477a576304025186e4555b4ed8e570899c96fb210d47241b831c2c31
HOSPITALS,"$156,284.85",$427.68,Women's College Hospital,Medical Biochemist,1996,f4c74099b14cff8ace6a709da838cc905a2e1996685de00d010d39e0eaeef3fd
HOSPITALS,"$157,500.01",$427.68,Women's College Hospital,Staff Pathologist/Associate Chair,1996,b94385b2045d19249f7f473386f3f2c08d11453c853cd6ead6323bbe79fbcd78
HOSPITALS,"$134,249.79",$383.52,Women's College Hospital,Staff Pathologist,1996,38e4dccb73cdbbd43afc47585db21c8b72449c070408bffe5750a9d65f295474
HOSPITALS,"$120,097.89",$346.44,Women's College Hospital,"Head, Heamatology Division",1996,e8b81d4afe6a31cb34b16781cd07a303acca522e17a188e4e70a41708243824c
HOSPITALS,"$193,483.96","$6,177.68",Women's College Hospital,President & CEO,1996,0a4f3e1c939ca933ae4e76e6862b56ce43851a848dbd9fec092f852a6cc0ed90
HOSPITALS,"$113,170.05",$285.12,Women's College Hospital,"Corporate Dir., Quality Breakthrough",1996,a71bdf2cd810f16cbb98f240b1d061022fa1c2b13abdf1e06b31e35d6e44816f
HOSPITALS,"$151,285.17",$427.68,Women's College Hospital,Staff Pathologist,1996,02d3cd93df9feceb67430217d58510d2886e876f63c11c01204559186deca129
HOSPITALS,"$140,186.65",$310.08,Women's College Hospital,"President, WCH Foundation",1996,82851fe9d025e801cd65e3a74f42283738a9809eb5e84beecc2d81cf902458e3
HOSPITALS,"$122,191.76",$427.68,Women's College Hospital,Staff Pathologist,1996,186151758f05e244e3a205737e15fda952032b57e1ee1e736b1ba4e30518b88c
HOSPITALS,"$119,165.09",$289.74,Women's College Hospital,"Chief, Nursing Practice",1996,7067485e16969f575aaa847822abfa5c6ee0bf7149151145f488c42c998a763b
HOSPITALS,"$108,899.66",$213.84,Women's College Hospital,Vice-President,1996,e3b3023170b98736dd1708cd06a707fbd420c7d851d0d47788f2496cc72c8214
HOSPITALS,"$179,189.63",$427.68,Women's College Hospital,"Cheif, Clinical Labs",1996,1080e6c4554def045861c5deaa2dd8a8d0611e63fe3db95e6c2da2e9e7fa435e
HOSPITALS,"$151,285.01",$427.68,Women's College Hospital,Staff Pathologist,1996,d3033bae069ec9fb9c0b5400076ab4d8036c540889a90ed7d3a6bb231deaa548
OTHER PUBLIC SECTOR EMPLOYERS,"$112,802.00","$6,872.00",Women's Health in Women's Hands,Physician,1996,262b748c314fd2a8bfe7ea5e9cf988fb2ac4376fcecec5b07dde8609d07bc718
HOSPITALS,"$134,999.80",$537.30,Woodstock General Hospital Trust,Pathologist,1996,8a90d6fa8b1a60a4e92d0a54e34c4cd1753b795dde89a68bedf5294cc8ec59e7
HOSPITALS,"$159,998.80",$636.80,Woodstock General Hospital Trust,Pathologist/Director of Laboratory,1996,8a783cf373bd9b2c5ee570ca85b7b0c0adb4d4b6712946c3fc3bf224a4f281cc
HOSPITALS,"$392,800.80","$1,006.94",Woodstock General Hospital Trust,Chief of Diagnostic Imaging,1996,3caac6bc30569c4703cb8b4a7766226df73c6946c3f41a78aed1b1c2c06b7221
OTHER PUBLIC SECTOR EMPLOYERS,"$128,296.40","$7,418.26",Woolwich Community Health Centre,Physician,1996,2ca76bcfd3def20d1a1285d674aee9e1561065f63252347f9516da0b91148509
OTHER PUBLIC SECTOR EMPLOYERS,"$125,941.11","$5,062.97",Woolwich Community Health Centre,Physician,1996,21af6823f13b1154a318b44bd3c481d107ce318075d062114344f3fb5bbebae7
ONTARIO PUBLIC SERVICE,"$110,035.00",$318.00,Workers Comp. Appeals Tribunal,WCAT Chairman,1996,8759ef313fdedeaf2bbfaf22845cbf1b8f8b45d8e9507ac98689d871ef55a462
ONTARIO PUBLIC SERVICE,"$104,412.00",$299.00,Workers Comp. Appeals Tribunal,Publications Counsel,1996,a9d405a4ff4f7d80d7c4175fc87d30cffe280ab7b35ec0c60cd01c0780f45c17
ONTARIO PUBLIC SERVICE,"$120,533.00",$343.00,Workers Comp. Appeals Tribunal,Counsel to Chair,1996,5b762a7c89c53326cb7d5c53bd528c6cb474ba497f5059b4f5d47b8cebed042d
ONTARIO PUBLIC SERVICE,"$119,960.00",$343.00,Workers Comp. Appeals Tribunal,General Counsel,1996,13b93b0267df1d8e3441c199a33f5662739a3f76c28fd32b834cb6164daf28da
CROWN AGENCIES,"$103,918.97",$42.12,Workers' Compensation Board,Treasurer,1996,3090e9daebd114edade32bb92cb04c8bb76ede5daae59fa48d83fd5078bec10f
CROWN AGENCIES,"$105,400.40",$42.12,Workers' Compensation Board,Medical Advisor,1996,b5ed83d989f4dc00f43477837dbd39fa2678817297e07d40e4d76aec9740f67d
CROWN AGENCIES,"$104,682.48",$42.12,Workers' Compensation Board,Medical Advisor,1996,b8cb45fdf8cb50c96719e83d9db049f89902776ea9d592fe49e4e79a3641d8dd
CROWN AGENCIES,"$104,739.96",$191.86,Workers' Compensation Board,Legal Counsel II,1996,926c36bb608ec7b4d5ab0e96061758e5ef4e4035a0ea5ffacd2257545b108478
CROWN AGENCIES,"$101,354.00",$160.19,Workers' Compensation Board,"Manager, Strip Bonds",1996,f8c602330a0a1318ab9f3df3a1b2e73b13720d6d244883e9b6b4009ace25b096
CROWN AGENCIES,"$129,539.80",$42.12,Workers' Compensation Board,Executive / Medical Director Downsview Rehabilitation Centre,1996,dea6d0c4d4ae5e3253bc29409e2bd64f15e905c1d0397017d108dfb4d192bd16
CROWN AGENCIES,"$124,120.62",$42.12,Workers' Compensation Board,Medical Co-ordinator,1996,d48d01c278aa24f38e5065acf05f9d252277795b1dd955917004f6c557afa877
CROWN AGENCIES,"$109,782.40",$42.12,Workers' Compensation Board,Medical Co-ordinator,1996,20bddf768c4385d35f10af514f1b79fbb3b561da5072cbe88f279b97993c9d20
CROWN AGENCIES,"$114,548.11",$195.42,Workers' Compensation Board,Medical Co-ordinator,1996,22d5728921ddc4893008c7d7b3020cdc4caba844e3c4ab67df04567f00d9c02c
CROWN AGENCIES,"$120,152.24",$42.12,Workers' Compensation Board,Medical Consultant,1996,6c69b11d1a673040108e018049cc7ecc7bcac4a62832ce1a42de19bfbe019a87
CROWN AGENCIES,"$118,035.38",$42.12,Workers' Compensation Board,Medical Co-ordinator,1996,3aef10db85c5fc89bbb0c2cf30e1afa5524df605c32dc4c393e16f75c69818ef
CROWN AGENCIES,"$123,738.36",$213.68,Workers' Compensation Board,"Vice-President, Finance & Administration and Chief Financial Officer",1996,c4bd034ee9a5109c60574b57568edf269cf64bf168ab6bcedc3e4228827a450a
CROWN AGENCIES,"$125,806.80",$60.21,Workers' Compensation Board,Medical Consultant,1996,4cce1262623e67af31433ff66f529b39927448a1ffdbbe52723a0dd368b23180
CROWN AGENCIES,"$112,786.93",$477.88,Workers' Compensation Board,Medical Advisor,1996,0370a4a54b83ae05f8b1c1d9fddaff9654d119b065b7201ddf69ed884ef1ac04
CROWN AGENCIES,"$104,739.96",$191.86,Workers' Compensation Board,Legal Counsel II,1996,fa9f8713ec22656c2b1a13177c2c9416b442f13387406bb9d4721df5aec9738e
CROWN AGENCIES,"$101,120.46",$42.12,Workers' Compensation Board,Legal Counsel II,1996,5006dc8ffa7b84a7984ee1b762e396fa7f9bcf0f3435492d18629beb54c62e7b
CROWN AGENCIES,"$112,036.93",$200.32,Workers' Compensation Board,Medical Advisor,1996,c52ac0ad8d87240b3814d1461a23dac807ad3f14ae9dfac1e6290c950d7ebfc9
CROWN AGENCIES,"$112,036.99",$200.32,Workers' Compensation Board,Medical Advisor,1996,a03a2b8e9f50f5a0aa901d012063b1e87850cf3b658eeac268f0e7fff2d72f89
CROWN AGENCIES,"$142,486.43",$42.12,Workers' Compensation Board,"Director, Equity Investments",1996,b6c61a49795ccab19165bdd98ddea4d6c1accd3240b2d60f724d5dc9dac3258e
CROWN AGENCIES,"$118,689.86",$42.12,Workers' Compensation Board,Medical Consultant,1996,be469296c6ececc491f8bafcda0e03d4c96e0bc87ba9894415958b5f769b10ab
CROWN AGENCIES,"$119,087.62",$42.12,Workers' Compensation Board,Clinic Training Specialist,1996,a858edc09ffa0731c44e2734faa2c49b24268c341d882e83984a8b88f1dab023
CROWN AGENCIES,"$111,943.72",$180.37,Workers' Compensation Board,"Director, Legal Branch",1996,d2ecf99bcc357cf318c7ec3faefd604542cc7fb1ae82c90568ca2c2c45637c91
CROWN AGENCIES,"$116,004.70",$203.04,Workers' Compensation Board,"Vice-President, Strategic Policy and Analysis & Client Appeals",1996,06dc76918969587629183daaa6fdd126efdd7f25c36196e863ac86d93a445bc1
CROWN AGENCIES,"$124,139.52",$42.12,Workers' Compensation Board,Medical Co-ordinator,1996,a3ec8f890966c206becd0b7e302530ef30eea0746061fdf1407b050e5c0c88de
CROWN AGENCIES,"$115,924.12",$198.21,Workers' Compensation Board,"Director, Special Investigations",1996,094b23d8846f43fb69ee33293fbaec14317ec863fd50425a7c417d4d3d807fa5
CROWN AGENCIES,"$157,500.20",$266.60,Workers' Compensation Board,"Vice-President, Investments",1996,e0b8c940694d4fdbb9c8aab3fbeb5fa006c35cf88b6ab06f418600135eae0980
CROWN AGENCIES,"$122,537.88",$217.50,Workers' Compensation Board,Medical Consultant,1996,940ff0a8dcfc442cce0612c3cccc5e20eef1838b5a3e48dc1a87645157d6d6c5
CROWN AGENCIES,"$184,154.31",$0.00,Workers' Compensation Board,"Vice-President, Information Services & CIO",1996,d1ce40468244ddce8927e548e8f5dc3c66b5aa34a04f13c7ad37c5c046e73928
CROWN AGENCIES,"$123,902.52",$217.50,Workers' Compensation Board,Medical Co-ordinator,1996,2fb8799195c1ab2f342c124ea7f329d0cc9f63de6f55cc56399c53b11688f48e
CROWN AGENCIES,"$118,295.34",$200.91,Workers' Compensation Board,Medical Consultant,1996,30a1da8c001f3195578a4d35939c77ee9f58512d9e7a3545f9fa56f0a10c9de9
CROWN AGENCIES,"$123,909.30",$42.12,Workers' Compensation Board,Medical Consultant,1996,27dc98a19c53abf67c4eb8dc882076129c0cb3d55c546294aca2baf7b8af1471
CROWN AGENCIES,"$108,296.27",$42.12,Workers' Compensation Board,Medical Advisor,1996,f9aee671db1c2ec2aa04b3defde904c2b7a9eef54453e79a0955a6db0180d69f
CROWN AGENCIES,"$103,799.36",$51.16,Workers' Compensation Board,"Vice-President, Communications & Public Affairs",1996,202bae2b6f6a84ed7420e270a1925d47e220b6f8523b66f928d19db79655692a
CROWN AGENCIES,"$103,922.96",$42.12,Workers' Compensation Board,"Manager, Canadian Core Equity",1996,ff5e5ab4c4899e4d6584caa2964d2df8932dc6e9703b3ea365da2815073e7fad
CROWN AGENCIES,"$152,904.05","$8,906.89",Workers' Compensation Board,President & Chief Executive Officer,1996,303c4a9ba5f136c848947cc64c164226b8ab9b833e7d772a7afe5a3052ef7dcf
CROWN AGENCIES,"$121,908.91",$42.12,Workers' Compensation Board,Medical Co-ordinator,1996,22a3eb0eb7541783238a9d34f4dcd30acc2a45e54b1534f87b6b1b9e874b356d
CROWN AGENCIES,"$108,403.58",$42.12,Workers' Compensation Board,Medical Advisor,1996,52db52d511e5e890e03104a54ce524e491a668a472dd4e77fe00f78e30452663
CROWN AGENCIES,"$110,080.01",$42.12,Workers' Compensation Board,Medical Advisor,1996,bfd2ea6d1a378268ae3bc30005e9d182f52f2277738160610789a41820261ba0
CROWN AGENCIES,"$110,758.96",$42.12,Workers' Compensation Board,Medical Advisor,1996,f66644e2e866bd0cce4d52e16fb80e9fdd7745a9af65468fdbca918769f4dd55
CROWN AGENCIES,"$112,885.64",$42.12,Workers' Compensation Board,Medical Co-ordinator,1996,743715d3403ded0f49a5c18f2105b9a16a4205ea3618032a4997059801e10a28
CROWN AGENCIES,"$117,543.72",$42.12,Workers' Compensation Board,Medical Consultant,1996,e6e92adeffc591863d4622bd36998fae111abc47cfcb2e156455dc1746c072cf
CROWN AGENCIES,"$111,051.14",$123.52,Workers' Compensation Board,Co-ordinator Special Clinic,1996,2edf73b5a733bbb9fec85bab4e4077cdfb119b2b55da53b87d43d841845c59da
CROWN AGENCIES,"$112,013.02",$42.12,Workers' Compensation Board,Medical Advisor,1996,0fc2203b1679406fdbc910adc327b5560bc61dc6c872bbf173d819f09f2b09d2
CROWN AGENCIES,"$144,749.82",$42.12,Workers' Compensation Board,"Director, Bonds/Money Market",1996,6305a9cba50a7f0341d7edc92b779ee00cdb0ed32ea48ef59d45bb8bae1a8176
CROWN AGENCIES,"$111,988.24",$200.32,Workers' Compensation Board,Medical Advisor,1996,b22dcd26eefb2dff648c24881503ad3cd35b773eb5b103e54f625c094c4d9ce7
CROWN AGENCIES,"$123,909.30",$42.12,Workers' Compensation Board,Pension Medical Consultant,1996,619467eddfe00b6cabc219bb5acdf9b2dc973a23eb701c8a991c92c6c74eadeb
CROWN AGENCIES,"$114,081.76",$205.32,Workers' Compensation Board,Medical Co-ordinator,1996,1aa6a9aefd66028091a1a9d5ec12b5dad55e42ecaa713ff04d034dc90761e99f
CROWN AGENCIES,"$123,929.79",$42.12,Workers' Compensation Board,Medical Co-ordinator,1996,5d8c3b129b923becc91bfe409a60963cb2da538f251e55f54ab31988e878b3ae
CROWN AGENCIES,"$114,644.00",$42.12,Workers' Compensation Board,"Vice-President, Client Services",1996,77a71190e16dc6b47ffd9001351ac5f1373c287680f87c3bcc069a7f521badd4
CROWN AGENCIES,"$100,420.47",$177.30,Workers' Compensation Board,Medical Advisor,1996,663c06b1536c13fe224d4496755117039ca6ce4bdef204c47ef0cd8f234382e2
CROWN AGENCIES,"$113,006.07",$42.12,Workers' Compensation Board,Medical Consultant,1996,0ce65e201f622b59fc063b107249f32f25d168a298ce2ad97a36a6fa3853af78
CROWN AGENCIES,"$115,766.72",$203.56,Workers' Compensation Board,Medical Co-ordinator,1996,37c8d2f21a553046190f5dfb6d453bde3f519ce5ce42ea3bcc0e696261549bb8
CROWN AGENCIES,"$115,141.43",$202.43,Workers' Compensation Board,Medical Co-ordinator,1996,2d964653e6c0bab010b35122fd580b7d6a8c501416cbae267ca40257169c4f10
CROWN AGENCIES,"$102,657.00",$0.00,Workplace Health & Safety Agency,Assistant Vice Chair,1996,f7065465a3aebaba1ad1abc0f855f5abc4c9dc8a090654060e64121bab608d3e
OTHER PUBLIC SECTOR EMPLOYERS,"$159,000.00",$300.00,YMCA of Greater Toronto,President & C.E.O.,1996,703e350a0f621eda742bc50e21c5cea28a8c1fd1ad1df4e90c4b1fb33ded2957
OTHER PUBLIC SECTOR EMPLOYERS,"$106,397.00",$248.70,YMCA of Greater Toronto,V.P. Financial Development,1996,fed49bc21abc8847e214a8891e34b4a805f6d995d90ea8e6ff6433401f2c6edd
SCHOOL BOARDS,"$148,855.00","$8,845.22",York Board of Education,Director of Education,1996,59bd40922388ebd8f61a7628e72ce1d95bbe2699fbea7427ce836cd7cd3416af
SCHOOL BOARDS,"$120,051.10","$2,904.00",York Board of Education,Senior Superintendent of Personnel,1996,1e9d8ea4d5d98112a2be5359ff4e5f4e2d24e9499fc174afd3ffe509afca2626
SCHOOL BOARDS,"$105,188.28","$2,904.00",York Board of Education,Supt. of Personnel,1996,8e971c76d14081fce00006ade612661416e34fa409f1d5f94b02490ac93895ce
SCHOOL BOARDS,"$104,819.00","$2,808.00",York Board of Education,Chief Negotiator,1996,985b51d2b0d970d449773c52502f603b6065876637026a07dc02a35727241082
SCHOOL BOARDS,"$107,506.88","$2,904.00",York Board of Education,Supt. of Student Services,1996,aa1795ed79df1942f8768b406f4726ef566ac1f7810ffa1581d6121cb9696c09
SCHOOL BOARDS,"$120,051.10","$2,904.00",York Board of Education,Senior Supt. of Program,1996,d2277126ce804157df95b4a1ede8b488492ee8fda570d59febfe15c0419cf30e
SCHOOL BOARDS,"$120,051.10","$2,904.00",York Board of Education,Senior Supt. of Business,1996,2cfea347735aa2b54bd70543da2c02078225e83e2f45b9484710e49424802a2b
SCHOOL BOARDS,"$110,401.30","$2,884.80",York Board of Education,Supt. of Staff Development,1996,29a41926241882753b0a4b7fd540ed6b33d1b27b556ff6a62faa5533e4d17ad2
SCHOOL BOARDS,"$104,819.00","$2,904.00",York Board of Education,Controller of Finance,1996,6cb201a34bb60b5860b40edea6de389a3272cb09c9baf58fc0d43272a33e8a97
HOSPITALS,"$179,996.00",$488.00,York Central Hospital Association,"Clinical Director, Laboratory",1996,ac98e99dba6e3d065e8a8d22aef997e7e69943210bedf133f802368c0ff62d1d
HOSPITALS,"$179,996.00",$488.00,York Central Hospital Association,"Clinical Director, Laboratory",1996,ac98e99dba6e3d065e8a8d22aef997e7e69943210bedf133f802368c0ff62d1d
HOSPITALS,"$121,070.00","$5,297.00",York Central Hospital Association,President & CEO,1996,335193306a0e1ba753d9d55a7140fae81da3e798985c2b88b61beb2692376909
HOSPITALS,"$121,070.00","$5,297.00",York Central Hospital Association,President & CEO,1996,335193306a0e1ba753d9d55a7140fae81da3e798985c2b88b61beb2692376909
HOSPITALS,"$143,501.00",$409.00,York Central Hospital Association,Pathologist,1996,b89cb1e66bdbc9b9ec5ca8c4a77c83fb260bc133044e153ca68db11d5c0dfc2a
HOSPITALS,"$143,501.00",$409.00,York Central Hospital Association,Pathologist,1996,b89cb1e66bdbc9b9ec5ca8c4a77c83fb260bc133044e153ca68db11d5c0dfc2a
OTHER PUBLIC SECTOR EMPLOYERS,"$116,400.36","$3,939.11",York Community Services,Physician,1996,5c18c055aeac51ffe6d40e655b337a8733acc463c4f45dd8e357153c9fedc940
OTHER PUBLIC SECTOR EMPLOYERS,"$121,413.06","$4,353.15",York Community Services,Physician,1996,4e15a84b79a5425258adcf05702979babee38c5084f0b3bbdfd908d46f59491f
HOSPITALS,"$133,560.00","$11,978.00",York County Hospital,President,1996,3dd68c31fcdc462e98a0ff3967f355ebef73a5203ffae8f7e7280689a2e1d24f
SCHOOL BOARDS,"$113,181.00",$399.00,York Region Board of Education,Associate Director,1996,608a6888e72d4c1c2dba315938dc63398866512a194070654b173549f5d05041
SCHOOL BOARDS,"$107,753.00",$362.00,York Region Board of Education,Supt. of Schools,1996,0401f0368bde662cb96223d8ac58272a72f47126c80c4d17296b111e8230193c
SCHOOL BOARDS,"$110,311.00",$265.00,York Region Board of Education,Supt. of Schools,1996,bb519f96455ec40d539d49fbb8ee203d3320ea474d7ada528aaa7fd90370cbb0
SCHOOL BOARDS,"$106,667.00",$370.00,York Region Board of Education,Supt. of Schools,1996,caeea2f3bcefa97458b39eb09e0f10e0b371f3a596a2c808e958c1ddfc058272
SCHOOL BOARDS,"$110,311.00",$389.00,York Region Board of Education,Supt. of Schools,1996,3c82c6a1595f733befb7a4ca77f647450fa45dda5dca37159a49e6097989891e
SCHOOL BOARDS,"$106,497.00",$360.00,York Region Board of Education,Supt. of Schools,1996,a40c3a4d565d13c745c86d5e0bf92d9fd28a25368fd7e82e7632f81417295181
SCHOOL BOARDS,"$113,184.00",$397.00,York Region Board of Education,Associate Director,1996,d02fd292e5edd4252e3a770dc2a6d40affc663a789f6e7cae10dc4365ea4573a
SCHOOL BOARDS,"$110,311.00",$389.00,York Region Board of Education,Supt. of Schools,1996,f28acc98376fc5ae405a3d2834b7db5171f4971864b96292256ac3b45cf994ec
SCHOOL BOARDS,"$132,714.00","$2,925.00",York Region Board of Education,Director of Education,1996,580a3373fca1a8228bbe76abec46d26786d71be15c8bfc7c183f69afa3ea4290
SCHOOL BOARDS,"$112,117.00",$396.00,York Region Board of Education,Supt. of Schools,1996,9a486186fe02fab2903768e4a4b4098b2a26484fc82f426c054c9e9f4d2854bd
SCHOOL BOARDS,"$110,311.00",$389.00,York Region Board of Education,Supt. of Schools,1996,159213e5111364018b93ce430893fdf21ce3a8f641348e11e6d4ffcfd9d704d5
SCHOOL BOARDS,"$111,823.00",$395.00,York Region Board of Education,Supt. of Employee Service,1996,1364452a76e4aad9d7f1c651f3db5706cd1000dde2a08504d3a6a957eb67c826
SCHOOL BOARDS,"$106,982.00",$377.00,York Region Board of Education,Supt. of Schools,1996,4cf3ee2bef81829af8257de598499d7e0f090e42685a421b44a7367bd0bc1429
SCHOOL BOARDS,"$106,982.00",$377.00,York Region Board of Education,Supt. of Schools,1996,0a3f7666ebae82b42d449db3391fdf5f565ef6c8486ed5563a1e3fee621eaa54
SCHOOL BOARDS,"$110,311.00",$389.00,York Region Board of Education,Supt. of Financial Service,1996,bba14156c7c22c59b972c7de7be51f7a16345209a0dfdb967d0fd92ee9423731
SCHOOL BOARDS,"$105,087.00",$370.00,York Region Board of Education,Supt. of Schools,1996,ccb08cd93a86d30eb787dae059d318fee35f6950ecde555aab51cecc50f41ba3
SCHOOL BOARDS,"$110,311.00",$389.00,York Region Board of Education,Supt. of Plant Service,1996,1ed878b39ae569b16a747308d14b57d8f36b78c243610d79245f2769e3b2b394
SCHOOL BOARDS,"$123,721.00","$7,854.00",York Region Roman Catholic Separate School Board,"Dir. of Education, Secretary-Treasurer",1996,2f264df89d010adec222bb9b7ee0eface103c11d429723100fe98364ec08a568
SCHOOL BOARDS,"$110,047.00","$5,812.00",York Region Roman Catholic Separate School Board,Assoc. Dir. Instructional Serv.,1996,193e1500204284c75d3bde459bfa6c733f4fe82322a95656124714cba1a56711
SCHOOL BOARDS,"$109,223.00","$2,783.00",York Region Roman Catholic Separate School Board,Assoc. Dir. Corporate Services,1996,a0b6d498f65a2275c8924fba3edfd8c0723d92ad1f5d61f59a2296b68bcc9d05
SCHOOL BOARDS,"$101,583.00","$4,584.00",York Region Roman Catholic Separate School Board,Superintendent of Human Resources,1996,237bac7c098f3cf5ff4e0b4aab85a6a70c849ee666a4659431c024f27dd338be
UNIVERSITIES,"$184,800.00","$1,558.67",York University,Professor and President Emeritus,1996,599cd5091baa59403a997a404a4137b3d97cc1a7567da662c7c4c2ca0ca05251
UNIVERSITIES,"$117,873.96",$988.48,York University,"Professor, Environmental Studies",1996,f2cbe3046a132938ecf0f1144d9930e2d05111e0ce9804bf0583efc8dda91c9b
UNIVERSITIES,"$119,389.04",$921.13,York University,"Professor, Osgoode Law School",1996,32c3f9522a7b2bce33e3f28b97bec24d196f0242e16352399dc8b47c79c58e00
UNIVERSITIES,"$105,701.65",$957.80,York University,"Professor, Schulich School of Business",1996,215b3748391ff8b797a9f64ae2a6d41a4a9c52899aa2a948a5a22a905cfba4c0
UNIVERSITIES,"$149,213.04",$384.80,York University,"Professor, Osgoode Law School",1996,489f5b52a18517e3b9c99c7cd16796c450ce8a9b3e317ba4dfcb0b49a43c60d6
UNIVERSITIES,"$105,000.00",$884.67,York University,"Visiting Professor, Osgoode Law School",1996,f21a1640593e0d4065327fc4e0adb6a40d2932d54efdce5b672f9e6faf86e49f
UNIVERSITIES,"$100,948.96",$851.09,York University,"Associate Professor, Visual Arts",1996,d5da28aa3def89056f06dfc66714e9a8cccb042bf81ba9b92396c4e06847011a
UNIVERSITIES,"$133,021.19",$880.12,York University,"Professor, Schulich School of Business",1996,701565a32a82cb85fc413ef77bd7e4fb7376ff6fa5544cdb90aeca448ab90bf5
UNIVERSITIES,"$105,444.68",$697.22,York University,"Professor, Psychology",1996,71db80ef7684bc518de6c4f29966fa09e5a7d2d1d8285c7de9802a5470bed5f6
UNIVERSITIES,"$103,620.32","$3,821.80",York University,"Professor, Schulich School of Business",1996,2d57412aa091ece209800e395692e338a0c388acd359090d55742a84952d31ad
UNIVERSITIES,"$126,691.64","$1,064.51",York University,"Professor, Biology",1996,b9f4f424d11a2864e842d2f7a8432353872727cc9eeaa77337b6eb3cb6126ea4
UNIVERSITIES,"$107,021.91",$898.10,York University,"Associate Vice-President, Reg. & Tech. Ser.",1996,b9fb6066e8a4475f07bec3e4a26d1cd8e55a8957ee75711a6ac6acf706576335
UNIVERSITIES,"$104,027.71",$878.29,York University,"Professor, Computer Science",1996,e8888d8fb103037c78ecf723fd7a15b9fc4402f5539542fcd0f89a0e11f1c0ca
UNIVERSITIES,"$108,616.00",$856.57,York University,"Professor, Osgoode Law School",1996,995a4717c475811a25d2f06808b6fc5595b46fad562f47c13e80745df672a453
UNIVERSITIES,"$117,546.68",$986.42,York University,"Professor, Psychology",1996,f4dea794f2a774cade8c6c339c3b31b947d27aa25735fdd97dca90e2fed943fd
UNIVERSITIES,"$118,019.00","$4,032.52",York University,"Professor, Osgoode Law School",1996,a2eecd73d3a30d0ce346154793581ccf79ef3e06ca333e331553a015678d9177
UNIVERSITIES,"$117,922.01",$988.44,York University,"Dean, Faculty of Arts",1996,b8e038a654db7a6f90d1986aa62b78f24c31c8d1ddd7f4b36a393584b9288e0a
UNIVERSITIES,"$107,525.92",$887.45,York University,"Professor, Osgoode Law School",1996,460b800bdc1847d17e6fa2d267e1a97c746c8f6f5c4221db7615030e9a8f9a6b
UNIVERSITIES,"$118,540.64",$994.90,York University,"Professor, Environmental Studies",1996,c8998eeac355556e60e559d36f3e03380c26cedfd1d1830ce431480191823885
UNIVERSITIES,"$104,864.92",$881.84,York University,"Professor, Osgoode Law School",1996,36a678fa6a3295dc575ef5b60361c3e2867264d4cc238fdeb46fff17e7a8be91
UNIVERSITIES,"$106,270.92",$996.99,York University,"Professor, Osgoode Law School",1996,88c960d76c75993f467a4dd0a525643c9e7e83a55d4350397a2803ee6fed8a22
UNIVERSITIES,"$130,379.96",$365.06,York University,"Professor, Osgoode Law School",1996,e330495ccec93a27ecdd41ebf5329f56b78c854f97c58053f3df0eab7c3b1939
UNIVERSITIES,"$116,856.04",$935.26,York University,"Professor, Law Library",1996,90104584b11ae5ab197ec2d622a73c8a54aa2e4b677e13cd0ae5a03d28187778
UNIVERSITIES,"$114,121.64",$958.36,York University,"Director, Centre for Atmosph. Chemistry",1996,d5964c026d14de22c224262a361842d8b88d95c091ede7887e38ebb815daa177
UNIVERSITIES,"$122,179.92","$1,030.70",York University,"Professor, Osgoode Law School",1996,d36e6d3dfcaea5d31fc4989f37dc580860004881ff169565f17ac5b3e4e232c3
UNIVERSITIES,"$107,188.00",$918.38,York University,"Professor, Osgoode Law School",1996,493fafa05c0f79056377f49aceecf4bc82ebb2ac27ac13dc511564e8d969529b
UNIVERSITIES,"$103,478.59",$868.49,York University,"Professor, Biology",1996,ea6409ee8f83593ed2b0be4d26b6e91ba3dad7ef9622ec763f2515e68f022d1c
UNIVERSITIES,"$108,160.96",$883.33,York University,University Librarian,1996,f4addff7c06309a33cc79f3afe1ddfd1ed8682baad4bca1c8bf35011fac13e78
UNIVERSITIES,"$129,304.00","$1,089.65",York University,"Professor, Osgoode Law School",1996,00db40d36849571e6034442d1d206a52bbec5e3c69528fb684b4a4c6aa6e6c88
UNIVERSITIES,"$116,099.93","$7,580.19",York University,"Associate Professor, English",1996,3f5025200b71fa05d6b0b9add0cbff1cdbc75b74c6d48efd89d1bc8f44df6b6f
UNIVERSITIES,"$145,233.89","$1,192.55",York University,"Dean, Schulich School of Business",1996,cf4b2899f54d3a42c1e83781e5bbee77efc790ccc13e812200ccfb755c190ebd
UNIVERSITIES,"$103,255.67","$1,988.57",York University,"Professor, Osgoode Law School",1996,3efd529c00a4975b88ad27a2f315a5559f516289a854e66dce8bdd77d417c091
UNIVERSITIES,"$111,099.95","$6,053.53",York University,"Professor, Physics",1996,b33a7eee00fb57b0a0a9dc835e815358a48097b2c217f9c063720bc33d491b28
UNIVERSITIES,"$105,057.68",$881.94,York University,"Professor, Philosophy",1996,67c9c83a912400e074cba528bf9fd149b93127ca5b397fec4d1cacfc1d41e075
UNIVERSITIES,"$132,817.83","$1,036.44",York University,"Professor, Political Science",1996,cdcc708847df2b340b214fe0f2e205d2b55fc3c350ff2d36c8581aa41f6966e8
UNIVERSITIES,"$105,876.56",$881.84,York University,"Associate Dean, Environmental Studies",1996,923e6d36bc0ca532386925b02d43cad993b4d15693eb80e3a765bd012cddb8af
UNIVERSITIES,"$120,337.00","$7,745.00",York University,"Vice-President, Institutional Affairs",1996,8650623fc213c305d83b6e7b87a45f049f77b14efd5b6743e133b6f36dcd0e1e
UNIVERSITIES,"$105,860.00","$1,855.00",York University,Counsel,1996,7819da42fcf7c41e08308c67f32d21c12da8f2f13d0417bed73d19c20a61cd2b
UNIVERSITIES,"$119,510.00","$7,349.00",York University,"Vice-President, External Relations",1996,d765ea09195b9959846830b42dc24c8a5ba19ad93fd5f60f8ca7a81409361b1f
UNIVERSITIES,"$115,887.68",$972.45,York University,"Professor, Schulich School of Business",1996,21b7449c3fc84a5fe921e17abc2dfe520d9398d44b693c4c1f18226e4a41d1ce
UNIVERSITIES,"$102,671.76",$828.55,York University,"Professor, Osgoode Law School",1996,90d00bc243bacb1b22962c581f1bd35b53f13d6e5745164695917b91bd73ccd6
UNIVERSITIES,"$175,000.00","$16,599.00",York University,President,1996,ef4dc97ef643dc5157dbd086505812f1d3bd39ff18f51c93492dbbe2c3b11912
UNIVERSITIES,"$138,126.91","$1,078.43",York University,"Professor, Osgoode Law School",1996,2620f34deb8ac2c3e86c3971d3984b964efb40a51c7cf6edcc5eaae0d02d61a4
UNIVERSITIES,"$101,799.95",$859.35,York University,"Associate Professor, Osgoode Law School",1996,7cb76341c7db9b63dd35abcc3cf14eb709013094cc626986b8b43ab58a98e27c
UNIVERSITIES,"$112,021.63",$940.93,York University,"Professor, Schulich School of Business",1996,5ee5593c152fefbaa83e330775a79c040763887ae7851acf2609e6a8f8b1ce6e
UNIVERSITIES,"$101,087.72",$778.06,York University,"Associate Professor, Computer Sc. & Math",1996,192589b42cabe553ee3f15103ff21414c32f078c57bc4be57d06c136bf8178c4
UNIVERSITIES,"$124,441.68","$3,564.12",York University,"Associate Professor, History",1996,85233487db5b63d8c1e7304f5b1636cd5afb0caf662e9c202706c8f856591a22
UNIVERSITIES,"$104,735.71",$586.44,York University,"Professor, Biology",1996,af20b97800651eb92e28fa217d6bb76e44bf113a5b18f0d907a01070b8968523
UNIVERSITIES,"$111,786.64",$935.32,York University,"Professor, Schulich School of Business",1996,131d75aa892ceaf1882b83cfbaf5c1688978997c8b426b894f5855525df717c8
UNIVERSITIES,"$107,190.92",$881.84,York University,"Professor, Osgoode Law School",1996,56d4ee688701e6a94458f7f8ffc36e0b508ef4ede49e4ea453b65c9e7e0d67f7
UNIVERSITIES,"$128,961.00","$1,086.90",York University,"Professor, Osgoode Law School",1996,1abf4ff7acce18d642e9a6630da1a4c1f9275f769e68c84471750008c8797bc4
UNIVERSITIES,"$112,613.86",$926.91,York University,"Dean, Osgoode Law School",1996,31b39692b9eccb30a4daa4f6bee7649658a88737135a4ed0ab13fb6d4949a9ed
UNIVERSITIES,"$105,922.01",$887.31,York University,"Dean, Faculty of Pure & Applied Science",1996,d195a3116efa0aaa63ebbab11d34acf2170c7e85e28daf458e8ea45af20cffa6
UNIVERSITIES,"$111,230.59",$312.93,York University,"Professor, Chemistry",1996,3b48d784ad0777a816ec3f5289626c610222cc8701956fe6f83a3cfb44984487
UNIVERSITIES,"$104,916.96","$2,949.27",York University,"Chair, Psychology",1996,7027691edc5a1615865699e6d09cae58c4e102b62e7022b44afe36588636c253
UNIVERSITIES,"$136,773.67","$1,149.33",York University,"Professor, Psychology",1996,8971f5ab99280c4c5f3ed196a4fc6c12b833faeb1bcce6c51e042ce4e4e79885
UNIVERSITIES,"$102,643.68",$828.03,York University,"Chair, Physical Education",1996,e92f3f87f5cfdd0e86f4ca2e9941845e954ef08aef44316fc80d6ef10c44935a
UNIVERSITIES,"$126,199.37","$2,865.25",York University,"Professor, Schulich School of Business",1996,6abb7d704d43bb96aa427c48c80af53058e95a48d180dff5566e6e579cacf9c7
UNIVERSITIES,"$112,448.72","$2,917.80",York University,"Professor, Schulich School of Business",1996,603ba70e3b18a0232967fc76c5e9735a90b05dc8805f4345651e97def80af49f
UNIVERSITIES,"$129,708.00",$365.06,York University,"Graduate Director, History",1996,df05a4af90162336c64367e4705875ca448956dcd0df520abaca292397288952
UNIVERSITIES,"$125,541.88","$2,805.53",York University,"Dean, Education",1996,b972dfcce5f5b65d0f61fed5d5cae957ea643a4230893d7c447c2516b8094da8
UNIVERSITIES,"$109,424.59",$919.05,York University,"Director, Centre Res. in Earth & Space",1996,2571ae6e40468ca2f8396b46f992bbddef62a28489c616e08c536b9862b866f7
UNIVERSITIES,"$107,754.96",$909.94,York University,"Associate Professor, Osgoode Law School",1996,90974a0dc7271445ec590ef696d404dcf11112f43a29ad129b1d1be25a766bf0
UNIVERSITIES,"$107,046.00","$2,093.00",York University,"Assistant Vice-President, MIS",1996,af50b71fb6ceba8b1fae2c60c4c3d1010e751f6621b1bd9cab654492b617a0ea
UNIVERSITIES,"$109,277.92",$903.80,York University,"Director, Business and the Environment",1996,bb1da5c0eea560eaba70ca3e0634741f7e1049ebfbabc2daf9a31e43cadfb1d6
UNIVERSITIES,"$140,021.91","$1,150.84",York University,"Vice-President, Academic Affairs",1996,dc2853d60ccb6d12a247df7fa8aa6feff53003b5eae4833bf552632e8056ebe9
UNIVERSITIES,"$114,917.00","$2,347.00",York University,"Assistant Vice-President, FBO",1996,41d4825b132e79982576f9bcd9bfff12b4c4e2a642f42bd64c7c3ddab0fc7cb3
UNIVERSITIES,"$102,744.67",$862.87,York University,"Professor, Schulich School of Business",1996,ba6f24dcc25386db6755bcf1f03714ab4aa86740ad156623727d80727f0ab091
UNIVERSITIES,"$121,289.04","$1,022.26",York University,"Professor, Osgoode Law School",1996,d599442ec7fefd537f78e885a8d8a117e574d2ef9bc85ac17482d3982e0ae051
UNIVERSITIES,"$105,519.00","$1,840.00",York University,"Director Executive Programs, SSB",1996,0a6dec38d9f5fc9c78d24dcce2b975274fa839bd1c195e416e54ee6522ef2da7
UNIVERSITIES,"$129,037.92","$1,050.36",York University,"Professor, Osgoode Law School",1996,ffd51dc5615ee3e991e993f0916c2e5d1da99000f7285cafbc8dd1920c567f64
