Sector,Salary Paid,Taxable Benefits,Employer,Job Title,Calendar Year,ID
Colleges,"$126,843.08 ","$15,237.07 ",Algonquin,President,1997,1257bfd8b229342ef2011a27a05fc7a8aa18910021e428c881b224cd84ead48c
Colleges,"$102,604.32 ","$5,502.22 ",Algonquin,"V.P., Academic",1997,b2e19d60efeae6b4a48aad75f380bb8700c52bb18a80a894cbcbf1786051001f
Colleges,"$106,199.60 ","$5,528.80 ",Algonquin,"V.P., Finance & Administration",1997,6dd970af6ef28a7f0ccb37db9a2f89048c2b01657be040b96ff6f02a3687c57f
Colleges,"$115,811.32 ","$2,995.34 ",Cambrian,President,1997,3af2186a9e1d400f37beac50a887fa2b72f28673e8b4f84c4268710a620c5eb9
Colleges,"$127,313.00 ","$19,034.97 ",Centennial College,President,1997,8cd6ea90e0f7bb47a9b68cc748cc7678cc78d319bac3d0ab38eaefa8803558dc
Colleges,"$111,999.94 ","$1,381.94 ",College Boreal,President,1997,f81bb870d608676be6c1f7670d59fae025cd123b1a2ca626a48e75b4e453e5ae
Colleges,"$123,894.00 ","$14,552.00 ",Conestoga,President,1997,b0ff314c7d1f60b4e71f1b94abfcadfa8eb0284d71460f31b70245b0766012b1
Colleges,"$121,196.70 ","$13,907.64 ",Confederation,President,1997,ad68bf5e27576f77267a363c15e0da72d5cdf0baa88a9a7ad5375908d7f1dd25
Colleges,"$130,593.95 ","$18,005.28 ",Durham,President,1997,5dfee6e87b245734bed435c0f1f490cffb8c11dbf65aa5f89607c66fb080a67d
Colleges,"$114,125.01 ",$792.38 ,Fanshaw,President,1997,3c6e19a19eb56c2a4cc26d757a65b219ddb00d3e7ec9820acb626f74dc350024
Colleges,"$106,942.31 ",$696.44 ,George Brown,V.P. Academic & Student Affairs,1997,8e77ced34c36fef7edd122c647b968d0b7c0ef5a5bd8d0280d02344732461699
Colleges,"$144,999.90 ","$8,979.46 ",George Brown,President,1997,73d5f3e00aa0d691a4555c3802c4cd89455e3c0bdac3dc2419cd6117c15ac3ad
Colleges,"$106,745.34 ",$707.90 ,George Brown,V.P. Corporate Serv. & External Relat.,1997,b69645d4a1ab7c526e79e9038d25c251869a3d51d6604395fb52b45140ef12de
Colleges,"$122,646.88 ","$13,461.69 ",Georgian,President,1997,3ca499339310de3cbd12570a527fc8081ae22f423cdde0233816ea8cf9c26f0e
Colleges,"$103,251.47 ",$456.56 ,Georgian,"V.P., Academic Student Services",1997,10c591fe34208fb9891fb53b55747b3fa8ac2df2198ed275582f8bd610bc97cf
Colleges,"$102,849.93 ",$194.00 ,Humber,VP-Business Development,1997,bcd1f44e6dc6ff3da4f346eb50151bce7a52cb953de84c39da5c1165fb807b62
Colleges,"$135,016.88 ","$8,539.00 ",Humber,President,1997,c1b902cf8a794be42174e6325b61f4e0cded9cd1dab7721be4dd356c6ffa9ce6
Colleges,"$104,802.05 ",$528.00 ,Humber,"Vice President, Academic",1997,3918e6d1421fd2cf8c2352c9417957bd49c5328f069651656373833b5db20ecf
Colleges,"$115,721.00 ",$154.00 ,Humber,"Executive Director, ACCC",1997,59b19663435378d65724af449a5ae4efa02475421f93fd607cc8a4caf174a0cc
Colleges,"$102,855.77 ",$686.00 ,Humber,"Vice President, Administration",1997,29e2b6d9321c8dd5883304b5545a58b388c17417c2b26845597f1947cd1f3001
Colleges,"$122,405.17 ","$2,908.67 ",La Cité Collégiale,Présidente,1997,7001753ab58f592e14e55de477546b50c84a00c735b2b536e577d1ad7e3dfe64
Colleges,"$109,754.00 ","$3,403.00 ",Lambton,President,1997,3f9f6effa0dfa259391599402304019c1f1b87f1e311af4ac7e17705db40b234
Colleges,"$115,448.00 ","$9,687.00 ",Lambton,President,1997,81d9692421ac2a69b47031808a60282e3471f66d5aecd09f71d0e8a6e950c454
Colleges,"$116,111.00 ","$7,606.00 ",Loyalist,President,1997,612195b4ac0184afadd23729c58900fa659aeaceb217f864628b954b0971d8cb
Colleges,"$145,808.00 ","$2,903.00 ",Niagara,President,1997,af4048e4101674d3d8083969d658269354e2a0d1f8726e9dbdc97841aacce391
Colleges,"$103,450.00 ",$466.00 ,Niagara,VP- Administration,1997,37169ec31195dc369344cc344a4f82bdbc9e2f17e880712a6603cf42cf300770
Colleges,"$123,313.00 ","$1,853.00 ",Northern,President (former),1997,952eaa810198e879558d787652ce8ba5aa54092e3cf711be013d0943eb9f1f44
Colleges,"$103,277.00 ",$596.00 ,Northern,President,1997,cfd0ecc91b522ba845e311fede45f43e0e1b8160c603a1589a0ae5af4754420e
Colleges,"$123,887.66 ",$774.48 ,Sault College,President,1997,153a5b4b1e961a6b78b119f6eea0b7881878290fc38460dc89852b9b9eb239e6
Colleges,"$105,355.00 ","$7,279.00 ",Seneca,VP-Finance & Administration,1997,876ede79d0080d763e0849e38bf1e3dd4b9ede0677fc504bff8b6e13ae2dd199
Colleges,"$101,107.00 ","$7,258.00 ",Seneca,VP-Human Resources & Student Services,1997,32ec076d519545e9b563636d01275aa50698d8911d2e79d414c9b61b6701c82c
Colleges,"$143,211.00 ","$3,169.00 ",Seneca,President,1997,96e5a7a746e39ba120146ddd8315dc34769da68ec1697b644cca1421800c0f85
Colleges,"$110,255.00 ","$7,305.00 ",Seneca,VP-Academic,1997,47660ea42be291d7ecd2095cea2c240c59fbf58d67504c3da27e9aacb35dd519
Colleges,"$104,716.25 ","$2,804.41 ",Sheridan,VP-Finance & Corporate Services,1997,ee94cb33828e2debd76653fa449a6dd6df5df45356f36dec63dd79d1c3e65b12
Colleges,"$104,694.25 ","$8,141.32 ",Sheridan,Acting VP-Academic,1997,c80970863d01f1598ddd0cf420e89a637b0d11f6fcd6175d79ca7cbbde57ad31
Colleges,"$116,432.96 ","$2,814.57 ",Sheridan,President,1997,1375f0a9d8c2959552229250b95184c7afc22e1a4ea9a1deb1a60f8d3f96446e
Colleges,"$148,547.44 ","$4,442.32 ",Sir Sandford Fleming,President,1997,e920394e996255b00249f05a4666160da1f7ed799a6c737be5b79e433247c85e
Colleges,"$119,214.00 ","$13,443.00 ",St. Clair,President,1997,1999268171f4434b433ff4a1ce3c7962c8ad2eca5e5438bf6733b14498740362
Colleges,"$121,370.86 ","$8,863.17 ",St. Lawrence,President,1997,c262d0286072606b3b6cbbf8ab15196e19e7b028cf51daaa7f1c43f013e15f83
Crown Agencies,"$110,615.28 ","$5,256.89 ",AGRICORP,Chief Executive Officer,1997,8ab51914e334b8a595dbce539c9daafd565df4bb09e18ecb420859dad293e2ef
Crown Agencies,"$236,084.00 ","$21,830.00 ",Art Gallery of Ontario,Director,1997,156aee516b2dce0320ae41a871a057068e4c458d30bf00dc6214d5b725173f8f
Crown Agencies,"$104,883.00 ",$380.00 ,Art Gallery of Ontario,Human Resources Director,1997,ed181f09df7145be3ced95d35c05fea4c3b6c6019449f0b03e865d1b82cc1243
Crown Agencies,"$104,883.00 ",$380.00 ,Art Gallery of Ontario,Controller,1997,75f9be32198875e33854b8479404fdfeb266de970534431e752f4fefb48a5287
Crown Agencies,"$122,675.00 ",$430.00 ,Art Gallery of Ontario,Director of Development,1997,0ca91d6aa5fd5ed00d529d9104ab90b68bc7c3a699ae6441537c6060dca6d3f5
Crown Agencies,"$130,898.00 ","$17,725.00 ",Art Gallery of Ontario,Chief Curator,1997,f288779d78ef43f9cae3e36b1d00ba0006e6a253c07a831c204cf3445ce3997c
Crown Agencies,"$116,823.57 ",$453.44 ,Cancer Care Ontario,Head Sys. Treatment/Med. Oncologist,1997,bb7568a3b32652a4decbaba54a16d4bf0b8b51be6219d85486cf69e1b87b26a8
Crown Agencies,"$104,315.41 ",$433.61 ,Cancer Care Ontario,Radiation Oncologist,1997,e4f72a0d405e6a5a9aaf1f5f19631fb880cf5a2196246ce28984b9360d3519d7
Crown Agencies,"$104,260.54 ",$433.60 ,Cancer Care Ontario,Head Radiation Oncology,1997,0cc0bb5f5511b761428f4139aea454781a897df762c8ff53e4cecbdcbe2b5612
Crown Agencies,"$159,425.85 ",$364.08 ,Cancer Care Ontario,Medical Dir. OBSP,1997,fca1215f87ab237971447a5d756177335ffbed7eb5acce006409cb272cf8b733
Crown Agencies,"$119,484.70 ",$461.08 ,Cancer Care Ontario,Medical Oncologist/Med Cord.OBSP,1997,495ab9d793bb94fee5b03afd1f777dbc5442e57c77b9a66239805cd9d322cad5
Crown Agencies,"$104,260.52 ",$433.60 ,Cancer Care Ontario,Radiation Oncologist,1997,1aeb027cb368a4180ad9ce78b36eb0a9afbe0f265504a2795dc82fc8f8d1b2b8
Crown Agencies,"$120,788.20 ",$466.25 ,Cancer Care Ontario,Head Medical Oncology,1997,72d0239b04c95468c3367af0324616621a0394b5266d89902cc62350361d8d73
Crown Agencies,"$104,315.41 ",$0.00 ,Cancer Care Ontario,Radiation Oncology,1997,79a4f7cddaca6b360d1025b5cc8010b1ec94b8f2e73ca26bda6adceb399690d4
Crown Agencies,"$109,858.59 ",$288.85 ,Cancer Care Ontario,Director Physics,1997,641f04e962e0db60e7f4d36bd5498fb62caa2704b2730371f328d5ba59c17291
Crown Agencies,"$104,271.26 ",$433.98 ,Cancer Care Ontario,Medical Oncologist,1997,3c4d55ce26237819b90901b017f009af481ffcdc19ecb13f2ee4e0353f681846
Crown Agencies,"$183,815.39 ",$876.36 ,Cancer Care Ontario,CEO/ Radiation Oncology,1997,e028aedbdc122155b28ae789fd4f79f63c2058f1a896279ab98e0a706c5e2215
Crown Agencies,"$138,255.10 ",$460.79 ,Cancer Care Ontario,Head Medical Oncology/Med Oncologist,1997,2e7a3476056fcd173ca97725c60cd59606b1081796dddd24a8f9d37f04eebe7f
Crown Agencies,"$100,402.57 ",$324.08 ,Cancer Care Ontario,Medical Oncologist,1997,b5501167826493c8a007ffa0ba96db4f14269651c0a6884b393b5fda3aae341a
Crown Agencies,"$104,264.74 ",$432.28 ,Cancer Care Ontario,Radiation Oncologist,1997,0a2880a1840656d73f7adbec85d0ed67df30fd9d47ff67124ca8b735c623f1a5
Crown Agencies,"$104,305.92 ",$433.62 ,Cancer Care Ontario,Medical Oncologist,1997,1f36cb0475be04714f362e85ec2a9391b345fcdf39be6d65643126fdc8310a78
Crown Agencies,"$145,971.49 ",$418.28 ,Cancer Care Ontario,Clinician Scientist,1997,2be5e768a6c30b5952b4b65e090bd09fa286e99379c3112e5f12c458def777f8
Crown Agencies,"$125,555.14 ",$736.74 ,Cancer Care Ontario,Medical Oncologist,1997,10b1f559ff53e0e86a84da93de6e2699a0a5e79d999bb227346c5ee037ef8a79
Crown Agencies,"$102,175.43 ",$310.32 ,Cancer Care Ontario,Dir. Preventive Oncology,1997,13c1db6b953eac78f107cbf2ff9c4be8a798e25f1cf5fa8b23159bf9c4ff80dd
Crown Agencies,"$104,078.20 ",$407.87 ,Cancer Care Ontario,Radiation Oncologist,1997,98e935c7fe1017f7ce7742cdcbdb0f649e9330e66564f9509d80e9823b868345
Crown Agencies,"$104,271.26 ",$433.98 ,Cancer Care Ontario,Medical Oncologist,1997,fadd965817fbccc8f466e5bf6207292a1c2108788d5ce4412c3157759206a31d
Crown Agencies,"$158,042.49 ",$458.26 ,Cancer Care Ontario,Dir Cervical Screening Program,1997,13f2093a6ccec895565dbb0574a1b321073ba2435a0b41ea44e586906988a5c0
Crown Agencies,"$112,919.41 ",$453.37 ,Cancer Care Ontario,Head Div. Gynecologic Onocology,1997,bfaa950ce035e1e12aca7e854a4f75f20fb56788ed9de462a53aa3cb84ec56d9
Crown Agencies,"$104,260.53 ",$433.60 ,Cancer Care Ontario,Medical Oncologist,1997,8cf2759e5b895f37e3155d96832425136641d5414ab45a26f0186428564d10b7
Crown Agencies,"$103,217.86 ",$416.20 ,Cancer Care Ontario,Radiation Oncologist,1997,317f19a9a8bbbb4cf70b87623436a3c8279060b08769741e96532fdac46f4e0f
Crown Agencies,"$104,315.41 ",$433.61 ,Cancer Care Ontario,Radiation Oncologist,1997,837f09ab22b4e0d3259790131ce897c31e69e9b9801dad3f8d2156418768021e
Crown Agencies,"$104,305.92 ",$432.62 ,Cancer Care Ontario,Radiation Oncologist,1997,849c3a9855f0f3682f34b43b8e66ed115ec2a7151c2437ceeaf8770fdb673bf0
Crown Agencies,"$104,315.41 ",$432.85 ,Cancer Care Ontario,Radiation Oncologist,1997,43b11a7625f2540a678e9f42a586bb4357032a0182530d86013051cd41053cd3
Crown Agencies,"$191,540.83 ",$475.75 ,Cancer Care Ontario,CEO/ Radiation Oncology,1997,607dea83319d3df5ed31c6fd8b4e2121e7ab76e8f3b06b4819bc7ac1167a1617
Crown Agencies,"$106,833.69 ",$417.52 ,Cancer Care Ontario,Deputy Head Radiation Oncology,1997,e5a51eb4230a961044b4cf4d5ae24f05e5afd82783ec61eeefec314eed1e827c
Crown Agencies,"$104,315.41 ",$433.61 ,Cancer Care Ontario,Radiation Oncologist,1997,8df08308ffc34e37b7cec5107eb2cf2259f800f659adb7d14b946e89b3e6b976
Crown Agencies,"$120,473.04 ",$175.58 ,Cancer Care Ontario,Chief Physicis.Educ./Program Leader,1997,05e0a71c67a32b58ada9f2d2868e7148a88e64655c3b7b527a58346d3ca80da7
Crown Agencies,"$104,260.53 ",$433.60 ,Cancer Care Ontario,Radiation Oncologist,1997,80b828bb40fbfb1ce5a7d1fce9bb81b7f8123998699b5ddf4546642edb2aa781
Crown Agencies,"$132,810.08 ",$499.28 ,Cancer Care Ontario,CEO/Medical Oncologist,1997,bd293fdf64b76b3b09ab4a61f62ff1a1ff1c04280195bc8fba68eeff5e6b7227
Crown Agencies,"$104,271.26 ",$433.98 ,Cancer Care Ontario,Medical Oncologist,1997,218e80a6204bfb7737c537f6c702d7510d854898b3e64b092bc204c590f148a4
Crown Agencies,"$104,305.92 ",$433.62 ,Cancer Care Ontario,Radiation Oncologist,1997,470b127cad72cfcff747ad1c4d07825379dbf2dc01e8a7a257942ffa76e19c8c
Crown Agencies,"$166,493.37 ",$845.34 ,Cancer Care Ontario,Program Leader Systemic Treatment,1997,bb8472d593c87cf3c4fbc25b1be1928fb3825b2928e33fb8e905bf8a45168c58
Crown Agencies,"$104,305.92 ",$433.62 ,Cancer Care Ontario,Radiation Oncologist,1997,1d29f8e4c9e57cb415b68e4130633cd035ca4d9bc56e4c7303447487b2d0d341
Crown Agencies,"$104,264.74 ",$418.28 ,Cancer Care Ontario,Medical Oncologist,1997,792a22fe156fc6550090b68a0c8c4373fa24f4a733d5811634e363a8f62f210f
Crown Agencies,"$118,535.29 ",$465.76 ,Cancer Care Ontario,Head Radiation Oncology,1997,d66bd6824b98e51abec4e3ba23eba950e22049dc2295b516abbc64826949e72d
Crown Agencies,"$207,871.08 ",$844.92 ,Cancer Care Ontario,Director of Research,1997,a68c5e8475638f13e4faa7b6be4cad4f0969b5829a2b0aed5c3cb7851ed6736a
Crown Agencies,"$104,250.53 ",$433.60 ,Cancer Care Ontario,Medical Oncologist,1997,12f6759a799e939db4cd5d6a3f2b7f8fe27ec820b8c841be3d224769f17ca388
Crown Agencies,"$104,260.53 ",$433.60 ,Cancer Care Ontario,Medical Oncologist,1997,d6f040acd08ccdcd46c023440a6eb6b5268760955938de1de442ce2162aa7bea
Crown Agencies,"$104,264.74 ",$432.28 ,Cancer Care Ontario,Medical Oncologist,1997,22b84f3ca08e7db5e70d91344d3d8eca2e7b94a6164f86179ac04ea16b140431
Crown Agencies,"$104,260.53 ",$433.60 ,Cancer Care Ontario,Radiation Oncologist,1997,d068e1b54a78812c029b328e499f7f6c2e9b1cb7a2e0fa3a745c4cc5ccc4a2e0
Crown Agencies,"$102,898.46 ",$0.00 ,Cancer Care Ontario,Physician/Career Scientist,1997,7bc3a518678424becf052a7e580f673fffa71daf1c2b5f822c19dc099cbddd7c
Crown Agencies,"$179,719.31 ",$432.32 ,Cancer Care Ontario,Head Radiation Oncologist,1997,f814905731fe9673a3048073e78b7c2769e78f7f78e93705e9996486b71900bd
Crown Agencies,"$118,519.97 ",$271.96 ,Cancer Care Ontario,Clinical Assist/Medical Oncology,1997,daba26778b04cffb9f8bfb8a27b1c7874304ef9d657f0ab61d5d395faa0c504f
Crown Agencies,"$100,262.16 ",$307.20 ,Cancer Care Ontario,Dentist,1997,b4bbe7abb7d1aec767fe090fd19f5b7d1042509ecc5dcaa2c55b1a87f46ab3e4
Crown Agencies,"$108,231.53 ",$442.70 ,Cancer Care Ontario,Act/Head Med. Oncology/Med Oncologist,1997,5b94dfcd799bb792740a9f26054d316fc75fbf83cf95451e424acb54820729cc
Crown Agencies,"$104,264.74 ",$432.28 ,Cancer Care Ontario,Radiation Oncologist,1997,f1f9c6ee9d42898bf102a7bf36b88ea641d413c9132dec3eca8c7e30105fcf9d
Crown Agencies,"$125,996.58 ",$433.98 ,Cancer Care Ontario,Medical Oncologist,1997,46404bf27d72ca18fc372e2833f405ff27267f0de3210a64f4421886c10ae554
Crown Agencies,"$105,218.41 ",$433.98 ,Cancer Care Ontario,Radiation Oncologist,1997,03a851e6db8ed76dfb6e7892371fc083fa9798305fbc6a70b5ac91900481afd7
Crown Agencies,"$295,218.95 ",$530.88 ,Cancer Care Ontario,President & CEO,1997,8aab20af5aa1b0dde12c5dfb439af100182e863b425ce4cd6ea698493f2911fe
Crown Agencies,"$102,216.85 ",$310.38 ,Cancer Care Ontario,Dir Ontario Cancer-Registry,1997,9b95119cd35a174d4a1d975a8ff83657b3d66ae5bc8c87c99a40e0d28cf9de29
Crown Agencies,"$104,315.41 ",$433.61 ,Cancer Care Ontario,Medical Oncologist,1997,a2a0d9d53a2994c79d6a274d5df9144268a7d57ea7f89961e83f1572f2a5fcc8
Crown Agencies,"$132,551.91 ",$409.44 ,Cancer Care Ontario,"Deputy Dir., Treatment Services",1997,c7695605011690d5d4079129fc846d51d54827f7066944e826d5d1be05ba1fa6
Crown Agencies,"$104,271.26 ",$433.98 ,Cancer Care Ontario,Medical Oncologist,1997,5dda72c6c81314b5609c7adfbb47488db31832c7e2638bced76b4ba827f6336b
Crown Agencies,"$104,271.26 ",$433.98 ,Cancer Care Ontario,Radiation Oncologist,1997,fc2d500405f35dc73d1399b33ab0d34b92021041c77e5f31153c8badfe8a3281
Crown Agencies,"$156,943.73 ",$823.98 ,Cancer Care Ontario,Radiation Oncologist,1997,79921274e20083b5fcdaa97b08fc059d51be0f243f7ab2d4aea9b187742e4903
Crown Agencies,"$104,315.41 ",$433.61 ,Cancer Care Ontario,Medical Oncologist,1997,176e5324291eae3b04167a3905f9782985259b8cbc0e9b3353d472c53a867e1a
Crown Agencies,"$160,040.27 ",$423.84 ,Cancer Care Ontario,VP/CFO/Dir/Div/Management Services,1997,d29b4636e789b0cc1c699be84b55eb60264b8f38a10f33c7a48c71bf3e9d7933
Crown Agencies,"$109,071.03 ",$271.96 ,Cancer Care Ontario,Clincal Assistant,1997,3cf807c11c522f26b20b971f4c7ce27305171344a7e57d4f2a8954e140fc50bf
Crown Agencies,"$104,305.92 ",$432.62 ,Cancer Care Ontario,Medical Oncologist,1997,0969a23628e9209de3f9cdcecfa8bacfcac3bd344532137c5a70c898255b1602
Crown Agencies,"$172,759.19 ",$432.32 ,Cancer Care Ontario,Radiation Oncologist,1997,64f8df114b8f46aec97fd41a5de34b61921aa3d15c96fa9cc7ca75c26f6a57d5
Crown Agencies,"$127,763.67 ",$284.25 ,Cancer Care Ontario,Dir. Provincial Program and Eliology,1997,97d0ca85508d3ce7a8b71636cdd215e412ea4f37d0893af710cd367f622ece5c
Crown Agencies,"$166,493.37 ",$845.34 ,Cancer Care Ontario,"Program Leader, Radiation Tratment",1997,492d32862ac68fa9da678a93ae9072a22a8640ed47d81d988d7f115c6718b9a6
Crown Agencies,"$127,478.52 ",$0.00 ,Cancer Care Ontario,Dir/ Resreach & Education,1997,b453560447ae1940ed058ff7c346be6af71a69cffe31fcd1f036180dc34b75b5
Crown Agencies,"$123,920.25 ",$477.36 ,Cancer Care Ontario,CEO / Radiation Oncologist,1997,1e575578d6103b3fdd3dcc9f4faa0699af7594f1ebbff0acb9007b8f454d124c
Crown Agencies,"$150,677.87 ",$496.95 ,Cancer Care Ontario,Vice-President CCO/CEO,1997,da7defa583348852a342be3d68ae50275af22122db4c0b9f5d826b9eadd60653
Crown Agencies,"$136,803.42 ",$0.00 ,Cancer Care Ontario,CEO / Oncologist,1997,913bb0173c1c653987459f24398bbb52dd8c24dd95ebd16cf6d56be81e0d6e7c
Crown Agencies,"$113,464.53 ",$439.44 ,Cancer Care Ontario,Head Medical Oncologist,1997,bc976b88e90d8153366d25110b1b8fcb0fc1b9756346176fa5f143cf5450162d
Crown Agencies,"$104,260.53 ",$433.60 ,Cancer Care Ontario,Medical Oncologist,1997,b436b14179fe0786141d8c48423838b203e5e718c58ec42a7bb27abea386567f
Crown Agencies,"$103,574.05 ",$431.76 ,Cancer Care Ontario,Medical Oncologist,1997,4aed810851c1b02e7954aa73ab1c579c1bc2420bf59534113ac662788b79055d
Crown Agencies,"$138,093.70 ",$824.08 ,Cancer Care Ontario,Medical Oncologist,1997,0d14369273b698046462d7ce0653afdb8d92c0edad71ecef5e4a4f5d3e6285dd
Crown Agencies,"$104,271.26 ",$433.98 ,Cancer Care Ontario,Radiation Oncologist,1997,ca81ed0895dec9d16817f64af9becfc4f8d64f115aa4ced958a45bb161bdbeca
Crown Agencies,"$104,315.41 ",$433.61 ,Cancer Care Ontario,Radiation Oncologist,1997,3322c670138019fdb16650c69127b684b3ba47ba63e8c886c91966bc4da200e3
Crown Agencies,"$113,464.53 ",$438.40 ,Cancer Care Ontario,Head Radiation Oncologist,1997,6d90a3ed1e3fc5c54fd2da59b3c3698177975b0fcc023342c0d36a025ef1f89a
Crown Agencies,"$112,794.46 ",$319.86 ,Cancer Care Ontario,Dir. Human Resources,1997,0b2e0d04b5755bfe92e9eb56e4f2a151b77926592f6e026f34a3ea5f58ae2096
Crown Agencies,"$157,759.19 ",$432.32 ,Cancer Care Ontario,Dir/Research Medical Oncologist,1997,bba16d84095f563701307908ce9f4e8838030c598d47f6e831b1beff97f2a552
Crown Agencies,"$118,535.29 ",$465.76 ,Cancer Care Ontario,Head Medical Oncologist,1997,848c5f44a81c2bc860bd329df8a2559ce914e335fe2d0cb0f5759d234a073456
Crown Agencies,"$118,454.85 ",$286.33 ,Cancer Care Ontario,Senior Epidemiologist,1997,819c9b2134bf4f6bb9ea06b1f4ad1ba3a7733acb85d2f5d9ab0de1f7ed2a4552
Crown Agencies,"$104,271.26 ",$433.60 ,Cancer Care Ontario,Gynecologic Oncologist,1997,9e2a92184ab4cc8d3937052f2d1a1db2590496a9f36a63af82bf6900563293b9
Crown Agencies,"$104,271.26 ",$433.98 ,Cancer Care Ontario,Medical Oncologist,1997,2bf0de43ca5b7ca48a160294cba178a2de6affb218c878d07ebdd7004ffcd540
Crown Agencies,"$104,271.26 ",$433.98 ,Cancer Care Ontario,Medical Oncologist,1997,44e4dbdb0d21b0318440d333a0b1f9244339dd931a43e0d7dbbf9e632c978723
Crown Agencies,"$104,271.26 ",$431.08 ,Cancer Care Ontario,Gynecologic Oncologist,1997,f66e615984e0c7b2ecfc511fb5db8f8e67a797543dccff709d42b0898ff17d11
Crown Agencies,"$104,078.20 ",$0.00 ,Cancer Care Ontario,Radiation Oncologist,1997,cc5580e69aefdd15588044a4f95d1eb2d674d0af909da06e5fdcc808f6577435
Crown Agencies,"$104,271.26 ",$433.98 ,Cancer Care Ontario,Medical Oncologist,1997,9dd96928add7ef857ee9b996135f9bd43666517789bbed617163942322e2ee8c
Crown Agencies,"$104,271.26 ",$431.08 ,Cancer Care Ontario,Radiation Oncologist,1997,4d4e58a471f2eb4f0901d8a82ac41c10ef702b153c3640d26c3bd4face0e9d44
Crown Agencies,"$104,315.41 ",$433.61 ,Cancer Care Ontario,Gynecologic Oncologist,1997,01b14fed3c8f3616022e5ec5c61ab47fd7be56c647d8283e519ee587aa9665ad
Crown Agencies,"$126,541.69 ",$469.12 ,Cancer Care Ontario,CEO/Medical Oncologist,1997,87ac3b2f53cc1df23b6bd83e06b4d30749aa99b26acd903d47dc3cb7e93a6a77
Crown Agencies,"$104,264.74 ",$432.28 ,Cancer Care Ontario,Radiation Oncologist,1997,eb6934af22f1efffee8ce3ba528b55a61641e22ca634ec34579ae2ec7ad6d992
Crown Agencies,"$104,271.26 ",$431.08 ,Cancer Care Ontario,Radiation Oncologist,1997,5ac2c58cdcbc291901ce0e2ab77cfd6374096a00e1b7a512d2396f4c288ffa96
Crown Agencies,"$104,305.92 ",$433.62 ,Cancer Care Ontario,Radiation Oncologist,1997,bf5051dd0893a91caebef5268caa2ce21200e9740adfff2e41d50ae4be0a9323
Crown Agencies,"$156,943.73 ",$434.08 ,Cancer Care Ontario,Radiation Oncologist,1997,cc482391be6913e3d8584554b86134e050fa8172eb7272cf9bc604da59f844d1
Crown Agencies,"$118,019.31 ",$464.76 ,Cancer Care Ontario,Head Medical Oncologist/Hematology,1997,fe2335e8ca34095009b7345338617db4856564fb4b46849e401b808cc661f1e8
Crown Agencies,"$103,101.02 ",$416.20 ,Cancer Care Ontario,Radiation Oncologist,1997,6795169e8296c3d3c224612f9941d51399819c5f37b63030aab51c469082127e
Crown Agencies,"$101,326.08 ",$678.46 ,Cancer Care Ontario,Radiation Oncologist,1997,a895c6fc23e1104ebc7a7b95ed9b5c2d17bd511886cf37378d78f17aebce85a7
Crown Agencies,"$104,271.26 ",$433.98 ,Cancer Care Ontario,Medical Oncologist,1997,64b7389c4baac9ff286fa42bca4fef535dbe6c990ab97d010280bc5f9fe9debf
Crown Agencies,"$104,271.26 ",$431.08 ,Cancer Care Ontario,Radiation Oncologist,1997,b56ca5413caa6022fc65d9a396a4ef2e14d4db7ccd998d78e286f0c8642f362d
Crown Agencies,"$104,271.26 ",$433.98 ,Cancer Care Ontario,Radiation Oncologist,1997,3e61e0079acc9992908cd8b7ae1866bdf202db1e60bb4a2ee11aacbffa2b1f43
Crown Agencies,"$104,315.41 ",$433.61 ,Cancer Care Ontario,Medical Oncologist,1997,caf69130dd2ff24b442e2e9e172222f4efe506ac29c2159f206aa4636c2bed82
Crown Agencies,"$106,984.71 ",$432.08 ,Cancer Care Ontario,Medical Oncologist,1997,f1e36e0754382b05d7fcca8cb1c7abfe458776e35b249deb82283fef734fe002
Crown Agencies,"$125,304.37 ",$340.64 ,Cancer Care Ontario,Director of Research,1997,f644c1da6c3da57085032f767046ace7abc8648247f54bc90e17504e41a869fc
Crown Agencies,"$107,498.78 ",$355.68 ,Cancer Care Ontario,Clinical Scientist,1997,8d884e34f6392626d6c6018955a60a6ee1e8af00fd6ede89e4a9bf983c49c61b
Crown Agencies,"$114,458.02 ",$433.62 ,Cancer Care Ontario,Medical Oncologist,1997,2715c91fc9aabdbdcf57d63804dc2a4f3f0f5b76ecb8bc559fc846a54ede954a
Crown Agencies,"$110,818.06 ",$440.84 ,Cancer Care Ontario,Head Radiation Oncology,1997,78afc6c9a098fb84c865e8259bd5626d28d02f3efa6695c2090d29e3a06c74ff
Crown Agencies,"$104,260.53 ",$433.60 ,Cancer Care Ontario,Head Medical Oncologist,1997,3d218a56cec2603ecf318ad205c60bd417f08820a9db2b04259973d26656479b
Crown Agencies,"$104,315.41 ",$433.61 ,Cancer Care Ontario,Med.Dir.Oncology Patient Serv/Med Oncologist,1997,18b40f563c8feeac575ec619a6fd0277d48ca0de785577186730a203b0c6c27f
Crown Agencies,"$103,498.72 ",$416.20 ,Cancer Care Ontario,Medical Oncologist,1997,cef1174ba9b3abde5de74a50202c8eae00b8b2a0296c7e832d0d26d77487124e
Crown Agencies,"$130,601.23 ",$493.56 ,Cancer Care Ontario,Head Radiation Oncologist,1997,f0bfa6e2bd822cd2d514c789d9ad0343a6413e5c2599edb018c844a2ffb1b786
Crown Agencies,"$103,217.87 ",$0.00 ,Cancer Care Ontario,Medical Oncologist,1997,135e174799760cdda37fc7857a6fb5d431a12a90343a4abc49f59855a008bda5
Crown Agencies,"$104,305.92 ",$433.62 ,Cancer Care Ontario,Medical Oncologist,1997,ad83b1d9674a40b87abec9dcf2d36ea404969a44f5020062d15801d4d8b64040
Crown Agencies,"$111,359.40 ",$433.62 ,Cancer Care Ontario,Radiation Oncologist,1997,e1ea8c27fa3e64837cf782bc7df97fb409f7ad556a7087bd4c115715ea0301a0
Crown Agencies,"$166,436.07 ",$432.32 ,Cancer Care Ontario,Head Medical Oncologist,1997,0e04c3a38c4e1ddde6371c1324badc9078fa4a682cbafaa7510b15e51fe1e1b4
Crown Agencies,"$104,260.51 ",$433.60 ,Cancer Care Ontario,Medical Oncologist,1997,3112df3fbb5c4989c1d75fd008b9464b6b69f5c285a10b72a2fd1b266a08dbad
Crown Agencies,"$104,258.02 ",$433.62 ,Cancer Care Ontario,Medical Oncologist,1997,246b88f938a0746a5c3c21ed0622feb57744e65946dd4b3e36f32f63e5267f43
Crown Agencies,"$104,271.26 ",$432.72 ,Cancer Care Ontario,Radiation Oncologist,1997,9aa062c8c0509aee91d6143f4a1f59ec6c48599823579e3bbaadcb7deb6a7260
Crown Agencies,"$119,844.20 ",$466.26 ,Cancer Care Ontario,Head Radiation Oncologist,1997,86c639cc2a196d53298e75027075b74715f05468a8b1693d2cbd8323a1a5debf
Crown Agencies,"$104,257.81 ",$433.62 ,Cancer Care Ontario,Medical Oncologist,1997,a7e10303bc73c46bae50d18f9fed068ad1a30aaa48f0822e1e10b63178e47068
Crown Agencies,"$111,893.94 ",$429.95 ,Cancer Care Ontario,Radiation Oncologist,1997,3debd95ed824329a9376bb291bbd6244ed77d9ba1be7a8fcde286ac5a1107479
Crown Agencies,"$104,260.54 ",$433.60 ,Cancer Care Ontario,Medical Oncologist,1997,d542f84cdab78469b854cb6e13a336b4c2cb413c7d5a59a96008a3799a05bc92
Crown Agencies,"$106,984.71 ",$432.08 ,Cancer Care Ontario,Medical Oncologist,1997,a382cf50951d9bf50bff1972f16262418dd95f2bb609ccadb413fb7f4cbd9d72
Crown Agencies,"$104,260.52 ",$433.60 ,Cancer Care Ontario,Medical Oncologist,1997,2cfae7b2d12c8a938e4c098312096fe4be51d3338a50e68e6f2f30d54ccfca0b
Crown Agencies,"$175,000.00 ",$0.00 ,Cdn. Inst. For Advanced Research,President,1997,8426bd4719afbdefa800e9bb19c8ffe35940dbaa8c31a1381b09a27be9a5ebb2
Crown Agencies,"$116,600.00 ",$324.00 ,Cdn. Inst. For Advanced Research,"Vice President, Development",1997,f8429794a5e1d13a3c6a2dab05a2779b8ffa25c44df3667de968b65b36b85719
Crown Agencies,"$103,392.37 ",$290.55 ,Education Relations Commission,Chief Executive Officer,1997,2bfd1a85b42eedac3f37348ae64c0bef601184d9eaf9d35744a0fc96b0cbc76f
Crown Agencies,"$118,379.76 ","$12,064.72 ",Fields Inst.-Research In Math.Sci.,Director,1997,281f243bcaa934e46e1dc0b7a36d4647c3f328f1009a84ba6d5b8bb45f641ecf
Crown Agencies,"$120,959.05 ","$1,377.58 ",GO Transit,Managing Dir.,1997,1c6b05db4fd741f9f5453248b97f3e7a6814e23425f95084a4871677a6d65d7c
Crown Agencies,"$117,072.04 ",$219.36 ,GO Transit,Manager Audit,1997,45ebfa416324cf13c491f2a115604b91684660e4600c758b305e891884c3fd84
Crown Agencies,"$162,285.67 ","$6,178.80 ",Health Serv. Restructuring Comm.,CEO,1997,2f4a703c4abdbce0e23fb71a59f5ec983e5413dbf71bdbae3e1cd04398b57caf
Crown Agencies,"$151,366.55 ",$621.12 ,Institute for Space/Terrestrial Sci.,Executive Director & CEO,1997,cfa3a595ad0ef1ac1e72021920f384b9a7ef28534b5cc7bc728644ca908f68b5
Crown Agencies,"$104,054.69 ",$443.66 ,LCBO,Chair & CEO,1997,06dd623d64de55182baafb4f84617a1cf179d0dcef0e9686324d9d7917098e71
Crown Agencies,"$119,976.10 ",$510.60 ,LCBO,"VP, Finance & Administration",1997,e5b444c54f94b2057eb2d5325770c9c935a0d1124ae1a73d2ea00d34ec51ab90
Crown Agencies,"$112,674.52 ",$444.84 ,LCBO,Exec. Assistant,1997,beba34ac7bdc3624ffea9e4d0e45945d50c4bca5f40edb0bce0d539a4312b87e
Crown Agencies,"$152,292.21 ",$661.92 ,LCBO,Executive Vice President,1997,6987e262fc5a26f4c7b8fa1b7f90775d2ae4a3e4682e967abd6b0ddece970090
Crown Agencies,"$109,262.85 ",$464.12 ,LCBO,"VP, Human Resources",1997,cb2c4c89570e7c8e00e21679753b123e1030d5bdfebedca8e6f59a5181c4f6c6
Crown Agencies,"$110,285.89 ",$468.48 ,LCBO,VP. Information Technology,1997,1cd07700bebc049f60c185c63d1abaffa94759f3e019dcebf8e1336f0fad420c
Crown Agencies,"$100,472.40 ",$876.84 ,LCBO,Controller,1997,b8fac13e8c47358cfef84859f7bd4ec5fab5c680b5bb5244a4a61d1271e92acd
Crown Agencies,"$112,383.50 ",$467.76 ,LCBO,"VP, Distribution",1997,3c4a59f8ae3a9b0e3671aba21b634b3a4248b122d53e9f39285058358a49979b
Crown Agencies,"$119,976.10 ",$510.60 ,LCBO,"VP, Retail",1997,ce6278cb9aaa459d0a81434d93ad66d8654b1cedf730013c82f897cc75f5634c
Crown Agencies,"$119,976.10 ",$510.60 ,LCBO,"VP, Merchandising",1997,f82e80cd68558bf238b75819e5bac72b443ed1cdf6bd572212a80188f9f13e43
Crown Agencies,"$142,500.00 ",$280.00 ,Materials & Manuf. Ontario,President,1997,80c526ce2b568c0c715a0c55dcb7b2c6d68a53c5be72bfbe4bc082ae3eee2e94
Crown Agencies,"$111,090.00 ","$1,307.00 ",McMichael Cdn. Art Collection,C.E.O. & Exec. Director,1997,d819fdc4d3fa7743b4934c1bca5aa3509c1695a11089f8875321fbe9663ea13d
Crown Agencies,"$138,777.34 ","$7,667.01 ",Metro Toronto Convention Ctr.,Exec. VP & Chief Oper. Officer,1997,7e00c4acc6182d160475a25d6995fa20c41d23f5415f8df3d8dcb7dd5e738e35
Crown Agencies,"$107,485.08 ",$719.16 ,Metro Toronto Convention Ctr.,Executive Chef,1997,6389e3971636f4c5997beeae2bf48b5ff3d60f2a930349e75c95bd7cf383ea13
Crown Agencies,"$163,910.37 ",$705.31 ,Metro Toronto Convention Ctr.,Director of Catering,1997,04bcdac1c67a64b7c97f0f7614900f85304b66b70b48ff26f40231f04dec6d8c
Crown Agencies,"$189,199.50 ",$719.16 ,Metro Toronto Convention Ctr.,President & C.E.O.,1997,1c00602080844d3d4e3a7e95c76a754476c83396f652d165edad3f2ea83e5b22
Crown Agencies,"$120,329.40 ","$2,566.92 ",Niagara Parks Commission,General Manger,1997,ad7acb4308f307d89c846282a6a49d7ed9865ab661fe45b0a4a8ef530a2b81fa
Crown Agencies,"$109,261.68 ",$256.24 ,Ont. Council Of Regents,Chair,1997,f47ebe451b459363493de0d3265d7232bfc53f59df5634df47ba9c88a2cabe91
Crown Agencies,"$110,825.08 ","$1,631.00 ",Ont. Dairy Herd Improv. Corp,General Manager,1997,c4621baf8adc528fca2d4280e7ab97a9cea308438dcb2d3055f4b31d830b3c1c
Crown Agencies,"$122,431.81 ","$8,085.23 ",Ont. Lottery Corp.,V.P Finance & Admin,1997,a33fddfa2f9394abba28d3e2c30c5e3a748cc59b9dd41fbe286a6b4411e2723d
Crown Agencies,"$123,514.26 ","$7,768.73 ",Ont. Lottery Corp.,V.P Mktg. Res.& Dev.,1997,52bb1edf1b95f0a723767fa9e20508ae98c0bee7be93f6db50adbc6000b006da
Crown Agencies,"$114,571.07 ","$7,625.71 ",Ont. Lottery Corp.,V.P Corporate Services,1997,3af26f734b2602285ab5c8dfee3607bf5689b974a67b09258a56cafbc42e378c
Crown Agencies,"$100,861.39 ",$738.52 ,Ont. Lottery Corp.,Super Star Bingo Team Leader,1997,ee0164f6db7aca63e32031dcca068458dc409b0993a4aa983dff530a9e59513e
Crown Agencies,"$103,660.21 ","$7,514.84 ",Ont. Lottery Corp.,V.P Human Resources,1997,0ce1a8cfac04b4e3cf928b6afd9634a0c5d779bd1239dee69fa949264f49c485
Crown Agencies,"$133,968.77 ","$33,872.02 ",Ont. Lottery Corp.,President,1997,c8080aa59bf4f620c4ca2f675958b717e3c1c95c4e4186ac282a5c2d648742bb
Crown Agencies,"$118,816.18 ","$6,489.45 ",Ont. Lottery Corp.,V.P Info. Systems & Transition,1997,0fe71839735c28a6278b4dd06914b6a65e58ea938f5945ed27646044478a7f40
Crown Agencies,"$104,146.85 ","$7,903.08 ",Ont. Lottery Corp.,V.P Corp Communications,1997,5448e41947bb2b8010b0b624053695c61520a64651f11d216c6b48b82d9ed060
Crown Agencies,"$113,338.45 ","$6,576.26 ",Ont. Lottery Corp.,V.P Sales & Business Units,1997,9aa8fc56559d9eb7953cce80aaa375c2e1753d692b6a32b88a866a65f2340574
Crown Agencies,"$115,000.00 ","$28,175.00 ",Ont. Municipal Board,Chair,1997,ccfb861a5397cf8a724ec1ea2753c848bc76d185f5eede656a82ac55465f0835
Crown Agencies,"$120,968.34 ",$333.80 ,Ont. Municipal Emp. Retire. Brd.,"Sr. Portfolio Mgr., Core Fund",1997,a6afe2313e09ca4696e56d90d212ce133a36205e4d6766d008352c6146992b1b
Crown Agencies,"$156,986.26 ","$4,871.54 ",Ont. Municipal Emp. Retire. Brd.,"Sr. VP, Pensions",1997,1108748373fe4583803594cdc65bd99106108ceca6afc2ebd98f5aae82eea933
Crown Agencies,"$158,640.84 ",$480.43 ,Ont. Municipal Emp. Retire. Brd.,"VP, Bonds & Cash Mgm't.",1997,78840546855c1fca856b52add3ebfa6a1295a168918624855a25b0e6a8c7d8e5
Crown Agencies,"$110,114.15 ",$380.64 ,Ont. Municipal Emp. Retire. Brd.,"VP, Corporate Planning & Budget",1997,a2d5fd827a52355ca385976cf39bb1588f05a4bd6781246822582e921f3ae244
Crown Agencies,"$107,703.72 ",$336.60 ,Ont. Municipal Emp. Retire. Brd.,"Sr. Portfolio Mgr., Private Placements",1997,48eede11f37fe5ec36299e3506d3e96e260c43bd385b6b51ca3fb186324a4a17
Crown Agencies,"$130,047.00 ","$9,399.78 ",Ont. Municipal Emp. Retire. Brd.,"VP, Properties (ORC)",1997,5ec25251e73a22be4efb9c51ed41bc8efe1c1e2152e558be8a6b76cada1a69ec
Crown Agencies,"$101,402.97 ",$365.56 ,Ont. Municipal Emp. Retire. Brd.,"VP, Economic Policy & Strategic Research",1997,246844a65d5b955bb9c3d605c5c36bcf3a18f03d8ba401e3006f2ed5f1d21a7f
Crown Agencies,"$127,357.30 ",$358.80 ,Ont. Municipal Emp. Retire. Brd.,"Sr. Portfolio Mgr., Private Placements",1997,fc3ef16fb9de85935c5817d9732998c6fe114e9e3955fe929557c211da8b01bf
Crown Agencies,"$122,444.24 ",$403.36 ,Ont. Municipal Emp. Retire. Brd.,"VP, Pension Admin.",1997,e2596d57803699ec2951cc5df4d272c34f302405a74af36635899e94ecf0b5df
Crown Agencies,"$156,986.26 ",$539.40 ,Ont. Municipal Emp. Retire. Brd.,"Sr. VP, Finance & Admin.",1997,d3aedcdff5d42fe88b46ddf943c0702ce8ad6c79d48c3cf0886469f7f32e3e50
Crown Agencies,"$215,706.68 ",$704.26 ,Ont. Municipal Emp. Retire. Brd.,"Sr. VP, Investments",1997,3ad0259746ed1ee0096ecd929308e1a9e30dde431fd5ef9bb8931c4c90fa9339
Crown Agencies,"$101,324.96 ",$294.14 ,Ont. Municipal Emp. Retire. Brd.,"Portfolio Mgr., Foreign Exch. & Money Mkt.",1997,5f56e587185f8f8a7bb2534843283d429cb1fe73693cfe9c242b892577ce036e
Crown Agencies,"$187,958.94 ","$9,577.62 ",Ont. Municipal Emp. Retire. Brd.,"Sr. VP, Finance & Treasurer (ORC)",1997,be2c117e5445609023c64485f6fc68974bf48b18a8959a54efa9b030aff7eb84
Crown Agencies,"$112,396.71 ",$327.04 ,Ont. Municipal Emp. Retire. Brd.,"Portfolio Mgr., Foreign Bonds",1997,183aa90161bc3053f80eda11f67dc5a074b34fc70cfb5a019cc38c52f12d9b03
Crown Agencies,"$129,999.92 ",$368.97 ,Ont. Municipal Emp. Retire. Brd.,Managing Director (ORC),1997,2cb8f2c2d3b6be91428526b708de051d91ad72ff24569f8b834a741714bc1718
Crown Agencies,"$154,635.57 ",$494.56 ,Ont. Municipal Emp. Retire. Brd.,"VP, Public Market Equities",1997,12b95f9389bfc224447a9df40195076fffaa6d59f3f2c8bc5a79006da0606397
Crown Agencies,"$107,796.91 ",$374.48 ,Ont. Municipal Emp. Retire. Brd.,"VP, Investment Services",1997,6200c11a2bdbbb10d786af9c8fc8c67f0c92cc0b5266b18daba601556c69540a
Crown Agencies,"$187,958.94 ","$9,577.62 ",Ont. Municipal Emp. Retire. Brd.,"Sr. VP, Properties (ORC)",1997,376b29187466febb7f154981734dc6fd903bc3e9a200f53be6bfac895d228b29
Crown Agencies,"$108,659.92 ",$347.52 ,Ont. Municipal Emp. Retire. Brd.,"Manager, Equity Trading",1997,b5eb89ca367f2b72f43fb30fc1e4f81bb07d1d2a917a6181d401586f782cc163
Crown Agencies,"$122,067.79 ",$431.48 ,Ont. Municipal Emp. Retire. Brd.,"Sr. VP, Human Resources",1997,b79571e07be449d8424136aa2b7eb68dd88a581ddbaccb1e620b56ef279268ba
Crown Agencies,"$108,586.35 ",$334.36 ,Ont. Municipal Emp. Retire. Brd.,"Portfolio Mgr., Cdn. Core Bonds",1997,748be39c6816059d71c9544a1a902b10b6217358aef66364dc47fbb66ad3406f
Crown Agencies,"$214,588.99 ","$8,230.82 ",Ont. Municipal Emp. Retire. Brd.,President & CEO,1997,d289df9445a9fca0bde2af6b3772f6a172394b85deee87eb199edcc8461133d4
Crown Agencies,"$134,891.36 ",$460.04 ,Ont. Municipal Emp. Retire. Brd.,"VP, Information Services",1997,dc1fe085e64d84f4385deeaa71f57c53c60f796e87994607df096d893967ef84
Crown Agencies,"$116,107.85 ","$1,274.98 ",Ont. Northland Transport. Comm.,V.P. Finance & Administration,1997,43e7409f6b223790fb2f64dd44b55447be433fc2399844b99b010d6c723ba380
Crown Agencies,"$116,107.85 ","$1,274.98 ",Ont. Northland Transport. Comm.,V.P. Telecommunications,1997,86bfe6c67fec68ea14210aedf46a6fa79d4612ad405ca7c03e51784c6218a5ce
Crown Agencies,"$109,994.36 ","$1,160.30 ",Ont. Northland Transport. Comm.,V.P. Rail Services,1997,b0600a72ac068564b2cdb415ac8b2b743c085bcb1cd760bae8a5421eff471cd8
Crown Agencies,"$103,167.57 ",$203.78 ,Ont. Northland Transport. Comm.,Machine Operator,1997,e71c420e752e319734b4ef71c9edaf64c0db19861f43b85418a0d133a0aff3dc
Crown Agencies,"$148,089.44 ","$8,650.91 ",Ont. Northland Transport. Comm.,President and C.E.O.,1997,5b7953d4f1f1dac177c2d7417c7c0a3225d76fbad997bd2c7e1c7f76f7ebfa60
Crown Agencies,"$107,211.09 ","$6,737.41 ",Ont. Swine Improvement Inc.,General Manager,1997,d122ea2123bf08333ca22d8c6d69d624e33617003da4c7ca6cf97ab3fad3a72a
Crown Agencies,"$112,594.84 ",$304.86 ,Ontario Clean Water Agency,General Counsel,1997,be854efffdb6d52c93645312dd9b8451ba94a7695e1e1aca3ce4ef30f195b8c1
Crown Agencies,"$123,888.06 ",$305.99 ,Ontario Development Corp.,VP / Chief Operating Officer,1997,c78a325f569a6d690b5f5b5ca8e2814e395edebb003f0c6ce503a2e49baa815e
Crown Agencies,"$137,079.49 ",$283.48 ,Ontario Financing Authority,Mgr. -Risk Management,1997,393634ea268cf28a88834105e7c7b610fc12e16d323b7a5bb7692ec63a0dd71d
Crown Agencies,"$133,261.91 ",$272.59 ,Ontario Financing Authority,Dir. -Province Of Ont. Savings Office,1997,dc7850b61a8bd3034ba68046fa3b4a52016ab8c8864f900dc88906f5d7348f46
Crown Agencies,"$125,781.47 ",$223.82 ,Ontario Financing Authority,Capital Markets Economist,1997,939479422368c7e2d71585b3c0e93f545fc14639f55222b180eb43f15538e173
Crown Agencies,"$125,781.47 ",$223.82 ,Ontario Financing Authority,Mgr. -Funding,1997,e348a36209e450f197c121371f51052abda0b70e26deda3f3808e357c9fda361
Crown Agencies,"$129,612.69 ",$350.25 ,Ontario Financing Authority,Dir. -Risk Management,1997,c9ff06861efe17dcf490f6ebd264d63669055d5c0a08e8b758f80e22ed34839c
Crown Agencies,"$129,530.69 ",$253.70 ,Ontario Financing Authority,Derivatives -Fin. Engineer,1997,db30f69c43ef16ea8dfcd0f4934fe433eaa22cd3cb8230e2c55473df1c2996c1
Crown Agencies,"$183,408.62 ",$357.77 ,Ontario Financing Authority,Exec. Director,1997,c9c126175620352a418a45e567b86a6ea1ff3ada9accf6fff275a1bfb1d62aa8
Crown Agencies,"$215,240.27 ",$385.47 ,Ontario Financing Authority,Adm. -Office of Treasury / CEO,1997,eac60c9fb777e386fac67f5f2ed1d8f817786dc7603975aa60645ec0b0a05dc9
Crown Agencies,"$124,066.84 ",$329.28 ,Ontario Financing Authority,Legal Counsel,1997,0f458ef4cec1d580867b1a865ec04eee223b3ebff77551497c81c34ecb8155db
Crown Agencies,"$121,818.31 ",$311.19 ,Ontario Heritage Foundation,Exec. Director,1997,bdf25a7d59bdc4fd430472b82d2f49908d1b3188d61699ecfffd85b778596c88
Crown Agencies,"$100,789.14 ",$357.51 ,Ontario Hydro,REGIONAL MAINTAINER - ELECTRICAL UTS,1997,6715769a127bb81859577ed95b79563b78a1b84c7a9e3e7885f45ea9189b6ab4
Crown Agencies,"$104,331.32 ",$324.99 ,Ontario Hydro,TECHNICIAN,1997,36300809beba707072770010138b1016aae43cd49b978b98a50c0b242eed781d
Crown Agencies,"$107,765.52 ","$1,927.89 ",Ontario Hydro,SOLICITOR,1997,a1712434e456e6fee33d98e92a01e298e42f2cdb1cb07574608efe2f1265f7cf
Crown Agencies,"$107,504.30 ",$377.26 ,Ontario Hydro,SHIFT MTCE SUPRV (CONTROL OR MECHANICAL),1997,c4e3ab79e3f4097a73ca3b421a6664f239f746c9ffebf7524bffd2693d2e3b74
Crown Agencies,"$110,453.17 ",$453.15 ,Ontario Hydro,SHIFT MTCE SUPRV (CONTROL OR MECHANICAL),1997,0806a745dfc11d09552daadcc340ee231fbaf3d44402d10c2b5e9a3a09aa418c
Crown Agencies,"$100,352.14 ",$400.01 ,Ontario Hydro,SENIOR ENGINEER/SCIENTIST/TECHNICAL OFFI,1997,88ed3da74c970f96f02b6eed58a6ebb25a23f390c572e0982d02c1cd38da5cbd
Crown Agencies,"$103,690.50 ",$324.99 ,Ontario Hydro,INSPECTION AND MAINTENANCE TECHNICIAN II,1997,7875cf69d857ec4a7fc186c1fdb0327139b88245f10528b0967a25b2f0884293
Crown Agencies,"$103,909.55 ",$436.71 ,Ontario Hydro,SHIFT MAINTENANCE SUPERVISOR-MULTI-FUNCT,1997,6bf2054e14886e7eb76f13c8534340ee413496c9dd5da09b3f81c9e4a2d94c3a
Crown Agencies,"$100,717.70 ",$469.59 ,Ontario Hydro,SHIFT MAINTENANCE SUPERVISOR-MULTI-FUNCT,1997,1734b64198194ba0b9fa7f0977ce56ddc0609f1f3a16f33b4230f0561c2e3311
Crown Agencies,"$110,940.18 ",$499.83 ,Ontario Hydro,SUPERVISING DESIGN ENGINEER - CIVIL,1997,7ed8502429d9cc45ef40477545a45efced4e6087232bc5ef936d82a17c01f8e2
Crown Agencies,"$107,003.83 ",$487.05 ,Ontario Hydro,SUPERVISING FIELD ENGINEER,1997,d7926079f7b7d02597e7e5d322cbfcc8dc7c10e7f97726bd7e1c16529cb916e8
Crown Agencies,"$142,262.81 ",$480.57 ,Ontario Hydro,TECHNICAL SUPERVISOR,1997,b5955753e2cde7a26f14dc5182609f3ee0f1d6894d84ed8a1aeaa7c1a33a0df9
Crown Agencies,"$140,278.39 ",$476.28 ,Ontario Hydro,TECHNICAL SUPERVISOR,1997,a38d52c4824f65fdaac85d5eb181ebf9438a32694d9be1221d6f8a1d968e3a43
Crown Agencies,"$101,916.11 ","$1,892.73 ",Ontario Hydro,"MANAGER, ACCOUNTING & TAX POLICY",1997,10f2105597741bae881ad02a6d135cbba15a7046a9bab49f8ae34bc2e6a721c9
Crown Agencies,"$109,779.42 ",$381.87 ,Ontario Hydro,AUTHORIZED NUCLEAR OPERATOR,1997,d11f1584133f3c955014581c52d66c053a4c890cbe5be1ea799702c0b5d43330
Crown Agencies,"$103,717.56 ","$1,942.02 ",Ontario Hydro,"MGR, REAL ESTATE & SPECIAL SITUATIONS",1997,d499d06d85c3c7df7f1ddea70bbcb7ec697f86417702287299be7d2a547a4d54
Crown Agencies,"$102,802.12 ",$420.13 ,Ontario Hydro,MECHANICAL ENGINEER - SPECIALIST,1997,8c14423a3e6961a992596c9e2ebfb367d4ea5086c3931f33cb89da7592df3ee7
Crown Agencies,"$118,611.00 ",$442.02 ,Ontario Hydro,SHIFT SUPERINTENDENT,1997,9c83a3afeb385acfdf323d2479e58f692eaeacd336c185bc5115004a952aa8bd
Crown Agencies,"$134,024.91 ",$554.55 ,Ontario Hydro,SHIFT SUPERINTENDENT,1997,5bcdf61aacbd0ab25b62a5bbeae21dca2ad0ce457a2b47760fccbc7c03ee3f3d
Crown Agencies,"$105,626.09 ",$381.87 ,Ontario Hydro,AUTHORIZED NUCLEAR OPERATOR,1997,9272a0c31190a0394a59cca82396bb2e4eafc30e2add36515f7db14cc245213f
Crown Agencies,"$107,030.75 ",$471.25 ,Ontario Hydro,SHIFT SUPERVISOR,1997,257e5b56a13eb6a90ebed7c7a2b8fdeb24a6fbcd2f31d25a9035d48142435550
Crown Agencies,"$104,170.44 ",$471.05 ,Ontario Hydro,TECHNICAL SUPERINTENDENT,1997,18bf631edfe6294a678b86d2573721d41db156261e7e3c67679f6d1364cd0b48
Crown Agencies,"$121,201.02 ",$454.03 ,Ontario Hydro,PLANNING SUPERVISOR,1997,3b7d4636a6cccc9577d70680f9bc376aae3a8a70551d1d4d6768e6e021a38bbb
Crown Agencies,"$133,532.08 ","$6,624.21 ",Ontario Hydro,"DIRECTOR, OPERATIONS & MAINTENANCE",1997,c8ff722b328982bc6f03315117075d30d23066b8984d501b0a824e94dc24ed51
Crown Agencies,"$101,204.32 ",$534.09 ,Ontario Hydro,MAINTENANCE COORDINATOR,1997,8848457e5fbc59fc6a6b42a4b9bdab3960dcf95e513f7f6d2079e93649479819
Crown Agencies,"$107,038.90 ",$363.33 ,Ontario Hydro,SENIOR INSPECTION AND MAINTENANCE TECHNI.,1997,c50ac2e6553ca1a8a8a037e86ad402463a544acaf53222133031135e98bce69b
Crown Agencies,"$102,131.31 ",$999.47 ,Ontario Hydro,"MANAGER, BELLEVILLE DISTRICT",1997,910c87ac0580f088e292eb874a0cf3b2bb95ba83b6d4dce781a2eea09795ff97
Crown Agencies,"$106,503.70 ",$524.37 ,Ontario Hydro,OPERATIONS COORDINATOR,1997,8c2fce4dd680d2ccc59f51df6ea23d8548c55fb77e7e23fc1880692bd205d3f5
Crown Agencies,"$106,135.91 ",$399.27 ,Ontario Hydro,SUPERVISING DESIGN ENGINEER,1997,5056288372540c9eb64b06b0a92add7027a1f12d94ada3df14227ea7ee57c9d2
Crown Agencies,"$100,589.13 ",$520.47 ,Ontario Hydro,"MANAGER, NUCLEAR BALANCE OF PLAN PROGRM",1997,6ebc542078e59029687df61b860f865de1b1acda57f111a37d2b9989a7e9196d
Crown Agencies,"$130,229.33 ","$5,906.41 ",Ontario Hydro,"DIRECTOR, GRID OPERATIONS",1997,73a15248fcafdba040e0e2939a0d25659384c53b566471da24b2ef7115f49f1f
Crown Agencies,"$107,097.86 ",$476.71 ,Ontario Hydro,TECHNICAL SUPERINTENDENT,1997,3e31bcbdfbcde66fb443bc3902ce06391deda4004c52444e6993a82c48ef6c73
Crown Agencies,"$101,421.15 ",$499.69 ,Ontario Hydro,SUPERVISING DESIGN ENGINEER - NUCLEAR IN,1997,aabfe19b2aab2db2253b25e79214c41e46867b3f1ba131d8594befc6821c74c9
Crown Agencies,"$104,650.89 ",$483.33 ,Ontario Hydro,SHIFT OPERATING SUPERVISOR (AUTHORIZED),1997,7532d22ca48c781373991d20c8e13703c3c3eceb75248ceda50eec229bb446a8
Crown Agencies,"$110,944.91 ",$499.83 ,Ontario Hydro,SINGLE UNIT SHIFT SUPERVISOR,1997,9558d1ba3ff997b25ab5b32be719a71fa59e306a9150e1dc8328e7f972311cb2
Crown Agencies,"$100,569.64 ",$380.76 ,Ontario Hydro,SR SHIFT CONTROL ENGINEER/OFFICER,1997,e5ee7c823d435cd14ad260eaa1c57694035b809ebf7509cb0f524e6ed889fc17
Crown Agencies,"$103,659.89 ",$520.47 ,Ontario Hydro,"MANAGER, ELECTRICAL PRODUCTS",1997,b1946022c2c26f83fd5951219700a1b83c8f3938bba52d99c69c19d743ac4e60
Crown Agencies,"$138,842.19 ","$2,071.76 ",Ontario Hydro,GENERAL AUDITOR,1997,d527421bc127709df204869646aa5f05862a08a19a940e7a38b3143035150ab5
Crown Agencies,"$101,312.76 ","$1,887.21 ",Ontario Hydro,"MGR, MAIL, MATRL HNDLNG & PRINTNG SRVCS",1997,d5c671257774f7b40bf0ce40f0992422abac6072afc64d93f5192316df7eaf49
Crown Agencies,"$100,739.69 ",$379.87 ,Ontario Hydro,TRAINING SUPERINTENDENT,1997,25a9810d50837d866daa6760d8edc972ff596a9cbfdcd36f62472ca3e9ab944f
Crown Agencies,"$100,858.58 ",$972.58 ,Ontario Hydro,AUTHORIZED NUCLEAR OPERATOR,1997,6f84029031124f7b679c47b994c4fad7ccdca7b96408e5c73ad0f1f0d4e7907b
Crown Agencies,"$130,147.38 ","$3,072.67 ",Ontario Hydro,"VICE-PRESIDENT, CUSTOMER CARE SERVICES",1997,5b1795e3efc7cefaa00061bc52ce63d49b34db698dacb3828617fc125a192e3d
Crown Agencies,"$101,021.05 ",$381.87 ,Ontario Hydro,AUTHORIZED NUCLEAR OPERATOR,1997,ee6c1ed6c8c83c5b34391b6063a825795a2b518b3542cd1b6abbb500e85fb57b
Crown Agencies,"$115,774.18 ",$391.91 ,Ontario Hydro,SENIOR TELECOMMUNICATIONS ENGINEER/OFFIC,1997,e5064d2c1feb18822a8a12d24a1af5a2d15700ad1b3a0223a266f179ac6b51c4
Crown Agencies,"$104,584.40 ",$458.61 ,Ontario Hydro,TECHNICAL SUPERVISOR,1997,45b91c35d4980bb624baa4d556cc205c4117f7145cd0734b17bd3284518913d4
Crown Agencies,"$115,849.86 ",$490.26 ,Ontario Hydro,SHIFT SUPERVISOR,1997,db528ac67fbb0c723429d82da3234c784b67da9ed05828a9a98af93c78051078
Crown Agencies,"$105,159.39 ","$8,669.47 ",Ontario Hydro,PASSPORT PROJECT MANAGER,1997,06a2497d5f658b3f8f3a7e75ec29429f461ce7799b12ee9280e2709d2739b9e9
Crown Agencies,"$100,534.73 ",$381.87 ,Ontario Hydro,AUTHORIZED NUCLEAR OPERATOR,1997,aefef26e3bf0eda2ef48270c79ff1853e5e6faacef6a8885768bed0537b64110
Crown Agencies,"$100,769.45 ",$494.34 ,Ontario Hydro,SECTION HEAD,1997,11e9e622d89a49908ac64087ca731056aa8557eb6d98933e7862eb6674ab939c
Crown Agencies,"$105,831.62 ",$533.19 ,Ontario Hydro,"MANAGER, REGULATORY AFFAIRS",1997,4a8ffcb5ec335a80b28e0b99c237f02138106e503bcb047f9e293b79f91375ac
Crown Agencies,"$109,784.19 ",$451.88 ,Ontario Hydro,GENERAL FOREMAN - MECHL (NUCLEAR & THRML,1997,3e81556ed61339ec0e5189b2c9744ebeb4e14a4d0ca3096ab52f987d813321ce
Crown Agencies,"$120,586.17 ",$470.77 ,Ontario Hydro,SHIFT OPERATING SUPERVISOR (AUTHORIZED),1997,f1344f23e94862b64bd8e555645d905b9f214c6d7c49992de9198298796f0656
Crown Agencies,"$116,977.48 ",$493.08 ,Ontario Hydro,SUPERVISING FIELD ENGINEER,1997,3355849aca57d55b7886baeb4a93e7ed76f058b66eecb21b2a62d1691891e55c
Crown Agencies,"$109,092.68 ","$1,928.15 ",Ontario Hydro,"DIRECTOR, GENERATION RESOURCE MGMT CNTR",1997,f9404623aae7a181478c543cd546635399f7048e9759c112e93ddc1670850bf2
Crown Agencies,"$103,854.63 ",$780.24 ,Ontario Hydro,PRODUCTION SUPERVISOR - TECHNICAL,1997,f8dc7c5a9c596fbb3573b049eaf001d200b5425154927a38b7e3fa1bd09ab339
Crown Agencies,"$107,821.26 ",$443.31 ,Ontario Hydro,SHIFT SUPERVISOR,1997,a973d15fb1d6de6ad9209e8ed80afd0d0992efd5173499b1928e480b2f613cde
Crown Agencies,"$118,083.00 ",$494.34 ,Ontario Hydro,SHIFT SUPERVISOR,1997,87128413af4beb4e08e5adbc043bf752456369af0f918ebd9d3add4368fa5cb8
Crown Agencies,"$116,395.86 ",$418.83 ,Ontario Hydro,SENIOR ENGINEER/SCIENTIST/TECH OFFICER,1997,27bb4340a75026890c62bf6e9c404ef7c673732893879565af7732e754becd37
Crown Agencies,"$106,886.59 ",$381.87 ,Ontario Hydro,AUTHORIZED NUCLEAR OPERATOR,1997,d153802945b2f08975c6ead81595697591d30b9b3b4a0223cf36d3a5c8e1ce0f
Crown Agencies,"$102,293.98 ",$370.78 ,Ontario Hydro,AUTHORIZED NUCLEAR OPERATOR,1997,4bddea80a12aa2b3f5cae98c58348fc094578efe1ce720e279bccd37790cea3b
Crown Agencies,"$113,548.00 ","$4,854.76 ",Ontario Hydro,"MANAGER, AUTHORIZATION TRAINING",1997,45b566274569a402127215329030716c797bc1c7cf1bc94abf21589698c9796c
Crown Agencies,"$102,474.83 ",$381.87 ,Ontario Hydro,AUTHORIZED NUCLEAR OPERATOR,1997,1fd38e1ce8d1d956f727f825b39fe4d16996c1cd8062138df85d1cfa1509713e
Crown Agencies,"$101,992.94 ",$467.39 ,Ontario Hydro,MAINTENANCE SUPERINTENDENT,1997,16537256cfbc4129ee20b4c4f41d18f903079217822b357e1ff98a3434e7792d
Crown Agencies,"$102,284.47 ","$1,564.84 ",Ontario Hydro,"DIRECTOR, MAINTENANCE & CONSTR SERVICES",1997,6c7c641b7ad44745f1868b546f9967c37dc307febab9924b17d8733c7d054c82
Crown Agencies,"$113,866.39 ",$363.33 ,Ontario Hydro,SENIOR INSPECTION AND MAINTENANCE TECHNI.,1997,f6c85963042e871f28abbde6f46aa2342ee18af53c65f2b8e55ae781acb9f942
Crown Agencies,"$101,861.64 ",$477.87 ,Ontario Hydro,SHIFT OPERATING SUPERVISOR (AUTHORIZED),1997,254873d642b7310efe5ba8a5869b1ebd2c4c736079d23e824c33c72f1401df88
Crown Agencies,"$185,031.10 ",$897.24 ,Ontario Hydro,"VP, TECH SERVICES & NEW PRODUCT DVLPMNT",1997,992e002a7e20795f52f1e9fe5775922ca919273233090dcc8afc6aaa8074c6f1
Crown Agencies,"$102,167.60 ","$1,755.62 ",Ontario Hydro,"MANAGER, COMMERCIAL MARKET",1997,bb9650da41ecbd7c36db62c7e4936fa3bcd3e4209dca467fe0a0ed5e837faaaf
Crown Agencies,"$119,329.17 ",$381.87 ,Ontario Hydro,AUTHORIZED NUCLEAR OPERATOR,1997,824d881c1f76eb4fb803e7ea98d2fde107320e72dbd074fda5447d44c8e518f2
Crown Agencies,"$103,224.43 ",$487.21 ,Ontario Hydro,TECHNICAL SUPERINTENDENT,1997,7db93e599f712606b9ed52488392af1f52fce2920752ccebbb21b24da9fe2c79
Crown Agencies,"$160,960.44 ","$1,949.85 ",Ontario Hydro,"DIRECTOR, FINANCE & SYSTEMS INTEGRATION",1997,56192cda796dab1cbf97efe3dea215843813fbda4d042b6ff8dcd2cd23e0ab87
Crown Agencies,"$114,409.78 ",$510.75 ,Ontario Hydro,SINGLE UNIT SHIFT SUPERVISOR,1997,a54182d7b3444f0819af08bcae73b1a272921aaeafbfa278c6466c52d0f011c1
Crown Agencies,"$102,943.95 ",$381.87 ,Ontario Hydro,AUTHORIZED NUCLEAR OPERATOR,1997,23ce818a37e178302139e1dfda085580cc2c2741bb478de3ec09d636c2cb1f1f
Crown Agencies,"$111,285.51 ",$491.44 ,Ontario Hydro,SINGLE UNIT SHIFT SUPERVISOR,1997,b21be75b4ea85f156ff3c6fbddfe5977180506708ebabe8d6cd1ab35d5a2a599
Crown Agencies,"$104,142.74 ",$453.15 ,Ontario Hydro,SHIFT MTCE SUPRV (CONTROL OR MECHANICAL),1997,621a4b7ed176ccc4fdc61ab60932b4a5e5d716d5b3ead9433e66ce3aa7533fbe
Crown Agencies,"$101,532.34 ",$494.34 ,Ontario Hydro,MAINTENANCE COORDINATOR,1997,90f00445c2bb38f4a424f18d8ee67f7cf47c0520ade976320ccb2bf753c31bf3
Crown Agencies,"$102,518.88 ",$399.55 ,Ontario Hydro,SENIOR TECHNICAL ENGINEER/OFFICER,1997,e0922b181487d3602633b5c0267e89147b66a9a7d491a48c6bc77c0dae573d49
Crown Agencies,"$228,987.75 ","$32,375.26 ",Ontario Hydro,"GENERAL MANAGER, FOSSIL",1997,244cd08aea5463ae03f4fb43a8aa67e35ea56acadc7b24cf32234561ceb7756f
Crown Agencies,"$117,982.81 ",$868.73 ,Ontario Hydro,"MANAGER, DESIGN MODIFICATIONS",1997,30fb5bd933aeded809e1f885731ad1afb6862c9fee93eb4ae78dbc5acbb1b9f6
Crown Agencies,"$112,315.46 ",$475.05 ,Ontario Hydro,RESOURCING/OUTREACH COORDINATOR,1997,1487cef15bf461b8962e02a365363ed7481046d2b63f4bb2fd71d5d696cdcfa1
Crown Agencies,"$116,677.48 ",$532.71 ,Ontario Hydro,SHIFT SUPERINTENDENT,1997,a3bd831ba19d956efdf7304f141f360d3bcb2f0c20f0834a58c3edd74fa6af6f
Crown Agencies,"$103,586.99 ",$422.60 ,Ontario Hydro,HUMAN RESOURCES SYSTEM SPECIALIST,1997,e13deaf98e574b43451998f8a85eff990ad79b042cb862e73730bb58296413dc
Crown Agencies,"$116,077.43 ",$523.11 ,Ontario Hydro,SHIFT SUPERINTENDENT,1997,e167fcaaff6102c5fc4353aa85037ea23e44bcd95848fc65d2b7950141f8852a
Crown Agencies,"$101,488.76 ",$381.87 ,Ontario Hydro,AUTHORIZED NUCLEAR OPERATOR,1997,7f97db6d7d903552bede601a24d826adcea69f37f86f164d705d9759c51a3afc
Crown Agencies,"$131,243.58 ","$4,928.58 ",Ontario Hydro,"MANAGER, SECURITY SERVICES",1997,dfe03e6a46353dc97c62efeb8895c184449f42c213672093276f67d79b5db6c3
Crown Agencies,"$143,204.81 ",$399.55 ,Ontario Hydro,SENIOR ENGINEER/SCIENTIST/TECH OFFICER,1997,bd824562d89d9652b1b4f767d70d19f010c1baab49f488d55980b40a25945017
Crown Agencies,"$102,408.49 ",$457.24 ,Ontario Hydro,SHIFT OPERATING SUPERVISOR (AUTHORIZED),1997,9e708d17f7109c1025c95998c4413495bc619be2f9345cc7550ed831a9b1fa83
Crown Agencies,"$111,001.54 ",$399.55 ,Ontario Hydro,SR THERMAL STATION ENGINEER/OFFICER,1997,7ef0016060a611078d029e5cf565b5b5e2ca4a6a0a2fc0130e1af69a31a042f4
Crown Agencies,"$107,476.30 ",$306.04 ,Ontario Hydro,REGIONAL MAINTAINER I - MECHANICAL,1997,b861219c76e1561f61e0788cd4ae39901ac4c5cb1daa2e3d50d71efe78c402a2
Crown Agencies,"$102,438.29 ",$487.21 ,Ontario Hydro,SUPERVISING PROJECT ENGINEER/OFFICER,1997,b70c2188fd02cc4c9c32cd8ccf8d748361438e6c4aa7141bdddb74efc85ee370
Crown Agencies,"$108,070.00 ",$409.29 ,Ontario Hydro,CONSTRUCTION SERVICES OFFICER,1997,3e057c823ff6ce39d6c4f69508a106dc771d85828320dd5ec4c7a782d446e973
Crown Agencies,"$110,615.31 ",$414.21 ,Ontario Hydro,SHIFT SUPERVISOR,1997,bf19199b653237a295482be94e79d126b28538d6e240fd6aac47080d3efe0fef
Crown Agencies,"$101,326.44 ","$1,884.03 ",Ontario Hydro,SENIOR FINANCIAL STRATEGIST,1997,29de664959df1e73ec60a76168f1039d20ad835af44849ed869577067813c08f
Crown Agencies,"$145,032.70 ",$460.41 ,Ontario Hydro,SHIFT OPERATING SUPERVISOR (AUTHORIZED),1997,575ecbb3c2d050d7721b5a2fd7b5611f9c5d00f93921f43528c75aaf6a7648af
Crown Agencies,"$101,333.07 ",$337.92 ,Ontario Hydro,SENIOR TECHNICAL ANALYST,1997,1d8043b5d4e92fd8d31baf0cbd63b0f770c3c27e6ce0c9e67853f20948552fe6
Crown Agencies,"$101,914.31 ",$306.04 ,Ontario Hydro,SHIFT MECHANICAL MAINTAINER I,1997,4cbf0b7e3887af4f26f9cca4a25a8ade1bf266f882d582b7fcfff0171da7af64
Crown Agencies,"$100,465.77 ",$412.21 ,Ontario Hydro,DESIGN ENGINEER-SPECIALIST,1997,57f2bb998a030a2f3c634f2d4b1b38bd5e0578a86539106be7c273b77a61415c
Crown Agencies,"$202,469.85 ","$9,158.05 ",Ontario Hydro,"DIRECTOR, NUCLEAR SAFETY",1997,f146b8ac1f2784b3b98ab7074cda1e8887c850b9a6e9cbe6ce370d75b50a5b36
Crown Agencies,"$112,040.20 ",$347.08 ,Ontario Hydro,FIELD ENGINEER,1997,8ca125dd02fdedee68c55f9cc4e66dbb3dd6c593b8462ff73fa3c84b372ff59e
Crown Agencies,"$114,264.83 ",$460.41 ,Ontario Hydro,SHIFT OPERATING SUPERVISOR (AUTHORIZED),1997,752f03e9ce3b88cff18fd9aa03b91b3a20df576a481446b2dfc84fa65da1d47e
Crown Agencies,"$121,278.86 ",$0.00 ,Ontario Hydro,IRONWORKER CONSTRUCTION,1997,144a0daa676fe902a44e094e09fc2a828c7bb6fe6cc9817111efbed8b2309b35
Crown Agencies,"$106,580.73 ",$379.93 ,Ontario Hydro,SENIOR INFORMATION SYSTEMS ANALYST,1997,091133c179e20a3c3ee83bf601e215ddbdd2c94834de80ccdb5740781abc99ad
Crown Agencies,"$103,578.96 ",$534.87 ,Ontario Hydro,"PLANT MANAGER, LAMBTON GS",1997,393f4f13a966ec7290f813ab33e0151d909edc1a82502fce125a6ea92a0168ef
Crown Agencies,"$106,681.14 ",$366.28 ,Ontario Hydro,TECHNICAL SUPERVISOR,1997,731faf0c0e8f4f3ec8f3cda1419d0a27dbbb4c5062d5cbe3c7bfccfc550f34b2
Crown Agencies,"$111,714.73 ",$322.51 ,Ontario Hydro,REGIONAL MAINTAINER - LINES UTS LEVEL 3,1997,fd1314055b0a49e7c12ae018c7c612cc74402e4ef370cc34409100d460747f28
Crown Agencies,"$155,324.10 ","$2,459.88 ",Ontario Hydro,"VICE-PRESIDENT, FINANCE",1997,3bcebab3c64cd7832f3d039d2e475957c176c1a5ac87ff450cedeba7ffeeb3c0
Crown Agencies,"$121,469.08 ","$1,972.38 ",Ontario Hydro,"DIRECTOR, EXECUTIVE SERVICES",1997,e52547909cfac11ff69e1169a6ff8a02bfed00960625c0468bf6c15e9be08062
Crown Agencies,"$109,000.49 ","$2,178.89 ",Ontario Hydro,EXECUTIVE ENGINEERING ADVISOR,1997,d2cf5e7ababd61ab55d72b89ca28bd593ccef3ec3fef84e15a75196031baf715
Crown Agencies,"$122,940.36 ",$538.17 ,Ontario Hydro,SHIFT SUPERINTENDENT,1997,a346692fd6e44a4629c36a26a5dfa813836d817aabc750d94d510ea2a789f1e0
Crown Agencies,"$175,779.29 ",$458.38 ,Ontario Hydro,"DIRECTOR, BRUCE B",1997,fe1ca6ae790d3c7efa835cfe24943768f0fc55c9aeda1623cf385b894dc504fa
Crown Agencies,"$105,881.84 ",$488.82 ,Ontario Hydro,PRINCIPAL RESEARCH ENGINEER/SCIENTIST,1997,0cd7f9298e64001cbedaa2c10680af54b696fc19ae3a3f6edf130c09d74c28db
Crown Agencies,"$108,077.04 ","$1,480.58 ",Ontario Hydro,"DIRECTOR, CUSTOMER CARE TECHNOLOGY",1997,f27cae97181b1dddeca99ee5efeaf4fdd00c382b904f066c618e96347a254a86
Crown Agencies,"$100,819.40 ",$366.34 ,Ontario Hydro,SENIOR SHIFT CONTROL TECHNICIAN,1997,77d7d5132cd4f01d639a566d33fb97ec11a31baed99e9f9dc785b8deb9079de5
Crown Agencies,"$110,279.09 ",$381.87 ,Ontario Hydro,AUTHORIZED NUCLEAR OPERATOR,1997,e47f4cc3a8a4400823f232db2ea8c8268f2e8b9dfb21e71209f11d228b2f7a62
Crown Agencies,"$407,523.96 ","$14,570.11 ",Ontario Hydro,"EXEC VP, CHIEF DEVELOPMENT OFFICER, CFO",1997,71c2e1516f2af4b35194d73f04b9063882f50ae1138fbd0e9862ac9385f513b2
Crown Agencies,"$105,015.05 ",$488.82 ,Ontario Hydro,SUPERVISING DESIGN ENGINEER,1997,f905c97ae442fa203fd6be784d3ea93832b0641be27999ed46392f8635c291e9
Crown Agencies,"$105,639.73 ","$4,904.28 ",Ontario Hydro,"EXECUTIVE DIRECTOR, HUMAN RESOURCES",1997,847d4d39e0453e3bb193baf3a78b04884640313ca1f0ce2015db00b0aa05295e
Crown Agencies,"$106,877.91 ",$380.76 ,Ontario Hydro,PROJECT LEADER NUCLEAR SAFETY ASSESSMENT,1997,d77e409318b2d75f11d17087c5b87f3c4f3a0c70beddeed20db5378bfa100244
Crown Agencies,"$106,992.49 ","$1,916.97 ",Ontario Hydro,"DIRECTOR, INFORMATION SYSTEMS",1997,bfc79c2191d06a0932d1e7483f83893b893ad79872249fd12bc76ff601df9b90
Crown Agencies,"$108,415.86 ","$7,061.83 ",Ontario Hydro,"MGR, PRODUCTION SUPPORT",1997,134eaa0fec4ca0f0bd36dc87fc23da29ddb8e2f1134f700a3384a2c723e5c5d7
Crown Agencies,"$111,465.54 ","$1,982.67 ",Ontario Hydro,AUDIT ASSOCIATE,1997,ef672c8491fef201e7fd0b7dd20367be3ef5df8eff86a7716b29832f25803990
Crown Agencies,"$100,216.84 ","$1,833.99 ",Ontario Hydro,"MGR, COG OPERATIONS",1997,3e2cb33a7634d329889dc9cf20dee08e4be5d8403d2f1296024cef4bb7123426
Crown Agencies,"$104,981.51 ",$381.87 ,Ontario Hydro,AUTHORIZED NUCLEAR OPERATOR,1997,db20b9f9799a39589df54845ac29d78eda08b5eb55114d007092dd9f116ed339
Crown Agencies,"$113,248.89 ",$681.81 ,Ontario Hydro,REGIONAL MAINTAINER - ELECTRICAL UTS,1997,287383a566867830202db9035d3b60b5e05933a7f2bad71014782591135495c8
Crown Agencies,"$138,613.60 ","$4,378.19 ",Ontario Hydro,"DIRECTOR, INDUSTRIAL MARKET",1997,38df976202200084afd1b53b7f5d0507b7b1fe9313c9d47f9b53e7349fefdd58
Crown Agencies,"$108,211.38 ",$381.87 ,Ontario Hydro,AUTHORIZED NUCLEAR OPERATOR,1997,7365ab33e8bc506e9ce0ecf64ddbb985893506770a5082155c49bb3e70ab36e1
Crown Agencies,"$105,502.03 ","$1,916.97 ",Ontario Hydro,"MANAGER, POWER PURCHASING",1997,b3a257b70017253100e5fbb5d8174b8f8356a95797dc249eb50d156f408056ad
Crown Agencies,"$179,426.13 ","$1,931.25 ",Ontario Hydro,"MANAGER, PENSION FUND OPERATIONS",1997,7ffe15a48a4ba796e1f58173bd2cf459b28e6ee865216009292b1d027a044c77
Crown Agencies,"$111,893.01 ",$415.97 ,Ontario Hydro,SHIFT MTCE SUPRV (CONTROL OR MECHANICAL),1997,eedb9fb1bf7049df7dfe3bbfb963b253a69f02dcf039fa063d4a04f94bad6805
Crown Agencies,"$111,703.58 ",$381.87 ,Ontario Hydro,AUTHORIZED NUCLEAR OPERATOR,1997,939ee3a87a34f373349ae88d14b5249e9fd20235272c22f648b0eaa4d281669a
Crown Agencies,"$116,581.44 ",$381.87 ,Ontario Hydro,AUTHORIZED NUCLEAR OPERATOR,1997,47db9a1ba32a1c11e475bd799bada5d69111c1625ce248ac64cb53e1d9ab7adc
Crown Agencies,"$255,415.24 ",$174.81 ,Ontario Hydro,"PRESIDENT & CEO, OH TECHNOLOGIES",1997,6ca68248052ca79900a004825b7f1fbe94a0ae6454bc006997ce48d18887e882
Crown Agencies,"$110,948.95 ",$555.33 ,Ontario Hydro,"MANAGER, INVESTMENT PLANNING",1997,a53bd6b0e125e31c958cdac5d7f8f32559e7c4c1c79597f3f2f4a7a585c4c761
Crown Agencies,"$119,797.78 ","$3,251.36 ",Ontario Hydro,"DIRECTOR, BES OPERATIONS",1997,50c5d2b5c7e82595afc1c1b242827a8db64d316ccac8e5118a867d2853b796e2
Crown Agencies,"$119,876.02 ",$468.59 ,Ontario Hydro,TECHNICAL SUPERVISOR,1997,2b796fd00724694f48521eb3cc3638d699123eb5ff09be2665a88914a0becbce
Crown Agencies,"$108,824.24 ",$334.85 ,Ontario Hydro,RIGGER UNION TRADES SUPV,1997,8a79d6f7fab150add9fb4af4dfeab96bf35835a71f38a21492580bf26cbb073e
Crown Agencies,"$100,422.76 ",$366.84 ,Ontario Hydro,DESIGN ENGINEER - SPECIALIST,1997,8383848f5235615e289f6057c84110276715175e3c7d232da8fa57cd47b6f5c2
Crown Agencies,"$131,399.90 ",$656.28 ,Ontario Hydro,"VP, NUCLEAR HUMAN RESOURCES",1997,b46a8629b5a0c7cdbf1c5a7a173340e32e24e0d7a0bf10e8f940765eab0834a4
Crown Agencies,"$113,483.04 ","$1,955.31 ",Ontario Hydro,"GENERAL COUNSEL, OHII",1997,054c5849858a9136908c4110d95671a1d416c6a39feda2daf01e5614472e2264
Crown Agencies,"$100,208.07 ",$447.69 ,Ontario Hydro,SHIFT MTCE SUPRV (CONTROL OR MECHANICAL),1997,800c64434f235c3969c6c9db1a491591f3e99a813e0f6323c38f622eab751604
Crown Agencies,"$110,826.21 ",$381.87 ,Ontario Hydro,AUTHORIZED NUCLEAR OPERATOR,1997,dadb7f0fca8b3419a8bc353a9f1b41d4aaf98acbdb8771b2204e8150d671e95f
Crown Agencies,"$105,176.55 ",$406.65 ,Ontario Hydro,SENIOR RESEARCH ENGINEER/SCIENTIST,1997,fafd38ded96de5c51abc2e91aec512294bac4ed815d590d4128265a857f2515c
Crown Agencies,"$100,943.12 ",$521.67 ,Ontario Hydro,TECHNICAL SUPERINTENDENT,1997,b7bce043274c7f84d7945949139ad1dba3d99ba6fd1d53d4d6fd8a0b628b912b
Crown Agencies,"$111,924.00 ","$2,088.54 ",Ontario Hydro,"DIRECTOR, PROVINCIAL WORKFORCE",1997,86476a6e30172dc8b763c3d35574764a67987260a79267fb2db8ad5c3a5a333e
Crown Agencies,"$117,973.65 ",$450.45 ,Ontario Hydro,SENIOR TECHNICAL SUPERVISOR,1997,a934e640a046d95971d6808d083dfd9b6630b8dfdb427b1a12450305c23b9d39
Crown Agencies,"$106,639.27 ",$420.27 ,Ontario Hydro,TECHNICAL SUPERVISOR,1997,9f405c76d866a4fddeda58d361bf9c885e431fe9b351046f23c22082c4677009
Crown Agencies,"$108,873.76 ",$567.51 ,Ontario Hydro,"PROGRAM MANAGER, ITER",1997,ba80286f05c5dfdb191513ec68abe9254b007e551282be6d398f09826926ca03
Crown Agencies,"$140,083.48 ","$6,919.03 ",Ontario Hydro,"MANAGER, OPERATION & MAINTENANCE",1997,9225b2dbc652b59ca522788df5bb009d0ea76bdd217150cbc8e54448bdbf8705
Crown Agencies,"$108,815.59 ",$464.10 ,Ontario Hydro,TECHNICAL SUPERVISOR,1997,002e99a14bd7478b28cb964c10af2a81d1332a9d5bfc7449d50d1eddb3303411
Crown Agencies,"$122,704.04 ","$7,038.37 ",Ontario Hydro,"DIRECTOR, FIELD & ENGINEERING SERVICES",1997,ea60a68a8643d245988fd5c8250cede47d15f7f0ba979f096c3b12990a568441
Crown Agencies,"$113,950.00 ","$1,374.95 ",Ontario Hydro,"DIRECTOR, ASSET STRATEGY",1997,3e07e375f6c539310b7e2fa968c1cada0f4d61cdb7dfd9be425590bc578f8c5a
Crown Agencies,"$106,716.01 ",$411.03 ,Ontario Hydro,SENIOR TECHNICAL ENGINEER/OFFICER,1997,1b7aa0470a844a1a2c97b42bdfedb0541f9fb4947662694038d79a60adb2e175
Crown Agencies,"$106,897.96 ","$2,115.88 ",Ontario Hydro,"MGR, FOSSIL & HYDROELECTRIC PROGRAMS",1997,1ef52e556bf4dcb2048527993f97573c9254c8a5b69ca9fe09168d2f36a4b394
Crown Agencies,"$102,918.20 ",$442.17 ,Ontario Hydro,DESIGN ENGINEER - SPECIALIST,1997,41a7bd9276663184b0bb269f57afc046434b33daa7e5ccf13baba927e78acdaa
Crown Agencies,"$114,937.87 ",$814.71 ,Ontario Hydro,OPERATING SUPERINTENDENT,1997,7827410f8343e29bc52f97bfd3a9d58b5dd78de423321fd82362eb820770d9b3
Crown Agencies,"$103,212.19 ",$452.57 ,Ontario Hydro,SHIFT OPERATING SUPERVISOR (AUTHORIZED),1997,fe8c3069bbe3a4135894898b511d35c2e3c80b0be08a18fda492592b1bbbdbe8
Crown Agencies,"$102,738.17 ",$431.22 ,Ontario Hydro,SENIOR RESEARCH ENGINEER/SCIENTIST,1997,a6506a75c925d4beb4d21a8f33e46329074c18ef93d89c8fcd67dcfec09b4498
Crown Agencies,"$106,394.04 ",$458.61 ,Ontario Hydro,SHIFT MTCE SUPRV (CONTROL OR MECHANICAL),1997,1b7a43f704d5e623fe47619a4dc2cde4a3d4d4b5e24d934de0fcef305ab04a42
Crown Agencies,"$136,088.67 ",$363.33 ,Ontario Hydro,LEAD TECHNOLOGIST,1997,ffbfc28e780664de98b72d8f5e2526e98355bf2e84c228db01d5f03657264958
Crown Agencies,"$100,078.24 ",$498.72 ,Ontario Hydro,"TEAM LEADER, MANAGEMENT POLICY",1997,4e2ce675e03d50f4d00cf0c9a3e825ff4b0c87576ed36933d7cfe4e8d05454f7
Crown Agencies,"$125,059.18 ",$474.87 ,Ontario Hydro,SUPERVISING DESIGN ENGINEER,1997,4695633801a2b0912d40f8c118e577b38459a2126c34323dd8230d6fcf4bc654
Crown Agencies,"$106,291.08 ",$435.71 ,Ontario Hydro,PROJECT LEADER II,1997,8df10a9b5b63b1da5f47661805a9d67c300e939ac22e66e33d461ce7f1b72f58
Crown Agencies,"$100,164.74 ",$469.59 ,Ontario Hydro,SHIFT OPERATING SUPERVISOR (AUTHORIZED),1997,8cfdc8e1a5e3e8e43c187e33e54e4558e7f1662dbe36bb896cec052edb13978a
Crown Agencies,"$125,709.11 ",$435.35 ,Ontario Hydro,DESIGN ENGINEER - SPECIALIST - POWER EQU,1997,75941f5ebd8d77bf91b2b2552fedcf0f0a9b52404f2b2e72940265396577d9bb
Crown Agencies,"$102,321.82 ",$984.71 ,Ontario Hydro,"SR MGR, PLANNING & SERVICES",1997,597d80ddb5674fb92a1cb1daf5511e1120d6d1e8e2376817f7d616dcb1b67bc3
Crown Agencies,"$101,718.17 ","$1,896.45 ",Ontario Hydro,"MANAGER, FINANCIAL SYSTEMS",1997,fc2c9ab70d1e2c4aae1e630a268a79d3e9144731d15eea6b33e20dbc346cf2b2
Crown Agencies,"$123,654.76 ",$628.05 ,Ontario Hydro,"DIRECTOR, TECHNOLOGY SERVICES",1997,8c177f1850bfac6a661d8ae8f6aec959b097ee2dc709b26a7c6b654aed018139
Crown Agencies,"$103,574.66 ",$0.00 ,Ontario Hydro,PLUMBER/PIPEFITTER FOREMAN - CONST,1997,fa6221b6f6cbd87459343fa11f3145d124651353b8844c8afb078408dbee5da8
Crown Agencies,"$130,269.03 ",$387.17 ,Ontario Hydro,TRADES SUPERVISOR MAINTENANCE,1997,c2e6b6a429f712bf1521f0e9d1bb81b2ee9eb3f347743949613c12aa8a99b4ad
Crown Agencies,"$209,553.35 ","$25,651.12 ",Ontario Hydro,"GENERAL MANAGER, HYDROELECTRIC",1997,686408553e67203e997a70eaae369c7444ed907ec52e70660eb85e8937f5d045
Crown Agencies,"$110,173.51 ",$449.07 ,Ontario Hydro,EXCHNG COORD - SCHEDULE/RESOURCE/SYSTEM,1997,06c98779c3298ee36f6a42baa47ca502e9ee739436e022abc83ea82855e0440d
Crown Agencies,"$103,251.14 ",$534.09 ,Ontario Hydro,MAINTENANCE COORDINATOR,1997,ed4527a658de293e4d865d868efc6d4473943e290be985ad75e54dc5dff27e96
Crown Agencies,"$108,820.54 ","$4,321.41 ",Ontario Hydro,"MANAGER, SAFETY SERVICES",1997,bef0256b652a1ccd91d3de3d6d24f8d9ee1d8c5c0fbe2f26326a49c26799515e
Crown Agencies,"$104,038.52 ",$456.35 ,Ontario Hydro,SHIFT SUPERVISOR,1997,78a6a73e55cad103a7aa044c0e170cb45755a6219c805a0cd49b7fecbc357b20
Crown Agencies,"$113,954.52 ","$1,539.06 ",Ontario Hydro,ENGINEER/TECHNICAL OFF-COMMERICAL & RES.,1997,a5402eea89fb842f34efca70521befbe9b7239d2bad2cf3538da77a86fd547dd
Crown Agencies,"$115,339.60 ",$464.10 ,Ontario Hydro,TECHNICAL SUPERVISOR,1997,1bac5407633a4c54de46ac4e06c6e46ea1180804d25919ca347d6c0255c2a10d
Crown Agencies,"$104,291.41 ",$353.77 ,Ontario Hydro,TECHNICAL ENGINEER/OFFICER,1997,ea7d0e6f465a980cb0750cecd0a0de173f7390f2476aa4b7c41f3ccb28e37a34
Crown Agencies,"$101,208.39 ",$352.29 ,Ontario Hydro,LEVEL 1A OPERATOR,1997,d09c3f12b0454f8a2eadc0eff18c53b76bd449b2d309d96c1f69aab66472147f
Crown Agencies,"$119,022.44 ",$495.62 ,Ontario Hydro,PRODUCTION SUPERVISOR - TECHNICAL/CHEMIC,1997,c236b0e8b2b87fc0f6d3d38721aa38317e4966d796186e690e96bcc197c2a6d1
Crown Agencies,"$116,842.58 ",$486.03 ,Ontario Hydro,SUPERVISING DESIGN ENGINEER,1997,0424caa21da56c227b26f838e9fafc8aeb659dd1876a82531be4d4e5218a0ab1
Crown Agencies,"$102,374.37 ",$381.87 ,Ontario Hydro,AUTHORIZED NUCLEAR OPERATOR,1997,a92561dd4b710e7ffc6191f008f02c4388df38410df09c6684c778e30c0bd2ba
Crown Agencies,"$118,773.17 ","$1,106.66 ",Ontario Hydro,"MANAGER, ELECTRICAL INSPECTION",1997,a822e5e8c8108041ac831905d4e2d2487eb2673eacb311d020a05d7f9d0906f6
Crown Agencies,"$100,510.56 ","$1,889.55 ",Ontario Hydro,"MANAGER, WATER RESOURCES",1997,4eff319be100e4f55a7cebfda4a744ac6537d2fa7e44ee466dd098508256d5fe
Crown Agencies,"$108,213.20 ","$1,927.89 ",Ontario Hydro,"MANAGER, BUSINESS SUPPORT",1997,5328aa1d798ac09670e28d5c2d8112b0ae76b90b7e48df215035e9e0fb91c732
Crown Agencies,"$100,338.91 ",$509.55 ,Ontario Hydro,"MGR, GRID SYSTEMS REAL ESTATE",1997,f3fd0968fd4ff2ebfca5280f57bb3edd4c88eae9f27c64f30eb1ef70788bb9a7
Crown Agencies,"$112,420.24 ","$9,877.11 ",Ontario Hydro,"DIRECTOR, OPERATIONS & MAINTENANCE",1997,bb18d51b45f76c76cfd178bb544bf652f8dcff75d67117dc6fc4054417b6886f
Crown Agencies,"$118,346.41 ",$381.87 ,Ontario Hydro,AUTHORIZED NUCLEAR OPERATOR,1997,2d798cc47323901c5d084b057619d543b0b4dfd07d23624a32d34c4ee98d9acc
Crown Agencies,"$107,856.65 ",$486.50 ,Ontario Hydro,TECHNICAL SUPERINTENDENT,1997,08395a66907c21baf983cbc97118692a0b3e3cc9607d2e6047d2625037ac1da6
Crown Agencies,"$106,596.18 ",$502.29 ,Ontario Hydro,TECHNICAL SUPERINTENDENT,1997,c006a36037e459c6148a9d801d2334c51a85b999a9e4984f28e5afd6f9511726
Crown Agencies,"$108,284.01 ",$555.99 ,Ontario Hydro,"DIRECTOR, TECHNICAL SERVICES & PROJECTS",1997,5255f71f67296f122f7641b1bf89fdc9d8357f48786b6dbf04ae7e01d6e19d3a
Crown Agencies,"$113,952.32 ",$381.87 ,Ontario Hydro,AUTHORIZED NUCLEAR OPERATOR,1997,98130666825d10fb725c7c089a67c00f668e1aeb13b266575707f280fa5ac6c2
Crown Agencies,"$117,563.86 ",$450.45 ,Ontario Hydro,SENIOR PAY SYSTEMS ANALYST,1997,e3a2304b7613850b2168aa5e42428e8caeb928ffba2f3985fff848ca794c69e6
Crown Agencies,"$112,753.57 ","$1,945.53 ",Ontario Hydro,"MANAGER, LEGAL SERVICES RETAIL COMPANY",1997,0eeb93d51c4c3bc014c5eba3bfd49cd8d67d15ef068886d60aa3f8ba7b6df7dc
Crown Agencies,"$106,357.90 ",$437.89 ,Ontario Hydro,SHIFT MAINTENANCE SUPERVISOR-MULTI-FUNCT,1997,2f35a0f777e76c831e4905569327f7d892f6672ae1214ea1c565a6e198fb3808
Crown Agencies,"$111,054.93 ",$395.34 ,Ontario Hydro,SHIFT MAINTENANCE SUPERVISOR-MULTI-FUNCT,1997,b68d6c9ec6eb7d97bab0b0aaca222d1e0768ab402283ed0a6db452b2653ffac6
Crown Agencies,"$101,276.91 ",$542.43 ,Ontario Hydro,"PLANT MANAGER, HEAVY WATER",1997,31495ec796305b15a05b0f1a7949ccec618d2b32557be0e8d1c4ba3ceb06822a
Crown Agencies,"$113,947.28 ",$381.87 ,Ontario Hydro,AUTHORIZED NUCLEAR OPERATOR,1997,c8acb299d1479667f38a310029dd1df71821ca01859ea064ff780a21293a69c3
Crown Agencies,"$119,409.70 ",$263.62 ,Ontario Hydro,PROJECT MANAGER,1997,671f00e634c5897f2a69862ae3c1c76fbce99358a5c55fd5a37038afa962619c
Crown Agencies,"$105,879.70 ",$442.21 ,Ontario Hydro,EXCHNG COORD - SCHEDULE/RESOURCE/SYSTEM,1997,2878e23a83a3c9592d30208443a0ac9fe74d58e57805640b1b0cbd7e1614e065
Crown Agencies,"$350,130.86 ","$18,703.30 ",Ontario Hydro,CHAIRMAN AND CEO,1997,230dc1815e7f26c6916d126864f4540b3f3c54f5ad0c3860e79456e740091890
Crown Agencies,"$104,810.44 ","$8,024.11 ",Ontario Hydro,"MGR, UNIT PRODUCTION B",1997,ea40fa085410ef97946dafc9c56f7fa615915534c72a65e58e3ed2ebfff5b5c8
Crown Agencies,"$122,995.86 ","$1,009.85 ",Ontario Hydro,"DIRECTOR, SUPPLY CHAIN MGMT & SUPPORT",1997,21d5590cdf3947140ebaa41bb1d435f216904dba46f44741d073a953aadfd222
Crown Agencies,"$380,000.00 ",$870.89 ,Ontario Hydro,"GENERAL MANAGER, NUCLEAR BUSINESS UNIT",1997,487767ac56aefb51c7598c0bfa1dad17555b72021bcd41b6354d63b00f74b108
Crown Agencies,"$112,855.86 ",$357.51 ,Ontario Hydro,REGIONAL MAINTAINER - MECHANICAL UTS,1997,150c259c034ba6c24e5405aced352827795aec7ec1db13d60b09984760080b17
Crown Agencies,"$115,473.13 ","$1,485.49 ",Ontario Hydro,"MANAGER, STAKEHOLDER RELATIONS",1997,169f13d1fc4e9c6931b03e1aef1b36c608dc0001ed626d1d1c30fd9e904973c2
Crown Agencies,"$124,855.88 ",$381.87 ,Ontario Hydro,AUTHORIZED NUCLEAR OPERATOR,1997,cb6876c0094fef2c3994de3e953b3a0e76c19c54944cad408cfdfc30b2199471
Crown Agencies,"$126,733.52 ","$2,022.75 ",Ontario Hydro,"ASST GENERAL COUNSEL, LEGAL PROCEEDINGS",1997,e035c6d76d2063ae35924299ee6d4cc430937ef4444dc8004380b10c76208b50
Crown Agencies,"$118,188.50 ","$1,030.93 ",Ontario Hydro,"EXEC DIR, MRKTG & NEW BUS DVLP",1997,9cbd2c0e8f011822ab26fae93fe94410666c2c03101f84a2e2f666f5268d9f8c
Crown Agencies,"$102,219.19 ",$381.87 ,Ontario Hydro,AUTHORIZED NUCLEAR OPERATOR,1997,8e34b158eb249e69f3072893536e51a171d1e6824cfa2c6a10d6488a15f323fc
Crown Agencies,"$113,507.74 ",$471.59 ,Ontario Hydro,ENGINEER/TECHNICAL OFF-COMMERICAL & RES.,1997,9ad67cba02524a94955487b985b191b2c062fe2abb4476867873ccf90debd3ef
Crown Agencies,"$104,640.32 ",$322.80 ,Ontario Hydro,AUTHORIZED NUCLEAR OPERATOR,1997,1d0a8e180b5d950e61d15b3eb7a33ef78f63af96c82691aa900c4af647677d2f
Crown Agencies,"$101,617.83 ",$447.69 ,Ontario Hydro,SHIFT MAINTENANCE SUPERVISOR-MULTI-FUNCT,1997,503f382b2f95337a20162a461ff77f2a6f7b930cfae8623f246e05f339229da9
Crown Agencies,"$119,760.68 ",$480.57 ,Ontario Hydro,PRINCIPAL RESEARCH ENGINEER/SCIENTIST,1997,91b282ea58f0e33cf916940b4c627a6b7d32629cb759f8c5a84cca10066ff0d5
Crown Agencies,"$101,175.53 ",$486.03 ,Ontario Hydro,SUPERVISING DESIGN ENGINEER,1997,2e5b01fe430dcbe76a4a43e08e273813b53ebaf06c139f34498030d0d030ad93
Crown Agencies,"$100,078.29 ",$970.63 ,Ontario Hydro,"SR. ADVISOR, INVESTMENT PLANNING",1997,90bd83ffc0f4d28a4d765408b363688374476c7b9138299d7e69b8f6cefb75ba
Crown Agencies,"$105,218.67 ",$534.63 ,Ontario Hydro,"MANAGER, GRID PROGRAM",1997,2a4abefc6decd9f1e99dfe90ddef41499407862809c8984fba6d749a10231ce8
Crown Agencies,"$140,435.88 ",$486.03 ,Ontario Hydro,PRINCIPAL RESEARCH ENGINEER/SCIENTIST,1997,ad39c1434b6d2ac5d8ed0c54dcf7b86031b35994652bb54461dad22ac93e7ec3
Crown Agencies,"$100,130.84 ",$538.73 ,Ontario Hydro,SR COMPENSATION & BENEFITS OFFICER,1997,274d8bd432a31a7fc87fbcec208eacfe8239df36aba4537f2717a901e251da75
Crown Agencies,"$112,017.54 ","$1,949.85 ",Ontario Hydro,SR SOLICITOR,1997,5354f54a337cfa36843e72b38128a17cb9fa804039dea3e0c40d5ac60828c67e
Crown Agencies,"$127,776.51 ","$9,246.03 ",Ontario Hydro,"PLANT MANAGER, LENNOX GS",1997,29f662f27e3d9f5e0b9bc284cb6dfc460c4788a81df55f5238405cd20d3e1993
Crown Agencies,"$104,354.06 ",$446.25 ,Ontario Hydro,PRODUCTION SUPERVISOR - PLNG & SALES,1997,f25856fc382bee028b8f1eec1bacd94d23f84c3c8f6e65029645b265bd2bd2b5
Crown Agencies,"$102,821.31 ",$417.81 ,Ontario Hydro,TECHNICAL SUPERINTENDENT,1997,2d28db1330ce106b14452e13c2a8b9e70741eee19f3445c64ce92e65f3b7f4a9
Crown Agencies,"$410,129.76 ","$12,836.66 ",Ontario Hydro,"EVP, MANAGING DIRECTOR, GENCO",1997,f5170fd7ce386523651b1d4ed47a2044200494143977626f81ae9341152933aa
Crown Agencies,"$110,655.98 ",$671.61 ,Ontario Hydro,"DIRECTOR, CORPORATE BUSINESS DVLPMNT",1997,cbc4fac24f562ce923c4d30bc8a88d782bf6eb2bf9f18d94e4bfa11943533f40
Crown Agencies,"$109,142.24 ","$1,924.11 ",Ontario Hydro,"EXECUTIVE DIRECTOR, FINANCE",1997,5fb374521b66cd89c7dff2af9dc90f829fe75a0b9f82c996d26188d7ac360c67
Crown Agencies,"$101,656.43 ","$1,878.63 ",Ontario Hydro,"MGR, AUDITING, MONITORING & REPORTING",1997,ba31893a725c7f1640a68ee7c67419e3354e6ba012e430198bb68b9a22c94074
Crown Agencies,"$118,871.14 ","$2,290.01 ",Ontario Hydro,"DIRECTOR, WHOLESALE MARKETS",1997,fedd319c4a2e2f15406db4567caa42bbf9e5d561269a9aa93faa2b5ebd46f200
Crown Agencies,"$103,997.69 ",$463.41 ,Ontario Hydro,GENERAL FOREMAN 'A'-STATIONS & MISC.,1997,02106052a9dbb473208b543bcd3c6340c9e5e1d1efd7a4a4dbfa073907a728f6
Crown Agencies,"$100,667.33 ",$306.04 ,Ontario Hydro,SHIFT MECHANICAL MAINTAINER I,1997,e5fe493d49c5f9fc70c2822899aafbaae0a5e898be9a5876110da6e0275f272e
Crown Agencies,"$102,416.63 ",$558.57 ,Ontario Hydro,"DIRECTOR, STATION ENGINEERING",1997,8e36e4d25d12a5389f8a513be27bb9b57d0f73f51ea029dd96b1ef9c3290d5b8
Crown Agencies,"$103,177.33 ",$511.99 ,Ontario Hydro,SHIFT SUPERVISOR IN TRAINING,1997,af6a23d19e46f3fe3de054ab9b08e2b52f9355a5861f14e3a1681e664dd1982a
Crown Agencies,"$100,880.25 ",$488.82 ,Ontario Hydro,TECHNICAL SUPERINTENDENT,1997,157ee9afbc46e1eb77fcf63afe03e167516f3d295e4dd7c957d04d44e8ba60e7
Crown Agencies,"$106,290.16 ",$487.05 ,Ontario Hydro,SHIFT OPERATING SUPERVISOR (AUTHORIZED),1997,02f0646a7519b12434491e600996332e3b4f1ec39610116ef127921d5ba0e94d
Crown Agencies,"$104,711.98 ",$324.99 ,Ontario Hydro,INSPECTION AND MAINTENANCE TECHNICIAN II,1997,830e1c28f9df7ff5d5b5e78c371d30728bd0e76e3808a972cbfd0149196a636c
Crown Agencies,"$102,044.85 ",$427.53 ,Ontario Hydro,SHIFT OPERATING SUPERVISOR,1997,af581ed1c54ac7adfe1dc107cc4275c0957e6a3ec9449d8ac250bd8c82b28094
Crown Agencies,"$105,614.12 ",$381.87 ,Ontario Hydro,AUTHORIZED NUCLEAR OPERATOR,1997,9d959e61778d63229271df27178c6789b32ea174b05749707ed962a6e095a24b
Crown Agencies,"$101,312.44 ",$347.29 ,Ontario Hydro,SENIOR PLANNING TECHNICIAN,1997,ee64ea28842f2bc23e3ac2104edcb99ce367bb757199e7d71eb7acb24731f5e4
Crown Agencies,"$104,892.89 ",$477.87 ,Ontario Hydro,SR SHIFT CONTROL ENGINEER/OFFICER,1997,5d1f9c13fcd494b575e136e71fe0836c90caed5e75d6a95f8400bb09be3552ad
Crown Agencies,"$101,584.94 ",$428.62 ,Ontario Hydro,SHIFT SUPERVISOR IN TRAINING,1997,ce51e4c0854786bb0f597232d75079186fd49b1e78314be168b5409b7f8b503d
Crown Agencies,"$104,261.46 ",$455.94 ,Ontario Hydro,GENERAL FOREMAN - PIPING,1997,37d22f798df564a19a3d7bc35f01456a4485408812ebc459739cf10a7c4c5033
Crown Agencies,"$106,952.54 ","$1,905.93 ",Ontario Hydro,MANAGING PARTNER,1997,6bb0f0deba14d99ef02666bd62f1c93bc4e9b369711e9b1a706d772a36a8a0f8
Crown Agencies,"$104,576.48 ",$341.38 ,Ontario Hydro,SENIOR TELECOMMUNCATIONS ANALYST,1997,0efaae4644ec733283a68c41e2f20a91c17a5c76ae0125be68f305aad3bcfaf0
Crown Agencies,"$102,214.33 ",$494.34 ,Ontario Hydro,SHIFT SUPERVISOR,1997,df45cabb31a8c58f1ec6c14da6b2422a529600cfe29124ac5cc46f815c2d65a9
Crown Agencies,"$120,339.72 ","$1,966.32 ",Ontario Hydro,"EXECUTIVE DIRECTOR, BUSINESS SUPPORT",1997,1bbd72ac1d7ed3300633167af23b816ff02b21cba4c81d6e30929cb4c1c2e061
Crown Agencies,"$112,035.36 ",$406.00 ,Ontario Hydro,SENIOR ENGINEER/SCIENTIST/TECH OFFICER,1997,2078879a59007e5708a594334c34c54fa9dce09c4e85ea217114178854384307
Crown Agencies,"$106,211.80 ",$698.72 ,Ontario Hydro,SUPERVISING DESIGN ENGINEER,1997,5f187c8bf4c9798442226c1ce9439f12ccea10edbc46b5c45554e22e6366a430
Crown Agencies,"$115,135.55 ","$1,944.21 ",Ontario Hydro,"EXECUTIVE DIRECTOR, HUMAN RESOURCES",1997,33f01d00ba195b8b63c0bad5d2fdd683082a8080b50b0552d8e3e7f83270f1db
Crown Agencies,"$101,098.19 ",$273.99 ,Ontario Hydro,SHIFT SERVICEWORKER (THERMAL),1997,0589f0b995713f8925e9b0e9f9789b6a9c15e95a0f8c61a7c1396dd32d4c053b
Crown Agencies,"$102,295.43 ",$476.71 ,Ontario Hydro,TECHNICAL SUPERINTENDENT,1997,b363b68524c70a7a92778eb2f1e1e7e47b8300b051eac84a514dc4c0647b1259
Crown Agencies,"$114,252.65 ",$554.55 ,Ontario Hydro,SUPERVISING DESIGN ENGINEER,1997,d42b376acf63c9a327c8c1132e95c4db07447866b4f92eba58c8da54423d76d1
Crown Agencies,"$114,817.84 ",$543.63 ,Ontario Hydro,SHIFT SUPERINTENDENT,1997,8f84e6215dec9192da2da5b35ff07b15f85a8b6cb5d75a4c9433e4790d58d8a6
Crown Agencies,"$221,905.53 ","$12,088.31 ",Ontario Hydro,"SENIOR VP, CENTRAL MARKET OPERATIONS",1997,848d6c205c0de7e36eacea80ec2fb8c5891d442ec945dfdb0451432f5c9ff8b6
Crown Agencies,"$119,328.51 ",$381.87 ,Ontario Hydro,AUTHORIZED NUCLEAR OPERATOR,1997,de1c3ed83343f0c0d0a483fc706c7ab45bd26b23a05c166cc17ffa4b048e3ab3
Crown Agencies,"$110,784.02 ",$464.10 ,Ontario Hydro,TECHNICAL SUPERVISOR,1997,04a9bf0900a2a5e23867e7997a5255fad45113dbaf002f6dfea9463212d44905
Crown Agencies,"$104,667.10 ","$4,907.10 ",Ontario Hydro,"MGR, CONFIG. MGMT & SYSTEM SUPPORT",1997,4f31acabea0065d634a1a81a347a3f44d7cbc73519fe0f100a2a23a50d97c3dc
Crown Agencies,"$121,538.01 ",$495.98 ,Ontario Hydro,SINGLE UNIT SHIFT SUPERVISOR,1997,3c90d124571958db664d9ce8191afea9e8dec7b572ebc4479a8038ef88944942
Crown Agencies,"$102,410.68 ",$0.00 ,Ontario Hydro,ELECTRICIAN FOREMAN CONST,1997,5da24a86c1ef88181906a92423bf33c59a449b5582e3faddef26a502325135f6
Crown Agencies,"$100,837.29 ",$381.87 ,Ontario Hydro,AUTHORIZED NUCLEAR OPERATOR,1997,3a3bf085d7ac1ff98fc3460957811e0479fb403cd26f5ca8e4e87f80c5d8a00a
Crown Agencies,"$101,448.55 ",$490.26 ,Ontario Hydro,SHIFT SUPERVISOR,1997,4452544bdcf742a3dc4889cc081470cea7f3a6f49ce9d0c0da877362f72e4b4f
Crown Agencies,"$107,693.81 ",$381.87 ,Ontario Hydro,AUTHORIZED NUCLEAR OPERATOR,1997,7752a0c1bbc68da75163647213825b3ab6e2f9f8e71ce3ac814860288ec61fb2
Crown Agencies,"$101,728.61 ",$381.87 ,Ontario Hydro,AUTHORIZED NUCLEAR OPERATOR,1997,c47296606eef34fdf30b04a6bcf625e63de39f4b91b715fd513cc103849970ad
Crown Agencies,"$115,408.04 ","$1,416.17 ",Ontario Hydro,ASST GEN COUNSEL-PENSION & SECURITIES,1997,98b48d30edb2db925ce5408ecd87584b3386e775b6d64fbdfbd775f0908ea919
Crown Agencies,"$101,213.28 ",$439.53 ,Ontario Hydro,SHIFT OPERATING SUPERVISOR,1997,4ff0d853823ae2409e2879aeef605bc4c10e66bc5d8f5e5aa7aefc086dc60c43
Crown Agencies,"$110,283.30 ",$367.90 ,Ontario Hydro,DESIGN ENGINEER SPECIALIST - ELECTRICAL,1997,1bf8993c4f8370760cbc43e4cca48c4746886355c6c890ab1438434a92e87fa9
Crown Agencies,"$287,684.57 ",$663.96 ,Ontario Hydro,"SR VP, CORPORATE HUMAN RESOURCES",1997,cb5c4f2511a511915eed754a58543f76b86a515ee2291c75d3b0f0a2d30a6926
Crown Agencies,"$111,755.88 ",$464.10 ,Ontario Hydro,SHIFT OPERATING SUPERVISOR (AUTHORIZED),1997,c99c15a77b91f7a4df0bfaf533b97529161ec6611fde484bdbacf9f002a63e05
Crown Agencies,"$105,402.18 ",$381.87 ,Ontario Hydro,AUTHORIZED NUCLEAR OPERATOR,1997,dbd47fbe149962535a2bc2ca0005941ad2628ef0a35f3cb694c471ea4c8e2065
Crown Agencies,"$105,120.59 ","$1,113.89 ",Ontario Hydro,"MANAGER, INDUSTRIAL SALES",1997,9fc58dc2a8dbbfd8d3dbf8f0ce18e3f4ec651537ce682289cfb55cc895093efe
Crown Agencies,"$107,249.36 ",$439.53 ,Ontario Hydro,SHIFT MAINTENANCE SUPERVISOR-MULTI-FUNCT,1997,4f3a3baa5aab627c6f49fde3bb2b3792a0bd0dfa0e3b7ab665f66c4e1653d7b9
Crown Agencies,"$100,822.66 ","$1,846.15 ",Ontario Hydro,"TEAM LEADER, INTEGRATION",1997,47360e3992444a6ed0addd7cbcacbc9f056312fd7d20edc5088118eebf0579ec
Crown Agencies,"$113,091.88 ",$569.85 ,Ontario Hydro,"DIRECTOR, HUMAN RESOURCES",1997,3b950bf40bf8cc6833874406dbddc6f72a15c69c0a1fa645aee2472dc4a60d4e
Crown Agencies,"$101,696.86 ",$462.05 ,Ontario Hydro,SHIFT OPERATING SUPERVISOR (AUTHORIZED),1997,c36fb4213b50cfb61c62debd759fb0063cfe5f9f64ab25aac00b4c222f961ef3
Crown Agencies,"$101,314.90 ",$367.03 ,Ontario Hydro,SHIFT UNIT SUPERVISOR,1997,90b2887cf3d540087ac5e126aaadba60c502264ae46f3602ac64d15b81fac329
Crown Agencies,"$104,972.35 ","$6,276.79 ",Ontario Hydro,"MGR, MATERIALS MANAGEMENT",1997,98e936eb91e0062a9ce0193daaddd8ce10f50ea8e82fe994995ffd93c88adb49
Crown Agencies,"$101,940.83 ",$423.09 ,Ontario Hydro,PRODUCTION SUPERVISOR - SHIFT,1997,4ad85afc6cdc3609c1f3011a6b06dcad1929a88bec06602333d2f6a9b44d916d
Crown Agencies,"$100,775.71 ","$1,881.99 ",Ontario Hydro,CLIENT SERVICES MANAGER,1997,bd6f4c7fb70e2d4501d9300fd96887e395f5995f562a9fb9261bf39b2ad9e29a
Crown Agencies,"$104,442.30 ",$512.05 ,Ontario Hydro,SENIOR TECHNICAL SUPERVISOR,1997,2dc33e0d17de4c7f37634b3d73142c07b41ec87982042102f26d1b443fe42d21
Crown Agencies,"$106,858.77 ",$423.09 ,Ontario Hydro,SENIOR INFORMATION SYSTEMS ANALYST,1997,48eb60172c26beff798f38b5707567532453216ebd6acba93e2fded65247678c
Crown Agencies,"$128,537.17 ",$458.61 ,Ontario Hydro,SHIFT MAINTENANCE SUPERVISOR-MULTI-FUNCT,1997,948f4c496783ba9cbb9f657095fa7f38b3597d8a74052eb154559a3b7efcf748
Crown Agencies,"$102,091.78 ",$458.61 ,Ontario Hydro,TECHNICAL SUPERVISOR,1997,ea02a20c2c531379712bbaeaf6928eabccee0dee449759e2c3884910b0f63a3a
Crown Agencies,"$118,568.58 ",$510.75 ,Ontario Hydro,SHIFT SUPERVISOR,1997,b8e04c4698ef21406f8a3db492685009f46a1efc7ab7a565dbfb85262093eedc
Crown Agencies,"$106,624.08 ","$6,985.60 ",Ontario Hydro,"MANAGER, PROGRAMMING",1997,f26748370d5e118e2d8ff1a5ad642261d2238a0b02246a4b7edcfa7f344e0a58
Crown Agencies,"$101,524.70 ",$398.67 ,Ontario Hydro,ENGINEER/TECHNICAL OFF-COMMERICAL & RES.,1997,b5a53e63ae9f67d651d3e0ac872d6aca4af1abce6142735f8665580f20b21807
Crown Agencies,"$107,882.80 ",$752.28 ,Ontario Hydro,SR PLNG/MARKETING/REPORTING SPECIALIST,1997,cb446aa5ed895390fe5895c4ce739798bbd755b3fd94ee5e12bb077c2f3f5f1f
Crown Agencies,"$130,922.13 ",$418.83 ,Ontario Hydro,"DESIGN ENGR SPECLST-LNE STUCT,LNE FNDATN",1997,448f8ecddd196b0acdada6554e3840de4e5a50753f383566b017bb9fdeb6a60c
Crown Agencies,"$128,300.41 ",$496.99 ,Ontario Hydro,SHIFT SUPERINTENDENT,1997,e940bb7705f5c18162bba6cdf8568e8630f58b44225b42b90713fa9e399667f0
Crown Agencies,"$113,592.28 ",$520.47 ,Ontario Hydro,"PLANT MANAGER, NIAGARA",1997,e3c33e9f175999780b7cfe188615ca2b7537e2dda157cbab7551b72fec81dc4c
Crown Agencies,"$117,009.05 ",$453.15 ,Ontario Hydro,SHIFT MTCE SUPRV (CONTROL OR MECHANICAL),1997,c3d361b6451cf6b73acfe85110f7a8f6a571cafa20a256aacabd15d1ba7bf6b6
Crown Agencies,"$124,800.50 ",$503.11 ,Ontario Hydro,SHIFT SUPERINTENDENT,1997,b02148bbe52f03aebe339fa81025c5bfb0657e444ef8a50b985af975c25381b2
Crown Agencies,"$108,374.40 ",$465.33 ,Ontario Hydro,SENIOR PRODUCTION SUPERVISOR,1997,2e374778baee4595af1e1204934f2549e2ee113fbe7b2333b4b33a4256ba13e9
Crown Agencies,"$108,934.73 ",$519.29 ,Ontario Hydro,SHIFT SUPERINTENDENT,1997,6bb4fccce12216eece685a97a0b1173faf02b7620e32a0be047d1646fb1c79de
Crown Agencies,"$104,782.56 ",$425.76 ,Ontario Hydro,NUCLEAR DESIGN ENGINEER - SPECIALIST,1997,e35660514f69442eafaefe81c23db0f221e32992c77fa573b10922eb82f02d37
Crown Agencies,"$133,602.80 ",$473.29 ,Ontario Hydro,EXCHNG COORD - SCHEDULE/RESOURCE/SYSTEM,1997,2ba090b5e1d2669796805182024202085b01c477267fd2d5df8577b99eac042a
Crown Agencies,"$100,996.33 ",$706.17 ,Ontario Hydro,AUTHORIZED NUCLEAR OPERATOR,1997,95c32a3c2eb73710339c5f62c177ecd6523eef4c4f3b8ceb961e6f0cb5e77c42
Crown Agencies,"$141,817.67 ",$550.73 ,Ontario Hydro,SHIFT SUPERINTENDENT,1997,e46195cac3c1d8f4ac336af55ca66b7c56e729403253ae2b1b56b88a3aea327d
Crown Agencies,"$116,854.86 ",$477.87 ,Ontario Hydro,ENGINEER/TECHNICAL OFF-COMMERICAL & RES.,1997,a6494530f6b0fb1c35b85dadcc0d1842919c3058ef7765724bb053a4fae67cf3
Crown Agencies,"$104,746.31 ",$359.90 ,Ontario Hydro,PROTECTION & CONTROL SUPERVISOR,1997,a62453f372da25bad078be9688c505268fcd8b1ccd2ed1108ec212d0686bb2a1
Crown Agencies,"$115,126.20 ",$469.05 ,Ontario Hydro,"MANAGER, MAINTENANCE TRAINING PROJECT",1997,32cc434ee509b2193ca54840c468967ceb1494240d461189f94c22c223d262fd
Crown Agencies,"$103,908.45 ",$434.07 ,Ontario Hydro,SENIOR ENGINEER/SCIENTIST/TECHNICAL OFFI,1997,13646fb51ed0c13b1a48346b6a43779ce9da24e29f5013368b0134587f3b3c3e
Crown Agencies,"$104,224.09 ",$488.35 ,Ontario Hydro,PRDCTN MTCE SUPVR -OPRTNG FLD/FUEL HNDLG,1997,e6d475dba79d57e7d249a808f93989da1f73d53a7264ba9e4430f4320fc7166e
Crown Agencies,"$102,854.53 ",$453.27 ,Ontario Hydro,EXCHANGE ENGINEER/OFFICER,1997,5d26801fc7fec9c7f8832c0eeafac903c1231c97b3b2759896652cb1ab376129
Crown Agencies,"$100,517.94 ",$542.43 ,Ontario Hydro,"MANAGER, FINANCE & BUSINESS SERVICES",1997,bf3b398a2f2660bba5a3fe9264957dd1ec35c15243873df47a6519ee09182893
Crown Agencies,"$119,959.44 ",$363.33 ,Ontario Hydro,SENIOR INSPECTION AND MAINTENANCE TECHNI,1997,43b7d70d8477d02f43eda08df3fd460c00a64ae7910741861a17a7cbd3774d11
Crown Agencies,"$138,707.05 ","$9,261.83 ",Ontario Hydro,"DIRECTOR, OPERATIONS & MAINTENANCE",1997,5bfa8e0690ac6c8a497d2026468e219c5a77a49c11075a0a00bd9005edbdf134
Crown Agencies,"$130,481.94 ",$363.33 ,Ontario Hydro,LEAD TECHNOLOGIST,1997,554e970b726801e54f3f818d3b654ad27996fb58c7a397c05114a0dab3b3fc4a
Crown Agencies,"$117,434.89 ",$462.05 ,Ontario Hydro,ENGINEER/TECHNICAL OFF-COMMERICAL & RES.,1997,c66418ea947042400209e93088d4d5742815111c5e832ce74cb0a95b172be04d
Crown Agencies,"$101,268.12 ","$1,873.74 ",Ontario Hydro,"MGR, BUSINESS/ENVIRONMENT INTEGRATION",1997,5c2bccedc8a1d8d5abf1c4a52dc9a3e5f6c13c9fd5bfbf881d9951aa408f7cce
Crown Agencies,"$102,133.60 ",$442.17 ,Ontario Hydro,TECHNICAL SUPERVISOR,1997,5f10c5c6ad25f414bfa2403bed41b115fb1aec148e2bd308fe138150a3418c57
Crown Agencies,"$106,582.02 ",$487.05 ,Ontario Hydro,SHIFT OPERATING SUPERVISOR (AUTHORIZED),1997,6b32a3723408db3a5dbeaeb54ffc3c47e66e945a1f15544a7fc63e9649db5b92
Crown Agencies,"$104,889.62 ",$439.53 ,Ontario Hydro,SENIOR ENGINEER/SCIENTIST/TECH OFFICER,1997,86e39c8ae1b9ca88527d6505aa161776f04ab463eb28705cc36185cfa8eb91b8
Crown Agencies,"$102,222.10 ",$344.47 ,Ontario Hydro,SENIOR GEOTECHNICAL TECHNICIAN,1997,acbac63b1707498a5818ea7bbbb1e18665ca1073dd6c030a657bd1c1cd176a3d
Crown Agencies,"$107,465.52 ","$1,927.89 ",Ontario Hydro,"DIRECTOR, FINANCIAL & BUSINESS SERVICES",1997,953758f0c810ad53c57c775911975b5144b8cf683d1fe396d039ef7e6d9846b8
Crown Agencies,"$100,232.64 ",$520.47 ,Ontario Hydro,BUSINESS DEVELOPMENT MANAGER,1997,0380f346d8f57d740999ba4f746b8c1a6f5c93405561c99cc86437771ec97b0e
Crown Agencies,"$108,174.47 ",$536.97 ,Ontario Hydro,"DIRECTOR, FINANCE",1997,008801542a0584e7e544f78fe512ec8faec9885e7d9d755de69f9163f89043df
Crown Agencies,"$116,059.63 ",$384.10 ,Ontario Hydro,SUPERVISING DESIGN ENGINEER,1997,a4aa12a7b500aae7bfe41af73ec079e6421f4ad2a56903403990000ee2253523
Crown Agencies,"$106,088.04 ",$445.91 ,Ontario Hydro,TECHNICAL SUPERINTENDENT,1997,df8bbe6345a3ba87998ee2ef62dea5820cc628ae39ef20eba43e8e0050c83216
Crown Agencies,"$102,710.56 ","$1,635.58 ",Ontario Hydro,SENIOR SAFETY CONSULTANT,1997,87444a720f722ac46e1b857ffdfe9119be1832dbb89c3b114a33310cfdf3fbc7
Crown Agencies,"$108,687.12 ","$7,267.23 ",Ontario Hydro,"MGR, UNIT 0",1997,12094057b413b4abbfcd9b25a26be105f4b664882b1f84e707a06dbe377251f7
Crown Agencies,"$116,537.52 ",$443.58 ,Ontario Hydro,EXCHNG COORD - SCHEDULE/RESOURCE/SYSTEM,1997,aeba546de3945b9473106393d7e06ab69eaa5ca25eaf783f937ee22f802d1118
Crown Agencies,"$112,700.27 ",$381.87 ,Ontario Hydro,AUTHORIZED NUCLEAR OPERATOR,1997,85cb971115749e5657255fc8cb2cadf4d58134e1144af797fcc2d3fd4cf6b6d2
Crown Agencies,"$101,005.56 ","$1,890.46 ",Ontario Hydro,PLANNING & REPORTING MANAGER,1997,26a83406e3ab3af20ae6a3d6880df642375c579c8fbb2056ec3f3f108334b3dd
Crown Agencies,"$109,497.10 ",$442.21 ,Ontario Hydro,EXCHNG COORD - SCHEDULE/RESOURCE/SYSTEM,1997,7961ed6ed73870861ba5bcfc2395e937c5dc86f2e069a2771839654cc4188642
Crown Agencies,"$118,241.58 ",$514.95 ,Ontario Hydro,SHIFT SUPERINTENDENT,1997,26145f4954ee58a0fe6eedc92f8e566404a79943b0ff465a5a213aa99bab94db
Crown Agencies,"$123,985.51 ",$498.63 ,Ontario Hydro,TECHNICAL SUPERINTENDENT,1997,f611135895d9c9702f370f261cf7c2134673351bbb7dca6ebf1610d8c5bd979c
Crown Agencies,"$105,886.28 ",$0.00 ,Ontario Hydro,ELECTRICIAN FOREMAN CONST,1997,a98e587eb28155c17320a44f75b2b75a26951ffe55ec5891fe3bd72cee197a7a
Crown Agencies,"$115,110.42 ",$501.21 ,Ontario Hydro,SHIFT OPERATING SUPERVISOR (AUTHORIZED),1997,cd02e2129f6c6636efff5a2dbc833ff6683e8180da9a959c667b6d8fa4ae6aa7
Crown Agencies,"$101,493.27 ",$327.95 ,Ontario Hydro,SENIOR DESIGN ENGINEER,1997,a514956acd7bf562059643dfd7301f6e631596cb31a51029ff6e659d8696c949
Crown Agencies,"$124,937.49 ",$411.03 ,Ontario Hydro,SENIOR TELECOMMUNICATIONS ENGINEER/OFFIC,1997,18dd3822c186625dd6d9e6570e2835964616aaeb66583ec3eb5063e6399eab25
Crown Agencies,"$103,946.58 ","$1,910.43 ",Ontario Hydro,"MANAGER, BUSINESS DEVELOPMENT S&IP",1997,c670d51da6b7de23012c03d56c11ca7c7ba6b3a88c23bcf469a286f63a020834
Crown Agencies,"$104,851.34 ",$381.87 ,Ontario Hydro,AUTHORIZED NUCLEAR OPERATOR,1997,618341f623c070571d6c0ad5ae563986b96447a3e169276bb54865e23755d2f3
Crown Agencies,"$106,074.84 ",$381.87 ,Ontario Hydro,AUTHORIZED NUCLEAR OPERATOR,1997,dc3e0589e640dd581b7a6abc2bcb0bdc64c71eb28fa575a1998ae029f90a59a4
Crown Agencies,"$111,131.76 ",$564.97 ,Ontario Hydro,"PLANT MANAGER, LAKEVIEW GS",1997,afdab2708399f09b01259db26eacd0a9c38673eb2213f1feb41992348951af83
Crown Agencies,"$114,647.63 ",$476.71 ,Ontario Hydro,SENIOR PRODUCTION SUPERVISOR,1997,f713e827f01bc874c8df4a73371085ea88e92e883f238fee17c614c3861d0481
Crown Agencies,"$101,473.23 ",$771.15 ,Ontario Hydro,SR SHIFT CONTROL ENGINEER/OFFICER,1997,1cc26a671fe71b888bf80e6914c1de6da683d0e4e029179c0e4a1974dc7d5297
Crown Agencies,"$104,999.96 ",$463.26 ,Ontario Hydro,BUSINESS DEVELOPMENT MANAGER,1997,dfb6af66f9b9e9108eea287751369a80a9ef6db2c8e164c1b00da3b8db650215
Crown Agencies,"$102,902.48 ",$289.66 ,Ontario Hydro,INSPECTION AND MAINTENANCE TECHNICIAN I,1997,28fd6fe319e15397e7e2449db09d8b4f43713f70e544f6c8e427a968d3f69f6e
Crown Agencies,"$113,926.28 ",$477.87 ,Ontario Hydro,GENERAL FOREMAN - MECHL (NUCLEAR & THRML,1997,a3607a0bd565650f9c8ee3b48ce4ffb28eb8a116925af75496e96f7ca9826287
Crown Agencies,"$100,608.88 ",$465.75 ,Ontario Hydro,BUSINESS SUPERVISOR-SUPPLY SERVICES,1997,5b0aba769313c64281ce54c4f24921064dd85d3c859c43d64a9b05b98fb6aacd
Crown Agencies,"$100,125.12 ",$455.41 ,Ontario Hydro,SENIOR PRODUCTION SUPERVISOR,1997,79e9e00dfaab15b1455111155a91d9ac42e99143ac0de218dfcbe2ad050285a4
Crown Agencies,"$102,282.04 ",$381.87 ,Ontario Hydro,AUTHORIZED NUCLEAR OPERATOR,1997,70f32155d23edfcfb292d9417a56d02aa28070e802a48ba50470d45676aecf77
Crown Agencies,"$100,295.52 ",$413.51 ,Ontario Hydro,PRODUCTION SUPERVISOR - SHIFT,1997,64ca58a550eee3aba969f5f0472ed6dd0a4ccb44823a9c22f6bcae8ef0f2655f
Crown Agencies,"$110,150.96 ",$455.94 ,Ontario Hydro,SR TRAINING AND SELECTION OFFICER,1997,4d298b0af791425c3f081a073bc6cd2525ecb53bc65fe7c87e14afe806cad594
Crown Agencies,"$116,575.88 ",$486.03 ,Ontario Hydro,SUPERVISING DESIGN ENGINEER,1997,779951598fa3682eff197b00bd1df714c251a0b714423ec2489098616b6f0298
Crown Agencies,"$104,187.14 ","$1,721.10 ",Ontario Hydro,"SR MGR, CONTRACT ADMINISTRATION",1997,261e921a3b309c87e53ef6f62376be07e5db0e92fc5436eebb1ed6a4896b388c
Crown Agencies,"$107,943.75 ",$381.87 ,Ontario Hydro,AUTHORIZED NUCLEAR OPERATOR,1997,ced65ef600d469d2bc161a6f370ee3932fb8173303f74d5300566dbb86b1adb6
Crown Agencies,"$136,359.10 ",$436.71 ,Ontario Hydro,TECHNICAL SUPERVISOR,1997,595bcdc032e7fadc06b60acccec3610763f9d9a318b2c86038c54861e418febc
Crown Agencies,"$114,931.77 ",$459.79 ,Ontario Hydro,TECHNICAL SPECIALIST,1997,42f00a52147584c1101c489a5df1252179dcbaca4534d29e04b2b9878f374c26
Crown Agencies,"$106,163.71 ",$381.87 ,Ontario Hydro,AUTHORIZED NUCLEAR OPERATOR,1997,865c9fd0f4db254add48a77bca43413a7fde4a3f462a0ed32cc321bb27d6adaa
Crown Agencies,"$122,685.45 ",$531.51 ,Ontario Hydro,MAINTENANCE SUPERINTENDENT,1997,e580c195f632725ff1067d114118d140bdbceacf4926a4e3790c602d4fe180b4
Crown Agencies,"$113,857.65 ",$344.47 ,Ontario Hydro,TECHNOLOGIST,1997,fab3531e9c26d6e8f54e28cada02e0c66b5d0ccbfcfefea292c0eab81c125bba
Crown Agencies,"$111,519.58 ",$524.37 ,Ontario Hydro,SHIFT SUPERVISOR,1997,8e9f7708321ef10a0abc490bcd8f824aa21c07b42118f133106bd2932e268884
Crown Agencies,"$112,440.77 ",$490.26 ,Ontario Hydro,SHIFT SUPERVISOR,1997,29901034e6f3c2f819b12555ec7b544324d230560549b55f4ca700fa5c6686af
Crown Agencies,"$105,457.47 ",$381.87 ,Ontario Hydro,AUTHORIZED NUCLEAR OPERATOR,1997,aed612de98d3664a8a8f7b30125173b5e715e091635fbb1679aa095067787408
Crown Agencies,"$118,417.45 ",$449.07 ,Ontario Hydro,EXCHNG COORD - SCHEDULE/RESOURCE/SYSTEM,1997,d636186952851ac53fa1f44050a7745019b00e51ee5f961e6820d82067cebbff
Crown Agencies,"$100,468.66 ",$494.34 ,Ontario Hydro,TECHNICAL SUPERINTENDENT,1997,9fe4fcff901239cf1d5970dbc842aff919a8d9bda88958fffaa7c504153d8549
Crown Agencies,"$103,694.71 ",$459.21 ,Ontario Hydro,SR SHIFT CONTROL ENGINEER/OFFICER,1997,bbba93f7d5807115af933eedced1b774ff82f3709cf521ffd75fe24eff1e4072
Crown Agencies,"$105,831.72 ",$381.87 ,Ontario Hydro,AUTHORIZED NUCLEAR OPERATOR,1997,33351c49e00bed4da485a80088e758126dafb1cf95171503e5dd4947ddcabd33
Crown Agencies,"$109,371.76 ",$381.87 ,Ontario Hydro,AUTHORIZED NUCLEAR OPERATOR,1997,df259cca5db0832bb41323b4dc103375a73915fe7b2baa68a4d0152ba4cd0d9f
Crown Agencies,"$103,826.84 ",$349.93 ,Ontario Hydro,SUPERVISING NUCLEAR OPERATOR,1997,26750fcc77bb08813b1e25786a7aeb545c26e355e5652d1153bc8cafd9ec1eb3
Crown Agencies,"$110,913.92 ",$370.78 ,Ontario Hydro,AUTHORIZED NUCLEAR OPERATOR,1997,4127c7f3839a13f2a5d70a50a059e9ac7d28ed1ca2d1580b009538720b6cbce5
Crown Agencies,"$101,821.36 ",$506.93 ,Ontario Hydro,MAINTENANCE COORDINATOR,1997,fb8260214e7a479b08221c15531f859d19ce76f215a76498f859fd98eb61a0b1
Crown Agencies,"$115,486.79 ",$490.41 ,Ontario Hydro,TECHNICAL SUPERINTENDENT,1997,199d754cb29a2ebf32381293ef0ea9838c8a000c5090d596cab0a1269bac99fd
Crown Agencies,"$100,555.40 ",$381.87 ,Ontario Hydro,AUTHORIZED NUCLEAR OPERATOR,1997,a3a0ea54396dfda4ae93b03bdaf8c4c2bbb218e8444f7bd2749cfcfcfa519988
Crown Agencies,"$717,800.21 ","$15,481.28 ",Ontario Hydro,PRESIDENT & CEO,1997,f5cdd9e03378bc9b9dbb99fd130aa7000cb911c7d614d09a59248654635a56ba
Crown Agencies,"$106,065.42 ",$366.34 ,Ontario Hydro,SENIOR SHIFT CONTROL TECHNICIAN,1997,5852cc028039f71c3609544156e2014ed4c88ab141d59461e3c9cbdd3e7e5ea1
Crown Agencies,"$109,056.16 ",$499.83 ,Ontario Hydro,SHIFT SUPERVISOR,1997,d1d5032843b588a7efd42a88c5954bad337853e5fc09bab0a2a2ba554ccad56f
Crown Agencies,"$108,516.93 ",$534.09 ,Ontario Hydro,SHIFT SUPERVISOR,1997,fc8877cdcdf5559610132cd75e1f7983968c3f0ede22cd39b52d372430b95f31
Crown Agencies,"$111,588.78 ",$458.61 ,Ontario Hydro,TECHNICAL SUPERVISOR,1997,ead0f489e2c13ef6d75b1c743ad59bb14a7141eab07dc9d1f77636c1b65e70ec
Crown Agencies,"$114,567.96 ",$336.35 ,Ontario Hydro,ASST ENGINEER/SCIENTIST/TECH OFFICER,1997,4fe4bdac8b250203caf7ed2c32ee5db60ff4250968110c728733d6b540011b91
Crown Agencies,"$101,946.35 ",$381.87 ,Ontario Hydro,AUTHORIZED NUCLEAR OPERATOR,1997,dfe299dc5cbcd88543bd0c728a9f48569dc8dd92c5a597f52c39743ee6f5084d
Crown Agencies,"$104,926.52 ","$7,263.19 ",Ontario Hydro,"MANAGER, SAFETY SUPPORT AND SERVICES",1997,18262b2ac917f6446df60e536d9690bf27ec89ea82830f66cac8fb3c8f5f86c1
Crown Agencies,"$109,537.63 ",$407.91 ,Ontario Hydro,TRADES SUPERVISOR MAINTENANCE,1997,8dbdec8b4b8c19e794f9464cfbbba6dcfc29f73bc75a83dd71c83e38b33c355d
Crown Agencies,"$100,932.35 ",$518.26 ,Ontario Hydro,SHIFT SUPERVISOR IN TRAINING,1997,710077f97cb9e9790036d5832cc2d8864f748e66ad38558acc32b1994d3da2af
Crown Agencies,"$103,697.87 ",$434.07 ,Ontario Hydro,DESIGN ENGINEER SPECIALIST-MATERIALS,1997,a5e10df781d5f5286f87193fd4cbd196a247acece1ba26e074c262bf31f78098
Crown Agencies,"$102,199.63 ",$420.13 ,Ontario Hydro,SENIOR ENGINEER/SCIENTIST/TECH OFFICER,1997,f861fb008a985f8937eb1501c6cc9996b2acc7326d8594b19f04c261d15a1f94
Crown Agencies,"$101,152.94 ","$1,887.21 ",Ontario Hydro,SENIOR PROJECT MANAGER,1997,8888e4ca6f73c85cd8a414173f15f60916925598052e2b8e5945e58b817a58ea
Crown Agencies,"$174,243.47 ","$23,068.07 ",Ontario Hydro,"VICE-PRESIDENT, BUSINESS SERVICES",1997,f5eb7b401b1a57b615ac832f666d4daa2ba3cf7fc46410aafe7f66875d8c51c3
Crown Agencies,"$105,117.56 ",$377.97 ,Ontario Hydro,DESIGN ENGINEER - SPECIALIST,1997,a38d65cd70bf1ef4b70c4ce6fabedbd1cff0cfb9f56a822836920abb0a830eb6
Crown Agencies,"$107,986.41 ",$381.87 ,Ontario Hydro,AUTHORIZED NUCLEAR OPERATOR,1997,c81d12687fcb88cb994ebb76950a8d4ad04d39ecf61791751c18fed9570c4823
Crown Agencies,"$127,102.09 ",$484.57 ,Ontario Hydro,SHIFT SUPERINTENDENT,1997,a50ad31a8dc983890acb1873479d9a6090791d67d4893e44d529435b69dc615c
Crown Agencies,"$103,660.40 ",$349.93 ,Ontario Hydro,SUPERVISING NUCLEAR OPERATOR,1997,98b32a33fbc1dbebc73e6dcbe1dd7446941662e1fc8b8c561faaebf0ea24d0b9
Crown Agencies,"$106,792.49 ",$432.40 ,Ontario Hydro,SITE PROJECT ENGINEER/OFFICER,1997,b42ed5eca2895127f4a0501ac42582cd56e00c000a551c359dfe5e9b88d2f27a
Crown Agencies,"$142,893.69 ","$2,073.60 ",Ontario Hydro,"DIRECTOR, INFORMATION TECHNOLOGY",1997,94a3e8cfca78fcf0db4ee7b211a5e9004fb8cca437ac8fb480a9d92640daceae
Crown Agencies,"$101,593.86 ","$4,730.56 ",Ontario Hydro,"MGR, FUEL HANDLING",1997,69480221a37dd90420f260380330eaa6df5a6adb86da655bf8d5934dd6769469
Crown Agencies,"$107,038.93 ",$477.87 ,Ontario Hydro,SHIFT OPERATING SUPERVISOR (AUTHORIZED),1997,04b34ed8447a0734c15e83ee03801dc4cc930a2c3c93671daaa5a8249a4fc84b
Crown Agencies,"$103,346.13 ",$971.72 ,Ontario Hydro,C&T FACILITIES MANAGER,1997,ee2b65f968aae68c3ea1aca4738585338e3ae3c3235d205365749957bfe7df66
Crown Agencies,"$100,232.57 ",$366.00 ,Ontario Hydro,SHIFT SITE SUPERVISOR,1997,32a70f41b6d5f4b5450fc8e83c2bd9e53da646f11618b5964385ae5b95bc5c05
Crown Agencies,"$281,821.84 ","$11,676.05 ",Ontario Hydro,"SENIOR VICE-PRES, GENERAL COUNSEL & SEC",1997,0ea69c8be0d332ec069b8f7739c59259b505cd30b29e076b963794238fa3805c
Crown Agencies,"$102,935.85 ","$1,911.51 ",Ontario Hydro,"SERVICE MGR, STRATEGIC PROCUREMENT SRVC",1997,27e194279961ebd58119ce8e1a1d8e0850d4e96d4ee9d7f1b916fc8a9c29b044
Crown Agencies,"$105,742.48 ",$490.48 ,Ontario Hydro,SUPERVISING DESIGN ENGINEER,1997,3ea68a58c991aeb6ae84e3b2a568a0764a6571f17c0d6391ddc925dd67a276b8
Crown Agencies,"$102,058.19 ",$352.29 ,Ontario Hydro,LEVEL 1A OPERATOR,1997,940cce6992bf32ee46d4e75f6c27a751db71b04eb02e068ce590174646877f85
Crown Agencies,"$142,910.25 ","$2,011.86 ",Ontario Hydro,"DIRECTOR, TRAINING & SIMULATOR SERV",1997,4a95998d51d1c75723c75955e70a981546d8018bd707c5db46ef54b0a0b46445
Crown Agencies,"$100,861.69 ",$473.71 ,Ontario Hydro,SENIOR INDUSTRIAL HYGIENIST,1997,2d288465c6c5813346a1a11a892f05ebb517f4086b550dfeb18a1c023848badc
Crown Agencies,"$102,850.96 ",$534.63 ,Ontario Hydro,"MANAGER, NUCLEAR STEAM GENERATORS PRGRM",1997,88f2278151548f5dc14eef2c79a7c9134b95f7f247029fb67fbb3f4e2e79d035
Crown Agencies,"$147,740.14 ",$439.53 ,Ontario Hydro,SENIOR RESEARCH ENGINEER/SCIENTIST,1997,0958ff5333a21dbaa3099f8f9a57d7ba4a8187bf0934b25edf9ef3c2c8d28ef0
Crown Agencies,"$104,379.46 ",$363.33 ,Ontario Hydro,SENIOR INSPECTION AND MAINTENANCE TECHNI,1997,52c3a6766fcd0c449dffea34e6a221347cc3d5bd8757ac5d5ce16f1fc55f0091
Crown Agencies,"$108,764.04 ",$480.01 ,Ontario Hydro,SENIOR PRODUCTION SUPERVISOR,1997,1fec4f23a7af2ffd0b95c8adc20f1c7ce761c92c99aa2fea20e8670ee1f0377f
Crown Agencies,"$226,678.35 ","$10,473.90 ",Ontario Hydro,SR VP COMMERCIAL ANLYSIS & VNTURE DVLP,1997,4c3a5509ce7c84498951f5f4ad8d0b79ef412d9f16339472970136a4fd8df921
Crown Agencies,"$119,462.37 ","$1,970.22 ",Ontario Hydro,"DIRECTOR, FINANCIAL STRATEGY & POLICY",1997,c16d9efe4faf23df3f15dc794fd1fd5b9ee995d0d85bed8d92c58c6cb2dfa0fe
Crown Agencies,"$102,322.65 ",$381.87 ,Ontario Hydro,AUTHORIZED NUCLEAR OPERATOR,1997,9b89cfd4ddddc2662f248bab0336e85341c9553fad1c25eb1a667204f4ed19fc
Crown Agencies,"$114,809.60 ",$469.59 ,Ontario Hydro,SHIFT MAINTENANCE SUPERVISOR-MULTI-FUNCT,1997,ce086b8c461928225339fae8f70034c3d78f4e23f28a5604af00790ab05dd4b7
Crown Agencies,"$103,004.98 ","$1,131.57 ",Ontario Hydro,GENERAL FOREMAN - MECHL (NUCLEAR & THRML,1997,7bf47a6ccbb1e8bb02dd2dfdf0c966386f3670ba782c5e9d297547c37b5be81f
Crown Agencies,"$102,786.32 ",$476.71 ,Ontario Hydro,SECTION HEAD - FINANCE,1997,895635ff92c7054ec5ee5912294b05805fcc73ce794b16ff5d6b516069aa2b8d
Crown Agencies,"$105,922.28 ","$1,461.11 ",Ontario Hydro,FINANCE MANAGER,1997,0896114c6ae73d1e03f830a74f47e7f7a9b9e1da7c85a99797e25f5b5578a466
Crown Agencies,"$111,596.50 ",$510.75 ,Ontario Hydro,SHIFT SUPERVISOR,1997,643c2f94ed4efa587ec0cb513d2c607fdaa2811e11491375af7fa029d4cdd4df
Crown Agencies,"$106,811.29 ",$401.61 ,Ontario Hydro,PRDCTN MTCE SUPVR -OPRTNG FLD/FUEL HNDLG,1997,ef3f64b6b64b4529fa1cdba37934678a2c6795b4c5f8e658b578e7f72fe390b1
Crown Agencies,"$105,971.36 ",$366.34 ,Ontario Hydro,SENIOR SHIFT CONTROL TECHNICIAN,1997,ae9d36a8cda351d6594ef17666f245ca1dd07801712810c81285622aa49df374
Crown Agencies,"$120,051.51 ",$567.57 ,Ontario Hydro,VAULT SUPERVISOR,1997,4423a6a6bd798cbad2f331c27fa4b8e9edcd7dcc8dc1dd3af1ef9214acced31b
Crown Agencies,"$104,799.37 ",$381.87 ,Ontario Hydro,AUTHORIZED NUCLEAR OPERATOR,1997,2f0a18a2cb32561fd84fbc8676bb3f79218f50017deedc68a8ef8612444bf851
Crown Agencies,"$129,038.03 ",$640.06 ,Ontario Hydro,"DIRECTOR, HYDROELECTRIC PRODUCTION",1997,12783e461b013dd9f0640e529f9a2946c33ac42653d16cf6cbadaa04c9be5ed1
Crown Agencies,"$100,697.66 ",$463.59 ,Ontario Hydro,MAINTENANCE COORDINATOR,1997,18a083380b24527946528609077eccb986bddf5ec7bbc3586152311ddd121043
Crown Agencies,"$106,078.07 ",$480.57 ,Ontario Hydro,TECHNICAL SUPERINTENDENT,1997,aee1a463a7303079d826c1c0504bd806633ea3899330f87d24253d391c78600b
Crown Agencies,"$120,900.11 ",$543.63 ,Ontario Hydro,SHIFT SUPERINTENDENT,1997,d21bdbe526989101f26a87fed4040bd249360f01c70c185915c29e72828e7909
Crown Agencies,"$110,102.92 ",$528.60 ,Ontario Hydro,SHIFT SUPERINTENDENT,1997,40bcc9dd4c8277a161bb2ed60808f714b9a60294760c49a7489255bc7e710fb5
Crown Agencies,"$100,965.56 ","$1,889.55 ",Ontario Hydro,"MGR, INTEGRATED TRNSMSSN PLNNG & OPRTNS",1997,51c376475aa80a86e64f1add57ddad612783a7ec0cb0ce8704dab667a88c0209
Crown Agencies,"$161,701.56 ","$5,910.30 ",Ontario Hydro,"MANAGER, SPECIAL PROJECTS",1997,ea0195d91c8860d48a6df572216e65d4b2220ffa6d4d4a3ddf4ee4855beca5bd
Crown Agencies,"$104,984.76 ",$472.07 ,Ontario Hydro,OPERATIONS COORDINATOR - FUEL HANDLING,1997,516749085829620a75f72fa73e097d414d1046e4964bc00c80cb35db3ef068d4
Crown Agencies,"$102,001.54 ",$436.71 ,Ontario Hydro,SHIFT MTCE SUPRV (CONTROL OR MECHANICAL),1997,3ff68d9e0bd8fc376923630e7585f95266810a24126111057b438853aa7f4203
Crown Agencies,"$104,728.91 ",$366.34 ,Ontario Hydro,SENIOR SHIFT CONTROL TECHNICIAN,1997,72c82c260080d551bc8c9a1016436e601ea94db8a4071e03c00bd3d191d9e00a
Crown Agencies,"$102,353.73 ",$398.93 ,Ontario Hydro,SENIOR PROJECT PLANNER,1997,b64df501a96c727bd0a894a1c1582bfe5d6c7bf08e9de16dcfec49821456da12
Crown Agencies,"$121,302.02 ",$483.33 ,Ontario Hydro,SHIFT OPERATING SUPERVISOR (AUTHORIZED),1997,75e43d3975258e90e23b08456a59106fe8e12ce1dd3a9426572a96a41e8f7fd2
Crown Agencies,"$114,560.61 ","$1,155.77 ",Ontario Hydro,"MANAGER, LEGAL SERVICES CORP BUS DVLPMNT",1997,ed369d5a8e32c11e63d06c986819aeba29bf84fb24bea57ec07fbba77408ef48
Crown Agencies,"$109,552.70 ",$761.01 ,Ontario Hydro,SHIFT MTCE SUPRV (CONTROL OR MECHANICAL),1997,2ba6201522c62e381b76c8ac3e71cb85ab6b9f93968ddd5a61d9b52b5cbcd5f5
Crown Agencies,"$104,746.39 ","$3,924.23 ",Ontario Hydro,"MGR, STRATEGIC INITIATIVES & MGMT SUPPRT",1997,7a7f01a35892aa135a11ddbf807e3f8d68840736e9a5f15d8d73d5c2885c483c
Crown Agencies,"$128,767.73 ",$477.87 ,Ontario Hydro,SHIFT MTCE SUPRV (CONTROL OR MECHANICAL),1997,8fee40d64de56baf91bc6c7e305dfeca864c69bf06a6304c157185a6a9c27b5f
Crown Agencies,"$110,519.94 ",$510.75 ,Ontario Hydro,SHIFT SUPERVISOR,1997,ed2a62b58b4a1fc63acde846be511cf483c1888f7ca7c718eb50e8c95513b323
Crown Agencies,"$100,751.28 ",$360.97 ,Ontario Hydro,TECHNICAL SUPERVISOR,1997,16776c38addec30d720b6f9fe2a078400b0f13e1b9d1f55f5a9299a4ba44f3a5
Crown Agencies,"$100,511.10 ",$389.19 ,Ontario Hydro,PROTECTION & CONTROL SUPERVISOR,1997,152ff1bf60038faf3e90de0ef9ac0f0cdb8b430de32848f358e9739e9a799507
Crown Agencies,"$109,070.07 ","$3,339.66 ",Ontario Hydro,"EXECUTIVE DIRECTOR, HUMAN RESOURCES",1997,b43630fcb5cd9b534dc87eb0c1b7f73b096cac607118b9fcfd1f7593502d830d
Crown Agencies,"$110,572.05 ",$480.57 ,Ontario Hydro,PRINCIPAL RESEARCH ENGINEER/SCIENTIST,1997,eaf6473770f17c3dd83ccb7e7068aa1a2cb9e406f2a7781c744639aecf9de959
Crown Agencies,"$106,253.14 ","$1,911.05 ",Ontario Hydro,"MGR, TRADING PRJ & MRKT COMPET INTELIGNC",1997,07790cfb6998d6d0cb822753b894692aa494c7bd3393bf8d0eb93cf8341621e9
Crown Agencies,"$102,249.98 ","$3,038.86 ",Ontario Hydro,"SERVICE MANAGER, WORKPLACE SERVICES",1997,fa6ff154dc313fc54c0fb2c1b287c2ce82c2f7c06aa5362816c5b825a0325fc5
Crown Agencies,"$116,836.24 ",$368.26 ,Ontario Hydro,TECHNICAL SUPERVISOR,1997,e006d9a9638b6a5327da0b1788cfdeb40ac014ad347d69299fe5563e5b9ad9f0
Crown Agencies,"$105,043.29 ",$381.87 ,Ontario Hydro,AUTHORIZED NUCLEAR OPERATOR,1997,b704b26a26b661de5fa568b06b11077d1b53392ddbe8b9292b94d23de11cee82
Crown Agencies,"$101,087.98 ",$518.13 ,Ontario Hydro,"ACTING MGR, INFORMATION TECHNOLOGY",1997,e364edc30780131578f9e715e0ff9a21934751d8084377b3de07b7a5c7979a04
Crown Agencies,"$102,163.36 ",$458.61 ,Ontario Hydro,SHIFT MAINTENANCE SUPERVISOR-MULTI-FUNCT,1997,d32ffc87f5e76c61e828f7e32c6221f7d582ec9dbfe44ca4926735cf7b030e50
Crown Agencies,"$101,432.95 ",$475.05 ,Ontario Hydro,PRINCIPAL RESEARCH ENGINEER/SCIENTIST,1997,0e1ba122d1c580007e428fe09074c0020e3963ae216c69d9b1773eae3b30535b
Crown Agencies,"$107,599.84 ","$1,920.09 ",Ontario Hydro,"MANAGER, UTILITY COMMERCIAL RELATIONS",1997,56c07fa14a5942922b128b8a48dc84477bc3fec7ead2accc2222f2c9161bb63e
Crown Agencies,"$108,994.76 ",$407.95 ,Ontario Hydro,SENIOR ENGINEER/SCIENTIST/TECH OFFICER,1997,952e42619c989dd5d3267dae03be2ce5e7654b89dd9a69aff0127e8bd04f5e3d
Crown Agencies,"$126,865.56 ","$2,039.22 ",Ontario Hydro,CHIEF PHYSICIAN,1997,737fe8968b859468358eab0eef4bf7661c0805393f1cb80bbaf8c6849e32d3a2
Crown Agencies,"$100,846.33 ",$437.76 ,Ontario Hydro,"OH PROJECT MGR, PAY & BENS REENG",1997,7391147920a0f66560bb7c4380fc69f49a881eae283a0c47eca75a10d23c8478
Crown Agencies,"$103,498.95 ",$454.15 ,Ontario Hydro,TRAINING SUPERVISOR,1997,105783bc30887d84c076d2d40bbcbb09f5f31344323e49fdbb99df9fddc829ea
Crown Agencies,"$129,469.40 ",$524.29 ,Ontario Hydro,SHIFT SUPERINTENDENT,1997,2b0b124876023aaae04c0fd20eb77a4d7d76ef2d1322bd7719145c9efcbd6106
Crown Agencies,"$111,355.30 ",$824.13 ,Ontario Hydro,SHIFT SUPERVISOR,1997,361ab0a60d1cc3a9a87a849db54d63898d19d22c4610ac0741d4593fc89a18df
Crown Agencies,"$109,385.30 ",$451.75 ,Ontario Hydro,SHIFT OPERATING SUPERVISOR (AUTHORIZED),1997,46305d2c588a70a8a5834fdba30ce2bff49968b3a53579a32a91e8ad4d45098b
Crown Agencies,"$103,760.71 ","$5,033.67 ",Ontario Hydro,"MGR, FUEL HANDLING",1997,5b886e1c328d578519ac002f5427c23dde0dc69ac4e5d566908a740e683c2f9f
Crown Agencies,"$100,385.86 ",$393.48 ,Ontario Hydro,SHIFT TRADES MGMT SUPVR MECHL MTCE,1997,c979d1e383484e60fc348503d59126cb5e73f613bfd939743b393b45d7492e7d
Crown Agencies,"$139,279.73 ",$525.57 ,Ontario Hydro,SHIFT SUPERINTENDENT,1997,a30a5da8ca1da74998448b3e6bc3e888bc60f77046848d9691dbc85356b52c90
Crown Agencies,"$104,522.83 ",$390.27 ,Ontario Hydro,SENIOR TECHNICAL ENGINEER/OFFICER,1997,e19d52526c4f196cda357ab1a472fb9942c099a31773640297a7a021b72c8eac
Crown Agencies,"$100,204.71 ",$528.73 ,Ontario Hydro,MAINTENANCE SUPERINTENDENT,1997,b2d8413841db752e237940a10affb79df39a2ecd67c368738da3954dad343c35
Crown Agencies,"$151,169.51 ","$18,256.70 ",Ontario Hydro,VICE-PRESIDENT-CORPORATE COMMUNICATIONS,1997,5ca4f3e8160e11c2624b8d12b4866db6b154ea3b01be13e19a09b19dfee2e2fd
Crown Agencies,"$123,487.54 ",$458.73 ,Ontario Hydro,EXCHNG COORD - SCHEDULE/RESOURCE/SYSTEM,1997,fc26dad189e6cb8d4995727ec948edd73d6274c7bee879705816c954bdd1f00f
Crown Agencies,"$107,543.36 ",$459.13 ,Ontario Hydro,SENIOR PRODUCTION SUPERVISOR,1997,0877c66dc38b813bd9ad04630663797feb04bb9495b0169f58fca83ad02130cb
Crown Agencies,"$112,118.56 ",$398.77 ,Ontario Hydro,PRODUCTION SUPERVISOR - SHIFT,1997,61879edf4991ec86506637042522c058b8e46db1dbf0734f66d18950f39001c1
Crown Agencies,"$103,648.34 ",$428.61 ,Ontario Hydro,PRODUCTION SUPERVISOR - TECHNICAL,1997,abbcd60cd278f6f047f87c0ab06cd0d7c369b55c2e98f515b8d58d5791c7e93b
Crown Agencies,"$107,480.56 ",$798.86 ,Ontario Hydro,GENERAL FOREMAN - MECHL (NUCLEAR & THRML,1997,16644a48653b4c387abb1c83c8e9bd6889a043307ae5be172ac877557d8daa89
Crown Agencies,"$173,463.39 ","$1,488.01 ",Ontario Hydro,"VICE-PRESIDENT, CORPORATE PLANNING",1997,52ed4f6b3c1a9c225d4f24ac5a7bc225d047cf3d79a0631cfdaea75c81a6b6f9
Crown Agencies,"$106,432.40 ",$490.80 ,Ontario Hydro,TECHNICAL SUPERINTENDENT,1997,b4913e4acfeebd7d79df16a624ff1163c648a40b10a863cb9ffdaebc3401670f
Crown Agencies,"$124,444.46 ","$5,274.56 ",Ontario Hydro,"DIRECTOR, EMPLOYEE SERVICES",1997,be7069b824252b8b8dcc36101189d8fc5544c98d7c4a948da183c3e306782b79
Crown Agencies,"$120,402.41 ",$771.07 ,Ontario Hydro,EXCHNG COORD - SCHEDULE/RESOURCE/SYSTEM,1997,8103530ae0b6aea0a8232981497d31f59f0366bc9c15ebf31458a2f407b55752
Crown Agencies,"$117,139.04 ",$363.33 ,Ontario Hydro,SENIOR INSPECTION AND MAINTENANCE TECHNI,1997,91773cf83f00d209cd8b7a87e0a85eaa3b8cdda0f33ac92d51c4ffe98ac727b9
Crown Agencies,"$125,029.80 ",$538.17 ,Ontario Hydro,SHIFT SUPERINTENDENT,1997,ee0c0dae305e0ddf0fe92cd02976684c90c4b2040f36af3aa5130fb80b7df009
Crown Agencies,"$106,401.75 ","$8,378.28 ",Ontario Hydro,"MGR, UNIT PAIR 3 & 4",1997,fadbb652fe85362c0c0ccd7d7eb00a68408a3f609bbe9864ceb0389d8bb717ac
Crown Agencies,"$116,017.86 ",$449.07 ,Ontario Hydro,EXCHNG COORD - SCHEDULE/RESOURCE/SYSTEM,1997,c693de90c82538d53de5e161054780125fa74da60842f75d03b2383a86e40a8d
Crown Agencies,"$102,415.00 ",$507.93 ,Ontario Hydro,SUPERVISING DESIGN ENGINEER,1997,28b6e6479ae3c1045d419930468137a751ecd09dc31d954b0aa24ffc25ff087a
Crown Agencies,"$108,650.07 ",$466.95 ,Ontario Hydro,SENIOR DESIGN SPECIALIST,1997,cb99a49f02029acf2d79e8fdb27e860b5986e83feac62d7803d89f806310d49e
Crown Agencies,"$100,889.98 ",$434.07 ,Ontario Hydro,ENGR SPECIALIST - HYDRAULIC STUDIES&TEST,1997,a33d992d9879b823aab751c42158fb12cbf5b94d580523188e51ba7c92ca84eb
Crown Agencies,"$109,045.80 ","$1,927.89 ",Ontario Hydro,"MANAGER, FINANCE",1997,23915a9e941ea3690a89981c38048db2c17ff449cae0401eb04ad891cbf567ea
Crown Agencies,"$126,184.41 ",$471.99 ,Ontario Hydro,EXCHNG COORD - SCHEDULE/RESOURCE/SYSTEM,1997,afe74cf45622e5bd1a1f441eb6dc44f6e383ce470008dd8e08b430b040fac087
Crown Agencies,"$105,646.69 ",$451.25 ,Ontario Hydro,TRADES MANAGEMENT SUPERVISOR - HYDROELECT,1997,5baeaf00589751c8f21ae043fc816ec8febbb59e7799665928c0f04e2f03b0d2
Crown Agencies,"$101,214.64 ",$443.41 ,Ontario Hydro,PRODUCTION SUPERVISOR - TECHNICAL,1997,dd90f7c01b6579d749a90ca34235cf4d8591513671961a4516953fe1f19765c1
Crown Agencies,"$103,993.09 ",$349.93 ,Ontario Hydro,SUPERVISING NUCLEAR OPERATOR,1997,0f44791d64876bf4284f81ee0c991604354503c33ce4f976e8f52abdeaa8c618
Crown Agencies,"$106,750.95 ",$489.04 ,Ontario Hydro,PRODUCTION SUPERINTENDENT,1997,30eab5f223994ed3c2afb52333d0164d39da4f786c58688a68625cb7c5802267
Crown Agencies,"$102,986.31 ","$1,426.90 ",Ontario Hydro,"MANAGER, LAND O'LAKES",1997,9c7088f4412a5fb35cd1cc412c0484c874f383d0a6983fd6aaf1d483199c3c35
Crown Agencies,"$105,117.85 ",$464.10 ,Ontario Hydro,SHIFT OPERATING SUPERVISOR (AUTHORIZED),1997,48fad1588b17a394642b2e1053b2b233c3970d8c983afb271593ba0dc43c67cb
Crown Agencies,"$100,152.37 ",$322.80 ,Ontario Hydro,AUTHORIZED NUCLEAR OPERATOR,1997,e23ea9ae829fd58e97e903589bfcdc39da71cb5bc5e960333a46d1d114ae6572
Crown Agencies,"$103,413.11 ",$390.27 ,Ontario Hydro,SENIOR TELECOMMUNICATIONS ENGINEER/OFFIC,1997,b10de09928d841a244dd6e37b46fdb9125626619db0d75b0d4b46d154de4dff9
Crown Agencies,"$108,128.07 ",$468.23 ,Ontario Hydro,DESIGN ENGINEER - SPECIALIST,1997,f352e37902efa963ff89fe36c22d8aff9d6300e41b3abb818a404b9cc52e92b6
Crown Agencies,"$105,410.81 ",$412.29 ,Ontario Hydro,TECHNICAL SUPERINTENDENT,1997,f5bfdc6a8128e4948fe942352f5bfedae924d69eedc28bf6d588f67adc940781
Crown Agencies,"$100,432.73 ",$405.49 ,Ontario Hydro,TECHNICAL SUPERVISOR,1997,cf2e54f09fc3629046bafb50691f1c8728bacea6631619b14c56e682aa00de98
Crown Agencies,"$105,423.45 ","$6,806.81 ",Ontario Hydro,"DIRECTOR, STATION ENGINEERING",1997,6b7d97ed37196db3279a42c8d516629b2835bb180655f219a0be1b2f39c47b39
Crown Agencies,"$117,830.05 ",$475.05 ,Ontario Hydro,ENGINEER/TECHNICAL OFF-COMMERICAL & RES.,1997,30afc03045000df17163b202bef2a5f92107750e0aa560f05c11d3ce0abc864b
Crown Agencies,"$101,293.13 ",$402.45 ,Ontario Hydro,ELECTRICAL SUPERVISOR,1997,19fc8589bea53bf3074de0fe49136249f0ec2f4f6647df4a10d8defdd1f63272
Crown Agencies,"$118,625.31 ",$523.11 ,Ontario Hydro,SHIFT SUPERINTENDENT,1997,143a23f2b46c288a0c47f033fe8a1ec017bef3378f5751409e7c7d0b47128ec4
Crown Agencies,"$100,897.42 ",$542.43 ,Ontario Hydro,"PROJECT MGR, CONFIGURATION MGMT BACKLOGS",1997,770c332dd866ffcecda82061aba31591c12919c9d89e16d6f804654d3cf2a390
Crown Agencies,"$136,705.42 ","$2,052.96 ",Ontario Hydro,"DIRECTOR, COMPNSTN & BENEFTS STRATEGY",1997,9471bd1baeb57c3f1f17dba037fc29b88e04227a42b76cfedcea72e957360339
Crown Agencies,"$109,955.60 ",$458.61 ,Ontario Hydro,SHIFT MAINTENANCE SUPERVISOR-MULTI-FUNCT,1997,a9d4da7d37fe634f947f2837fe01639a0e3d17c68d53859690f1e840cfbf1adf
Crown Agencies,"$107,811.78 ",$657.17 ,Ontario Hydro,SENIOR TECHNOLOGIST,1997,7d94ef1c42cfd96f3d0656719ec38c280360a91b724a392b2a385d132a51716e
Crown Agencies,"$114,843.40 ","$4,427.23 ",Ontario Hydro,"SENIOR MANAGER, MANAGED SYSTEMS",1997,ba2269747896772cb75ace066783d46807e95ebfefea5ee93f350c1f4a780c32
Crown Agencies,"$106,930.52 ","$8,316.21 ",Ontario Hydro,"MGR, WASTE MANAGEMENT SERV",1997,fae26137c89d676e9afbaad67da28166703cf45e9e5ecd69004cc0126c1da56f
Crown Agencies,"$133,690.56 ","$2,055.69 ",Ontario Hydro,"ASST GENERAL COUNSEL, ENGINEERING SERV",1997,1769d8661e3e1c54d17dc1523f6b3255ecb87cb7b0d9125e2386ab6bc150fc6a
Crown Agencies,"$112,004.07 ",$583.89 ,Ontario Hydro,BUSINESS DEVELOPMENT MANAGER,1997,7a86caf66361811e17b6e4563f4081c4c134ee85d6ad1862514fcd07336663e6
Crown Agencies,"$133,895.60 ","$2,066.61 ",Ontario Hydro,TREASURER,1997,2682f0839718d05604271805214910bdf873fe1515a2419b6dd042c854e145f1
Crown Agencies,"$126,909.50 ","$6,477.83 ",Ontario Hydro,"DIRECTOR, NUCLEAR TECHNOLOGY SERV",1997,299dccd351d6708c2cbc9b404a302c1cb2e600d9fb813c366bd52ad1274e4a95
Crown Agencies,"$101,840.61 ",$322.80 ,Ontario Hydro,AUTHORIZED NUCLEAR OPERATOR,1997,d4cf57a97e431f1142590c10c5c8550eeed181beb4ebe6b7c71c3e8e2cde364e
Crown Agencies,"$115,753.50 ","$1,468.01 ",Ontario Hydro,"ACTING DIRECTOR, MARKET EVOLUTION",1997,99eaed23be627170cabaf9e361c53607791c872cb197a25170e5a14eddb9098a
Crown Agencies,"$101,486.91 ",$411.40 ,Ontario Hydro,VAULT SUPERVISOR,1997,ade71592d1c5b1ada1ea6df9f035f7b9500ee8f781108946769fee631f4ebf45
Crown Agencies,"$104,392.16 ",$445.29 ,Ontario Hydro,ENGINEER - OUTAGE MANAGEMENT,1997,b1f1939d5112f975632b691c338bf5eae0690662628fef95bd8c752bc55fbba9
Crown Agencies,"$108,720.23 ",$409.64 ,Ontario Hydro,SENIOR TECHNICAL ENGINEER/OFFICER,1997,81a84efc10b79a5990080fd5068f1a6a62ad52e0c1ea850d01d43be38883ddfa
Crown Agencies,"$137,695.05 ","$7,004.20 ",Ontario Hydro,"VICE-PRESIDENT, NUCLEAR WASTE",1997,c3603b51d280df698bd8803e78b8dce68a75a441a8a89d56653575aa98a06752
Crown Agencies,"$101,203.56 ",$512.13 ,Ontario Hydro,TECHNICAL SUPERINTENDENT,1997,ed17eac10ea570f40d49d46a4e1bfbf59a52b7ab24ae156820b504eb070373a9
Crown Agencies,"$102,374.25 ",$425.76 ,Ontario Hydro,SENIOR ENGINEER/SCIENTIST/TECHNICAL OFFICER,1997,0a292087308e66120585128ea68753179c0986886417980db922029330ff0747
Crown Agencies,"$101,955.62 ",$420.13 ,Ontario Hydro,SENIOR TECHNICAL ENGINEER/OFFICER,1997,1bf9ff94d288f35f87076c73c3854965586a48ee1e9d7c99a1aececd02efd6e4
Crown Agencies,"$108,546.42 ",$226.00 ,Ontario Hydro,CONSTRUCTION SUPERINTENDENT,1997,55228569865c8ebcdb7573bb4cb82aa5d95b55974046fed786a08e8dfa49c2ec
Crown Agencies,"$110,058.61 ",$381.87 ,Ontario Hydro,AUTHORIZED NUCLEAR OPERATOR,1997,5add19e7eb333e4afa4762f1e552bf3cda206e5178118b90b3cdaf71d811cec5
Crown Agencies,"$106,818.95 ","$1,910.43 ",Ontario Hydro,"MANAGER, EXTERNAL INVESTMENTS",1997,52ee7c139e154770114af675f028f06af974fe7bd49052e685ea0e6990612c68
Crown Agencies,"$104,891.57 ",$510.75 ,Ontario Hydro,SHIFT SUPERVISOR,1997,5cd0132600f0485ce1d19deba146fdb742bb798346634c2c132640ad6f862db3
Crown Agencies,"$113,394.67 ",$459.75 ,Ontario Hydro,PRODUCTION SUPERVISOR - SHIFT,1997,fe19ab6a10b6eb59447926a8dc8f94670a345138e0af82abebb7e8272d6a03cd
Crown Agencies,"$114,218.08 ",$446.63 ,Ontario Hydro,SENIOR DESIGN SPECIALIST,1997,2fed4a1b5ba0b6187b7e3a2ed9e1dc8a6289ac20e6b7bfa3f1f01e407c90dfcc
Crown Agencies,"$101,679.76 ",$461.49 ,Ontario Hydro,SHIFT MTCE SUPRV (CONTROL OR MECHANICAL),1997,a7f05dcb585ab016e1f01f5990caacaca0d89577f05cbefc01470bbb65c2c468
Crown Agencies,"$191,013.76 ","$10,416.98 ",Ontario Hydro,"VICE-PRESIDENT, CORPORATE FINANCE",1997,5a7cf42af8877ba1bb4773b7f0e79e0233926e0e24235a87d9c3ad9d93a0f135
Crown Agencies,"$101,915.48 ",$378.62 ,Ontario Hydro,AUTHORIZED NUCLEAR OPERATOR,1997,5e0bf6c2d6d2e181a2fd71505178819dda45b29a3ea1ef115ff96af7b1f54429
Crown Agencies,"$101,141.13 ",$289.66 ,Ontario Hydro,INSPECTION AND MAINTENANCE TECHNICIAN I,1997,7fdb83bd7d2d41ad89afcd60a5ac4cafb02fe274c2751ccddec6e3651cb668f2
Crown Agencies,"$109,431.86 ","$6,611.10 ",Ontario Hydro,"DIRECTOR, OPERATIONS & MAINTENANCE",1997,f2c49a3c27ee626a04d0a6f765c6839e70ae82633c93d97ac4703706ef384db7
Crown Agencies,"$107,782.19 ",$512.13 ,Ontario Hydro,SHIFT SUPERINTENDENT,1997,913c74f1762486e0a75d457a923ed7ee560400d5494714753e6a54d6b1bbb5ca
Crown Agencies,"$119,596.87 ",$491.44 ,Ontario Hydro,SINGLE UNIT SHIFT SUPERVISOR,1997,dce97e31ac5f9a6cb5bff8c808ced6596fa0ad7ae78f537c807c41dd896692d8
Crown Agencies,"$102,141.65 ","$4,772.26 ",Ontario Hydro,"MANAGER, ATIKOKAN",1997,143527b518a878889d2ee1f8b1b9811e86516eca900936c7c3fcba3959ce9116
Crown Agencies,"$115,657.57 ",$163.74 ,Ontario Hydro,PROJECT ENGINEER/OFFICER-LINES,1997,01d399f094dedb336435c2db08557f50a1d8736df37273e5d7ac6bbc422d80d7
Crown Agencies,"$103,707.24 ",$458.61 ,Ontario Hydro,SHIFT MTCE SUPRV (CONTROL OR MECHANICAL),1997,231c8dd64fd64a888bc48351c78f6b2218ba63d4036e3f37c54e49f3f6745bfa
Crown Agencies,"$117,248.77 ",$517.65 ,Ontario Hydro,SHIFT SUPERINTENDENT,1997,06bf02d6e9d794aded8a2de7295490a94e018c36a9f61c7354435d14d7c5c752
Crown Agencies,"$106,243.52 ",$380.10 ,Ontario Hydro,AUTHORIZED NUCLEAR OPERATOR,1997,a7fa94dadf814a5b3e964a2dbba8d10af682d1769ab0b74d480536f83e6de6a4
Crown Agencies,"$120,081.23 ",$619.11 ,Ontario Hydro,ACCOUNT MANAGER,1997,4b3bb0ecc39a8743c97510d01ab66fcbd95cda5ae600873ba922258021d5ee69
Crown Agencies,"$110,533.33 ",$563.22 ,Ontario Hydro,"EXEC DIRECTOR, STRATEGY & EXTRNL RELTNS",1997,3e183b6db76c4760a237dda08047c57f6cd6fc916a66be57a36da2a4462fa49d
Crown Agencies,"$135,303.15 ",$605.45 ,Ontario Hydro,"CBD VP, INTERNATIONAL & INDUSTRY RELTNS",1997,6dd83b8e174b01a74489301a83ef93d2c0bc70c2fb3776d78a81106d2de73cf1
Crown Agencies,"$101,799.98 ",$536.97 ,Ontario Hydro,"MANAGER, OTTAWA DISTRICT",1997,1b8d31dafba6ca2ead49e6253cf99f949f05ada0240c493a62193573adce4ba8
Crown Agencies,"$101,002.45 ","$1,889.37 ",Ontario Hydro,"MANAGER, INFORMATION TECHNOLOGY",1997,021c36d0249c4cd443c19e5ef0633003b2a6379e7484b5672a180e9e44c1153b
Crown Agencies,"$106,312.06 ",$436.71 ,Ontario Hydro,SHIFT MAINTENANCE SUPERVISOR-MULTI-FUNCT,1997,2623f7e8338d75b47e4d77f074dd7b714e770990f85335ab7fb77fc715400d98
Crown Agencies,"$119,710.15 ","$7,159.39 ",Ontario Hydro,"DIRECTOR, OPERATIONS & MAINTENANCE",1997,67608d06214ff255b4ddff87678f2929d4c96f61ff781f45ea9e0088d87b9ab0
Crown Agencies,"$114,677.89 ",$476.13 ,Ontario Hydro,TECHNICAL SUPERVISOR,1997,f565a706c88ce560a193ff6f8409064cc36417553c62644dfdc3c9afe4d50c6a
Crown Agencies,"$103,612.10 ",$441.65 ,Ontario Hydro,PRINCIPAL RESEARCH ENGINEER/SCIENTIST,1997,c249e5cba863261be308995ed07966a906d93c10072ffe5a313d15ba08b863be
Crown Agencies,"$105,843.92 ",$349.93 ,Ontario Hydro,SUPERVISING NUCLEAR OPERATOR,1997,8bc64452854897d7b31ef36b6e22e9e20dbf23b3f8a118dab0bf65b1ec3bb911
Crown Agencies,"$130,793.33 ",$197.41 ,Ontario Hydro,CORPORATE CONSULTANT,1997,4735e091ee994ad54db7104863929ff39d7468fc6c3eeb0132d94e6d13b8f206
Crown Agencies,"$119,314.39 ",$452.57 ,Ontario Hydro,SHIFT OPERATING SUPERVISOR (AUTHORIZED),1997,08994c6f1fafa434d49ced1e36538bf0ade5b476c437bfa155a10719c10ddcd6
Crown Agencies,"$117,973.37 ",$545.27 ,Ontario Hydro,SHIFT SUPERINTENDENT,1997,f9160d8a0357fd98eb6a8f8cf36615b8a48bcd04526b95334c4eb65007fbee46
Crown Agencies,"$101,882.70 ",$381.87 ,Ontario Hydro,AUTHORIZED NUCLEAR OPERATOR,1997,2c2f8b486fe390c446b8d74253d3f316d2c9216c2c6efcb49be81411a43daf50
Crown Agencies,"$110,123.32 ",$324.99 ,Ontario Hydro,INSPECTION AND MAINTENANCE TECHNICIAN II,1997,6951aaf4939b1315f5c3c6a88662182adb42e3cbb810ec9f41e82cfe315e8089
Crown Agencies,"$105,066.78 ",$381.87 ,Ontario Hydro,AUTHORIZED NUCLEAR OPERATOR,1997,0454cd665f9924f32afcce7257bb05f5027267fb6d0841feeb4a8d348affb8a5
Crown Agencies,"$109,967.26 ",$480.16 ,Ontario Hydro,HELICOPTER PILOT,1997,ac14a45ed70e886cb9c084e6973d68559d614ef6bba75166093e65c2aa2cf6b8
Crown Agencies,"$111,976.27 ",$482.78 ,Ontario Hydro,SUPERVISING DESIGN ENGINEER,1997,8c511479f61c23eedf51ebce592dd069fd204a63e20e08659ae9f3e69c888ef4
Crown Agencies,"$108,098.41 ",$391.19 ,Ontario Hydro,SHIFT MAINTENANCE SUPERVISOR-MULTI-FUNCT,1997,9c1f068a39e89d7af797193399671137408492f16e372f6e5af11957745302f1
Crown Agencies,"$100,471.64 ",$436.75 ,Ontario Hydro,TRAINING SUPERVISOR,1997,b003d40c16caab9226fedc5509be896d5f070cc424f13b9327a2d9c959325214
Crown Agencies,"$110,079.30 ",$381.87 ,Ontario Hydro,AUTHORIZED NUCLEAR OPERATOR,1997,2d330c98a16ad9fbd82d5c2ef157d577feb924b9c64927297663bdd16e3cd834
Crown Agencies,"$152,652.80 ",$475.05 ,Ontario Hydro,SHIFT OPERATING SUPERVISOR (AUTHORIZED),1997,e12269f4adfda0a68075b586452ab2ad1dfd9c0b912f92bc88b7a3251928bd24
Crown Agencies,"$101,032.45 ",$425.76 ,Ontario Hydro,SENIOR TECHNICAL ENGINEER/OFFICER,1997,c19cc1481968d5f21d4b5e95a6e8a6d5d3b6f26eb6f97af5d6b2ff9cca63f180
Crown Agencies,"$122,314.23 ",$519.29 ,Ontario Hydro,SHIFT SUPERINTENDENT,1997,df5cec900b2b54b21f8e5bd41039191ca91a29b6b02e0b8a9f89d89b2a697c95
Crown Agencies,"$101,815.39 ",$381.87 ,Ontario Hydro,AUTHORIZED NUCLEAR OPERATOR,1997,162e2ed72c57e32813ffc2a403fa4d59534aec44b6541b101dc7598336344d6e
Crown Agencies,"$115,707.98 ",$505.29 ,Ontario Hydro,SHIFT SUPERVISOR,1997,edc6830d90de50064b70a082187a79d779a620cc041b249f6a020e1a11c2e92d
Crown Agencies,"$103,274.03 ",$439.53 ,Ontario Hydro,SENIOR ENGINEER/SCIENTIST/TECHNICAL OFFI,1997,0e6fab266734e345f4068e4c9eac739c235d5c1c6a7f5501bbbbc677060be80e
Crown Agencies,"$100,229.62 ",$349.93 ,Ontario Hydro,SUPERVISING NUCLEAR OPERATOR,1997,cd8c441b771aa27809a8afd597cb50c71d064146038720ee234268a1cb73075b
Crown Agencies,"$134,366.71 ",$534.06 ,Ontario Hydro,PRODUCTION SUPERINDENTENT,1997,5809fb1b4726139a1577b9f4dd612e7b9982748318216985a8a45fbcba543070
Crown Agencies,"$102,689.02 ",$884.22 ,Ontario Hydro,EXCHANGE ENGINEER/OFFICER,1997,27d5abf1e04e04f3cc07c8b23db22ad88282440e9b22e4bf4281332164b574d5
Crown Agencies,"$103,296.40 ","$2,222.18 ",Ontario Hydro,"MGR, BRAND MGMT & MARKET INTELLIGENCE",1997,e832472c243363e8208dcadbbe3ce969b94fc9391f026100636dbc15ad19757a
Crown Agencies,"$114,431.86 ",$511.52 ,Ontario Hydro,SHIFT SUPERINTENDENT,1997,9421424b0f2256fbaeecf1c6224d5960087938655526b7d1e2a51a2dd758ff1f
Crown Agencies,"$147,187.46 ",$612.27 ,Ontario Hydro,"VICE PRESIDENT, CORPORATE SERVICES",1997,2da311a227959930f2530d0fd0d77445f63d52b2bff7e660201f0c986d0becf7
Crown Agencies,"$109,319.44 ",$447.69 ,Ontario Hydro,SHIFT MTCE SUPRV (CONTROL OR MECHANICAL),1997,c13af001eef0d5babad8144ec8809810910c04603eca0b74da7297fdf5a62e79
Crown Agencies,"$128,965.55 ","$2,026.26 ",Ontario Hydro,"ASST GENERAL COUNSEL, OPERATIONS & PLNG",1997,89bca26f8c6bbf6a84ebacfbd8aaba0823da5aab10f6909b2f73f7d2649dd564
Crown Agencies,"$103,559.53 ",$464.10 ,Ontario Hydro,TECHNICAL SUPERVISOR,1997,32b67354b9b58c18149eda3bdb109b02468a364a4d6d6d0999b5db726aed43c3
Crown Agencies,"$101,530.20 ",$381.87 ,Ontario Hydro,AUTHORIZED NUCLEAR OPERATOR,1997,a36dfbb27b84151946bbfba89b7afc4555b960951cc9f9089e536301f68d25f4
Crown Agencies,"$113,534.16 ","$7,801.83 ",Ontario Hydro,"DIRECTOR, MARKETING & CUSTOMER SERVICES",1997,a2fc66afe47932c66bf948fc3e4ab085fdf98b2f300d4ddd95633f2bab72805e
Crown Agencies,"$109,050.59 ",$420.29 ,Ontario Hydro,SINGLE UNIT SHIFT SUPERVISOR,1997,c6cfe56caf0fce613072abece7ef2fab346ca307fe366d2d70168fd6ae0d66de
Crown Agencies,"$108,442.96 ",$306.04 ,Ontario Hydro,SHIFT MECHANICAL MAINTAINER I,1997,8ad5a58bf8646d86ec23f4094101ece7223c8eb8d039adc9d5484424ae1f60de
Crown Agencies,"$115,412.72 ",$487.54 ,Ontario Hydro,SHIFT SUPERINTENDENT,1997,42fc2ab8d8a3000c378a53c8fb512478fcf46cff27e6153c8bfc4c8efc34692b
Crown Agencies,"$115,196.91 ",$448.73 ,Ontario Hydro,SHIFT SUPERVISOR,1997,4bc44a81745bab2682c71c4bd77b1ce8635bd996a98d435ddb63a56745d23a2a
Crown Agencies,"$128,969.88 ","$7,183.58 ",Ontario Hydro,"DIRECTOR, BRUCE B",1997,316e9b7670bd1e4b975826df138f9a7d63695d32fad342c951f4289a7cc12a9c
Crown Agencies,"$117,351.48 ",$385.98 ,Ontario Hydro,SENIOR ENGINEER/SCIENTIST/TECH OFFICER,1997,f279d7ba97825002b2c48ae4a3fce00a2992ea729cdc21ca2396d94f9086a8d3
Crown Agencies,"$101,109.63 ",$381.87 ,Ontario Hydro,AUTHORIZED NUCLEAR OPERATOR,1997,cd17fa47d8860708273d3adf653b0463a122a648d10ecab127469bb4bf70a68e
Crown Agencies,"$108,610.36 ","$2,208.78 ",Ontario Hydro,ENGINEER/TECHNICAL OFF-COMMERICAL & RES.,1997,5b76f280aed3b068cf220ecf94ffceab814b0628c0472ea1881dba888470a620
Crown Agencies,"$108,482.86 ",$448.71 ,Ontario Hydro,CUSTOMER OPERATIONS MANAGER,1997,c9ab3a4b4cacd5e2f65e58e816e65a6a2d0fca379a9da7c923c1865e20a56aa9
Crown Agencies,"$101,187.09 ",$420.13 ,Ontario Hydro,DESIGN ENGINEER - SPECIALIST,1997,ef4d844c01fe5d0292e872c2f0bc89e639b2fe79769f597b4cae8ac578226ce7
Crown Agencies,"$102,725.69 ","$1,293.45 ",Ontario Hydro,"DIRECTOR, CORPORATE BUSINESS DEVELOPMENT",1997,68dfbe237a8e8f14849a73b3aaa6a682d39103763067470a19bd4b737057a61d
Crown Agencies,"$116,859.28 ",$521.93 ,Ontario Hydro,SHIFT SUPERINTENDENT,1997,19ee4d600cf56b0f80a9dcd1817185d3fce57b1a7b86688546839e03320aad8f
Crown Agencies,"$101,021.37 ","$1,628.61 ",Ontario Hydro,"MANAGER, BUSINESS INTEGRATION",1997,7fabfc24b0a06f3ebc87537b7a5975b12de46686456696ba1e70803130396e69
Crown Agencies,"$110,408.49 ",$464.10 ,Ontario Hydro,TECHNICAL SUPERVISOR,1997,1f81ad7b151bd957de3a5b3bf95a26d30a46c498fa032d72ddef51b54bcba9a1
Crown Agencies,"$105,369.32 ",$349.93 ,Ontario Hydro,SUPERVISING NUCLEAR OPERATOR,1997,6bb4c7dc56dc5d342fd5bb4df13063cc40a02d2dbc3a6f25b03097e8d3510085
Crown Agencies,"$100,676.69 ",$349.93 ,Ontario Hydro,SUPERVISING NUCLEAR OPERATOR,1997,6ce233b6a82f2d2b47fc7408a4758e37552e5a4b1def86439248e4f078a0f5e1
Crown Agencies,"$100,290.21 ",$477.87 ,Ontario Hydro,SUPERVISING FIELD ENGINEER,1997,b8a9dd9d42f625449f1a0920904a0ec2730c4fd483cbf6166ba5ee2384e8b5e8
Crown Agencies,"$217,339.62 ","$20,407.76 ",Ontario Hydro,"GENERAL MGR, HYDROELECTRIC BUSINES UNIT",1997,759003c0ddedcde7fad9632fe3d82b61a7bdeb5539d0594e6f01cf8c5c180b45
Crown Agencies,"$102,547.48 ",$542.43 ,Ontario Hydro,"SENIOR SOLICITOR, CORPORATE SERVICES",1997,d3786cfc4437630a1f1c831257e103ee69517fdbff1f84e3a984abe1fdd96f77
Crown Agencies,"$115,153.41 ",$597.15 ,Ontario Hydro,"DIRECTOR, OPERATIONS & MTCE SERVICES",1997,8031c0af32dc11c50167e702a7ad69b775dc77e7ad57480b5d672ac6da700979
Crown Agencies,"$120,148.02 ","$1,429.55 ",Ontario Hydro,"HR CONSULTING MGR, FIELD OPRNS NORTH",1997,1a56bffdfce56adf9c96734bcba299a02fb50929e14a32faabfa284923ea38f9
Crown Agencies,"$104,705.72 ",$381.87 ,Ontario Hydro,AUTHORIZED NUCLEAR OPERATOR,1997,82d8558ca1263541d8e816a1af405d23bd5ffdeb9ef63d3a949997ec32f77c37
Crown Agencies,"$109,706.62 ",$381.87 ,Ontario Hydro,AUTHORIZED NUCLEAR OPERATOR,1997,2e37d470a35f9494dce45a84018b3ba1173af14fe2f7453da412b77a6fc62498
Crown Agencies,"$100,596.16 ",$418.83 ,Ontario Hydro,SAFETY SPECLST PROTECTVE CLOTHING &EQUP,1997,29d5774256eab591cc23d7d067baa90e8f5a1aae54b1984564938790ade7acc5
Crown Agencies,"$117,219.14 ","$4,794.60 ",Ontario Hydro,"DIRECTOR, COMMERCIAL MARKET",1997,5161b5ac1a929aba3c35b2b7fc62a208aaa5f42341e371d882ac7c5bdbed945d
Crown Agencies,"$128,474.82 ",$532.71 ,Ontario Hydro,SHIFT SUPERINTENDENT,1997,b1db81b2183170e10203c0ce4d32fedcc11e804bf103ddf6b6c3920fff9d1d6d
Crown Agencies,"$100,727.98 ",$366.34 ,Ontario Hydro,SENIOR SHIFT CONTROL TECHNICIAN,1997,b23c7abdccbb8075686e314b55c7f1e64a7718f4757a134ca8a7509f4ca31f8f
Crown Agencies,"$111,909.14 ",$381.87 ,Ontario Hydro,AUTHORIZED NUCLEAR OPERATOR,1997,e378bd45bcf45cbe7b946acd90e2185d0fe3a5358f819b165527f812fd356196
Crown Agencies,"$106,363.92 ",$368.41 ,Ontario Hydro,PROTECTION & CONTROL SUPERVISOR,1997,ed1e9d93a3ba85cffd872aa3347f4a2733ab9420ff5e66c823f6f048ea95b9f2
Crown Agencies,"$102,772.03 ",$0.00 ,Ontario Hydro,ELECTRICIAN FOREMAN CONST,1997,2eda42f8e1f2a7da2e6c0208244f62c7343caa3ddd2f6d51ed3a16c7b0ccb479
Crown Agencies,"$213,947.32 ","$17,691.70 ",Ontario Hydro,"GENERAL MANAGER, DISTRIBUTION NETWORK",1997,3fe0e719f259f166e29fd16d9fcfe16d8cce3d279c45898543cee9e9bbe5fa54
Crown Agencies,"$102,745.50 ",$381.87 ,Ontario Hydro,AUTHORIZED NUCLEAR OPERATOR,1997,ec23bce146516e379fc4b1a97d72b09d29e61c1e9db764d95b9b8fbbc74d7e8f
Crown Agencies,"$102,615.47 ","$1,927.89 ",Ontario Hydro,"MANAGER, ENVIRONMENT",1997,a04f8ee020921c4d752340eb24f88e6b3f2c05b7547b33e1ffb566cfe4ba7b74
Crown Agencies,"$126,855.61 ",$501.64 ,Ontario Hydro,SHIFT SUPERINTENDENT,1997,1b6ca4c35a394709a881d89281e899c0aeadf3253768bd638b9cf9c559c54504
Crown Agencies,"$101,625.86 ",$482.13 ,Ontario Hydro,TECHNICAL SUPERINTENDENT,1997,685b2a1569a64422e25ab5c6ed9bfb63986939a38146945e3707f16058da2594
Crown Agencies,"$105,223.46 ",$381.87 ,Ontario Hydro,AUTHORIZED NUCLEAR OPERATOR,1997,e8df8e82756956d3fa0fe15431d4aaebb156bca9ab0e2db32c9d061d198ceae8
Crown Agencies,"$101,626.86 ",$352.03 ,Ontario Hydro,SENIOR RESEARCH ENGINEER/SCIENTIST,1997,73281ae65f70e3e7f40f08c7da183f3a692c8b709ef0f009139fd3f24c1fad12
Crown Agencies,"$101,472.65 ",$316.88 ,Ontario Hydro,ASST ENGINEER/SCIENTIST/TECH OFFICER,1997,8a8786cc7a1f23508b9f61b4d5d9ca06754b04410d32f5bdcd3ec50e5bcf7278
Crown Agencies,"$105,949.21 ",$439.53 ,Ontario Hydro,SHIFT MAINTENANCE SUPERVISOR-MULTI-FUNCT,1997,0db9179d0317e81ae438186dbe77dbc072e3f96b26c39a281dcd6d1e7517e506
Crown Agencies,"$108,003.45 ",$381.87 ,Ontario Hydro,AUTHORIZED NUCLEAR OPERATOR,1997,d3b05b7793fa09b6e60033ff34888362be64c3cc73844367766b418a55cdea19
Crown Agencies,"$329,331.48 ",$786.69 ,Ontario Hydro,"DIRECTOR, FIELD & ENGINEERING SERVICES",1997,2d385758773b181803f7912373e1ee76bc6001242987c2278f5e5ff26ebf5ba8
Crown Agencies,"$118,754.90 ",$490.26 ,Ontario Hydro,SHIFT SUPERVISOR,1997,9a3be3fd139db473f51231d344bdcaf3848d62cf3742975c839c199d0de8983a
Crown Agencies,"$117,252.51 ",$499.83 ,Ontario Hydro,PRINCIPAL RESEARCH ENGINEER/SCIENTIST,1997,f5776837dc119c126e74615a2720e864320d6de9b6d34fc8837795799ad19704
Crown Agencies,"$135,075.87 ",$504.76 ,Ontario Hydro,TECHNICAL SUPERINTENDENT,1997,831a7e58a012c0b507428b4407d29e270229018c107728ec2049d8cd64fcddbf
Crown Agencies,"$102,878.87 ",$436.71 ,Ontario Hydro,UNIT PAIR OUTAGE COORDINATOR,1997,76ba7207c696f4a9449cc604e42aec77405d40eb9d44e2cc3413cb4c55bfaf80
Crown Agencies,"$106,290.84 ","$1,905.78 ",Ontario Hydro,"EXECUTIVE DIRECTOR, FINANCE",1997,1488c0688879341a0808f0e61e4f9a0725fbe1ef648f5e66a0388d322e94d7d8
Crown Agencies,"$117,209.86 ",$519.29 ,Ontario Hydro,SHIFT SUPERINTENDENT,1997,ba15ae24323aa46b194dee0fef3fddb420f4435fa0eba2c60e3a60d06ed5cc60
Crown Agencies,"$106,244.78 ",$476.71 ,Ontario Hydro,PRINCIPAL RESEARCH ENGINEER/SCIENTIST,1997,10808597e7359022ff113a7b146c6bdff3e0a5ffaefa3ee3ff6621bc2c46c93c
Crown Agencies,"$164,865.54 ","$1,886.61 ",Ontario Hydro,"MANAGER, U.S. EQUITIES",1997,2dc63afd3da1246555de97844bff72ba0bded41e2ff6a15440d2888bddc487a0
Crown Agencies,"$122,736.28 ",$839.21 ,Ontario Hydro,OPERATING SUPERINTENDENT,1997,e4f40082d3c689a597cda8159d059c7fcccc1f17294b51fa401e54f36de02eed
Crown Agencies,"$100,556.93 ",$366.34 ,Ontario Hydro,SENIOR SHIFT CONTROL TECHNICIAN,1997,2019ccf336d075cc855ca45018c29d5da7964eae8456366e217131267eb43aa6
Crown Agencies,"$104,006.30 ",$472.81 ,Ontario Hydro,GENERAL FOREMAN - MECHL (NUCLEAR & THRML,1997,a08148f3ffc3fdcd5419c6207da3cb65570564df47e9282c18dca75172bc886b
Crown Agencies,"$115,242.35 ",$381.87 ,Ontario Hydro,AUTHORIZED NUCLEAR OPERATOR,1997,e7eb2bfd16f0f37f3c1773e07eee71dd1795ba595fec806358102061f989bc70
Crown Agencies,"$127,513.09 ","$8,556.74 ",Ontario Hydro,"SR ADVISOR, REG AFFAIRS & NUC ASSURNCE",1997,1136b5d44153fa617bef379b3982da583f6f7517f836bf51ee59f4f710225e44
Crown Agencies,"$103,075.89 ","$6,231.06 ",Ontario Hydro,OUTAGE MANAGER,1997,905111d7ffeb43d91a7877f2cadaae1d67a08cb75f9bd2b9ead31c21fc6f8d6b
Crown Agencies,"$108,153.45 ",$451.75 ,Ontario Hydro,SHIFT OPERATING SUPERVISOR (AUTHORIZED),1997,99e4ef2433ddb8943de9c27a53bfbd53949c5a01baceb8fd2e16ae5e862d72a4
Crown Agencies,"$108,565.67 ",$477.87 ,Ontario Hydro,GENERAL FOREMAN - ELECTRICAL,1997,e864b7e9e785e9bcfb10f0c4c767a1ad3b66f10ad0bc98610dcdc206290651f8
Crown Agencies,"$111,857.29 ",$469.77 ,Ontario Hydro,SHIFT OPERATING SUPERVISOR,1997,832cf2f544c28b9e89d635e07ee5efb86c67cd85dfac2a2905e70e838887dda2
Crown Agencies,"$103,625.88 ",$486.03 ,Ontario Hydro,"SENIOR ADVISOR, TECHNOLOGY PROGRAMMING",1997,23d007f50470ec14d87cf10db42aa3fdb61f08c81317e7fc2ec8edc7571efeee
Crown Agencies,"$105,576.93 ",$381.87 ,Ontario Hydro,AUTHORIZED NUCLEAR OPERATOR,1997,a42d94147c05e4a20f508da0cc256bad81ef852ca7bcfd1923432f06930f0650
Crown Agencies,"$105,621.39 ",$366.18 ,Ontario Hydro,"MANAGER, OPERATIONS INTEGRATION",1997,55857405b2319de8d8895144ba485a0e65f9b0c65175f3eff6be8b419e3d3935
Crown Agencies,"$180,108.47 ","$8,179.42 ",Ontario Hydro,"MANAGER, UTILITY 13",1997,7e5e3a55456c0e8437cfbe68fc6b74bd7914a7027e54d3f2f31721b1b9ff3ecc
Crown Agencies,"$100,764.08 ",$381.87 ,Ontario Hydro,AUTHORIZED NUCLEAR OPERATOR,1997,a7fdfc598a8c80395144b332ee665fec636bf0b42ff9291ebc97a3e3dc68e507
Crown Agencies,"$107,697.22 ",$412.29 ,Ontario Hydro,TECHNICAL SUPERINTENDENT,1997,1477b9408bf058e68f4fb3f2eee9e015e2d20011cdafa93e96158d8ac83127ce
Crown Agencies,"$133,668.43 ","$1,781.29 ",Ontario Hydro,ASST GENERAL COUNSEL-EMPLOYMENT LAW,1997,920eaf64c1ee180604020e82fe8b7e484c00c86c73740bd8447a0f07acb9f666
Crown Agencies,"$101,588.60 ",$418.83 ,Ontario Hydro,SENIOR ENGINEER/SCIENTIST/TECH OFFICER,1997,a64338bc96c671d100743a0502af9ff97c0ec61ed747f4be7d25f38af1661a19
Crown Agencies,"$102,965.54 ","$1,900.47 ",Ontario Hydro,"MANAGER, GRID STRATEGY & COMMERCE",1997,183e8fac5ff0957851b3594974af5b015e329d4bce9b1bfe7b8bcb129a1e63ff
Crown Agencies,"$117,815.43 ",$494.34 ,Ontario Hydro,TECHNICAL SUPERINTENDENT,1997,43d714ed8328e2532faea3c66ea22ab34d699f8dbc2fe7c7278d64d9a6e6dc5b
Crown Agencies,"$164,601.29 ","$3,235.00 ",Ontario Hydro,"MANAGER, GENERATING UNITS",1997,36d95a1b70ce471186796df02873b4bd001474f3b0f6f3d9d21ad1899993cf7a
Crown Agencies,"$118,745.64 ",$487.05 ,Ontario Hydro,SITE PROJECT ENGINEER/OFFICER,1997,8b0a36526516cd1e0541df67e519c4c94061724ff413b6bf82cd40ab97e724b6
Crown Agencies,"$104,432.93 ",$526.55 ,Ontario Hydro,"GENERAL MANAGER, LAND MGMT",1997,cf38216f5773272327e89eb52757914c0c7a6a443e8b907da0b5d458b6116bb4
Crown Agencies,"$103,604.25 ","$5,668.48 ",Ontario Hydro,"MGR, MATERIAL MANAGEMENT",1997,b828451bd168352814d2bfbb9292bd1e8729e46e88112984c73ca6dd2f61ff9c
Crown Agencies,"$156,984.59 ","$4,250.60 ",Ontario Hydro,"GENERAL MANAGER, TRANSMISSION NETWORK",1997,70c9d5b07e9c2259163cab6ffdf807076bbe3f43fa6fdb895d68bedac578ee68
Crown Agencies,"$111,790.93 ",$483.33 ,Ontario Hydro,AUTHORIZATION TRAINING SUPERVISOR,1997,1c5cfefff2fac8e54905bd37379353d07045fac3bc8e99e23442d9fd4d99ff85
Crown Agencies,"$115,449.11 ",$381.87 ,Ontario Hydro,AUTHORIZED NUCLEAR OPERATOR,1997,509c94dc09aceabd4408da632681d4b0d726bd196e42f2cbe56cc644a6a68ef8
Crown Agencies,"$107,525.40 ","$1,904.59 ",Ontario Hydro,"DIRECTOR, INFORMATION MGMT & ADMIN",1997,edec076c16b3c23f35c2d4367ab44d5185fb4da8b7663abea13c23dae400447e
Crown Agencies,"$108,411.73 ",$350.51 ,Ontario Hydro,ENGINEER/TECHNICAL OFF-COMMERICAL & RES.,1997,38377e9f388707bf0fac1c27f4e3e6aa6841aabba3e3f0e18b25992f40b99b7e
Crown Agencies,"$112,565.25 ","$1,497.23 ",Ontario Hydro,"MANAGER, HUMAN RESOURCES",1997,a9e9a59371defafd144d93daaff42c77e9a99e0ae6ba2694439fffe885f0af9f
Crown Agencies,"$103,392.62 ",$389.19 ,Ontario Hydro,TRADES SUPERVISOR MAINTENANCE,1997,6d11a3db4208ec9da53c713f8f3a57251870b5661adc0f97e3c525028c754cb3
Crown Agencies,"$117,298.66 ","$10,058.16 ",Ontario Hydro,"MGR, CONFIGURATION MANAGEMENT",1997,95c1c00051a11b54c9cec5c0bc99ff6f5af9f1a64694f2981bf096e7d916d7a6
Crown Agencies,"$101,162.97 ",$381.87 ,Ontario Hydro,AUTHORIZED NUCLEAR OPERATOR,1997,9b9b043137a469ccc93dd1c6c51a18f9b1e2da360316d873e8db5475e949e108
Crown Agencies,"$114,407.41 ","$7,006.77 ",Ontario Hydro,"PLANT MANAGER, NANTICOKE GS",1997,24cec2f3ac380ee7f4e01386518b4448e8ca59437f59767678a4782cc6f8a9c7
Crown Agencies,"$109,791.40 ",$456.06 ,Ontario Hydro,PRODUCTION SUPERVISOR - SHIFT,1997,28cd8efa35270cbf3f9d11a9326260ab6e9bebb0caa2f07371e0e32107803d56
Crown Agencies,"$107,049.43 ",$381.87 ,Ontario Hydro,AUTHORIZED NUCLEAR OPERATOR,1997,db7e6417dbd4299d068ee0e66941a20f00f3243f7a2bc1622d44f3c39a541bd0
Crown Agencies,"$111,193.96 ",$381.87 ,Ontario Hydro,AUTHORIZED NUCLEAR OPERATOR,1997,456cf1302a8d8aed4403c9df2a6e3d1f09f04aeff0692ca9141219e31b2fe1d8
Crown Agencies,"$106,045.79 ",$366.84 ,Ontario Hydro,DESIGN ENGINEER SPECIALIST - INSTRUMENTA,1997,963c48d0d383c83e9c742a32adfd75765a7849458c27ad9794c69970aa65d5fe
Crown Agencies,"$122,277.39 ",$524.29 ,Ontario Hydro,SHIFT SUPERINTENDENT,1997,eb2c0f40ceb79ed95847a5294df21276149960775163cd6a283ca308bbdf553c
Crown Agencies,"$116,580.91 ","$1,991.75 ",Ontario Hydro,"DIRECTOR, NUCLEAR ENGINEERING",1997,0148a2db52c474fa14ff7bf0b39226b5280efb8fba2af50124253c1b6997b56d
Crown Agencies,"$101,968.59 ",$395.83 ,Ontario Hydro,SENIOR INFORMATION SYSTEMS ANALYST,1997,3d47531aa6e888cd6dacadd957b58d6e2ef59aa73d150dd954acc104f2a29cdf
Crown Agencies,"$104,643.92 ",$402.69 ,Ontario Hydro,TECHNICAL SUPERVISOR,1997,fae2f3acccd25778c86787086a73c4cd6751e57e896a23e9a08eb4de00a0cce5
Crown Agencies,"$104,397.10 ",$381.87 ,Ontario Hydro,AUTHORIZED NUCLEAR OPERATOR,1997,f399d4fd0e64056546f2a0ed5b412f0eb9814933e4866cf60915803c06e24a85
Crown Agencies,"$118,951.04 ",$510.75 ,Ontario Hydro,SINGLE UNIT SHIFT SUPERVISOR,1997,609c1409df160231c2e39872f33026d927a534f30032a36b780a0dfa1548224c
Crown Agencies,"$121,947.64 ",$511.57 ,Ontario Hydro,SHIFT SUPERINTENDENT,1997,ad980fb735ebbcd3e038a2d652bf6f606d957345df9843b841ab84962f127759
Crown Agencies,"$109,443.86 ",$322.80 ,Ontario Hydro,AUTHORIZED NUCLEAR OPERATOR,1997,d5abfa68778417dbb260eb7129a5a4a2c610628cd47ab95633d00ef102f048f2
Crown Agencies,"$107,242.52 ",$496.98 ,Ontario Hydro,GENERAL FOREMAN - PIPING,1997,4fd612123554ae1fcc36ecbcdc0178661c58a61a261a496c02515b0407f285ef
Crown Agencies,"$100,791.71 ",$381.87 ,Ontario Hydro,AUTHORIZED NUCLEAR OPERATOR,1997,9151c32425826c29464378b20500cef723cda70d39f9e10c3844f65dfc29b562
Crown Agencies,"$104,678.07 ",$438.71 ,Ontario Hydro,TECHNICAL SUPERVISOR,1997,d91be5cedefb11170029406fcca53636d32bbed69bab5b45ee00eddf14978fe0
Crown Agencies,"$134,828.86 ","$4,274.77 ",Ontario Hydro,"PROJECT DIR, TRANS COMPANY",1997,c2a2ea003cb3b19c37bde49034bbbe197f2b11ed325832af761ab41b73de76ad
Crown Agencies,"$102,470.75 ","$1,916.97 ",Ontario Hydro,"MANAGER, REACTOR ENGINEERING & SERVICE",1997,aa68a442294ae196a34d1c517ad7b0f127b53753e7539229ade5db14759ac373
Crown Agencies,"$114,104.45 ",$374.85 ,Ontario Hydro,TECHNICAL SUPERVISOR,1997,4c1e9bab84ba21149c2ee9f86585b8bd1fca585c9be94d2d5cc174fa6b2b35e4
Crown Agencies,"$118,983.18 ","$1,143.51 ",Ontario Hydro,TERRITORY MANAGER - INSPECTION,1997,5b32cd86053ec89b7313f584edb60f5b7162e5421e7e5196f1c2246fec33c81d
Crown Agencies,"$102,021.49 ",$446.25 ,Ontario Hydro,TECHNICAL SUPERVISOR,1997,fef2b8c9e334f3c53d1c1192c8d05f02a40ace32ae6a197f00939c3f6177321b
Crown Agencies,"$106,916.09 ",$316.31 ,Ontario Hydro,AUTHORIZED NUCLEAR OPERATOR,1997,3f660cd198bce48e15d6932a481e948c5beeda80e53193e735902b3356042acf
Crown Agencies,"$108,400.21 ",$357.04 ,Ontario Hydro,VAULT SUPERVISOR,1997,56696a1ae3e2c8d5bbea4cbf1ab33392f8515d028b2f66e91b984a87f6ef15a3
Crown Agencies,"$101,935.11 ",$565.71 ,Ontario Hydro,SERVICE MAINTENANCE TRADES SUPERVISOR,1997,94a1b47f6420ab818bdf8d082e87c8a34e3858613c908ae42ad4473b40b9cb18
Crown Agencies,"$109,596.60 ",$447.69 ,Ontario Hydro,SHIFT MTCE SUPRV (CONTROL OR MECHANICAL),1997,81af750bc161bb64dd7616ef264c29626bed322cc1e2576c9a6e52e619b25c11
Crown Agencies,"$104,100.83 ",$381.87 ,Ontario Hydro,AUTHORIZED NUCLEAR OPERATOR,1997,bae044f7a13a28940a2487fb536d599cbe7e4e73a1143ad35ad95ba10399e544
Crown Agencies,"$117,613.70 ","$11,485.47 ",Ontario Hydro,"DIRECTOR, STATION ENGINEERING",1997,41e57a0c5b208fa664b576c6f905faef13c8e3563eedbbcfab414a12246d8bbb
Crown Agencies,"$235,740.26 ","$12,952.79 ",Ontario Hydro,"EXEC VP & MANAGING DIRECTOR, RETAILCO",1997,cd96b57e12c19d417ec6a9df8f6a127b54809703275e0861bca0d5351bc07770
Crown Agencies,"$119,175.23 ",$381.87 ,Ontario Hydro,AUTHORIZED NUCLEAR OPERATOR,1997,c08eccfea5a9de8491a0fff1ee6d1adb79d6ec94681e085b9add2a5efa771469
Crown Agencies,"$109,371.95 ","$1,922.43 ",Ontario Hydro,"SENIOR ADVISOR, HEALTH & SAFETY",1997,6f689ef9fe45b086fa1ecafbae739bff1caea32dfb551a03e6cd501ae436ece0
Crown Agencies,"$228,694.90 ","$2,041.49 ",Ontario Hydro,"DIRECTOR, INTERNAL INVESTMENTS",1997,1bf2675494202fd3a6b7a920acfeda6c7d27c5cd27db4d9f5ff14eeb447868f4
Crown Agencies,"$116,485.62 ",$507.93 ,Ontario Hydro,SUPERVISING DESIGN ENGINEER,1997,c125c4c4132d0978ef6527f1ca74044db5ac53f515bf6329b78142c495365a4b
Crown Agencies,"$166,051.50 ","$9,231.59 ",Ontario Hydro,"SITE VICE-PRESIDENT, DARLINGTON",1997,2308b574201dd1361812973fcabe06528b01541f6a0192dac3d790d78868fefb
Crown Agencies,"$102,860.48 ",$385.38 ,Ontario Hydro,GROUP LEADER,1997,274101125b07812ae2eb225f0a5345ffba28fc0c54233511d91a5eadb6242b4d
Crown Agencies,"$130,673.91 ","$1,322.49 ",Ontario Hydro,"DIRECTOR, HUMAN RESOURCES",1997,c94b63de16c86b19f5eaddca2e376d463a3f444d8a815261fb8081665777ffa4
Crown Agencies,"$104,181.76 ",$750.66 ,Ontario Hydro,PRODUCTION SUPERVISOR - SHIFT,1997,42eb39facec054274adcee1c4df910915be39496a70fffe95c326529a92e40f6
Crown Agencies,"$133,533.15 ",$505.08 ,Ontario Hydro,SHIFT SUPERINTENDENT,1997,71a55f92348fc1168ad75eeffcddf0eea37d83bdc2b1cd3b8970f8f7724fc318
Crown Agencies,"$109,633.37 ",$561.96 ,Ontario Hydro,SENIOR MANAGER FINANCING,1997,28b18cea244e0f167194036ebd7a8edf448ff7a87b64220df10c18aca0a1b246
Crown Agencies,"$189,148.76 ","$12,077.19 ",Ontario Hydro,"GENERAL MANAGER, NETWORK SERVICES",1997,3ab5c927f05a290765b5c4a946d02a214b6c06fc0ecde754e6f7e65fe9e28a92
Crown Agencies,"$102,696.33 ",$381.87 ,Ontario Hydro,AUTHORIZED NUCLEAR OPERATOR,1997,56895e1cec7d18712f423990bf1eb42facfe28a245ddeae4265f4779f904623c
Crown Agencies,"$100,507.53 ",$357.51 ,Ontario Hydro,REGIONAL MAINTAINER - ELECTRICAL UTS,1997,51d01489408b00b761e372fa3efc6c2ca19c7464fb5ba10ce996847d11304172
Crown Agencies,"$108,152.84 ",$467.82 ,Ontario Hydro,TECHNICAL SUPERINTENDENT,1997,ebc683db2defe029c300e05e486d100d19e2231ddcf080a1707a9fcd6fb0e8a5
Crown Agencies,"$107,462.87 ",$444.17 ,Ontario Hydro,TECHNICAL SUPERVISOR,1997,ec2b2fc60ce207da00fe1cef0826fe2b3313f7d6311c079a837b2375f466111a
Crown Agencies,"$115,511.92 ",$523.11 ,Ontario Hydro,SHIFT SUPERINTENDENT,1997,1ab97d37e3f7139184a13c1b3cb8e8cedb49026057c26611eb7edd5f7db3d37d
Crown Agencies,"$271,984.98 ","$8,642.01 ",Ontario Hydro,"SITE VICE-PRESIDENT, PICKERING",1997,f7035d210f8489789f8bd13c17fb9e3b2ccce3a3999e15a4324b3cd820c29d45
Crown Agencies,"$117,276.52 ",$510.23 ,Ontario Hydro,TECHNICAL SUPERINTENDENT,1997,4a8169a7d64bace58feb7a164c426fb9af0bd171907b3b487c74ee6c90bf8743
Crown Agencies,"$101,270.67 ","$1,769.03 ",Ontario Hydro,"MANAGER, PROJECT SUPPORT",1997,c3fb9ccd6f65907715b655857e133bedb5e7ffb11461ef5137716b500b22c7c9
Crown Agencies,"$105,129.59 ",$381.87 ,Ontario Hydro,AUTHORIZED NUCLEAR OPERATOR,1997,8deb88d314aa78c1b52582412d5091c2f4c130725a2b241f06eb6d6c53fd4d04
Crown Agencies,"$104,872.67 ","$1,091.21 ",Ontario Hydro,"MANAGER, COMMUNICATION SERVICES",1997,5675c1be81f01b6a8c28cfe6393a572ac165ba857950719404e6c67f3cc5f471
Crown Agencies,"$125,007.31 ","$3,677.14 ",Ontario Hydro,"PLANT MANAGER, NORTHWEST",1997,e00357152b01fc01c62f14d2161185a659fc4300149d290e7c28f763ad06a683
Crown Agencies,"$201,248.76 ","$10,431.57 ",Ontario Hydro,"SR VICE-PRESIDENT, NETWORK ASSET MGMT",1997,ceb9869c729cc9a73649069e32e70adb0731c07cf72d7a228511bcc05a18643e
Crown Agencies,"$104,305.63 ",$439.53 ,Ontario Hydro,SHIFT OPERATING SUPERVISOR,1997,3969db6b4780e34a10795451cb027a73c6fa66e2402efa13a1dfb4b58d8c88f3
Crown Agencies,"$108,123.99 ",$502.47 ,Ontario Hydro,SUPERVISING DESIGN ENGINEER - STRUCTURAL,1997,b6646122e13b00672e38e69686c0905db02f14752adfa8127a30814941d67364
Crown Agencies,"$100,528.62 ",$382.97 ,Ontario Hydro,SHIFT OPERATING SUPERVISOR,1997,adcf2a24c6a4d0233c24a27ad6cbcc92939088c808e5e5b2380e58e8b1ee1f74
Crown Agencies,"$115,306.32 ",$381.87 ,Ontario Hydro,AUTHORIZED NUCLEAR OPERATOR,1997,54630b797bb7af2efbb0ab423a34871bc3828e93d3cbaf32a64405ff3d2cf8e5
Crown Agencies,"$103,571.13 ",$381.87 ,Ontario Hydro,AUTHORIZED NUCLEAR OPERATOR,1997,a6e4439f27b6d50313f77a329fed0924f0fc447067146196ab59025628283943
Crown Agencies,"$107,827.38 ",$499.83 ,Ontario Hydro,MAINTENANCE COORDINATOR,1997,2d5895b138ae50d6c226bf30f1525f07d15d31206428e6051cace1f2dcbf2b12
Crown Agencies,"$109,583.30 ","$2,004.77 ",Ontario Hydro,"VICE-PRESIDENT, NUCLEAR TRAINING",1997,ac95a065994d6372a2dcb531697072a01d79d17fb5da5dd708ce669226ecf397
Crown Agencies,"$101,708.86 ",$381.87 ,Ontario Hydro,AUTHORIZED NUCLEAR OPERATOR,1997,941e29072f7bdb96a660bd848b5da025c7ff1906e7cb16cf998110d9fa40ea56
Crown Agencies,"$101,174.98 ",$440.13 ,Ontario Hydro,BUSINESS DEVELOPMENT MANAGER,1997,209d509d48bf9ea40fa9417ec571d662418c5a049c208663f8107c5b8762cadf
Crown Agencies,"$108,225.98 ",$805.86 ,Ontario Hydro,"MGR, WORK METHODS & PROCEDURES",1997,84d2fa7ac294869ab63488c5bc7c37202cc5679b80de29935fc1bcc976f2dea8
Crown Agencies,"$104,827.62 ",$465.76 ,Ontario Hydro,TECHNICAL SUPERINTENDENT,1997,e85787a44c73e1200884628fd8d447d319dc19cdb703529d133f3be52adede9a
Crown Agencies,"$132,983.55 ",$466.95 ,Ontario Hydro,SHIFT MAINTENANCE SUPERVISOR-MULTI-FUNCT,1997,b727c2c25681bd6d38593e01709e66fde3e2d87ec0474636fcf7e1cdade496cd
Crown Agencies,"$100,465.52 ","$1,895.01 ",Ontario Hydro,"MANAGER, COMPUTING SERVICES",1997,ed79ef73e04e69444a0aa3a7471b846e6e361b9f2a6b01b39f893a587aeb54a2
Crown Agencies,"$101,891.50 ","$1,889.55 ",Ontario Hydro,"MANAGER, CUSTOMER SERVICE PLANNING",1997,fe235cca34e1f0d906049455bfc5e4de4d585c659f7553e2eada2e7d79b0ec87
Crown Agencies,"$120,511.99 ",$418.83 ,Ontario Hydro,SENIOR ENGINEER/SCIENTIST/TECH OFFICER,1997,a23a375480727ddc1f82b4b10b401c5e04311814ff7eb528a0d181bf0563ab20
Crown Agencies,"$107,681.85 ",$381.87 ,Ontario Hydro,AUTHORIZED NUCLEAR OPERATOR,1997,61ef1fc0e878cb3cb382cee16e35884ea3d25665adb76f9122dc04c5ea8a4da2
Crown Agencies,"$108,982.16 ","$1,927.89 ",Ontario Hydro,"SENIOR ADVISOR, HUMAN RESOURCES PLNG",1997,73f610f96ef3102724380c819c0fef07078e2125539ed8cd95c608a25a14e896
Crown Agencies,"$127,732.12 ",$483.33 ,Ontario Hydro,SHIFT OPERATING SUPERVISOR (AUTHORIZED),1997,d027f2d4f94734ffe683d80f9c68cbb229bbca3dbebdbc1f3141beeae5d27ecc
Crown Agencies,"$101,767.18 ",$515.01 ,Ontario Hydro,"MANAGER, CORPORATE ACCOUNTING",1997,4538d0ef6fda67a4a37072e9b4b71ff4cf5de285e21ab313e2590348654d2977
Crown Agencies,"$114,154.72 ",$402.45 ,Ontario Hydro,SENIOR ENGINEER/SCIENTIST/TECH OFFICER,1997,8d46dd58d07d7322b5cb59bb991c80bb6c66f67fdfa57127967aba0635043e4d
Crown Agencies,"$102,561.80 ","$1,897.80 ",Ontario Hydro,HUMAN RESOURCES MANAGER,1997,27cd752fba3f33784d5ed843478571f4af188dba7d4c58d5bd49259d96623ee0
Crown Agencies,"$200,421.77 ",$388.98 ,Ontario Hydro,PLANNING ENGINEER/OFFICER - CUSTOMER DEL,1997,40be345e1616c1c3fa4fd4fb4903fc33b048a98a522d9e2f91fae2c2d7e2a85c
Crown Agencies,"$101,685.52 ",$534.66 ,Ontario Hydro,"MGR, ENGINEERING & TECHNICAL TRAINING",1997,a5f05e73ec1120ac2fe6158070e79b7b030baa79671670b530ef86baf3d8697a
Crown Agencies,"$100,101.93 ",$472.41 ,Ontario Hydro,TECHNICAL SUPERVISOR,1997,27236cfd433e17599c34f77de2d288aaab3ada76d704ad3e341bfa174cda3ed2
Crown Agencies,"$160,369.87 ","$1,267.71 ",Ontario Hydro,EXECUTIVE ASSISTANT,1997,c90d7ac054403dccde3c3a8f1a8a3a18812bbf1119d7105134c2644d66cdcd04
Crown Agencies,"$124,642.07 ",$418.83 ,Ontario Hydro,SENIOR ENGINEER/SCIENTIST/TECH OFFICER,1997,ea2093f66a0a5cb49ec18c063f43ee4dbe2d0879e371ddf05f7983da924e9736
Crown Agencies,"$104,932.87 ",$403.32 ,Ontario Hydro,,1997,ccca4d3f93b46396bdd0f73bbb4d9bbcca2874d6a6eec8005c8c7f79cbf5b2ca
Crown Agencies,"$113,798.70 ",$487.05 ,Ontario Hydro,SHIFT OPERATING SUPERVISOR (AUTHORIZED),1997,e015a631a09b04253f206eea820c96ea7dbf14f2b622138503d9ee858f53efd4
Crown Agencies,"$123,669.60 ","$2,011.86 ",Ontario Hydro,"SERVICE MGR, INFORMATION TECHNOLOGY SRV",1997,35f031aeeeb7a35f98de8340f16f8aad2fa84bf0fa581352caf9b4f291a1bb40
Crown Agencies,"$107,386.41 ",$448.85 ,Ontario Hydro,SENIOR ENGINEER/SCIENTIST/TECH OFFICER,1997,b92540743fd3f991ac1f85eb2b5ba1c504066da2f88796abb1d6368e00977ea1
Crown Agencies,"$100,654.12 ",$447.69 ,Ontario Hydro,SHIFT OPERATING SUPERVISOR,1997,6c6fe42f13f0e102d462bcc0931b0375dc601598d9e6ec141fd569c53d4c220a
Crown Agencies,"$105,216.68 ",$472.41 ,Ontario Hydro,TECHNICAL SUPERINTENDENT,1997,0c093bbf89326f9cb7bd42acbc7581d1a8539da2bb28717813a5608a15b5979e
Crown Agencies,"$107,382.80 ",$458.61 ,Ontario Hydro,SHIFT MAINTENANCE SUPERVISOR-MULTI-FUNCT,1997,6c5475902daec46aeb4a1c000599bfc6ecd426dd1e05f9f379938b60b28c2d6c
Crown Agencies,"$128,679.09 ",$467.83 ,Ontario Hydro,EXCHNG COORD - SCHEDULE/RESOURCE/SYSTEM,1997,7e3e16dfd7bda4b68695fa321975514721889f775ad6cc97ebf78bd1f90cd94e
Crown Agencies,"$101,626.49 ",$391.23 ,Ontario Hydro,NUCLEAR DESIGN ENGINEER - SPECIALIST,1997,5b3f620d0c7a39cb1952e0cab257b8f5c265fd7bb9f3dbac3a86cc772d5cafb6
Crown Agencies,"$120,876.06 ",$761.01 ,Ontario Hydro,SHIFT MTCE SUPRV (CONTROL OR MECHANICAL),1997,976a2ef6fffacf1a31060f2125d1ca89d32f1ae1f44f66ac9d6736289c721242
Crown Agencies,"$119,534.05 ",$487.21 ,Ontario Hydro,SHIFT SUPERVISOR,1997,fce6f923ceb5e9031bafea6847cbee172a8f19a56b81b37c5f6ffabb8b17395f
Crown Agencies,"$107,596.86 ",$381.87 ,Ontario Hydro,AUTHORIZED NUCLEAR OPERATOR,1997,ec4adbe2cea3c3f9ae8b4897f704e1eaf5daf48348dc93685bd41d7f1f7db965
Crown Agencies,"$115,459.97 ",$495.68 ,Ontario Hydro,SENIOR PRODUCTION SUPERVISOR,1997,b2963df0a1ab077e4f697642f1452202bb31a5c10084fe74cd3d0325d362e9ae
Crown Agencies,"$111,518.70 ","$1,010.52 ",Ontario Hydro,"DIRECTOR, CUSTOMER CARE DELIVERY",1997,509cff4aa2ca7538e5a4daac0bf53655aa26289ab2d4f27ad74a05bcee8bc620
Crown Agencies,"$104,538.03 ",$345.59 ,Ontario Hydro,ASSOC ENGINEER/SCIENTIST/TECH OFFICER,1997,494ebd576b8fcfea575c59fd57ead93a069f167dede9bbbea4f74b2393888d44
Crown Agencies,"$113,835.52 ",$524.29 ,Ontario Hydro,SHIFT SUPERINTENDENT,1997,7c4fc6f6e1f7474fd9838513840ef76534a8bff2928dd8b2f875b22d341fe2dc
Crown Agencies,"$100,717.02 ",$435.35 ,Ontario Hydro,TECHNICAL SUPERVISOR,1997,c1abf9d7b8cad400e1a1d7be22114fe78d9f8ab55729276505dd31a5d3655645
Crown Agencies,"$109,419.46 ",$387.28 ,Ontario Hydro,SENIOR TECHNICAL ENGINEER/OFFICER,1997,8a3e8d01ac09d1abd55a8e6fa64e46dae5a8c60daf3eea2bf764747b10e9c73c
Crown Agencies,"$143,093.15 ","$2,100.87 ",Ontario Hydro,"EXECUTIVE DIRECTOR, PENSION FUND",1997,692b46b35a71d83acf5b7549cc026f8cb779436f62ce65ee8c37635fb0c9fc44
Crown Agencies,"$105,909.09 ",$455.94 ,Ontario Hydro,TECHNICAL SUPERVISOR,1997,4c7f2c8d38ec4223b209e5478d71b3e9c2aba0a4d46f6fd60960dc55d35d9f21
Crown Agencies,"$111,639.72 ","$6,601.32 ",Ontario Hydro,"SENIOR ADVISOR, NPAG",1997,d34b9411a3538c9245ffdb648ea524af557bf27ab10badfcc38cc45f9486034e
Crown Agencies,"$143,305.43 ",$512.18 ,Ontario Hydro,PLANNING SUPERINTENDENT,1997,0312ccd7f37f464e93011f163d3023f8877f6b34c729bb66586836ded705c4b6
Crown Agencies,"$120,023.24 ",$804.04 ,Ontario Hydro,SHIFT SUPERINTENDENT,1997,468f82dd23f48bd7a00ae81a2a62990a4733f44ee8dc8f348d980bc682566b0a
Crown Agencies,"$111,683.48 ",$381.87 ,Ontario Hydro,AUTHORIZED NUCLEAR OPERATOR,1997,69135cdc8b0540ba4866307310eb75a26cb03884bf951989dcd63049eb39db8e
Crown Agencies,"$120,503.59 ","$1,982.67 ",Ontario Hydro,"DIRECTOR, BUSINESS SUPPORT",1997,315007367e3cc9838ec0529e014f04c9773c6a960fc78673371f8709f0faa1fd
Crown Agencies,"$135,397.24 ",$525.57 ,Ontario Hydro,SHIFT SUPERINTENDENT,1997,d6a2ce4d862ded6dcee5c40fe863cddcfb8116aef397bde93b6ca8909ae00150
Crown Agencies,"$100,622.22 ",$422.85 ,Ontario Hydro,TECHNICAL SUPERVISOR,1997,80756f91de3d4aaae592999b5711a18930fffe1d94a759bfd528870d1355481c
Crown Agencies,"$108,016.72 ",$545.55 ,Ontario Hydro,"MANAGER, STRATEGIC MARKET PLANNING",1997,f91a00ef6dde65a0eaea604d69411ebaba4757628fa7ae435a620e100423d4d0
Crown Agencies,"$117,567.15 ",$449.07 ,Ontario Hydro,EXCHNG COORD - SCHEDULE/RESOURCE/SYSTEM,1997,e165dcbb2a3e2668191963a4cab670499fb15b2be2a5e6dc3fbf57dfd67b8e3c
Crown Agencies,"$117,910.75 ",$0.00 ,Ontario Hydro,PLUMBER/PIPEFITTER FOREMAN - CONST,1997,b77f3319f5136e37d62542670ca2d37a2d01c4b90054973c54f5454d56f11581
Crown Agencies,"$122,124.11 ",$461.49 ,Ontario Hydro,SHIFT MTCE SUPRV (CONTROL OR MECHANICAL),1997,b83dde68c9550326802295d81ee960675dc6aace58d15215234cb1ce68348c5f
Crown Agencies,"$107,002.56 ","$1,878.29 ",Ontario Hydro,"MANAGER, LEGAL SERVICES TRNSMN COMPANY",1997,7f433891a241a89eb7f0e3e3ae7a159c27c83bb591b685f50a6714e8450a170a
Crown Agencies,"$100,780.30 ",$306.04 ,Ontario Hydro,REGIONAL MAINTAINER I - ELECTRICAL,1997,89447be13d27c86b2fa7006c75fee1b6ef60ea39708e2495e3b87dab003bd92d
Crown Agencies,"$129,145.79 ",$476.23 ,Ontario Hydro,SHIFT OPERATING SUPERVISOR (AUTHORIZED),1997,6adb9b3389be4d11f79f8e20cfc55a229632af7877f81a598cd28633195a4a01
Crown Agencies,"$101,325.17 ",$381.87 ,Ontario Hydro,AUTHORIZED NUCLEAR OPERATOR,1997,db112c4355cdf07e24e57f013890d298a5ccbcda7125e95c9a35245b252134d1
Crown Agencies,"$104,837.73 ",$442.17 ,Ontario Hydro,DESIGN ENGINEER - SPECIALIST,1997,1187971974cb29569856f56a35fc4c3b7f5b56bcd7370f04390048e9d65b9126
Crown Agencies,"$107,333.70 ",$429.89 ,Ontario Hydro,FIELD ENGINEER,1997,c1627f9870f38150f71256f058e2991bf21dac6ca958c62c3a110c4a9e835435
Crown Agencies,"$101,735.09 ",$487.21 ,Ontario Hydro,SUPERVISING DESIGN ENGINEER,1997,518fd794ce488dcc46ed49eb963f8b3f3f63febd9459d1ce03ffd8ad6d426b74
Crown Agencies,"$225,701.20 ","$1,143.93 ",Ontario Hydro,"MANAGER, HR & LABOUR RELATIONS SERVICES",1997,374d318c62d6210c1128c3300cb8aa18a61fd7379455a929c6f7673775177818
Crown Agencies,"$119,104.43 ",$514.61 ,Ontario Hydro,SHIFT SUPERINTENDENT,1997,4232e6ca76892727d7d8a4bfeffa025fe88c50c9cc65bfcd76ea3336ccb52911
Crown Agencies,"$114,364.77 ","$7,055.09 ",Ontario Hydro,"MANAGER, CENTRAL/WESTERN PROJECTS",1997,722b16bff185c51b1fb58335953e7981f9105518b744ea0ea90c2e56e54de4bc
Crown Agencies,"$100,296.09 ",$445.41 ,Ontario Hydro,SENIOR TECHNICAL ENGINEER/OFFICER,1997,f0cc41104462604398e7751ae1184a1a852349e8726fa1e2af7c1313dc94e32e
Crown Agencies,"$168,543.95 ","$7,753.51 ",Ontario Hydro,"VP, HUMAN RESOURCES, CORP BUSINESS GRP",1997,d26647dee2aaa1b031a593ddae1cc8c93b49aac63f5c89384dc69fc5f940be3a
Crown Agencies,"$112,892.77 ",$383.04 ,Ontario Hydro,SHIFT MTCE SUPRV (CONTROL OR MECHANICAL),1997,53c9d736fe5b8e541e6c48786c29d793ce99a52f54bbec34f6ccd66abd2e5f13
Crown Agencies,"$112,498.74 ",$306.04 ,Ontario Hydro,REGIONAL MAINTAINER I - ELECTRICAL,1997,6f73f33e5b8c44c13801660e5495f5544cfb069042c0b90acc9aaccf05b2e6b8
Crown Agencies,"$101,059.98 ",$525.93 ,Ontario Hydro,"MANAGER, VENTURE DEVELOPMENT",1997,ab7a5a6e15350eaf92ed3687a7b236da94eb1c702fa652147a5cd28e49a200fe
Crown Agencies,"$102,426.62 ",$458.61 ,Ontario Hydro,TECHNICAL SPECIALIST,1997,85af10a97fe77d2a18b90b0902282cd862ac4054cefac542008e37f1c0881901
Crown Agencies,"$106,068.73 ",$768.43 ,Ontario Hydro,"PROJ MGR, FINANCIAL & MATRL REENGNRING",1997,09f06d6013bd635a3248c9b85a1da590942048bfcf0a2d3b01024ae76be1e75e
Crown Agencies,"$103,424.35 ",$712.62 ,Ontario Hydro,"SR MGR, ASSURANCE AUDITS & ASSESSMENTS",1997,9079f86ad7e694adeaf4cf57b92fbf1f959ebd8a8d429313d09d6a07b7565c77
Crown Agencies,"$105,835.53 ","$1,921.07 ",Ontario Hydro,"DIRECTOR, EXTERNAL RELATIONS",1997,3975895248c4145d7a2d7067b7c120e68188c93586d4382c7dc3dc98afbbda4f
Crown Agencies,"$106,043.41 ",$810.33 ,Ontario Hydro,SHIFT SUPERVISOR,1997,939b0f7997b3e459b105b5c9e05b9cc500a51de849de6e202e25f1ebb0b2dc83
Crown Agencies,"$108,287.05 ",$450.69 ,Ontario Hydro,"MANAGER, G.R.M.C. OPERATIONS SUPPORT",1997,1327c21d626103e25a2bb7cb46aa00937e4d19e59c6fb4a6e4156dafddcb6f4a
Crown Agencies,"$105,518.38 ",$501.11 ,Ontario Hydro,SUPERVISING DESIGN ENGINEER,1997,a4b53f7d5a48de2300a97abb2bb209e3290f4b2b4c60a088862edc470828c26e
Crown Agencies,"$120,524.84 ",$554.55 ,Ontario Hydro,SHIFT SUPERINTENDENT,1997,c891a6b8c7734cf0ba84c3bf8657d2f680e2b485299d54274d7e71fcf533ddd6
Crown Agencies,"$123,106.22 ",$503.60 ,Ontario Hydro,SINGLE UNIT SHIFT SUPERVISOR,1997,8ef4e183b461214e2d8c324d8ef24dda8cff8b4d65e776057fc11c62e545522b
Crown Agencies,"$104,217.57 ",$399.55 ,Ontario Hydro,SENIOR RESEARCH ENGINEER/SCIENTIST,1997,2e9ff0c1a88c7a9fe11d627c893b6dee777fc024ff1807b00902de6d2098c54d
Crown Agencies,"$119,957.27 ",$444.99 ,Ontario Hydro,SHIFT MAINTENANCE SUPERVISOR-MULTI-FUNCT,1997,f07d80261b49c07a36d2c881524744f69d533bfa8053cc08137acacb71e0f2a7
Crown Agencies,"$102,487.96 ","$1,759.91 ",Ontario Hydro,"MANAGER, BUSINESS DEVELOPMENT",1997,1b77f0bbf53c85fcc56ba6afc80403dcc871a783fee7f8c7deea4ece073863d4
Crown Agencies,"$101,128.18 ",$491.44 ,Ontario Hydro,MAINTENANCE COORDINATOR,1997,866605f086896273e0bff1601a7c25e1d8539075357dd62d98e1356fa6b2b51a
Crown Agencies,"$132,793.97 ",$521.75 ,Ontario Hydro,SHIFT SUPERINTENDENT,1997,71a1721cb67d16f8af01c1e738ee01f85206afda9e96adc60b3388e652b241ad
Crown Agencies,"$128,824.12 ",$549.09 ,Ontario Hydro,SHIFT SUPERINTENDENT,1997,c50ffd25ebd7e2ff806f178838cc835a3ea3b4612e1037acc4aae64c218346e3
Crown Agencies,"$101,485.50 ",$418.83 ,Ontario Hydro,DESIGN ENGINEER SPECIALIST - CIVIL,1997,1ad8332debc731035bbf3ed62b7c64885efca4f8db2d09b4d57b18f77cb263a9
Crown Agencies,"$118,576.86 ",$311.47 ,Ontario Place,General Manager,1997,b8ab8fdb6ccce34f1163ec181041f9a7c188b460e2914802ea09db3b6c3fe10e
Crown Agencies,"$127,600.65 ",$312.23 ,Ontario Realty Corporation,"A/EVP, Property Mgm't.",1997,d68790b32738895483063a6cae612a8bbff66a80f15c6fa3523db36aad515bb4
Crown Agencies,"$100,565.28 ",$247.04 ,Ontario Realty Corporation,"Dir., Service Ont., MTO",1997,15291d34c600fca9cf218a7e29405bdbaba7008dc3cb38f4c4d2c0968e6bb550
Crown Agencies,"$120,320.00 ",$217.52 ,Ontario Realty Corporation,Sr. Structural Engineer,1997,56f25daf4e043f7bb116242207d6a825cd04a2a76d7009db43739d93335b5ce6
Crown Agencies,"$125,217.45 ",$314.69 ,Ontario Realty Corporation,"Exec. VP, Transition",1997,d1215971c95f0b3fc04a665dda1434e1a3819fe6ac97ae51073ceacf5fffed3b
Crown Agencies,"$104,815.80 ",$276.58 ,Ontario Realty Corporation,"Exec. VP, Property Development",1997,f35385a3e6a94d3d74faabe5337ea49c7d5ba81f0462152020bf62d8fe1b0e7b
Crown Agencies,"$130,895.73 ",$308.83 ,Ontario Realty Corporation,"ADM, Service Ont., MTO",1997,f20b3668a9d4d0b19a54a5cb674f07c1ad84736c8875d3b65b0144d911a20852
Crown Agencies,"$126,031.35 ",$246.19 ,Ontario Realty Corporation,"Sr. Consultant, Civil",1997,c20ed97a327f8b32c2be1741946397722a23087c569c307ad899852d8013aef0
Crown Agencies,"$111,384.32 ",$235.57 ,Ontario Realty Corporation,"A/VP, ORC Transition",1997,1e79f78a32dd447d1cc7e7eb2a525b10f7612dbb2441732954cde6086b5a6e16
Crown Agencies,"$115,351.00 ","$7,334.00 ",Ontario Trillium Foundation,Executive Director,1997,a43b13e26dbbe7370f9ea70818cd99d298dbaf0fbbcafe57944e6aaff0afe639
Crown Agencies,"$112,200.00 ",$746.00 ,ORTECH Corporation,Manager,1997,5830eedec5dbf2fcd8eed1621a442aebe186a8ebe3efe6bc2662ba8b0497f7d1
Crown Agencies,"$148,324.00 ","$20,984.00 ",ORTECH Corporation,Manager,1997,42bb605b2a1ae7b7808f1a64dc2837ece7b7a2802f6ec960b21872888f72e62a
Crown Agencies,"$111,526.00 ",$739.00 ,ORTECH Corporation,General Manager,1997,9434a32b4c661a2559557cbf2c3dd7231c4cd3e74a06541dfb001e06630c01f1
Crown Agencies,"$106,114.00 ","$8,622.00 ",ORTECH Corporation,"Vice President, Technology",1997,ea2599d6962c3c3705a59bf56dee269204d1cea624ff9c204225faa990298094
Crown Agencies,"$137,940.00 ","$10,993.00 ",ORTECH Corporation,Senior VP Secretary Treasurer,1997,334cfa263ad16a2e9b1529f655b19ceb66a56f8f0fb384d9a1ef5f5da85ea391
Crown Agencies,"$170,000.00 ","$10,475.00 ",ORTECH Corporation,President,1997,01f84be54c9943d14441e3a9310013f3b6d45d1914d6c9012f36902faf3b9919
Crown Agencies,"$100,557.56 ","$12,746.32 ",Ottawa Congress Centre,President,1997,af6a42149815bab972d316f84823729df245cf94b07007a3c7891b9b57b341ed
Crown Agencies,"$115,894.31 ",$894.49 ,Royal Botanical Gardens,Director,1997,8f817a75564f02b85cc2870c3a26c277be40c41aab5e4605d8a8477db67b40d7
Crown Agencies,"$116,056.00 ",$404.00 ,Royal Ontario Museum,V.P. Collections & Research,1997,6605bd6a08d907b4e8f7733a6188260d7fbd52f1c447f7b3a3173e065ef2e5f8
Crown Agencies,"$179,561.00 ","$18,145.00 ",Royal Ontario Museum,Director & President,1997,57ed6975e09a1de2c6e7f6678998bc6f5aaf65ae750704df47c37547e0f6597d
Crown Agencies,"$121,056.00 ",$466.00 ,Royal Ontario Museum,V.P. Business Affairs & Operations,1997,0172a9c9b2a8858911f5f0bd6824fac94a9f1c152cebe2e21dc960ae6350eb61
Crown Agencies,"$121,056.00 ",$332.00 ,Royal Ontario Museum,V.P. Exhibits & Marketing,1997,9e6beb207105b5aeb70b9723760d8e3a7e8181bfeb9691f5e825f79ffdc250f8
Crown Agencies,"$107,876.35 ",$272.92 ,St. Lawrence Parks Commission,Acting Gen. Manager,1997,aec349df34b750642c1fa1cc0d22a4b5252904ca3cf2d73616f8855a2ce92b3d
Crown Agencies,"$114,100.00 ","$10,872.00 ",Telecomm. Research Inst. Of Ont.,President,1997,7f6e1e47558ce870566c5de316fe7857df44b18d3d48341551683a119c0fd3fd
Crown Agencies,"$105,074.00 ",$465.00 ,Toronto & Region Conserv. Auth.,Chief Adm.Officer / Sec'ty. Treas.,1997,6358d150168c2e4231984975993bf2c83be60fd0d094077563cc8dc49a886784
Crown Agencies,"$109,038.00 ",$722.00 ,TV Ontario,"Director, Human Resources",1997,af6d4135700be68b0181a5154dd2c479cf572e660006cb95b06fe0d21a9573ed
Crown Agencies,"$103,847.00 ",$687.00 ,TV Ontario,"Managing Dir., Marketing & Dev.",1997,dc45af3d51478e05b0b40d0d2b19777e5e2d21b8b8501a3d09815d6902d0fe94
Crown Agencies,"$114,809.00 ",$780.00 ,TV Ontario,"Managing Dir., French Programming Serv.",1997,7bb1a029e287bc82623bb2430cc8472c554bcedd123e0c901ab09b1043a82336
Crown Agencies,"$130,129.00 ","$2,887.00 ",TV Ontario,General Manager and Chief Operating Officer,1997,ba3b35c56be46550cc78f47a842f26c93954263351426f975305f3ccaa3342c4
Crown Agencies,"$123,992.00 ",$819.00 ,TV Ontario,"Managing Dir.,English Programming Serv.",1997,0d45f348968573dffe23a5be4d2ad176084a6851a682a795857e8784137534fe
Crown Agencies,"$102,116.00 ",$646.00 ,TV Ontario,"Dir., Pgm. Finance & Admin., English Pgm. Serv.",1997,0eb4c80079d0a6e8fc1607d621e9cb57ec4a99bd6272b4f22b64c77334c64bae
Crown Agencies,"$105,000.00 ",$652.00 ,TV Ontario,"Dir.,Network Sch. & Acting Creative Head, Child. Pgm.",1997,8563dcd89305cad802b5832ad8b6e0aaff279e9e542be58d7dac2eca58e422a9
Crown Agencies,"$112,154.00 ",$742.00 ,TV Ontario,"Creative Head, Current Affairs",1997,8ba40d150e64f46d88fdad306450857833e05e49d2aee20a0838cbf891a67048
Crown Agencies,"$140,193.00 ","$7,775.00 ",TV Ontario,Chairman and Chief Executive Officer,1997,df2f4abaa1cc7adcc9a8185a464176dde8dec1aeff6486c6598fe3b7ab3be18a
Crown Agencies,"$100,347.00 ",$665.00 ,TV Ontario,"Director, Board Secretariat",1997,7efa69d8b54e4ba01603ad9e6d50fb12a40e4fe84a7c16dfec9cdc13c7db6969
Crown Agencies,"$139,104.00 ","$2,189.00 ",TV Ontario,Project Officer II,1997,7e9d99b75763fecf12809df00656468f99aae3e2a34ef31e43c567fdf1f9a3b6
Crown Agencies,"$102,808.00 ",$680.00 ,TV Ontario,"Dir., Fin. & Admin./ Chief Fin. Officer",1997,bf470934764448d5fbfebe94bb81828b8e4b8c155745bfa3ad826fc6f9b615f8
Crown Agencies,"$123,440.00 ","$1,656.00 ",TV Ontario,Project Officer II,1997,855c7a71d6e701a262811bc1d85ed55ccaa0745c2c690ee8a09b515369c814b2
Crown Agencies,"$136,332.00 ",$0.00 ,Waterfront Regeneration Trust,Commissioner,1997,14d6e8abf3de0bbfeebbedc049e013e4f4b4fd2a2357013daacbe73144e33927
Crown Agencies,"$105,065.00 ",$307.00 ,Workplace Health & Safety Agency,"Acting Director, Certification",1997,a79942191919cdd7df35e59f9213bbc652a1f95935452aaec5023a4285d99188
Crown Agencies,"$114,401.00 ",$208.00 ,Workplace Safety & Insurance Brd.,Treasurer,1997,3090e9daebd114edade32bb92cb04c8bb76ede5daae59fa48d83fd5078bec10f
Crown Agencies,"$167,314.00 ",$42.00 ,Workplace Safety & Insurance Brd.,"VP, Human Resources",1997,024ded8714baddbcfc74fe759210ad264a925456e0f1d0fe7c83c3cb7529b1de
Crown Agencies,"$109,162.00 ",$164.00 ,Workplace Safety & Insurance Brd.,Medical Advisor,1997,b5ed83d989f4dc00f43477837dbd39fa2678817297e07d40e4d76aec9740f67d
Crown Agencies,"$107,993.00 ",$164.00 ,Workplace Safety & Insurance Brd.,Medical Advisor,1997,b8cb45fdf8cb50c96719e83d9db049f89902776ea9d592fe49e4e79a3641d8dd
Crown Agencies,"$104,740.00 ",$203.00 ,Workplace Safety & Insurance Brd.,Legal Council II,1997,926c36bb608ec7b4d5ab0e96061758e5ef4e4035a0ea5ffacd2257545b108478
Crown Agencies,"$136,892.00 ",$164.00 ,Workplace Safety & Insurance Brd.,Exec./Med.Dir. (Downsview Rehab. Ctr.),1997,dea6d0c4d4ae5e3253bc29409e2bd64f15e905c1d0397017d108dfb4d192bd16
Crown Agencies,"$121,634.00 ",$164.00 ,Workplace Safety & Insurance Brd.,Medical Co-ordinator,1997,d48d01c278aa24f38e5065acf05f9d252277795b1dd955917004f6c557afa877
Crown Agencies,"$117,805.00 ",$164.00 ,Workplace Safety & Insurance Brd.,Medical Co-ordinator,1997,20bddf768c4385d35f10af514f1b79fbb3b561da5072cbe88f279b97993c9d20
Crown Agencies,"$118,803.00 ",$225.00 ,Workplace Safety & Insurance Brd.,Medical Co-ordinator,1997,a8d2698bf35a0c0ee55d90bbabe61955e5457a68d4779fa17612b17474f68a33
Crown Agencies,"$122,789.00 ",$317.00 ,Workplace Safety & Insurance Brd.,Medical Consultant,1997,6c69b11d1a673040108e018049cc7ecc7bcac4a62832ce1a42de19bfbe019a87
Crown Agencies,"$101,898.00 ",$193.00 ,Workplace Safety & Insurance Brd.,Medical Advisor,1997,f97df99d5e637e496ce8ab855f608002355d673d14dce20d79b3e3d0f043c964
Crown Agencies,"$122,294.00 ",$164.00 ,Workplace Safety & Insurance Brd.,Medical Co-ordinator,1997,3aef10db85c5fc89bbb0c2cf30e1afa5524df605c32dc4c393e16f75c69818ef
Crown Agencies,"$101,672.00 ",$74.00 ,Workplace Safety & Insurance Brd.,Medical Advisor,1997,37475930703b446a822b9ecea0af3db49d0d08df4d2bc71cefe1bcb7e7b19244
Crown Agencies,"$122,516.00 ",$150.00 ,Workplace Safety & Insurance Brd.,Medical Consultant,1997,35abd1095ae838c73fbcbff400810c4ce628233c6f50563af1cc04a2fd0d1f23
Crown Agencies,"$111,259.00 ",$170.00 ,Workplace Safety & Insurance Brd.,Medical Advisor,1997,0370a4a54b83ae05f8b1c1d9fddaff9654d119b065b7201ddf69ed884ef1ac04
Crown Agencies,"$104,740.00 ",$203.00 ,Workplace Safety & Insurance Brd.,Legal Council II,1997,fa9f8713ec22656c2b1a13177c2c9416b442f13387406bb9d4721df5aec9738e
Crown Agencies,"$103,092.00 ",$164.00 ,Workplace Safety & Insurance Brd.,Medical Advisor,1997,8434392d3ef63fdc5353ae477161a97f291ce63614fd09f63b8264e20dc1225d
Crown Agencies,"$104,740.00 ",$164.00 ,Workplace Safety & Insurance Brd.,Legal Council II,1997,5006dc8ffa7b84a7984ee1b762e396fa7f9bcf0f3435492d18629beb54c62e7b
Crown Agencies,"$110,759.00 ",$213.00 ,Workplace Safety & Insurance Brd.,Medical Advisor,1997,c52ac0ad8d87240b3814d1461a23dac807ad3f14ae9dfac1e6290c950d7ebfc9
Crown Agencies,"$110,759.00 ",$213.00 ,Workplace Safety & Insurance Brd.,Medical Advisor,1997,a03a2b8e9f50f5a0aa901d012063b1e87850cf3b658eeac268f0e7fff2d72f89
Crown Agencies,"$129,339.00 ",$226.00 ,Workplace Safety & Insurance Brd.,Chief Actuary,1997,a232159254dfab13d83fd86bd55b2b2b8216fac654b48e7592c3036f6e6c4f85
Crown Agencies,"$121,637.00 ",$218.00 ,Workplace Safety & Insurance Brd.,Medical Consultant,1997,be469296c6ececc491f8bafcda0e03d4c96e0bc87ba9894415958b5f769b10ab
Crown Agencies,"$100,937.00 ",$0.00 ,Workplace Safety & Insurance Brd.,Medical Advisor,1997,809fe8e58b046ba7e0b34b20ea35b9436f03c165cdb9b4b3ac08b49b98eaa07a
Crown Agencies,"$105,025.00 ",$203.00 ,Workplace Safety & Insurance Brd.,Medical Advisor,1997,62f92758e94702eacbf7330dec98ef3cf362c300db8c1b379a2f1926cb5fce8c
Crown Agencies,"$121,035.00 ",$164.00 ,Workplace Safety & Insurance Brd.,Clinic Training Specialist,1997,a858edc09ffa0731c44e2734faa2c49b24268c341d882e83984a8b88f1dab023
Crown Agencies,"$140,692.00 ",$251.00 ,Workplace Safety & Insurance Brd.,Chief Medical Officer,1997,230b2d0d3d96546fd7520173d9af1ef5a557c6a3878ab6df75ecc060a19d55b7
Crown Agencies,"$132,344.00 ",$240.00 ,Workplace Safety & Insurance Brd.,General Counsel & VP,1997,d2ecf99bcc357cf318c7ec3faefd604542cc7fb1ae82c90568ca2c2c45637c91
Crown Agencies,"$103,519.00 ",$103.00 ,Workplace Safety & Insurance Brd.,"VP, Prevention",1997,ef173713db72b702bdb4aa154e8271a2deaac213b4a908af6a08e219bd34306c
Crown Agencies,"$130,332.00 ",$238.00 ,Workplace Safety & Insurance Brd.,"VP, Policy & Research",1997,06dc76918969587629183daaa6fdd126efdd7f25c36196e863ac86d93a445bc1
Crown Agencies,"$110,059.00 ",$164.00 ,Workplace Safety & Insurance Brd.,Medical Advisor,1997,76c8bfdeddc5cc260cea5768f331058a2c572c075ec3b161d3411d05bba8d051
Crown Agencies,"$122,516.00 ",$164.00 ,Workplace Safety & Insurance Brd.,Medical Co-ordinator,1997,a3ec8f890966c206becd0b7e302530ef30eea0746061fdf1407b050e5c0c88de
Crown Agencies,"$103,630.00 ",$228.00 ,Workplace Safety & Insurance Brd.,Legal Council II,1997,58f9b6331d470efcc7ed3d261c6c15ba478374e7a53835cfabe51a23517697e1
Crown Agencies,"$120,559.00 ",$228.00 ,Workplace Safety & Insurance Brd.,"Dir., Special Investigations",1997,094b23d8846f43fb69ee33293fbaec14317ec863fd50425a7c417d4d3d807fa5
Crown Agencies,"$117,533.00 ",$195.00 ,Workplace Safety & Insurance Brd.,Medical Consultant,1997,940ff0a8dcfc442cce0612c3cccc5e20eef1838b5a3e48dc1a87645157d6d6c5
Crown Agencies,"$129,898.00 ",$195.00 ,Workplace Safety & Insurance Brd.,Medical Co-ordinator,1997,e1b343c1f55b484d25667c6ea5110776bc0b92fecc90cbc29b5cf8a1f5d65a31
Crown Agencies,"$121,570.00 ",$227.00 ,Workplace Safety & Insurance Brd.,Medical Consultant,1997,30a1da8c001f3195578a4d35939c77ee9f58512d9e7a3545f9fa56f0a10c9de9
Crown Agencies,"$100,563.00 ",$194.00 ,Workplace Safety & Insurance Brd.,Medical Advisor,1997,5fd49542bb9e6ee3380e455ceff40ad1418fb5726bcae32f903fb01cd2ec6e51
Crown Agencies,"$122,516.00 ",$164.00 ,Workplace Safety & Insurance Brd.,Medical Consultant,1997,27dc98a19c53abf67c4eb8dc882076129c0cb3d55c546294aca2baf7b8af1471
Crown Agencies,"$110,040.00 ",$164.00 ,Workplace Safety & Insurance Brd.,Medical Advisor,1997,f9aee671db1c2ec2aa04b3defde904c2b7a9eef54453e79a0955a6db0180d69f
Crown Agencies,"$103,314.00 ",$150.00 ,Workplace Safety & Insurance Brd.,"Dir., Application Development",1997,a7620429e211f14fdf5bffcc02e1c9ba127f49e5575c7dd1c371c4344f1e61c2
Crown Agencies,"$315,962.00 ",$41.00 ,Workplace Safety & Insurance Brd.,President & Chief Exec. Officer,1997,303c4a9ba5f136c848947cc64c164226b8ab9b833e7d772a7afe5a3052ef7dcf
Crown Agencies,"$128,758.00 ",$164.00 ,Workplace Safety & Insurance Brd.,"Dir., Clinical Resources & Consultant",1997,22a3eb0eb7541783238a9d34f4dcd30acc2a45e54b1534f87b6b1b9e874b356d
Crown Agencies,"$110,759.00 ",$164.00 ,Workplace Safety & Insurance Brd.,Medical Advisor,1997,52db52d511e5e890e03104a54ce524e491a668a472dd4e77fe00f78e30452663
Crown Agencies,"$110,759.00 ",$164.00 ,Workplace Safety & Insurance Brd.,Medical Advisor,1997,bfd2ea6d1a378268ae3bc30005e9d182f52f2277738160610789a41820261ba0
Crown Agencies,"$204,522.00 ",$212.00 ,Workplace Safety & Insurance Brd.,"VP, Operations",1997,4a5b0738e267d71365e9050bacc4e7d918815514d0a3854cf0362084af240097
Crown Agencies,"$110,759.00 ",$164.00 ,Workplace Safety & Insurance Brd.,Medical Advisor,1997,c69bf640251cc9423a9290921c3822852dbb69a5399cfab73588cc2d715bf708
Crown Agencies,"$118,113.00 ",$164.00 ,Workplace Safety & Insurance Brd.,Medical Co-ordinator,1997,743715d3403ded0f49a5c18f2105b9a16a4205ea3618032a4997059801e10a28
Crown Agencies,"$121,192.00 ",$203.00 ,Workplace Safety & Insurance Brd.,Medical Consultant,1997,e6e92adeffc591863d4622bd36998fae111abc47cfcb2e156455dc1746c072cf
Crown Agencies,"$116,603.00 ",$221.00 ,Workplace Safety & Insurance Brd.,Co-ordinator Special Clinic,1997,2edf73b5a733bbb9fec85bab4e4077cdfb119b2b55da53b87d43d841845c59da
Crown Agencies,"$110,759.00 ",$164.00 ,Workplace Safety & Insurance Brd.,Medical Advisor,1997,0fc2203b1679406fdbc910adc327b5560bc61dc6c872bbf173d819f09f2b09d2
Crown Agencies,"$155,206.00 ",$164.00 ,Workplace Safety & Insurance Brd.,"Dir., Bonds & Money Mkt.",1997,6305a9cba50a7f0341d7edc92b779ee00cdb0ed32ea48ef59d45bb8bae1a8176
Crown Agencies,"$106,925.00 ",$192.00 ,Workplace Safety & Insurance Brd.,Medical Advisor,1997,3265f43ea9bd575ffe74331f7e220ab6e9d5e641484b4901e73b5cdf1d4d749f
Crown Agencies,"$122,385.00 ",$164.00 ,Workplace Safety & Insurance Brd.,Pension Medical Consultant,1997,619467eddfe00b6cabc219bb5acdf9b2dc973a23eb701c8a991c92c6c74eadeb
Crown Agencies,"$119,891.00 ",$226.00 ,Workplace Safety & Insurance Brd.,Medical Co-ordinator,1997,1aa6a9aefd66028091a1a9d5ec12b5dad55e42ecaa713ff04d034dc90761e99f
Crown Agencies,"$122,516.00 ",$164.00 ,Workplace Safety & Insurance Brd.,Medical Co-ordinator,1997,5d8c3b129b923becc91bfe409a60963cb2da538f251e55f54ab31988e878b3ae
Crown Agencies,"$104,652.00 ",$201.00 ,Workplace Safety & Insurance Brd.,Medical Advisor,1997,663c06b1536c13fe224d4496755117039ca6ce4bdef204c47ef0cd8f234382e2
Crown Agencies,"$103,499.00 ",$178.00 ,Workplace Safety & Insurance Brd.,"General Mgr., Small Business",1997,72fbc9dcd0b42db31f444c864a2189f14b9ba203955dee33cb76ee5f145f835d
Crown Agencies,"$116,222.00 ",$189.00 ,Workplace Safety & Insurance Brd.,Medical Co-ordinator,1997,37c8d2f21a553046190f5dfb6d453bde3f519ce5ce42ea3bcc0e696261549bb8
Crown Agencies,"$112,269.00 ",$0.00 ,Workplace Safety & Insurance Brd.,Chair,1997,f16a0775975f18f043853f0c1cf32ccdcc22f8ad562171e36f1d62baeac126ac
Crown Agencies,"$118,730.00 ",$225.00 ,Workplace Safety & Insurance Brd.,Medical Co-ordinator,1997,2d964653e6c0bab010b35122fd580b7d6a8c501416cbae267ca40257169c4f10
Hospitals,"$112,424.77 ","$4,549.64 ",Ajax & Pickering Gen. Hospital,President & CEO,1997,32707732ce6bc64ac7d10f03ac507a58ab043284027a15528f520d47de2ccc0a
Hospitals,"$107,996.21 ","$2,136.84 ",Baycrest Centre for Geriatric Care,V.P. Professional Services,1997,3e9e8b8b9e07685cf6ce51c572b18396a8b13d08a1e98a820c091032188958e0
Hospitals,"$110,386.36 ","$1,434.42 ",Baycrest Centre for Geriatric Care,V.P. Medical Services,1997,98771d24deecd8fdb51da296cd358c27b41fb9bbeb7ae49513800457f1701073
Hospitals,"$128,653.96 ","$1,264.56 ",Baycrest Centre for Geriatric Care,V.P. Public & Community Affairs,1997,395da639c088bf8f6070f03e879964b6d9c03e8247064091f125336a0bace4e9
Hospitals,"$144,093.16 ","$1,242.56 ",Baycrest Centre for Geriatric Care,V.P. Finance,1997,ecd90b622952a9ebd89c442932ba991afa1d78fb441f1be0a5c1d2bc2d176049
Hospitals,"$327,000.84 ","$21,947.49 ",Baycrest Centre for Geriatric Care,President & CEO,1997,261836eefb956e04f021a9db46c4119fa07377b53ceb2645ce57bb8d2f54bf42
Hospitals,"$131,147.56 ","$1,125.51 ",Baycrest Centre for Geriatric Care,V.P. Information & Support Services,1997,f9e4286fb8ab755d3741ea3484af31d71507e410141a81c8e5cd1269acfd775f
Hospitals,"$146,903.48 ","$1,280.26 ",Baycrest Centre for Geriatric Care,"Senior V.P. & V.P., Social Services",1997,d0676afacdfa6a1c36b837af734cd10cf77ff703f669b9a44b26e4fb73f05157
Hospitals,"$117,317.41 ","$1,167.46 ",Baycrest Centre for Geriatric Care,V.P. Human Resources,1997,b36e22ab594b7bd82a57e5dc4d291e58fd4ff778301bdb827089c227a7e9c3a4
Hospitals,"$122,030.69 ",$600.24 ,Baycrest Centre for Geriatric Care,Staff Scientist,1997,a2c9efa36bd36c8f81856dc5a43e4dad490f0a9d954cdf7549772c503fd429a8
Hospitals,"$126,740.72 ","$1,232.54 ",Baycrest Centre for Geriatric Care,V.P. Nursing,1997,e9a1000b12f1deabd56856ee469ec4db9d95c4546f3e5ed4fd68848f583f271f
Hospitals,"$141,840.70 ","$1,386.06 ",Baycrest Centre for Geriatric Care,Director Research,1997,f00e3652ff6db4e570e62c4f3374518844402c7582f53469d4c22b4143134075
Hospitals,"$109,319.30 ",$0.00 ,Baycrest Centre for Geriatric Care,Acting Dir. Research,1997,f40c5d22f1404c796e0821ca42e41f64d2b6e8c9bcdd1ddf2859699cc154101d
Hospitals,"$124,960.06 ",$716.85 ,Belleville General Hospital,Associate Pathologist I,1997,338d53aca9c3a3d620f943364edc3b102b5e31983d5d0aeaef82160471753fa7
Hospitals,"$126,330.52 ",$701.04 ,Belleville General Hospital,President,1997,12008060587e8f9691e440e548cf99b38aa9090fbce9416aa92da1d976ced0ac
Hospitals,"$119,905.63 ",$668.23 ,Belleville General Hospital,Associate Pathologist II,1997,6d5780918434aa534a688fc6040014dc803d28c581caf42c8ca542a27ee47919
Hospitals,"$144,189.48 ",$467.67 ,Bloorview MacMillan Centre,Medical Director,1997,891012c1b3b793d7bafd98c41a67905296c049786231c74d2591c0fbad5651ac
Hospitals,"$101,298.90 ",$366.25 ,Bloorview MacMillan Centre,Program Physician,1997,3d0279427f31ee1e40e2a35148602cc9196d58e06ec1f3f2fd46fcc56a9318f3
Hospitals,"$108,518.81 ",$354.18 ,Bloorview MacMillan Centre,V.P. Programs & Services,1997,1fba40a1baf673f853d91671d294e7b1b13a997af6f98ef4439c207c5a458e98
Hospitals,"$142,429.39 ",$447.88 ,Bloorview MacMillan Centre,"President & CEO, Hugh MacMillan Rehab. Ctr.",1997,9b4b92a2d2e1b2846666bcc550bb1dc5cf06f4720c24339c5ea67656b8a0bfe1
Hospitals,"$171,749.26 ",$558.84 ,Bloorview MacMillan Centre,President & CEO,1997,aefed7d3ce69cdbaf8b42d191b561c9540633f288c54d86d24750b7e2d268d40
Hospitals,"$190,496.65 ",$619.51 ,Bloorview MacMillan Centre,"V.P. Research/Dir., Ont. Rehab. Tech. Consortium",1997,3ea44e798b113762de291658db580d371d7542e62a28af7da8ebe144747ac47e
Hospitals,"$142,997.93 ",$477.71 ,Bloorview MacMillan Centre,"Dir., Dental/Cleft Lip & Palate Program",1997,ce9e55d86c8a6d07536980e5f2cc495c9b8112d1948143dfa4b8fdfa1c953d06
Hospitals,"$127,998.15 ",$449.19 ,Bloorview MacMillan Centre,Program Physician,1997,5d9af6e359eec5c61bd318e82024b2e13aaa985acc7dca12badd8e80e0d11250
Hospitals,"$115,719.61 ",$651.36 ,Bowmanville Memorial Hospital,C.E.O.,1997,5e6741bf8cc50f2e0d7b550a81cc40c3d629efd6395198e5e7d86d008663ab34
Hospitals,"$145,222.00 ",$0.00 ,Brantford General Hospital,Emergency Physician,1997,746d4c1cf0176004ff21cb05a4eddff59e0b60dd0b3a59122b888a46e1b4b820
Hospitals,"$112,688.71 ",$384.65 ,Brantford General Hospital,Emergency Physician,1997,f79ed2b2d369fbf8dea6a3003aa1c265d7b4caa8c4b2eef76adae94e4bb31760
Hospitals,"$129,437.00 ",$0.00 ,Brantford General Hospital,Emergency Physician,1997,ef97bfe4daac7e4c70dc86f3cb1153e94270ab59384e33bd1b25b3b9d72160aa
Hospitals,"$136,694.00 ",$0.00 ,Brantford General Hospital,Emergency Physician,1997,abd31160a4ce051078bcbdb8cab6620c2f2e5adc3dc3b33da32c353ee9a7a5ea
Hospitals,"$152,315.00 ",$0.00 ,Brantford General Hospital,Emergency Physician,1997,1279ea2bb3f7544e58feee6424d80d2d1a86280e90fb13eaccf4bda8233bb1de
Hospitals,"$217,521.74 ",$687.69 ,Brantford General Hospital,Emergency Physician,1997,08564e5341e24acf424b18e06007bc40f37e3607ed3e57438c28a03b60f8868d
Hospitals,"$135,956.00 ",$0.00 ,Brantford General Hospital,Emergency Physician,1997,1873afd4d7b65d1f6f9c32fc2ffca1f6b7946ac2e12bbaec70d9a0aadc5af44b
Hospitals,"$127,095.66 ","$10,224.21 ",Brantford General Hospital,President,1997,eabba51a0fa55189ffcdc74d9f8e4bcb3683cff66ebf56ecd02b84d07d1a6c27
Hospitals,"$155,763.36 ",$0.00 ,Cambridge Memorial Hospital,Medical Director,1997,7e5dbaea32e03e453438b19126fb5bd8aec512f719ffcfc23a8ad434f524b9d0
Hospitals,"$141,026.05 ",$791.84 ,Cambridge Memorial Hospital,Pathologist,1997,dcca9479c2cfc9a59690006a38e366fb30f4c9f63e3a3eca028aec6143fd3b71
Hospitals,"$147,692.36 ","$11,208.00 ",Cambridge Memorial Hospital,CEO,1997,588b7a6375b01307848e4fe721f4d8b72e38f9fe96487d8158e3bbd4494820f2
Hospitals,"$108,000.00 ","$1,350.00 ",Campbellford Memorial Hospital,President & CEO,1997,4ba25143bfa6b7bdf81b5153680f2fcd11494d644221c708c9d4ef9fde2f16d6
Hospitals,"$142,515.00 ",$57.00 ,Centenary Health Centre - Scarborough,Pathologist,1997,5f827e2ff70142b431c0ab68086067dda2c4409cfae547958372f82f9e848b69
Hospitals,"$142,515.00 ",$57.00 ,Centenary Health Centre - Scarborough,Pathologist,1997,6aece83230bf373f27e6f5a39d1894e409dbc007e8dc54b34e3fea4869ab4ff8
Hospitals,"$154,506.00 ",$57.00 ,Centenary Health Centre - Scarborough,Chief Pathologist,1997,19927b6412cc4e255b1fd460848c39e0863517c7f665978ef28b559a9c314e63
Hospitals,"$112,717.00 ",$56.00 ,Centenary Health Centre - Scarborough,V.P. - Finance,1997,14b45b28f29daa5d95189438f757a568eab5dec59fb946c8022a2235d83148c7
Hospitals,"$130,596.00 ",$0.00 ,Centenary Health Centre - Scarborough,Chief of Medical Affairs,1997,fc9609fabe7abba4ec0d4130b022b7aafd31a58f56cabd485a796905d5e0ec6e
Hospitals,"$205,315.00 ","$5,096.00 ",Centenary Health Centre - Scarborough,President & CEO,1997,5800c7f65ee8da67a06752dd707498f0e65ec9387c5db89f78743da8e0c54a61
Hospitals,"$137,439.19 ","$1,850.61 ",Children's Hospital Of Eastern Ont.,Geneticist,1997,aee38c6de5b156c21be126fb47f4f848182173f150d7158a1b120afd90c94f19
Hospitals,"$200,300.00 ","$4,388.53 ",Children's Hospital Of Eastern Ont.,CEO,1997,8fc4642efefae03a6715df28ee4f30960920df6d8b4100180cc95b0b04796be9
Hospitals,"$149,996.60 ","$1,906.68 ",Children's Hospital Of Eastern Ont.,"Chief, Pathology",1997,eb43e5e67587c39cff187f3d758587af41bc685f897868369398266c6b85a108
Hospitals,"$102,274.40 ","$2,953.52 ",Children's Hospital Of Eastern Ont.,"Managing Dir., Patient Support Units",1997,43c19d98f30896dd47298710b9f56c489da86b0b6609215c10b9c88aea8dae96
Hospitals,"$149,312.80 ","$1,880.52 ",Children's Hospital Of Eastern Ont.,"Medical Dir., Labs PSU",1997,ef70eec42e126c7e5ca5abdac5d1aa33dbfa163850128d8bd4acc9c5ffacbd42
Hospitals,"$159,537.42 ","$1,934.67 ",Children's Hospital Of Eastern Ont.,"Medical Dir., Genetics PSU",1997,07282e2729da46f9941244ed4a0a3fcabe7ba6238a6c925270f466395358366f
Hospitals,"$132,152.80 ","$1,840.68 ",Children's Hospital Of Eastern Ont.,Pathologist,1997,1c11378a30163822062b8d1f6c633334417f5d3bcffcada207b9b6f1868c80ad
Hospitals,"$120,000.04 ","$1,794.60 ",Children's Hospital Of Eastern Ont.,"Dir., Molecular Genetics Lab.",1997,5bf86c1645c9d7ca4657c2d96873dec1731f2859197b05dbc5ecb7546f5862b8
Hospitals,"$127,865.92 ","$1,705.08 ",Children's Hospital Of Eastern Ont.,Chief Dentistry,1997,cc3ccfd39c2e94dbaf0ce349965bd5b596c8284a31b74e66b8ab7e247b770c18
Hospitals,"$112,879.00 ","$1,768.44 ",Children's Hospital Of Eastern Ont.,Pathologist,1997,b4b3076052fb178e019eda7577835c5cdeb488d6deb2a1b0ca41ee26a4b2ae8e
Hospitals,"$126,001.20 ","$4,563.72 ",Children's Hospital Of Eastern Ont.,Chief Financial Officer,1997,2ddb15dbd4fc2426c743bc25e3c091f0068fd92132d589ab05a5484b1601c111
Hospitals,"$104,000.00 ","$2,776.46 ",Children's Hospital Of Eastern Ont.,"Managing Dir., Patient Serv. Units",1997,748be39c6816059d71c9544a1a902b10b6217358aef66364dc47fbb66ad3406f
Hospitals,"$128,300.82 ","$1,802.10 ",Children's Hospital Of Eastern Ont.,"Dir., Molecular Diagnostics",1997,dde32146cd07ac4bb02c6ccf1e9b75b8fbabaefdb0601637a6105e5806b8f008
Hospitals,"$119,414.00 ",$669.00 ,Collingwood General & Marine Hosp.,Chief Executive Officer,1997,2efed7c5fad8f19ca86011946671627eb7a43bff0b9ee96440109790b1601187
Hospitals,"$115,000.55 ",$491.76 ,Cornwall General Hospital,Chief Executive Officer,1997,1b1a3c3bc6936a8fc323fb60406a1c6b5df43afa4341f0dcb4ab0c3ffe2d8a4a
Hospitals,"$159,728.66 ",$234.83 ,Credit Valley Hospital,Pathologist,1997,2355fca936cb2b2a3fcb2a47fc9d5160f65bcf88e4177005fd9a3a46c8ea5f9c
Hospitals,"$159,687.61 ",$234.83 ,Credit Valley Hospital,Pathologist,1997,1c15a7c9c0edb71b94b2aaa7d24764032e8cc24adfeca76794517a884c4038d4
Hospitals,"$119,346.08 ","$4,961.16 ",Credit Valley Hospital,Sr. Vice-President,1997,94dcd69ecb97d486eac254a7bdabdf7194089c697168cc33982a96378e79d732
Hospitals,"$167,728.97 ","$9,045.49 ",Credit Valley Hospital,President,1997,3dcbc8b9ae6c474df4d0bf3a6417b27cfc50cacbf0c0142ae236f8edcf3a81aa
Hospitals,"$159,728.67 ",$234.83 ,Credit Valley Hospital,Pathologist,1997,96c92f2910a1992b50eedbb077eb3343ca146583d528081dc7452f3160f6e3ed
Hospitals,"$102,492.45 ","$4,909.52 ",Credit Valley Hospital,Vice-President,1997,b24f7c29974b97cce5455a2786cb3508d43b6af281aabf677348a985d89822e9
Hospitals,"$214,233.40 ","$12,510.00 ",Doctors Hospital,President & Chief Executive Officer,1997,f7e381af5953fe98ad9bf05133d70073c98179d34fb294a6bb876ea015bb39c9
Hospitals,"$110,556.22 ",$840.47 ,Dufferin Caledon Health Care Corp.,CEO,1997,ffac13f7b89cd74dc065eb92b3ecb4e54ed626e38632f43aeef7aeeee6f7726a
Hospitals,"$175,000.00 ","$3,693.18 ",Etobicoke General Hospital,President & CEO,1997,dd2ddb52f5f1cca7289d0d0ae1d5521313ae80b5e4727679185cb819ce5872e2
Hospitals,"$100,418.20 ",$469.60 ,Georgetown & District Memorial Hosp.,CEO,1997,30ebfeb2f3afa76a727e1523a2f50196593828580ab85251cd5de0078743cfef
Hospitals,"$144,516.65 ",$740.86 ,Grand River Hospital,Pathologist,1997,780e43314d2df1154e6c9e214fb1fe86143d9900a1976e38cd2292575eced3cf
Hospitals,"$161,982.80 ","$7,974.21 ",Grand River Hospital,Chief Executive Officer,1997,e0b6e95e3106ecbd86c934019e8b9f96a671d6d346dc4b6fc541d833949b4feb
Hospitals,"$167,000.10 ",$865.68 ,Grand River Hospital,"Medical Director, Laboratories",1997,05840c320214a6701ee1d73915e2456f6a9a3b0ec73b2f577f9833c8625c744e
Hospitals,"$185,999.76 ",$723.12 ,Grand River Hospital,Medical Director,1997,9a9ab42b6908bc6acca0675dcd2ef7e5a6ceb89a0ae1e3fae825357a8f06cb91
Hospitals,"$119,999.94 ",$622.08 ,Grand River Hospital,Chief of Nursing,1997,e205f1b503a1c9d5dfcb6e232c62e7761d07ca4a181ea66e58e6904e04393205
Hospitals,"$144,078.35 ",$735.37 ,Grand River Hospital,Pathologist,1997,bcb2b73db3bfd9ba80ab47ceb3ea1035cbd934d04495aea3d2b8fb6163aab3d9
Hospitals,"$182,475.07 ",$828.84 ,Grand River Hospital,Chief of Medical Staff,1997,3b8225cb4926566ea6753e776df3df942679cd8b2c452ffbd10c77a80ff8fb4c
Hospitals,"$171,538.45 ",$362.88 ,Grand River Hospital,Chief Of Finance,1997,4b739fe00d8a501070e65ea1e3a7f676dd2c892d2904c729a7ec2ea3bdc053bf
Hospitals,"$113,538.37 ",$622.08 ,Grand River Hospital,Chief of Human Resources,1997,1f93aa9818489396399f66eb19779b99c98f994558011760dae8c238f132d2a5
Hospitals,"$116,485.00 ",$611.00 ,Greater Niagara Gen. Hosp. -Niagara Falls,President and CEO,1997,960ac6af9de06b44be225e658914d9199eafe10ef84da22858bfa02ff9aabdc9
Hospitals,"$148,416.00 ",$778.00 ,Greater Niagara Gen. Hosp. -Niagara Falls,Associate Pathologist,1997,218c331fbae7e89ee5332c7047d02c62cb2e3f1b6182ca4c8aa09aec4aa7fa04
Hospitals,"$185,505.00 ",$972.00 ,Greater Niagara Gen. Hosp. -Niagara Falls,Pathologist,1997,359a9ed03d7ac0a0439e9cd982c5ca3521c733b5f420f58254a6edd09d638814
Hospitals,"$115,333.62 ","$3,779.60 ",Guelph General Hospital,Chief Executive Officer,1997,bee080aadeabf515536b68eda3b0a2c62689243ee3b083ef12a30d0be349c4ef
Hospitals,"$108,957.00 ",$0.00 ,Hamilton Health Sciences Corp.,Physician/Laboratory,1997,b9d0aa4d4a2f56b4aa139876ce166dd6b860cecd8b3ea1aa787fa5987a4eb614
Hospitals,"$132,871.00 ","$9,247.00 ",Hamilton Health Sciences Corp.,Vice-President,1997,98f62c673883139a8ec50afbf691943100388db12a44032d463e89b31772e801
Hospitals,"$150,312.00 ","$8,098.00 ",Hamilton Health Sciences Corp.,Vice-President,1997,6c54039f8cd195ed5ea1959ff84482ce660065ac3ea145a4b12eba13623d61bb
Hospitals,"$161,524.00 ","$1,210.00 ",Hamilton Health Sciences Corp.,Physician/Laboratory,1997,834ef1ec7caa45ad805de191a9f36762c43bb70f1bb20400415f0801c04d2d94
Hospitals,"$190,000.00 ",$892.00 ,Hamilton Health Sciences Corp.,Radiologist,1997,a8e743d1a6c017426ef37822a1490c897ce4ac3622a5acfe268142596644741e
Hospitals,"$128,500.00 ","$11,480.00 ",Hamilton Health Sciences Corp.,"Dir., Human Resources",1997,8a3351e91f2099647c72a6222898b4a9047eaba96e32c021af94b6c899268a2f
Hospitals,"$112,470.00 ",$396.00 ,Hamilton Health Sciences Corp.,Physician/Laboratory,1997,82dd7d78e08420315e7a7f488e8c2def3a6ff3eb433e54ef4961263886038658
Hospitals,"$134,050.00 ",$283.00 ,Hamilton Health Sciences Corp.,Physician/Laboratory,1997,a5bbfe5899a5828e68d6fca75ef7a8ee1ca7d45047aea3ffac31a9d155684c6e
Hospitals,"$231,200.00 ",$892.00 ,Hamilton Health Sciences Corp.,Physician/Nuclear Medicine,1997,fade421819ba7f4587c672b44e33a602c637351b9aea9e0820a1768669389373
Hospitals,"$200,000.00 ",$892.00 ,Hamilton Health Sciences Corp.,Radiologist,1997,f136d2612b569f4b64645f2e1e65d15f0ba29b2d01830a49179af57002972167
Hospitals,"$151,729.00 ",$321.00 ,Hamilton Health Sciences Corp.,Physician/Laboratory,1997,2fdd3af93c8da2ec85fa7c64da9684d980c78e6dec274f2de1797c5b964aad34
Hospitals,"$129,595.00 ",$274.00 ,Hamilton Health Sciences Corp.,Physician/Laboratory,1997,8d516f65f744336345e2b6372df064e3ba64aab6eade1b3a05bb4d347c72a496
Hospitals,"$117,231.00 ",$567.00 ,Hamilton Health Sciences Corp.,Physician/Pediatrics,1997,0010c656af39be5de824e0fe505eb9241e1b320351642da1ea8044e00bc439b0
Hospitals,"$118,317.00 ",$621.00 ,Hamilton Health Sciences Corp.,Chief Administrative Officer,1997,b1ef74879704fe9046a756fa21968ec1e47ca9c679a5559f8e1b2c4acb7dd205
Hospitals,"$156,820.00 ",$331.00 ,Hamilton Health Sciences Corp.,Physician/Laboratory,1997,42d0a41f7b71a1b38c11236711e43e0e458e92fe8b5ed1a4b965568c1b7b2cb9
Hospitals,"$134,050.00 ",$283.00 ,Hamilton Health Sciences Corp.,Physician/Laboratory,1997,e9b1e1b85d23092fe0fba0167d481c30042c49fc3cdd2ff09c5a1ce67c45dacd
Hospitals,"$142,509.00 ","$7,078.00 ",Hamilton Health Sciences Corp.,Vice-President,1997,cde9e3a4f1f8d79d8e04e77b125859e7c675c873a459af64f763b901ac707c3a
Hospitals,"$141,406.00 ",$755.00 ,Hamilton Health Sciences Corp.,Chairman/Laboratory Medicine,1997,19dac339bd6d1facfa9e71e3c2d5a07808e8398494066457aa9f456602c85c58
Hospitals,"$115,000.00 ",$243.00 ,Hamilton Health Sciences Corp.,"Director, Clinical Trials",1997,92cb10f10a5c2c80339737abb6200fca789c8859f4b59fcbbcc1766a19c48973
Hospitals,"$200,000.00 ","$1,435.00 ",Hamilton Health Sciences Corp.,Radiologist,1997,cb4e6ec80a139b00258797a88ad126ab83ff83cacfcb6c5404ec9e49c3baf117
Hospitals,"$100,000.00 ","$9,010.00 ",Hamilton Health Sciences Corp.,Chief of Nursing Staff,1997,9df28bb0ab70690a7a1df73134173a7e20a59f85b2a61212bc025942d9918983
Hospitals,"$155,000.00 ",$571.00 ,Hamilton Health Sciences Corp.,Radiologist,1997,7ebe6971247e582bc724fedcfc7c7fd0157e23efa8049b0826911ddd94a87b84
Hospitals,"$100,000.00 ",$211.00 ,Hamilton Health Sciences Corp.,Physician/Palliative Care,1997,2c371fc40439c282c1ead0bb21074970227e83eac5511df25b99ec45301dc30e
Hospitals,"$145,021.00 ","$7,850.00 ",Hamilton Health Sciences Corp.,Vice-President,1997,504baaed67fd0cc609ab5827e0c5a5ca5fc9caa9c0c9a001bffbfbe3f9546339
Hospitals,"$100,874.00 ",$593.00 ,Hamilton Health Sciences Corp.,Physician/Laboratory,1997,a9a2123f34b61aa9b08cf79b3d76acc86b376e68c9e60e0128b4f776b5e947a5
Hospitals,"$150,000.00 ","$7,920.00 ",Hamilton Health Sciences Corp.,Vice-President,1997,46fabd221f7e019da6d15335eebbb2a743b234b909b1114106b2a8163fa92cad
Hospitals,"$119,501.00 ",$605.00 ,Hamilton Health Sciences Corp.,Physician/Laboratory,1997,0713155445b35b6e3e4e78d2de70b0cbc5bd82ecb4352822c9697208ded9eb1c
Hospitals,"$113,043.00 ",$925.00 ,Hamilton Health Sciences Corp.,Physician/Laboratory,1997,81ad07a073e91e7e8b759a12c84aa2ba54c5bcaeca756802acddd3173718c61a
Hospitals,"$126,000.00 ",$266.00 ,Hamilton Health Sciences Corp.,"Director, Research Centre",1997,d7e04488b4badba652bd77a63c83a3458d7eee663b5f7484976891e23bc2a730
Hospitals,"$127,578.00 ",$269.00 ,Hamilton Health Sciences Corp.,Physician/Emergency,1997,f27be97f611b705bfda89fa746f005be91c6f618fb90dfcb5213cb9b051f3c6b
Hospitals,"$111,299.00 ",$235.00 ,Hamilton Health Sciences Corp.,Physician/Laboratory,1997,c2a16e39179f78168e21e349b0563bda5c2b38d742b0359407d17b010fb6a879
Hospitals,"$172,500.00 ",$830.00 ,Hamilton Health Sciences Corp.,Radiologist,1997,b82b6d91e194598cfb1933d73803e3545b1da1a5e789c93aa899eb5245cca997
Hospitals,"$150,788.00 ",$318.00 ,Hamilton Health Sciences Corp.,Physician/Laboratory,1997,a4545a2bdf29cf26563ab6999a5dc2524b2a727cfd374580ae37566be262c362
Hospitals,"$144,989.00 ",$306.00 ,Hamilton Health Sciences Corp.,Physician/Laboratory,1997,7c81033ff8402e30831382a41d8e5aa7cebe2d721d29bc7c4b3a4bb2461aed0b
Hospitals,"$144,989.00 ",$306.00 ,Hamilton Health Sciences Corp.,Physician/Laboratory,1997,cb187dba267785f8fecf75010720e28c37052b7039ce58ba31924b62de41f652
Hospitals,"$175,794.00 ",$371.00 ,Hamilton Health Sciences Corp.,Physician/Nuclear Medicine,1997,028393a12f66df75bd15c0267226d8c3708987b72f48477988ef7be28243cff7
Hospitals,"$143,075.00 ","$8,008.00 ",Hamilton Health Sciences Corp.,Vice-President,1997,06700acaae2410dc8af8715510f11dbf183ebb71c60cf79167608e6a2de2d7f4
Hospitals,"$128,066.00 ",$270.00 ,Hamilton Health Sciences Corp.,Physician/Emergency,1997,45c9de7f6c378ad1fa5276b6b055a4fc6a3093dfe8ac98e3fc3b1b7b37adfcf4
Hospitals,"$171,580.00 ",$889.00 ,Hamilton Health Sciences Corp.,Physician/Laboratory,1997,e51db528a4b095d388f91b82f4a76b5a983550cb179fdf0a594ba581930a8306
Hospitals,"$172,500.00 ",$615.00 ,Hamilton Health Sciences Corp.,Radiologist,1997,7732468073cc06bb007dbd82c0d570d2136344dcfb5c14194ba9f8ad6357c371
Hospitals,"$100,869.00 ",$539.00 ,Hamilton Health Sciences Corp.,Sr. Professor,1997,6ffb1d76eea0b04bc55107e096671bc4fe83017519d8e746eaf7c91ad822938e
Hospitals,"$161,525.00 ",$341.00 ,Hamilton Health Sciences Corp.,Physician/Laboratory,1997,41829c5ae2d8739f611ce9c811c9fe100ceb4d7b67909521282137b86c837dfe
Hospitals,"$126,800.00 ",$268.00 ,Hamilton Health Sciences Corp.,Physician/Emergency,1997,d32f8c1e1be2c94937203fa279e50a6b188ec9450f748d77ab5b086336119111
Hospitals,"$190,000.00 ",$892.00 ,Hamilton Health Sciences Corp.,Radiologist,1997,9b99d9836238d929d9c9b824e44569af52142bc80aba960966daf24d48da10d6
Hospitals,"$134,050.00 ",$717.00 ,Hamilton Health Sciences Corp.,Physician/Laboratory,1997,33bcd574153f0f240d8137844d9ab88838c79a6d45e37d177a13207cbd740eaa
Hospitals,"$150,788.00 ",$776.00 ,Hamilton Health Sciences Corp.,Physician/Laboratory,1997,4523c5c1b5c91ccbb8636a395ed5ae9434d3d3c3186f38ceb9e1f5c7e4d96f61
Hospitals,"$119,501.00 ",$396.00 ,Hamilton Health Sciences Corp.,Physician/Laboratory,1997,731a4629b29988cfd5974a2e5d56dacb71445017040660a01513f2cd37b37a13
Hospitals,"$139,412.00 ",$295.00 ,Hamilton Health Sciences Corp.,Physician/Laboratory,1997,6a1e5e441e6379e0f1069c712bf4fc3ab66bde49b1b6c6f0ef3b51fe9e5cce56
Hospitals,"$195,000.00 ",$520.00 ,Hamilton Health Sciences Corp.,Radiologist,1997,3e3acd914cbe8b4d3f0ee6ee240bde8bf5867a80b652609c5caf9e568748265e
Hospitals,"$180,788.00 ","$1,323.00 ",Hamilton Health Sciences Corp.,Physician/Laboratory,1997,9347450844c9b2fdb8afa06263a513797734319f68165229a5b493fc252522f6
Hospitals,"$149,338.00 ",$771.00 ,Hamilton Health Sciences Corp.,Physician/Laboratory,1997,a70f080bc1a3f44824c4feb0cf1fc0dd37b17e4ae955bd4f7d7de33dd15ac1f6
Hospitals,"$330,476.00 ","$8,524.00 ",Hamilton Health Sciences Corp.,President & CEO,1997,e5de819ef23d97a95da965a5f33f1bc13faa484344a65d584f440a5ba1d5f58b
Hospitals,"$119,501.00 ",$476.00 ,Hamilton Health Sciences Corp.,Physician/Laboratory,1997,39d34105bdacc58b4e9877224a30978b917dbaa39efed4b8186f0f3cc6df7e6a
Hospitals,"$139,412.00 ",$728.00 ,Hamilton Health Sciences Corp.,Physician/Laboratory,1997,6419b2d8a8fd58b2607acf7c6c2684f997da7288bed4a44b3440b09ab1f2817b
Hospitals,"$145,021.00 ","$10,439.00 ",Hamilton Health Sciences Corp.,Vice-President,1997,d0ff074b0380866ea94447dd5548ab19a3b69607d19ee3831f3e023f20b761d3
Hospitals,"$222,499.00 ",$892.00 ,Hamilton Health Sciences Corp.,Radiologist,1997,6425f7cf28b756b9ce4fc271419ba0e155eb74d028aaf028faa6782f964e57bc
Hospitals,"$194,500.00 ","$1,234.00 ",Hamilton Health Sciences Corp.,Radiologist,1997,0fe02c7e000da285a7b491439223685607f9f3dbd866a420d1d6aa0cca816f37
Hospitals,"$125,990.00 ",$266.00 ,Hamilton Health Sciences Corp.,Physician/Laboratory,1997,bfbd0ad937e26578e2cbee947f7a0000b1ad873385b7f8017d2aee24c7a7cf46
Hospitals,"$144,625.00 ","$10,599.00 ",Hamilton Health Sciences Corp.,Vice-President,1997,dd5573d589721fa7ae2669a3fc8de98b59884d2f8496e0e2c4fd677bfabb0afa
Hospitals,"$155,312.00 ","$1,174.00 ",Hamilton Health Sciences Corp.,Physician/Laboratory,1997,5144a27c7ded18e5fa341ebf0de6f613fc40daeae1bae350e0319a751fcbc7f3
Hospitals,"$155,017.00 ",$327.00 ,Hamilton Health Sciences Corp.,Physician,1997,fcf878e93fd3c6012db589dcee25161778ba7c8ec94d0905cac8232e12c72388
Hospitals,"$115,500.00 ",$774.60 ,Hawkesbury & District General Hosp.,President & CEO,1997,dbde097b6ff89e6ac7975edb57db208bd85e5fc59e22a3774b17bc21dcdd79dc
Hospitals,"$120,229.00 ",$130.00 ,Hosp. for Sick Children -Toronto,Physician,1997,a470cead561f124d695dca0206befb2f16fad5716fed94810ff5f0cb7f2f274f
Hospitals,"$110,684.00 ",$6.00 ,Hosp. for Sick Children -Toronto,Chief of Public Affairs,1997,79e7944bfb374e75958e7c4d552b4de840461a355192bae978c84b8f600ef386
Hospitals,"$159,487.00 ",$669.00 ,Hosp. for Sick Children -Toronto,Physician,1997,b04b4dc9e1d08f6728e1747f827660fd851b8b7d6310864669895a3be5d45e95
Hospitals,"$150,696.00 ",$669.00 ,Hosp. for Sick Children -Toronto,Radiologist,1997,f0e34fe57c38080c464f67eb439a21d47eb6c445e1679cbf7656743289a43a03
Hospitals,"$138,086.00 ",$669.00 ,Hosp. for Sick Children -Toronto,Radiologist,1997,d226fcf5aafb5363d07c2d66919075a810c0c8ea2ab7799fe5bcf9441631d06d
Hospitals,"$131,444.00 ",$6.00 ,Hosp. for Sick Children -Toronto,"Chief, Planning & Dev.",1997,787789296771c033d45ce104740c12086c41e4ab5c343de24abe9da19c1e020e
Hospitals,"$169,022.00 ",$669.00 ,Hosp. for Sick Children -Toronto,Radiologist,1997,28061d006df4ac19a6f29a4949fa103c92c96e64f701eaaab1f59da0249ff2cc
Hospitals,"$100,702.00 ",$6.00 ,Hosp. for Sick Children -Toronto,Scientist,1997,b3891dda6513f2acc678d96e1f387b54e30770530e7862a5f0ee681d048bef23
Hospitals,"$262,608.00 ",$669.00 ,Hosp. for Sick Children -Toronto,"Dir., ICU",1997,0a43b9842bc772d6e9bca8a4700b9573d370e120782ed2adf5bf54fbd5ec338f
Hospitals,"$265,294.00 ",$669.00 ,Hosp. for Sick Children -Toronto,Chief Paediatric Lab. Medicine,1997,70804e9303938529bd75813e3d8187e7e260e71f3aee4e1a23356c77cdb46037
Hospitals,"$113,404.00 ",$634.00 ,Hosp. for Sick Children -Toronto,Physician,1997,ec6dae8d1dcbe586614bade6471b165d982620a2ee0e91b14c2327a59ba447be
Hospitals,"$130,312.00 ",$669.00 ,Hosp. for Sick Children -Toronto,Physician,1997,2dcc7e6bc76b1103bf5f297758033e994c3b4b83226cf77478d028e179c5bb1e
Hospitals,"$104,624.00 ",$464.00 ,Hosp. for Sick Children -Toronto,Physician,1997,1c18ffa8a3e4aa85472ac0dcddb54f8884dab5930991cbd75d77b55e6aa518cb
Hospitals,"$220,105.00 ","$4,961.00 ",Hosp. for Sick Children -Toronto,Physician,1997,8773da63a420bdea7b32bd8b3e0ada2eafbad10df8a61523b53eb29d67d4c80c
Hospitals,"$119,774.00 ",$653.00 ,Hosp. for Sick Children -Toronto,Physician,1997,a68a660c9be76596ec98dc6e55140401e518f4a00f110bf711e5cf9f18b72770
Hospitals,"$133,580.00 ",$669.00 ,Hosp. for Sick Children -Toronto,Radiologist,1997,4bcb9dfc3282f675cde0b71c38bbe9c59d9ebe63e0d970cdf77a1f0086781188
Hospitals,"$192,312.00 ",$669.00 ,Hosp. for Sick Children -Toronto,Physician,1997,63dbd7472aa11edf4bec76d550c96d51646b403eaf3cab52f9a2f1b09dfe62e9
Hospitals,"$113,430.00 ",$6.00 ,Hosp. for Sick Children -Toronto,Managing Director,1997,4e91e857ec4b8f65a829cc686a593549f8c4d47b97f4c8cc3efd39d745d47e40
Hospitals,"$101,985.00 ",$6.00 ,Hosp. for Sick Children -Toronto,"Director, CHS",1997,0a685474b4ec555ea44523145b77348e576b4e7be3fb43cf546174b9a8210e5d
Hospitals,"$124,988.00 ",$6.00 ,Hosp. for Sick Children -Toronto,"Director, Bsn. Operations",1997,03f3d03e931a46d89d0f2aa5bb429b587d29997b59942eafe39dd92189b4bcb7
Hospitals,"$103,736.00 ",$602.00 ,Hosp. for Sick Children -Toronto,Physician,1997,147f2901256188b244510bd88e82cd9005b1f3acb670e499aa786303989dde24
Hospitals,"$227,309.00 ","$4,831.00 ",Hosp. for Sick Children -Toronto,Chief of Research,1997,2c4ad034742a14cabfcef495711d5d47f101d0b728ef0b80d93d0677f1f299cc
Hospitals,"$144,116.00 ",$669.00 ,Hosp. for Sick Children -Toronto,Radiologist,1997,1226d6bb656ced42424632021d8e9b7755b86d64c9abd62aacb3cacc7e5d8dc9
Hospitals,"$143,562.00 ",$669.00 ,Hosp. for Sick Children -Toronto,Physician,1997,f5b934c5e650e30219d0523ce69722d9f32cb8fe91fc76d06178bcedac6765e4
Hospitals,"$110,237.00 ",$6.00 ,Hosp. for Sick Children -Toronto,"Assoc. Director, Research",1997,4c62a7edb7a71d3f9a5c6106bc9be11dcbd6da187c9b2c2dbcb35f4e7acd3361
Hospitals,"$142,415.00 ",$669.00 ,Hosp. for Sick Children -Toronto,Radiologist,1997,7606e6499bac1549d0433b5bffc62e5a833a35b8676d5901dd37e40ce7b13a38
Hospitals,"$136,174.00 ",$701.00 ,Hosp. for Sick Children -Toronto,Physician,1997,67882afbcb470d7096b5314a726fd8533962a20964334807257d7d1fb52e52e5
Hospitals,"$130,260.00 ",$669.00 ,Hosp. for Sick Children -Toronto,Senior Scientist,1997,3445eee116ec849c2923dd4444508ff0a5770c080d804b5a302289dfc0818c56
Hospitals,"$195,070.00 ","$18,132.00 ",Hosp. for Sick Children -Toronto,Vice-President,1997,e831bd3abecf2faaba2dacec99d244d38f8a90bca1f7d6f395ee6372ab595d0d
Hospitals,"$186,004.00 ","$2,020.00 ",Hosp. for Sick Children -Toronto,Physician,1997,bb0e785c80f790319b6a184fd1b2bc70769b96e5f64a7d58c418d33bd4c067b0
Hospitals,"$159,405.00 ",$669.00 ,Hosp. for Sick Children -Toronto,Physician,1997,dc753dce84bca7fac9f43d8290e953d7d21f278c04705e4226a7b5476b4f0b99
Hospitals,"$188,734.00 ",$669.00 ,Hosp. for Sick Children -Toronto,Radiologist,1997,441e08bd2a163a22f6e419c636278fd8924a0a8774bb6adab161ec6c25fc474f
Hospitals,"$103,026.00 ",$601.00 ,Hosp. for Sick Children -Toronto,Senior Scientist,1997,3ffa8125ddb9925976a91828fc0bbcb967d34903b44bc4439e914056e6539fc9
Hospitals,"$128,106.00 ","$9,081.00 ",Hosp. for Sick Children -Toronto,Senior Scientist,1997,3b16f23b5d5150207c673d5622a66ca052495099f899fd187b71a8060b5c4b58
Hospitals,"$115,761.00 ",$6.00 ,Hosp. for Sick Children -Toronto,"Dir., Phy. Plan & Dev.",1997,afbb7d0565666cf9d82009480ce85725379e56865b70b47fed74b16fc3ecd606
Hospitals,"$104,567.00 ",$0.00 ,Hosp. for Sick Children -Toronto,Senior Scientist,1997,519aea163bcba4bd52a725697574037ea28fd8d06b7a08dd72c53ad25a63eaff
Hospitals,"$140,217.00 ",$669.00 ,Hosp. for Sick Children -Toronto,Physician,1997,8e5c964b2dcdc7fda19f2301965e12b5141dac0f71f4a2fa7ada751b6bcfa98c
Hospitals,"$190,945.00 ",$669.00 ,Hosp. for Sick Children -Toronto,Physician,1997,3da9f54e03e2daefd9f126f9b0c1783503af4b511d6e763091db2e11b99d221f
Hospitals,"$223,900.00 ","$17,426.00 ",Hosp. for Sick Children -Toronto,Vice-President,1997,7289c123dee13f07ebf20cf317bb08649d9d1f3745f2527441ba873551ed7fe7
Hospitals,"$111,467.00 ","$14,703.00 ",Hosp. for Sick Children -Toronto,Physician,1997,33e80bb51d803b8e4225fc4a6151c24c51e53e374d9135bf1486649f887f1cbf
Hospitals,"$229,521.00 ",$798.00 ,Hosp. for Sick Children -Toronto,Medical Dir. External Relations,1997,e7a29ebf801f28b7b6037e516a971bf66af92b92275b5667d8bba0b1c2906ad7
Hospitals,"$104,037.00 ",$669.00 ,Hosp. for Sick Children -Toronto,Physician,1997,e30dc3750e02f5deafe36f6d2d2075f85b64a78c87361982c481a51f4664aef0
Hospitals,"$149,859.00 ",$669.00 ,Hosp. for Sick Children -Toronto,Physician,1997,abf33625082357fa9188da126ca7a2e82e9b8357bdf2e5ed4cc162b74d2fe53e
Hospitals,"$100,079.00 ",$591.00 ,Hosp. for Sick Children -Toronto,Senior Scientist,1997,1f0dcffe285c08650515dd04c2e851e5282409ae9073dbfa23a8db5457aa288d
Hospitals,"$181,818.00 ",$669.00 ,Hosp. for Sick Children -Toronto,Physician,1997,78c91e6dfed4f33b7b1a7f2af1828f1db161873c89db2805cc6fd4a880d343bf
Hospitals,"$177,665.00 ","$4,419.00 ",Hosp. for Sick Children -Toronto,Physician,1997,67c61dbb0fed505de54eb53da773ebf329d05e123e8e6a43e7761178325ede71
Hospitals,"$107,999.00 ",$617.00 ,Hosp. for Sick Children -Toronto,Physician,1997,15d6e11f4fef315b8c31764d1fd349b6e906132459e134ba52149a16f3739d20
Hospitals,"$150,000.00 ",$0.00 ,Hosp. for Sick Children -Toronto,Senior Scientist,1997,e10cad6fe30180486fd85d4c2a0c58489377b71f26678bca2f981f1c4fb7af9e
Hospitals,"$109,255.00 ",$621.00 ,Hosp. for Sick Children -Toronto,Physician,1997,0253a94d8f56e371fe3a5755734bb28743d0db15e84c13e280b5c03d9e49c173
Hospitals,"$105,098.00 ",$6.00 ,Hosp. for Sick Children -Toronto,"Dir., Nutrition & Food",1997,e6d681b96a6d23f36d132b6183156903397600e84a372b393a2abba1fc9a1ce8
Hospitals,"$142,407.00 ",$669.00 ,Hosp. for Sick Children -Toronto,Senior Scientist,1997,50156a87850edc850ff6fcd8eea68ff00b1ec71b0ee1d39e9ef282ec2cf484a5
Hospitals,"$113,404.00 ",$634.00 ,Hosp. for Sick Children -Toronto,Physician,1997,f0a7dab3859b46363c15e3c96e9031a0ef4f06e613639469a97c7c7ba93960c8
Hospitals,"$171,877.00 ","$4,837.00 ",Hosp. for Sick Children -Toronto,Vice-President,1997,8d5c67c6de673020c4d1d9801ee13b3b4c57c80c639922771c72dce8771338e3
Hospitals,"$243,288.00 ",$669.00 ,Hosp. for Sick Children -Toronto,Radiologist-In-Chief,1997,a4d4a463eda23e41eb986303b7f4d3e4c473a3190a259aaefdbea6400850060c
Hospitals,"$231,350.00 ","$32,467.00 ",Hosp. for Sick Children -Toronto,Vice-President,1997,af2106bac141e1c197b877c1612e80ffd7d7e4569ef2872c11d6d7a3c8f76490
Hospitals,"$149,999.00 ",$669.00 ,Hosp. for Sick Children -Toronto,Physician,1997,3515957c3ad977fbdf014d84db24e2fce6b293fe88738f033a14ac350a2ef525
Hospitals,"$112,649.00 ",$644.00 ,Hosp. for Sick Children -Toronto,Physician,1997,017a814c65392e06bb9c2b19aeb75b96c95b6741653ac204a3b9223d4f32d9b2
Hospitals,"$136,952.00 ",$669.00 ,Hosp. for Sick Children -Toronto,Senior Scientist,1997,57ca82dbca35e477e307881068a3c403c97ff606e784d43f686d3c8b11f29a27
Hospitals,"$116,975.00 ",$6.00 ,Hosp. for Sick Children -Toronto,Director Information Services,1997,9461642f876413d4913abfdd5afe6858a966136e87fd4e1ca78cba2cbca023ae
Hospitals,"$101,393.00 ",$558.00 ,Hosp. for Sick Children -Toronto,Senior Scientist,1997,6aa23f65c194bc808839435dfdc24922c66c88944aa7a759e14595cff8420202
Hospitals,"$309,600.00 ",$669.00 ,Hosp. for Sick Children -Toronto,Physician,1997,36f74a93cb3390a6c40e934327bb6d0addabd37ddca76ad8ea53e8f0739cb0a1
Hospitals,"$120,763.00 ","$15,907.00 ",Hosp. for Sick Children -Toronto,Physician,1997,2a311e69448696a468530d4f550eb7dd51a40a047710f0c3479ba3ae2d297a3a
Hospitals,"$104,586.00 ",$605.00 ,Hosp. for Sick Children -Toronto,Senior Scientist,1997,079f6a9062d08ccafe76a97e956a0d212cef94af6c6f71e2365518d49b998004
Hospitals,"$117,103.00 ",$643.00 ,Hosp. for Sick Children -Toronto,Physician,1997,f0996f3fd3e12d5f6827945265d8d37ff7f2fca6c14b5bebb3861f9047160f6d
Hospitals,"$113,404.00 ",$634.00 ,Hosp. for Sick Children -Toronto,Physician,1997,78f4f4c6070ad3e5f3b61cd3074fd860b12e7021603be3950b59b61e45772dc6
Hospitals,"$115,006.00 ",$638.00 ,Hosp. for Sick Children -Toronto,Physician,1997,a7dbd010f87a383bd4b298db785475cc2cad68b47b4ccd466461a3ceea829a4c
Hospitals,"$116,184.00 ",$6.00 ,Hosp. for Sick Children -Toronto,MIS Special Projects Dir.,1997,b172eec3e6342e33daa25d0337891c27c86fa446b189bd37472a62fc0b17ba58
Hospitals,"$172,729.00 ",$669.00 ,Hosp. for Sick Children -Toronto,Physician,1997,08871792ef781516ed2f2a664779e3e8608df150c3d0b2c1292fdb8b9d7fd1a9
Hospitals,"$141,460.00 ",$669.00 ,Hosp. for Sick Children -Toronto,Pathologist,1997,aca2cd0d2eb01aa5ddfdb8b315df2a560e3bcd8340930b1c67d8ed67d4ff31ed
Hospitals,"$137,234.00 ",$655.00 ,Hosp. for Sick Children -Toronto,Paedodontist,1997,741c82b4bdd24c3ad0ba8194f2cd7da4e550df35043a76950bf7e3df9ef82688
Hospitals,"$172,542.00 ",$669.00 ,Hosp. for Sick Children -Toronto,Bacteriologist-In-Chief,1997,d5f167fefc4570997dabbe2e650b8d563addd1dbdf0c31d4134e4bde653d6a58
Hospitals,"$122,276.00 ",$562.00 ,Hosp. for Sick Children -Toronto,Senior Scientist,1997,08951985dd887ac0b29b303feb2d82c4f3fda4ad483c1a639b4ba8e4ac5a41c0
Hospitals,"$152,618.00 ",$669.00 ,Hosp. for Sick Children -Toronto,Dir. Dental Research,1997,7cabee9bbe050615a653ab85ca65e9c6e521b9e3bd85311f29969ac496a94ba5
Hospitals,"$129,424.00 ",$640.00 ,Hosp. for Sick Children -Toronto,Senior Scientist,1997,6476081bd577eb47fb3be222852fcd6510fa3000131153db04482313a105c43f
Hospitals,"$115,246.00 ",$598.00 ,Hosp. for Sick Children -Toronto,Physician,1997,45d5b67a878b6295ea916a62606cb305418187260762076bb9f8d38ae8817f4e
Hospitals,"$173,959.00 ",$669.00 ,Hosp. for Sick Children -Toronto,Physician,1997,63002ed351a8c738af515d5af5d78ec684e1a35493c0abcb01eaff9dcafd1e7d
Hospitals,"$114,696.00 ",$638.00 ,Hosp. for Sick Children -Toronto,Physician,1997,5756a71071bf9f32b02bddca4de7e9d45ab5eecb7b11808bb1380db8431a0e2b
Hospitals,"$113,404.00 ",$634.00 ,Hosp. for Sick Children -Toronto,Physician,1997,bdf4678053be018f207ab951241e3acab36d8202264db833ad452329faa94613
Hospitals,"$105,577.00 ",$608.00 ,Hosp. for Sick Children -Toronto,Senior Scientist,1997,6580a5406ba7284d8918905e04fd311d523c76b82a2e0b19ef1862a98abd7a23
Hospitals,"$113,035.00 ",$630.00 ,Hosp. for Sick Children -Toronto,Senior Scientist,1997,969b2a6f14708a05acdf48f98a5a045d66dd81bf8764e0674132991f1e927690
Hospitals,"$148,659.00 ",$669.00 ,Hosp. for Sick Children -Toronto,Radiologist,1997,55243fa09fffe9653b23d91286d4ee8d4998fda584b125c99ce932008a9467c9
Hospitals,"$106,411.00 ",$610.00 ,Hosp. for Sick Children -Toronto,Physician,1997,08eb1a553548c7e3537c75318a287bed9ce9b21a6c2873c922c98467de79b2c9
Hospitals,"$122,979.00 ",$660.00 ,Hosp. for Sick Children -Toronto,Bacteriologist,1997,8faf22ea8a782b8e526ab1a31ea68334b9220418218798a8ed09dd983bcd6893
Hospitals,"$119,260.00 ",$649.00 ,Hosp. for Sick Children -Toronto,Physician,1997,4fef30041e182515bc39f005f4b07e38721c68479d492b2041aaae33149336c8
Hospitals,"$128,947.00 ",$669.00 ,Hosp. for Sick Children -Toronto,Physician,1997,7c44eeb40049a848364ae8e8cf3df5ef013a243c8f1d0b345c6b1f2e321aa294
Hospitals,"$149,229.00 ",$669.00 ,Hosp. for Sick Children -Toronto,Physician,1997,3a4f67d8f5a4cc0044cd99b461148a1b26c796a14ece1381e47b1bfcdcd451fd
Hospitals,"$102,375.00 ",$600.00 ,Hosp. for Sick Children -Toronto,Physician,1997,d74331dd482635f0112eb8e3e58aed396b281767e74c31eca44f88dc0a4a7d82
Hospitals,"$136,834.00 ",$668.00 ,Hosp. for Sick Children -Toronto,Physician,1997,9c4dbc9dd73461a6624b61c224548ff01e362b4470bc42407ebcad80089607e8
Hospitals,"$116,448.00 ",$643.00 ,Hosp. for Sick Children -Toronto,Physician,1997,217540157a1bf7d88d60e7af056c6d55e677aef81776e3d518ed40dea5a0daa9
Hospitals,"$267,430.00 ","$4,831.00 ",Hosp. for Sick Children -Toronto,Paediatrician-In-Chief,1997,bf0abb873d8de71dc82b8d9de8a3231797f84d339d7c12eecdc7036193997663
Hospitals,"$113,877.00 ",$635.00 ,Hosp. for Sick Children -Toronto,Physician,1997,6217e3171a0483cd5baabab0cf0a1898a2caf9281f494a394b5d1f8f62020c48
Hospitals,"$142,679.00 ",$6.00 ,Hosp. for Sick Children -Toronto,Chief Human Resources,1997,8c9441c70260241a1d47a552b8894645415f5dc09eebf0cb583aaea59e7d70a5
Hospitals,"$111,406.00 ",$625.00 ,Hosp. for Sick Children -Toronto,Senior Scientist,1997,bcf3c0f07548181d0e5d9094fe96c00e39c6d240f6e787cd79e7199322283c26
Hospitals,"$127,148.00 ",$639.00 ,Hosp. for Sick Children -Toronto,Physician,1997,63c6b3a75b464a66f7c06a2542a66b11dc180d9eaed1e10eb011845f4ffaf246
Hospitals,"$104,996.00 ",$608.00 ,Hosp. for Sick Children -Toronto,Physician,1997,f0428ab3fc6e03d887ecaf3c32634649541d699c94699de7e0dd6bbd72ff2ef3
Hospitals,"$143,507.00 ",$669.00 ,Hosp. for Sick Children -Toronto,Physician,1997,e178acff0169158c78ace712204bb3044c8ad5e74e926be15bd0b8f104a772ae
Hospitals,"$123,264.00 ",$631.00 ,Hosp. for Sick Children -Toronto,Physician,1997,4837e10fabb6e024387b21b694a5d7bac350d3d30562b6ebf4f242fa8776f209
Hospitals,"$179,245.00 ",$669.00 ,Hosp. for Sick Children -Toronto,Physician,1997,f73273cd3338455ea3f65d765434ede7ae417f177803c749974d971df25621aa
Hospitals,"$104,593.00 ",$604.00 ,Hosp. for Sick Children -Toronto,Senior Scientist,1997,d0a55203d92cae8b6f3e382b6eb9bd2384ebbc66686a04e1e09ce8c96d8f100b
Hospitals,"$149,408.00 ",$669.00 ,Hosp. for Sick Children -Toronto,Physician,1997,6dac28635cf7820e60367c8ab8c5ae57e09b380f67c82ee8e7de0f57edad0b77
Hospitals,"$113,698.00 ",$611.00 ,Hosp. for Sick Children -Toronto,Physician,1997,2c3934f1efe01e6c384f986afc73194973876f3298c7867d2e8f31eeb18f7384
Hospitals,"$172,235.00 ",$269.00 ,Hosp. for Sick Children -Toronto,Chief of Nursing,1997,39ede8a83f1f4759a71e771d2aa4732894021fd1bd6047d4a3d859aa720e46c0
Hospitals,"$113,830.00 ",$631.00 ,Hosp. for Sick Children -Toronto,Bacteriologist,1997,6d57cf6d3e683677156f37cb7c9fb919e7fe70c5f80fbae004620e7743fa3e49
Hospitals,"$112,834.00 ",$630.00 ,Hosp. for Sick Children -Toronto,Senior Scientist,1997,94d797914365e647118cfb476ea5c324a9e6e00bf1ad80adf27c7d6afdb0cca1
Hospitals,"$155,501.00 ","$19,679.00 ",Hosp. for Sick Children -Toronto,Physician,1997,3077efb1ec345980cb3dcb06738357f802a5defb87c69212d4d6873e47a7209e
Hospitals,"$112,731.00 ",$632.00 ,Hosp. for Sick Children -Toronto,Physician,1997,4da3bed8c49fdf59f3773559cdf3c43d3980786d1025c8e7f283564aed120c9a
Hospitals,"$101,793.00 ",$599.00 ,Hosp. for Sick Children -Toronto,Physician,1997,189d20b79639fed5bf5d9e854e73a3e4ae14f910fad37363c9bf2358355415bf
Hospitals,"$122,265.00 ",$655.00 ,Hosp. for Sick Children -Toronto,Senior Scientist,1997,10e0fe1f85cd6f948586d6e378690788ec2c47ae16b3dedcbffbdb7b22223543
Hospitals,"$123,414.00 ",$664.00 ,Hosp. for Sick Children -Toronto,Physician,1997,e512114d5b0561ced153cde46209c289ab9aca65e67842edc4a167817ebd01fc
Hospitals,"$141,952.00 ",$669.00 ,Hosp. for Sick Children -Toronto,Senior Scientist,1997,413bf877a57a6dde371eeed24d19911a6f8c790d7e8a7c33808d3a58a9d123b3
Hospitals,"$107,366.00 ",$601.00 ,Hosp. for Sick Children -Toronto,Physician,1997,a3b26eceee5de1cad92b9060a621ae57d1c0b16e35aa964d71eb0dabca9227dd
Hospitals,"$122,422.00 ",$631.00 ,Hosp. for Sick Children -Toronto,Physician,1997,19c235e69d11176dff9335fde4541379a58440ef517e91fa96676d4c30102fc2
Hospitals,"$100,000.00 ",$6.00 ,Hosp. for Sick Children -Toronto,"Director, CHS",1997,f9741148c94c15507ce98e7f00f36e48371ff7853339362da1be3ecd70b39e2e
Hospitals,"$115,065.00 ",$0.00 ,Hosp. for Sick Children -Toronto,"Chief, Professional Services",1997,995ebbe49fb63e31407e052f8389162cda39d7f5e045b0c8b24030ccbaf07c85
Hospitals,"$133,735.00 ",$669.00 ,Hosp. for Sick Children -Toronto,Physician,1997,0b6a26cb39b366b4adc77217f88eddc53747d1efd61b9787645aea8a6a078ab0
Hospitals,"$145,072.00 ",$669.00 ,Hosp. for Sick Children -Toronto,Radiologist,1997,24a85447ee8eb3e0cff2aaf1f972ebc50113c1ac5d1a33b42f2658c63c9b9980
Hospitals,"$110,928.00 ",$621.00 ,Hosp. for Sick Children -Toronto,Physician,1997,801b60d2b2db1e8a9f5d5267365be4cbf09ef792ea1a76a8b922ebe822bb272a
Hospitals,"$164,801.00 ",$669.00 ,Hosp. for Sick Children -Toronto,Pathologist,1997,cdcff1889058c2a4336a9a4b09b03a6955a3955e2da62e7061ec409b17230b50
Hospitals,"$348,823.00 ","$19,312.00 ",Hosp. for Sick Children -Toronto,Physician,1997,3fdc95e44cc265a45e6b6f7a0bcead29dea91af1510f92b42b8fc75efc353178
Hospitals,"$134,989.00 ",$669.00 ,Hosp. for Sick Children -Toronto,Physician,1997,92e788234aaad0a018a28d43a321445bdc5188f6c7d2bf828cc73c056e76546c
Hospitals,"$409,800.00 ","$78,607.00 ",Hosp. for Sick Children -Toronto,President & CEO,1997,d903863b67ccdb38afb976cc1d6ef9ce12bb1dd7b1148b33e4c9993e3c32ac56
Hospitals,"$119,993.00 ","$4,412.00 ",Hosp. for Sick Children -Toronto,Physician,1997,70d2647aa4d7875f6dfa2a9194c214749acb53a4fa28029b94d28965c3cee7d7
Hospitals,"$104,728.00 ",$6.00 ,Hosp. for Sick Children -Toronto,Systems Manager ICU,1997,49a93fbf0871013bcd2b5f61deb9c1b92efcc25289b12140016975797d21ac08
Hospitals,"$135,308.00 ",$669.00 ,Hosp. for Sick Children -Toronto,Physician,1997,5d3d44c4b969485785f24116566c8fba8e540cf1845776f0a369028914ca493d
Hospitals,"$169,168.00 ",$669.00 ,Hosp. for Sick Children -Toronto,Physician,1997,5eaf5a2fb9b5bc3a42b5d193d0a64d4ece2ad4053122e30d47e3a27d5785a54d
Hospitals,"$103,527.00 ",$600.00 ,Hosp. for Sick Children -Toronto,Physician,1997,ee9b4145707535051d68535755a3bd3873a8ee4157d4c127d6e0df52a75cc5c5
Hospitals,"$110,760.00 ",$614.00 ,Hosp. for Sick Children -Toronto,Physician,1997,c1ef9ebaa232f9cc202cd0779d8d4667683abcd28c7e1e1eeac5fdf66a0bc629
Hospitals,"$169,076.00 ",$669.00 ,Hosp. for Sick Children -Toronto,Physician,1997,7bd60e7a00fd3acbae5e08c8fddc8bff3096923c866f78d34dfdd18b68bdbf1c
Hospitals,"$110,237.00 ",$624.00 ,Hosp. for Sick Children -Toronto,"Director, Orthodontist",1997,42524d9c70aa918d96ed840b93187746c5baacb9d965bb4ee050795253307723
Hospitals,"$182,328.00 ",$669.00 ,Hosp. for Sick Children -Toronto,Geneticist-In-Chief,1997,e69a212e75c5e11298767c3d20a02ed7be71ea2aac3f3d94bdf1433c2a5a7b0f
Hospitals,"$120,829.00 ",$654.00 ,Hosp. for Sick Children -Toronto,Senior Scientist,1997,a1f0476a516434c14f024f0deaf9b83d45bcf6c0ff325c4ed5d17d86a6fc06a9
Hospitals,"$259,998.00 ",$454.00 ,Hosp. for Sick Children -Toronto,Physician,1997,3749cac4ab2533e733ba26de6eb7287aca13728884646d39b10080481ab1575a
Hospitals,"$102,064.00 ",$599.00 ,Hosp. for Sick Children -Toronto,Physician,1997,aaf4e95e5cab9b977632255bedb053266a2564e5731475f037f10ca674ccc49d
Hospitals,"$104,432.00 ",$607.00 ,Hosp. for Sick Children -Toronto,Physician,1997,b8490cb5a19ed0197678cec5136accad17c55399d15819a3993feea03ff4212e
Hospitals,"$350,004.00 ","$53,848.00 ",Hosp. for Sick Children -Toronto,Surgeon-in-Chief,1997,7b99189efbb44425d28028ce4be69cf9df5fe051adf61ef52d4bcdd93e5fc430
Hospitals,"$115,916.00 ",$641.00 ,Hosp. for Sick Children -Toronto,Physician,1997,7a459e6c072b960b71f8c448781893bea5b6ac07ea5231d3f4562809a4b33eb9
Hospitals,"$105,141.00 ",$609.00 ,Hosp. for Sick Children -Toronto,Physician,1997,55acae0cfaeb9dde5b19c0073a089fb2842554d8389222c4dec7f93c8c99c865
Hospitals,"$119,148.00 ",$656.00 ,Hosp. for Sick Children -Toronto,Physician,1997,f3fd7b028caecdaa7422d982d7cd0148c0f95d83947aecc73c1336fdcfd5dfbe
Hospitals,"$162,697.00 ",$669.00 ,Hosp. for Sick Children -Toronto,Physician,1997,f2ff40ac0d164f6d58e2393a754c8032261baeca35573a9170ec045c01c81666
Hospitals,"$122,377.00 ",$661.00 ,Hosp. for Sick Children -Toronto,Physician,1997,396566ebab900ab0146a834e53f576e552c98f27a9173f1deb086d1877aecf1e
Hospitals,"$164,496.00 ","$12,802.00 ","Hotel-Dieu Grace Hospital, Windsor",Executive Director,1997,b7cf020d8c23bbb6ffe36a356304d0e198f3f2fa658d420715c0760f398882c2
Hospitals,"$131,508.00 ","$2,389.00 ","Hotel-Dieu Hospital, Cornwall",Exec. Director,1997,76f5cbd77882c2e3b49d051810dda487a2b3b195b47d82edbb4f026c3b2aa307
Hospitals,"$144,213.00 ","$1,955.00 ","Hotel-Dieu Hospital, St. Catharines",Executive Director,1997,d49c16eae82174530cd9e9965b403cf162c531a9a4cf7547d44e24995b9e4cab
Hospitals,"$135,610.76 ",$797.94 ,Humber River Regional Hospital,"VP, Programs",1997,b01a3c59ef74defbaa13123023e6da01f420dc025bc44f2194bac97fec5c39c4
Hospitals,"$190,552.19 ","$1,574.10 ",Humber River Regional Hospital,President & CEO,1997,f45a15ca57ec64f2d8ebb3dd45fe609aebaaa4cfd0b1c300266a3c75fb09cf96
Hospitals,"$142,535.26 ",$928.56 ,Humber River Regional Hospital,Pathologist,1997,f0666e0840f9b333a867cdaa187cdc363cb8b768b84f056e4712e3e87de920df
Hospitals,"$132,681.93 ",$573.41 ,Humber River Regional Hospital,President,1997,94320014333dfe197e761f9ce038ae4643e65ad20815952ae9b3366e77b480c2
Hospitals,"$112,763.70 ","$1,359.23 ",Humber River Regional Hospital,V.P. Planning,1997,c21d79e784d448ff615d43237fc93178f0323087fafa0feeade11f78b41f0401
Hospitals,"$152,700.60 ",$994.80 ,Humber River Regional Hospital,"Dir., Pathology",1997,3eff7f83e421d25b7ff0a636c3b5f343e45dea0e6479ae2824cb8faca73ae2e0
Hospitals,"$118,637.97 ","$1,897.16 ",Humber River Regional Hospital,"VP, Finance",1997,8450445d2d1e56e5519b879d55ded7449889de97f9c87bb8ccdeab56fa016659
Hospitals,"$129,999.83 ","$1,214.90 ",Huntsville District Memorial Hospital,President & CEO,1997,cf52b52e880187981221b0a2abb050cb42aeb8cca1c00a068e3c93da45e96b93
Hospitals,"$178,798.35 ",$737.64 ,"Joseph Brant Memorial Hosp., Burlington",Chief of Pathology,1997,b3cf2382607fd5c9dc69c36f5b1a59832bce1f70ec68fc36c28dd2bccd59e7c2
Hospitals,"$139,941.42 ",$651.77 ,"Joseph Brant Memorial Hosp., Burlington",Pathologist,1997,c1454865bc1617dcb4ab735298cb39db0edd061e759d1a0def2274416c93c536
Hospitals,"$139,941.46 ",$651.77 ,"Joseph Brant Memorial Hosp., Burlington",Pathologist,1997,068065a3a17605abd3d246eb10c47d3a7a9329d9154751c5a3565dab5780dd5e
Hospitals,"$151,969.39 ","$8,609.28 ","Joseph Brant Memorial Hosp., Burlington",President & CEO,1997,2438cf68f70102dcf242850357499b1e2ae49fe9d710a750c52c7094abb648e6
Hospitals,"$122,338.22 ",$494.82 ,Kincardine & District Gen. Hosp.,CEO,1997,78e774d2e315d3a202863b8043d308d50de61c2a5ee19a04e33d0d3550078083
Hospitals,"$117,757.42 ",$153.99 ,Kingston General Hospital,Dir. ESRD & Neuroscience Care,1997,ff1bed338f414d192b520a11e38ce55c61b0f82c3666b921be8398ce4d193c6d
Hospitals,"$110,235.54 ",$380.52 ,Kingston General Hospital,Anatomic Pathologist,1997,3776a18dea83435958c52df23bcf7b5c4b151cae8d1ba736b0f3bec57d35cae1
Hospitals,"$122,050.00 ","$7,770.41 ",Kingston General Hospital,Vice President,1997,88447771dff0c27987ed577f2cb030394b87c7e8ac085de4ffdc9c9c1c2c4b10
Hospitals,"$101,703.00 ",$354.96 ,Kingston General Hospital,Anatomic Pathologist,1997,1aec4cb9dcf86aeae540b7f1adb5dc9dbd74d3790b9d29f37eddc30fb35e2add
Hospitals,"$202,300.00 ","$7,703.62 ",Kingston General Hospital,President and Chief Executive Officer,1997,713cd898a1b42e3c284b289155725cae661ca732b75ac4419d1caf2e8d4281f1
Hospitals,"$107,554.02 ",$372.40 ,Kingston General Hospital,Pathologist,1997,56b21aa2fcded1ec7a80e09ae1708eb9c6b0ec3f18608b30d0744164ef86e785
Hospitals,"$100,270.29 ","$4,429.39 ",Kingston General Hospital,Vice President,1997,5d6112df6045c4e1ae38deb9705bf9fdc73588e245304d133e3b321aee1e1681
Hospitals,"$107,274.96 ",$374.16 ,Kingston General Hospital,Dir. of Neuropathology,1997,0a3f0ad13f944fa79ee545f503ff773e635dd2233c10ee26dcd3dd0656fb46c8
Hospitals,"$107,274.96 ",$374.16 ,Kingston General Hospital,"Prof. & Head, Dept. of Pathology",1997,8b9aac00f3e49a780643e9ce41be121935c84d6cd5cd98090fef7ce174540d7b
Hospitals,"$114,051.00 ",$396.76 ,Kingston General Hospital,Neuropathologist,1997,cb12a9057eb9100b056519b8c3819d49c3207c953969497e6ef52684e8b25ae6
Hospitals,"$127,816.98 ",$443.12 ,Kingston General Hospital,"Deputy Head, Dept. of Pathology",1997,9626f053257b4102e239dfe4056a844cc998f51d78f45ef57b826a0901f22e12
Hospitals,"$114,676.98 ",$398.94 ,Kingston General Hospital,Dir. Division of Anotomic Pathology,1997,2af44bdaac1c9a29a83c14712f210c5da3bf8a82c769459ef6f3d2e148a9f75c
Hospitals,"$115,005.80 ",$447.12 ,Kirkland and District Hospital,Chief Executive Officer,1997,ccaef5e565107694b90682ba0c9d9d334bd641d4d68ccd58c2e2c126682f4142
Hospitals,"$139,999.60 ","$18,808.80 ",London Health Sciences Ctr.,"VP, Patient Networks & Alliances",1997,48014f527ef5d977bfa6eec77db63bf3a01834d11e889a8c0fbd50bab05b6ca3
Hospitals,"$139,999.60 ","$18,764.35 ",London Health Sciences Ctr.,"VP, Integrated Diagnostic Services",1997,37d1e9bd038c04eaf8ec49927e6a4c298b46ccb91356494e20658a426f1c6e82
Hospitals,"$158,999.82 ","$18,202.73 ",London Health Sciences Ctr.,"VP, Finance & Information Technology",1997,e15191244164db9dfb2fad883c330f710a79a096d74e3066efecd230589f13ca
Hospitals,"$135,496.86 ",$343.44 ,London Health Sciences Ctr.,Physician,1997,aa95d726ae5a445a735aab57c8b8764d96a1bf165b7502164c51532e5e8efb12
Hospitals,"$185,107.71 ",$473.16 ,London Health Sciences Ctr.,Physician,1997,512d32eb16f8c3d6a8e6f38919547ad3b6a2d54905e5d83d0c29f94e893d1585
Hospitals,"$121,040.18 ","$13,778.49 ",London Health Sciences Ctr.,"VP, Integrated Planning",1997,7f32251174357e7149b49c9dc6fdb1e213d5e9d7d6e9e6eff9c99ff470993418
Hospitals,"$299,999.81 ","$19,858.77 ",London Health Sciences Ctr.,President & CEO,1997,d9b4006689029cec5085594e6d7986bff2152b597b3ac0bb5a24b23b35d88a76
Hospitals,"$154,832.07 ",$393.72 ,London Health Sciences Ctr.,Physician,1997,848a8518bd7f446fcd6a25845607a6c7dc20b6954d844bffa35db6dd0ce03f57
Hospitals,"$139,093.53 ",$354.24 ,London Health Sciences Ctr.,Physician,1997,bffc02656fd64b6df5b835e825580a278b5922aba29d1c6d1eb8d7d2390c78e3
Hospitals,"$103,711.71 ",$164.08 ,London Health Sciences Ctr.,Physician,1997,e67db6138603e89c7ab704efd63fc38a083b80b8368395e1b4d54ba0256eb468
Hospitals,"$139,999.60 ","$18,252.08 ",London Health Sciences Ctr.,"VP, Human Resources & Corporate Services",1997,455467d9f7d9baf75c96d9ceec1cfbe354aa527bcce29b1ecd434f9d763d1318
Hospitals,"$106,053.57 ","$8,495.92 ",London Health Sciences Ctr.,"VP, Academic & Medical/Dental Staff",1997,970735e364f0e58eef138b8b7076345d8f929f41061c52240af9733da314e49f
Hospitals,"$183,030.74 ","$13,378.99 ",London Health Sciences Ctr.,"Acting VP / Sr. Advisor, Research",1997,49b081141701453131b0f9e238f586fc91f409fc9b190546f608952d29a3e7e5
Hospitals,"$105,115.86 ",$270.66 ,London Health Sciences Ctr.,Physician,1997,53fd86d0cb9dfa8630b743e69b9caebe48c020a95442e5e21fee672c96e3c7e1
Hospitals,"$149,163.39 ",$381.00 ,London Health Sciences Ctr.,Physician,1997,ca356f09848298b7e0fa3135f4b97a1e24cf755b37ec3f5dc9e3c0cd3773e4f5
Hospitals,"$138,637.20 ",$354.24 ,London Health Sciences Ctr.,Physician,1997,48ec149929ee02ca885817814811bc8650f0dd9002a0e3cc2ea42e559783aef0
Hospitals,"$134,692.88 ",$344.04 ,London Health Sciences Ctr.,Physician,1997,78d58b6422238d0659e0b1e9d6223a7e37a890e94a188b5cf593c97343537013
Hospitals,"$116,808.42 ",$286.20 ,London Health Sciences Ctr.,Physician,1997,ce0afdeb61f31bebcb3384a9ecfe466b20dc9765cf077870548ba0076710772b
Hospitals,"$185,107.70 ",$473.16 ,London Health Sciences Ctr.,Physician,1997,7bb6b968319c64d294ebca4b67c14c841148dae62e0f000cebb5f9ed1156cfed
Hospitals,"$138,637.20 ",$354.24 ,London Health Sciences Ctr.,Physician,1997,3dcb1af993ed0b9d1669a80a7c4853c1d6dd9301e57005ece1385da75c620a94
Hospitals,"$103,078.20 ",$201.84 ,London Health Sciences Ctr.,Physician,1997,3c3bb31d8c3070b77336d294ca5fd97aedbfd30bf6cf2e055d96c94ed93137ae
Hospitals,"$173,485.68 ",$443.28 ,London Health Sciences Ctr.,Physician,1997,77d59a46595d815c0057e8eb9d6d1330d0020f5676e3be714c4896d83214f1c1
Hospitals,"$139,999.60 ","$12,919.42 ",London Health Sciences Ctr.,"VP, Patient Care Systems",1997,6eba9d24cc7ce05daf5c9e26d8766de942b445fdfba06746ed9a483ea3061cf7
Hospitals,"$185,107.68 ",$473.16 ,London Health Sciences Ctr.,Physician,1997,53a2489e9bf7b88021933776ce7369d07d0645adc8866b5eb2889725b16db289
Hospitals,"$185,107.71 ",$473.16 ,London Health Sciences Ctr.,Physician,1997,7ab38ab3860e86aec43470df691ec0a547d6b7adb9ffb45425cb746d7df4e9a1
Hospitals,"$148,876.68 ",$379.08 ,London Health Sciences Ctr.,Physician,1997,630f37eb2888cae45d8acc62820c654eb02d5affbe036973f343fc66859b4431
Hospitals,"$138,637.20 ",$354.24 ,London Health Sciences Ctr.,Physician,1997,fd9054ffc2ed54777837181322ac72dc6300c5b8e7f64ba6b8ed0adab1a0d025
Hospitals,"$185,107.68 ",$473.16 ,London Health Sciences Ctr.,Physician,1997,25bc0789187c1f10e989297ade639226d736aedb1331b07854125f8c677f9ee8
Hospitals,"$185,107.70 ",$473.16 ,London Health Sciences Ctr.,Physician,1997,06286a53631190ef2a9e07c11f1eb23e3a4a7afa477c66ae05360f77f57846e9
Hospitals,"$285,755.87 ","$14,523.22 ",London Health Sciences Ctr.,"Sr. Advisor, Critical Care",1997,82e8a8aa2b4264808484c7109df57c66fe19636e4573b48e1fef8120d7238579
Hospitals,"$148,876.69 ",$379.08 ,London Health Sciences Ctr.,Physician,1997,c92bf51042da0b7acd5d2afe13b78d630f31a0c42d4612436aa38b9fdbccf357
Hospitals,"$110,001.51 ",$281.16 ,London Health Sciences Ctr.,Physician,1997,e80e6cf8439af84127a15577f30adb939f1ec1022acf61ef913fb85535219801
Hospitals,"$185,107.78 ",$473.16 ,London Health Sciences Ctr.,Physician,1997,2e13dd5047dd2b6f1f1b5339ee391cae79a2a28c152b859466987dec7032009d
Hospitals,"$106,708.39 ",$412.38 ,Markham Stouffville Hospital,Vice President,1997,60f697be8c8d7bee308c092e1475fd39627cfddf84d6de5c9106d7ee19fd9931
Hospitals,"$167,999.40 ",$242.40 ,Markham Stouffville Hospital,"Chief of Lab. Med., & Med. Dir.",1997,a9a39a9ef98f8ad584d492ad658bfd7dec68e7dc98993eb9f8349ac6fb23da29
Hospitals,"$106,000.00 ",$695.16 ,MICS Group of Hospitals - Matheson,CEO,1997,10fa37da1c9fbba826f78fcdb311e5e59a276e8a1e5fa3e484172306271aa663
Hospitals,"$200,083.12 ","$10,408.32 ",Mississauga Hospital,President & Chief Executive Officer,1997,e1cd2e0cc4ef1e3dd0239a021d99265e5b7aaa0767d487764900fcfc081895db
Hospitals,"$138,360.43 ",$509.19 ,Mississauga Hospital,Pathologist,1997,9caec0d0c3b4604a431a911500e96556921076f066b23b77f8d0080ac14ff148
Hospitals,"$140,831.07 ",$518.32 ,Mississauga Hospital,Chief of Pathology,1997,9c375f548a05f8075fadb19f92c7bcd95f4b4f54b8bfcbfe70e3d52bce89ec19
Hospitals,"$110,430.34 ",$394.49 ,Mississauga Hospital,Vice President & CFO,1997,184d70b37a864f81f5ac37735248d5ec182cff1320f7464e92f20c60a987ab9b
Hospitals,"$108,884.38 ",$398.41 ,Mississauga Hospital,Executive VP,1997,cc6c6b59a05a9b9833756e0aac56ae514afba26fb66b3857a80fc16983c292b9
Hospitals,"$101,729.33 ",$352.57 ,Mississauga Hospital,Vice President,1997,4152fc673ac378bc2eac99de24d9d8fe0db9a353c170673c726dc8a82ff65c09
Hospitals,"$142,308.13 ",$638.28 ,Montfort Hospital,Pathologist,1997,9f1f36a28e7c14e26141c03807b980e3f6814460b268da2631d8994ac7f31156
Hospitals,"$144,024.11 ","$9,337.23 ",Montfort Hospital,Chief Exec. Officer,1997,64534a77490d077135c98cf3c3c73b67fe2547e8def13b9ace330a5d970415e5
Hospitals,"$105,001.00 ",$298.00 ,Mount Sinai Hospital,Researcher,1997,385d315f4020c75bdcc8483125477cccb78ab4e4f113b71b352cd6ace52072ed
Hospitals,"$161,380.00 ","$1,111.00 ",Mount Sinai Hospital,Lab Physician,1997,654e817cdf2ac4b8c6a871f2d9b5899eee089f276f128763f460829ec3b73566
Hospitals,"$167,350.00 ","$1,155.00 ",Mount Sinai Hospital,Lab Physician,1997,3cbdcda27ca9310cdfc6ac6667216f9ed9d0eb0079e432949b3648305baf1c83
Hospitals,"$207,916.00 ","$2,698.00 ",Mount Sinai Hospital,"Director, Research Institute",1997,18ef5ec088db898cd5cf52e934431673ff0b364e115e2f560fe0bf5e31b79ec0
Hospitals,"$149,999.00 ",$298.00 ,Mount Sinai Hospital,Neonatologist,1997,1930de2e6136793c1c4bd9948f4f90d0a0d71b5e43a2ac5886e8986415e36a0a
Hospitals,"$149,335.00 ","$1,089.00 ",Mount Sinai Hospital,Lab Physician,1997,7487ef5d79a1bef6cf795c8fd68dcfd8c952da9043d417ce6612f63730b74edc
Hospitals,"$122,012.00 ",$298.00 ,Mount Sinai Hospital,Researcher,1997,5c79a9c832cf5142d30f7cd938c8ea15cd4e4efd7f6bd06dbaf2b5a2d83cbafa
Hospitals,"$115,965.00 ","$4,628.00 ",Mount Sinai Hospital,Physician in Chief,1997,a603ff77b5b6c82eea4be44ad792e4271ae0bf04d492fa9f801c3bf941bd328f
Hospitals,"$160,650.00 ","$1,119.00 ",Mount Sinai Hospital,Lab Physician,1997,1bf19bf4fa6c4763a69d29405ac826e1870568a66a3b5c5fa78f66f1e31de346
Hospitals,"$168,929.00 ","$1,152.00 ",Mount Sinai Hospital,Lab Physician,1997,5ed6e6f9f8f232516d3fdad6804a07c690e3b25a8fbcae53c90e546673d4be5d
Hospitals,"$252,168.00 ","$12,815.00 ",Mount Sinai Hospital,President & Chief Executive Officer,1997,05e0f48404aa57d5afc81b89d6766951777878b1f971b5ecbb5c1bf6564e4498
Hospitals,"$121,147.00 ","$8,114.00 ",Mount Sinai Hospital,Vice President,1997,e6dc6687aa0938c416c0f96b8e0972b86da450ffd219af19afcaeb7e3d005c27
Hospitals,"$136,913.00 ","$8,228.00 ",Mount Sinai Hospital,Vice President,1997,bc404ce95cbec60136b5578a3687136fcb83668b3c7785f14e4e054684b823cc
Hospitals,"$100,894.00 ",$297.00 ,Mount Sinai Hospital,Researcher,1997,295e00f94f677f7ca7069b166ee057d4deac0cbc4c60c8e3490718ca8670515c
Hospitals,"$170,668.00 ","$1,159.00 ",Mount Sinai Hospital,Lab Physician,1997,e90c32ec8028ad64d786b0080dff4d37143b0b6d1ec4d22f2b55ee740370630f
Hospitals,"$135,317.00 ",$982.00 ,Mount Sinai Hospital,Lab Physician,1997,41fe6de86818bc42230d17432d339ab6160b2a7b9f43a1a5f8c08f16c443926e
Hospitals,"$146,354.00 ","$1,037.00 ",Mount Sinai Hospital,Lab Physician,1997,bd460a8f33dcef1c967d0cae0bfe758f0b2856226ad0e1797ee6e62537a0ac8b
Hospitals,"$132,504.00 ",$298.00 ,Mount Sinai Hospital,Neonatologist,1997,39cc22916374c0c83f5f84ec12bf861d5ec24f08b7911f1b89bcdff138efb023
Hospitals,"$157,467.00 ","$1,103.00 ",Mount Sinai Hospital,Lab Physician,1997,ccc412e0802a86cd85103219a176d7448351d433e7c92c26beac1b220cff4a19
Hospitals,"$124,995.00 ",$298.00 ,Mount Sinai Hospital,Neonatologist,1997,ced9185e7a9ed075b62d7199d9eb05abb20503963647b54f91e7c8d9614b3573
Hospitals,"$171,748.00 ","$1,200.00 ",Mount Sinai Hospital,Microbiologist-in-Chief,1997,ed68c1799b53fc55925637bd256fac5b26a18c6dfa7ee424d83dd49e78d70ee4
Hospitals,"$134,498.00 ",$298.00 ,Mount Sinai Hospital,Researcher,1997,5ef808aaa148d01d48ba4cc2230120122b7bffc38819376ee2683eaea6d6bcf3
Hospitals,"$147,335.00 ","$1,089.00 ",Mount Sinai Hospital,Lab Physician,1997,686a79c8119b6bc247a428e5ba23a987f495f8ca4f8d6d7435f067c6e557650f
Hospitals,"$196,736.00 ","$11,414.00 ",Mount Sinai Hospital,Executive Vice President & C. O. O.,1997,5593aecd204c9031cd352275b98938acf21a7403b2cd353e6f3669ebe2848c42
Hospitals,"$149,966.00 ","$1,061.00 ",Mount Sinai Hospital,Lab Physician,1997,811b1bc23a99ef8819138a24f6144fd28cbd0e38791cb636e36cec630fa3d78f
Hospitals,"$155,175.00 ","$1,089.00 ",Mount Sinai Hospital,Lab Physician,1997,37015095226179c47c844a8b8f2ea998477e4b900f804147b7528980bb146e08
Hospitals,"$168,982.00 ","$1,167.00 ",Mount Sinai Hospital,Lab Physician,1997,e5a117569c0f1e9ce994655b11ab79b499a1d80df6425cabe82169b6bf8f12a2
Hospitals,"$115,001.00 ",$298.00 ,Mount Sinai Hospital,Neonatologist,1997,1e91a0a4743e180a3df64d86f4ef839a19e8cf2635726322bfee21554f99c74c
Hospitals,"$142,078.00 ",$298.00 ,Mount Sinai Hospital,Researcher,1997,f810d035e96468346e598c4dd0db8446d53fd33a09f73f64d3c66a818c5a3e82
Hospitals,"$259,160.00 ","$3,069.00 ",Mount Sinai Hospital,Pathologist-in-Chief,1997,d84bd4ce6d5d9825108a5dfcb4dbd690a512260532ff792a04aa9e5ea42ab46c
Hospitals,"$141,230.00 ","$1,040.00 ",Mount Sinai Hospital,Lab Physician,1997,b06bfc3da501fafa489e2c0ae7614f6544bb32f24d5d34450bbe4911748befd4
Hospitals,"$129,491.00 ",$298.00 ,Mount Sinai Hospital,Researcher,1997,2f05b82c3ac72ab1602b5abb8e39d3525eb2f409a8d9e69d4604ed4c4d5c35d2
Hospitals,"$141,812.00 ",$298.00 ,Mount Sinai Hospital,Researcher,1997,391f0c552d3b8ff931eba8a5431a40b4fb24ef55598d8655479b1f09c78b4483
Hospitals,"$155,644.00 ","$8,364.00 ",Mount Sinai Hospital,Vice President Nursing,1997,0878cb363c15f89837f9639cf7cb0c78c32d1d27f6896c35fc7a0a68e344ed84
Hospitals,"$110,135.00 ","$1,752.00 ",Mount Sinai Hospital,"Director, Finance",1997,3d469cd77c840f98fb4ac8a8d3e38ecd33bdf194f9853a5bc62529e61ce38c1f
Hospitals,"$167,553.00 ","$8,388.00 ",Mount Sinai Hospital,Vice President Finance,1997,841cbdeac1b2e705cf6f1024c022e553c97d61c91bde0e4b17744de959e23b73
Hospitals,"$111,799.80 ",$478.06 ,Norfolk General Hospital - Simcoe,Executive Director,1997,d391902a81cec73c4326e27ecb9f185e174f25778857cf4acf28e4374ccf8299
Hospitals,"$114,999.43 ","$4,697.31 ",North Bay General Hospital,President & CEO,1997,bceaddaa1aadce23b1722a771c3b55fee5a7296687bffad67850747f2b417d80
Hospitals,"$136,987.64 ",$368.04 ,North York Branson Hospital,Pathologist,1997,9a653cb8d713474c1cd3a3be9ef8df12526dd2f036c8341107206a9ca8ce1d1d
Hospitals,"$103,735.32 ",$361.14 ,North York Branson Hospital,Vice-President/President,1997,4a5cd2978938df44f6db8087b9e2a42cb9c5a57b69c9aca2f130f4363ae49897
Hospitals,"$177,055.88 ",$368.04 ,North York Branson Hospital,President,1997,ef696eabd3666e50d5bde35fca21315559aced17220ea6d3e94fe7c87d210ac6
Hospitals,"$170,001.00 ",$368.04 ,North York Branson Hospital,Pathologist,1997,e768e01f3ed006858e8311d43655f6e2d2c61cad5d8efc91ac79ee67ada8dd6f
Hospitals,"$112,415.00 ",$517.00 ,North York General Hospital,Vice President,1997,f867e6cc31f5f80c83431b117f0e60f8b0bdd9eead79b8ceae974e75bbbac7f0
Hospitals,"$110,115.00 ",$514.00 ,North York General Hospital,Vice President,1997,ce52175f35807538d17624674424b4f741ad91a7c70a0923cbaa1eb2aa726877
Hospitals,"$115,697.00 ",$536.00 ,North York General Hospital,Vice President,1997,23278e6b1f6ba0800e05afdf3896517bc09bf77f370e6efd7ba6ba58308ba482
Hospitals,"$144,539.00 ",$704.00 ,North York General Hospital,Pathologist,1997,29112ebbaaba2e6955fec331b0413cc54c83f9bcade7809421dad3407cfcc723
Hospitals,"$191,837.00 ","$5,091.00 ",North York General Hospital,President & CEO,1997,cb173c84687e730560ef4a23cabb5636323b3cf337b1f1449e0cfdf19128200b
Hospitals,"$153,914.00 ",$750.00 ,North York General Hospital,Geneticist,1997,5899a0584b863a12d5b28d1beb63dc530c90f0fefb63f0d8098c0c368fa639ff
Hospitals,"$146,879.00 ",$716.00 ,North York General Hospital,Pathologist,1997,2121150ef17ec12cd64f563e4752b685e961bba18d234dbb1debcb3153cea16b
Hospitals,"$116,961.00 ",$538.00 ,North York General Hospital,Vice President,1997,06fe423cd88c127e0261656951e1604cfbfa18a5954e53e3cc5b88e108646903
Hospitals,"$138,509.00 ",$675.00 ,North York General Hospital,Geneticist,1997,c39f66ea97d8be9f38c9d8fd3f927c6f3d05d2be40fe8cfcf19c313cf2e4865c
Hospitals,"$179,928.00 ",$877.00 ,North York General Hospital,Chief of Laboratory/Pathology,1997,dac8c9f7aa2671cd95e6b66074e702dc24f82ecef4f75667e965b237606c967e
Hospitals,"$146,880.00 ",$716.00 ,North York General Hospital,Pathologist,1997,caa222cfd93283280f4cce335e11f74a00a4fcbb893601f37c4b08beed6f4ad0
Hospitals,"$149,838.00 ",$730.00 ,North York General Hospital,Geneticist,1997,358c016bceca94bd55f01226ea57807982a6ebfb7f57f43cf38a0306ba40b179
Hospitals,"$170,001.00 ",$828.00 ,North York General Hospital,"Chief/Medical Director, Genetics",1997,6a5d21f1ca1eac19a07df085d1a54f3d61b25ed321d65bf1fcdc09ee9b100086
Hospitals,"$120,584.46 ","$5,310.24 ",Ongwanada Hospital,Exec. Director,1997,fa58f82eb518de966620ccaf256bab30cd6bc3cd478af721458a014a620eb0e3
Hospitals,"$125,726.35 ",$518.40 ,Orillia Soldiers' Memorial Hosp.,Chief Executive Officer,1997,760d23df05db06c1317ecda54603a0e3301c26f4027bb7a3db8f6e8d00541bbb
Hospitals,"$143,998.47 ",$564.87 ,Oshawa General Hospital,Interim President & CEO,1997,a569b75066a7427266ea68dd5d9a8b96b3e3402f7ae25129bfdab592f8943380
Hospitals,"$121,352.63 ",$871.02 ,Oshawa General Hospital,President & CEO,1997,d1971faabad2716c349931c89988cce489baa3b3e2b37951d4e118e5a07199ca
Hospitals,"$119,467.30 ",$695.52 ,Ottawa Civic Hospital,Lab. Physician,1997,eeaea849d26583a3834cdc9b1c154896b7ce5dabdbdd6294a39cdfc5b5869df5
Hospitals,"$216,001.55 ","$6,847.78 ",Ottawa Civic Hospital,"Sr. VP, Research & Clinical Admin.",1997,184e9da475a2af5b6f61a7dafc4dbcb543ead1999df9c3ca94c9230630ecd1dc
Hospitals,"$113,149.28 ",$658.20 ,Ottawa Civic Hospital,Lab. Physician,1997,4f35cb38137639c24570380d5b4b3feaed4bff3d649eae520a22006c78199e01
Hospitals,"$240,006.00 ","$10,669.28 ",Ottawa Civic Hospital,CEO,1997,00d7c89ecfcb7add0d85c2a7c2531b27d7b4c24c3c6ab9bc22db81e35522d88d
Hospitals,"$119,467.28 ",$695.52 ,Ottawa Civic Hospital,Lab. Physician,1997,93bf207a5fc12012da2d3da93e17e3563dd9c98e134a53e59f979129202455b5
Hospitals,"$146,464.62 ",$840.36 ,Ottawa Civic Hospital,Lab. Physician,1997,ee96e38a4cd3a6363a987fa0c460069cec0f3340cf9ffd80ce0bcfb282b63c14
Hospitals,"$143,793.00 ","$9,053.18 ",Ottawa Civic Hospital,"VP, Fin. & Corp. Services",1997,d8f7b8b4cc8422f1f9a5ab41f38966534ddaab17458c50f627c70f99eebb90fa
Hospitals,"$152,509.56 ",$874.80 ,Ottawa Civic Hospital,"Chief, Microbiology & Immunology",1997,434c83584ce3d76bf21eb1ec349b128c9c05a2bb2e7ea19abd7f982ecd5babc0
Hospitals,"$144,739.31 ",$840.36 ,Ottawa Civic Hospital,Lab. Physician,1997,3fc875bd73693189802f0dca6e3120c55c08eb199757e2a7f251eac447dd19b1
Hospitals,"$107,347.62 ","$6,989.76 ",Ottawa Civic Hospital,"VP, Human Resources",1997,c730bb29f5ef84ec7872baafe5934f3a30c7efc310ba4e13d9471e8b8343a2b8
Hospitals,"$149,442.01 ","$7,314.93 ",Ottawa Civic Hospital,Chief Operating Officer,1997,96a3997592178a1e31283c005bccea6b9ccb3bc8372d2647e0878eed63e516db
Hospitals,"$152,509.61 ",$874.80 ,Ottawa Civic Hospital,"Chief, Biochemistry",1997,53c2c7e00514517aa3af86357ebe269afa64bf40e04e15903da3a43992cc1260
Hospitals,"$152,509.62 ",$874.80 ,Ottawa Civic Hospital,"Chief, Anatomical Pathology",1997,f26f1a46cf2a3045bc0d394846bbe1002a9312c192c3728b6f7bf0c5677c8501
Hospitals,"$152,509.59 ",$874.80 ,Ottawa Civic Hospital,"Chief, Div. Of Haematology",1997,4f542617038655d7e59c925596bdf229f7a6e25b9b3c602b1d311682bb382c7b
Hospitals,"$104,834.05 ",$602.28 ,Ottawa Civic Hospital,"Director, IRD",1997,63d840f9b2ab7a9a640532328e424ac6530546d14cb0b2df2e0402510e355187
Hospitals,"$199,992.00 ","$7,972.84 ",Ottawa Civic Hospital,"VP, Professional & Academic Support",1997,87f876447ece111c103f0161506ee3527b60a58af6b72c6a728acf488c1f1fa4
Hospitals,"$151,507.80 ","$19,073.25 ",Ottawa General Hospital,Pathologist,1997,0e23b64e0d87a5ff6c64b64664d1307d5fa6ad60527d18fe8b0299d59635f6fa
Hospitals,"$127,313.90 ","$10,510.00 ",Ottawa General Hospital,V.P. Finance,1997,4d769b66028309acef26af7646bf3987e1abc5f3df65bd633df37c293379c1d6
Hospitals,"$127,515.78 ","$10,510.00 ",Ottawa General Hospital,"V.P., Human Resources",1997,0b795177ec4457e05d96f1bd179c63e8ef0e96c91e38d28f06840601183e284e
Hospitals,"$117,353.90 ","$10,030.00 ",Ottawa General Hospital,"V.P., Nursing Services",1997,203ec9723d665f143845e7c6ca4e90b9493bc2f58a17ddca1763b136598f5c68
Hospitals,"$151,507.80 ","$3,266.19 ",Ottawa General Hospital,Pathologist,1997,f4d9292acc7ae161916372dcee5530d00864a7464e5b111b6e607e2f9af000b4
Hospitals,"$151,507.80 ","$18,029.40 ",Ottawa General Hospital,Pathologist,1997,c0e285c33b8aee0261879bbd5b4db7c31ef03076f9cae5575f5fffa47a84049d
Hospitals,"$151,507.80 ","$18,258.74 ",Ottawa General Hospital,Pathologist,1997,6083cbc40e13598048fe16312948aad7d241bb57babe0e6d225cc6fd16fc9c7c
Hospitals,"$151,507.80 ",$577.77 ,Ottawa General Hospital,Pathologist,1997,09c77730ae23b24b3b5becd20444e049bfd32ae82e3fb5c719e423de1af4978f
Hospitals,"$281,803.60 ","$12,090.00 ",Ottawa General Hospital,President,1997,27efcc863c13228512b32c969ab8c2f60dbbe46e5d8f446c31079b475ff5cda8
Hospitals,"$151,507.80 ","$8,077.77 ",Ottawa General Hospital,Pathologist,1997,e491795d2d3dea015851874039ae44d95ce7a9e7108859a6c30f6bdc4bb27601
Hospitals,"$151,507.80 ","$12,202.95 ",Ottawa General Hospital,Pathologist,1997,4fdce1dbc3865878d3ed7bb4d3ec7b5262a5d65abf9e988a8787b5183f384696
Hospitals,"$115,913.48 ","$10,469.20 ",Ottawa General Hospital,"V.P., Services & Material Management",1997,aeff0f30e282a5352ace1a28daa08fc812795d5c8ffcfc43ef2a27b6a4dec333
Hospitals,"$136,918.18 ","$15,523.53 ",Ottawa General Hospital,Pathologist,1997,ca22f3dd1ada20389784b90d8ec801d37c7ecfff1946e84aa9f3b3f661eff9a7
Hospitals,"$111,679.70 ","$10,476.40 ",Ottawa General Hospital,V.P. Professional Services,1997,0dccb404e711a45e0b997c19ef48207dc352fb25c6ba561bec7157fc6001de7f
Hospitals,"$151,507.80 ","$23,023.53 ",Ottawa General Hospital,Pathologist,1997,8593539818dc35f89e70a1e1853aa608bd4292a5ed1d617068485a63110c0004
Hospitals,"$143,672.90 ","$11,114.91 ",Parkwood Hospital -London,President,1997,2cff8c8a6ecaf11419b89d2306d5cbcb8a913d45c77dfd3a559e7d140a0d70c4
Hospitals,"$100,106.37 ",$408.71 ,Peel Memorial Hospital,Chief Financial Officer,1997,1f9e94a9cf979beecdefd2225cb3fe94c3b54d863daa7dd362fcd1c526c2bed0
Hospitals,"$182,415.06 ","$6,073.94 ",Peel Memorial Hospital,President/CEO,1997,b1bd9cf493ed3d586f8f84e19c4877951e7058e62be61789b52f3067ef1406a3
Hospitals,"$130,773.89 ",$673.85 ,Peel Memorial Hospital,Pathologist,1997,849bc69b5f817e8d598d9bff74af4aa35b4e18a6a30e994db06a0d0929e5bf8b
Hospitals,"$115,424.40 ",$501.44 ,Peel Memorial Hospital,Pathologist,1997,beb1637dc53854572ec3a54a5b316aa95c6b63dffbe8df2613749b016717d466
Hospitals,"$184,327.63 ",$835.56 ,Peel Memorial Hospital,"Medical Dir., Laboratory",1997,d2f6c1f8bf66d904fbbbf8bdfe2c3c068d3228520dddcbcd9fcd9ba258142528
Hospitals,"$101,775.00 ","$3,383.76 ",Peel Memorial Hospital,Vice President,1997,eca57d2f8d6a0db516106ba028b6a047c630c102ec7c0edc811d72234979a015
Hospitals,"$100,775.00 ",$401.11 ,Peel Memorial Hospital,Vice President,1997,2602b56369d663942c6278dc3bf9cb093bbf0a94c0bbf57b4e740506037c1e4b
Hospitals,"$111,613.27 ",$721.10 ,Pembroke General Hospital,Executive Director,1997,4eda1bc6d22b272ec0add35bcb2ed899b013f1db8569576092a1af869e76bd93
Hospitals,"$118,499.65 ",$784.92 ,Perley & Rideau Veterans' Health Ctr.,Exec. Director,1997,a31783a6e7df9f5080695918739a2659a649609cd0f7ef232f19f707944f81a7
Hospitals,"$130,000.70 ","$1,010.88 ",Perth and Smiths Falls District Hosp.,President / CEO,1997,6a231375a6aead670ea3c66571ed481017db87066e2a42e27f39e99467682730
Hospitals,"$107,141.25 ",$544.71 ,Peterborough Civic Hospital,Acting Executive Director,1997,901a5a24f134c4ef6d18ed0c072c978f1f83e2072126dddfed9b382c5dc504aa
Hospitals,"$197,925.00 ",$870.36 ,Princess Margaret Hospital,Chief Pathology,1997,6721d6f8e33c77b600a17b92eb2b459e4e229ac746e051a88036863551e7d446
Hospitals,"$122,812.20 ",$915.27 ,Princess Margaret Hospital,Chief Diagnost Imaging,1997,31c2b02e559d032a50e96fe374e6735814b30643bdc6623d727e27f8a8913cef
Hospitals,"$102,837.80 ",$586.78 ,Princess Margaret Hospital,Chief Nuclear Medicine,1997,59cbf4f6b60c4cfbb25d0f5fc699972a6cb4710996ff38a8b568bd0060424599
Hospitals,"$205,000.12 ",$938.50 ,Princess Margaret Hospital,"Div. Head, Bioresearch",1997,e8583ad2f0081f27dec191623fda29642f97b4bf4c57f92312cfd414131dae19
Hospitals,"$143,299.34 ",$706.20 ,Princess Margaret Hospital,Oncologist Radiation,1997,9d6735a1962dbfbc4888998faf1e8fb34487babf5430478cd538b87fae3e3086
Hospitals,"$211,883.59 ",$771.07 ,Princess Margaret Hospital,V.P. Medical Education,1997,166ff1bfbbfcadd2541dacfbce199f610f4355055c98e70a6c4f31d47976f88b
Hospitals,"$149,743.17 ",$658.66 ,Princess Margaret Hospital,Pathologist,1997,394530a88ad7bc8621a9045af56a0ae8a0d5ec3dde89e97fd7a8d8df6729fe24
Hospitals,"$257,683.06 ","$1,056.40 ",Princess Margaret Hospital,Chief Radiation Oncology,1997,0a6b6bd9ae17d9a5609448b1c258d88a390e7110bd08382653ef8a3bed906d0f
Hospitals,"$106,498.77 ",$633.08 ,Princess Margaret Hospital,Oncologist Medical,1997,d97f3d02501516e0d75b0e496b3150be0d221d76a2c93df02b4f6f6be6e6c38f
Hospitals,"$117,332.93 ",$654.34 ,Princess Margaret Hospital,Oncologist Medical,1997,fea9a301ed1822d943a7f8317a8577f0ba2b68573bd2a22db3a6f3cb88a47377
Hospitals,"$145,067.90 ",$710.62 ,Princess Margaret Hospital,Oncologist Radiation,1997,e77e547c5bb7a917b56496cad9ee037be3b52ec2f536577edf364761140931f7
Hospitals,"$100,001.02 ",$831.54 ,Princess Margaret Hospital,Diagnostic Radiologist,1997,bc0d1b28368ff6760cd4fcb5d1e9e0865038e7dd18afde14eb2f3292864132bd
Hospitals,"$199,498.28 ",$882.14 ,Princess Margaret Hospital,Oncologist Radiation,1997,43acfb6168c7322f1a3b502af2f7334288c7133cf5142d2fdb189f8ea7aa46dc
Hospitals,"$100,001.05 ",$523.49 ,Princess Margaret Hospital,Diagnostic Radiologist,1997,89baaaf90e8fc558c8636a88160a5e7039274d1ceed4df2dd0e0b2085068a2f2
Hospitals,"$148,884.62 ",$725.12 ,Princess Margaret Hospital,Oncologist Radiation,1997,ec4ee0766784acdd16fd587aa7ce1f0f1acc5f21c2d6a3319f28d713b4960587
Hospitals,"$154,350.16 ",$714.90 ,Princess Margaret Hospital,Oncologist Radiation,1997,4ae499838495bf67ab35cc4c0921b3aee4737bde406857a08b41a1a891f4e58f
Hospitals,"$106,498.68 ",$635.68 ,Princess Margaret Hospital,Oncologist Medical,1997,70e380a307d60ea262effdeb94538b4eb5382b7188ba0fecb18a9353cebfbccf
Hospitals,"$157,131.56 ",$746.97 ,Princess Margaret Hospital,Oncologist Radiation,1997,affa3e50a7137ca3c08f3fde5fc50d249ab9430a0919a3be35f6e40d23ace43d
Hospitals,"$110,298.83 ",$596.52 ,Princess Margaret Hospital,Oncologist Radiation,1997,6e8ffb1251f73d8409b6073fdeff435577db5cc73855c913716ba0279d295cbe
Hospitals,"$150,538.69 ",$630.80 ,Princess Margaret Hospital,Chief Dental Clinic,1997,c5f046503255ee5d8ca895251c5e5bc14dbb7fafd49c5db484360605c1b8bdb6
Hospitals,"$100,299.19 ",$563.57 ,Princess Margaret Hospital,Oncologist Radiation,1997,65d905cc1e8886d277c4ef79e5f67c925143977aa0401509cb4f3b90663e0b54
Hospitals,"$135,514.40 ",$687.60 ,Princess Margaret Hospital,Oncologist Radiation,1997,3077220547fd00ff3a1807fa25def86903e5efb3bccd44fe8778204d625db191
Hospitals,"$106,498.72 ",$633.08 ,Princess Margaret Hospital,Oncologist Medical,1997,6cf223126237d34abbce7fcc645fb84d4894124b8286411bf307bf7f2b0eeefa
Hospitals,"$106,498.65 ",$652.96 ,Princess Margaret Hospital,Oncologist Medical,1997,cbe89a6da1ce4c1491c85cca71f18934f119853399f6bedeba83efc1684f37d1
Hospitals,"$105,298.97 ",$580.91 ,Princess Margaret Hospital,Oncologist Radiation,1997,535ba0d3c49a4f1e8d65c6e6c7e44429b6121cdfa8932e26ec65c24dd236acc2
Hospitals,"$106,498.68 ",$558.59 ,Princess Margaret Hospital,Oncologist Medical,1997,1af13e19caba455cfd62685dde2c4bbab9cc8ebff74ba4cc954886c0444d4129
Hospitals,"$106,498.71 ",$641.24 ,Princess Margaret Hospital,Oncologist Medical,1997,6b2ed4ec7a3e6b366812d95df97700ee1399e87b415ddabdd125eb1f3844e16c
Hospitals,"$163,314.09 ",$766.67 ,Princess Margaret Hospital,Oncologist Radiation,1997,7fc5c76be38c8e35c14e8fa2fc35b2eadeea5e63e0f9f464936132d86ba1e7d0
Hospitals,"$148,635.82 ",$653.06 ,Princess Margaret Hospital,V.P. Medical Education,1997,4969cdbff743268f1134162ddc44b04c537494a0c4d12ce6fc8553b08ef5607f
Hospitals,"$159,837.73 ",$756.77 ,Princess Margaret Hospital,Oncologist Radiation,1997,b2100d9c734ef1f05d44149864bd4d189386db342817cd62bcfcd6a61b49fea3
Hospitals,"$106,498.70 ",$633.08 ,Princess Margaret Hospital,Oncologist Medical,1997,a260bc41a3d26045fae5e9d8dac2d8fd9a8f1aef0ae68ab6f63993038759ccea
Hospitals,"$116,050.71 ",$483.54 ,Princess Margaret Hospital,"Dept. Head, Clinical Physics",1997,8a8f08fa14f8b8feef8b36d61e3cfc27c2078c664d87d1ac07b9a005247838c6
Hospitals,"$100,001.05 ",$843.24 ,Princess Margaret Hospital,Diagnostic Radiologist,1997,3020198076f761cd9ae156cf5c74490b2b5195f3fead7832437e9105a9d532d1
Hospitals,"$111,542.32 ",$629.46 ,Princess Margaret Hospital,Oncologist Medical,1997,e5a878474a8eddec8c7ced776f23c4796215bf8a6bcfa0447cf8ac7c79c03590
Hospitals,"$138,772.38 ",$751.65 ,Princess Margaret Hospital,Chief Medical Oncology,1997,b64adb744d8dc58dd4c920b462b4be768f6f37dd58fc8779356ebcf15628e6ed
Hospitals,"$120,315.15 ",$623.80 ,Princess Margaret Hospital,Oncologist Radiation,1997,142782c4b3311bb50a711e9bce41e59ee8e97d3c3418a33dec729150adb1cee8
Hospitals,"$154,962.20 ",$659.36 ,Princess Margaret Hospital,Pathologist,1997,d399f1926bcf46c251d4ebdb0744a09d7552735551103884efbb0fc8491a0473
Hospitals,"$104,068.47 ",$574.29 ,Princess Margaret Hospital,Radiation Oncologist,1997,89b88c81ab816861566fa8f4ab5726e4ac62f4b9c7d1fa0e39efda0aecd73d20
Hospitals,"$149,579.30 ",$720.47 ,Princess Margaret Hospital,Oncologist Radiation,1997,a5db5a44474bf5a23bd41cdd06d75565a15f1510dcf1302e2488f2aedd25d56f
Hospitals,"$106,498.68 ",$633.08 ,Princess Margaret Hospital,Oncologist Medical,1997,88732a61f6af0d4c23cc609dcd160c33e92a35361c6024917b608026b2eca829
Hospitals,"$136,514.11 ",$690.68 ,Princess Margaret Hospital,Oncologist Radiation,1997,97a63119273d702dfbc2524d5e015787726dde227bd0104a972f00a17c1f4df0
Hospitals,"$142,758.37 ",$615.90 ,Princess Margaret Hospital,Chief Clinlical Physics,1997,7c7a9d69d5cc6cddb9c8d531ecf0e32253261bccaccb4fc35dcabac638135b80
Hospitals,"$159,775.72 ",$757.85 ,Princess Margaret Hospital,Oncologist Radiation,1997,f85b8c55d599e5d65a99e7e53e92d0c72f155631cf18289bd846ad320dcda27c
Hospitals,"$141,882.99 ",$702.84 ,Princess Margaret Hospital,Oncologist Radiation,1997,93e959dedd3bed3aba7bbb64290e08726c692c8f4cc4d33f186e49387815e2c7
Hospitals,"$116,000.03 ","$7,604.88 ",Providence Continuing Care Centre,President & CEO,1997,ba7e104853871c8267a06267943153568eb2e6d0ad58fa4066cad749d47c6b95
Hospitals,"$152,499.87 ",$732.00 ,Public General Hospital -Chatham,President & CEO,1997,177d1fb5057a0969820070b69ecadac4be924a66833b1ff7a81c0954c530939e
Hospitals,"$137,117.13 ",$920.40 ,Queensway Carleton Hospital,Chief of Psychiatry,1997,440d649169123230adae659780db275a4c4a7513514a7f454729d7947254ca06
Hospitals,"$117,079.50 ","$8,890.00 ",Queensway Carleton Hospital,CEO & President,1997,bfbeb0eea9d32f84965440695660ac06ec83a00ec35a5e5f5dfea9fda26469f6
Hospitals,"$110,695.80 ",$495.95 ,Queensway Carleton Hospital,Psychiatrist,1997,142643de86ca06ab41419235dadb71b5613780938dfb1f56821b87ed97719a59
Hospitals,"$176,055.25 ","$1,353.33 ",Queensway Gen. Hospital -Etobicoke,President & CEO,1997,5c19793ea24632928d5b5e07ebf2c93a47a5f3bab2168bd66c5d70b12a36ac14
Hospitals,"$146,295.52 ","$4,178.68 ",Rehabilitation Institute of Toronto,Ass't. Executive Dir,1997,36aefa079727b865220d40f119d3188c156cd58e307814c36af1242fa6611816
Hospitals,"$236,422.71 ","$11,027.81 ",Rehabilitation Institute of Toronto,President,1997,d97e97ddd816adb294e339bfa18c683301ca6d132ca2eaa96b3aa8fe6c11e604
Hospitals,"$115,137.63 ",$519.54 ,Rehabilitation Institute of Toronto,V.P Administration,1997,0d8e9e0dc81720ea0381be829f63b875b5d7ff1ce44228f6fa9c1cae9536b581
Hospitals,"$113,676.37 ",$504.95 ,Rehabilitation Institute of Toronto,V.P. Programs,1997,ded677668177317ae839c1fc504716dc88d44c37f0658ac4ce5052c55a04125e
Hospitals,"$135,419.57 ",$374.44 ,Rel. Hosp. of St. Joseph- Hotel Dieu of Kingston,Laboratory Pathologist,1997,adc269f758889551d4da966e6f7f4254eff40aec5df86e5a44c53b7912497d8e
Hospitals,"$219,199.63 ","$25,008.42 ",Rel. Hosp. of St. Joseph- Hotel Dieu of Kingston,Executive Director,1997,626bc80e1eb61ab50487449b4e0caed0e21e7bad8e28e78524033658fe2c82e7
Hospitals,"$118,107.60 ","$7,098.67 ",Rel. Hosp. of St. Joseph- Hotel Dieu of Kingston,Ass't. Exec. Dir. -Planning & Hosp.Serv.,1997,f05cf8bc3b10a7bb3c1be3039eace476ab0d17fec5b5b7cdead491cd328070c4
Hospitals,"$105,838.14 ",$289.36 ,Rel. Hosp. of St. Joseph- Hotel Dieu of Kingston,Laboratory Pathologist,1997,02816c7d7172c961d56b5cf8e06a08ca1e5a2e0ca2a4ccdc06e9350183e05ad5
Hospitals,"$102,830.41 ","$7,030.92 ",Rel. Hosp. of St. Joseph- Hotel Dieu of Kingston,Ass't. Exec. Dir.-Fin. Resources & Info. Serv.,1997,bbb282ba3b7e3b83538e815ed1a17e37ebbd7423320280244e73bd10dd439997
Hospitals,"$101,046.48 ","$7,027.88 ",Rel. Hosp. of St. Joseph- Hotel Dieu of Kingston,Assoc. Exe. Dir. -Patient Care Serv.,1997,d1cc6441feadfdf5aa5b8801fc54e696fc29ddd70a8325d9579098a6e8db70e8
Hospitals,"$103,063.47 ",$284.28 ,Rel. Hosp. of St. Joseph- Hotel Dieu of Kingston,Laboratory Pathologist,1997,19874bc338cebc21af8bd7f96bd5d4724ccc052724696673fb806f1f215212ed
Hospitals,"$165,349.26 ",$621.42 ,Riverdale Hospital -Toronto,"VP, Medical Services",1997,be36736fbe218119cadc2878e81a46d0a001a36c98dc835f5e08932aebef3699
Hospitals,"$147,929.57 ",$585.65 ,Riverdale Hospital -Toronto,"VP, Patient Services",1997,d42fb8da2e053660885d4e940913cf20c318dc7c6c9c6609942cd22f01bf4c96
Hospitals,"$105,796.31 ","$11,008.02 ",Riverdale Hospital -Toronto,President & CEO,1997,4119ce97a52a023e7814a478c74f0642509f4b4e1a162aacae73cfff7905d0dc
Hospitals,"$103,462.61 ",$291.02 ,Riverdale Hospital -Toronto,"Dir., Food Services",1997,4534df033061ec513284d5b07d8a0cb8b73c51cff94efd686c1e595b10059a47
Hospitals,"$110,025.00 ","$6,002.00 ",Riverside Hospital -Ottawa,CEO,1997,c9bb4601d0edb7cdbaf0269ca064a440ca1f551ae9c324d610954f503e918549
Hospitals,"$129,989.28 ","$1,304.88 ",Riverside Hospital -Ottawa,"Pathologist, Medical Lab.",1997,542b4f4b42e9371d00428829d78458bdd7985fcad019e57bac77793a04a7d984
Hospitals,"$135,039.49 ","$1,355.28 ",Riverside Hospital -Ottawa,"Chief, Medical Lab.",1997,c45eac069f2c33f608993ed247631bc968c2801e80f5dd2aa078059cda1618b3
Hospitals,"$128,965.09 ",$716.40 ,Ross Memorial Hosp. -Lindsay,President & CEO,1997,ae6576d6615c5520c2f8ca564a79c874ea0325dcac937a0f7e4e2dfac620ba01
Hospitals,"$105,244.40 ",$407.70 ,Royal Ottawa Health Care Grp.,Assoc. Exec. Dir.,1997,3cae49ab36e554191a28a86e9bd3cca0221d352fc25776876fff4d5d59fc987a
Hospitals,"$154,070.55 ",$626.49 ,Royal Ottawa Health Care Grp.,Executive Director,1997,340345f0da1c22045fdaeaae8a7a9a00874693d2e05907f578d49974f8acb400
Hospitals,"$101,186.36 ",$382.18 ,Royal Ottawa Health Care Grp.,Assoc. Exec. Dir.,1997,38294b968b1313755704ed6ce72641fff1405c95be26211445ba7df8a2dddc92
Hospitals,"$142,182.67 ","$10,977.46 ",Royal Victoria Hospital -Barrie,President,1997,66413db744edc1ac9b201b09d5bb181328f3ba01a8e27c03c3f3a17dff3cc37d
Hospitals,"$162,105.22 ","$1,225.93 ",Runnymede Chronic Care Hosp. -Toronto,President/C.E.O.,1997,b4ec63de56e769db853c4f008d9297804cea8a0a1da985fba520c9a8a680510e
Hospitals,"$107,823.48 ",$462.24 ,Sarnia General Hospital,Executive Director & CEO,1997,d639fb7ba88a28f5ad6560abe08740d91021e99ecbd4478c30471d79f06029eb
Hospitals,"$142,994.80 ",$743.64 ,Sault Area Hospitals,Associate Pathologist,1997,15f3a6c352df658a4e97ca70158d3eadff82d0df601d55b9169da301cdac6306
Hospitals,"$157,652.74 ","$2,547.67 ",Sault Area Hospitals,President & Chief Executive Officer,1997,ad8c2fdb45dc05ca64ec8bf936b605e8f48400478f7cc6b4b55d0854da393aff
Hospitals,"$127,650.24 ",$660.67 ,Sault Area Hospitals,Associate Pathologist,1997,f7cf361e5bad66b2d15fa3427d039a75dfe2a5976f6b7f7b45840b2d21620690
Hospitals,"$142,939.80 ",$743.64 ,Sault Area Hospitals,Assoicate Pathologist,1997,900d4bb18a5fc5e64d57d35da19a17756b0198551f1cce33549b25c9c33865e1
Hospitals,"$170,996.80 ",$889.18 ,Sault Area Hospitals,Chief Pathologist,1997,87e6e41c785953bfd24f9292b735ede4ed0e2c981cfa6a58b363cad1c73d8b7f
Hospitals,"$191,032.20 ","$1,032.00 ",Scarborough General Hospital,President & CEO,1997,c85004a47cb36753bf9325fa860dce2c8d709745b80b49a6d0a0e64856f4ac62
Hospitals,"$127,746.36 ",$746.76 ,Scarborough General Hospital,Vice President,1997,4eb85270fb3f42c812d48392c2687975e98974ed1be3004a439936886708f830
Hospitals,"$105,643.15 ",$558.60 ,Scarborough General Hospital,Vice President,1997,52d33af5a40361c707ea010747f241c53abf747e48cc82daa8e3564413374298
Hospitals,"$165,074.28 ",$482.88 ,Scarborough General Hospital,"Medical Director, Laboratory",1997,3304bd79358a2424b20e51cd25cdf2859f7c55d34dc29d82232acb59e17756ec
Hospitals,"$146,242.48 ",$852.60 ,Scarborough General Hospital,Associate Pathologist,1997,80fe30ba823f7e3fe7305ef3b46e15f97b180f3d60076ccd4fd0e1d63140bb5e
Hospitals,"$123,723.49 ",$723.24 ,Scarborough General Hospital,Vice President,1997,1e4f65d483d853f0557c351f088c82cd4b9d3fc0372a7db425a357588dc20e8a
Hospitals,"$133,261.56 ",$776.58 ,Scarborough General Hospital,Associate Pathologist,1997,165e725e6975ab4b99f8b4d3c02588752360342ec4d1256599f4c28e8bb6ff41
Hospitals,"$123,723.51 ",$723.24 ,Scarborough General Hospital,Vice President,1997,38dba68c772bd885e8d6e859f88dc7e5112198174599cfe80e2e60675342bd61
Hospitals,"$127,751.85 ",$745.84 ,Scarborough General Hospital,Assistant Pathologist,1997,2692a822d1e9be5aea8dcd93b70f74ddb6f8b899178540cc2baa97687d180d22
Hospitals,"$100,624.00 ",$160.00 ,Scarborough Salvation Army Grace Hosp.,Vice President,1997,afd41b4e819188dc64661a010f3d1cda3c8fae914a5f07c74ee3036e2782c325
Hospitals,"$172,240.00 ",$286.00 ,Scarborough Salvation Army Grace Hosp.,Chief Pathologist,1997,5e082f63bf5016b7fb4d45586e935476b31439b5edbc319a77bd5688959eaac1
Hospitals,"$113,247.00 ",$125.00 ,Scarborough Salvation Army Grace Hosp.,Pathologist,1997,c78590571257c7457f676ec2e4aa6628e8c39f6478692eea1f09e8cceb67ec5c
Hospitals,"$103,704.44 ",$672.49 ,Sisters of Charity of Ottawa,VP Human Resources & Acting Exec. Dir. Fdn.,1997,61faf811df9bcf4ea634d0f52405d4ea356411895200de84724ac26d68102034
Hospitals,"$174,845.03 ","$12,242.90 ",Sisters of Charity of Ottawa,President / CEO,1997,00de3716f553bd38d368e8883c7bcd31bee373f4d4f7447cf4f998b2ee894ba8
Hospitals,"$107,983.05 ",$738.96 ,Sisters of Charity of Ottawa,VP Support Services,1997,a9d35542fb330b1211c9bd89c766caea5fe27db622db7eb3c8a8f61305940dcb
Hospitals,"$157,285.82 ","$4,637.88 ",Sisters of Charity of Ottawa,VP Geriatric Rehab. Program,1997,65c5e0cba73cb9b9674d07907d4573b6272f0798285021585dd951dccfee0a6a
Hospitals,"$101,920.96 ",$697.92 ,Sisters of Charity of Ottawa,VP Chronic Care Program,1997,551717da62a4b9c765d250744263c98486f1a5f8fa386725dbab600a1deb3448
Hospitals,"$108,000.87 ",$741.36 ,Sisters of Charity of Ottawa,VP Ambulatory & Outreach Pgms.,1997,0bb273a4af072f40d3eb7c93fc812502777dc383e16002d4d40201de63f03f1a
Hospitals,"$108,000.88 ",$741.36 ,Sisters of Charity of Ottawa,VP Finance,1997,9a0d133a4518d9f84f5d3e517456a0d5e0b6e5a5f4132eb1956167aac7e5b2b3
Hospitals,"$120,000.00 ",$634.34 ,South Muskoka Mem. Hosp.-Bracebridge,Chief Executive Officer,1997,7a5ef0e2dcf4e4b2e6934c988add3cf49075556d96c6735f165068c92e3321a8
Hospitals,"$132,582.00 ",$618.00 ,St. Catharines General Hospital,President/CEO,1997,a3e496bb0adccbed16d617110279c94e0922da55f202f9cfeff1fec8b6268434
Hospitals,"$135,518.00 ",$632.00 ,St. Catharines General Hospital,Pathologist,1997,7e399ecc274a05018d0f3a219b34c6be70ae434e4817bed4223891fc889e68d4
Hospitals,"$134,999.00 ",$632.00 ,St. Catharines General Hospital,Pathologist,1997,d94e8385ff51f66d2b59a95ff015a8e62e5a3fc919864c183b37ca3c38e2185d
Hospitals,"$113,272.00 ",$528.00 ,St. Catharines General Hospital,Vice President,1997,53e7a2b64136f1a90d328551a56932cbc0ed0d58016d903754c679a4fc894a32
Hospitals,"$144,669.00 ",$762.00 ,St. Catharines General Hospital,"Ass't. Director, Pathology",1997,aceb060e0b97371fabed354aae22543b356440e2805f86e29049dedbab3c1035
Hospitals,"$175,013.00 ",$819.00 ,St. Catharines General Hospital,"Director, Pathology",1997,483907ad97586c422762d89441cc4fb24175ccd97b00b9f9c988aab3105c9186
Hospitals,"$136,596.49 ","$6,968.84 ",St. John's Rehab. Hosp.- North York,President/CEO,1997,9aca4d9e70f1087d8d8ada78b366b6c451d5fd56ab1eb791ef62ec34f1c1cf10
Hospitals,"$113,728.03 ",$586.68 ,St. Joseph's Care Group -Thunder Bay,President,1997,ab2436869cc5812f059f3d26fe189918c70357b85b20f04970361e88dba2dc19
Hospitals,"$119,414.39 ",$572.40 ,St. Joseph's Health Centre -Sarnia,Exec. Director & CEO,1997,6832706ce905d87482208a8523330375508212e1432ef988c87b075bdc68995d
Hospitals,"$160,270.61 ",$896.13 ,"St. Joseph's Health Centre, London",Physician,1997,040038d4073daa890aae9a4b90b83d0bc2d5457cfcc7dc578f119b39fe10346e
Hospitals,"$110,003.40 ",$559.68 ,"St. Joseph's Health Centre, London",Vice Pres. / Physician,1997,0aeed221346d077ab2f6a72a03332d6543daf96d4bc7e374b5c732b088554bd1
Hospitals,"$107,991.00 ",$603.93 ,"St. Joseph's Health Centre, London",Physician,1997,99b2a0735777556a124fe20fdf599016e3f65212f8f1600e6ae215e054e5709d
Hospitals,"$104,754.00 ",$585.75 ,"St. Joseph's Health Centre, London",Physician,1997,ca4306bf733616ad5eec90aa03b8a6f81dba8ed0eaea32d49fc555843a31787c
Hospitals,"$131,555.16 ","$9,452.03 ","St. Joseph's Health Centre, London",Vice President,1997,a6ec2d120fe3ea88515c9626bd25fa8d60f3df6730a22537130e1619aa2e5ee0
Hospitals,"$121,613.77 ",$689.22 ,"St. Joseph's Health Centre, London",Physician,1997,1427d7fd37bd957d9f4f830b2ba3090e84dc3c086c9f254af511807b9c10443c
Hospitals,"$267,750.68 ","$19,227.50 ","St. Joseph's Health Centre, London",President & CEO,1997,3f35a32eee34b361bdd73e4a45fb3f8bbbdcd2f72351c2a16bf5be8bc309b753
Hospitals,"$137,007.01 ",$766.11 ,"St. Joseph's Health Centre, London",Physician,1997,013d9b9129d2273ae0cd4e0678e0711f11830bc8bea86187cf6decb248302dbd
Hospitals,"$122,460.00 ",$685.02 ,"St. Joseph's Health Centre, London",Physician,1997,3a3d700093ee7a7f23d4cf2f9e43f6b690b748ea5f34d1aad4cfbc35f92629ab
Hospitals,"$128,157.69 ","$9,727.47 ","St. Joseph's Health Centre, London",Vice President,1997,19b782ca5af1f625f6e8f92ab4e29bd6029c4d78df253ff614388bc71d6f3f44
Hospitals,"$131,137.63 ",$733.95 ,"St. Joseph's Health Centre, London",Physician,1997,f3071c17c90b55f4597f0fb0c6fc69f9e0e50ab2ead9a89375399700d3ea4c7f
Hospitals,"$200,277.63 ","$1,007.97 ","St. Joseph's Health Centre, London",Physician,1997,39436ed7b7303e8eaaae2b89e42f16427d22162d9722f7e0246b8b3c2eced0b9
Hospitals,"$138,743.82 ",$768.48 ,"St. Joseph's Health Centre, London",Physician,1997,cc7009824a2a5b98e9980863a7df172a8c57a24237b223dca291451e478cd286
Hospitals,"$160,270.63 ",$896.13 ,"St. Joseph's Health Centre, London",Physician,1997,5b6f8b67338509969fbc93725dba5ff5190fe505597b8c4b8fe1b4fe1a309e3b
Hospitals,"$108,069.00 ",$603.93 ,"St. Joseph's Health Centre, London",Physician,1997,de067aab9b3a301b185d51801c79c002243cb6a70ecea3efaf88c3e5eb3a22a3
Hospitals,"$112,184.60 ","$10,035.88 ","St. Joseph's Health Centre, London",Vice President,1997,b1ce90a6858ee69168f966b07b48a5ea556260063b3daf1f5d333e2d498e3aad
Hospitals,"$128,427.00 ",$718.56 ,"St. Joseph's Health Centre, London",Physician,1997,21dcacd39abc8952ae220779c008b54e89429a1a5e05652e6f82910d36a7a7b0
Hospitals,"$145,592.14 ","$1,659.37 ","St. Joseph's Health Centre, Toronto",VP / CFO / Acting CEO,1997,3cfa8282793ad6ba87ad046d9dca7fa72af9b5c856f6aca08ada89d486500947
Hospitals,"$128,205.15 ","$5,562.40 ","St. Joseph's Health Centre, Toronto",President & CEO,1997,2a26961522ca388f6aa06ae6b8e13e040416b6d9755df96de9107e169f1aadd0
Hospitals,"$127,391.04 ","$4,122.13 ","St. Joseph's Health Centre, Toronto",VP,1997,4884b0a728d9cc60111d292fce13b39ac90c0339f5045cd70e55032ad95ad3fe
Hospitals,"$150,000.00 ","$1,613.70 ","St. Joseph's Health Centre, Toronto",Microbiologist,1997,032a66e518931a6ee729c07e572c61f38ae197c0cc1e5fdcc34573867d85ff21
Hospitals,"$119,711.40 ",$393.30 ,"St. Joseph's Health Centre, Toronto",Pathologist,1997,09301d1c643412dba69e4b5923f49dda0a4e6e54097715d990b7588cffa9938b
Hospitals,"$197,000.04 ",$0.00 ,"St. Joseph's Health Centre, Toronto",VP Med. Aff / Dir. of Lab.,1997,e04282a1a518e20390dfcfb0fe594f81d1d29d9bfda0655429ee03f975548ce6
Hospitals,"$150,000.00 ","$1,613.70 ","St. Joseph's Health Centre, Toronto",Pathologist,1997,bad94b80396d42c1016de805cac640c1eebd367589023041693747d0c07ea7d3
Hospitals,"$115,891.00 ",$612.00 ,"St. Joseph's Hospital & Home,Guelph",Chief of Pathology/Dir. Lab. Med.,1997,47c5815c38544a790e8d4bd17dd678a4220fdbf93fdbac94c99ce1abc622859f
Hospitals,"$119,175.00 ","$7,347.00 ","St. Joseph's Hospital & Home,Guelph",President & CEO,1997,c9f97a6db510d5518fa3379f4c2edc22d88d6bd20b8702b88426db72b406e896
Hospitals,"$113,191.55 ","$1,050.96 ","St. Joseph's Hospital, Brantford",President & CEO,1997,a6588208f83508e9db5cba9dd5de3eb3d181c0a649373890b5d4e19ba76c3bcf
Hospitals,"$102,648.00 ",$495.72 ,"St. Joseph's Hospital, Chatham",Executive Director,1997,b84277702c0718108894627cbbeefb47c934791483f645989d70567b09e9d80c
Hospitals,"$149,338.00 ",$882.00 ,"St. Joseph's Hospital, Hamilton",Pathologist,1997,521fb9ad40c21c3a77337efa6655ea3f62f09ae7125e653cb4a02d37e58d55d3
Hospitals,"$177,792.00 ","$1,050.00 ","St. Joseph's Hospital, Hamilton","Director, Laboratory Services",1997,b4164e39a10d4e41ed717d842a01741fa2e3f4c7482a99edb501bd02424a2052
Hospitals,"$127,676.00 ",$755.00 ,"St. Joseph's Hospital, Hamilton",VP-Finance,1997,6e86897da374ba5c5ff7ab27686399543446ca085f9930424c5437ee011905fc
Hospitals,"$141,407.00 ",$836.00 ,"St. Joseph's Hospital, Hamilton",Pathologist,1997,0e577e64e4895552e7b0f8ced9627684281d77f3b70e4576fe9e3e33312504c7
Hospitals,"$113,043.00 ",$668.00 ,"St. Joseph's Hospital, Hamilton",Scientist,1997,ecaa7e4f0f80b6f357e0b3256fd61c4af31660a87c36c9995b588bf5836e85bf
Hospitals,"$234,538.00 ","$3,890.00 ","St. Joseph's Hospital, Hamilton",President & CEO,1997,bf3ba09067d9212927c14d850b2bebb9ce9334efc869e7b4d81346278c05a877
Hospitals,"$155,312.00 ",$918.00 ,"St. Joseph's Hospital, Hamilton",Pathologist,1997,c9d4d29cd93503c92adfe7899654e2e1663262f05a9ab05668bfe1c8b3314a04
Hospitals,"$144,292.00 ",$852.00 ,"St. Joseph's Hospital, Hamilton",Pathologist,1997,d812d70b15ebd23f3ef67ed557b279b5e1563a8f7c6492e7a958ed4013420779
Hospitals,"$119,460.00 ",$707.00 ,"St. Joseph's Hospital, Hamilton",VP-Patient Services,1997,c7381c20ced37c5c58908fd736ff995ca22767f97ffd0b5ca89475252ee9ee9d
Hospitals,"$147,755.00 ",$874.00 ,"St. Joseph's Hospital, Hamilton",Pathologist,1997,373e20b9f591d0d80b722988da5317459daa23c3e425c8e62a95df184a15a7eb
Hospitals,"$131,477.00 ",$777.00 ,"St. Joseph's Hospital, Hamilton",Pathologist,1997,dc2e7eaab04af06d92c126753f907fec4e540ef83d3a7d83f9e528966123e10c
Hospitals,"$119,460.00 ",$707.00 ,"St. Joseph's Hospital, Hamilton",VP Community Med. & Academic Serv.,1997,3d3726c0412ad1bf3c959bc5cf54e2feaae7af6550e90c045d49e3e08571a74d
Hospitals,"$131,354.00 ",$772.00 ,"St. Joseph's Hospital, Hamilton",Pathologist,1997,80aef6c589c10c59238b6ebb8d4625105cd07da0b2750bad1083ed51c83ec566
Hospitals,"$134,999.21 ","$6,114.85 ",St. Mary's Gen. Hospital -Kitchener,President & CEO,1997,e8c7af21784c443bf61ae2060d49645fd6ce2048336eea747f9841d0ecc97787
Hospitals,"$169,058.83 ",$833.58 ,St. Mary's Gen. Hospital -Kitchener,Pathologist,1997,b44d8476bd7493198b4fb1fdbcc4c90f7dc89375113356a6850aa53d5e7d5b9a
Hospitals,"$175,272.22 ",$868.68 ,St. Mary's Gen. Hospital -Kitchener,Medical Director Lab. Services,1997,9664b3308180bacfa9ae5ff16407e6262d516482385ca2bf57ed0e0978108c51
Hospitals,"$130,941.20 ",$754.56 ,St. Mary's Of The Lake Hosp. -Kingston,Dir. of Stroke Rehabilitation,1997,10927a03c9a7a9a2be1486795121335766388238d55052f8bcf3ad394abddb90
Hospitals,"$134,999.80 ",$777.60 ,St. Mary's Of The Lake Hosp. -Kingston,Head of Rehabilitation Medicine,1997,f578a50b26f70ce54d10b9fed8c2e960b19da1e3a72faa019bd0a375f2b8bd63
Hospitals,"$210,000.00 ","$50,694.98 ",St. Michael's Hospital,"Executive V.P., Chief Medical Officer",1997,75295b4bccba9db9f56e08e2e2577d7b2d8283eaa64d48daa4f748fcfe3af345
Hospitals,"$107,152.50 ",$307.00 ,St. Michael's Hospital,"Dir. of Research, Obstetrics & Gynaecology",1997,71a23b09859e41b9171e6599dfd489dd0c1f25e50fe50e723d38115daadaf435
Hospitals,"$141,199.50 ",$403.84 ,St. Michael's Hospital,Neuropathologist,1997,45807ef58a5ca05795a56f48ca6ef337594108f7d91a33a32fa4d5673be942df
Hospitals,"$141,199.50 ",$403.88 ,St. Michael's Hospital,Pathologist,1997,14d41a60eaae8bb59c518367bb5b7d1d19264a92b6eff7fe3fbe15e78105ad8a
Hospitals,"$128,755.59 ",$0.00 ,St. Michael's Hospital,Pathologist,1997,e408a78d8307956a904425e7da5de994988eb51091712dd66bf5d8379e84437c
Hospitals,"$148,434.00 ","$31,054.16 ",St. Michael's Hospital,"Director, Blood Bank",1997,3fa57134ec3330108dd5d6ab7cdd59e0df4af96fa4a57c3f940bac4b1374c4b1
Hospitals,"$141,199.50 ",$403.87 ,St. Michael's Hospital,Pathologist,1997,bcb92c9a27f18bd01ed9d0a3b59c6b62dfdc3d69a0b54a2bd1b2f477f7b980cd
Hospitals,"$111,267.00 ","$1,283.85 ",St. Michael's Hospital,"Director, Haematology",1997,a5bd0e3a8e8c926978d300b936d9767cb94645b9aa4eac0b918ce7dfd4f6d001
Hospitals,"$160,000.00 ","$31,521.98 ",St. Michael's Hospital,"V.P., Corporate Serv., Chief Financial Officer",1997,de9c3573be5889e9111faae3402b69bdb2e2ba54f7bceb3109331c69eda84fae
Hospitals,"$139,737.76 ",$0.00 ,St. Michael's Hospital,Medical Doctor,1997,d0fac9282511b2073fff2828df86fd1ebcf2d1d96fd371deb4d3e87bd55700e5
Hospitals,"$141,199.50 ",$7.38 ,St. Michael's Hospital,Pathologist,1997,257bf7fd2ea5dbe94858cffd7c7f06b513ed3ee7a23a978ffd7c6a0ded9d5343
Hospitals,"$250,000.00 ","$75,312.96 ",St. Michael's Hospital,President & CEO,1997,2cc5efbd7b7bcce9a213b5f800f3fee818215eee88147fb346c884b0d2e715f3
Hospitals,"$121,540.00 ","$30,176.66 ",St. Michael's Hospital,"V.P., Patient Care Programs & Planning",1997,d6fa03c0a64d2400102586be0e26fff08432f372acb81ac6aafaf702ea87aac5
Hospitals,"$127,000.00 ","$30,731.02 ",St. Michael's Hospital,"V.P., Patient Care Programs, Chief Nursing Officer",1997,81c23e3bae0a717c4d25bb8295e0429ef0979378fdaa0214b8cd480cec98960a
Hospitals,"$141,199.50 ",$403.83 ,St. Michael's Hospital,Pathologist,1997,860c2e1da45dc32c77cf4e96336259525c894056594f639fca41ef6b935b6e15
Hospitals,"$100,296.90 ",$501.60 ,"St. Peter's Hospital, Hamilton",VP Resource Mgm't.,1997,62f4f674f05fd21ab8926fc8230c46dcf752183fba7c45580f770d87d88ed9fe
Hospitals,"$166,690.98 ",$0.00 ,"St. Peter's Hospital, Hamilton",President,1997,ab3e86788437eb6aaac5b58318037ad7063c8aea0caf495529a39f9f4f092fb9
Hospitals,"$148,494.52 ",$753.20 ,St. Thomas Elgin Gen. Hospital,Pathologist,1997,6ba0fd4139a16200aff1b0fa86b2465095ee3fc5a1aabd65a6931be0ef60729e
Hospitals,"$141,215.22 ","$1,384.31 ",St. Thomas Elgin Gen. Hospital,President & CEO,1997,206ee927d48330f5b14e6c300588709eca0f82e379acee6ff998aed885b3e545
Hospitals,"$148,494.52 ",$53.74 ,St. Thomas Elgin Gen. Hospital,Pathologist,1997,f43fd2e3dc17809bab82609e7a6ccb856270e43926fc4a6eee12eb263ef7e377
Hospitals,"$115,769.71 ","$1,343.56 ",Stratford General Hospital,Chief Executive Officer,1997,10667cc872fa4d63e080d4045b833bfe11906bffe8005d82598c27f3a064cfca
Hospitals,"$108,518.00 ",$552.00 ,Strathroy Middlesex General Hospital,Executive Director,1997,ecd491de5a91a96bcff94fd21699dd06da0a799c2b71504ff0f361c168fdeffb
Hospitals,"$122,840.00 ",$932.00 ,Sudbury Regional Hospital,"AED, Sudbury Gen. Hosp.",1997,b45450edf815b10a0d2ff4ad9b5a371819d04328085519fc113469d8cdf30117
Hospitals,"$135,369.00 ","$1,009.00 ",Sudbury Regional Hospital,"CEO, Sudbury Gen. Hosp.",1997,161a034fe255fdb848b124478b4020f4802eff9765094488c4a50b1421192e53
Hospitals,"$125,564.00 ","$1,182.00 ",Sudbury Regional Hospital,"AED, Sudbury Gen. Hosp.",1997,c56f5bbcf24e8313cdea24dea41796db6cc8869893d401326b89954513f1f377
Hospitals,"$137,035.00 ",$337.00 ,Sudbury Regional Hospital,"CEO, Laurentian Hospital",1997,f6a25eddbebbda16769c4d64287335c591cf222a78a29cea02ed4fea30cedf72
Hospitals,"$115,101.00 ",$635.00 ,Sudbury Regional Hospital,"CEO, Sudbury Mem. Hosp.",1997,23165072f772a09813aa62b31ea8bd8b255126087a573c1c0182a5689adb9b8e
Hospitals,"$106,058.52 ",$929.16 ,Sunnybrook Health Sci. Ctr.-Toronto,"Managing Dir., The Estates",1997,9644d35c8a7e8edba04e7922c6b5faf9e2ccf2b8187e44e97cad41cf71eb4a3c
Hospitals,"$115,063.67 ",$990.96 ,Sunnybrook Health Sci. Ctr.-Toronto,"Director, Research",1997,b0a4bb2b654d6db70e254edcbbce1c24e9736175bbde20a54fd7155b8e6333c6
Hospitals,"$319,502.72 ","$5,425.37 ",Sunnybrook Health Sci. Ctr.-Toronto,President & CEO,1997,ba9e313042d7f320bca740f1acc2054c5078fec59fcb84dafe9de241276d70de
Hospitals,"$203,001.29 ",$507.84 ,Sunnybrook Health Sci. Ctr.-Toronto,"Director, Laboratory Medicine",1997,0f2e3997d3f9171c51b7d688862f8e8f6b1ba1dd8a44261a92691063d5d7ba87
Hospitals,"$181,492.46 ","$7,226.21 ",Sunnybrook Health Sci. Ctr.-Toronto,"VP, Research",1997,11c14de95425435881bb6d0071b34af6c7c320aa79c7943456a2afb9ed35d718
Hospitals,"$107,662.16 ",$628.32 ,Sunnybrook Health Sci. Ctr.-Toronto,"Director, Research",1997,36efe2a0f5562a2d834ef93d32a03d1b335a1c6dae8498140d0b9954ebaa45be
Hospitals,"$126,070.25 ","$1,018.68 ",Sunnybrook Health Sci. Ctr.-Toronto,"Director, Research",1997,b035003f7a348786594d3de2f7712034b1aa733cda2e6e4852555e303474fd21
Hospitals,"$128,449.38 ",$301.84 ,Sunnybrook Health Sci. Ctr.-Toronto,"Dir., Info & Materials Systems, CIO",1997,27bac2f1296855509f7d4251bd961c48f5fc27c33592e0168ab013c427151969
Hospitals,"$177,352.38 ","$7,254.95 ",Sunnybrook Health Sci. Ctr.-Toronto,"VP, Operations & Facilities",1997,65bda57159aee469c382f5cbaddd58a01cd9ad134927b0d79820f89b936a2f31
Hospitals,"$118,796.74 ",$293.04 ,Sunnybrook Health Sci. Ctr.-Toronto,Chief Nursing Officer,1997,182cabe15f8bd71d568b2f6a70373d76bb81560900c07b73e194f4779bbd96db
Hospitals,"$171,835.56 ","$7,264.48 ",Sunnybrook Health Sci. Ctr.-Toronto,"VP, Operations and HR",1997,49a9f85a357a2370601d3358e5a6026c2ae5c75983a59240b12e89cf90526a14
Hospitals,"$111,053.01 ",$148.04 ,Sunnybrook Health Sci. Ctr.-Toronto,Labour Relations Consultant,1997,de357dcccd4fc0b26bf520b568ad83a4d18e8b3e5ce224bbfae456c7722b8d00
Hospitals,"$111,658.28 ","$4,724.04 ",Sunnybrook Health Sci. Ctr.-Toronto,Chief Financial Officer,1997,2922c2ea0040ebc05fa28b2b871e5c3f4552953ff6f6dd85780b2cb704488794
Hospitals,"$109,200.00 ",$669.00 ,Temiskaming Hospital,Executive Director,1997,378084e6f08777a3d10d51d49235dfb68fb4922a69530d765a2824ea9a4275c9
Hospitals,"$156,139.45 ",$627.55 ,Thunder Bay Regional Hospital,Assoc. Pathologist,1997,8ffd2555461212fa85a250681971ce8d1f6e047d4d03cb60e2ccb355b3aa416d
Hospitals,"$105,310.70 ",$507.31 ,Thunder Bay Regional Hospital,VP Fin. & Support/Interim Pres. & CEO,1997,590e5af8810df379ea9e9ea1bbb9043dcac1cbf835d231ef7e737ce19eb5d81c
Hospitals,"$154,036.54 ",$627.55 ,Thunder Bay Regional Hospital,Chief Pathologist,1997,0d86fdeb76963b458c0cac2926e0f0c9384c364a254b17d128259690b1478b26
Hospitals,"$123,140.16 ","$6,987.56 ",Tillsonburg District Memorial Hospital,President,1997,b631a19e780707cdda0cca791f37e2208b5c5e0f73aaab7db5072050a5b16d11
Hospitals,"$138,907.37 ","$3,528.14 ",Timmins & District Hospital,Executive Director,1997,b3290d059a6d90345a78f07a5fb6115068bc1b8d4ce79571f6fce673ccbcd7eb
Hospitals,"$139,000.07 ",$603.84 ,Toronto East General & Orthpaedic Hosp.,Pathologist,1997,a2460848ede1e998376143ecd3299440ecdec2f8c711de70b0f42abe5b4a5fee
Hospitals,"$180,996.85 ",$786.24 ,Toronto East General & Orthpaedic Hosp.,Pathologist,1997,8c1408577383d50d4a3e9d99c96c2e7d2a428140d0b31dd25078332c013f19f8
Hospitals,"$119,999.84 ","$4,781.92 ",Toronto East General & Orthpaedic Hosp.,"Vice President, Finance & Admin",1997,e34715294bc16f491e46cba25f492f3df748db54f85b10358895e4dd0a7436df
Hospitals,"$102,882.78 ",$398.20 ,Toronto East General & Orthpaedic Hosp.,"Director, Strategic Operations",1997,fe8722145a6d09e9dc0ac003520783e245c3da68f8031b43c2d56318eff8bc6d
Hospitals,"$138,500.06 ",$597.27 ,Toronto East General & Orthpaedic Hosp.,Pathologist,1997,83105896ee780fb58cd2f061a2eb6612dc77599a3cdb4bc603d148356e2b8a8a
Hospitals,"$119,999.91 ",$781.92 ,Toronto East General & Orthpaedic Hosp.,"Vice President, Med. & Prof. Serv.",1997,c0a1992025d57f51e6d831cb94225d7990d52fa14ae30723b33736a4fa67cb4c
Hospitals,"$190,000.20 ","$1,928.70 ",Toronto East General & Orthpaedic Hosp.,President & CEO,1997,8ec520ff2a0982f8cd892acd9e7e9a65a13a200dc1e34ba5f31099308c65aefc
Hospitals,"$119,999.92 ","$4,781.92 ",Toronto East General & Orthpaedic Hosp.,"Vice President, Patient Services",1997,25b5e0eebc3212fc06ccb59acad77a3024ed0a010822bbd042a9063dd9e56067
Hospitals,"$137,000.04 ",$595.08 ,Toronto East General & Orthpaedic Hosp.,Pathologist,1997,ae539117f0fbfd2980647980eba1c64180fec03d05598820953d8657514dec6b
Hospitals,"$131,499.99 ","$15,442.30 ",Toronto Hospital,V.P. Public & Community Affairs,1997,39ddf204f979f12acc14cd5b8c3b696788385072b810d84399645044abb5386f
Hospitals,"$285,669.88 ","$22,210.28 ",Toronto Hospital,V.P. Med. Directorate & Physician-in-Chief,1997,9a18e5ebc7ca8276483e65e75c370d945ded8a3c16362d2cba751135e8888699
Hospitals,"$137,334.70 ",$333.97 ,Toronto Hospital,Neonatologist,1997,ca4f68b2141c4cb2aaf1651019fd51ea3edcdbee9cf794e6950e690e2d998190
Hospitals,"$150,920.79 ",$479.59 ,Toronto Hospital,Pathologist,1997,814db5ea2c4efe100d6eb68c65724584aaee6f23fa062159520db043e7c8e969
Hospitals,"$142,228.82 ",$450.82 ,Toronto Hospital,Clinical Chief,1997,a7c64ef26026d6aea86ce87d268ae117b8f1c1d013d62c9b8f409911ca444cc8
Hospitals,"$150,920.79 ",$479.59 ,Toronto Hospital,Pathologist,1997,24ca1f7e46a188dffb409a25df87b06c851d6a661be0857f3efa0256e8e2f163
Hospitals,"$170,499.96 ","$25,596.73 ",Toronto Hospital,V.P. Fin. & Chief Fin. Officer,1997,aadc9315941a1f37bd624048d1c92a36292e963dc458d632f12fc5e8e6f4f532
Hospitals,"$145,844.35 ",$462.75 ,Toronto Hospital,Microbiologist,1997,6ae84276ac9871e8aa443604313c10990b5a328a5e805456af4244218c4e4657
Hospitals,"$189,488.38 ",$575.83 ,Toronto Hospital,Chief of Lab. Medicine & Pathobiology,1997,39a05616f8e489bfd889098c5025c4a9bd3a5ddee22b784bc4903b9fb69fdf72
Hospitals,"$125,397.66 ",$397.57 ,Toronto Hospital,Biochemist,1997,d7af2bf51bac4c8b0fab0c0e5a38fd6cd31af673935f62e4abff67f43e86b459
Hospitals,"$150,920.79 ",$479.59 ,Toronto Hospital,Pathologist,1997,ab7014052fee15d2e11602802d6170532ad877109cc14ce5786fb7e1af3becdc
Hospitals,"$122,802.81 ",$389.61 ,Toronto Hospital,Epidemiologist,1997,e0f6d085fedb39154ab57fcb9924ac9ce3f85785bdba407ec3afb165d317ae37
Hospitals,"$204,999.96 ","$16,061.76 ",Toronto Hospital,V.P. Fin. & Chief Fin. Officer,1997,cea47f51b26a5abf3a5da1d5287f551bd5aca9d069ad2c2260ff72b7c6623882
Hospitals,"$137,698.31 ",$397.17 ,Toronto Hospital,"Director, Financial Services & Comptroller",1997,f14fcd433829add3d13ad19dc5326bcf4b29b9780e3b068f7b8b92f3aaccdad4
Hospitals,"$150,477.63 ",$478.15 ,Toronto Hospital,Pathologist,1997,35b8dd51eacff576382551533ce8be7d12b676a70b706466806947c3b94854e7
Hospitals,"$229,348.06 ",$441.79 ,Toronto Hospital,V.P. Joint Purchasing,1997,5582c673f94c8b70b349cb96743d6cfa86fd1f859e1675a8896e8f42b9d1b33a
Hospitals,"$262,499.97 ","$28,011.93 ",Toronto Hospital,Exec. VP & Chief Operating Officer,1997,bdfb0bbc0e1cb0928662a070f2552da72c1e1643184efb526e3c868a85a88e34
Hospitals,"$376,666.68 ","$38,263.44 ",Toronto Hospital,President & Chief Executive Officer,1997,3b9f9fbfeb2c23694c9e713ac52e5bdb0a4dff86c78c5cf4441c1270a12e6d48
Hospitals,"$106,319.00 ",$318.07 ,Toronto Hospital,Scientist,1997,1c728d622ce31b883e2148327b3fd6ffbe4191bd569b09ab9e85ca18125622b5
Hospitals,"$164,232.42 ",$520.71 ,Toronto Hospital,Pathologist,1997,5fb88d2fdf43f423c6b4add9d55edc18acbedff84c4b64739ee2c5b828d9b298
Hospitals,"$124,226.38 ",$393.58 ,Toronto Hospital,Microbiologist,1997,52aadc030967d67bb7ac8a7911da04d41c4e64b710cd011e257468e40430ae77
Hospitals,"$119,897.49 ",$347.49 ,Toronto Hospital,"Program Administrator, Surgical",1997,0e6f10d938c1c53f2c6cfee1c7d3c6d537d431ce70978139df52581eabbcad82
Hospitals,"$118,848.43 ",$379.45 ,Toronto Hospital,Pathologist,1997,3d65e2ce235aacaff963c916bd917c28d404485d13cad9b3b418133c91370eb7
Hospitals,"$198,000.00 ","$4,945.88 ",Toronto Hospital,Acting V.P. Research,1997,99337fcf814dc35e6286c4b715238f0a8a5cd2b2e10a78372de8fd2404aeba14
Hospitals,"$102,045.58 ",$379.45 ,Toronto Hospital,Pathologist,1997,3570dc254afa61d1adf90894569361240a4dabfe05cb4403bb623f25c6e51234
Hospitals,"$148,209.97 ",$477.07 ,Toronto Hospital,Clinical Director,1997,e8e30cd39014b513747c6f55db2f2a1d155860f8a56cd415a47977a7183a5ec8
Hospitals,"$156,504.99 ",$479.59 ,Toronto Hospital,Pathologist,1997,310bbf83d26769cbc9979e91bf8faaa3211a985de477c3d17a38beaa8d53c309
Hospitals,"$128,539.20 ","$2,705.73 ",Toronto Hospital,Gen. Counsel Medical/Legal Affairs,1997,10fdf07957eaa005ac2fcf6400770a00545014111bc1d923b31e148eeb017e1c
Hospitals,"$148,312.98 ",$473.82 ,Toronto Hospital,Clinical Chief,1997,679aee455ddcd8704523825b06209645695b25b3d52ade697529904f998eb51b
Hospitals,"$150,920.79 ",$479.59 ,Toronto Hospital,Pathologist,1997,f8b4d756d86b7ce3af795697a9b225bc09a7b687e28c9d2fd9bd673963490805
Hospitals,"$165,525.71 ",$524.77 ,Toronto Hospital,"Head, Lab. Services",1997,c4c711750f76b4c6101cfc9bda6b13200b110e627cedb380aa89226f3aa00f50
Hospitals,"$152,382.88 ","$9,666.95 ",Toronto Hospital,"VP, Human Resources",1997,76f3bfa3046712d3eea4443d9297cc5e11e3cd5489eb53c37779410c8d2e2a47
Hospitals,"$105,319.09 ",$318.07 ,Toronto Hospital,"Director, Pharmacy",1997,a717b43fd191cc1fca7cab1977dd6426ad494ce4f4174d959541694b624ca3de
Hospitals,"$124,924.27 ","$4,014.18 ",Toronto Hospital,"VP, Special Projects",1997,c46fadaed70522f6307b93b31812cd01a4a9e10d561fc8a2cd9e0246b47e9aaf
Hospitals,"$102,552.62 ",$311.85 ,Toronto Hospital,"Program Administrator, Cardiac",1997,8006820937cf812e06ff605144532cfa4bce9af3df5c54924ec1ba58bcf2b3d3
Hospitals,"$134,159.70 ",$333.97 ,Toronto Hospital,Neonatologist,1997,0983df266368af599ee61cd05c6d7e46d550eb535bdf59585655ad952ed6e775
Hospitals,"$170,499.96 ","$18,529.32 ",Toronto Hospital,V.P. Nursing and Patient Services,1997,879c81a62325ede1455f0360a53d4917672c3690b16e8e927bf5381cdb82e943
Hospitals,"$100,319.00 ",$318.07 ,Toronto Hospital,Medical Scientist,1997,ca20dafa40eec33929dfa6128977f9f65ea91daea3d476813f9f0b220d81927a
Hospitals,"$150,920.79 ",$479.59 ,Toronto Hospital,Pathologist,1997,77f0f00bb45d68c4f585584d41c3802db5c35c97ec96bfebeccd4e35cf49c6c0
Hospitals,"$234,999.96 ","$24,758.96 ",Toronto Hospital,"VP, Surgical Directorate & Surgeon-In-Chief",1997,8254d4a5c31fc5a332877051afed7c0ff041649f7572d53dc1d54ab180634b7b
Hospitals,"$150,920.79 ",$479.59 ,Toronto Hospital,Pathologist,1997,baee84dd499da579cd3377759719675a76ac7e5afb07072894ebf26586f22505
Hospitals,"$128,548.91 ",$410.62 ,Toronto Hospital,Pathologist,1997,e29d9fca2c45ee1e56acf50dc1ac9660faede002929cc7461f1b12961f60f310
Hospitals,"$142,941.01 ",$453.21 ,Toronto Hospital,"Director, Pulmonary Function",1997,3b1eb3283df8bdd445be88f14001880c31bae8d8a3cdab052db1955353f14618
Hospitals,"$137,190.03 ","$5,733.82 ",Toronto Orthopaedic & Arthritic Hosp.,President & CEO,1997,595387067904fce1182d60fd26d52e245b817a35cf0bf113e03e7023ca136fe8
Hospitals,"$140,000.00 ","$12,714.00 ",Trafalgar Memorial Hosp.-Oakville,President & CEO,1997,949261d14cc699feb79793d33364b871acbc5dd4480ac924030003d967b05ebd
Hospitals,"$161,517.00 ",$972.00 ,Trenton Memorial Hospital,Dir. Lab Medicine,1997,72dbec183e36b2425dc4a507027d30e435dc12cbe047d6d569ba5256a082c8cf
Hospitals,"$122,128.00 ",$636.00 ,Trenton Memorial Hospital,President & CEO,1997,347b1e63c6fdca7d88440cf939eeb95ab44f74fc6f607f86761a4bf7307d66db
Hospitals,"$124,000.00 ","$4,624.46 ",Welland County General Hospital,President/CEO,1997,cfef24a72be7d4e0da4ed37da971b0d0709cbc3f8f38d427b9871c1fac83b6e3
Hospitals,"$135,452.02 ",$445.64 ,Wellesley Central Hospital,Pathologist,1997,56de9ac1b5b6f443e7f9e8261c627cd76fed66c3e679c35009bb76a6251297ae
Hospitals,"$154,252.80 ",$517.53 ,Wellesley Central Hospital,Pathologist,1997,790aaa634232cab43c57fd7eed599bc40d196688671a7baab48dfff13158f4c9
Hospitals,"$167,214.54 ",$569.49 ,Wellesley Central Hospital,Microbiologist-In-Chief,1997,e313b80c4cb388426e486599b37b2292f2f6abbcd7080e61408a748f7031097c
Hospitals,"$109,243.17 ",$351.69 ,Wellesley Central Hospital,"Dir., Occupational Health",1997,ed4840877a05dd2b24260a9eb5b2b7c3d95654c70a6a6ce85aa8592f3202690f
Hospitals,"$179,377.58 ",$604.62 ,Wellesley Central Hospital,Medical Lab. Director,1997,ba68b0cf90f5e51922163dd957302e600cab48ddbcde7ae30db3a65a371b58a7
Hospitals,"$170,367.60 ",$571.14 ,Wellesley Central Hospital,Pathologist-In-Chief,1997,ce8edd11b27dd2afbe4a77814ac4098311ebd98d82e96ed39c99bb8ebf274467
Hospitals,"$148,153.20 ",$497.46 ,Wellesley Central Hospital,Pathologist,1997,17a0931d5d64fb19df73b6b5f00e69518aefea3a42f7f4461eae4b9e6c06009a
Hospitals,"$300,008.80 ","$18,154.03 ",Wellesley Central Hospital,President & CEO,1997,c8d7df57bf0cb976f020d33de9cca5a5ee09f01d2f13d61cd692f1acdb422c21
Hospitals,"$117,421.20 ",$787.26 ,Wellesley Central Hospital,Vice-President,1997,45f4ec8f8f027b3bf1e4460d9a0dd2a8f8fa3ba159ce0b0d719d9b89d344155b
Hospitals,"$161,709.60 ","$18,270.58 ",Wellesley Central Hospital,Vice-President,1997,3e9c08fa28a832eadf34a943329271279ca89be5fa9fd55a25ba12e7c0614946
Hospitals,"$148,153.20 ",$497.46 ,Wellesley Central Hospital,Pathologist,1997,4329eede17c38c77429e7f7f82444a4f0e04fdf151ae2d75216d023a044e6213
Hospitals,"$144,014.80 ",$903.90 ,Wellesley Central Hospital,Vice-President,1997,65edfe3f930168011e2825aec56ec07f1a7706860b451ddc519735ac3191865c
Hospitals,"$119,266.32 ",$633.20 ,West Park Hospital -Toronto,"V.P., Programs & Operations",1997,57133c4568ff0b6f2c10412881c794e19e43301ad1d42579b388ab2733151486
Hospitals,"$174,137.00 ","$14,880.98 ",West Park Hospital -Toronto,President & Chief Executive Officer,1997,f8bde01a904a320a8cad8f70ea1ace2254aae558234ecedc88db2d9613030c55
Hospitals,"$119,599.99 ","$3,909.76 ",West Park Hospital -Toronto,"V.P., Corporate & Support Services",1997,bae5304666d227f3fa51b2ea061c9b02006f62c93e148ed2b126ac6a5d4332dd
Hospitals,"$102,000.00 ",$547.32 ,Windsor Regional Hospital,"Vice-President, Employee Relations",1997,16f89c004c212db52f72cf2a63fb22917df1e2f2d6f9f721cc27841ead45bb30
Hospitals,"$112,000.08 ",$600.96 ,Windsor Regional Hospital,"Vice-President, Finance & Adm.",1997,ceb1119fabb87bb8d1bbbc8945664b11b3485dcdaa97a38adb40571b6aae76e0
Hospitals,"$156,000.00 ",$558.00 ,Windsor Regional Hospital,Child Psychiatrist,1997,10f252f109302a0980dcde456aaed1766c9d9f19bb52f75506cd5b5f7455c3fe
Hospitals,"$112,000.08 ",$600.96 ,Windsor Regional Hospital,VP Corp. Affairs / ED Malden Pk.,1997,ae3dcb39c8b140c6654be338f4e3f99886339d9790281a7a56dc264d5e71f281
Hospitals,"$124,999.92 ",$670.68 ,Windsor Regional Hospital,"Vice-President, Programs",1997,e3e941ab217f5c6bdb7f263e7608842eb7241ced96d5f6e09eb028bb0261b10d
Hospitals,"$199,999.92 ","$12,760.26 ",Windsor Regional Hospital,President & CEO,1997,02b437f9d31ac8c0f5c79e852de615309dd0a54103650668127043ae565fb5d6
Hospitals,"$105,000.20 ",$300.84 ,Women's College Hospital,"Staff Neonatologist/Dir., Follow-up Clinic",1997,f242c67a0089b221a4628827eafae34a247cb52770906b80ba8b5745c90c9e32
Hospitals,"$210,538.21 ",$403.53 ,Women's College Hospital,President & CEO,1997,afb4fdc3b152f746890cb4f8b42736c8fb2e5c99a22ecc8f9a943426aa47197c
Hospitals,"$156,763.88 ",$384.96 ,Women's College Hospital,Vice-President,1997,450867694ea110dff586a03b9e237f3ea93f603c3a89dfc3832e2316c64bf49e
Hospitals,"$120,149.30 ",$343.56 ,Women's College Hospital,"Director, Obstetrical Anaesthesia",1997,9697e4774e6de44f11e70ed443583fc76856b6ca071825126c02294fb3561ff5
Hospitals,"$191,557.80 ",$427.68 ,Women's College Hospital,Pathologist-in-Chief,1997,77c72a1ded7e35285eb83198f1d9ccca4e4321ae097ef11f75bdfd3b52aa0283
Hospitals,"$185,269.59 ",$427.68 ,Women's College Hospital,"Director, MIRU",1997,6e3dc4ee477a576304025186e4555b4ed8e570899c96fb210d47241b831c2c31
Hospitals,"$156,284.86 ",$427.68 ,Women's College Hospital,Medical Biochemist,1997,f4c74099b14cff8ace6a709da838cc905a2e1996685de00d010d39e0eaeef3fd
Hospitals,"$160,660.29 ",$427.68 ,Women's College Hospital,Staff Pathologist/Associate Chief,1997,b94385b2045d19249f7f473386f3f2c08d11453c853cd6ead6323bbe79fbcd78
Hospitals,"$138,657.85 ",$391.82 ,Women's College Hospital,Staff Pathologist,1997,38e4dccb73cdbbd43afc47585db21c8b72449c070408bffe5750a9d65f295474
Hospitals,"$120,909.52 ",$407.37 ,Women's College Hospital,"Head, Heamatology Division",1997,e8b81d4afe6a31cb34b16781cd07a303acca522e17a188e4e70a41708243824c
Hospitals,"$118,691.54 ",$0.00 ,Women's College Hospital,"Director, CRWH",1997,8a81376e1912ef3d04966b418e093cbb55052c9282cb122e8c64e08e3fc8b2f0
Hospitals,"$239,275.87 ",$427.68 ,Women's College Hospital,Acting Alliance President & CEO,1997,0a4f3e1c939ca933ae4e76e6862b56ce43851a848dbd9fec092f852a6cc0ed90
Hospitals,"$124,231.17 ",$327.27 ,Women's College Hospital,Vice-President,1997,a71bdf2cd810f16cbb98f240b1d061022fa1c2b13abdf1e06b31e35d6e44816f
Hospitals,"$150,703.30 ",$427.68 ,Women's College Hospital,Staff Pathologist,1997,02d3cd93df9feceb67430217d58510d2886e876f63c11c01204559186deca129
Hospitals,"$121,609.92 ",$427.68 ,Women's College Hospital,Staff Pathologist,1997,186151758f05e244e3a205737e15fda952032b57e1ee1e736b1ba4e30518b88c
Hospitals,"$109,940.87 ",$85.53 ,Women's College Hospital,"Chief, Nursing Practice",1997,7067485e16969f575aaa847822abfa5c6ee0bf7149151145f488c42c998a763b
Hospitals,"$194,368.13 ",$427.68 ,Women's College Hospital,"Chief, Clinical Labs",1997,1080e6c4554def045861c5deaa2dd8a8d0611e63fe3db95e6c2da2e9e7fa435e
Hospitals,"$150,703.16 ",$427.68 ,Women's College Hospital,Staff Pathologist,1997,d3033bae069ec9fb9c0b5400076ab4d8036c540889a90ed7d3a6bb231deaa548
Hospitals,"$157,083.09 ",$519.75 ,Woodstock General Hospital Trust,Pathologist/Director of Laboratory,1997,8a90d6fa8b1a60a4e92d0a54e34c4cd1753b795dde89a68bedf5294cc8ec59e7
Hospitals,"$108,538.56 ",$418.25 ,Woodstock General Hospital Trust,CEO,1997,fdb311fcd7f83d77768acce9d3df04949fec13404247b9e49e3b848d6c28aee1
Hospitals,"$253,000.80 ",$974.05 ,Woodstock General Hospital Trust,Chief of Diagnostic Imaging,1997,3caac6bc30569c4703cb8b4a7766226df73c6946c3f41a78aed1b1c2c06b7221
Hospitals,"$116,911.53 ",$281.03 ,York Central Hospital Association,"VP, Corporate Services",1997,0497e4b94c4029ce4db933aac9376503cbfa7c0a73f1ac18c196c3643e085d29
Hospitals,"$188,882.27 ",$491.52 ,York Central Hospital Association,"Director, Laboratory Services",1997,ac98e99dba6e3d065e8a8d22aef997e7e69943210bedf133f802368c0ff62d1d
Hospitals,"$110,161.50 ",$281.03 ,York Central Hospital Association,"VP, Programs",1997,2c42541b40661a29c0c7f388d3e937d803b7a4421bf0d614547e219a973e0baa
Hospitals,"$130,585.75 ","$6,329.34 ",York Central Hospital Association,President & CEO,1997,b53a32b3a1a1e87adcc3670452c85ac1a4421dcfd9c6b636c86eacabe68b1be1
Hospitals,"$149,019.87 ",$409.20 ,York Central Hospital Association,Pathologist,1997,b89cb1e66bdbc9b9ec5ca8c4a77c83fb260bc133044e153ca68db11d5c0dfc2a
Hospitals,"$101,189.00 ","$4,374.00 ",York County Hospital -Newmarket,Sr. Vice President,1997,f1e8a7d38e867ead1f381f9818ff1af2bd6a4fa0212bb1e7e48cd694d965cb7a
Hospitals,"$153,645.00 ","$16,009.00 ",York County Hospital -Newmarket,President & CEO,1997,3dd68c31fcdc462e98a0ff3967f355ebef73a5203ffae8f7e7280689a2e1d24f
Municipalities,"$101,767.59 ",$490.20 ,City of Brampton,City Treasurer,1997,389a273fb559a5e9a3a0ea3c3f0c93bf2f55a16acea863267be5c96f4428b2c3
Municipalities,"$100,123.94 ",$583.45 ,City of Brampton,Fire Chief,1997,b936d4121f02d8a0e2c6d9aeb5a77be0c119b8fbf117cbb5746f09ee58bc9a83
Municipalities,"$101,946.92 ","$4,486.67 ",City of Brampton,Comm. of Community Services,1997,84901fb703b7ad70c1d196f03e753c40fe2c0f051249716b11ad0de930217373
Municipalities,"$117,049.31 ","$4,652.71 ",City of Brampton,Commissioner of Works & Traffic,1997,cfc1bbe0cd11365680560d99bd9cd90919365a506e9de51062ba40c9e33fb286
Municipalities,"$112,148.38 ",$616.60 ,City of Brampton,Comm. Planning and Building,1997,11e242325bd68d18dc985d136e9b8e3962e926033c9ce5bb7c64a71a35e57b7f
Municipalities,"$114,586.58 ","$6,439.28 ",City of Brampton,Comm. Legal Services,1997,10f1c44f494e1aed8ce6825e3528a1b02c90640190af2da00b94fc09b19b40b8
Municipalities,"$130,620.00 ","$5,400.94 ",City of Brampton,City Manager,1997,c78722f121facc207be5626be855831d9c919a1e3ec3bd5fef0d633068de5ad0
Municipalities,"$108,286.00 ","$1,790.00 ",City of Brantford,Police Chief,1997,0530c1ca8ad8149b44e180e36c4ad07307693cfd0f1ca7d8b3680c118adf04da
Municipalities,"$102,011.00 ","$2,128.00 ",City of Brantford,Chief Administrative Officer,1997,5bf6086ceb7064ac4e2d3f3c521c45d4fac9805598277a0a18be4acb3c7a1bdc
Municipalities,"$100,609.00 ",$662.00 ,City of Burlington,Gen. Manager-Corporate Ser. & City Solicitor,1997,96affb7910a7270aa8ed5f9b1e44b59ef1537c10d99e451719716409778e0b8b
Municipalities,"$110,063.00 ",$720.00 ,City of Burlington,City Manager,1997,e3742fe2c014b5a058dd82cfd2b4d61cd7bfebf29fbf4f4769b3b5bca8343eae
Municipalities,"$101,107.00 ",$662.00 ,City of Burlington,Gen. Manager-Community Services,1997,34b7f63c82a112045f9a51e967a25003a0a53d57dfd7b0870e263ee7de2b6757
Municipalities,"$101,107.00 ",$662.00 ,City of Burlington,Gen. Mgr. - Development and Infrastructure,1997,70cd602559f6815920cbe6df76bc4dff5c55b68f14442761ccb0d334e31ab3af
Municipalities,"$105,412.48 ","$1,192.17 ",City of Cambridge,Chief Administrative Officer,1997,a658c6c875ba949072d259ef8916925acf1e24371a6ae47a52df7fc1f651d09c
Municipalities,"$108,108.41 ",$503.96 ,City of Chatham,Police Chief,1997,9a25fe637b9206112d0d94235de77936d43fdca3676fe9078dd20741c9a3e543
Municipalities,"$134,534.64 ",$506.73 ,City of Chatham,City Manager,1997,4274b750cd5d6d832dcfdb9766f0486b64a7de7d411841a48eb161cad7d79568
Municipalities,"$104,087.74 ","$2,456.12 ",City of East York (Borough),Treasurer & Director of Finance,1997,0b6ec2e93c56f550af0bdc53617fc7bb4e80c22890f064fa2e3e576647668ad4
Municipalities,"$107,535.03 ","$3,167.67 ",City of East York (Borough),Commissioner of Planning,1997,221fdc688a219a265b88686ae118962df9e3d53313b19b6d8c110dd94cfe7805
Municipalities,"$107,447.12 ","$2,409.79 ",City of East York (Borough),"Commissioner of Parks, Rec. & Operations",1997,6340d67f826f47570e69cb33df9b20982a90f18d8988972739741515181df414
Municipalities,"$120,350.26 ","$4,238.16 ",City of East York (Borough),Chief Adm. Officer,1997,e59aede82b367aa1791d02c075100f87b186cc67d3cf1a8cf72e5f260d9e9250
Municipalities,"$113,802.00 ","$3,147.00 ",City of Etobicoke,Commissioner-Urban Develop.,1997,ddb95e243a315c420c8cf75cd0b2a3e8d27405df842a230b4b4f4e42342f20c6
Municipalities,"$104,233.00 ","$2,883.00 ",City of Etobicoke,Dir. of Building Regulations,1997,e15ba187053c0fa7c668db677e28f548b322767b7822ea532bda254448da6e71
Municipalities,"$120,108.00 ","$2,902.00 ",City of Etobicoke,Acting City Mgr./ Comm. Of Works,1997,571e4349ea4fc76f3240e0eec09f7f70db79fce8bedb4759266c5e02a7a02d4e
Municipalities,"$112,971.00 ","$3,147.00 ",City of Etobicoke,Medical Officer of Health,1997,fe5cf9eec78c7f5c54553440b9cd908a3053d0694716c8d9bd4379de3c66971b
Municipalities,"$113,802.00 ","$3,147.00 ",City of Etobicoke,Dir. Business Dev. & Corp. Aff.,1997,21381e3f18f4651a5e71a912cbcb9dc0217406e311da15758c4bf9029905c849
Municipalities,"$106,714.00 ","$3,599.00 ",City of Etobicoke,Comm. Of Admin. Serv. & Clerk/Treas.,1997,f1a5922970140075daa67dfab01335268ebc59ef88d3d67933b7221163af694f
Municipalities,"$104,233.00 ","$2,883.00 ",City of Etobicoke,Fire Chief,1997,c8dd2153a0e7fa9dd18c6feda7bb826b4e12a59916c41f9e3de6f73ef992df60
Municipalities,"$107,198.00 ","$2,927.00 ",City of Etobicoke,Commissioner of Parks & Rec.,1997,573ff03f0622177c3e3ab47eaf590a697b54b1515db2d8a8f3a77bf808f256a7
Municipalities,"$108,325.30 ","$3,166.14 ",City of Guelph,City Administrator,1997,0620e565dfa5571a81f90526d80dd0f7ea5ae88c1a20f38e0987887b11ae450a
Municipalities,"$109,973.12 ","$7,372.09 ",City of Hamilton,Dir. of Culture and Recreation,1997,0af25a3b53b6c1c56305c7b812d40e6c6cd244a75336d4d8073b4959444c9ae0
Municipalities,"$112,301.28 ",$746.52 ,City of Hamilton,Director of Information Systems,1997,c6057bd9d003c5b539359e6d62515b22b76b05a33235edf19838ed269cfd5783
Municipalities,"$107,695.92 ",$830.35 ,City of Hamilton,Building Commissioner,1997,48fc8875e34f2e1745fcf427767bdabcd572c62d16d84000972f019e960b8cf3
Municipalities,"$139,400.70 ",$736.80 ,City of Hamilton,Commissioner of Public Works & Traffic Serv.,1997,907a7c54b72d9546cb2ffbe1cf3303ea9522b8979d7d01252aa214990984ebaf
Municipalities,"$112,301.28 ","$2,617.95 ",City of Hamilton,City Solicitor,1997,bfdf38634258efff048f13df9b3ebacd574d95db6575b12ba04f673fc51fe954
Municipalities,"$117,585.00 ","$5,216.44 ",City of Hamilton,Chief Adm. Officer,1997,4a726016599e60ea115f02d0626e365e18e88964ef388a0e4190cda34eb00772
Municipalities,"$112,301.28 ","$1,518.88 ",City of Hamilton,Treasurer,1997,3212a6a8cb505f094e47c648ac390eb3e19d1a69e6719fdd84e90346ba258147
Municipalities,"$104,692.41 ",$899.36 ,City of Hamilton,City Clerk,1997,7ce5ecc880378956bb89619fcbed87d16de7b429e5d593e14c7349301c92719c
Municipalities,"$105,659.67 ","$1,443.67 ",City of Hamilton,Dir. of Property,1997,2b0806934b3c0b3c78cd67e4318a631f97d6c6403b1785286e60b60fb1a9235f
Municipalities,"$107,135.70 ","$1,817.97 ",City of Kanata,City Manager,1997,bdc75ef244359606aef676ebb117390479d0c96d5a6d6c2d6406bc4739eb87ad
Municipalities,"$115,000.00 ","$4,340.76 ",City of Kingston,Chief Admin. Officer / Treasurer,1997,6504503a3174a0084cd4e9af87ffb5b3e1a295cb6fb1b0a2b3c46956aed47325
Municipalities,"$108,815.14 ",$923.32 ,City of Kitchener,Chief Administrative Officer,1997,956d44dd9946f8d124a4a5d664a954cae1b5170fab3024e8ee11d2b5cc10e3d3
Municipalities,"$104,355.36 ",$431.90 ,City of Kitchener,General Manager,1997,ed7785d270975f8c41ce0ff8e265b8a3b54798fb746584dfad0100873561ef33
Municipalities,"$101,988.19 ",$335.62 ,City of London,Deputy Chief - Support & Administration,1997,b935736a369d51f314c2e369f8cdec01bd41c22adff027713ca7ad2e1640d7e8
Municipalities,"$118,095.82 ","$1,023.48 ",City of London,Commissioner - Legal Services,1997,9eac0d7911eaa58e96cd09ba9ff37bcdac1fbaa0c94bc5c3c9dbe672cd0cb59b
Municipalities,"$118,286.18 ","$1,026.48 ",City of London,Commissioner Planning & Development,1997,72aa4dee4522bbd36e088e1491f310de86d98d540fe41ed00867663fae6144f3
Municipalities,"$144,886.59 ",$423.72 ,City of London,Police Chief,1997,c2ab38b967dba2d097f73e076994452236d9997d06676d27759e6888847c007f
Municipalities,"$115,390.56 ","$1,053.80 ",City of London,City Administrator,1997,9bfdc19a978c004cd237cce7eb059e223af4193f1d429d74dbb9026bbc2b8bc9
Municipalities,"$109,192.69 ",$311.40 ,City of London,Deputy Chief - Operations,1997,e13ba103f1f8066a540cb5101f3c86d584b208e1291dd945251197d6ce9f5155
Municipalities,"$118,095.82 ","$1,023.48 ",City of London,Commissioner Community Services,1997,7de23ef1f3dd0fe9bb63512d3abc8a94e57ed5f6c13405e34d5f4e9af31ea915
Municipalities,"$118,096.77 ","$1,023.48 ",City of London,Comm. Environmental Serv. & City Engineer,1997,19b9f82e95a5bef62732bf6305041e525f454fda61fb8b29bdf674d8e348acaa
Municipalities,"$120,870.87 ","$1,040.58 ",City of London,City Administrator,1997,2f53d9fe6fbf6846586779d04fadd7d7e3a30a8280223ea50f56c4d66c174ba1
Municipalities,"$107,717.00 ",$439.00 ,City of Mississauga,"General Manager, Transit",1997,de0fe68ae83835d34f0b3e24e94f6d9720bcc7890cefb3cf620f01d6e85bee05
Municipalities,"$107,847.00 ","$5,283.00 ",City of Mississauga,Fire Chief,1997,ee348727313a1c2809235b997677d930fe846a02f67a4f1b9e9cebb75a2b72bc
Municipalities,"$121,621.00 ","$5,553.00 ",City of Mississauga,"Commissioner, Transportation & Works",1997,b30b18a4a7d9c0ff1fe2075b249d99d23f365a4238808f899e720fc4d9f65bcc
Municipalities,"$109,792.00 ","$5,052.00 ",City of Mississauga,Chief Librarian,1997,c8b9baf9e6c6e83610dead0f4833ef1d70b074d6769ca3c67bb1f1d4712e1780
Municipalities,"$123,095.00 ","$5,803.00 ",City of Mississauga,"Commissioner, Community Services",1997,482dc69940d4a4e3edbd84fba1becc9cae8cd840ad99da5b22bce4b21c60e9b3
Municipalities,"$119,639.00 ","$5,495.00 ",City of Mississauga,"Commissioner, Planning & Development",1997,723f4bfc333895ce69a8cc2db22179442556f91ee76e99d5cd832e7be2732d73
Municipalities,"$121,621.00 ","$5,896.00 ",City of Mississauga,"Commissioner, Corporate Serv. Clerk/Treasurer",1997,996366d5cdd9de823e7e2d142f4454132522dd14cc06f92c8695a155e23aa9ba
Municipalities,"$189,062.00 ","$8,707.00 ",City of Mississauga,City Manager,1997,42d76033bac2af9aa63d1977a5f695d50ca059c1f21ed4a91cf38f1cc3562e5d
Municipalities,"$106,538.00 ",$432.00 ,City of Mississauga,City Solicitor,1997,f0933ee92fe4a8f9d92d88aaa7beca40de6a6ddde46f681d9fceb5669264a7ab
Municipalities,"$101,640.42 ","$15,918.44 ",City of Nepean,Comm. Of Public Works,1997,25c28b228ed944365fde44032cb6b45f0caa08e8d2a0eb4e3524bda94224cb23
Municipalities,"$120,759.18 ","$16,111.59 ",City of Nepean,Chief Administrative Officer,1997,8926200c5a5be0089ec33e73f2c7a172185a90691909156e882bc54f3d016a9d
Municipalities,"$101,487.63 ",$586.80 ,City of Nepean,Fire Chief / Comm. Of Fire & Emergency Serv.,1997,292437eca961a76111cec4bf1599264f30162d3f15d2ce77c05d6f6ab7fc1e0a
Municipalities,"$101,640.42 ","$10,046.69 ",City of Nepean,Comm. Of Finance,1997,7be1553f7f5a9e177fc066d9f8a2f3bd473085157217a03df463d714b2e30112
Municipalities,"$101,640.43 ","$10,611.63 ",City of Nepean,Comm. Of Parks & Recreation,1997,a932000b9120b5110875090886a49fa1a49cd7353656c9d77f3652d972246365
Municipalities,"$103,805.00 ",$436.98 ,City of Niagara Falls,CAO,1997,3f8bb5570e7f9832efeb70f5f86a548b0d8554a69b1e0b7c2ef6b8ae91f04929
Municipalities,"$102,880.00 ",$210.00 ,City of North York,Deputy Commissioner of Public Works,1997,e09998ef91096b48e6012bc7e61527a14677241a1bc4a14db55e5865eae56206
Municipalities,"$121,415.00 ",$248.00 ,City of North York,"CEO, Library",1997,c9ad38c3ce2f06780d65ca7ac64773a922355d3e098aaef861d4c5a322ac2afd
Municipalities,"$132,623.00 ",$227.00 ,City of North York,Commissioner of Planning,1997,969d1402357ff5a1c5fa91b6a6dd8da7589e209112663645a16e8a3e5a344bb5
Municipalities,"$121,415.00 ","$1,146.00 ",City of North York,Solicitor,1997,4838941aeb612be15e47cb78d2b5fbd503e23f34137273200ca249dc61e61fc3
Municipalities,"$121,415.00 ","$1,314.00 ",City of North York,Commissioner of Parks & Recreation,1997,839dfa662673025ce0ceff360e0b7fb9fbdea24d8f0aa8a50a3c9592220da893
Municipalities,"$108,226.00 ",$221.00 ,City of North York,Dir. of Educ. & Research & Assoc. Med. Officer,1997,c215753f79f91ad4578b6b5cd5e7a9c030296f90df6daba4103332162f439e55
Municipalities,"$121,415.00 ",$248.00 ,City of North York,City Clerk,1997,6cb63d04f1264ee5159a0e5cde6394634f503738006e1d8a00bdf7673ad7f9a6
Municipalities,"$121,415.00 ",$248.00 ,City of North York,Commissioner of Transportation,1997,f0fd12fa4fe4cbab20a3fb5d45d6c009b49d73d114addb35e3a4f0a3ed9ce333
Municipalities,"$146,000.00 ","$1,631.00 ",City of North York,City Adm. & Treasurer,1997,71ad78dc39133785fc804b786664d72ac0f41125ba76458c3436b8bfd703ac9f
Municipalities,"$102,880.00 ",$210.00 ,City of North York,Deputy Solicitor,1997,71162efc811cd41936fe572c12f9985e3adf2f76070592003d05ffa52b8e5759
Municipalities,"$102,835.00 ",$210.00 ,City of North York,"Deputy Chief Executive Officer, Library",1997,6c70571d0b48841b1a3ad073b04245e332ffbc32261a48400828fdd12a63638d
Municipalities,"$102,880.00 ",$210.00 ,City of North York,Deputy Clerk,1997,2d2d4dccda5391fb08deadfd2739c7fa76c1ed9c9a27d7e574de621eb0802368
Municipalities,"$102,880.00 ",$210.00 ,City of North York,Deputy Fire Chief,1997,fdea9961be05f5e5f20f8d53e4a5c08f730b85a0c690cda94e047c4bc597fa1c
Municipalities,"$108,226.00 ",$539.00 ,City of North York,Dir. Of Communicable Disease/Assc. Med. Officer,1997,644f06e92227bf72b4ab7e803728e7ff884a83af4d1e5dc4641d92b0df360972
Municipalities,"$115,000.00 ",$235.00 ,City of North York,Dep. Commissioner of Fin. & Dep. Treasurer,1997,88a0d3e20712103cfb7aec8e6178a1062bc70ac13a5616af4f3f3dfb3299fd9c
Municipalities,"$121,415.00 ",$248.00 ,City of North York,Fire Chief,1997,7f43fce0723af6a9d1d317c3c2d4902e8dcfa688e5732a79a617f8e4e3de7b70
Municipalities,"$102,880.00 ","$1,502.00 ",City of North York,Deputy Commissioner of Parks & Recreation,1997,b9ff7345abee31ac6ecbee71caeca76d44039e597065138a6ac4aaa3ff93f7ef
Municipalities,"$102,880.00 ",$210.00 ,City of North York,Deputy Commissioner of Transportation,1997,81b835b27d2e5cc6fbe83a87d49ca2a42f9e9c5e1830f11537f93c6730e64703
Municipalities,"$121,415.00 ",$248.00 ,City of North York,Building Commissioner,1997,ec06975871ae7eab33c7e590b1656b4669cca448f768a24a9b8763f78a6e7580
Municipalities,"$112,356.00 ","$2,472.00 ",City of North York,Commissioner of City Hall Building Services,1997,50af0e1ad9d24720a1793b54564c89198cc6dcdd9d885b4c90a8d21c1d47b5c7
Municipalities,"$121,415.00 ",$248.00 ,City of North York,Commissioner of Public Works,1997,4e145898d9bebb76e047cdc1e8d543ec428f5a58cf0a409d2040aac37e6e6c05
Municipalities,"$121,415.00 ",$248.00 ,City of North York,Comm. & Medical Officer of Health,1997,ad3bb49a8b70b64d4ed05d92df92f47dc167e089b2d8daec4946b135d78d70bc
Municipalities,"$121,415.00 ",$248.00 ,City of North York,Commissioner of Human Resources,1997,46800c8ed8c92b7e7102ecdc1abd71c41eeee060e2ef2ce50bb6041ae1224a4b
Municipalities,"$121,488.12 ","$8,739.03 ",City of Oshawa,City Manager,1997,5fa08878a1513142ebaa27f8d6c72cdc42d6f28f45f00af2964221bfd9e5e71a
Municipalities,"$100,874.02 ",$640.80 ,City of Oshawa,Commissioner of Dev. & Planning Serv.,1997,98fa7f1c501a29865d473947fb04f2f0ad733c4e66736afe33871ee51dfb1956
Municipalities,"$100,874.02 ",$640.80 ,City of Oshawa,Commissioner of Public Works Serv.,1997,7820382bf45f406a4eedfe55d6e8d22ff1a63faba591bc4c38807192784b3e5d
Municipalities,"$147,550.51 ","$8,981.04 ",City of Ottawa,Chief Administrative Officer,1997,89025236a0d0aa7cdf8e4b8cd1840fe3dae58d3a099da14253c630416088fec1
Municipalities,"$101,010.21 ","$6,510.16 ",City of Ottawa,"Commissioner, Community Services",1997,9eca1fdfe551f20fa8ddb08013c9f365cce4de7ce23a06d1a60855d8bcd9b356
Municipalities,"$100,310.46 ","$3,198.48 ",City of Ottawa,Dir. Y2000 Project Office,1997,056a6728c8a68edb435c3594c213f0e0e40d9578387347bbf53f2894beec1c54
Municipalities,"$120,689.24 ","$9,008.22 ",City of Ottawa,"Commissioner, Corporate Services",1997,7ad4758bb3e6a628587a7f6e66aee49db109f72620d2a55b0ebcf7e8aea30c87
Municipalities,"$102,319.27 ","$7,210.15 ",City of Ottawa,City Treasurer,1997,77bf579a1a8d11bb6b7d789ee38ff4ba4ef9909cafba1544f78b91ba22d38fc5
Municipalities,"$108,862.32 ","$8,513.70 ",City of Ottawa,City Auditor,1997,8cd32a26ca1464f9b36299d0da4e1c564eaebc432e0735f257a3670acb40b3e4
Municipalities,"$101,275.00 ",$822.32 ,City of Ottawa,Fire Chief,1997,108c7cb5634637ce9d72dd892c456f1436e2fb927087318024a216e4ff2da5de
Municipalities,"$117,760.23 ","$9,038.82 ",City of Ottawa,"Commissioner, Engineering & Works",1997,2c4d9d6107731658e3e64f16c23657ec471512b0b2429f37629f90075adc2648
Municipalities,"$105,162.00 ","$3,587.00 ",City of Sault Ste. Marie,Chief Administrative Officer,1997,5be5e407a7b174dd88ad1f8a25a9d4b9040f2e8e1aa0fcd218556e1d75363d51
Municipalities,"$128,208.00 ","$4,284.00 ",City of Scarborough,Medical Officer of Health,1997,4f7e76a2b8e4b0d2a33433e29f239dd08772c2431eab96a8919bb2db662feaa4
Municipalities,"$116,524.00 ","$4,213.00 ",City of Scarborough,"Commissioner of Recreation, Parks & Culture",1997,47a0b3dca316971fd214d667ab13fe93bcb16ffdd7bdc0bc930fdbe39e77a3ea
Municipalities,"$103,910.00 ",$656.00 ,City of Scarborough,Commissioner of Fin. & Corp. Services,1997,97888606bb85cd2a39987e07b439f1502e40ea27d6c243c5d51275b27a2ae937
Municipalities,"$105,489.00 ",$668.00 ,City of Scarborough,Fire Chief,1997,f5bfcf95aa70836200097450da83fe6a8c58b04c68f487a11b33e92eacab12f2
Municipalities,"$129,230.00 ","$4,213.00 ",City of Scarborough,Commissioner of Works & Environment,1997,b4ead3b33a96a2358b5a0150186fbf8fa49645cf5e198a36f64bcbe3c7140fef
Municipalities,"$105,489.00 ","$3,500.00 ",City of Scarborough,City Solicitor,1997,573d24e4828b219eec77209c6f503df63a6fbc475b6426b6c0b738597f607e78
Municipalities,"$110,632.00 ",$675.00 ,City of Scarborough,Commissioner of Planning & Buildings,1997,bd2cd93663058b808a42b502a0817aba0ed4d32c482aece6d5317220cb2e6323
Municipalities,"$113,102.71 ","$5,508.60 ",City of St. Catharines,Chief Administrative Officer,1997,1cf89e6e56759a32c2de7c801ec27fe583a1b25ef9d9e48c79ba6787b5e12d42
Municipalities,"$102,588.52 ","$1,278.26 ",City of Stoney Creek,Chief Administrative Officer,1997,514a067cfde4b90d0a10be80d37d8c958104757409d5d51e2d17eaea0eda7834
Municipalities,"$146,241.52 ","$2,252.64 ",City of Timmins,City Adm./Sec. to Timmins Police Serv. Board,1997,923ef67373ddaf2c6a45506bec04ec2cd90375b5f82d3f5ed5f193b56675a612
Municipalities,"$100,478.62 ",$239.30 ,City of Toronto,Dir. Human Resources Services,1997,3addd36087d2265e0c47f1586c0bb2d93e9d35b9bf553801a27e634e2a5c7cfc
Municipalities,"$110,789.90 ",$48.02 ,City of Toronto,Solicitor,1997,5295825c3f5d1d7df0dfa5cbe620b8bb5a47fe82007c7ae38a4e2e936bac0a67
Municipalities,"$101,648.82 ",$376.88 ,City of Toronto,Gen. Manager of Animal Control,1997,7bb86aba5f13effc8d518de66a5143888ca1ea92d70cf18fd3689fbbc971e7f0
Municipalities,"$111,471.04 ",$268.87 ,City of Toronto,City Clerk,1997,04ec3a13b5899986e437a89c38f170f46306d5aab56816e7e6b8317bd18be2be
Municipalities,"$108,074.80 ",$61.72 ,City of Toronto,"Director, City Planning(chief planner)",1997,0dbd629dbc852006700c3ece5e14a4bf49dd2d7d09986ca7ba4ff4a48e3429b6
Municipalities,"$122,712.18 ",$566.46 ,City of Toronto,Assistant City Solicitor,1997,d29dacdba39549bd7ebc5d291a0e0667bb5dad6e7d14e034837fd4ad1962a016
Municipalities,"$102,454.59 ",$24.02 ,City of Toronto,Dir. Information Tech. Serv.,1997,6ff5600df7b2edc66c6ada6a3ed35a7874309582ea28b807a5c85e6894b1e7d4
Municipalities,"$115,276.97 ",$48.02 ,City of Toronto,Solicitor,1997,48d4303f46252386369cc46a55f860224a6354fc3eef54255d017df0afb97b38
Municipalities,"$110,075.40 ",$48.02 ,City of Toronto,Solicitor,1997,6ba263ee9d53d9658dea5d9c512f07faab9f2fbbda4f70a16773a3b2dc1ded33
Municipalities,"$117,150.43 ",$80.44 ,City of Toronto,Dir. City Clerk,1997,cde150bec3b91f4b478026c3a43f4d12b582c6785a1f5712d543e9cec130622c
Municipalities,"$110,325.40 ",$247.02 ,City of Toronto,Solicitor,1997,dc840bdb562210681702e5f75fe9dc03af7b35cfe19ebb71b1322cf22362e78f
Municipalities,"$110,075.40 ",$48.02 ,City of Toronto,Solicitor Employment Law,1997,2b466ebde5935be74ef01d5bfaf650d723ee7902090522ae09a15efa789ea964
Municipalities,"$116,852.12 ",$48.02 ,City of Toronto,Solicitor,1997,b06556eb8df5385421c24b0a2f16f613056ab4dbd67d5b76925105e6b96ec11b
Municipalities,"$108,589.24 ",$525.72 ,City of Toronto,Solicitor,1997,ae626b9f4ad2e5e272e19d575ec18880e993289d6576b84994e8c22a75f8d89d
Municipalities,"$110,405.40 ",$48.02 ,City of Toronto,Solicitor,1997,70b07d7555e8d61198df67e5a66fc03ee399e25b57674ada7bc72fcc52bb3a59
Municipalities,"$117,687.35 ",$564.06 ,City of Toronto,Fire Chief,1997,275c3416360c5971fd48fde4d3a6efaf22f2fcac318f578f7538b6c7d1140427
Municipalities,"$105,305.93 ",$252.10 ,City of Toronto,"Dir., Organizational Planning Services",1997,5302ea21f9a514adb08c1bbb6755199c7c713410306ca58cc8f515213a1d71b1
Municipalities,"$117,014.50 ",$48.02 ,City of Toronto,Associate Medical Officer of Health,1997,9a7ce4a10eb2f18882ab3e16527b3b7cbf75454b48041f56d67a9ef69fbbd29d
Municipalities,"$152,197.22 ",$724.86 ,City of Toronto,"Commissioner, Board of MGMT.",1997,a35d3d2ce1777410557818e5d3245edee2323754bc168f470cd813d6aa029baf
Municipalities,"$150,883.01 ",$362.02 ,City of Toronto,"Commissioner, Board of MGMT.",1997,2b611647126ea316f3c6fa253c65223d87e90fda82c7096699b712d54e5e111e
Municipalities,"$108,074.80 ",$48.02 ,City of Toronto,Solicitor,1997,1e77c8cb7c591bae523b6c399262a0304c48da3404b047072ccedece56136820
Municipalities,"$110,304.05 ",$48.02 ,City of Toronto,Solicitor,1997,bc9c1672b6ac7bb2665bcd7d710627d85823ba39772a102644d3c1c9e5e9caca
Municipalities,"$103,274.23 ",$48.02 ,City of Toronto,Dir. Envir. Pol. & Systems,1997,2c61733d3c3af14e180e9e13360d3560c82524ad3d00a7348978dd6f3e5cbd80
Municipalities,"$101,117.29 ",$48.02 ,City of Toronto,Gen. Manager - Operations,1997,8d37e47cdeb01d0073e1fc5b74656a0ace6b4a1f3898a0bd8566307535079aeb
Municipalities,"$103,274.23 ",$462.10 ,City of Toronto,Dir. Infrastr. Plan & Trans,1997,e6679de65d90b0c403c26ea6c493d54753ce77b1a763e5a2165135fab73246da
Municipalities,"$128,549.82 ","$3,606.83 ",City of Toronto,Chief Financial Officer & City Treasurer,1997,07c93729fa9eaad129582081931020ccf7047524b1e3615acb45a3ba68309ab6
Municipalities,"$123,183.16 ",$478.54 ,City of Toronto,Dir. Admin. Services,1997,bf22726cdf6f07531360912ecbf5a2c505104ccf8c7cb4cf6056f33a2db04992
Municipalities,"$103,274.23 ",$28.02 ,City of Toronto,Regional Dir.,1997,9098f01f19e82731532d3b8c65e82e8aa4877da82124531499110b400ac7119c
Municipalities,"$101,421.29 ",$480.09 ,City of Toronto,Dir. Accounting,1997,e41bd67b6a0e5fe610500e2caf36e24a28e947caea4157e4a19ffd685ef659ea
Municipalities,"$103,274.23 ",$24.02 ,City of Toronto,Dir. Property Services,1997,426df054d31b932ed6f2e788636b111b7796e03a5c172c792dfea95ac9b98d68
Municipalities,"$176,526.81 ",$340.20 ,City of Toronto,Asst. Deputy Chief Supp. & Rescue,1997,395c0da6209930312dd049299561c16049ab337d489d58929456168b23c9c47c
Municipalities,"$132,512.49 ",$28.02 ,City of Toronto,Medical Officer of Health,1997,75f1e7cf80e0a6e1655ea3ef62dcd935e35582088c715da867a2a32162e9ebc7
Municipalities,"$152,257.85 ",$255.82 ,City of Toronto,"Commissioner, Board of MGMT.",1997,293c89ddf944b59cb5a57f9c8bd29b1b17de956a726b6a9cabdb97e996eefccc
Municipalities,"$110,469.41 ",$525.72 ,City of Toronto,Solicitor,1997,14d876eb6029ec47ffe79c15603dbd4a39ea31ea4d3edf88dcf343b1cfade2d1
Municipalities,"$100,646.30 ",$147.04 ,City of Toronto,Dev. & Maintenance Handyperson,1997,7f7ad417063bda4eaf147bbee2e65e85d9b25c6bbd8848362b93992f1f482f67
Municipalities,"$119,457.11 ",$48.02 ,City of Toronto,Assistant City Solicitor,1997,8eb0a883fa44d0803364de256340652f3091e6de93096d4116cb39b9c2144a77
Municipalities,"$126,763.69 ","$2,817.50 ",City of Toronto,Deputy Comm. of Housing & Gen. Mgr. City,1997,0019914d56a5a33a073338da49aafb3768d6c6ef2191964898abbb8bb206142b
Municipalities,"$115,102.80 ",$0.00 ,City of Toronto,Assoc. Medical Officer of Health,1997,17099921649341d7e3eb415552478682f8bdb9c1e903194bcca6b3421823cbe8
Municipalities,"$151,341.17 ",$724.86 ,City of Toronto,"Commissioner, Board of MGMT.",1997,655065a97d3fcb93b3399357edfa23e2b531d7a9ed9ee380f359dd0071d67c81
Municipalities,"$121,596.82 ",$525.72 ,City of Toronto,Assistant City Solicitor,1997,06807cc9648e8579c596828e7f8a6ea0c4325c1b820308c8277981f387c502d5
Municipalities,"$110,075.40 ",$48.02 ,City of Toronto,Solicitor,1997,c62005734dba03a1b7a49a3f3cff4266613b62da16d3f4ddff5ee22671044bda
Municipalities,"$103,274.23 ",$48.02 ,City of Toronto,Mgr. Dental & Oral Hlth. Serv.,1997,783955ec69b8a2d88d8be889563207e7a7248ac4d77acb97741416de6649b0ea
Municipalities,"$103,092.23 ",$48.02 ,City of Toronto,SP. Ass't. to the Comm. of P&D (SEC),1997,ab58f093229f4b9a772739ad49feec407e34b693703cab27972ba79996c3867d
Municipalities,"$108,224.80 ",$48.02 ,City of Toronto,Solicitor,1997,a37e3c547fb5ccd6e7cab93d70a1a512f1623b00715ab242be32aab3f833ee9a
Municipalities,"$112,358.01 ",$48.02 ,City of Toronto,Solicitor,1997,aa37e37d3dfd8c019d7d9e8af09c0a4f795c94db6f62a2fb53962ce29b7cedb5
Municipalities,"$106,828.57 ",$490.91 ,City of Toronto,Solicitor,1997,2168be5b1bd138c0c6705b565375efa8d448caa3d8cccf4cd31713a7f093e68e
Municipalities,"$110,472.08 ",$492.87 ,City of Toronto,"Director, Operations & Sanitations",1997,46c0eac13dc4b599242751a8475ee822f9ba6ebc2fd99c598f8390cd405b6f81
Municipalities,"$135,959.64 ",$24.02 ,City of Toronto,City Solicitor,1997,5d3f79fdb569284a7d9f366555bbff26173bab483dd4e2341eba3976b9af96f2
Municipalities,"$108,074.80 ",$48.02 ,City of Toronto,Solicitor,1997,7505d74058fa5e5e9c35714d702d123882ff0ba4d1233dbee357f1162d278f2e
Municipalities,"$110,512.94 ",$44.02 ,City of Toronto,"Director, Engineering & Surveys (City Eng.)",1997,106b57d6a3dfa6ce387335efb736fdc9c13d13202980dc0f8e77375a1cf12169
Municipalities,"$101,336.44 ",$46.02 ,City of Toronto,Solicitor Employment Law,1997,caa60404f5a2d373ba799dce45289006af0b3468a26ea96f688172c832967c1d
Municipalities,"$126,458.68 ","$9,653.09 ",City of Toronto,(D) City Auditor,1997,6743ee4a863bc2439fbde247bfbce522a943b9ef0f55dea4e31d12f39ed58dca
Municipalities,"$141,476.92 ","$7,524.01 ",City of Vaughan,City Manager,1997,a452284851288db6825200b2fba4497d4a243cde40acd431f66600569ee4013f
Municipalities,"$114,873.76 ","$5,845.52 ",City of Waterloo,Chief Administrative Officer,1997,767b2a221248e3768bc9a702a87f35d71543017595d7728a42fb9409736a7560
Municipalities,"$103,056.99 ",$415.98 ,City of Windsor,Deputy Chief,1997,083d72ce7817094537472528e559af96eb92f7e57bf0644567ea23f4c196ef55
Municipalities,"$109,922.93 ",$676.74 ,City of Windsor,Commissioner of Works,1997,56257fe84700ec323afa492886eba5f70874f34185c700bd3c89efffddb2e7e1
Municipalities,"$108,599.31 ",$676.74 ,City of Windsor,Commissioner of Social Services,1997,2c8aa07d1de17ac3365d2f25516ec88bcd1d577a082e37bc0f3e06a025b1465f
Municipalities,"$121,927.93 ",$472.30 ,City of Windsor,Chief of Police,1997,49a89589ea5605d8b3bdab9c4c092b77bff50d1bbfb1cd6b994d584ad36bf3f2
Municipalities,"$107,453.78 ",$668.94 ,City of Windsor,Comm. of Corp. Services & Treasurer,1997,2abeb2fe21c041f9d6c15d7864b69b69590b4ae0ead2a75e4f47fe278a2c30ad
Municipalities,"$103,277.03 ",$416.84 ,City of Windsor,Deputy Chief,1997,03c6d2bd7ebed5bd09f7706411d2cf4a2150b58f3c2cd4d9a2cecbc7d918de1b
Municipalities,"$125,030.32 ","$2,402.46 ",City of Windsor,Chief Adm. Officer,1997,93557a7cac3acc02c46d31197e8626e9b483c48f01367b3b6bf37413dd83bdc4
Municipalities,"$108,944.06 ","$2,718.42 ",City of York,Solicitor,1997,8ed9bee6d6e331fa450141e4c2f7045dcf5948b08016d45b8ac79762c32f4802
Municipalities,"$124,517.11 ","$1,053.00 ",City of York,City Manager,1997,6d63d5cda6048d65ab6cae5f3d9e901c6e216d03a22f40645cababf5b639504f
Municipalities,"$100,158.87 ","$2,598.57 ",City of York,Comm. of Community Services,1997,e6e4a60368c04841ab99ad5a3b2b55e600ac0c951c1c71a90293ce51509d1ca0
Municipalities,"$104,956.85 ","$2,785.08 ",City of York,Commissioner,1997,09e5ef61c41dc02f357dacd795bd7c25636f9340763ac399baf169118d2047fd
Municipalities,"$101,259.53 ","$2,638.11 ",City of York,Fire Chief,1997,5d5040a7f23ee7842e819743b75071dceb4bf95a6f295420702d723b4c362f77
Municipalities,"$105,196.00 ",$595.77 ,County of Oxford,Medical Officer of Health,1997,bcf7e7b9a0277ce27dd3c9895dec5eda805409118238ca9d21431bce7a23e623
Municipalities,"$103,035.25 ",$627.49 ,Municipality of Carlington,Chief Administrative Officer,1997,83f3325ca335b15cb9f6d5f026e0e55552e48fdd2efd595a4c911fc80438bd89
Municipalities,"$100,289.00 ",$599.00 ,Regional Durham,Deputy Chief,1997,7a2174ff39a8d7a80e2215bda401a13306f427da375d243dc60b09cc6306bc30
Municipalities,"$119,745.00 ","$5,255.00 ",Regional Durham,Chief Administrative Officer,1997,a81299c570e76bd14f150d0939a43a43f6502145a09af4a17e1a51f0fc6ae7a7
Municipalities,"$114,885.00 ",$660.00 ,Regional Durham,Deputy Chief,1997,a79e38bbed1e3dc149667344dc7a890f39cf4eb3806100fe9549be131a4c4356
Municipalities,"$106,290.00 ",$718.00 ,Regional Durham,Commissioner of Planning,1997,294c62463977770a93f9baffe2121a86016b07e2d7e5f6262f1ec851685446de
Municipalities,"$122,834.00 ",$678.00 ,Regional Durham,Deputy Chief,1997,d1030bc0ec5afa4d5039f4cc9a42013a15a89d01c1cc45356cbc83a473bb93c1
Municipalities,"$143,197.00 ",$806.00 ,Regional Durham,Medical Officer of Health,1997,a064b20c310db65d0cd45629cf21dd57714632d3f9fcd0f53a2c8a63cc565bf8
Municipalities,"$167,243.00 ",$503.00 ,Regional Durham,Chief of Police,1997,ec7e330c109350ef8cb74f51e052cdb5f1f7bf68e541b313a749663a80cff49d
Municipalities,"$105,660.00 ",$715.00 ,Regional Durham,Associate Medical Officer of Health,1997,c59d39dc6ee13ea0759c219b4dfd1ff43e09458050411968e8f9a9095ab33d6c
Municipalities,"$106,290.00 ",$718.00 ,Regional Durham,Regional Solicitor,1997,bd1d87ff03df4e0b4491225eb1925384792aa73046148ef1ebb1363c7805c20e
Municipalities,"$106,290.00 ",$718.00 ,Regional Durham,Commissioner of Works,1997,3c3c1931fd77b11fe3f3c263ccff91fc98f3a3838a0e2b054412cf8410f7eb75
Municipalities,"$100,464.82 ","$1,961.28 ",Regional Haldimand-Norfolk,Chief of Police,1997,98131facffa908cd18a9a7f01aaf7043d42d5d310a61d3ccff876b62c1d324d5
Municipalities,"$104,911.58 ","$7,309.57 ",Regional Halton,Deputy Chief,1997,c7bed99152caa09394f5b871004e5dbb736ec5e1b602eb8914785d7dea562595
Municipalities,"$131,200.18 ",$321.84 ,Regional Halton,Chief of Police,1997,9438821751ded72e5663b89a763761c6234c79c5b6c2d28370a167f8237c0c32
Municipalities,"$108,010.14 ",$325.06 ,Regional Halton,Commissioner of Social & Community Serv.,1997,4da6d41893243e5ae38403a13dea574a2bbfbd1574ba5685a6215a61b682b9a2
Municipalities,"$116,163.83 ","$9,976.54 ",Regional Halton,Chief Administrative Officer,1997,0e93ed21b9eb02706fab37423e4deb7fa5b4bae6d40522f3e33eb9976bb6e73f
Municipalities,"$101,507.80 ","$2,633.65 ",Regional Halton,Dir. Legal & Corporate Counsel,1997,60bcdac128254a6bfa832a0ea10757ff3064092d1f6f816eded70be6254609c1
Municipalities,"$101,507.80 ",$321.56 ,Regional Halton,Dir. Planning & Development Serv.,1997,0dd5979981ed88577d62f80245908a166783723788ad6bd87379687d52a7a89c
Municipalities,"$118,160.92 ","$2,223.36 ",Regional Halton,Commissioner Health & MOH,1997,218aeb5e02f297fab0aa785966754b157cf33c57fc6c1f2c7ce890a8e5da77d9
Municipalities,"$108,125.93 ",$325.06 ,Regional Halton,Commissioner Corporate Services,1997,ef86c5d469354567fa15e033da817f3dbd27bbd9a3d1cce351c2296c26e9311a
Municipalities,"$105,893.99 ",$968.28 ,Regional Hamilton-Wentworth,Act. Treasurer & Commissioner of Finance,1997,1cb3418e6abaf3e7a79ae432a9fb6081405440bd3228de3ecfdb35fbb2949954
Municipalities,"$117,585.00 ","$6,423.63 ",Regional Hamilton-Wentworth,Chief Adm. Officer,1997,cd4cd86bdde792f61446042d9c0d02fc5b0756203569df4adb6c33ddd3a91790
Municipalities,"$122,301.28 ","$12,025.77 ",Regional Hamilton-Wentworth,Medical Officer of Health,1997,862d20f322d2e087e7f864f6ad79bc4a2087b4a3b54b65baf74ed55213fc3d8f
Municipalities,"$112,301.28 ",$473.40 ,Regional Hamilton-Wentworth,Commissioner of Human Resources,1997,cef0b4e85b159e672f14a5bd34e65ee2fe731cc0af41bcd29a881127e25500c8
Municipalities,"$130,648.44 ","$14,283.15 ",Regional Hamilton-Wentworth,Chief of Police,1997,1ffd039b6ad7c6e86d18935d8626157a42ac3f64cb1f437f89c44cee2b00f310
Municipalities,"$103,695.05 ","$3,614.34 ",Regional Hamilton-Wentworth,Assoc. Medical Officer of Health,1997,2aa729c3400f81f9094f642b58779857659906bc0f31d2027b83919045d22950
Municipalities,"$116,382.76 ","$14,304.00 ",Regional Hamilton-Wentworth,Deputy Chief of Police,1997,8a78cfd2e12119ab94d6438ebe94bec13435d0d9bcbc193f8b1bc1f19c06791e
Municipalities,"$112,301.28 ","$2,344.83 ",Regional Hamilton-Wentworth,Commissioner of Legal Services,1997,0fbd0a75207074d8d972f2dc720bbbefe472ba33c4c65fc47dcd320faa2385af
Municipalities,"$112,301.28 ",$473.40 ,Regional Hamilton-Wentworth,Commissioner of Community Services,1997,786a8054ec2171f5b20abaec5b71ef6e7826bd495c4aeae9f63b9c9127bacac1
Municipalities,"$112,301.28 ","$5,620.29 ",Regional Hamilton-Wentworth,Commissioner of Environmental Services,1997,01976ba5f88ff21e526925b098b94f64235865b920b71d9cd88532a8d74a8e4a
Municipalities,"$117,585.00 ","$20,224.82 ",Regional Hamilton-Wentworth,Commissioner of Transportation,1997,a874f9296d559a754fa1fff991d3b046b37a9be6dd4334d7a63a3eb048294421
Municipalities,"$111,353.96 ","$8,605.44 ",Regional Niagara,Chief Administrative Officer,1997,439b8d28141aa87f3ce9442a8f854f57a5556197dabf0bf63dcab08678127469
Municipalities,"$109,508.31 ",$0.00 ,Regional Niagara,Director of Public Works,1997,0db9c9909b7ac0af741425c20953928819d97a31e2e128355fcff9df7057cd9c
Municipalities,"$100,374.71 ",$385.31 ,Regional Niagara,Deputy Chief of Police,1997,69f56339990d7eb84fcb8c1a00a6c7c1552cd7b1352e9935b9a2cdd5559e3b49
Municipalities,"$103,507.68 ",$0.00 ,Regional Niagara,Dir. of Social Serv. & Sr. Citizens,1997,cb3eef7893562b3d1b0b7ee1a25dcde000b49e8b9c4d4bb278898fa449415008
Municipalities,"$106,569.10 ",$0.00 ,Regional Niagara,Dir. of Corporate Services,1997,244b4c0b9092543f6cb47b072a6e392a892c0f32556ddd0f5febe07e375531a6
Municipalities,"$123,876.84 ","$10,383.20 ",Regional Niagara,Chief of Police,1997,bd009655b2eca2e15e25f6537983cebe2992e6b7bcfc34aedc88d67a5abd3f27
Municipalities,"$142,693.46 ","$9,246.64 ",Regional Niagara,Medical Officer of Health,1997,d4431ca92ee2a453b3a49af412a0940acf1f07e51baa835992a26a50ce308988
Municipalities,"$123,361.97 ","$4,687.12 ",Regional Ottawa-Carleton,"Commissioner, Homes for the Aged",1997,5db059fb55e8a1eb2401d4f4cf6e198f084f735cc0adbb39b766b0545c4b12db
Municipalities,"$143,100.91 ","$7,215.75 ",Regional Ottawa-Carleton,Chief Adm. Officer,1997,ce1d31e91d8c4b66527ca244681ccd3515570a6deea8b1ef651e1b4ac8daade7
Municipalities,"$103,883.21 ",$452.43 ,Regional Ottawa-Carleton,"Dir., Mobility Serv. / Corp. Fleet",1997,9865ff1d8d5809ba33e162a7574343bf7585ef761655193c3beb558c5bdf1bd5
Municipalities,"$118,852.09 ","$4,610.52 ",Regional Ottawa-Carleton,Regional Solicitor,1997,6c71d4dab73c3c72118087df5a86ca723e40108145cb7ffc84c43791642d2039
Municipalities,"$102,729.02 ",$455.07 ,Regional Ottawa-Carleton,"Exec. Director, Island Lodge",1997,38d76d5683fe331e6914f28900097cda0cde3d40dd8264d0d993efba81466bd0
Municipalities,"$118,804.60 ","$4,607.83 ",Regional Ottawa-Carleton,Medical Officer of Health,1997,d7930fe1d49017ac33847d84ac4366c4a1f0c5e3ff4f70a83abbbd4f39c33dd0
Municipalities,"$104,570.08 ","$4,072.84 ",Regional Ottawa-Carleton,Assoc. Medical Officer of Health,1997,cd006ec3c3b3ce9da25721eb2d7b4d35f41d4cb2e89fe10dde986dbe4cefb2f0
Municipalities,"$100,555.15 ",$455.07 ,Regional Ottawa-Carleton,"Dir., Plans Adm.",1997,3b06a6e121a8f56863882b3f2312560d615632a701d546a50d1425112c9ae688
Municipalities,"$104,042.43 ","$4,088.60 ",Regional Ottawa-Carleton,Assoc. Medical Officer of Health,1997,db2d8a320140e28aab4e296d47ab60e0894d86105ae59fd2f5cbb959fc9ca132
Municipalities,"$102,644.10 ",$489.78 ,Regional Ottawa-Carleton,Deputy Regional Solicitor,1997,4a3e29cfd9b690e0377fc95dbad009bd909d90a9c01baf8c0d6d3eee27a6fb9f
Municipalities,"$106,538.98 ",$489.78 ,Regional Ottawa-Carleton,Deputy Treasurer,1997,92f790c809956f3c2c1d708a8c32c9f97a18c4601d87040b9d2ad9d722aef369
Municipalities,"$118,852.09 ","$4,610.52 ",Regional Ottawa-Carleton,"Commissioner, Finance",1997,10ebde3ed0c270d3d913e2d6bbf52dd2c39f71fd9ec086cac3ee0985606c0d1c
Municipalities,"$106,538.96 ","$4,533.30 ",Regional Ottawa-Carleton,Regional Internal Auditor,1997,0f7e9bf7fab9045179ef8322877d9e56393ab963bbe540906d5d11e28f48c382
Municipalities,"$118,852.08 ","$4,610.52 ",Regional Ottawa-Carleton,"Commissioner, Human Resources",1997,2a22da79f1dd65bce0ebce6814c94d1c344f2bb68d24dafde828488d43da290d
Municipalities,"$123,361.99 ","$4,610.52 ",Regional Ottawa-Carleton,"Commissioner, Env. & Transportation",1997,2f6c8bfc4fa81c85898b64a5fe5e03de5fe8c15b24026a3160f404e7ab44cdb9
Municipalities,"$104,042.42 ","$4,028.60 ",Regional Ottawa-Carleton,Assoc. Medical Officer of Health,1997,6c967596048415d9c4eedfa3f2629b82d4b5836395d84952d7317e09eb9c3dac
Municipalities,"$123,361.98 ","$4,610.52 ",Regional Ottawa-Carleton,"Commissioner, Social Services",1997,f95f538add3e90624469441f0d0a3586796a7970b444f67e43ef46c692579fde
Municipalities,"$118,852.10 ","$4,610.52 ",Regional Ottawa-Carleton,"Commissioner, Planning & Dev. Approvals",1997,764b92deadc762f9fb303e9736bc8853ca2a32d1f4ee6ca6a760e2d0ccac9c8a
Municipalities,"$106,538.98 ","$4,533.30 ",Regional Ottawa-Carleton,Regional Clerk,1997,99c431b61deb17d837d02a52c3558ff5ee08c1d36cd9060f42b9715229f27caa
Municipalities,"$112,980.11 ","$7,261.03 ",Regional Peel,Comm. of Planning,1997,4a2c6b223ea49057be9baa8613bdf4047db0a77a78cfd38eff9bcf896217d5d3
Municipalities,"$121,430.81 ","$7,120.36 ",Regional Peel,Deputy Chief -Info. Services,1997,aa36019484bd82104705b4d2197b835494bd4cda82d01802e58766d84b4c2cc8
Municipalities,"$124,674.40 ","$5,653.57 ",Regional Peel,Chief of Police,1997,5cb25cac70a44a017e938f7bf5e331d407b9671f5261543b2d18be9be2093a2b
Municipalities,"$122,978.81 ","$8,911.10 ",Regional Peel,Comm. & Medical Officer of Health,1997,d12b77f0635831ff942afca97b4e1774ce88d0e91c5eaa31210dc545225e3e7a
Municipalities,"$114,904.85 ","$8,163.99 ",Regional Peel,Chief Admin. Officer -Police Services,1997,b58ee90c0716d1a58205255520fef294eeee00531bd2153066f2db1991720c7a
Municipalities,"$145,410.36 ","$7,241.72 ",Regional Peel,Former Chief Admin. Officer,1997,1218be4190a71d6f0f00b9e41bec884180697d902b217b16cc3ae7be8987d12b
Municipalities,"$112,056.20 ","$8,013.12 ",Regional Peel,Regional Solicitor & Comm. of Corp. Serv.,1997,3f26fea12ccd4e8eb2d75573bd517ff828fa41f8626d1b5dda5e66abcc4fbd57
Municipalities,"$117,710.20 ","$6,915.10 ",Regional Peel,Acting Chief Admin. Officer,1997,ac1c6aa01a7c1509329be503a6111e4b883d3a6c8121aac2f275f6e6c6c9a422
Municipalities,"$110,505.89 ","$8,000.16 ",Regional Peel,Treasurer & Comm. of Finance,1997,3a86fc1d2029874394d23863ef2fb3c3161f1c56ae8430fc6b548a12c686e75a
Municipalities,"$116,372.11 ","$7,646.78 ",Regional Peel,Comm. of Social Services,1997,c772e9d4068c754f7de1540d43941d21ab32f01ebef9cca55f48baa4d8a0adaa
Municipalities,"$107,849.03 ",$482.48 ,Regional Peel,Dir. of Human Resources,1997,b4f3b22787424dd5980d0d4a2f79fe2932dcf12465072742c9efafbb9ab53f76
Municipalities,"$100,356.95 ","$5,821.88 ",Regional Peel,Comm. of Public Works,1997,a1da32ff1de504e33754b3f8a041886d8b14317b522a4054c6c6454c15ff3927
Municipalities,"$114,674.00 ",$936.23 ,Regional Sudbury,Deputy Chief of Police,1997,b681f5df0414d533597508cdb2a7a9b705f5fe81c19bd85412bf2833ea52bffa
Municipalities,"$102,022.28 ",$679.25 ,Regional Sudbury,Comm. of Planning & Development,1997,df9444c6dac96c8bfd53e7d3923833dc855f7005072283fea0604f7716f938a5
Municipalities,"$123,243.28 ","$1,067.73 ",Regional Sudbury,Chief of Police,1997,a878bc59ac80125b4f0666f15b82af3ab0cac719b696f18950a0415482596530
Municipalities,"$101,738.70 ",$679.25 ,Regional Sudbury,Comm. of Health & Social Services,1997,6e352df52bfb033979d7050a2c24e59af8c46c0fcf8a9ae1395d22a4bcf11b68
Municipalities,"$105,629.59 ",$704.87 ,Regional Sudbury,Comm. of Public Works,1997,cfe58cf64089850409b22bf032373a0a6da45870aaae22ca9f7ac39866dadbd9
Municipalities,"$116,170.74 ",$776.03 ,Regional Sudbury,Chief Admin. Officer,1997,1b38008b7d13df459eb3984a5547b467bc93ff45460527b9424e8eda073944c8
Municipalities,"$102,596.70 ",$679.25 ,Regional Sudbury,Comm. of Special Projects,1997,280f6a80bd865abf3e648f82446b2ce1c4fd1e4bd96cd73e5d8afa6e6b60b457
Municipalities,"$105,019.28 ",$679.25 ,Regional Sudbury,Dir. of Legal Services,1997,afc1601f7b59e64306ae96246e854f8d4513e9e14cb8cdd67d4477a227cf1685
Municipalities,"$105,333.06 ",$704.87 ,Regional Sudbury,Comm. of Corporate Services,1997,36134b74396b786b92021b08d782dc481fe323d0624fef0a8992c3dd2fdd06fe
Municipalities,"$104,838.01 ","$1,036.84 ",Regional Toronto (Metro),Sr. Solicitor,1997,0ce39768ab093bd5e07a10ce1ae938a95bc35cd5852fc632db993a8ed01671a5
Municipalities,"$106,981.37 ","$2,856.28 ",Regional Toronto (Metro),Metropolitan Auditor,1997,a444a5e30bea8e8949a6ccffe7c0689f963280ba15aa07bb0bb9ade1b2039ba9
Municipalities,"$103,109.01 ","$1,018.92 ",Regional Toronto (Metro),"Dir. - Labour Rel., Health, Safety & Compensation",1997,078bdfaf661a014f25208c0e69d17f668052a2e20c4a3e87ff75f81906e8878b
Municipalities,"$127,358.92 ","$1,036.84 ",Regional Toronto (Metro),"Deputy Comm., Parks & Culture",1997,6a30e95685235837280f0498f9261ca6a9cab4506b3f18ff4d9f21b6b3fa1fc1
Municipalities,"$104,838.01 ","$1,036.84 ",Regional Toronto (Metro),Dir. - Pension Serv. & Deputy Treasurer,1997,42f04521a9d6b7ec91953c79ff0ab2cfeab3cedfa91344c7a6cca61980276a9c
Municipalities,"$104,838.01 ","$1,036.84 ",Regional Toronto (Metro),Sr. Solicitor,1997,b68f1d4d570b8e2ec95f2f198fc19153692322d909bda8b77e17924ed022ff4b
Municipalities,"$116,627.70 ","$1,148.28 ",Regional Toronto (Metro),"Deputy Comm., Corp. & Human Resources Serv.",1997,0fe4f7405d2a89c496a40c9fb991c0db899d3bdd217179fecd3fca0d8bafb7ad
Municipalities,"$116,413.21 ","$1,148.28 ",Regional Toronto (Metro),Deputy Metropolitan Solicitor,1997,4be9b39c1d5e6abf8c5bc794e468b3de006ccc356dc1fe19b24375747a2fa526
Municipalities,"$127,715.41 ","$10,032.07 ",Regional Toronto (Metro),Comm. of Ambulance Services,1997,19f333ba667c4f62b7adb84a016d9082be6bd872622a779518656695d561cd81
Municipalities,"$127,715.43 ","$7,022.07 ",Regional Toronto (Metro),Metropolitan Solicitor,1997,c703b4a2704a17e8c7db92943b1a890bc2eaacffe61f9dfdbcb3514e4ace6e4c
Municipalities,"$127,715.45 ","$7,470.07 ",Regional Toronto (Metro),Comm. of Finance & Treasurer,1997,4a59fac2ee46d34ee1fbcb7f8f09cb0114f555dde68309c7a8a9d141b08305c1
Municipalities,"$104,838.01 ","$1,036.84 ",Regional Toronto (Metro),Sr. Solicitor,1997,dad4ad8077af8f27cd6f6fae84356875796e8ba533ba5ef173e7ae1bb79c9930
Municipalities,"$133,052.21 ","$1,036.84 ",Regional Toronto (Metro),Sr. Solicitor,1997,fcf20c31a96d2a55f1e8e2b4b7fd46fb34004121f2be22ce9f7680337cdf0bd1
Municipalities,"$127,715.43 ","$1,263.07 ",Regional Toronto (Metro),Comm. of Transportation,1997,8ed83839968e368378df331e36938beff680c81142baa849cb731637e53b2162
Municipalities,"$103,800.61 ","$1,025.96 ",Regional Toronto (Metro),Exec. Dir. - Social Dev. & Mgm't. Serv.,1997,4a66caa67cfaa0481d9f5bde5b31b6bb382c4fb90a5dc665e9e265a2e335d22b
Municipalities,"$109,320.49 ","$4,484.00 ",Regional Toronto (Metro),Dir. of Audits,1997,8343cc24308e998733e3167aae5a37f275080c2d52ebd425b899b129d59ebcfd
Municipalities,"$127,715.43 ","$6,662.28 ",Regional Toronto (Metro),Deputy Comm. of Planning,1997,e37b1c7d052120ba91487c8ed930e5ff5e37a770940d2c39ca4587d3b874e7ec
Municipalities,"$104,838.01 ","$1,036.84 ",Regional Toronto (Metro),Sr. Solicitor,1997,659b582ebe1538d0363b973c551c54d47d3c388cc9fcfdf373fadf659ac2e66d
Municipalities,"$104,838.01 ","$1,036.84 ",Regional Toronto (Metro),Sr. Solicitor,1997,61165089d785d8204939e610ab8b48543a874f32fdaea622595087e70751a09a
Municipalities,"$141,120.41 ","$6,454.07 ",Regional Toronto (Metro),Comm. of Community Services,1997,ecd84425b7ec765a0af8c7524af3a50db8fd997f3805da273e8aa45337379627
Municipalities,"$100,908.56 ","$8,492.30 ",Regional Toronto (Metro),"Dir., EMS Operations",1997,538ba2ea6b0d3ef795de29aa66604682a03690cdf527efc4706aaef7743334be
Municipalities,"$104,838.01 ","$1,036.84 ",Regional Toronto (Metro),"Gen. Mgr., Social Services",1997,cc9610afce2c880f2ed751ce5b1028f92b20cda0e8e1bf66c15ed0a9cdc809ef
Municipalities,"$116,413.21 ","$1,148.28 ",Regional Toronto (Metro),Corporation Counsel,1997,14fdc5caeed9d36327d8aba2e0b69a910793e9b23ca10ae7dc21dc009f4b7e58
Municipalities,"$107,950.21 ",$945.00 ,Regional Toronto (Metro),"Dir., Policy (Planning)",1997,e24fc573e7006932feab89d9083e331b28341b536abc776d048755c14c9e6dc2
Municipalities,"$112,048.02 ","$1,107.10 ",Regional Toronto (Metro),"Gen. Mgr., Homes For The Aged",1997,03f3fc5b4946f2a00a2ebde3c51bebf05fc71ee32d2660410b97ec99906612fe
Municipalities,"$127,715.41 ","$10,723.83 ",Regional Toronto (Metro),Comm. - Corp. & Human Resources Serv.,1997,abf0b2b5f4f709daa511a50c1687a91e9bef8f1ba87864a300b793d17daf15fd
Municipalities,"$116,413.21 ","$7,721.28 ",Regional Toronto (Metro),"Gen. Mgr., Licensing",1997,8dfa4c770f006c6019848255749c957def02d0cd48f3e3a82e00265aad6e1a29
Municipalities,"$104,838.01 ","$1,036.84 ",Regional Toronto (Metro),"Dir., Corp. Policy & Planning",1997,f2d704140302d545c42a6ec8a12c9674ad25d90bcb0298b9c2b0ed64b1c7b1dc
Municipalities,"$104,838.01 ","$1,036.84 ",Regional Toronto (Metro),Sr. Solicitor,1997,d95973ba804a4b17ec219f9ab9753c5ce75f17c58209b5cb3806400a8912ff19
Municipalities,"$104,838.01 ","$1,036.84 ",Regional Toronto (Metro),Sr. Solicitor,1997,716d5a9a4f304747a09091485139572b5586ecb52353977a7b0459e701ac893d
Municipalities,"$104,691.71 ","$6,344.20 ",Regional Toronto (Metro),"Dir., Communications",1997,f68f74a0a578b2a5f129b901e59d62f169977b18ad497b1ad0ddd4c08e732ece
Municipalities,"$127,988.52 ","$8,653.07 ",Regional Toronto (Metro),Commissioner of Works,1997,376e2ab516ec2e44d7de0e391716083b9fa5816907141eb2b717050715d27c95
Municipalities,"$104,838.01 ","$1,036.84 ",Regional Toronto (Metro),"Gen. Mgr., Children's Services",1997,5cdc5507301ec2f57a621565f990ea86bd4bec7117dc9529133ade31ebd80e78
Municipalities,"$116,413.21 ","$8,687.28 ",Regional Toronto (Metro),Metropolitan Clerk,1997,2abf4da0102566b6c4a2de95fb4e36ec0df640b1bdcb76e2df4edb31d3f6139c
Municipalities,"$105,827.09 ","$2,311.83 ",Regional Waterloo,Comm. of Corp. Resources/Regional Solicitor,1997,5199348004bfd4f9c7c3305b7cea033067c59a9f9dc48cde348294735b2e9941
Municipalities,"$131,294.00 ",$673.02 ,Regional Waterloo,Chief of Police,1997,558c5e4062ae77660a7d7e7d0b4039461a32db38804126085f92ddb3f451bad6
Municipalities,"$111,213.67 ",$568.48 ,Regional Waterloo,"Deputy Chief, Admin.",1997,f0fa7861354bd1fa91a63feb5658611dd615a799295c53f0967b19e3f8e506c0
Municipalities,"$105,827.09 ",$723.40 ,Regional Waterloo,Comm. of Social Services,1997,e1fa29ba0e190aa68838c2cc8c0dacc25ff58899521451cfef463d70bfcee811
Municipalities,"$105,827.09 ",$440.40 ,Regional Waterloo,"Ass't. CAO, Human Resources",1997,c6887cd2652d7a10ecf0cc20c9394829737e83e3ea4497a7ac0d13ea562900b6
Municipalities,"$111,287.17 ",$568.48 ,Regional Waterloo,"Deputy Chief, Operations",1997,3c97c2a97bffe7c6e80569b7888419724a17ebc32b970cdc635a1d437124aa18
Municipalities,"$105,827.09 ",$579.50 ,Regional Waterloo,Comm. of Engineering,1997,e20948d92be80a1a0ea84581f30a9de0365609a01527a68b8c6064ae9fa03313
Municipalities,"$117,798.06 ","$1,891.76 ",Regional Waterloo,Comm. of Health Serv. / Medical Officer,1997,0367ae2b3cb9f7691ad6985fc11bd3845d72f1517e0c18699ce2c8755a42b951
Municipalities,"$106,517.04 ","$1,099.72 ",Regional Waterloo,Assoc. Medical Officer of Health,1997,09d795b9eada5cfe82be44b7e9630ff6cfbdaab9413e558a3266bb4922141689
Municipalities,"$123,977.66 ","$6,178.44 ",Regional Waterloo,Chief Administrative Officer,1997,042f6764d100a126559120228bad5f86bbae6f5dcb28ec1556e0cf9cc3c8c657
Municipalities,"$100,911.55 ",$305.79 ,Regional York,Commissioner Finance,1997,8ffb7830a2d9e688b910e50c2f258897fbc467a02c2b8ff76773092dd4e3a90c
Municipalities,"$144,727.35 ",$303.24 ,Regional York,Chief of Police,1997,c8dfd4db69b8385c2db7f54153eeb96294ab7f2202fe0d5446d891f51e7e536a
Municipalities,"$124,675.01 ",$378.30 ,Regional York,Medical Officer of Health,1997,7f1a21d88fa0fce647f8cafc610e626c0fd0a2a995a47594ea8c2712e3e095ae
Municipalities,"$100,112.17 ",$288.81 ,Regional York,Assoc. Medical Officer of Health,1997,48b2123e8f3442c6e9f32bba54b9f52cdac365342957b41e9c1dbebcef571217
Municipalities,"$103,905.86 ",$314.65 ,Regional York,Commissioner of Planning,1997,74c25676c1e972053886267709695e5b639f646b0e93d97ef8fdd92c663c2324
Municipalities,"$100,803.95 ","$10,262.79 ",Regional York,Commissioner of Transportation,1997,e9a0ed75345ab96ff7376de7382fdd3648678b44576c6ca26f2cde0f48db61bf
Municipalities,"$104,818.21 ",$0.00 ,Regional York,Acting Chief of Police,1997,3a35aa321036c99d55fe7b85856d65664f613091eafb4823bb60f3d7be3d063f
Municipalities,"$128,431.82 ","$2,674.08 ",Regional York,Chief Administrative Officer,1997,61082e862b64d115c066acea2d21930b4399c90efaa4e1147146fe0749c1f9c9
Municipalities,"$131,885.14 ",$303.24 ,Regional York,Deputy Chief of Police,1997,4db9a48a5378708e5c9c071c2b16c083d980469ccdfb039d047e925af60bccea
Municipalities,"$104,605.99 ","$4,659.28 ",Town of Aurora,C. A. O.,1997,0db8d06a66ff28552a7c79c27a9a5e9ad18b441e0b4dc2421e3ed55a617930aa
Municipalities,"$145,124.28 ","$7,351.56 ",Town of Markham,Comm. of Community Services,1997,e1f61ce3e80c12879a363c299703ee61330ea34c8d545da3109d1037928332ba
Municipalities,"$130,224.36 ","$9,674.94 ",Town of Markham,Chief Admin. Officer,1997,3c47c93ed5702b1437d93bbd90500d210d1dc64b4b235ab67c8c55f90e263aad
Municipalities,"$112,230.72 ","$7,625.88 ",Town of Markham,Comm. of Development Services,1997,3f4c0b49104913cd01bd2c4ff83fd07633526bea01d122d83c68d05abb6af054
Municipalities,"$102,105.08 ","$1,324.00 ",Town of Milton,Chief Administrative Officer,1997,2656032451f6c2ec4b7128d8f90a5bf41b8c8c7a51ad393fe320c65054cd4850
Municipalities,"$102,660.90 ",$566.92 ,Town of Oakville,Fire Chief,1997,d1559bbc1abe133827471fa446ab6d27603c715c5c7a368a470986dd592b7bc3
Municipalities,"$115,924.52 ",$682.96 ,Town of Oakville,Town Manager,1997,061815602ce54d0365278b0386639ab238454bbb973f05ccc562417b91d9a12e
Municipalities,"$103,330.85 ",$676.54 ,Town of Oakville,"Deputy Town Mgr., Community Services",1997,2f5a3cbc78b3faea0e9e76d265e8b3c1ee9feda816dfdd5aebfb300973487f63
Municipalities,"$101,257.03 ",$588.87 ,Town of Oakville,"Deputy Town Mgr., Admin. Services",1997,63bc681032ebbfbf6dfa03a479c93a1b9067ce6b42cc57ea9c2b7985ddc08ab9
Municipalities,"$101,921.74 ",$687.18 ,Town of Pickering,Town Solicitor,1997,049d31d8531103da8fec710128c5e375ecdc01fc8b4c0fffde5715d1fe9b1e88
Municipalities,"$101,863.51 ",$396.09 ,Town of Richmond Hill,Town Solicitor,1997,26dcee9b0d639d2644e689ad52a364a1e8a931dc72339ee7aa547381ac03a7d8
Municipalities,"$125,603.67 ","$12,212.03 ",Town of Richmond Hill,Chief Administrative Officer,1997,66bf39dad0b711c563673691549e2d3db135ccad2e36a2228e9e50efa6c1e346
Municipalities,"$100,595.04 ","$9,171.20 ",Town of Whitby,Administrator,1997,2021b9d15e05a7e54f0d0832cbacb82e1ec4be66a88bffe230b8153a0154ae6d
Municipalities,"$112,829.05 ","$8,553.84 ",Township of Pittsburgh,CAO/Treasurer,1997,7708bd3dc671a45caa0e32d4b37d71b56b77c55a04c30356cbf85be97eeecb39
Ontario Public Service,"$112,746.34",$279.54,"Agriculture,Food and Rural Affairs",Adm- Food Industry Div.,1997,303062faf8e0a4891d77070a1f4986faabdfebea1d6be4685d7e7dc955d63067
Ontario Public Service,"$121,176.54",$308.77,"Agriculture,Food and Rural Affairs",Executive Director,1997,42045b9413df7bfa80a9c1b32bf7d974b474dbe52c6d02fd9156c1131b11b21c
Ontario Public Service,"$126,986.15",$308.63,"Agriculture,Food and Rural Affairs",Adm- Education Research & Laboratory Div.,1997,118082beda9cbc4ca932162064b3ceae66b8e89e4fa5d1db16b23813f5dbbb31
Ontario Public Service,"$126,101.87",$306.74,"Agriculture,Food and Rural Affairs",Deputy Minister,1997,be5d4213c069a63d68e3644f6d249dbf4181e5405ac2adf9a0bcaea07f927273
Ontario Public Service,"$109,477.51","$4,191.94","Agriculture,Food and Rural Affairs",Dir- Food Industry Competitiveness Branch,1997,53676907ac369e794d4e6b9c65778570b80d10f77b1b33efa0a2a63caa526788
Ontario Public Service,"$123,469.69","$4,984.89","Agriculture,Food and Rural Affairs",Adm- Policy and Farm Div.,1997,69fea077ff2dfba2b3dd231b4a1795d70fc0612956b611b7cda74062dbd1737f
Ontario Public Service,"$101,966.96",$273.77,"Agriculture,Food and Rural Affairs",Adm- Corporate Services Div.,1997,67562846f973b62700902d1a8bd0740e37cff7346f5d8eb43fa26be9b3360ae5
Ontario Public Service,"$126,103.79",$306.74,"Agriculture,Food and Rural Affairs",Chairman Farm Products Marketing Comm.,1997,bcd8c62085f5e1168d8e7128a6e24a86df91f71605e343267ee541b63ede3c79
Ontario Public Service,"$107,064.41",$247.42,"Agriculture,Food and Rural Affairs",Dir- Education & Laboratory Programs,1997,4e24e17f09ddfcf3cec41a4f1aeb9a7e6905640fbd6e8e22037e841dd6bd39a1
Ontario Public Service,"$127,779.36","$4,315.38",Attorney General,Provincial Judge,1997,d13bb6cd96f1822c1806ad4411163de3a9a1b6a56ea93d4dee48a221c16a8b02
Ontario Public Service,"$101,437.92",$288.87,Attorney General,Asst. Crown Attorney,1997,268c808d775b3c50dc96c6db246f8b986e275008103242dfb29680105ed56ab9
Ontario Public Service,"$104,403.07",$298.56,Attorney General,Team Leader Litigation Counsel,1997,f492d0afc3e094e23126bb3a693c89d726c87308feef889b9d17cf2a1cd9c212
Ontario Public Service,"$120,346.27",$344.16,Attorney General,"Crown Atty, Simcoe",1997,ca34acba7f13e518046000b262d24f0f3367929e5f3c5ca83f348e0c44abdb12
Ontario Public Service,"$104,403.07",$298.56,Attorney General,Asst. Crown Attorney,1997,3aa537541a339fda6025fd06fcd46aa6900b040937665458641a92105f73898f
Ontario Public Service,"$104,302.72",$298.56,Attorney General,Asst. Crown Attorney,1997,e4a10372e6be84c69abb6e876ad6fa8e15ba3552168cb87097d300756c20146c
Ontario Public Service,"$127,779.36",$0.00,Attorney General,"Provincial Judge, OCJ",1997,9609ac732c6866506ff0f83efa014c1cea21d78b5a4b63ae4e9221288508c668
Ontario Public Service,"$127,779.36",$0.00,Attorney General,"Provincial Judge, OCJ",1997,3773cdfef3062a1d94d56148642d9bffe798aac63d54faa311828afe038d0fab
Ontario Public Service,"$135,694.36",$99.72,Attorney General,Investigator,1997,f4aa778d13f85eafd598e15cb63dc029b1894449d28c75ce722e27f437c174e9
Ontario Public Service,"$127,779.36",$0.00,Attorney General,"Provincial Judge, OCJ",1997,e618ca7572ca05473d5547db4319306735e27570f0200d849aff9010ca51c0cb
Ontario Public Service,"$115,371.95",$330.00,Attorney General,Asst. Crown Attorney,1997,5c553e811d2f08a5cfe45fe61c6edc04727e34808f31d40593027cdd66f0817d
Ontario Public Service,"$104,403.07",$298.56,Attorney General,Asst. Crown Attorney,1997,54c03b989674ea521fcd868b4835dbcf00494f93d04dfc1b8051d1d49245b937
Ontario Public Service,"$120,346.27",$344.16,Attorney General,Crown Attorney,1997,572bf824e3f4fcdba3cf3c95d2239a362fdb3d8d6da0e1bcfb2ee7a57b0cd7be
Ontario Public Service,"$103,803.16",$270.76,Attorney General,Crown Attorney - York West,1997,eec9c8b3ff2bd2644229d5709f2d7105a80dee47bbdfd88e6daa5a24ec33b59d
Ontario Public Service,"$125,618.03",$359.28,Attorney General,Asst. Crown Attorney,1997,f9cf04c8c03b41899c028f80aa86c2587d7e2e06b9a776217e1ad3dcd4e6b078
Ontario Public Service,"$120,199.78",$342.72,Attorney General,Crown Attorney Middlesex,1997,41862c84ea560b6cb80452ffa4fec1a0bd5fb53f6eab5e09b7bd8e512678a2ff
Ontario Public Service,"$106,325.54",$302.58,Attorney General,Crown Counsel,1997,bf03e30a44021b711d677801caabf975a61d84e77b2a25d2e1bfde4e2ac831cf
Ontario Public Service,"$117,235.07",$334.92,Attorney General,Crown Attorney,1997,525dca4529d1d9345b731ac3e6efdbd0b70393f110b476032310a3470501d18f
Ontario Public Service,"$113,944.03",$324.54,Attorney General,Asst. Crown Attorney,1997,b4b7fbf3a616a24a314078056e30195fe0ef14c975267220039e77c5e4de6d6a
Ontario Public Service,"$127,779.36",$0.00,Attorney General,"Provincial Judge, OCJ",1997,58dd13327357aa2feb4fc8e4f40b1f152e0c965abdee726e06d4a0624655a434
Ontario Public Service,"$139,950.63","$2,882.74",Attorney General,"Regional Senior Judge, OCJ",1997,c65fb9855902b2a3d26a89a23c24471e55b60678ebf72836700b7b7b95905b1f
Ontario Public Service,"$127,779.36","$4,315.38",Attorney General,"Provincial Judge, OCJ",1997,62c8fc0fecad8a89874fed7e1671551299857e23a268b93d395999bb9bd15051
Ontario Public Service,"$108,904.48",$308.73,Attorney General,"Proj. Director, Legal Aid Reform",1997,eed6e73d1d22dceecdbd61afe1b90ffc0addc012d46655fc9cc0a95757c3d60f
Ontario Public Service,"$104,403.07",$298.56,Attorney General,"Counsel, Estates & Corporations",1997,dc4184f7dcc4957800fa8b01bf5d592e81d5b45e10d773ded994811a69e5db91
Ontario Public Service,"$120,346.27",$344.16,Attorney General,"Crown Attorney, Norfolk",1997,0fde417906a10d5f970f849d8ba82df0f267d33b0a64edbaf615341ed959657d
Ontario Public Service,"$127,779.36",$0.00,Attorney General,"Provincial Judge, OCJ",1997,efaeba5a93d625ea50729872359109165bf395ef709f67cde2d65474ef981969
Ontario Public Service,"$109,583.03",$312.15,Attorney General,Asst. Crown Attorney,1997,b3f806fa38f3f7bd910bae88d5d447fa4979acddace9ed433d1bc107244313a2
Ontario Public Service,"$127,755.17","$1,542.84",Attorney General,"Provincial Judge, OCJ",1997,f2abd6b904dd2d3574dcce13a7e5a3f76ad242c3aa68b3f835c62d082cffe45c
Ontario Public Service,"$117,090.27",$333.54,Attorney General,"Crown Attorney, Kent",1997,f09717421f43022b0bb02a6c1bd18b34b91e539bc9e985f7f91f6ee06da1c3d8
Ontario Public Service,"$127,779.36",$0.00,Attorney General,"Snr. Provincial Judge, OCJ",1997,b04a4d62cfe155b0a5633f00a31b05d5d89453a145ae85fe7921caade178f424
Ontario Public Service,"$106,438.83",$312.15,Attorney General,Legislative Counsel,1997,e6a6f832056a38df2174a08e53b7767ff03c6bc7ca650f48a62beac40547d9d1
Ontario Public Service,"$119,332.91",$344.16,Attorney General,"Crown Attorney, Renfrew",1997,a498a8517af2eb64e0a7b813a63918645dbf9163d7c435807ad87eaa8800c929
Ontario Public Service,"$104,402.87",$298.56,Attorney General,Asst. Crown Attorney,1997,a4a164c1856b622ba02dd951f0deb5e07b55ebd911c821fac579d620343fde15
Ontario Public Service,"$107,214.09",$312.15,Attorney General,Asst. Crown Attorney,1997,eab1d6c2c98e3e5656c5a764189f7a284fb7c9079e6bdab7795025dc3e8cdec4
Ontario Public Service,"$127,779.36","$4,315.38",Attorney General,"Provincial Judge, OCJ",1997,875d410e3d298309a678dfebc4cce627703fd51ea43b74ecb43d010973d544e4
Ontario Public Service,"$120,259.22",$298.56,Attorney General,"Leg. Counsel, Rent Review",1997,9ff445a0ce1dd58c92d63e15d1c2b65ccc2540b1b514a37bbc4f63fdd06cddc8
Ontario Public Service,"$127,779.36","$3,165.15",Attorney General,"Provincial Judge, OCJ",1997,11e28b9cf9edb12da542f11a470b7658a3d4c525eb7a0a893b0f7ebd2510ad47
Ontario Public Service,"$112,174.74",$319.53,Attorney General,Asst. Crown Attorney,1997,39b5eec009d3e7e594d1f8f65d4b34cf728604c339958aee88b63e9224c63ab1
Ontario Public Service,"$139,787.12","$4,725.12",Attorney General,"Regional Senior Judge, OCJ",1997,84d7e16e71cf046147124a97e55e28fc070bc9ae67d222589d1c77b6836e73d5
Ontario Public Service,"$104,704.11",$298.56,Attorney General,Assistant Crown Attorney,1997,bd914714ad63e5fd9991150421649f41c43c1cdbf4bd93c9f46633cccfb5b80d
Ontario Public Service,"$113,944.03",$324.54,Attorney General,Counsel,1997,d1d1e8b9d4e7133b8f3cd140a71c98113a0f2b155fe705645ba2ad16f28a2b55
Ontario Public Service,"$127,779.36",$0.00,Attorney General,"Provincial Judge, OCJ",1997,d07df279a870b762d6d8526916826fdcdcb6a688badcee802f6f95f3f4b538f5
Ontario Public Service,"$107,388.49",$301.56,Attorney General,Asst. Crown Attorney,1997,875fe73fd14bad968ac09ce5ca8d1fa1ca6cf27b3ae12f46a77b775db8f82745
Ontario Public Service,"$115,371.95",$330.00,Attorney General,Asst. Crown Attorney,1997,4f3e5a7eb215fbae90666784b124753baf2ce5fdc7b3588ab2ee9d92a3cebf18
Ontario Public Service,"$103,054.90",$293.55,Attorney General,Asst. Crown Attorney,1997,a3b8178b5660f5e3d5cecfdd560ec019b7e79ab5c3a63b38c72e82ff053f86c9
Ontario Public Service,"$127,779.36","$4,315.38",Attorney General,"Provincial Judge, OCJ",1997,c73ab7af8f9e94e5fccc167fd373eb8034dccf7fa958c62ba18e7544cdb7eaa7
Ontario Public Service,"$115,371.95",$330.00,Attorney General,Asst. Crown Attorney Team Leader,1997,beb315642553bb246481c2d494c0dd05625783d8daf0ff852ac8a2132adb510a
Ontario Public Service,"$104,333.69",$297.64,Attorney General,Asst. Crown Attorney,1997,7cb112ef868a718c28ed727feb0d0b89f2bd89868e5761ea9feb56e895e43ea1
Ontario Public Service,"$127,779.36","$4,315.38",Attorney General,"Provincial Judge, OCJ",1997,898f23dcc398f15d6b45c6709c87e566e3c04f152324024de2d103a11a911c24
Ontario Public Service,"$115,371.95",$330.00,Attorney General,"Team Leader, Prosecutors",1997,77546f2d0b86bf56eec7513da23c9d71276d615199a9d771f68f8b32567e09cd
Ontario Public Service,"$109,583.03",$312.15,Attorney General,Asst. Crown Attorney,1997,9d31b012d2807cb4035a58bd8b8001ee58728875a4c5b7fb30f5d862f5cba7d5
Ontario Public Service,"$115,371.95",$330.00,Attorney General,Deputy Director,1997,36cdf039d7b458fc229712898c44f4a39299a861329589ad453e7bc6c41447e1
Ontario Public Service,"$120,346.27",$344.16,Attorney General,Crown Attorney Ottawa-Carlton,1997,002fa78f8dc5aef575475cfceaccfb777c501e943355cb8030fe18a8d904cff8
Ontario Public Service,"$115,371.95",$330.00,Attorney General,Asst. Crown Attorney,1997,0bc91ed2aed1d3d8d232da07f6175be5a2e7a9db347660b222ef378ca9eed91e
Ontario Public Service,"$131,312.80",$0.00,Attorney General,"Provincial Judge, OCJ",1997,d36fb658f8359ec5740f9373e598903dcd3c5819b1a37439c8a6f0ae60938e59
Ontario Public Service,"$127,779.36","$4,315.38",Attorney General,"Provincial Judge, OCJ",1997,43c9e5c7d0d0986d09de1812fc1b36e952bb295b2880ea84a15011a32802a36d
Ontario Public Service,"$105,967.68",$0.00,Attorney General,Counsel (Science Centre),1997,922cc51e5553c0b73e0c50d7e99e430382483b980131ccf88563bad95ee4978d
Ontario Public Service,"$127,779.36","$4,315.38",Attorney General,"Provincial Judge, OCJ",1997,92b63ea62400801d55298199f750c21894d461067209e4a9a75a2a05a06ad014
Ontario Public Service,"$136,171.32","$4,315.38",Attorney General,"Provincial Judge, OCJ",1997,cda7613ab9128546bfaf58d5bd859175468d41958c4523e0000542d1a4e4c40a
Ontario Public Service,"$127,779.36",$0.00,Attorney General,"Provincial Judge, OCJ",1997,0f8e51080749fa194939e1f0ffdd0b1de1bb77395c27bf94136067d794363432
Ontario Public Service,"$127,779.36","$4,315.46",Attorney General,"Provincial Judge, OCJ",1997,b8e87c6ebf4a5722b826b152adde908cf67f273aed74524299199243177da78e
Ontario Public Service,"$127,779.36","$4,315.38",Attorney General,"Provincial Judge, OCJ",1997,6221d94a872c0057a677977786f10e59e66cc2a147bda692b31f1d91153cf877
Ontario Public Service,"$127,779.36","$4,315.38",Attorney General,"Provincial Judge, OCJ",1997,da58a8907f8f326b51f7dda8dc7e10f51a83c3ee6c4b138351b5e161c754d817
Ontario Public Service,"$127,779.36","$4,315.38",Attorney General,"Provincial Judge, OCJ",1997,423ca61321404f61aa98e5d4e98df9ad2937fc3f7bc47899607d9ab3808f00a3
Ontario Public Service,"$120,346.27",$344.16,Attorney General,Crown Attorney Lennox & Addington,1997,acfefaa314c122ef11d333baf5d97faf9c2d25bde824c332d3a723dd15683820
Ontario Public Service,"$127,779.36",$0.00,Attorney General,"Provincial Judge, OCJ",1997,01c8a5ea694852d45f2ff68cee27eec41140620612dd0e218add75e1cbed63b2
Ontario Public Service,"$101,708.32",$287.65,Attorney General,Director CLO-CRIM,1997,f446a5bad74cda551442f6336ac3ba9660d0c8dea1ffcca9d91f76ffdd97c4d2
Ontario Public Service,"$127,779.36",$326.98,Attorney General,JUD PC (CVD) Toronto,1997,8c9dcc8df3ccff11851be266364d59f4f7cd1f48b119c25edbb58cef690645f1
Ontario Public Service,"$104,403.07",$298.56,Attorney General,Asst. Crown Attorney,1997,ac4eb628b69012ed4be97b662784bbeb661e8bc42442034b954567beb39379d0
Ontario Public Service,"$104,403.07",$298.56,Attorney General,Legal Officer,1997,36c19bf40f2b815de5671d7c388c96eb4d68eebf59b8f5ec43cef743d88e3108
Ontario Public Service,"$104,403.07",$298.56,Attorney General,Lawyer,1997,8228a5050e8cc06c284aea294a5b16587bb429e051dc287f6b64ff481cbc9b45
Ontario Public Service,"$118,768.70",$294.63,Attorney General,Crown Counsel,1997,bd509185fa2c43699aa1e2efcd5d14222fd835737071eaec3b525b6eda410f40
Ontario Public Service,"$115,371.95",$330.00,Attorney General,Counsel,1997,99defacb8362a75f2c5141a3a6617fe38e34ca407d0643158a664de840ac2581
Ontario Public Service,"$115,310.47",$329.01,Attorney General,Asst. Crown Attorney,1997,17d8a6121d69fdbd2e687b4053119a18a70850d5ee4500bbaadabb6088c59441
Ontario Public Service,"$109,583.27",$312.15,Attorney General,Asst. Crown Attorney,1997,807918f6f67945bec2aaf7d407bcfdf96e98e233689aee0991b533033377acc6
Ontario Public Service,"$127,779.32",$0.00,Attorney General,"Provincial Judge, OCJ",1997,678179340850e503db6468b9d6c48cf0b932c39159dd66be8e5dc40fc586d138
Ontario Public Service,"$127,779.36",$0.00,Attorney General,"Snr Provincial Judge, OCJ",1997,5849149a6e74b41cc12800f0b730f06353ce38b961f60fbee8274beee0296239
Ontario Public Service,"$127,755.17","$2,860.04",Attorney General,"Provincial Judge, OCJ",1997,1f2ffac00c78a53ed4a865110d5fa6e2c1cadb8cd4067cc41dc70165cc998a01
Ontario Public Service,"$101,479.90",$290.16,Attorney General,Litigation Counsel,1997,3a92d2a95f04a505c4777502a3fc9d4e37ed5a6d5477fd0ae0dfc9cd0fbe653c
Ontario Public Service,"$115,371.95",$330.00,Attorney General,Senior Counsel,1997,1b594bdeacddd65c19615f9897306116e8034148eeee6227858e88bcc4d5547f
Ontario Public Service,"$121,097.77",$344.97,Attorney General,Crown Atty Perth,1997,8a4cb65ce820d12567e300b5d9b1e7384f4c79a29b6b24b7960cfae9f17daa73
Ontario Public Service,"$109,584.07",$312.15,Attorney General,Senior Counsel,1997,ac4f9abb85f4c6e42cdefa248658ae5e2e131cc5a6f5c8185d4407a245f81d17
Ontario Public Service,"$104,403.07",$298.56,Attorney General,Solicitor,1997,4984c38c5810deb054745efe96bcad4917de0b6279f7b0228b0d1eadc7ee031a
Ontario Public Service,"$127,779.36",$0.00,Attorney General,"Provincial Judge, OCJ",1997,b887272aee27d7a300f756ef40349c16ea0c19d4fac285f32a3ec55758b76d75
Ontario Public Service,"$115,060.20",$327.69,Attorney General,"Dep. Legal Dir., Prop. Rights",1997,b55e42f55aef9fed8d06a96adb0f06fe912a10e879d0fcecf6aa7ac6d178bc04
Ontario Public Service,"$127,779.36","$4,314.22",Attorney General,Provincial Judge,1997,f6ba498a1027ef0b31122cfa2cfdb6d56a27cc5cde1ad45b7c56d92708db6315
Ontario Public Service,"$115,034.74",$327.66,Attorney General,Senior Counsel,1997,da5591b39f00fa694279454583eff900b59e197956884d962a44157c01125858
Ontario Public Service,"$115,310.47",$329.01,Attorney General,Asst. Crown Attorney,1997,092a0724ffcc29b30572bb92d93158511f84178103b1525b6b206ac89e34526c
Ontario Public Service,"$127,779.36",$0.00,Attorney General,"Provincial Judge, OCJ",1997,0ea05fade29239ac2d3224a5a740821de2b9ac79d01922d9da4d29d2a6154341
Ontario Public Service,"$104,403.07",$298.56,Attorney General,Counsel,1997,0fd6f0d09c54abc01079ddbf3f901ed8f142af1e6095d35565f50a961fbf9104
Ontario Public Service,"$120,346.27",$344.16,Attorney General,Crown Attorney,1997,fa2e5c4b8779e684c0ba6b31de9ba81f87a7b904a1ae31d37beca73319a1c3c3
Ontario Public Service,"$127,779.36",$0.00,Attorney General,"Provincial Judge, OCJ",1997,afab4118e4263d59310b44126a4173e2a21e96f67fc037c29e63536b9578b525
Ontario Public Service,"$111,634.56",$316.74,Attorney General,Director Legal Services,1997,7f6c8844856dbd2ea6b52e103e3a5a6dfb2b486a87bf44a3c311d3cf735e0e62
Ontario Public Service,"$127,779.36","$4,315.38",Attorney General,"Provincial Judge, OCJ",1997,f714987f2a5604e95be127fd24607e068ec6a5e9f340841078abc5b201c9d677
Ontario Public Service,"$115,371.95",$330.00,Attorney General,Senior Legal Counsel,1997,56b55cf7d1c139185a58ce89ff4e83a7c6395502807df9ced87f9df6f5fc2a76
Ontario Public Service,"$127,779.36","$2,835.85",Attorney General,"Provincial Judge, OCJ",1997,509a5768c8a7a6b729ee44c51bd201c8dddfaf0d635a2ae3b072463033981a83
Ontario Public Service,"$115,371.95",$330.00,Attorney General,Senior Counsel,1997,996656d73394bf73b6b931911426279d9c76e0fd677c8d9304020b4c51b7fa41
Ontario Public Service,"$106,185.82",$298.18,Attorney General,"Director, Legal Services",1997,7876e4b98d8910c722047671e1efddb280167997ca57effd2d51547fddafd7bc
Ontario Public Service,"$115,371.95",$330.00,Attorney General,Senior Counsel,1997,8079bcca4bcf0db611ccc8c567048bad7b03c7e9015dc64e7e7c6564edf899c2
Ontario Public Service,"$108,906.66",$310.14,Attorney General,Counsel,1997,061bf21600dd9f8d9655402cf83b865b3148e813f3afb723be24552836754618
Ontario Public Service,"$122,693.03",$351.00,Attorney General,"Dir., Crown Law Office Civil",1997,9e879a5fa505c7c1a3a83f1b62a9a1d8c827b3161de0b185ae40fd453ba0e77a
Ontario Public Service,"$101,080.42",$287.91,Attorney General,Lawyer,1997,a94f992c63e1cba80122170d2853cba7e1ae75c110b94c29160817356f6692cd
Ontario Public Service,"$127,779.36",$0.00,Attorney General,Master Supr. Court Of Ont.,1997,b9a95bd3a6b70570e45896035f19cafaaf64375eb48cb8cd02f2f8328a429cb9
Ontario Public Service,"$101,375.14",$289.38,Attorney General,Asst. Crown Attorney,1997,a7b404ea1c9350b8ddd2664e09f0abe748248f80dbbc653bf82373a6c9ccf619
Ontario Public Service,"$127,779.36",$169.25,Attorney General,"Provincial Judge, OCJ",1997,76ad26cd58fb9d9cc0ac7384199ff58c060cbc5c7c709c07ebc33d9956565aae
Ontario Public Service,"$127,757.93","$4,315.38",Attorney General,"Provincial Judge, OCJ",1997,9c33c845b0b928287fa72b2959e14e7d13518f1cfebdd874b029a8068e3a818e
Ontario Public Service,"$127,779.36","$4,315.38",Attorney General,"Provincial Judge, OCJ",1997,495d914a836629f8f9b4372371939c1a06509b1358e36eddc056d10b63424ef0
Ontario Public Service,"$127,779.36","$4,315.38",Attorney General,"Provincial Judge, OCJ",1997,20b3137a0e3622fe264dfa2e956155d7b7e79d9ea379bb672c24a3d0410d91c6
Ontario Public Service,"$127,779.36","$4,315.38",Attorney General,"Provincial Judge, OCJ",1997,383bde0cbd90e061f48b29d03abd15595e1c84041d6221e52ea294208e645b51
Ontario Public Service,"$127,779.36",$0.00,Attorney General,"Provincial Judge, OCJ",1997,52edea6a76783f00e7a435f225a9b7ef740af4761668f17d221b1536b082d59a
Ontario Public Service,"$127,779.36","$2,835.85",Attorney General,"Provincial Judge, OCJ",1997,7452c341f804c3173d4db5acb93640cab2c23c5d36f77ad7c488ae4d8fcf631d
Ontario Public Service,"$111,262.12",$0.00,Attorney General,Counsel,1997,0c0751634366dd3123ebe7bd12b2fadea9fbdd71a2e00af7a755de3ff88ff05b
Ontario Public Service,"$127,779.36","$4,315.38",Attorney General,"Provincial Judge, OCJ",1997,4f4e0fc7c48734c2243614203cecafd8f8aa2fe9c87b05bcd63ef7f6640f05e2
Ontario Public Service,"$131,302.33",$361.44,Attorney General,Asst. Deputy Courts,1997,38c3e76b8f70c7e85f8070bfc8ec9d8f16e3adc2350a3acffe2a7b128ba32dff
Ontario Public Service,"$120,345.75",$344.16,Attorney General,Senior Counsel,1997,f300eda6e8531bfdf5f4b951d854b5ff25a27242c00a3cbf9dd79a3f5e1d55b7
Ontario Public Service,"$110,990.93",$276.80,Attorney General,Asst. Crown Attorney,1997,989294f78711cec62f1ee022dd52575e792ec9b3b4b2c2d7078fcdb2bcf84490
Ontario Public Service,"$115,371.95",$330.00,Attorney General,Director Legal Services,1997,57b50de59b58b6ac8dc2e5838341d53e4c669711663181cf6706158bd3804f41
Ontario Public Service,"$127,779.36",$0.00,Attorney General,"Provincial Judge, OCJ",1997,a5cec915decac02b9cdaee07ddebe52706e8396f043d99fb1dc96375a7d7bb6a
Ontario Public Service,"$127,779.36",$0.00,Attorney General,"Provincial Judge, OCJ",1997,96a0d395c6471eaca82b4792d2394f350ccdbe339ec4b4ae6b29753e7fa8a046
Ontario Public Service,"$127,779.36","$3,807.63",Attorney General,"Provincial Judge, OCJ",1997,e3adf4d23a4f7ab697e60e5c61752fb19c8a3094f09ee765a4ffe9ae29925ba5
Ontario Public Service,"$114,022.79","$4,315.38",Attorney General,Provincial Judge,1997,e1f893ee77dac4ea5c61789549ff80cf0d5589a80bddab4ee757f024b0c7e47a
Ontario Public Service,"$127,779.36","$4,315.38",Attorney General,"Provincial Judge, OCJ",1997,4983493f6c70ef382dd86fce1d45659ff3092c076faecfeabda750fb0338a0ad
Ontario Public Service,"$125,618.03",$359.28,Attorney General,General Counsel,1997,c8d654fb1939f2833c2106aecf218de655af86dbdd5b45c0d7b7897d6969816d
Ontario Public Service,"$104,403.07",$298.56,Attorney General,Asst. Crown Attorney,1997,f74b345cdb510c341dab58a2cbea697a5e8c4439a6e6456074796334838e28e6
Ontario Public Service,"$115,371.95",$330.00,Attorney General,Asst. Crown Attorney,1997,2542422e8d74f27aa00923a15ea92f3d3ed28a0bfb80a55336bd3f62abc852ea
Ontario Public Service,"$105,550.00",$300.42,Attorney General,Asst. Crown Attorney,1997,0b39317e8228e1af33857ab57ae666b4f18bd0b1b7410e89fa7f0badcd540537
Ontario Public Service,"$120,544.93",$344.73,Attorney General,"Crown Attorney, York Central",1997,6b1e41047424986426bbbf2f74f11a8252bda5f673c3a1e16c4b98fa692cad34
Ontario Public Service,"$127,779.36","$4,315.38",Attorney General,"Provincial Judge, OCJ",1997,1ec76b16eab43c9271b7f2fb157034cafa30556e4c887cebd745dffc5a17b38e
Ontario Public Service,"$120,346.27",$344.16,Attorney General,"Crown Attorney, Kenora",1997,d0c5dd9595b31a8539a4428a0214d3ca96a7e675bbfc6914a3abc2eddf56ca80
Ontario Public Service,"$104,818.21",$98.40,Attorney General,Investigator,1997,10986c997a0e5508eecaefc3c87cb705edbb8f81c584ce1114f5d7e0c502f849
Ontario Public Service,"$104,051.59",$298.56,Attorney General,Law Officer,1997,19d55bb031026f1ebf37f28b34b3b1e615e6b87fefa820b41d6e43cd72c6bfd7
Ontario Public Service,"$101,403.35",$288.54,Attorney General,Asst. Crown Attorney,1997,0940ab94b1396d30d70f9c415127e7c593f7acf108a017676fbf739dc2d89226
Ontario Public Service,"$111,708.00",$0.00,Attorney General,Executive Legal Officer,1997,d2b263af0c348742c1df86307a5d78df26eb863db279c55e9a2bd4444a4b7f73
Ontario Public Service,"$127,779.36",$0.00,Attorney General,"Provincial Judge, OCJ",1997,130510dc502c8e9a259683ddaca9d5787b8c48667ff66af0330c1ef8e5213dc1
Ontario Public Service,"$127,779.36","$4,315.38",Attorney General,"Provincial Judge, OCJ",1997,adb4265a1cfdd187b40a85c2184b432cf50f0e06240d72866281f9587489edb4
Ontario Public Service,"$127,779.36","$2,671.20",Attorney General,"Provincial Judge, OCJ",1997,c07e8a0d38552466825ca62c63d9a7f8be2c812865aeebe077619d4a2f25c06e
Ontario Public Service,"$106,019.92",$245.68,Attorney General,Director Human Resources,1997,bb1ceac65f6211cdebefb2c4cd4bbb93ff4b23810c61aa01c781e48c6c5dc3ec
Ontario Public Service,"$122,694.07",$351.00,Attorney General,Crown Counsel 4,1997,112524795c831a6174fd88c7ba64fc745b1c2e4d27e12950f2d17289eb55b872
Ontario Public Service,"$109,583.03",$312.15,Attorney General,Asst. Crown Attorney,1997,7dbb080bf591ac357671ed0eef14e65b224f42bb52d92f4ecc28230efa33472c
Ontario Public Service,"$115,208.26",$327.42,Attorney General,"Senior Solicitor, Company Law",1997,3c35964a6c34ceaed2039261809d5f11471aec51eefe1aa2b366baf85e862e01
Ontario Public Service,"$100,706.76",$286.17,Attorney General,"Director, Crown Law Office Civil",1997,ffe8970cd45913d8f7962b25db28f14e4170b168f0c786930b19e9a80969b2e2
Ontario Public Service,"$127,779.36","$4,296.82",Attorney General,"Provincial Judge, OCJ",1997,fd67f3f222c62d6f9fb676c8b8548d1c75cbebe31cb0abd03340391b297fd528
Ontario Public Service,"$127,779.36","$3,988.40",Attorney General,"Provincial Judge, OCJ",1997,5e9656306e8ac4032c02f2b5345aee7c7868c20433a6319cb76af9bde3921e7a
Ontario Public Service,"$127,614.71","$3,000.50",Attorney General,"Provincial Judge, OCJ",1997,0fcbb8fa1933834ed22a3442d3f33a5c0abc4d162a8772a40d10f10c396f0005
Ontario Public Service,"$104,369.80",$298.56,Attorney General,Sol. Social Housing,1997,f30b5f32272570f040891c39201403fd4c26cd06f643d5afc645f1526ab21a71
Ontario Public Service,"$127,755.17",$24.19,Attorney General,"Provincial Judge, OCJ",1997,df20fe2a5fda613a00fb38dc70961392b9187c0b156e79b697f92a380f6a25e7
Ontario Public Service,"$104,403.07",$298.56,Attorney General,Asst. Crown Attorney (Des),1997,8eb4b8a553f1048160ff63119ff704344746c5d9426a080694ff0a11b0556cca
Ontario Public Service,"$127,779.36","$4,315.38",Attorney General,"Provincial Judge, OCJ",1997,78fe7feaa314a1df7877351293a66fd8ba8bc3781913c1f48c508b8dad025960
Ontario Public Service,"$139,950.65","$4,725.10",Attorney General,"Regional Senior Judge, OCJ",1997,4d0a5948ac84699103b83a85e94edc17388c9625fb6c5c6b8885af331b0a45ec
Ontario Public Service,"$104,403.07",$298.56,Attorney General,Research Counsel,1997,aef55f0a99c8d84dd5eec0833bc87d26485f8c3d1ab932f6e473731b385cd19b
Ontario Public Service,"$127,795.36","$3,329.80",Attorney General,"Provincial Judge, OCJ",1997,9a5066cf35cd7d6aed009d48c2be6b28778e97fc4c567731c02ba0c206b43a2c
Ontario Public Service,"$126,045.71","$4,333.62",Attorney General,Provincial Judge,1997,5dde4a8225431ae036220c93248d60b394bfe911d120a484f61ef787d8555871
Ontario Public Service,"$104,402.81",$298.56,Attorney General,Counsel,1997,dad42d36cdf698b93ce76619b5ff1026e50fce9d36384132db0de1f2f70b94a4
Ontario Public Service,"$115,371.95",$330.00,Attorney General,Asst. Crown Attorney,1997,563653417aceced2f892abe542b621cb546a067807d81386f93e9a555ffec358
Ontario Public Service,"$121,920.76",$304.86,Attorney General,Legal Counsel General,1997,4a7f848cd00b102dbc1c3efafaca704f92a0eb7fdfee14f1a02cd764ccc6749d
Ontario Public Service,"$115,371.95",$330.00,Attorney General,Asst. Crown Attorney,1997,69a43cdfaea07ae9d727351f796ec5543a275496b08ac61d101a971aee5df938
Ontario Public Service,"$139,950.64",$0.00,Attorney General,"Regional Senior Judge, OCJ",1997,a93aebb923e71794cabd43dc4eb62a3e5d0e7ca98133f9e355a1a785ada5bb2b
Ontario Public Service,"$104,403.07",$298.56,Attorney General,Asst. Crown Attorney,1997,f4024341c4364bba0254302f18a9020bd71aa81d316342cd702be0274abaa97f
Ontario Public Service,"$124,375.23",$355.80,Attorney General,General Counsel,1997,7cdf71e891bc644e3a4523aaeb2c712ecca1beadcc925c0f128b100c1f1e45f0
Ontario Public Service,"$127,779.36","$2,671.20",Attorney General,"Provincial Judge, OCJ",1997,40ba2d3be030c7435a48e9859577c80d007fa62606a5628c2bccb2af86d95ede
Ontario Public Service,"$120,346.27",$344.16,Attorney General,Crown Attorney 5,1997,8ddde57aadb5287239c871dc9030396aece22b18964d1afd80172382e30953cf
Ontario Public Service,"$104,403.07",$298.56,Attorney General,Counsel,1997,11430db4acae97fbd3c98c305523a0970ff512fc420dc6a6333be06193dd378c
Ontario Public Service,"$109,053.15",$237.81,Attorney General,Counsel,1997,3a2186c23252cea9350421b6eaad47c17a94dd93b01640fd5c91213fb164cb46
Ontario Public Service,"$115,371.95",$330.00,Attorney General,Asst. Crown Attorney,1997,a82bd527e9afc9d27751f7b28749da2526b8ef27550f96cd4455ce8afab17a83
Ontario Public Service,"$133,818.49",$330.00,Attorney General,Senior Counsel,1997,737290a84e0415fd3aa6a8ab9718735cc2ee9030841c1267ccf70a9191442ea3
Ontario Public Service,"$104,403.07",$298.56,Attorney General,Solicitor,1997,000b6f697fffdd73beb31669bbfbeacba00118d9f222bd70b6b651d0f35c158a
Ontario Public Service,"$120,384.21","$4,315.38",Attorney General,"Provincial Judge, OCJ",1997,7e1edfa7bbe65f6f55141c6101ebe5aba5c39b4a4f01b5afa2b777a72540975d
Ontario Public Service,"$103,997.00",$293.78,Attorney General,Asst. Crown Attorney,1997,019a6e8c2f7b5ebfef3056f03e318b36e752d040281d281eea9b2df80738bac0
Ontario Public Service,"$127,779.36","$4,315.38",Attorney General,"Provincial Judge, OCJ",1997,2913465258afeea786b1757d6fb3415ff5265d34f0abe94ff6e6d329718609a6
Ontario Public Service,"$104,576.71",$297.18,Attorney General,Director-Crown Operations North,1997,7fc1e4c0996730c2164f958c9537f7ab7ff2d11261a3305b30d09930dfdb96ed
Ontario Public Service,"$127,779.36",$0.00,Attorney General,"Provincial Judge, OCJ",1997,a8fa1b4d2dc4e375a14b7ebdc9c63461a09ced476f635a2605e0e3b01f1eec00
Ontario Public Service,"$115,371.95",$330.00,Attorney General,Counsel,1997,ae97701fbea66aa4e2d6720d26b3b761a5d7fa7598e75c638c2a3fe0bd2b98f1
Ontario Public Service,"$120,156.88",$341.22,Attorney General,Dir. Legal Services,1997,cdf9dc8d161ce76d1245f347c826ca7d1d99e32a038ac297ce02790e21be7fbc
Ontario Public Service,"$127,779.36",$0.00,Attorney General,"Provincial Judge, OCJ",1997,6a7c6decd5a0bc18fbf9eac2b4c2047bc3138abf6d8e79127b71ca3b79ac68c7
Ontario Public Service,"$119,170.09",$334.44,Attorney General,"Crown Attorney, Leeds & Grenville",1997,0998e4dc36cff130e7e948373fb3863811b157523a14ebda9d1d26a670e34e1c
Ontario Public Service,"$104,403.07",$298.56,Attorney General,Counsel,1997,7484ce5231e195a07c98d428295ae4f46b2ef605944522d309c5542f713f5c0f
Ontario Public Service,"$127,779.36","$4,315.38",Attorney General,"Provincial Judge, OCJ",1997,39dc27257cad4f5bb4343aec9b3e9ae31d205ea595724b0a5a6b0ceedb9c336d
Ontario Public Service,"$127,779.36","$4,315.38",Attorney General,"Provincial Judge, OCJ",1997,dcc14aa18ac32e9ef5568f174f7225510deffc7de106bcbbdbc14aff80c8bcbf
Ontario Public Service,"$104,403.07",$298.56,Attorney General,Counsel,1997,2646d110294d277a24c3259ddf3a8cbc8c175d62c00b9c0d86551326511bf23b
Ontario Public Service,"$104,403.07",$298.56,Attorney General,Asst. Crown Attorney,1997,9bae47b1972dfe98e9e01b3ca3ba324bb15b44a8a115d376c6662fdd2e289c1f
Ontario Public Service,"$127,779.36","$4,315.38",Attorney General,"Provincial Judge, OCJ",1997,b47721f0cf990964f5364a32c3c9a275a15fb2264841967cf44aba8e4667e1a3
Ontario Public Service,"$104,402.81",$298.56,Attorney General,Asst. Crown Attorney,1997,f94de17c05a76f29123c20ade031e0e57ea77d121defb07577d471e05ebb041c
Ontario Public Service,"$127,779.36","$4,315.38",Attorney General,"Provincial Judge, OCJ",1997,9b417561b7285516d8935cb483b2b0db6172072c67dd73d8c4443e7045af10b0
Ontario Public Service,"$123,915.96",$302.31,Attorney General,Counsel,1997,7d9d111b777171614aa28518ac603184cb45974d8e7829fee66eea9285c55132
Ontario Public Service,"$115,371.95",$330.00,Attorney General,Counsel,1997,64655fde2ef19aa84ed948427a7dd7e4db3dc7dfa32d4b3b6629e28a28948c00
Ontario Public Service,"$104,403.07","$4,661.86",Attorney General,Counsel,1997,7346e52523bae467ff22bd5e5069be19d6de67892bbf1051958b80883d5c3d03
Ontario Public Service,"$127,779.36","$4,315.38",Attorney General,"Provincial Judge, OCJ",1997,a90a74042a46fdb91c49ebb1465031885167314e18755b3c8f14fb84ebbe1fd6
Ontario Public Service,"$127,779.36",$0.00,Attorney General,"Provincial Judge, OCJ",1997,c926a0d55d90210bf006989547b1450ad7288914a945d37a3e1c70fc425d096a
Ontario Public Service,"$104,345.76",$297.66,Attorney General,Senior Counsel,1997,ea043a4989c206e99f9d3f297aaeecce661b3a995ff397cbad4e18fdbca84a81
Ontario Public Service,"$139,589.94","$3,286.26",Attorney General,"Regional Senior Judge, OCJ",1997,fb456ee2200c74d0f8bf156c0671b08b893e3d664669ee100495240e315dfe82
Ontario Public Service,"$115,347.61",$330.00,Attorney General,Asst. Crown Attorney,1997,cc65174f993a5c7f81a9f35960950adfae2920c2c0838392778ebacdf224ea73
Ontario Public Service,"$113,418.70",$304.68,Attorney General,Director Program Development Br.,1997,56ef20be499939baf1b4ce939d63e99d58afbc59c1d71e708db1979034df37da
Ontario Public Service,"$104,403.07",$298.56,Attorney General,Asst. Crown Attorney,1997,b6cd126c4cfc0701e8c194d3381eeb0d391a44b913d8ff61c450f3102a95593a
Ontario Public Service,"$127,779.36","$2,671.20",Attorney General,"Provincial Judge, OCJ",1997,cf511949466f5749cc2c8b6c77439de7ce693043bf56b9d7c650f4fe9e0e0d4e
Ontario Public Service,"$120,511.00",$343.88,Attorney General,Director,1997,03cb5889b145acde9954819aea28212dfa112490efddc1a2d5b418265eba8053
Ontario Public Service,"$127,779.36","$4,315.38",Attorney General,"Provincial Judge, OCJ",1997,a2041ac72121384b41ac6bedf378202f1c28e8273603617ce380a1af193f8f6c
Ontario Public Service,"$126,341.79","$4,315.38",Attorney General,"Provincial Judge, OCJ",1997,0a01c700f30c7521c974b16e043330b92c53242e563d7de8ee5db6b676c92f82
Ontario Public Service,"$104,400.64",$298.56,Attorney General,Asst. Crown Attorney,1997,f30acbb1c5f05a1ab7e3be6fdbc99fd8f3597d7b235fb7b01659f425c20c2005
Ontario Public Service,"$127,779.36",$0.00,Attorney General,"Snr Provincial Judge,OCJ",1997,d672688a49509aa33dfcc7d4556c0fe8d07e6db32dd5e6b291613501ecf323f6
Ontario Public Service,"$127,779.36","$4,315.38",Attorney General,JUD PC (CVD) Toronto,1997,bfc87cebcb3bececf1a9168ced5fc47f037af8b7c27fce624dd07f458b033186
Ontario Public Service,"$109,849.16",$312.87,Attorney General,Counsel,1997,a2ae2ed528f70f75167c1383e097af7d19f96bfb22ce78f2a14003404b4b77bc
Ontario Public Service,"$123,363.84",$350.01,Attorney General,General Counsel,1997,b0ede9e66b951ed866c4342fd9c69ceeac8c3d42145ccae9c61749b0345f2260
Ontario Public Service,"$140,699.25",$0.00,Attorney General,"Provincial Judge, OCJ",1997,0a9806bbdf11d754dff6aee5fb056936321d98a1b707fa8ab1e9c3a166db35cc
Ontario Public Service,"$114,511.37",$319.54,Attorney General,Asst. Deputy Att. Gen.-Public Law,1997,429a5f87e8f529df34a0d8e9e9c0fcdd760a34d04b7aa55e53a7c7c214c31085
Ontario Public Service,"$115,371.14",$330.00,Attorney General,Asst. Crown Attorney,1997,5d075bd45183fd4295b30fedfa96b93fdf84a0a955744ec77934c8fd225edb45
Ontario Public Service,"$108,070.71",$48.00,Attorney General,Counsel,1997,5e86506adb92eb84d39c8e7ade0695143acd105947bac14452ed23a5787ff131
Ontario Public Service,"$127,779.36","$3,976.88",Attorney General,"Provincial Judge, OCJ",1997,2a0825b2bd9c528de53eca49a6220d4b9781e88357d0ee71eebbe8cc19667b03
Ontario Public Service,"$106,619.44",$303.33,Attorney General,"Crown Attorney, Elgin",1997,597149084815aa89ef5679bb8afb8d01222050241c46150682c2010cebd5c9f1
Ontario Public Service,"$104,403.07",$298.56,Attorney General,Solicitor,1997,af9921c2d652238aa263d4af2b88010e099f277a62256e9d1c0f52e93b0badb0
Ontario Public Service,"$127,779.36","$4,315.38",Attorney General,"Provincial Judge, OCJ",1997,3ab4ca828b99e1481791f97642aceca6ad6d6461ed8b849839092b24f6c03e30
Ontario Public Service,"$114,785.13",$329.01,Attorney General,"Asst. Crown Attorneys, (Des)",1997,8195d39cdc69e4f93a77a0f2713ead88801708a7d5f54c89ecd29437ca495541
Ontario Public Service,"$104,403.07",$298.56,Attorney General,Counsel,1997,0e91fb2ff8f4806726b5ab321243f189fc33486aefd231dd010204b233a0c59d
Ontario Public Service,"$104,403.07",$298.56,Attorney General,Counsel,1997,04ed2a5938e426775268bd502f9f41e107c7efe9e6c44b2df43ae9f6e5502cf0
Ontario Public Service,"$104,403.07",$298.56,Attorney General,Law Officer,1997,a0e8a212c88dcb46ce4419b64b342d94d293733c1b3ba17bbf0206906fc02ee6
Ontario Public Service,"$127,779.36",$0.00,Attorney General,"Provincial Judge, OCJ",1997,4aaee11e62a7cb0318f67f08c6b0ec6ba37b77918813aa914853c1638fc44ba4
Ontario Public Service,"$115,504.67",$344.97,Attorney General,Counsel,1997,e3d3bb2f88e70614b5ec451a3940ea6e26577715eb487771f5f773d9450cde72
Ontario Public Service,"$104,403.07",$298.56,Attorney General,Asst. Crown Attorney,1997,0845875ba3dcc9f49cf0ebf7c663a746f0627542f9a6132c4b702f0120e3e0f5
Ontario Public Service,"$122,694.07",$351.00,Attorney General,Director -Crown Operations,1997,0e18653994026c673123a9cf8f58a45a7c801851a0bddf0e41f337b8d454d8f6
Ontario Public Service,"$127,779.36","$2,671.20",Attorney General,"Provincial Judge, OCJ",1997,d7a28d8d235b9ab72b811310db66686da2bebec7ee82125fc2148ff098b9e366
Ontario Public Service,"$115,371.95",$330.00,Attorney General,Asst. Crown Attorney / Team Leader,1997,9088a4f097761331e1eb523bd8e966d44fd7e1b6eadc534da344d63c36fd2ea4
Ontario Public Service,"$120,346.27",$344.16,Attorney General,"Director, Legal Srvs.",1997,2697a553b47d321ae893eae0d5e43fb5dfef15d98eb6aa91fe3a61995ea5b9a5
Ontario Public Service,"$109,572.47",$297.85,Attorney General,Group Leader,1997,ddc951400538cba6b4289273aa109255ddd6686c39ac427ed9d4571814256aab
Ontario Public Service,"$127,779.36",$0.00,Attorney General,"Provincial Judge, OCJ",1997,c243804767f3409c2bfe70cff9db91d59d42c2971266ea6fe86d86034c4ef3d1
Ontario Public Service,"$127,779.36",$0.00,Attorney General,"Provincial Judge, OCJ",1997,4c743f9e99a02d43e1b0249fa47b2e863551c5fd7d9fe3fe70e4d4c340134057
Ontario Public Service,"$127,779.36","$3,329.80",Attorney General,"Provincial Judge, OCJ",1997,8dc10a44eb74c64112d6bf2b96337a967e88966afcb88c29835c5d96e1ce7087
Ontario Public Service,"$104,403.07",$298.56,Attorney General,Counsel,1997,b734ea1bbc73c12d2c7a8677d659c91083743a64ac8a7cdf0db815b1f0183e1d
Ontario Public Service,"$108,558.83",$309.90,Attorney General,Crown Counsel,1997,d9332e56d607d1ff33abc577f8ec1e175b8467279ba4dd6fa88212b7d56daa31
Ontario Public Service,"$114,159.40",$312.99,Attorney General,Ass't. Crown Attorney,1997,6bbe3311cd1536c13058629bd95445f383134032db17e5dc5b52ace7ad4c1357
Ontario Public Service,"$127,679.34",$0.00,Attorney General,"Provincial Judge, OCJ",1997,30e62aa9e6c99333dc44f0157aeb7d8770c8ecc12941c6f8fe6901a8cf814d95
Ontario Public Service,"$104,403.07",$298.56,Attorney General,Asst. Crown Attorney,1997,6992af349fbdc5f4260e977d4f44725c14403f9402d52496c5f567280cc7ab06
Ontario Public Service,"$127,779.36",$0.00,Attorney General,"Provincial Judge, OCJ",1997,ad7e5a01d061572be4cfce04b0d094c9ab8bcc25e91b7a454f939c2367636d23
Ontario Public Service,"$103,599.89",$298.56,Attorney General,Leg. Counsel Rent Review,1997,e86ba05baf98781d82d3b76a86ef2bcefec72188574589c7454d2ec06963908a
Ontario Public Service,"$127,779.36","$4,315.38",Attorney General,"Provincial Judge, OCJ",1997,c823f22e53fd926210a4cb6b1d9ee864aaaaac1d19c9258aac43fb286b60ece9
Ontario Public Service,"$127,779.36","$3,494.45",Attorney General,"Provincial Judge, OCJ",1997,d87cc489e7f3a4011496611dab3f305dacba4c81da45375046407e5dbd903cce
Ontario Public Service,"$127,779.36","$4,315.38",Attorney General,"Provincial Judge, OCJ",1997,9e7ba359a6eb6d322040ff5aa0891cc58d9d808b26937df21c5ca7e8d6dc2169
Ontario Public Service,"$120,346.27",$344.16,Attorney General,"Crown Attorney, Essex",1997,4660d85947081534da9e4f351a20057a5e1e7193d20a5d41e59fac4f730318d7
Ontario Public Service,"$127,779.36","$2,012.60",Attorney General,"Provincial Judge, OCJ",1997,8427c91ab8b3df17c92074525ee770a8c8da49909a593848ed889c29290ee280
Ontario Public Service,"$120,346.27",$344.16,Attorney General,"Crown Attorney, Wellington",1997,0a367e35526dae7460f6b9ab551455598413c4ccf0485f52dc17ee554ad00395
Ontario Public Service,"$127,779.36","$4,315.38",Attorney General,"Provincial Judge, OCJ",1997,5a337eecbaee91dce9d13c3e2dbecae1abceb022b68b9d95af198c962f5b958f
Ontario Public Service,"$104,403.07",$298.56,Attorney General,Asst. Crown Attorney,1997,0a0da3429ba40c152c626a70dc5ef98258bd71c20c8b193579725a9deb3aa7d3
Ontario Public Service,"$134,687.95",$309.60,Attorney General,Adm. Fin. & Admin.,1997,d7cea5c45c4f6f3fb1ef0bef69077f021b8ab9118d945d85ffe20ae5874136aa
Ontario Public Service,"$105,468.38",$299.04,Attorney General,Counsel,1997,4be728c2e1e8fea5e114a53a60ed617960786b88830dc6d24ea6b342a4239ed1
Ontario Public Service,"$115,683.47",$329.45,Attorney General,Counsel,1997,026e3eb32d79fd8d79117a44da383553d2b7f6b4a79a6a728708cc1413b7f284
Ontario Public Service,"$104,403.07",$307.56,Attorney General,Asst. Crown Attorney,1997,40428f9affcb8833c750e8edc53f6e085295cec6666282570b7abe42738371f5
Ontario Public Service,"$100,766.22",$287.40,Attorney General,Director Legal Srvs.,1997,6f423a0755fd90487c3ba0e6991d622bb25de925e643ce7badebdef377252cc5
Ontario Public Service,"$127,779.36","$4,315.38",Attorney General,Provincial Judge,1997,98e367c44a0cc635a945894a5c0324d5ae4359b8c5842b9d0d84c1ed73a11530
Ontario Public Service,"$127,779.36","$2,671.20",Attorney General,"Provincial Judge, OCJ",1997,7b8fcf343b497021c8272a16d789389e22bd1548af0d1b58aded8fe629b8cb1f
Ontario Public Service,"$104,403.07",$298.56,Attorney General,Law Officer (Orillia),1997,52361307a683cb6a1d48d3659f7b5e32ba7f27a96fb17447883fe449e909b349
Ontario Public Service,"$109,583.03",$312.15,Attorney General,Legislative Counsel,1997,ea1c9a53c43d0a3485fbd59fc96d3007f9023f8aaa0d8b240c2e7c3d178e60e0
Ontario Public Service,"$120,346.27",$344.16,Attorney General,"Crown Attorney, Niagara N",1997,43731838f2b605a40983a02b7c0ee6fb630bd6ccc4d5e87a3ca4640072d9659c
Ontario Public Service,"$120,343.19",$344.10,Attorney General,"Crown Attorney, Haldimand",1997,e2541b729a70fdfdbf9d183d07378032cd5b256ff93a38adc23fd371f89b5c8f
Ontario Public Service,"$115,371.95",$330.00,Attorney General,Asst. Crown Attorney,1997,29d2c241869aa8de66fb0e3da8400fb4097eceaeb0f9f997d82160ec1af8a085
Ontario Public Service,"$104,427.99",$297.36,Attorney General,Counsel,1997,c16eda19fd82394945811bd3213f4af0275a37146871659fc675cd85643aeef6
Ontario Public Service,"$127,779.36",$0.00,Attorney General,"Provincial Judge, OCJ",1997,cd32f900006075391c64a369af05dda237fa4175ed8841ffefe176973057bc97
Ontario Public Service,"$127,779.36","$4,315.38",Attorney General,"Provincial Judge, OCJ",1997,5641e28801c382d9abc45009e47d378d66fb0887d9b4e08ceb562210c1511683
Ontario Public Service,"$109,668.17",$312.12,Attorney General,"Crown Attorney, Sudbury",1997,9c3a032aede8f8fb2fcf21b7b9cca918f59a0964ef425f80cc09775f0cf2e437
Ontario Public Service,"$115,362.10",$329.82,Attorney General,Counsel,1997,e5e08f6f8ca05924d0f29ea66ac5bc3814697bfe763268edf54efffadf63138c
Ontario Public Service,"$127,779.36","$2,835.85",Attorney General,"Provincial Judge, OCJ",1997,cc6c8a8fdd2f73d13cdda7c03dcaee4ab0ece08d8d2f9f05b3a27c672eaa51db
Ontario Public Service,"$127,779.36",$0.00,Attorney General,"Provincial Judge, OCJ",1997,1667b4d7f02acb245b069c3882d1867a55340357753c6b698bb332ad09286229
Ontario Public Service,"$104,403.07",$298.56,Attorney General,Asst. Crown Attorney,1997,b334a7f04bbb24966e9428aec759dc60f32eedba28f0889ca0f5b5bd442be553
Ontario Public Service,"$127,779.36","$4,315.38",Attorney General,"Provincial Judge, OCJ",1997,8218fa83c16db77e42d4f311093ac897fc4ed2cbfba6787405d11ee8ebb69be7
Ontario Public Service,"$115,371.95",$330.00,Attorney General,Asst. Crown Attorney,1997,b72f2f673448c07eb60cce6c63929d83e2323b97842c2fab996057857267a862
Ontario Public Service,"$127,779.36","$4,315.38",Attorney General,"Provincial Judge, OCJ",1997,03a7b9ad2644bea18d6c99152b985e97cc98ac6e3d180a3efcbb7636826cbb1e
Ontario Public Service,"$115,371.95",$330.00,Attorney General,Counsel,1997,907cefb1588f0061ec8ea9cfdcb60280b9c9475567fb1dcb5bf39c0326c6ae40
Ontario Public Service,"$127,779.36","$4,315.38",Attorney General,"Provincial Judge, OCJ",1997,f37bf6ac2169d0e72138762620da392551ebd6806a3bf0304272258c07cc3733
Ontario Public Service,"$103,359.60",$0.00,Attorney General,Law Officer,1997,9acc6af90b50eddc5623b4f6af125b700ea46707444a974de6cad64ec9b25408
Ontario Public Service,"$122,694.07",$351.00,Attorney General,Director Legal Srvs.,1997,a5ad2d7425c84c8bd18f51e3885644ba46d622e74271ec65a93566b9ef236d74
Ontario Public Service,"$115,371.95",$330.00,Attorney General,Asst. Crown Attorney,1997,05aaf8f4f27ce86624e5bd0441200e7946e6a2a9003afbe931eb1e891c180a08
Ontario Public Service,"$127,779.36",$0.00,Attorney General,"Provincial Judge, OCJ",1997,c1c958d4776a5c2e9774bb6eeb3f85837d9b7a4a039cfece36c2e693c11e81c5
Ontario Public Service,"$115,371.95",$330.00,Attorney General,Asst. Crown Attorney,1997,56dd3bd01290d6a691dc00dc081630b2eb7f92dcfb13c3a2aed774a61fd4f236
Ontario Public Service,"$120,346.27",$344.16,Attorney General,Director Legal Srvs.,1997,7741dc16c125e6f40f3d14995719939fd9a38a3abeff56bab99a00a1adf4daf7
Ontario Public Service,"$179,939.74",$113.40,Attorney General,Investigator,1997,167d691641ba0a867dbbbae2ca2a282bd316acf2eb6dc66315596f576d43023c
Ontario Public Service,"$127,779.36","$4,315.38",Attorney General,"Provincial Judge, OCJ",1997,3e4a66254fdba9e2350b96781ab30fee0bdafa96d941810a946195c2f0a07f91
Ontario Public Service,"$103,575.01",$298.56,Attorney General,Solicitor,1997,044d803b7af2bd007be71aa381161d123ca0ce9bf0a2adcb292f848196a5e572
Ontario Public Service,"$126,467.84",$330.06,Attorney General,Deputy Attorney General,1997,90b7a2b9928289bba887ff90a9f879ed3383bae463b824263d1a96ac60ec859d
Ontario Public Service,"$127,779.36","$4,315.38",Attorney General,"Provincial Judge, OCJ",1997,bcb10cbb517f705bad465e80c5bdca2675ce3c35ff83919670b528d575267cfa
Ontario Public Service,"$106,688.93",$312.15,Attorney General,Asst. Crown Attorney,1997,5e6716a7350dcfc001b7df49ab80792099e7cec5f2ae0f49be866d047e277774
Ontario Public Service,"$127,779.36","$4,315.38",Attorney General,"Provincial Judge, OCJ",1997,b2561ebed3b0dedb5e39a5c60ac5df03334ce178c2844b1773b23196538444fc
Ontario Public Service,"$139,950.64","$4,726.36",Attorney General,"Regional Senior Judge, OCJ",1997,218953fb9f1ee7e91752fe000378d093a2a7766f5b59eedbc17ea8e28d2b36f6
Ontario Public Service,"$104,403.07",$298.56,Attorney General,Asst. Crown Attorney,1997,e953d835afb9be42e2d0aec48d10ad2e9f71c633d79a957e9a13ebfa10500e9c
Ontario Public Service,"$127,779.36","$1,152.55",Attorney General,"Provincial Judge, OCJ",1997,68d1627207cbefd5eaafe1196cc7848840f818ae8c767696e598b42c0aca3d40
Ontario Public Service,"$127,779.36",$0.00,Attorney General,"Provincial Judge, OCJ",1997,584700b7228230c349c1d613f290f0be6974c9998e3cf8b375f7e17df534928e
Ontario Public Service,"$127,779.36",$0.00,Attorney General,"Provincial Judge, OCJ",1997,8ed421d5b7005098a282a68e7e6c062f4ac011267a95c98a6dc5a533c382efd9
Ontario Public Service,"$104,403.07",$298.56,Attorney General,Counsel,1997,cfd8a669752281db471dca1a2428be3969e95dd946b1003eb296b4cdd8b4961e
Ontario Public Service,"$104,403.07",$298.56,Attorney General,Legal Officer (Oshawa),1997,85331ef7cde04c54cae1978b4cbac023a69d2ecbe389cda2b423accc5a578e20
Ontario Public Service,"$127,779.36","$4,315.38",Attorney General,"Provincial Judge, OCJ",1997,8a3629b2b23dc40cdf179361794ca7e7a1aff187695af718093b6e390accd343
Ontario Public Service,"$127,779.36","$4,315.38",Attorney General,"Provincial Judge, OCJ",1997,a866feaea60b1cc9690fcb6a71d8f220f0405c08f45c41dccfd87896b5920e69
Ontario Public Service,"$104,403.07",$298.56,Attorney General,Asst. Crown Attorney,1997,11fe4b69d21a1a1338e6ff31cdb052329f2e4fb401b9c78df091ccb79bd21467
Ontario Public Service,"$104,403.07",$298.56,Attorney General,Asst. Crown Attorney,1997,f074f3e2b63b789056dfa6d975e5519069a9cba5b8cda661e7e86b965b5d5191
Ontario Public Service,"$127,779.36",$0.00,Attorney General,"Provincial Judge, OCJ",1997,514f9a52587ae7eb77a8d8b8724c1eddbbc84429fd0f0a1e121950f6709d2fe0
Ontario Public Service,"$115,310.47",$329.01,Attorney General,Asst. Crown Attorney,1997,beea9eddacbff12d099d7fda2899db831372a58aa3a6c7290e9574955d37d2fc
Ontario Public Service,"$127,948.61","$2,961.38",Attorney General,"Provincial Judge, Niagara N & S, OCJ",1997,58522d7ee0dd20df3c80a1504ca1b1f357d95b5d0b9e621321f3eb563e2be3cb
Ontario Public Service,"$127,779.36",$0.00,Attorney General,"Provincial Judge, OCJ",1997,0952c904b6d6a9fc14c16d3e6ca15559bb18f0b96ca78105a81a0ee80983d24a
Ontario Public Service,"$104,403.07",$298.56,Attorney General,Legal Counsel General,1997,dc34b6f656abb091fa6ab14ea7224a9a96286b775591fc8f870fea2164cca62f
Ontario Public Service,"$127,779.36",$0.00,Attorney General,"Provincial Judge, OCJ",1997,e4d865a63aaa125c1e03cca2ccc38a609be8f385a3eb1996a2be5feec0a60db5
Ontario Public Service,"$104,403.07",$298.56,Attorney General,Research Counsel,1997,109189ce4a8c93ca945df781bbacbce510ac2df87c4b8e9771f2350b263909b0
Ontario Public Service,"$103,414.42",$294.57,Attorney General,Judicial Research Lawyer,1997,7ac172aa2712fc173356770389f61ee7db42f7fd281061c91c362e9bcce9f6a6
Ontario Public Service,"$102,120.00",$294.63,Attorney General,Ass't. Crown Attorney,1997,4f8eecccd258f274fab53e12e43d9ef734b412d7bee4451cd714d5f02cbf333b
Ontario Public Service,"$104,364.15",$297.96,Attorney General,Deputy Director,1997,4a72fd8efd85545adfe30a0e9fd363dd076e30b6f2bf4df23e1e8a1b7f5c9cf6
Ontario Public Service,"$114,445.94",$325.65,Attorney General,"Reg., Court of Appeal",1997,e9a444a3376230c0fca9d93a6044717ab2132dafb45645d7ae3bc51e5806be88
Ontario Public Service,"$127,779.36","$4,315.38",Attorney General,"Provincial Judge, OCJ",1997,15852fa3ad81d8b043df0333dd52532aa8318a72187dc1828d328dc2f7bca450
Ontario Public Service,"$127,779.36","$2,835.85",Attorney General,"Provincial Judge, OCJ",1997,871cca13ec6968aa12f947140b9f184ef4513e1cb7ff4d24dafacc7760af2190
Ontario Public Service,"$127,779.36","$4,315.38",Attorney General,"Provincial Judge, OCJ",1997,41798205139af2eb75855f2d05610d61d61b23251caef2404bf60a7e45162eb2
Ontario Public Service,"$127,779.36","$2,835.85",Attorney General,"Provincial Judge, OCJ",1997,fd591ded632feee49f079a1503544cef158a5529641d09d29fd2d431c78edbd9
Ontario Public Service,"$104,403.07",$298.56,Attorney General,Assistant Crown Attorney,1997,1361f054ea5a8182b39bdd235fbd1cad1321e4de9aa3106fb43b9ddffbc5c200
Ontario Public Service,"$127,779.36","$2,671.20",Attorney General,"Provincial Judge, OCJ",1997,a706e05d2e3e5f091ed63c42ab959014358a4ebb019a3395ae1019f082f14a37
Ontario Public Service,"$127,779.36","$4,315.38",Attorney General,"Provincial Judge, OCJ",1997,03f8155b8397e2d660920e673c445fb50f7dedef768ec63d968171289886c8de
Ontario Public Service,"$147,010.55","$4,865.18",Attorney General,"Commissioner,OCJ",1997,ad27f3fcf0104cfa076d6bef6a4af49d7f1bcf494751a3699b2d7b7d79a9e102
Ontario Public Service,"$122,849.24",$0.00,Attorney General,"Provincial Judge, OCJ",1997,a7d27c617727060647af50aa86cd3f77427d27cc0378587d7c9f7ea5d5ad230e
Ontario Public Service,"$104,403.07",$298.56,Attorney General,Law Officer,1997,1fb3b6777e6d35c43d30703da90c290eaa6be07d70663ecdf28e5d41c4d753bf
Ontario Public Service,"$120,336.56",$344.01,Attorney General,"Director, Legal Services",1997,539a9a78ce4a9f1f576cc4f110c9e803711a44762460300109efbcf5ddf2c65a
Ontario Public Service,"$109,584.07",$312.15,Attorney General,Senior Solicitor,1997,7b47496551399e9ed479a386b9ada3c4c5c17053c6e0fee9f05ee29deb386204
Ontario Public Service,"$109,732.78",$314.46,Attorney General,Counsel,1997,dd359509ea7edb01c98bfd963523335405bc4f73a39395cbe049655d9c003524
Ontario Public Service,"$120,295.35",$295.65,Attorney General,Counsel,1997,e644aacd4d53e4d5aa6b0ba4b96d936018254a1526ec59f936b530058ecf2753
Ontario Public Service,"$127,779.36","$2,177.25",Attorney General,"Provincial Judge, OCJ",1997,77b665daea6dfdb2027ab95bdd443485c51ec3cbeb77a7385f5e3441bfa358be
Ontario Public Service,"$127,195.95","$2,671.20",Attorney General,Provincial Judge,1997,94055ceecd40e5772af979bf5faaefc42ddf1b0739cf2a892d187965a53c27b3
Ontario Public Service,"$105,382.66",$300.48,Attorney General,Legislative Counsel,1997,418d53d298c19cbddfbdf2bd033fab93a55220d9749eddf198f84c3b7db5d175
Ontario Public Service,"$143,001.21","$3,910.32",Attorney General,"Associate Chief Judge, OCJ",1997,e52743cd135e5e6df78683dc91a575c05abd4d9dc067ee3e07cf47f9b5af63ff
Ontario Public Service,"$127,779.36",$0.00,Attorney General,"Provincial Judge, OCJ",1997,b39565a5a662956412ed0fe936740fbe87b4cc8715ecd8fb7007612136b9530e
Ontario Public Service,"$112,552.67",$320.61,Attorney General,Counsel,1997,9d2b92e39a2a35f9d4296bf36479d9f033d0be2981853cb97bee56566259d455
Ontario Public Service,"$104,403.07",$298.56,Attorney General,Asst. Crown Attorney,1997,787e40432f1a8712090234bab73c7082ba33ad4d13be4ef0ec084f332d36221f
Ontario Public Service,"$127,779.36","$4,315.38",Attorney General,"Provincial Judge, OCJ",1997,f3ff232dcd62a8e99d12457edbc0ad3f8f16a2a18d0e99b3d5140a1a4d5cda0b
Ontario Public Service,"$127,779.36","$4,315.38",Attorney General,"Provincial Judge, OCJ",1997,9d40c4293d2b24beab949a4324ccfd2a087a08bd4c366ff92e17d4e64f7b4b69
Ontario Public Service,"$104,403.07",$298.56,Attorney General,Solicitor,1997,ce25e1a5f0cf5cc23d82f00b2fd1c40eed543c60bb62d63f12d051bcf70c0e21
Ontario Public Service,"$130,156.48","$4,315.38",Attorney General,"Provincial Judge, OCJ",1997,74daa2a681a1e049c87c735041c383e9815f24401bdb998ea05b371baad6128d
Ontario Public Service,"$146,033.17","$3,617.20",Attorney General,"Chief Prov Judge (Cd), OCJ",1997,a9a5b3ace7c8069efa8364259278c0a2170133884a31c4172e2637349b5be8ea
Ontario Public Service,"$127,779.36","$3,329.80",Attorney General,"Provincial Judge, OCJ",1997,eaf6ec1fb6038d7e41e29a0f1f7b42702298954349747bba6dd9ad43d8814cf2
Ontario Public Service,"$115,371.95",$330.00,Attorney General,Asst. Crown Attorney,1997,19e432c4e6f13561f3bdf19eac99b57155a397fb8d72bad82868ad37e719afa6
Ontario Public Service,"$115,904.27",$330.00,Attorney General,Director CLO-CRIM,1997,ca0c5ef3c76985ce3900234ec13a738929a7d4afc3bcffcbd96c38b6989a49f2
Ontario Public Service,"$127,779.36","$4,315.38",Attorney General,"Provincial Judge, OCJ",1997,1cf938a34c2ab5e9b1122f173460b7068601b066d36cc309ae7709bf5211ad63
Ontario Public Service,"$127,779.36",$0.00,Attorney General,"Master, Supreme Court of Ont. OCJ",1997,e27324c658ea32b37491680ee0347949b4012d25502029b7fdbf0ce332474c50
Ontario Public Service,"$104,403.07",$298.56,Attorney General,Solicitor,1997,0a2ed20f1061ec536cb73770fb5a78abaf0b31a6651a9c31cda203b0df4206e1
Ontario Public Service,"$127,779.36","$2,671.20",Attorney General,"Provincial Judge, OCJ",1997,4b4179cc653a3e6ff3fda48448f39bf39c925e798348b31259a700dcfe9e4c2c
Ontario Public Service,"$127,779.36","$4,315.38",Attorney General,"Provincial Judge, OCJ",1997,c7cb627d87e2f10108943a10e901a41efa27b4b27e561dafcfce85c752f6b8e4
Ontario Public Service,"$109,583.03",$312.15,Attorney General,Asst. Crown Attorney,1997,b2a1816b1221292558478d51afacef42eb0d24d3e4bfe11639924cebcb7b442d
Ontario Public Service,"$115,371.95",$330.00,Attorney General,Counsel,1997,9c0563d2f247731ecdaddea876702d3c7845ba4404eb16ab911148bcc519a14c
Ontario Public Service,"$122,694.07",$351.00,Attorney General,Reg. Dir. Of Crown Attorneys,1997,5a714726a4917ee2b2605ef88975c6a422d56365ee74f4eb4e24fddaf656d295
Ontario Public Service,"$123,499.57",$305.86,Attorney General,A.D.A.G. - Bus. Improvement,1997,dac724797166c9a6a4353c0ba3ef5adaec17ebfd5105ca9a802d0b9c811f3fc5
Ontario Public Service,"$104,403.07",$298.56,Attorney General,Asst. Crown Attorney (Des),1997,8bfa6c0678b089ccfb1444bb6572f272d792bca01562c3db6da3d0551b79760b
Ontario Public Service,"$103,351.26",$0.00,Attorney General,Legal Counsel Gen.,1997,721d63eb58fb71cf95800df00a33c2a310f2711b113a7ef949c5437e6300889c
Ontario Public Service,"$104,403.07",$298.56,Attorney General,Counsel,1997,e5be91cc1756646ded99c752cad027ad673a0c10cace7b3b013f0eb1dbce52d6
Ontario Public Service,"$104,403.07",$298.56,Attorney General,Solicitor,1997,847a08acc45bfa47bf8c9b3fd599ae2b37efad08dce5bb7065ab3065fbfcfa06
Ontario Public Service,"$122,442.77",$349.91,Attorney General,"Director, Crown Operations - Toronto",1997,89d85a13c432dbfed90c7c993ff26ea3a56c4fb6c5474ea0781f0467989a6f51
Ontario Public Service,"$112,594.72",$304.86,Attorney General,Counsel,1997,9b89ba27405470da5eb89e235138c6bec4f7b9353bc08386b192a1b167a5f549
Ontario Public Service,"$103,209.78",$292.29,Attorney General,Cr Atty S D & Glen,1997,b8353930438418653d8576f0bf0112f227a030d5d31113de07577826a5dc3aaf
Ontario Public Service,"$127,779.36",$0.00,Attorney General,"Provincial Judge, OCJ",1997,6a76e9909dcfb4fd1e307c4bbebdafccfd31563c5033e06e531d231f9f101ceb
Ontario Public Service,"$115,371.95",$330.00,Attorney General,Asst. Crown Attorney,1997,878a1ac0d01c3d0b7bbbafe9361b06407c8a325895d95617bb6c8ec3efdfe5ff
Ontario Public Service,"$127,779.36",$0.00,Attorney General,"Provincial Judge, OCJ",1997,aaa3b8485cedfe0cbf14a8e78edcab1cb11045360b0bf4416f041966d3178c68
Ontario Public Service,"$113,944.03",$324.54,Attorney General,Asst. Crown Attorney,1997,f4b85400cd8eafed62df42fbee9cbedeb06f8b0910cc1281c5b0b3d074b5f6b3
Ontario Public Service,"$127,779.36","$2,341.90",Attorney General,"Provincial Judge, OCJ",1997,b2f30310fe1c923f705eb4537f1763a91b87098d5faba8483a9f829534063479
Ontario Public Service,"$104,403.07",$298.56,Attorney General,Legal Officer,1997,f274447b3a68156ba6de44904f37bb6c734caefa0ad6e5c93864fbfd2aaad1b4
Ontario Public Service,"$127,789.36","$2,506.55",Attorney General,"Provincial Judge, OCJ",1997,7b0f6acdafbba0d94bfdf4edc26a6ea4517954c2b2bc7b080866cdc25be52a87
Ontario Public Service,"$127,779.36",$0.00,Attorney General,"Provincial Judge, OCJ",1997,334dd1a0f67d47d3de539d9096224b7875d6c5b98176a94285b395b4f40cc8da
Ontario Public Service,"$127,779.36",$0.00,Attorney General,"Provincial Judge, OCJ",1997,ecf1e8ccfde9d39cca0388a5ab994b72ee01704af0fb296595c1d660ade6b342
Ontario Public Service,"$127,779.36",$0.00,Attorney General,"Provincial Judge, OCJ",1997,572d9b066c80bd803d93b3f7ca2e24fad72966fff29a766382d020795ac241a7
Ontario Public Service,"$127,779.36",$0.00,Attorney General,"Provincial Judge, OCJ",1997,da7d673cd9c970605a930dd23ccc2183a51248a364b6e30ef6e4e8ab62c92539
Ontario Public Service,"$104,403.07",$298.56,Attorney General,Counsel,1997,402697a866e2a4e25e170eb5160ff86150db95046ba48b41b99bb47f98ad03d8
Ontario Public Service,"$102,499.30",$290.36,Attorney General,Director Sp Invest Unit,1997,b7fbabf7d05d1f41edc534dbcd89a07da656dea9f153fccfd8ba2f7aa1c55f87
Ontario Public Service,"$127,779.36","$4,315.38",Attorney General,"Provincial Judge, OCJ",1997,dfca64830cdb1b54782d5667e17ccef4444f7cfbcfddc48f46a6b6e0b85c15d3
Ontario Public Service,"$127,779.36","$4,315.38",Attorney General,"Provincial Judge, OCJ",1997,fca5c215a500f5040804a42f3811e5cb2c9218ab49c3a369cbfded3334e781e2
Ontario Public Service,"$104,403.07",$298.56,Attorney General,Counsel,1997,a76d4f59406cecabb7a3e02f07ef8e1769cdd2adc7657312d7d09262fa9a8201
Ontario Public Service,"$125,618.03",$359.28,Attorney General,General Counsel,1997,3d375540623764956dd0c2da24ea81fa902163b3afe9b361ac96a411e28383d3
Ontario Public Service,"$104,403.07",$298.56,Attorney General,Asst. Crown Attorney,1997,b94b790213bcd456ea589dc226b0d4afbf9175d6caa51ee76b2f8d8894ec404d
Ontario Public Service,"$127,779.36",$0.00,Attorney General,"Provincial Judge, OCJ",1997,b760fc0f513745ae08357e8b2f55773ac541bd02ee9f5f266adb15ad2a6456d6
Ontario Public Service,"$127,779.36","$4,315.38",Attorney General,"Provincial Judge, OCJ",1997,a1e4aeb370304e24ad60b30d0ae16e9cc896712c86199f76f0ed143c814579c7
Ontario Public Service,"$127,779.36","$4,315.38",Attorney General,"Provincial Judge, OCJ",1997,8e0efcb2517a826aca710a9e63065d6bc61bf3eda812ccd49ab02bdb940ca573
Ontario Public Service,"$104,403.07",$298.56,Attorney General,Asst. Crown Attorney,1997,0e9afaa4517e3c24ddf373fdbf33efba7c3cf5056b132d03866e4c8918489b4c
Ontario Public Service,"$111,671.64",$98.40,Attorney General,Investigator,1997,f7325c44615026c63586093953304fa983401980fc3fb25a2acb78f6cbeab24e
Ontario Public Service,"$115,371.95",$330.00,Attorney General,Counsel,1997,4020cf70eb40281bb03e0838fdf1e3a3ad31f5fd72002d509971198c7358fac0
Ontario Public Service,"$115,371.95",$330.00,Attorney General,Counsel,1997,d436254d63682511edcbd37218b24d5d8a58de45f01c3340728d5af5a6ef6cb4
Ontario Public Service,"$115,371.95",$330.00,Attorney General,Legal Officer,1997,1213a548c8af9674b0fcefde770f77ebf3465fd95b09ccc2a11b3e59795bf071
Ontario Public Service,"$104,401.45",$298.56,Attorney General,Solicitor,1997,0eccecf6235526d96cc6c7d3fc03ba6370e9e75e35ea5a21dc267aefef3c902c
Ontario Public Service,"$109,499.54",$313.71,Attorney General,"Director, Legal Services",1997,74bab9d4cf257a5257b251fe74f2d1db6f471a5a1ece755e717c0bc5c8794f5f
Ontario Public Service,"$115,371.95",$330.00,Attorney General,Asst. Crown Attny (Des),1997,6db4518672f3e223abfc7a616d683320cbb4cfe235f34281501b6bf4d34b797b
Ontario Public Service,"$103,193.08",$312.15,Attorney General,Asst. Crown Attorney,1997,f0869899e0eacbb8eac00ed58a684269c257e0b71748be2212a98545f65cf6c4
Ontario Public Service,"$104,403.07",$298.56,Attorney General,Asst. Crown Attorney,1997,56b7add9417f8b5d9c6ba54e457af9f53c725b130e0683a6c90317f8a8c03684
Ontario Public Service,"$113,144.43",$280.17,Attorney General,Asst. Crown Attorney,1997,e47998ee0a81e7a05c802c10df707af334006fc908c8712e4b1eb04ff916991e
Ontario Public Service,"$104,403.07",$298.56,Attorney General,Asst. Crown Attorney,1997,4e33b4b31ced7b539c72878c978a8781b2ea8548218ef0c0395ff912633ca321
Ontario Public Service,"$104,402.26",$298.56,Attorney General,Solicitor,1997,6313f3318c68b4295ed457c39259f9ea96fce359fa524387be265b77191e68c4
Ontario Public Service,"$120,343.18",$344.10,Attorney General,"Crown Attorney, Prince Edward",1997,ea6bce34a543d1983b3009eeb1686dd58d1971ad6a025358d1b1f4c4fc19bb89
Ontario Public Service,"$106,640.80",$303.42,Attorney General,Asst. Crown Attorney,1997,a3ec8259c34dfee4561ae1cdba0af902a8b38816657266f06f17ceabb740b043
Ontario Public Service,"$127,779.36",$0.00,Attorney General,"Provincial Judge, OCJ",1997,06ab6f858ef2b76d454af44eafd4cb7b4beaac6ce28dd7125111b23fd4675883
Ontario Public Service,"$122,694.07",$351.00,Attorney General,Special Advisor,1997,9df80e12c28019a52867b21341bcd5fe749aa7e4064c9be268c8c7366eff497a
Ontario Public Service,"$114,872.07",$329.01,Attorney General,Group Leader,1997,2216f8acdcee96aedc0e1b0826f841de6f9f8bec0f58f1dbbfd070c0f4755865
Ontario Public Service,"$120,346.27",$344.16,Attorney General,Crown Attorney - Frontenac,1997,e6745acd6b5d0ffd5ce4a386fede6619edd76b6aeafee431fa9a614505259b13
Ontario Public Service,"$117,424.28",$334.56,Attorney General,"Crown Attorney, York East",1997,c2cc23a91cd9f0b4069883413a106ebba07dc2fed9cf402f6aa8c5c6579a49b5
Ontario Public Service,"$104,360.62",$297.90,Attorney General,Crown Counsel,1997,4147ce367d4650ff0cc446becae76fa30a877cfb9de599106a3f91455ac67569
Ontario Public Service,"$124,375.23",$355.80,Attorney General,Children's Lawyer,1997,ace3c2598c609371af223b912ced0529c36d89d04dc2ca2ddfe82bfede241e4b
Ontario Public Service,"$127,779.36",$0.00,Attorney General,"Provincial Judge, OCJ",1997,c3b7d7aa9baaf91c697839cb7ab446e70babb34fbfed38134e163e82aab14bbd
Ontario Public Service,"$104,403.07",$298.56,Attorney General,Counsel,1997,88373ca5343831f7d7b7d92048dce72223f0934d2fc3df84723474e2d1a867bb
Ontario Public Service,"$127,779.36",$0.00,Attorney General,"Provincial Judge, OCJ",1997,ca3e53da0809f002c0ef0fb2e756122e7c9929abd92f10898783eb99b0634cd7
Ontario Public Service,"$109,584.07",$312.15,Attorney General,Counsel,1997,9f8abde9ee9660bdb245eb37fa4385881e335343ef7dd30d13f9cc4a5df9d87c
Ontario Public Service,"$127,780.59","$4,315.38",Attorney General,"Provincial Judge, OCJ",1997,d920dbbd242cee5dd81364591a4e9918d03f269d0f43f20a3c2081e40913e24f
Ontario Public Service,"$127,779.36","$2,138.13",Attorney General,"Provincial Judge, OCJ",1997,c66473fe761efe69fc5ad5c923c60d47ad6cf67eb653170ca0142b51b0117b2a
Ontario Public Service,"$109,002.31",$307.01,Attorney General,Counsel,1997,41277c34f4ddefad7fa9a845c33962e721ca0ea1a69d779ff80c69e6c6b8272d
Ontario Public Service,"$104,403.07",$298.56,Attorney General,Counsel,1997,679bff365d2cbad139f044f2ac9dc33868af3531406462ffd3729884b174e56d
Ontario Public Service,"$139,950.64","$4,726.36",Attorney General,"Regional Senior Judge, OCJ",1997,fdeefb8240e192ec3c6681d8f5afa1fd4b325d6b470176254bf780c55b1d3e0e
Ontario Public Service,"$127,779.36",$0.00,Attorney General,"Provincial Judge, OCJ",1997,afcc9cd9d8f7cf783ac1f25e7785725250fa8488d6300d0bf8103fb4dfad23d4
Ontario Public Service,"$104,403.07",$298.56,Attorney General,Counsel,1997,0eadf8bdf26c42b57d2369203760f9f7f76477fb54b89ac5118fb50397fab981
Ontario Public Service,"$127,779.36","$2,835.85",Attorney General,"Provincial Judge, OCJ",1997,26bc2715f8a32e7c64172908b323a6ba2bb905ccbdf42145cc7ca3469c2e4e60
Ontario Public Service,"$119,687.33",$297.75,Attorney General,Asst. Crown Attorney,1997,0fef382ab29239a45c025930e84005d9f670fee1f09249da828ec7f3d2208e3b
Ontario Public Service,"$125,618.03",$359.28,Attorney General,General Counsel,1997,f1768782fe34fdcc85194f6374501c20154ea9cd1c56c852f0bc078c41d08e43
Ontario Public Service,"$120,526.87",$344.73,Attorney General,"Crown Attorney, Thunder Bay (DES)",1997,95b27f990694a56a6a8509e1485ae1d4cc561269af84fac996a93a5de607aaa7
Ontario Public Service,"$127,779.36",$169.25,Attorney General,"Provincial Judge, OCJ",1997,5c15a671c9896845a002cad2dd4201a0e611e2583408077442301506ca80f71d
Ontario Public Service,"$108,870.99",$0.00,Attorney General,Counsel,1997,5dd97c66559b1089bbf9cf7bb176406f1efcb460b9aa87310d9d04fb5d40d8e7
Ontario Public Service,"$139,950.64",$0.00,Attorney General,"Regional Senior Judge, OCJ",1997,2bcf349b0572ab68b6572fd866b4e308c05e1635834298a70f24f182c4213469
Ontario Public Service,"$127,779.36",$329.30,Attorney General,"Provincial Judge, OCJ",1997,627c4681bdbd187b76fd756fb28d3ea457962d4c2c28be645673a9b929db2992
Ontario Public Service,"$104,403.07",$298.56,Attorney General,Counsel (Kingston),1997,faf72c15d02ee98a56ad2c818576412de38ad50e22d7415ca50d747236bca390
Ontario Public Service,"$104,345.36",$297.66,Attorney General,Director Charities,1997,399d658489b7c4b3c5d8a8a5656daf7d7de9bf7d7fecd0a6a1ee557016e4c2ab
Ontario Public Service,"$127,779.36",$0.00,Attorney General,"Provincial Judge, OCJ",1997,17c58172ffe512689a2a779312c24d1892ae023da9046f09b7b2412bd4c5247a
Ontario Public Service,"$120,343.19",$344.10,Attorney General,"Crown Attorney, Huron",1997,b55fe0d7b0630c4ee57bc4c35dc27928de943c2796b6883ce4ef838b1fd03059
Ontario Public Service,"$127,779.36",$0.00,Attorney General,"Provincial Judge, OCJ",1997,9ed69a87cb9b4150e202c0e42377d22a9515ff7dcff0d273c8c24dbc0349420a
Ontario Public Service,"$104,403.07",$298.56,Attorney General,Client Lawyer,1997,9b72cdc9cde82e390611db96678e31ee52f0eda600c4ea02305764d95155d241
Ontario Public Service,"$127,779.36",$0.00,Attorney General,"Provincial Judge, OCJ",1997,a96d9d3c2cf56badcdc247fbb37feb8241d7e2c19c9b7a75b39327c84722ed74
Ontario Public Service,"$115,371.95",$330.00,Attorney General,Asst. Crown Attorney,1997,3130f95e86431b0b84e7632a8e9a6f01a1847eba98962bc8260bc912dc24f09d
Ontario Public Service,"$108,628.07",$307.92,Attorney General,Counsel,1997,be5bb8772b17fe00572726eec108f4a9447851d85f89c8ccd1ef0a9e45f0a5a2
Ontario Public Service,"$104,397.56",$298.47,Attorney General,Legal Officer,1997,692b3c2f82ee1b48a81f33b15c892eb690d3563e4e0e134a1d07f3b01d2f1cb6
Ontario Public Service,"$127,779.36","$4,315.38",Attorney General,"Provincial Judge, OCJ",1997,f6eb0e0ccbe780825f95d100fdbbf3f4a06eaefa91b8a29562b20dc9b19f7258
Ontario Public Service,"$110,956.82",$316.36,Attorney General,Crown Attorney - Waterloo,1997,911ed5ef3463193685ec616a39bf99f5f2312fbfd37bd536e4790d7dc1ad7ec0
Ontario Public Service,"$107,388.97",$276.68,Attorney General,Counsel,1997,f84818118882eab1dea76194f540aceddb192a5f60515305284d01fb8ca7796e
Ontario Public Service,"$115,371.95",$330.00,Attorney General,Asst. Crown Attorney,1997,ae326d2faae17bc0293d7aa72d90505feb6e9b54d4e7ba2f1c3a8c876fa99946
Ontario Public Service,"$127,779.36",$0.00,Attorney General,"Provincial Judge, OCJ",1997,2ee808068b12670bcc21853ceab9505bb1519941b4ef42b217f67b3484400c1e
Ontario Public Service,"$127,779.36","$4,315.38",Attorney General,"Provincial Judge, OCJ",1997,1928250b96c72ee1747524b16a15b90581b2276404913b6eeadb4f9bd449ae7e
Ontario Public Service,"$127,779.36",$0.00,Attorney General,"Provincial Judge, OCJ",1997,4b6cb7aea6227d6ed15e15e99f8974373fc60cc01115cbec97c6d987f758a2bf
Ontario Public Service,"$115,371.95",$330.00,Attorney General,Asst. Crown Attorney,1997,acbaf9fec7161f18a2e819674dc3b9598bc16b42c124190febad8994e6d30010
Ontario Public Service,"$104,402.74",$298.56,Attorney General,Counsel,1997,c0b853b9cb3022956719bae23233f9ed485253796dbdbf34178b8bd0777c47a3
Ontario Public Service,"$104,402.81",$165.96,Attorney General,Asst. Crown Attorney,1997,a39c1b1f8d8a2c6560727034c0034b2d27b418b6dd4566270320c7b65574cf49
Ontario Public Service,"$104,403.07",$298.56,Attorney General,Asst. Crown Attorney,1997,cbb4ffe4cbb19367f8c3272aaeea6c5a885ec2d6e3e56370e07fa04b72e4e3f8
Ontario Public Service,"$104,403.07",$298.56,Attorney General,Solicitor,1997,34003537c2b14a1a8e7853b19f44398a63095ae3b8734700d2474e8e7a7a4ab6
Ontario Public Service,"$127,779.36",$0.00,Attorney General,"Provincial Judge, OCJ",1997,a54d8f84d8bed58ebe62f29c5a6e765f6d828561cc142e601f1d1defdc812c5a
Ontario Public Service,"$103,571.61",$286.32,Attorney General,PUB GRD & TR ADAG SOC JUS SR D,1997,1fd236f531dc61661477c3a5008e0e24729f935259bac1796146f4ba507fa555
Ontario Public Service,"$104,617.20",$296.55,Attorney General,Asst. Crown Attorney,1997,7fbb0b2c80fa1c2d783bc570be2911037d5fa14514e875f9ab70400ded1e1ce2
Ontario Public Service,"$127,779.36","$4,315.38",Attorney General,"Provincial Judge, OCJ",1997,48e83d80a8a4af01c19cbc874970f19103481109c9a3101a2b3b6a96fad46452
Ontario Public Service,"$104,403.07",$298.56,Attorney General,Legal Officer,1997,44a435fe402481395591f1a1af214d4fcebdc2dd2a9a98ad100cd72e7e0c88bc
Ontario Public Service,"$102,572.74",$291.87,Attorney General,Asst. Crown Attorney,1997,65091179680bbd6be9f4552de916d9de324dfdb027ee02c2f02236c266f42cb7
Ontario Public Service,"$120,566.67",$329.82,Attorney General,"Crown Attorney, Halton",1997,cf9421a091040dd016e695054b98665ccbae047e4bc87ffa7c5dee0d24db33b8
Ontario Public Service,"$127,779.36","$4,315.38",Attorney General,"Provincial Judge, OCJ",1997,4a2783715c9ab3d2cc9db0556877a5a912ac1215b89f87e8dc8fa8dc6cc79686
Ontario Public Service,"$127,779.36","$4,315.38",Attorney General,"Provincial Judge, OCJ",1997,4e0663c8dd2b3d6d8cf38dd4b68f3b78d323a4e6e91e9f1883c1d710d4c63df9
Ontario Public Service,"$104,001.68",$298.56,Attorney General,Counsel,1997,840b72c5d9c9b9aacd73af9c3f986ee54a8de74080b7e448a2c624b0922a734a
Ontario Public Service,"$127,779.36","$2,671.20",Attorney General,"Provincial Judge, OCJ",1997,a6c4a0682dc6c50b5c3607485764ebc794c94dd65eb164d5fe4fc588c39a1e53
Ontario Public Service,"$104,402.55",$298.56,Attorney General,Asst. Crown Attorney,1997,8cb804613938f3d6633fef9c4dff663d03499e7007bc17d7b577eb532b875ed6
Ontario Public Service,"$127,779.36",$0.00,Attorney General,"Provincial Judge, OCJ",1997,6da227f147413b0210fbf7a6616b3bf88dc883f2a823d63e83adbf969e306de5
Ontario Public Service,"$127,779.36","$2,671.20",Attorney General,"Provincial Judge, OCJ",1997,c2ae211e51a5a710072d76e1b8f29f9fbc3fa3eb52c4c34fc4c8d3568df5fb26
Ontario Public Service,"$131,080.08",$327.24,Attorney General,"Director, Court Operations",1997,a7657a1bcfa48c8af12dd755035780f04db68482dfe843e7ac9796f0b672e0a1
Ontario Public Service,"$127,813.86","$1,663.74",Attorney General,"Provincial Judge, OCJ",1997,2c29ca6b130bf3a791a1d608b9d330d76c37c978ea9454490de412b905cb4b02
Ontario Public Service,"$124,585.49",$295.03,Attorney General,"Director, Crown Operations C.W.",1997,52b9036a9a8f5ba18e8a1d7bbcbc67089ad1ecaef996071d9b9c74edb3a1d99d
Ontario Public Service,"$127,779.36","$4,315.38",Attorney General,"Provincial Judge, OCJ",1997,71bb9b37fec8dad0de758ec354e4d819b7243c5226247180d0feb6466c542b3f
Ontario Public Service,"$116,804.96",$332.67,Attorney General,"Crown Attorney, Prescott & Russell (Des)",1997,8e00ca3649b712fd8350ae2cf7ee0441891e9a3aa8ed1a3aa5240579b7f87e03
Ontario Public Service,"$109,585.03",$312.15,Attorney General,Asst. Crown Attorney,1997,4dc5a6199bbe3876e6c2f4a7be1c59ebc3950c129703608c08262c89870b7033
Ontario Public Service,"$127,779.36",$0.00,Attorney General,"Master Supr Crt Of Ont, Masters",1997,2591d91998b394bdc2b81af327a6c499e29e065a784f3596b8dd732664c987ae
Ontario Public Service,"$103,418.22",$294.57,Attorney General,Asst. Crown Attorney,1997,fa56718d8c9d4d9b1448349431b2dee093c6c816522ecedf6ca3beeaf853dc08
Ontario Public Service,"$127,409.40","$1,015.50",Attorney General,"Provincial Judge, OCJ",1997,4afff742fc330ac70f45268d405b1a7f083e24caa112c0d972f4b9f2558b38f7
Ontario Public Service,"$120,346.27",$344.16,Attorney General,Director Legal Srvs,1997,395707a9af6bfdcf8083bd664ca1900577327ce560ce677c607cde160261de6c
Ontario Public Service,"$127,779.36",$0.00,Attorney General,"Master Supr Crt Of Ont, Masters",1997,c72f93de2a2d6af79dfcefffdda693fac7664eeb2b5c5f58cc22d31965cb5964
Ontario Public Service,"$127,779.36",$0.00,Attorney General,"Provincial Judge, OCJ",1997,ad5ff89aa064905b807655e883ce2772f44a8d544792bf8efbe00aa7d6dac591
Ontario Public Service,"$127,779.36",$0.00,Attorney General,"Provincial Judge, OCJ",1997,272ccca1170eb0867bbc106a935b26ef1e06ef89156550ec5d357e0ec966254d
Ontario Public Service,"$127,779.36",$0.00,Attorney General,"Provincial Judge, OCJ",1997,afafa8a0919b906ebab4aae4ff0ec028b38ef37835c26398de708f35cd73c3fe
Ontario Public Service,"$127,779.36","$4,315.38",Attorney General,"Provincial Judge, OCJ",1997,492f2c857ace035dd40270f1fdf63ea5fb4da557b962c08d34a7f446e59e718d
Ontario Public Service,"$120,346.27",$344.16,Attorney General,"Crown Attorney, Oxford",1997,b4caf59083ed43525c9910b59fae7c580d44d069d36cf2bad7cc9178ce6bfbc5
Ontario Public Service,"$127,779.36",$0.00,Attorney General,"Provincial Judge, OCJ",1997,7008823189635bed3fad979037fd62fc420e2761844eeb7cffd85b91024d612b
Ontario Public Service,"$115,371.95",$330.00,Attorney General,Senior Counsel,1997,39d8d01b121322640071338540c5bd44d5b8351fe571b9fa5ddbf6dff4e91f6b
Ontario Public Service,"$104,065.40",$296.37,Attorney General,Asst. Crown Attorney,1997,71c503eed11a5dcf19587a0a06c510205d2095276cb88550a46555af9a3fa16d
Ontario Public Service,"$113,912.57",$330.00,Attorney General,Asst. Crown Attorney,1997,1d9ff1e60b02003e71e7238df9c082350eabac15e28afb3d892e4e87ba6fda4b
Ontario Public Service,"$115,371.95",$330.00,Attorney General,"Asst. Crown Attorney, Team Leader",1997,18d1329a0e3f960487cde54f527ad1188296d953eb67ba4d3b3a31cf185c4157
Ontario Public Service,"$115,371.95",$330.00,Attorney General,"Asst. Crown Attorney, Team Leader",1997,d604c5b3d293118eaa7d2f4232f4a2790b8bcdf22ff27883270e770fd8c41581
Ontario Public Service,"$127,779.36",$0.00,Attorney General,"Provincial Judge, OCJ",1997,3d8b0f466a62ab0d6f0be04aeb2d2889f2d0db5c9003bfc91d211aad842e2ae1
Ontario Public Service,"$104,403.07",$298.56,Attorney General,Asst. Crown Attorney,1997,602fec18ae3f092302d2c97bdc8273716246ae238442b2dce25f5cb96ea1dca9
Ontario Public Service,"$115,371.95",$330.00,Attorney General,Asst. Crown Attorney,1997,861b342b24a54f12d15d894e7aa69ebc63944f16794ff1d4d1fec6e83e2bd8d0
Ontario Public Service,"$120,346.27",$344.16,Attorney General,"Crown Attorney, Grey",1997,5a63b1c29faff7e1aa9586d97bdcdb15bd2bde75672e02e886b7faf350d7b76d
Ontario Public Service,"$115,310.47",$329.01,Attorney General,Crown Counsel,1997,fe760a2056ff453dcf0001bb86a6d316aba05e6c65fc169089f944eb8132f161
Ontario Public Service,"$103,414.36",$294.57,Attorney General,Solicitor,1997,6cd8f2ff859953e9374582ccc52fbb4767f2070c6552b19af764ff0b66e5b935
Ontario Public Service,"$109,584.07",$312.15,Attorney General,Group Leader,1997,1b0e92d6f7fead068d88de7885dedbb602ebe336f8a42c3e79e226ec47c7dcd9
Ontario Public Service,"$127,779.36","$2,671.20",Attorney General,"Provincial Judge, OCJ",1997,a0a9683990a6b4aa3b0ba5f3b29166e634a63b4fa55cd05272ab98f6e2b4cdf6
Ontario Public Service,"$127,779.36","$4,315.38",Attorney General,"Provincial Judge, OCJ",1997,1bcb14d044bf8af1cd59a8a0314da459494f8cf1077d83bc69b0d452d3a5d705
Ontario Public Service,"$104,403.07",$298.56,Attorney General,"Reg. Counsel, Windsor",1997,c5cbc411544335f8249a0dd0f8f928479aa3529e576cc1ed6cfe66db689a9486
Ontario Public Service,"$127,779.36","$4,315.38",Attorney General,"Provincial Judge, OCJ",1997,3bb4405c8bdbecfa56e6fbb43a14800922e419068243c4019c6c98356208080d
Ontario Public Service,"$127,755.17","$2,860.04",Attorney General,"Provincial Judge, OCJ",1997,9a5728b7adf7ca08ff1ccd0236057a30c32456f6f00da0fc3e62586aa2377206
Ontario Public Service,"$127,779.36","$4,315.38",Attorney General,"Provincial Judge, OCJ",1997,ff6e509b2a3238123e7eae0a0477e70f2c9ab398c95328f5123c92aef745f99d
Ontario Public Service,"$127,779.36","$4,315.38",Attorney General,"Provincial Judge, OCJ",1997,62f333d031604176ae3ccb9ba53bf709f01ea90a5405c3d1b1a51c662ca37a0a
Ontario Public Service,"$111,309.95",$330.00,Attorney General,Asst. Crown Attorney,1997,6c8577662056527ca21c3f46974a1cc9f2b22dac0b1b9a2deb61c31be19e0ed0
Ontario Public Service,"$124,375.23",$355.80,Attorney General,Chief Legislative Counsel,1997,d77f0ecd9b013efa4728a86f482196605a56467fa91b58482bb530ab1a33804a
Ontario Public Service,"$127,779.36","$4,315.38",Attorney General,"Provincial Judge, OCJ",1997,af80c4b6ea8d66dae8ac1c22904b064f66a29e210f0e0ab9e90f8d6db64ff707
Ontario Public Service,"$104,403.07",$298.56,Attorney General,Lawyer,1997,dc254f487e3f199086fbf368e27673f6f5d874579da744ffcd8862164200990b
Ontario Public Service,"$115,371.95",$330.00,Attorney General,Senior Solicitor,1997,73b6cd918090f1f410b5863a055c73b0c53d8df3dd17d11d2096981736da2c1a
Ontario Public Service,"$115,651.26",$337.38,Attorney General,Asst. Crown Attorney,1997,03f3b531868f150bddd5ab627b58b826b39f8f22651372a1c3e7eb6af14fcfb8
Ontario Public Service,"$142,992.10",$0.00,Attorney General,"Associate Chief Judge, OCJ",1997,5e840ce9d094deb32dbf18d6177fab605e9b4fee1fbb58415f236163fcbcf3ff
Ontario Public Service,"$127,779.36",$0.00,Attorney General,"Provincial Judge, OCJ",1997,4b05a8fbc5e3941cf5886cbae9c4a9df42df8da414ab3af9582925e9cfc38f15
Ontario Public Service,"$115,371.95",$330.00,Attorney General,Sr. Counsel,1997,3f7ac2931ad72b1a34d2a4c027fb559ab010a6b3cef394f7ed9e606f7fae9765
Ontario Public Service,"$127,779.36",$0.00,Attorney General,"Provincial Judge, OCJ",1997,8c1d12818222230ed4d674aac2b302918f7c56bc15427c07309d0c307fe4b1c9
Ontario Public Service,"$120,346.27",$344.16,Attorney General,"Crown Attorney, Niagara S",1997,03ea0baa31a13d62b16c28fd92b52235c6d30fd2448d2e1418b77705ca1f4ee0
Ontario Public Service,"$127,779.36","$4,315.38",Attorney General,"Provincial Judge, OCJ",1997,f37fb7103b2202ad7aaa1e79e99ccf54b17cae2da004bdd6682baabc7045fc00
Ontario Public Service,"$109,584.07",$312.15,Attorney General,Solicitor (Des),1997,c1962b0293c0d66f484e31e3ebfa1db4f186acc758af82ef4b2ba2c2820a0b4a
Ontario Public Service,"$112,667.53",$320.97,Attorney General,Asst. Crown Attorney,1997,38f992cbb3cd40cb4a20e2f0dc7853b38f7b2d6eaa0cef496d078f0f68c733d8
Ontario Public Service,"$127,779.36",$0.00,Attorney General,"Provincial Judge, OCJ",1997,3e6351d05c0a16c0803c025ee5056d19feea69be8d9a15a90d20e7e6ba042e18
Ontario Public Service,"$122,694.07",$351.00,Attorney General,"Dir, Crown Law Office Civil",1997,053188b82646d1a5fc80babe017dd940194ed7e8311e48d3c372441cd8d610fb
Ontario Public Service,"$109,583.03",$312.15,Attorney General,Senior Counsel,1997,124f60d451835f848291026399000163ebea418df359245c6400ebe07f6c1f89
Ontario Public Service,"$127,779.36","$4,315.38",Attorney General,"Snr Provincial Judge, OCJ",1997,e8403695854b7699681b191b8c1c5d36a27ac4c27ec96d649252e063b2d9c0e4
Ontario Public Service,"$100,084.94",$284.82,Attorney General,Assistant Crown Attorney,1997,a3155297267694ae39ebd3b9a575f58eb8e22fbe1b028d109250a7ec9dc4c0b0
Ontario Public Service,"$115,371.95",$330.00,Attorney General,Asst. Crown Attorney,1997,c36c9241e3c9b8a71b22cfada20449e6c9fef1ae817f30b761e5ec9cbb6ed22b
Ontario Public Service,"$104,403.07",$298.56,Attorney General,Legal Counsel,1997,951bef9b43a96d90d72bb84ead5fe98d2e9e2985d5bcae554079afc25309400e
Ontario Public Service,"$127,779.36","$4,315.38",Attorney General,"Provincial Judge, OCJ",1997,044d1e4475a6334874856dfa3c7b163600b1312d2f2ec5d833bbac4f2cd9aed8
Ontario Public Service,"$127,779.36","$4,315.38",Attorney General,"Provincial Judge, OCJ",1997,56c1c957b2c4c9206714e87b780ab3aad54e958ecc66832ac6d8545fb20206ae
Ontario Public Service,"$102,477.01",$276.15,Attorney General,Asst. Crown Attorney,1997,5e362b8be0f8047ea599388542425551c8f472993e5ca9d2aa654ba6f081c923
Ontario Public Service,"$104,403.07",$298.56,Attorney General,Counsel,1997,f7fa47c355f0f53887e3051851cc2512bcad10876b9d529cbefb712feb8e59c4
Ontario Public Service,"$127,779.36",$0.00,Attorney General,"Master Supr Crt Of Ont, Masters",1997,5b1a2ca1f004d401d9e81443c1946bfaa44589afaa50c88fe0133cf2f98a16c3
Ontario Public Service,"$127,779.36",$0.00,Attorney General,"Provincial Judge, OCJ",1997,b346e3f56fc7f15e2b5e90c9bac8922ce7a3b3247f6a1ae4b61d7dfc34c8ca6f
Ontario Public Service,"$127,779.36","$4,315.38",Attorney General,"Provincial Judge, OCJ",1997,e00b9c6641ae0776b9d1852ed519ec86902013eb1ef728cb6b70718b4d683abd
Ontario Public Service,"$127,779.36",$0.00,Attorney General,Master Ontario CT,1997,376be31a4d61748dcf2125bc8d017ccbc1d99f40541794987078c57c0abc92b1
Ontario Public Service,"$115,700.42",$330.00,Attorney General,Deputy Chief Leg. Counsel,1997,087e47e34968d333408761239eaafd9284d3f36caf3dc2eeb1fb7f2500b6c295
Ontario Public Service,"$127,779.36",$0.00,Attorney General,"Provincial Judge, OCJ",1997,8d838b9edee590f3e56b9e97143ec434fbb231d3d338069c74e383036958317e
Ontario Public Service,"$120,346.27",$344.16,Attorney General,Crown Attorney,1997,b11c168a89b78c48cd1e68561db1069304d1c90795cccf6275101d5461ed29ca
Ontario Public Service,"$127,779.36",$0.00,Attorney General,"Provincial Judge, OCJ",1997,a4588b56bddd8edd2317d41816887d32a6c0538805d23299dcd5c2b8c906d21d
Ontario Public Service,"$127,757.93","$2,835.85",Attorney General,"Provincial Judge, OCJ",1997,6bcc192be20da38f5eba266928100751d31cf99514b500ea874394649cc95749
Ontario Public Service,"$122,694.07",$351.00,Attorney General,Dir. Crown Law Office-Crim.,1997,3775d6658a06a358dc2df886c82158b7023404bcac7d4dbe3c92577904095fc6
Ontario Public Service,"$127,779.36",$0.00,Attorney General,"Provincial Judge, OCJ",1997,e3c72fd2b38665e1404ea46ea4e69632030ff41d80505066c8feede881c60dbd
Ontario Public Service,"$120,346.27",$344.16,Attorney General,Director Legal Services,1997,730cb727933e9031d0ea95477e01352eb2cee867243e279248425cb13a5634ef
Ontario Public Service,"$127,779.34",$0.00,Attorney General,"Provincial Judge, OCJ",1997,d035688809d5bca8b57810dd47fda46392e59cb537df0d5f6d1e55374d5170d1
Ontario Public Service,"$127,779.36",$0.00,Attorney General,"Provincial Judge, OCJ",1997,1f90414ebaa1edc62e0bf1ff2cb322f411bd6dbc493e93d484d564c243c9e34f
Ontario Public Service,"$127,779.36","$2,671.20",Attorney General,"Provincial Judge, OCJ",1997,013639e1d17b239e240bdf80f2f4ce4a2d883480044319fd4cfe2d45b412aad1
Ontario Public Service,"$103,031.31",$322.14,Attorney General,Asst. Crown Attorney,1997,62498b3a65e3927900c8a22479a8331a61f209e90482b9751783c733b22fcd2b
Ontario Public Service,"$115,371.95",$330.00,Attorney General,Counsel,1997,773ac302c4c6b6442da4dc9ffa3bfb44566a3bda23b9ddd7474939010a129213
Ontario Public Service,"$120,346.27",$344.16,Attorney General,"Sr Counsel, Revenue",1997,292b09d4e2e530403be9e0aceaa419b9211365f6d11562f8bdfba4dd08e347ee
Ontario Public Service,"$107,090.83",$304.74,Attorney General,Crown Counsel,1997,9416afe26ec51e7af02996cfa923d51bf31aff199ace41ec5132a2fb5d7021af
Ontario Public Service,"$127,779.36",$0.00,Attorney General,"Provincial Judge, OCJ",1997,a636e814eb530b3920c5c3cd078efda7a2396d33ab57c2541624cb8c140720b6
Ontario Public Service,"$120,343.15",$344.10,Attorney General,Legal Counsel,1997,7766ae001b8f0ffafac2a9f9055303058536e6f2edb745b1cafb0152c61ba4e9
Ontario Public Service,"$127,779.36",$0.00,Attorney General,"Master Supr Crt Of Ont, Masters",1997,f5d6fc9740a40f3580b3f5b2fd4ed10d9297472608f7f27c5ed45c79c4132afb
Ontario Public Service,"$108,895.33",$308.33,Attorney General,"Director, Legal Services",1997,6c58046d4ec29affa5fc096fe536a6a5ae247588d4e6d46ab32f476809471af1
Ontario Public Service,"$108,519.86",$309.15,Attorney General,Asst. Crown Attorney,1997,7481859e2c397bee6f39b4e43615bb566212c6c0a85c18ffb58390da7bc069b9
Ontario Public Service,"$127,779.36",$0.00,Attorney General,"Provincial Judge, OCJ",1997,ae5f93c57c09b302ac72487978088c0ddec70edf03257072d2b642e0c3917550
Ontario Public Service,"$115,371.95",$330.00,Attorney General,Counsel,1997,d317160eb66df4b10a335704462cdbc9a47a1a51b6bc85ae881647813cf4ede3
Ontario Public Service,"$104,403.07",$298.56,Attorney General,Legal Officer,1997,2adedbc6730f3b90f9017b4f4011ba57bf2a49aac21bda31c0edd8f33f42401c
Ontario Public Service,"$101,455.48",$294.84,Attorney General,Legal Counsel,1997,b11e2b29e0cac52332ca34504d5fead87eb777f8cc825f3d91192089b14490ab
Ontario Public Service,"$121,155.44",$298.56,Attorney General,"Sr Sol, Rent Review",1997,00aa7e5c467c8f3732741cbf21ab16064deadca9291de5f81ebef4c1fd57241e
Ontario Public Service,"$127,779.36","$4,315.38",Attorney General,"Provincial Judge, OCJ",1997,04787a0713f3fa38e0ab733631441ce449f5352b1f74074ed0299607a2f5653a
Ontario Public Service,"$102,534.25",$241.23,Attorney General,Deputy Legal Director,1997,7960fa8c208bcf8adc2ea6255bdfb81b7d90edadbad97c50a49b9b95b6f91350
Ontario Public Service,"$120,346.27",$344.16,Attorney General,Senior Counsel,1997,385d0b9596e90d8f0ddfe8f03c14aaa5f8273e7df57f8c92036a3827e2856b53
Ontario Public Service,"$120,346.27",$344.16,Attorney General,Counsel,1997,3a7ad9fa3649a59029c9665ff361d37259b02f567c5cc46e8977ef2ac12a1d74
Ontario Public Service,"$114,837.91",$0.00,Attorney General,Asst. Crown Attorney,1997,354c086afd3a82cbb7df03da4d2d0ea66d762d3b2991a0bded98705091d7c36e
Ontario Public Service,"$120,872.36",$298.56,Attorney General,Legal Counsel,1997,b6d79c78c3b00b1316a9dc96068a05a623603a99c1a4c3e2bab3de85bd5e6bbe
Ontario Public Service,"$127,779.36","$4,315.38",Attorney General,"Provincial Judge, OCJ",1997,65fa997d872dbc9a1a2f49da28a12590bdc18eb27a345a4fd3d35c329597b197
Ontario Public Service,"$127,779.36","$4,315.38",Attorney General,"Provincial Judge, OCJ",1997,e30d840795839bc8138734004c8825eb0926cb0a2d3ef5aa200eec0c09248d2e
Ontario Public Service,"$120,346.27",$344.16,Attorney General,Dir. Legal Srvs (Des),1997,9bd196f5db1efc6945fa3abb753ccc3f393208b1c2c6dc182a765e3a3372dad2
Ontario Public Service,"$125,618.03",$359.28,Attorney General,Asst. Crown Attorney,1997,82efc4597045b745a221545aa33fcfcb19031a07f644871b2c7f418d8c4ea69c
Ontario Public Service,"$127,755.17","$2,849.60",Attorney General,"Provincial Judge, OCJ",1997,759638e6b1749bf7b3847e1caac54e689d7ba12634dcf0a6fcd5f93c9b25b7ce
Ontario Public Service,"$120,346.27",$344.16,Attorney General,Director Legal Srvs,1997,706a0881597174f4329a86065e2f99e9d06d2e7b29e398ea9433ecee1561ab61
Ontario Public Service,"$103,414.36",$294.57,Attorney General,Counsel,1997,006446f3e5fabb408600b69cc891f6244fc471c48e5ac0729e1cba9e651f1593
Ontario Public Service,"$120,345.75",$344.16,Attorney General,Director Legal Services,1997,d5d9d495e8b3b8f47b94b66d6de8dfac43dab675178c97a661d1ee317f9e0dac
Ontario Public Service,"$104,403.07",$298.56,Attorney General,Counsel,1997,2ba9e35a14d4a10dc0855672bc9caa499365e05e8cf1f91375e97302d735cc77
Ontario Public Service,"$104,333.62",$297.51,Attorney General,Legal Counsel,1997,6b003c750cd5dbba136e868da5021c9087c4cf633388fd3b750d642549a10036
Ontario Public Service,"$127,779.36","$4,315.38",Attorney General,"Provincial Judge, OCJ",1997,4828d5724c02a2b7b1b5a2ece0ec3908457b5e6d60a1fcf4a1c3db979c70ed3d
Ontario Public Service,"$127,779.36","$3,659.10",Attorney General,"Provincial Judge, OCJ",1997,7edb45520b37e0f4893f8b0c5b7e4cdbcc645fca9d2c0122937c049f0eaafa4d
Ontario Public Service,"$110,052.65","$4,964.01",Attorney General,Deputy Minister,1997,4f6f3ac7ddf229ed5473eac6407ecf85371ecbe656214c4612ff247caf967f10
Ontario Public Service,"$120,346.27",$344.16,Attorney General,"Crown Attorney, Peel",1997,d49dac1f5e9bfa3c0343bf12115ffc613ce682dc74a5a1eb27564e870ec944d9
Ontario Public Service,"$104,612.29",$297.51,Attorney General,Counsel,1997,3b87593569b34501b6463fcbcdd4e38d6fad2fa9022ca1ed26b681671e38b2bf
Ontario Public Service,"$120,343.30",$344.10,Attorney General,Cr Atty - Cochrane S,1997,1d85121684b5feef243d8a145bb36ed9bcb8402786296c5b5adab2925168e7c5
Ontario Public Service,"$120,346.27",$344.16,Attorney General,"Crown Atty, Northumberland",1997,7a480c2607baa9e87e9b797063b903f1e0fff876d40927238efde16414f7bd45
Ontario Public Service,"$121,122.18",$100.74,Attorney General,Investigator,1997,aecbbc10fd5d7dc799809098ac2ebc6cccfa0373bd4d794562beb1a576f621ba
Ontario Public Service,"$148,904.39",$391.86,Attorney General,Deputy Minister,1997,5fa60194e6ec2aa93f9c82164ae135c016dc4ef26109bf71e8f3c19083c60b7e
Ontario Public Service,"$127,779.36","$4,315.38",Attorney General,Judge PC (Civ D) Toronto,1997,80d298753f3d6c3cefb4dc2047edf07d066be2e91cf00b5a545f66fae1549675
Ontario Public Service,"$127,779.36","$4,315.38",Attorney General,Judge PC (Civ D) Ott.,1997,d94b3a728e9fc68606f9193a30bc60a93a85490f093bbca4c2da1851637fa5d7
Ontario Public Service,"$127,779.36","$2,671.20",Attorney General,"Provincial Judge, OCJ",1997,32b152ca75f045793eaed709d6315ae71cb383d4b6ff30e83dbd02ac004ea521
Ontario Public Service,"$115,208.37",$327.42,Attorney General,Sr. Counsel,1997,1bc437416a78ca24562495faaa3afe9c74a999226792e88d2bfd1218cc0f3d26
Ontario Public Service,"$104,403.07",$298.56,Attorney General,Solicitor,1997,0530011f585e234d81ab60e80e202d2994d205d61a924dfb932598df705de938
Ontario Public Service,"$116,200.57",$330.99,Attorney General,Solicitor,1997,1768b3f54ea5b00d8ab28c7a1a0f512d195479c51d841fd0405339e1084a364a
Ontario Public Service,"$115,208.26",$327.42,Attorney General,Counsel,1997,1b09f00eea48606f9aee0afb3bfaa84e9c514cde6118a52bfa8d2d061017ec14
Ontario Public Service,"$104,333.62",$297.51,Attorney General,Legal Counsel,1997,8fb86f8778aa6c073331af431e304d8a508ffb994a98257bb3546a11bdfb45be
Ontario Public Service,"$115,372.21",$330.00,Attorney General,Counsel,1997,59d2ed38282aa8c0aa231b9ff4271800926d12c962223dc36b5ad8d430be3275
Ontario Public Service,"$111,360.08",$329.04,Attorney General,Counsel,1997,feb7dc3cf7c71c9b7536b6cb422bc1463c0934167fac964611c23cea4f49940c
Ontario Public Service,"$104,403.07",$298.56,Attorney General,Asst. Crown Attorney,1997,43501e4c76667e52eaffbd153959e8784752bd996aa535d0bd979bbc4d781cb8
Ontario Public Service,"$120,323.55",$344.16,Attorney General,Cr Atty Parry Sound,1997,8d654f8e6660ac0bbc473095343f6cf4cb78c9b2fa0f631c8b9a79201df01dbb
Ontario Public Service,"$104,403.07",$298.56,Attorney General,Asst. Crown Attorney,1997,54be61b46fc521df048f37c5c4d8d0adbdcf8faf85ff3c126e1de8bebd35852e
Ontario Public Service,"$127,779.36",$0.00,Attorney General,"Provincial Judge, OCJ",1997,5e866560077d81d8ee0ef0272e9de307c9c9f46daf084da2ecaaabe151437013
Ontario Public Service,"$120,346.27",$344.16,Attorney General,"Crown Attorney, Lambton",1997,fb06517dd22b4d3af0de4956dc83731508b7cfc2d94f97273215c80901e050ee
Ontario Public Service,"$104,403.07",$298.56,Attorney General,Asst. Crown Attorney,1997,0f2cf3a69a0b2407030ef1c48cae55c15843c365ba533bde1ca7082c773f6b43
Ontario Public Service,"$115,371.95",$330.00,Attorney General,Counsel,1997,932027151734a0b9d3b7c8704c89e0b51397d09159fc6ded7ba706fabb37e779
Ontario Public Service,"$121,829.70",$344.16,Attorney General,"Director, Legal Services",1997,e1afe62eb64ab1daaf08faab828a7f42f2bf00d03d13d28fa4a9bc2b60670834
Ontario Public Service,"$127,779.36",$338.50,Attorney General,Provincial Judge,1997,fd552321cd69fe288babe7d46015fdcfef9f6e5e265e7615a2bdf785281553dd
Ontario Public Service,"$115,060.20",$327.69,Attorney General,Counsel,1997,a290fbfdd1944d211853a4974ef701277642293ee72c5e7e5660135196e228e3
Ontario Public Service,"$102,173.28",$291.09,Attorney General,Solicitor,1997,5149a3c219db88c6e45c8d10e779e0d6b3f01b1a4da29e8f5acde1eb413aab67
Ontario Public Service,"$127,779.36","$4,315.38",Attorney General,"Provincial Judge, OCJ",1997,7b04c9b210bafe9f2f572da0f3e9736f1c2ae11457529e30f06c26244311a97c
Ontario Public Service,"$127,779.36","$2,835.85",Attorney General,"Provincial Judge, OCJ",1997,5ba849e36ccb6bc86d90697126b33cd4eff4e25fe14b216133cd5b4dc7b0994c
Ontario Public Service,"$120,856.83",$344.16,Attorney General,Director Legal Services,1997,35435099270be6bf482eb4810d745852a1c2843cda66c952eeb0ba2a006eeabe
Ontario Public Service,"$127,779.36",$169.25,Attorney General,"Provincial Judge, OCJ",1997,4a994f8a0b86d055769d9ed2542fe906169edfeb1f1baf7448915ccf81d8c079
Ontario Public Service,"$127,779.36",$0.00,Attorney General,"Provincial Judge, OCJ",1997,bcf806b5eb19a0b34ae8c8458bf3db9b53f57aa0ef7322721408b9bd042b9cbb
Ontario Public Service,"$139,950.64",$0.00,Attorney General,"Regional Senior Judge, OCJ",1997,981f2a338e1df295906685b1bd0d1d74fc7665c43d976670bbf4bf2427238b99
Ontario Public Service,"$104,403.07",$298.56,Attorney General,Client Lawyer Team Leader,1997,804d91522b1acd1ec26381e1ec4cf367ac4f9bdeb13461793de2ac16029ffc9e
Ontario Public Service,"$120,346.27",$344.16,Attorney General,"Crown Attorney, Algoma",1997,cefe7c13b28fccf4ede0b4f76828ef912ab39e1a38687df2f3b46e42e06a6d18
Ontario Public Service,"$120,346.27",$344.16,Attorney General,"Crown Attorney, Lanark",1997,cd47a777f3f3d043e2f744795f4b142fc961bc5a7e48c3c35c2eec7ab0f4b143
Ontario Public Service,"$123,119.50",$303.06,Attorney General,Counsel,1997,341c742204c58257e1c92ba241b0c7967c9693742a9f81de30f9d2973ec98b29
Ontario Public Service,"$127,779.36","$4,315.38",Attorney General,"Provincial Judge, OCJ",1997,775685f65989c04b01484174945ab65968e96ab81dec8db0eb83640412028cac
Ontario Public Service,"$127,779.36","$2,835.85",Attorney General,"Provincial Judge, OCJ",1997,c1d9d0cb600e4cbb8d7e453ac838fa726c202e47d2114e99374b6aa8ce81b231
Ontario Public Service,"$104,403.07","$4,011.86",Attorney General,Solicitor,1997,73d25bb2d996eaf7114db34005f01edffdc0dcc60161cba2bacac07db03f6735
Ontario Public Service,"$106,170.51",$176.86,Attorney General,Ass't. Crown Attorney,1997,45d7243b95c0c0fbda5b1d7689263777ee2c3bb7d1317d82da289c96f523812a
Ontario Public Service,"$115,371.95",$330.00,Attorney General,Senior Solicitor,1997,2d516c5e61d19d95926bdf64a90251ec075b1aee14c8d8d9d15a75068ca50841
Ontario Public Service,"$127,779.36","$4,315.38",Attorney General,"Provincial Judge, OCJ",1997,07e26d6d53ab397330d3f86f392a4bf311b4c407abd6a08c01f1af9d1e68bb3d
Ontario Public Service,"$119,660.20",$341.01,Attorney General,Ass't. Crown Attorney,1997,823c963e5bfdfe041d6246c679b2330afbf04cdd668712c010366f0d8e0b92f5
Ontario Public Service,"$127,779.36","$4,315.38",Attorney General,"Provincial Judge, OCJ",1997,b2048bfd6ba550d62418316fbeef3d1be4b9304e6890298f020045aab8b97976
Ontario Public Service,"$127,779.36",$0.00,Attorney General,"Provincial Judge, OCJ",1997,14b51d8bafee7cf27d8df5283ebff59beae5158b550ac743d4817ba290abe4cc
Ontario Public Service,"$127,779.36",$0.00,Attorney General,"Provincial Judge, OCJ",1997,32d5e3c93163df015192158d3aadae37be3828f099d0abe0c48fd5861bf54e56
Ontario Public Service,"$127,779.36","$4,315.38",Attorney General,"Provincial Judge, OCJ",1997,2020f2ab301b8e8983eb4a892d4187c64bc117bd42ac4dfb1c86d3feb9b02dd6
Ontario Public Service,"$122,694.07",$351.00,Attorney General,Reg. Dir. Of Crown Attorneys,1997,0f6b9ebf10a0a1b3cadfb4d0912fdb75506f06ada58722878655dbc596624f3e
Ontario Public Service,"$115,061.24",$330.09,Attorney General,Deputy Director,1997,b901f7460ad8162904422981db79b440dac9d51a570bb67579be1e436f08021f
Ontario Public Service,"$127,779.32",$0.00,Attorney General,"Provincial Judge, OCJ",1997,691c0c534b53950f3d00c30cd164297ea584efd9cf170bf9837ec4798591b096
Ontario Public Service,"$120,346.27",$344.16,Attorney General,"Crown Attorney, Dufferin",1997,d367525aac768532d709dc9822fadd7bdabfb48aa3002019c08a01266abf718a
Ontario Public Service,"$107,983.05",$293.53,Attorney General,Counsel,1997,4279361f9114e239e811b41f8c6a1f0e196d35697a32b06e683c4c264b04f616
Ontario Public Service,"$106,510.42",$303.78,Attorney General,Counsel,1997,daed8aed17405a8e8f2a57a064673e3495152711caef53acb4ed4272179afd95
Ontario Public Service,"$127,779.36","$4,315.38",Attorney General,"Provincial Judge, OCJ",1997,238a3772f871c16a0b8dc490c4ab6488a1a3ec9c0e51914d98ca2812266cb8a4
Ontario Public Service,"$120,346.27",$344.16,Attorney General,Director Legal Srvs,1997,d40a03d5b2d4b296371dc10e756ae413deb7809e1503e49b0c9aa991b38c5f32
Ontario Public Service,"$126,194.38","$3,933.58",Attorney General,Provincial Judge,1997,bb55953d9b2a70b5910dde9359ec3fb113cc1dc07b6ddacde04fab42beca980f
Ontario Public Service,"$104,403.07",$298.56,Attorney General,Leg. Counsel (Des),1997,d56f81db83812cac7ce20006edf6b0ac4e6ab8ea357ce72106a2346d1f3cdcd0
Ontario Public Service,"$104,403.07",$298.56,Attorney General,Asst. Crown Attorney,1997,03fad9f46d197a73314fdaa17ff80aac8e3da58f762530b6f7b5be2eb9a56dea
Ontario Public Service,"$127,755.17","$2,530.74",Attorney General,"Provincial Judge, OCJ",1997,92d7f15ee28a8fe49bb7fe84582d15535b7092257be11c45f696b08baec4c086
Ontario Public Service,"$127,779.36",$0.00,Attorney General,"Provincial Judge, OCJ",1997,437885f1d5e426cc4e50b0b36c1ca0b4c2e1bd1abc1f05d459037d9336b8a2f7
Ontario Public Service,"$119,484.75",$300.09,Attorney General,Chair Brd. Inquiry (D),1997,dbd4b5514059f002c88647191c1925922d28bf6c1dce6424424053e21fab75fd
Ontario Public Service,"$127,779.36","$4,315.38",Attorney General,"Provincial Judge, OCJ",1997,5fbfe14bb5a62ffc4d0d1a16cbda0bd8ee2c65de0b2d9f8574110fc0ec3106d0
Ontario Public Service,"$103,752.81",$299.31,Attorney General,Asst. Crown Attorney,1997,c0bc70cc9ad8e189c3dc3655defc1e80fcbe5cb6e67ba86793f9e9a55c90b001
Ontario Public Service,"$127,779.36","$4,315.38",Attorney General,"Provincial Judge, OCJ",1997,5280458c688fb4d96a0e6e316ac0ba851d31364f9b14006ae620ec3193f942ed
Ontario Public Service,"$127,779.36","$3,165.15",Attorney General,"Provincial Judge, OCJ",1997,1ea6a4f2f561b47365a62aea110fb3426c76b8c7b6ceef02acfb0bb88bb40d61
Ontario Public Service,"$104,403.07",$298.56,Attorney General,Counsel,1997,e2765516b592a1464fe2eff47b6328a516e13e27a35c4689a87b3a058f8b7fdf
Ontario Public Service,"$127,779.36","$3,165.15",Attorney General,"Provincial Judge, OCJ",1997,b4dbad35ee574aa396613158739c9dd2e822b07fc004b619329f60ecaa35345a
Ontario Public Service,"$139,950.55","$4,726.36",Attorney General,"Regional Senior Judge, OCJ",1997,10c4ecd2c201b2c344f5ae856139bbd82ac6a7737ad5afacd9b9c048b72c77de
Ontario Public Service,"$132,131.61",$307.57,Cabinet Office,Adm- Communication and Corporate Services,1997,9df39c50eabc70203b284db6cfd671eb5014b3f0e69de6e4da7fe6ab5a84a105
Ontario Public Service,"$183,456.65","$7,206.64",Cabinet Office,Secretary of Cabinet,1997,a17c163f85b7fcd2b12c190c218e06ceb867446fb373cccef3760b4cc4799279
Ontario Public Service,"$127,643.85",$326.50,Cabinet Office,Adm Policy Coordination,1997,be17183d8f5cb40694ff1c21dc27a46c8b5f442dddd52c24ce303140332bad22
Ontario Public Service,"$104,402.89",$298.56,Cabinet Office,Legal Advisor,1997,98ccf4ecffbdf34c02fc90284c8150755346a5a75a2ac2bf5ca9acdf5ba87264
Ontario Public Service,"$161,496.18","$5,321.83",Cabinet Office,Deputy Minister,1997,3d76dc2b8e22a17671e971be3c4486968fceec25df711fe8c435f3dc6a2e6927
Ontario Public Service,"$186,710.23","$3,450.65",Cabinet Office,Deputy Minister,1997,ce2befd43f47b99a8da5ffae55686e2b38d8582ee7b58066440c08e57b98cf47
Ontario Public Service,"$107,033.89",$281.46,Cabinet Office,Dir- Red Tape Secretariat,1997,f955da002a576f5da72810827e132037ee30b5ab54e9129352eaa6a5b876530f
Ontario Public Service,"$164,686.53","$8,995.38","Citizenship, Culture & Rec.",Deputy Minister,1997,efdf656851454b4796bb2903401c739152311894e0c8bf13e6df44b372a669bb
Ontario Public Service,"$116,955.59",$316.21,"Citizenship, Culture & Rec.",Exec Dir- Ont. Human Rights Comm. (OHRC),1997,664fec65214a332bd9a34752be039e4337e1b6789879c4d8af7801f0a3693b6f
Ontario Public Service,"$106,752.19",$284.16,"Citizenship, Culture & Rec.",Dir- Citizenship Programs Branch,1997,38f038273bd759789cc41704c5459d559b12bc5153e95f078a6ab1e45ab50e6a
Ontario Public Service,"$131,546.34",$341.68,"Citizenship, Culture & Rec.",Adm- Citizenship Division,1997,c5139cbb49473750561d4026bc973cbd896c6910a0d4f74ef051c421b81707df
Ontario Public Service,"$103,633.82",$338.04,"Citizenship, Culture & Rec.",Senior Counsel (OHRC),1997,ea399449a045bf5cea5b464732e23e1eb82d12747ed2aeda1957a7b5c05bc602
Ontario Public Service,"$112,987.18",$304.48,"Citizenship, Culture & Rec.",Adm- Regional & Corp Services Division,1997,785457d336fc0bb923842684fc6b65fca1a7f4a2f46d1124cfa46cdfef475ea3
Ontario Public Service,"$122,694.07",$351.00,"Citizenship, Culture & Rec.",Dir-Legal Unit (OHRC),1997,6cbe02c4094bdf5945ac765b7c11f17f6604a0a570eca84bfdb29ada72560821
Ontario Public Service,"$121,818.31",$311.19,"Citizenship, Culture & Rec.",Exec Dir- Ontario Heritage Foundation,1997,5b502e915f9f6764462b24d541f205dba3ed86c5fe036839a132e506063952c5
Ontario Public Service,"$119,445.17",$316.43,"Citizenship, Culture & Rec.",ADM- Culture Division,1997,d3499560fe3885e56179129d264007aefd25b8e35384025ef9452cdf0c85f1f8
Ontario Public Service,"$105,158.01",$254.43,"Citizenship, Culture & Rec.","Dir- Policy Branch, Citizen Division",1997,e434e82777459f8fcca846128d18eeef4d3caf8bacc0425dc90852f7a6fac381
Ontario Public Service,"$104,782.67",$299.64,"Citizenship, Culture & Rec.",Chair- Board of Inquiry (re OHRC),1997,d42c323c752d6e2421cbb81e116f551fed2b228fc10a41dd1c5fb1e415e9669d
Ontario Public Service,"$104,782.41",$299.64,"Citizenship, Culture & Rec.",CEO- Ontario Film Development Corporation,1997,157eb701f6b633e2b4612d4887b728c44d86eb6e6e33ad3db22b4190f705e0ba
Ontario Public Service,"$116,732.43",$316.45,"Citizenship, Culture & Rec.","ADM- Sport, Recreation & Regional Serv. Div.",1997,4a503294b26c3bef37c08d7f056fc1d07edf6258d06a39e203a10868522261e5
Ontario Public Service,"$117,204.86",$315.35,"Citizenship, Culture & Rec.",Archivist of Ontario,1997,87382311093740985aa6b0ced815ee22d70eb1c84ce4020327752ba169f19b10
Ontario Public Service,"$155,962.63",$408.87,Community and Social Services,Contract Psychiatrist,1997,8686b7c1ff0be06371474191424e7e7b2c784b2c2f7daa9bce3dc7ed99f55e89
Ontario Public Service,"$100,564.68",$247.04,Community and Social Services,Administrator - HRC / AOC,1997,98ed4749b2b8edd0ed7f0c3b014c786123bd62088e8ead8660ba2f1e65193d48
Ontario Public Service,"$127,604.73",$312.23,Community and Social Services,Adm- Program Management,1997,d847c1ad2687cd0aaeb1cd9a745f7e6d3319718551e6fb0a3e552a93001e0a24
Ontario Public Service,"$115,961.70",$248.20,Community and Social Services,Area Manager - Windsor,1997,ee967745b17cb0d59c7c176e6a1c45ab21caa685e40f5d70556432d90f9d8b2d
Ontario Public Service,"$120,351.47",$307.80,Community and Social Services,Project Manager - Who Does What,1997,d946c88389ebd0ed0d58d1a94903ea4a217297e5ece2611190921a8505d9ccd0
Ontario Public Service,"$118,908.25",$320.49,Community and Social Services,Dir- Biochemistry,1997,2b7445fe4516c1be6a39a4686b99dfc3f8b966843c1d4c8791766d2b44c3ed55
Ontario Public Service,"$131,370.92",$353.56,Community and Social Services,Deputy Minister,1997,d08786f10718bdb5560d44cf5c808d37a7c4d2e66b3d4cc19f2de9c33021e5f1
Ontario Public Service,"$102,405.50",$274.67,Community and Social Services,"Administrator, Prince Edward Heights / Picton",1997,83dbe3f4ff3f8110c5f6b67e4aad1f34a2b6687cf387795fe72a1a69190e121e
Ontario Public Service,"$140,659.05",$404.04,Community and Social Services,Contract Psychiatrist,1997,3b900c5b2e45acd4d4802cf1a2938c0f84a91b00bd47559de2075260e9f717ba
Ontario Public Service,"$116,739.55",$333.84,Community and Social Services,Staff Physician,1997,b7df81a82ccac2424c9a5aefedab2d41e4e97bac0e3d52d1ed2e7311bc7f331e
Ontario Public Service,"$114,010.03",$310.04,Community and Social Services,Associate Dir- Queen's Health Policy,1997,ab676b9c31f5736dac94fb08c0c7c9d71a81a30f84f0974eb476d77a5b9591f0
Ontario Public Service,"$120,693.70",$321.00,Community and Social Services,Adm - Business Planning & Corp. Services,1997,cb10ea8bf29dae065eb215100698be29ba79fce06ee5f56d7839b2155ee7ed3c
Ontario Public Service,"$101,283.69",$245.98,Community and Social Services,Dir- Human Resources,1997,31d1df6923d3e4e7963b8d0bdd3bcc8d1a2f5600ca555ffea5e381c2db34b985
Ontario Public Service,"$128,358.71",$307.49,Community and Social Services,"Adm- Children, Family & Community Services",1997,27427529d0eda1736850b9a9bc438580819f3070916b0a4627a74a23cb5a56a3
Ontario Public Service,"$101,491.01",$258.48,Community and Social Services,"Supervisor, Medical Services",1997,0b40aa2d03f13424f75b8260ef35247f8872b9b017f7d056f6146bdb375486cf
Ontario Public Service,"$148,233.35",$388.63,Community and Social Services,Contract Psychiatrist,1997,c4f889b88ae28849fb2f2d28d7c788989d76777e8d23da61dfb3aa9c148b890a
Ontario Public Service,"$107,584.42",$303.83,Community and Social Services,Adm - Who Does What,1997,2f7a69e271e6b64b96c03b3eae63f4b5067f28ff0ca7c09a1b27ede3c86c99e4
Ontario Public Service,"$127,634.50",$229.88,Consumer and Commercial Relat.,"Ass't. Deputy Minister, Info. Tech. Div.",1997,a02a16bb8d72cc53c651e33163e601d98baf2c94a33b2f9f6a51a614e23798ce
Ontario Public Service,"$126,251.47",$309.39,Consumer and Commercial Relat.,"Exec. Dir., Gaming Control Comm.",1997,b776b00ee0ff80426d8f6eacd329e346512b1e439e5b8ef9f6103da411ee0cd8
Ontario Public Service,"$100,297.05",$274.23,Consumer and Commercial Relat.,"Dir., Communications Services Branch",1997,bb62e85d4310ca87cc112420415e41a24f4b1745c4e702be7cf48b557db70541
Ontario Public Service,"$122,582.68",$330.68,Consumer and Commercial Relat.,"Ass't. Deputy Minister, OPS Restructuring Proj.",1997,e32f33a3258a0f41ac081126363a0d027053f9859618599e7b07574f5c4dafe3
Ontario Public Service,"$120,220.99",$342.88,Consumer and Commercial Relat.,"Dir. Of Operations, Gaming Control Comm.",1997,f2507bb0a4042ba16049881298ee108a989dc39c54b827d8eb0f1951c3923123
Ontario Public Service,"$118,369.17",$316.11,Consumer and Commercial Relat.,"Project Executive Dir., Ont. Bsn. Connects",1997,b3b8da9509652fa7defca8196fa6dbea512279c38eb976849dbf6c1eab888d6b
Ontario Public Service,"$124,998.62",$307.91,Consumer and Commercial Relat.,"Ass't. Deputy Minister, Registration Div.",1997,bfae3ba3f8f434657a141cb5b241362d91500a26957583ce48e3e433ad82ee20
Ontario Public Service,"$104,403.07",$298.56,Consumer and Commercial Relat.,"Legal Counsel, Ont. Racing Comm.",1997,e5f695c2a02a4e58b2a9bb79cc0308d72ccc7d90c376897f78c73d3633b124df
Ontario Public Service,"$108,820.45",$305.95,Consumer and Commercial Relat.,"Ass't. Deputy Minister, Info. Tech. Div.",1997,56cd5131f7aee643f9ca022b5e1b05cd7a44f5c3b2d21860daa3b6e5f94d09bf
Ontario Public Service,"$159,609.11","$5,563.22",Consumer and Commercial Relat.,Deputy Minister,1997,730a3f0ca155b2514740ffc1b7001fa3dbc45b37698eae61c552a9affa6290d1
Ontario Public Service,"$124,375.23",$355.80,Consumer and Commercial Relat.,"Chair, Gaming Cont. Comm./L.L.B.O.",1997,db5cc746752b7285571c99e3fcbdbfd0128b72c5be001e5f6896f74df41a4775
Ontario Public Service,"$104,649.19",$299.40,Consumer and Commercial Relat.,"Chair, Comm. Reg. & Liquor Lic. Appeal-Trib.",1997,6f80651cc97f738f92a0eebcba9ebefb9e6b9ae99f8d8be5159f45ff7aa7cedc
Ontario Public Service,"$120,115.02",$326.06,Consumer and Commercial Relat.,"Ass't. Deputy Minister, Corp. Serv. Div.",1997,0d767e9d61dcba1267f3df0e2e1bb1bf0f4e25be46bd6c3f7d6b94a292df75d7
Ontario Public Service,"$105,461.49",$244.32,Consumer and Commercial Relat.,"Dir., Land Titles, Real Property Registration Br.",1997,29866fdf72746c79e90ced82554589983ba38eea579c0f131b2518dfa1e8d929
Ontario Public Service,"$101,815.22",$277.20,Consumer and Commercial Relat.,"Exec. Dir., Liquor License Board of Ont.",1997,a1106c22f90262af5a81037c571d078003c0772fc2cccc633a8b49e9e8b72d8e
Ontario Public Service,"$101,482.47",$262.42,"Economic Dev., Trade and Tourism","Director, Human Resources",1997,ea5cfbc7470afa571f50f8df09fcb750862317facb50fc712691516e4b10ddb5
Ontario Public Service,"$115,442.46",$374.71,"Economic Dev., Trade and Tourism",ADM- Trade Dev. Div.,1997,fc25e4d0a025ca382b53f15f365ac7ae021aef0db9b0e600a9e00c546c3d0e41
Ontario Public Service,"$101,765.80",$285.12,"Economic Dev., Trade and Tourism",Deputy Minister,1997,f84b19104972cfbacbce57b3885e8569c3df3adb3a0a547f6d5fe72271636ae1
Ontario Public Service,"$100,533.69",$278.30,"Economic Dev., Trade and Tourism","General Manager, Field Services",1997,c0b1cc5de60eac2671731f7fc9063e67fa03e7facae34c784e046d8b9c8cf4ad
Ontario Public Service,"$127,361.50",$310.05,"Economic Dev., Trade and Tourism",ADM - Tourism Division,1997,43452c33dce18823723a6888cc77fa6f436277c10dd54b5e595ad161b3adb946
Ontario Public Service,"$124,179.12",$307.55,"Economic Dev., Trade and Tourism",ADM-Investment Division,1997,ac4b6f83182240dacbf60d85285eb724f7f77fa739ac4464a36bc6c4b5f6e667
Ontario Public Service,"$126,966.57",$345.64,"Economic Dev., Trade and Tourism",ADM-Employment & Bsn. Development Div.,1997,341b9ef2f1562c65fff1f9ea7b3d2a8397a79212066c6655f03eeb51f1a1ea78
Ontario Public Service,"$121,148.81",$317.45,"Economic Dev., Trade and Tourism",ADM-Corporate & Field Services & Gaming Div.,1997,053f6adb78d4e674163ac4c5e2373724f860a6ffdd72e2d3776c2d7f89d56bcf
Ontario Public Service,"$119,036.57",$310.99,Education and Training,Adm - Elem. / Sec. Policy,1997,7f92767eb9eb47592f307772bc3e9fb0d7a39d0f762dbbb33db1e49bc78e2b95
Ontario Public Service,"$114,778.78",$315.37,Education and Training,Adm-Elem/Secondary & F.L.E.,1997,845aea1436541aa893d043b96426a8ef0c8a2d9fa084399436abc89ca80427c7
Ontario Public Service,"$141,034.47",$383.04,Education and Training,Adm-Corp Mgmt & Servs.,1997,4b16e75f2b13264813b508ba674161febaa85fa4ac210bba5eb4d57e98c5214a
Ontario Public Service,"$109,605.73",$198.00,Education and Training,Superintendent,1997,3034420caf43bd535272fb17d8ed293513eaa4dda94094062b2dafee6bd26474
Ontario Public Service,"$118,424.81",$311.63,Education and Training,Adm-Post Sec. Educ,1997,43a4f0306de793db7bc6be983e4d2c1d985c5fd1c055dd7595651e0fcf5d9142
Ontario Public Service,"$173,225.14","$4,938.80","Energy, Science & Tech.",Deputy Minister,1997,15f1a8d87c78bc0e90bccd8d62940c633d71336d12b3340afde82f2d3427d3a6
Ontario Public Service,"$103,486.28",$102.86,Environment,Air Quality Analyst,1997,da2d1ecb1b8de0ab707657b6af9b0a431309c075a5004f6005d21d5be72529e3
Ontario Public Service,"$113,532.45",$304.48,Environment,Assistant Deputy Minister,1997,bc2238e40d091c6652be2b79e6f012d334a6603965cc89fe3e67537f28f2baa9
Ontario Public Service,"$124,045.94",$333.43,Environment,Assistant Deputy Minister,1997,f1bbb8600d6bca282196b789f4dc3a7eaa3150c932c62b57c93fc6f047806d73
Ontario Public Service,"$138,915.56",$199.70,Environment,"Specialist, Wastewater Optimization",1997,0acadb6bf98fb11c71d21925898aa366735df715b17ca5027cf1f6b41265405d
Ontario Public Service,"$113,845.51",$307.16,Environment,Assistant Deputy Minister,1997,6534ed4bc141d4c900848763c7d59705773c8f4029cde1fc9b3933cb15b1f99e
Ontario Public Service,"$102,257.46",$179.32,Environment,Senior Engineer,1997,a81ebddc9cdea34e52c129171957fb95b94fefd6e6667ad66306c67aed5f1d85
Ontario Public Service,"$105,941.72",$249.36,Environment,Director,1997,80cdf8eb2fa51145c139848aa55c60eee9c196c3402ba50182e74815d267ccdf
Ontario Public Service,"$159,452.91","$6,986.00",Environment,President OCWA,1997,f89b098193d2a86277c66cfdb2af940e4fdc9a9d7411c3dc509c3915ebd2733a
Ontario Public Service,"$124,440.53",$306.95,Environment,Assistant Deputy Minister,1997,be472a68eb1c9287f11c22eb3b470eeffbb88c0cf866b5257efa919b18d2aa23
Ontario Public Service,"$142,359.42",$225.69,Environment,Sr. Regulation Development Engineer,1997,35d7706d5c9436641753d7bac165c44db00c7c656b25d338cd5aed43cd1927cf
Ontario Public Service,"$104,328.43",$260.24,Finance,"Solicitor, OSC",1997,affcb80fa1a6b375871b71bfa3710dd42350218146c37136a7b1a7f974af971c
Ontario Public Service,"$116,857.74",$313.25,Finance,Dir-Rates & Classifications Branch,1997,6e755f5247c59184cf278155595495d5a9e6ee736f5382d6be2f1eb0cc570095
Ontario Public Service,"$100,139.05",$277.42,Finance,"Dir - Loans & Trust, Deposits Inst.",1997,b0d918a40f43b216ef6219d473c74aa8814b57c7ac0787d94fa86afbf67eabe3
Ontario Public Service,"$106,639.11",$305.04,Finance,"Chief Accountant, OSC",1997,54f24e5b5e99800c77ea9fa38baeefb2d163c339eb0689ce18248c6f0d7f1141
Ontario Public Service,"$122,191.82",$31.65,Finance,"Vice Chairman, OSC",1997,eed112a67ac8385dc3da2aefd005e6f5ef798cdf9e8d9b10b966ca80f1f0c978
Ontario Public Service,"$100,638.52",$210.42,Finance,ADM- Fin Ser Policy & Fis Project,1997,a1fe5cd3e51777004d40ba84336a8a7b36c0df0acb978664cc1d8b8d8eb4a8b8
Ontario Public Service,"$240,326.07","$6,600.00",Finance,C.E.O Office of Privatization,1997,b7cd7f4270fa374bb3979272165c0459307d550e4a9d8e2a5352987eef4dd057
Ontario Public Service,"$111,447.98",$306.36,Finance,ADM - Priority Projects,1997,264d6eb5f098ee24c4be64ea9d8a15a6163727c51673e6a14d2a1a0099c36a28
Ontario Public Service,"$126,121.33",$311.09,Finance,ADM Office Economic Policy,1997,6ab8b5f193d1780b8f3773fbf0dbfe60081bcc2d06f6fc1b40ebee54ff336713
Ontario Public Service,"$100,846.20","$2,047.68",Finance,"Senior Legal Counsel, OSC",1997,80856ca4cdbbad33d16e2aebfd0e97516b1919aa93cf10a0419831518192b937
Ontario Public Service,"$118,152.19",$313.77,Finance,"Executive Director, OSC",1997,abaccf555edb703d7f978862142714c7676cd3ae683525fff78a75fcf77fb724
Ontario Public Service,"$114,490.80",$275.55,Finance,ADM - Fiscal & Financial Policy,1997,7f28eb542bc984e5ad1b8c39cdc5c839ce365e95cec91efc527c0b8d43a77393
Ontario Public Service,"$107,107.02",$295.52,Finance,Dir-Human Resources Branch,1997,16fe08cbaf8c1afeaa382fb7a30f54f7ab3d5782ff15e3f0ae67aa20c561d095
Ontario Public Service,"$142,974.54",$0.00,Finance,Acting Chair Ont Securities Commission,1997,d002e44977e34682586f14343330b62aef53944f858a2c4a39309c64202c4e74
Ontario Public Service,"$169,276.39","$7,335.34",Finance,Deputy Minister,1997,6cb292c2644bdf4408f65319ae73036d9745860d473305092fdc63d9b3e33ab1
Ontario Public Service,"$103,365.10","$2,043.30",Finance,Legal Counsel OSC,1997,e3c02b8d9bdf93290febb37f04f950476ade7041df27fe193b49426ab134d47b
Ontario Public Service,"$119,066.73",$328.81,Finance,Adm-Tax Division,1997,99b02978ec72d5513fc5dbc1d3959276d71e580cae0afbfb8bbffe491e119296
Ontario Public Service,"$106,194.85",$247.27,Finance,"Exec Co-Ordinator/Registar, OIC",1997,843d2577762e29a416029d845f2da722a91eb6bdc75bc3b8716c3a31377493a0
Ontario Public Service,"$103,507.80",$275.55,Finance,Dir - Labour Economics,1997,195dcb6d93f2607a8fcc4c92715bb56592c6cea01b0dd272091460407ae7550c
Ontario Public Service,"$119,478.74","$2,090.76",Finance,"Senior Policy Advisor, OSC",1997,9ec0663c64e18250504ed0a6e62f512eb3bf7b400a9f2a10768d51e2f9b72a17
Ontario Public Service,"$105,999.25",$152.11,Finance,Dir - Retail Sales Tax,1997,e723f336f0d923b788df773bad12d2557af194af91a7261ff1f3ed6be88777d4
Ontario Public Service,"$159,686.83","$8,310.64",Finance,"Deputy Minister, Revenue and Financial Instit.",1997,8178598c5e4cc65a13fae1547923b02c49848b55e8bf11e3634a218a8a85c5ef
Ontario Public Service,"$115,949.37",$316.03,Finance,Adm-Property Assessment Div.,1997,cc6d49578a420a4d274e0bd4b8026f1bda976a32c6aa5d7630cf2601431b8e73
Ontario Public Service,"$120,705.24",$333.39,Finance,Superintendent-PCO,1997,51b7d5fc19118e539d26d44e40f688ce8f3e02e3f58b12dfc9b6fb13308a0676
Ontario Public Service,"$104,110.66",$257.75,Finance,CAO & ADM - Corporate Services Div.,1997,3532a746e30f6dcf61c61e8a90685090f1df0716acc46f3614b279da8ba888b6
Ontario Public Service,"$124,186.29",$344.91,Finance,"Dir-Arbitration, OIC",1997,fc7be44187c7a8eaa871612fab70fcce43774cc25ef615f313e58d95c328b523
Ontario Public Service,"$110,541.29",$288.44,Finance,ADM - Budget & Taxation,1997,7b7733e91a40249aba6cffbbd3f9f5bdb0428d0d15aec376f34e8380d6fc62eb
Ontario Public Service,"$101,104.27",$266.72,Finance,"Exec Lead, Intergrated Fin System",1997,547eac75643ab62004ec378ada4a224e9a6764eac0ac78cbd758d95bec831295
Ontario Public Service,"$113,306.99","$2,063.20",Finance,"Mgr-Filings Team, OSC",1997,6e27be9b01b8076d4c2827a1d7377f73a59f5742ba2dc04d0306d5be85479f90
Ontario Public Service,"$155,936.67",$0.00,Health,Contract Psychiatrist,1997,5eb63a91fa701f3d74d1dc47379adc01f748fdd1c53e4abc32e1bfd133342f32
Ontario Public Service,"$155,962.63",$0.00,Health,"Clinical Dir., Mood Disorder Services",1997,a006c137c076f9eade4d776881e83c39b058776b94ceea6acac7aa132766de2a
Ontario Public Service,"$127,412.48",$0.00,Health,Contract Physician,1997,5b1f8dc4be3b6c40d390cf06d47b9cf0419450bea7e7b98e555a9f54d85d943a
Ontario Public Service,"$146,556.67",$339.80,Health,Contract Psychiatrist,1997,abab997be894d795cf736e33967b61184aab03130f76786b8e8f225a7a80810e
Ontario Public Service,"$155,959.38",$0.00,Health,Contract Psychiatrist,1997,d64f90a6293170877dffdcf72cfda15849f82d68921923daabf7d475e546de18
Ontario Public Service,"$142,546.63",$407.76,Health,"Director, Adolescent Unit",1997,c8a29580cb50c1c645b736ab7c85fa6f7f361b46764e6f7a4d66185e6e82aae5
Ontario Public Service,"$160,315.75",$0.00,Health,Contract Psychiatrist,1997,bd85b43e6e7948ca79c60d0fc22443ff49da1947039562249d88858c7f5a1292
Ontario Public Service,"$101,290.33",$77.40,Health,Air Ambulance Officer,1997,216945344212bcbae577659039540c7cf09f2ba8c891db5423c72bcf81366aeb
Ontario Public Service,"$107,330.76",$122.12,Health,Phychologist,1997,aca4b465041ebaad2fdd771f779d82164c2494432d1a94613fd322e23445fd50
Ontario Public Service,"$135,170.59",$387.72,Health,Unit Psychiatrist,1997,0fa33c8dfcd108a2e10ca185fa7a93bb27ecad8e4e90722723701688fd6b92fe
Ontario Public Service,"$155,962.63",$0.00,Health,Contract Psychiatrist,1997,79bcf8160a5015598bb167099cde5f5ca5c9a0023bda4c5cf14e1cf569f7e2c0
Ontario Public Service,"$116,403.95",$333.84,Health,Physician,1997,aa3cffbc06724a8fc09f19cfc7466e304b2de8dbef7ff1b24a8929264038043c
Ontario Public Service,"$139,761.21",$0.00,Health,Contract Psychiatrist,1997,e86ae5b49e47776773f3d54aeb8a0bc3601856588e86eee4a8c9d0fe34313774
Ontario Public Service,"$183,631.03",$70.68,Health,Vocational Rehabilitation Counsellor,1997,ddf267851e1699047a73699a64713a1c303f1b2d6ae0f8d051d42b038f71af25
Ontario Public Service,"$110,956.37",$0.00,Health,Contract Psychiatrist,1997,92da761c2f102b3d08fd7841daf9ea51609180a54098a1de818d303d3bd4a242
Ontario Public Service,"$155,920.44",$0.00,Health,Contract Psychiatrist,1997,99ef6b7dc38b27a49e94e9a3f0f065e1fdd792904b42c054164e0ee728aeafa0
Ontario Public Service,"$177,247.71",$0.00,Health,Contract Psychiatrist,1997,5d1d024aef53369e25d6918748a00feb118029edbd1d616bd5ca92afa8c951f5
Ontario Public Service,"$117,967.41",$0.00,Health,Contract Psychiatrist,1997,cc82b0270e66f58519a32e27ddfc9fb7c56636235af3fe3aad74108b8a3b4a32
Ontario Public Service,"$135,560.95",$387.72,Health,Senior Attending Psychiatrist,1997,c12ff36329c508ee54b22c285d3ca9b081ab72db6cf316e3295f6c9488291d25
Ontario Public Service,"$113,346.67",$310.74,Health,Executive Director,1997,9543523fbd3bb0695fe7b30792d2c7feb615f2fe31470d2aa77b2cfcf0080f51
Ontario Public Service,"$116,740.59",$333.84,Health,Unit Physician,1997,fc61856a9cea58c148836bafb75b293080bffa9b40a8882e30f5c28c6bdb7802
Ontario Public Service,"$148,124.41",$0.00,Health,Contract Psychiatrist,1997,55ebe063d1d64995fd691ddc89416f4a41501574dca2132f00a7594f43017853
Ontario Public Service,"$172,008.07",$61.02,Health,Vocational Rehabilitation Counsellor,1997,0cc8252141e84129f0113a75763d7c0a481a7eb9f8b211e47c24ce3b1423d1e2
Ontario Public Service,"$124,136.65",$0.00,Health,Contract Psychiatrist,1997,614d501bacda17425dd780c8bf43f1a0dde117cf355f0674d653a6324984b4a2
Ontario Public Service,"$126,484.65",$313.39,Health,ADM Corporate Services,1997,c7b3ca8d8568883de79aee7796d499a3b3c1b77f7ca03010c651ad9723f0fc36
Ontario Public Service,"$142,919.66",$0.00,Health,Vocational Rehabilitation Counsellor,1997,3c647c3c04523fa1b2e888d4e5a5a760ace219771e0dc64d8893858f4c0ade3c
Ontario Public Service,"$135,560.95",$387.72,Health,"Director, After Hours Care",1997,0d7b0d83bd4713fba4f58745b97778de886046271382ccabbb8e9d981c5f4588
Ontario Public Service,"$170,152.87",$0.00,Health,Contract Psychiatrist,1997,a2391f791037fcfed6a742b5eee8edeb67b8696da6543060a23f738968546b8e
Ontario Public Service,"$118,750.92",$309.44,Health,"Director, Emergency Health Services Br.",1997,3b450efc427abd359d07592d7755c982cea8a990ebca46b77ecca708a5766bb7
Ontario Public Service,"$164,242.71",$0.00,Health,Contract Psychiatrist,1997,666e27f3d68d430cf2a269e658d8f5b3db22947828f5fb18e57494dc57ad04cb
Ontario Public Service,"$190,656.37",$70.68,Health,Vocational Rehabilitation Counsellor,1997,461a89cc24fafed7c96be554ee8fa8920ee456342222e19e1c2698be2d066993
Ontario Public Service,"$138,396.01",$387.72,Health,Senior Attending Psychiatrist,1997,82d9f96147c2116d4383a404746a397862ad45717af0e90bca682f53f49efe37
Ontario Public Service,"$155,920.44",$0.00,Health,"Chief, Psychogeriatric Services",1997,dc365c68d51d20e959482f66ccfde1f8c57f2e5f8ad5c55bafb9ed874e6979ca
Ontario Public Service,"$155,962.63",$0.00,Health,"Director, Rehabilitation Unit",1997,cf3d0a5c1d8d1e16247538336eb0b83970eb7d37df7799dfd813b63ba4e7e42d
Ontario Public Service,"$170,131.78",$0.00,Health,Contract Psychiatrist,1997,d15d45c51639d9110323099968c9e7faeb274a941bee701e653a82d908a1d452
Ontario Public Service,"$135,560.95",$387.72,Health,Senior Attending Psychiatrist,1997,cc402660eb8bcc781fb147a02a1c244a2b812d35fa1bd073e7ce92b9cef92e4d
Ontario Public Service,"$155,962.63",$0.00,Health,Contract Psychiatrist,1997,4490c3d46637a7044fdeaac8820adc51a531554187c428a04f881812b91f49ea
Ontario Public Service,"$185,876.28",$53.01,Health,Vocational Counsellor,1997,1b9f42fea82d682b7906cdf4d3d7cfc913c5f6d85afc1c1eb9d9bc2971e9279d
Ontario Public Service,"$155,962.63",$0.00,Health,Contract Psychiatrist,1997,84d1f2d6492728e978b8e5dade267380afc9c74aaacc7ce8c48dc7598526a34b
Ontario Public Service,"$149,923.50",$0.00,Health,Contract Psychiatrist,1997,34d2a25e90e3351c7f826c99f0664fc356cffb78ba47a44cba5c7287581ff259
Ontario Public Service,"$121,229.34",$0.00,Health,Vocational Rehabilitation Counsellor,1997,84abdb44f2d82f30f218014c2894f2cfc2c567f263272509060e80ff38f056ff
Ontario Public Service,"$155,962.63",$0.00,Health,Contract Psychiatrist,1997,f2e416c9fb1793fe0ab711981f3d43acd2e6aecdf002941bd56778901547ad77
Ontario Public Service,"$152,365.46",$70.68,Health,Vocational Rehabilitation Counsellor,1997,21c19fd954f8200943583b908c4b80d87acbf2ca4e5ee12d446371adad60cc18
Ontario Public Service,"$155,133.88",$0.00,Health,Contract Psychiatrist,1997,a51f18cf43fc6f11e76397869a202a45d042933d78b5e9a21feb4ce35c6286ce
Ontario Public Service,"$112,612.69",$312.12,Health,"Exec. Dir., Information Systems Div.",1997,2166a45a8d735d197578dce954c1b37ef75ce2858474cfe8d0c476736c02cacc
Ontario Public Service,"$102,546.92",$137.52,Health,Rehabilitation Supervisor,1997,951fb8d52da34c4c8a0fba685db68a6f43c874c5e186b586a9f595bb9dd2b51c
Ontario Public Service,"$177,300.31",$0.00,Health,Contract Psychiatrist,1997,9844b6877654c90ef76b7c41ab7c5984a0ce40a8f9f4dc9e59ca8fca438fd2da
Ontario Public Service,"$147,194.84",$0.00,Health,Contract Psychiatrist,1997,35bf095bda6bbba3ec6ab3627faa99102c5ffb2d4da6500a8500620b8c30a1f7
Ontario Public Service,"$135,742.43",$388.32,Health,"Director, Laboratory Services Branch",1997,cbd44d73afe81a682f0818d536d324b712ced83cff5e4bc7b099b908073a5cf8
Ontario Public Service,"$191,304.17",$70.68,Health,Rehabilitation Counsellor,1997,2b4f32cce5af6e7c6ba5ff247eadfa9b6959e2da9dd8a0c58297516c68ea9c35
Ontario Public Service,"$175,523.03",$64.79,Health,Vocational Counsellor,1997,6b4b881229a11294900671da11ec4e150ea97c7b83b652c6207d7c4ef2147905
Ontario Public Service,"$155,962.63",$0.00,Health,Contract Psychiatrist,1997,e753e7089df9b5c5bbb65236f58d810f0f7e853b0b261c5d1078ae1ebac48840
Ontario Public Service,"$142,546.63",$339.80,Health,"Clinical Chief, Continuing Care",1997,b8943df81dcb74bf63d9f9d93baf9903b8a1863bc0509b6560ca7c36f8fc47e1
Ontario Public Service,"$121,544.36",$339.44,Health,Regional Medical Consultant,1997,ba7061e51dff31b1a6fd13fd07134d7dcbf8958ebde9a0fbfd52758c0bbd398b
Ontario Public Service,"$158,100.30",$70.68,Health,Community Support Vocational Rehab. Officer,1997,6abb7c41e776ca4076a7b956781c39e2c7f084c65e40f80c80e71b2e13e90f54
Ontario Public Service,"$131,363.53",$376.28,Health,"Medical Microbiologist, Virology",1997,b1ea98e54200e63c3c776aced07b2df246ad2020ac5343851d4af3ff1dabd41a
Ontario Public Service,"$128,285.07",$361.68,Health,Medical Consultant Co-ordinator,1997,5c78bb3afa17f197333482208b86d969cc729e02392af265eeea62e4620487e7
Ontario Public Service,"$154,740.63",$0.00,Health,Contract Psychiatrist,1997,822e5e5ee1429e9fbc80f6e68a276d917de69aa5b9376f97e4641696394e2e26
Ontario Public Service,"$186,712.76",$0.00,Health,Contract Psychiatrist,1997,6eb97cba04219806ce9ef2e11018cab4d250750113a95e1d0555882959c0702d
Ontario Public Service,"$135,560.14",$387.72,Health,Program Manager,1997,5f3b022d0b0ca534c61adf63b6f024edd1b3e382e702ab8d8dcf0629ef54d3cc
Ontario Public Service,"$177,258.12",$0.00,Health,Contract Psychiatrist,1997,bc480fa2c9d30001dcece19f0e91f442cdf1522c5a09754a2fe7419b10dc5728
Ontario Public Service,"$106,976.31",$296.04,Health,South & West Reg. Manager,1997,306c1bc1780211e2f54f1d9b61735358716a01ec30257572ac74feb33808c38f
Ontario Public Service,"$168,396.48",$0.00,Health,Contract Psychiatrist,1997,a59379e9dbe056d3d8359fad4350416424ad7ddabf0ff83d9f52bc913f764684
Ontario Public Service,"$155,920.44",$0.00,Health,Contract Psychiatrist,1997,eed98392bd635b30935cdc3d07f84f8b3a01c9ce4328897ab219a4e572366ca7
Ontario Public Service,"$105,764.28",$0.00,Health,Contract Psychiatrist,1997,551825610a6c04bb5ea59d4f00be5d18ee3cc546f1680d5235266fbecb233730
Ontario Public Service,"$155,962.63",$0.00,Health,Contract Psychiatrist,1997,ab80d673f2a969f3964a10de9c281053140c39003f6d3465980f197d0b5b8af9
Ontario Public Service,"$155,962.63",$0.00,Health,Contract Psychiatrist,1997,f219be11e60bc67feecf22229fa36734716b018ba5d81350a985f8440ecf2445
Ontario Public Service,"$147,824.87",$5.89,Health,Vocational Counsellor,1997,c265c02880dfd93917c795419d99f162f816d8d5a71a45ae90dc23a3e257008d
Ontario Public Service,"$135,560.95",$387.72,Health,Senior Attending Psychiatrist,1997,fee77bc1ac16817ba02ac1aacd4b33564fddd1b96979e366d15d802fd2e65428
Ontario Public Service,"$155,920.44",$0.00,Health,"Clinical Chief, Crisis",1997,086875213bbda3658d65d0ade4518c1ae701a40805957d0ad30793d0ed978a53
Ontario Public Service,"$135,560.95",$387.72,Health,Senior Attending Psychiatrist,1997,e633140b749736ba144b2f16eda615bd863c92660b8d3081ec65bd40cd4a8a50
Ontario Public Service,"$129,282.58",$0.00,Health,Contract Psychiatrist,1997,53786f4afb421fe10e876f74a24a1b4ec31de0e329c91bd508d70538dccbbff7
Ontario Public Service,"$155,962.63",$0.00,Health,Contract Psychiatrist,1997,403f127f87e3bbac5d336ad6c9c1ee9709768c74bc0c3e70a1415cb59a966603
Ontario Public Service,"$134,931.15",$0.00,Health,Contract Psychiatrist,1997,f9738862fa977c9f8dc9afadf21aa1ee80e5d64589ab31576ab26ac4dbecf93d
Ontario Public Service,"$181,467.59",$0.00,Health,Contract Psychiatrist,1997,7f74906655aadce9166b0d5bf5e73e769e32f975a87a27ac81b02543c78741e6
Ontario Public Service,"$147,218.57",$0.00,Health,"Clinical Chief, Neurological Unit",1997,626c96a2a64ea27e717a6f64229394b9221978e001d810aa22c9e1d03a350803
Ontario Public Service,"$121,310.52",$306.80,Health,ADM Integrated Services for Children,1997,d8576a6ab7bc58e91cc5979d7c8ac46425b9554b5b85dda2c260c601b02e716a
Ontario Public Service,"$155,939.91",$0.00,Health,Contract Psychiatrist,1997,0ecdb47cff9b2e13bd3c2dbd5938abca93a090fdd00f5929ab3cb2ff0c519525
Ontario Public Service,"$142,546.63",$407.76,Health,"Unit Director, Psychiatric Services",1997,7d9d86f574c3626315636687ca7763b825044aded92f189eaa66e989eae1a276
Ontario Public Service,"$121,907.83",$348.60,Health,"Exec. Dir., Negotiations Sect. & Alt. Payments",1997,c72b2f7e5d35dd2dc258dd1388725841611448fcb88d209f677a96ae141c5a8a
Ontario Public Service,"$105,511.54",$73.32,Health,Emergency Medical Technician,1997,a71c022e50f6825f558562b02331ab8572fdf572889f92e066737626ab717c77
Ontario Public Service,"$115,810.68",$88.77,Health,Contract Physician,1997,9883284f4bf498056eb8a85b699814c110845dd0dc7b7cb6f3565cbfcc4b3643
Ontario Public Service,"$134,388.43",$387.72,Health,Senior Attending Psychiatrist,1997,4654dae94264d532bb3a4ef7c2bee9cb1e21861b6cdee265ba11e9fddf393166
Ontario Public Service,"$155,962.63",$0.00,Health,Contract Psychiatrist,1997,43d6362f6449c5dc299e687d365624440ebc5fe2cf73f9f97e7daa65af7bb243
Ontario Public Service,"$194,589.72",$0.00,Health,Psychiatrist-in-Chief,1997,efdb788775900d94abe95cb7ccd2c770c7f88f9354f593b8d69f191a3e0811e9
Ontario Public Service,"$177,277.59",$0.00,Health,Contract Psychiatrist,1997,28cde9b3271a4e81a450b7aca78641e963f4a0a8cc7309e62307b0a074088275
Ontario Public Service,"$105,971.55",$290.50,Health,Regional Medical Consultant,1997,a34d685aa053616d02263ce26efb188e138540cdd3e2e970ee480b9bf94903df
Ontario Public Service,"$170,131.52",$0.00,Health,Contract Psychiatrist,1997,86c01e4d0f388eb24bd11c6abc7b2a85bd31adb22efd34f59cc424624148ddde
Ontario Public Service,"$170,131.78",$0.00,Health,Contract Psychiatrist,1997,97274e33d0c448e4c4a4ef2c410174cfdc47f7c781ca01c03b15370de4f5d185
Ontario Public Service,"$164,460.63",$0.00,Health,Contract Psychiatrist,1997,0b9d4db49bd86d9b95df6ac4023071c1baa0aaa043d7dc49820c249f0f471ec2
Ontario Public Service,"$162,143.28",$0.00,Health,"Director, Intermediate Unit",1997,7b7f4570c58aad246e36f076619742e7efe86ea37c2d9bf609f467a85a98648d
Ontario Public Service,"$115,289.11",$88.23,Health,"Medical Microbiologist, Bacteria",1997,a62d3d973605269e85040fa2af525a9d504caee648ddf301738cbdf7780cce68
Ontario Public Service,"$155,952.08",$0.00,Health,Contract Psychiatrist,1997,5e5a1e4a53727b5c08ab0199dbe90f9dabb606aa89d2f7f302c088114bd50e75
Ontario Public Service,"$186,822.78",$70.68,Health,Rehabilitation Counsellor,1997,399cfed4916627b845c61d3363a0a43c614af158661152f8b97a727340ac07ee
Ontario Public Service,"$100,459.84",$0.00,Health,Contract Psychiatrist,1997,c7742c91b413768c1f3b91c4f482a4efc4b98d4ee2d62ff98afa247c6685a68e
Ontario Public Service,"$127,412.48",$0.00,Health,Contract Physician,1997,036317bb5dc681703fa47dcfc36844dc38e108517c226bbf1e672ec5b2a68ec6
Ontario Public Service,"$109,197.23",$0.00,Health,Vocational Rehabilitation Counsellor,1997,0508b958ee61adc1c3c166bbd3e26ec72bb9a14563807597e966ab6608412e2a
Ontario Public Service,"$134,931.15",$0.00,Health,Contract Psychiatrist,1997,1e063677406b70467d7ea71bc21f12d8d7efea3184d17b00cbba8d350432f2d0
Ontario Public Service,"$156,729.64",$0.00,Health,Contract Psychiatrist,1997,da69eb25592e639640a49a7ec1e0747fd3746db411b863ee49e0a971dbfde9c4
Ontario Public Service,"$170,131.52",$0.00,Health,Contract Psychiatrist,1997,979243decac107c54d8f285cc5f423929c10abfbad64f5ea91fe1259d09e24ad
Ontario Public Service,"$142,546.63",$407.76,Health,"Director, Psycho-Geriatric Unit",1997,0fce5b8bf738ff3b7fc20f2b89a5147383b37c5ea5f129f1410ed428e9121a56
Ontario Public Service,"$103,231.90",$0.00,Health,Contract Psychiatrist,1997,7211403d02583d04ac24be18f469900be01b41721d949939fcc742cf87a97b8e
Ontario Public Service,"$101,962.54",$0.00,Health,Vocational Rehabilitation Counsellor,1997,62250b47d78ee10f42b272554ca6720bb6ac661484f4785eafe3e86ddfd7e915
Ontario Public Service,"$112,361.93",$0.00,Health,Contract Physician,1997,f78461715b16658ec4825231542b91325174ca2496efb8812700e2c950e58adf
Ontario Public Service,"$155,920.44",$0.00,Health,Contract Psychiatrist,1997,20f7044b93d9fc3b8a01f78329b690aa9cffe10173f98be513932963cf8966e5
Ontario Public Service,"$155,954.60",$0.00,Health,Contract Psychiatrist,1997,44354d48f254f711cedd8ad81b8c6296c1611070ee0d56adc5a9af53f552ab5d
Ontario Public Service,"$125,588.13",$0.00,Health,Contract Psychiatrist,1997,628739b32bb6057f05be4b5032cef92387144300ac4211880732fe15a3a9234b
Ontario Public Service,"$116,740.59",$333.84,Health,Physician,1997,8da1b47d37d92d302f4fd35d66e1f359b8e9ad9da52b4474262a782b0c182db2
Ontario Public Service,"$127,454.67",$0.00,Health,Contract Physician,1997,5fd3b96713e1923c7a3d927ace59e3ca73d14c44cc71b2cc67e937fd118b0371
Ontario Public Service,"$170,398.03","$6,329.40",Health,Deputy Minister,1997,7700895a1a3f173c2d44f204d3a75db1554463419dbbcf2b44987be7759c4cde
Ontario Public Service,"$105,652.41",$289.22,Health,"Director, Program Standards Branch",1997,a0d625eba0f4085086cc6ea086b5cf5915f8776be9a5e7063921a385b945cc61
Ontario Public Service,"$189,008.33",$70.68,Health,Vocational Rehabilitation Counsellor,1997,8baf7ad25bb2ae6167fde89ab8bd42fedf50ab9605c292b879845c99f9a1e72e
Ontario Public Service,"$135,560.95",$387.72,Health,"Director, Adolescent Unit",1997,0e2f7ee6dd46fc8c84cfca179cfd6cc1fb945d60dc8a7470e64bdad33195723a
Ontario Public Service,"$171,058.75",$0.00,Health,Psychiatrist In-Chief,1997,6e75571b94db200c6d975d9c1ad1451651c65ed0e6358a0396f079d77b7b343a
Ontario Public Service,"$113,830.00",$317.51,Health,"Asst. Deputy Minister, Health Ins. & Related Sys.",1997,9c13ac644f87b162ac225ed8dce0f40c167d8bd4470881d69704a78756b9832a
Ontario Public Service,"$135,560.95",$387.72,Health,Senior Attending Psychiatrist,1997,c059585b5b793b3d0ab568ab3309a603666adc0450ae07b75cae6e9fdc156c1a
Ontario Public Service,"$142,546.63",$407.76,Health,Program Director,1997,ad6448cbe93a234f3ecee84f24b7b09d9f1e24acfc9ca5cddf84d600aa73d648
Ontario Public Service,"$114,919.30",$320.96,Health,Regional Medical Consultant,1997,6f3033ff1fa6c3e915b01a228ac046eeeaefd3a839e440511a95f4e4ab859aa2
Ontario Public Service,"$127,453.86",$0.00,Health,Contract Psychiatrist,1997,012f9ee63aafb78073844ed8bdfed86a0a2b182c26fa8e41ec0cd74eefe18bea
Ontario Public Service,"$155,962.63",$0.00,Health,"Director, Outpatient Unit",1997,88fd4cf76bbad5eb500ea1d7f3f882d30311656a6885dd38b0332ff47cdf2421
Ontario Public Service,"$127,412.48",$0.00,Health,Contract Physician,1997,d9cb9cf8dbdcc451b47e6ab59ccf542f8ad97fa177483062b7708f0c848a1454
Ontario Public Service,"$125,759.20",$70.68,Health,Vocational Rehabilitation Counsellor,1997,89a1a91304c07487903a84e502107508e99ce1e8e1a35a66884238c7e884ee9c
Ontario Public Service,"$106,887.37",$122.12,Health,Psychologist,1997,917bac9e6020219ad9c4f0c3fa80004dabe9a1defdebde206309a458459f8b41
Ontario Public Service,"$192,781.61",$70.68,Health,Vocational Rehabilitation Counsellor,1997,8ed5bfb6f0c6e0863844738bdff4d1483a4a301d0f7073c491b58b2235214859
Ontario Public Service,"$157,907.91",$51.07,Health,Vocational Counsellor,1997,2218ba8780fc5be07d05344369461b029c4705d3a6e65caa9a1d2903f21ef301
Ontario Public Service,"$155,920.44",$0.00,Health,Contract Psychiatrist,1997,495df365ca326140800ee6de369e10eb4d3ba8be91c6ae0773e5411317c561f5
Ontario Public Service,"$155,920.44",$0.00,Health,"Clinical Chief, Continuing Care",1997,a20cadc265807b4457d6cfb36c6306ebce88395ba867d451c9b72607869661d5
Ontario Public Service,"$115,042.42",$76.38,Health,"Shift Supervisor, Ambulance Services",1997,68202b9deb733d1974a7e5d0d25afcd4c6877b4a0979efb942d8e09b7a577860
Ontario Public Service,"$127,454.67",$0.00,Health,Contract Physician,1997,c3f467256b9c2ef67b75d15f079a29ca24cb45513beb72b5a46f92057bdb6233
Ontario Public Service,"$180,062.13",$70.68,Health,Vocational Rehabilitation Counsellor,1997,34715926dbab0539986c26901a5c1dae18a3d50058dabc03a204a3b7a27c9706
Ontario Public Service,"$170,172.35",$0.00,Health,Contract Psychiatrist,1997,79552a7fde3e28e72983f65a523b13587bb7a161c1140e0a40d9b1b20cfe4040
Ontario Public Service,"$114,327.79",$0.00,Health,Contract Psychiatrist,1997,fbba8204ba46fee5e76cf524d6b95edbd09603072a9863dbe69daf0a6d0c77c6
Ontario Public Service,"$184,202.01",$70.68,Health,Vocational Evaluation Counsellor,1997,419cf38b14ab9fe182c033a8cb188abf622079afc4f2ea71250521f89b1556fd
Ontario Public Service,"$155,962.63",$0.00,Health,"Psychiatrist, Intermediate Unit",1997,e37794c87e58389af98d2d730d2bb066ac079816e8621aeb55ddfecc30ed93f5
Ontario Public Service,"$155,962.63",$0.00,Health,Contract Psychiatrist,1997,d01202a12049ae7352d0287a3037c772c1b94078c80d968c9f55b1d2b3ec886f
Ontario Public Service,"$103,179.41",$313.51,Health,"Sr. Medical Consultant, Healthy Growth",1997,bdf9854738a097e4ac92968ccf20c605e44576868955f269d3720e7480761631
Ontario Public Service,"$109,126.61",$70.68,Health,Vocational Assessment Counsellor,1997,eaa7db39a26ba7bcf65ed374c8614ff6d00ae711296992424a88c9df73017e7a
Ontario Public Service,"$194,227.08",$70.68,Health,Vocational Counsellor,1997,e50326aacb29ed84777f28505b2a587a891b282f59aefa8456770eab98533f2e
Ontario Public Service,"$160,160.95","$5,728.25",Health,Deputy Minister,1997,1d182dcd91bef46264f4dca5fa276c68bebe5861c7a8bfd227cbcf51ce9dd8bb
Ontario Public Service,"$136,100.64",$0.00,Health,Contract Psychiatrist,1997,bb7a7488d1f7a840d65aa7a92f0f60de5d21f6441b60c61e6f56255dad847dda
Ontario Public Service,"$155,962.63",$0.00,Health,Contract Psychiatrist,1997,dcc49a62971fe2b9e0146daa4547b69e88a62b4377631f40f3275590f1e36d15
Ontario Public Service,"$181,483.14",$70.68,Health,Vocational Rehabilitation Counsellor,1997,f32aa674880000e8731e16472a21bee7b816578d0c176c39c6b7cd7464e0b42d
Ontario Public Service,"$155,962.63",$0.00,Health,"Clinical Director, Geriatric Psychology",1997,de51184ffb9d5977e651f1e5e7630421b4f18b584921401221b95cd7466b60c9
Ontario Public Service,"$109,376.13",$354.44,Health,"Physician Manager, Disease Control",1997,b8959f51704ec3c5b77bf6d345ec7719e802b1eb3e5f5985ddee6aaa0851fd6e
Ontario Public Service,"$126,387.56",$348.50,Health,Proj. Co-ordinator,1997,7f4deaa118c64e7492945b33c5899b72b980915782ebd31aecc6e5f4566e1911
Ontario Public Service,"$155,962.63",$0.00,Health,Contract Psychiatrist,1997,9ca743edba6aade8f80202e6d9969de122a0e833329b84a375d22a9798097f0b
Ontario Public Service,"$134,492.37",$62.64,Health,"Dispatcher, CACC, Mississauga",1997,f65a107849a9010508075b3f57fae009f1cc83539d66a0746752a05fa9983ed8
Ontario Public Service,"$142,546.63",$407.76,Health,Director Eastern Region,1997,d7e37dcd9529202f9166a0440035400435316e4e50b8222ef7c90d6be6435432
Ontario Public Service,"$128,893.51",$368.64,Health,"Mgr. & Med. Consultant, Monitoring & Control",1997,ba8afe0e7958d33f83b5212f90311f405c8513a5ceccd236026a6fe5c4302aa9
Ontario Public Service,"$150,686.79",$0.00,Health,Rehabilitation Officer,1997,6729769e0a87543e1c24f4bcf08854bc7d737851020994b3f5410885386658cb
Ontario Public Service,"$155,362.98",$0.00,Health,Contract Psychiatrist,1997,25a2e9a3ac3b7ab9f6fdc39bcf0e3ea10c86e4b1b299ae0045f49d6dea948852
Ontario Public Service,"$115,079.41",$326.30,Health,"MEDICAN Consultant, Claims Policy",1997,09e96eba344ad15dfea6d29ff22f797d6030bf5ca11aef8ff69130aee216965e
Ontario Public Service,"$126,016.90",$0.00,Health,Vocational Counsellor,1997,55138cc3cf4487c26c79b23ec6dc44ed73026cf8e26279a4a053b2834682b4f8
Ontario Public Service,"$170,154.50",$0.00,Health,Contract Psychiatrist,1997,0fa30f847a77c6850190d165b984627ac78678d3156c04b6ef2de78c410b6eb5
Ontario Public Service,"$100,478.47",$244.94,Health,"Director, Institutional Services Br.",1997,7f6445488e4e829ad55e5c8b3779ff221df1af92b97cd002850c5f697f5ffc40
Ontario Public Service,"$155,920.44",$0.00,Health,Contract Psychiatrist,1997,ea1ef68390b1164ee03546f122ea8aec4e03d2297b762ec6341f8e987cec3b9a
Ontario Public Service,"$141,998.53",$407.76,Health,"Clinical Dir., Assessment Diagnosis",1997,a768d91590ead9016e2a9f45ed9d1101ac32d9cd549c7b00d95145534b4df23f
Ontario Public Service,"$139,586.23",$70.68,Health,Vocational Counsellor,1997,dfdae4ab68690bad2f9ee60971a4f22f1fd0a654f0aa0a03f203780a1a705ef0
Ontario Public Service,"$122,551.48",$305.54,Health,"Exec. Dir., Long-term Care",1997,e577b3c128490f4d54261133321b1bd70c4e29581a796400fcdaca649f9802cc
Ontario Public Service,"$102,445.53",$294.72,Health,Physician,1997,81044baafbdcf01efc5fbe1701efaa98717c6bba374b2ae9884f2bcf5913a14a
Ontario Public Service,"$144,461.72",$0.00,Health,Contract Psychiatrist,1997,17eb665bd0abc18ef14977a4be4903eb4a4409e1924942ea1865f879804c9dff
Ontario Public Service,"$256,816.60",$62.64,Health,"Dispatcher, CACC, Mississauga",1997,2e4830ebe6c006e942dca59134e13b83c760511299b5023478e7579fb6bb7cb9
Ontario Public Service,"$155,935.04",$0.00,Health,Contract Psychiatrist,1997,198ebee5415eb0c78c893527c736db65055aa62c0c4380b43b06ca16c3e89ef9
Ontario Public Service,"$124,877.64",$0.00,Health,Contract Psychiatrist,1997,90954d0851b8448cbf3008cb4164fbc35202851360d64333dfe233d3d8509ae5
Ontario Public Service,"$194,855.31",$70.68,Health,Vocational Counsellor,1997,fc915c3dff882328bedd34fe9c46cf24412e00719bd65fec25d76c6cf2847953
Ontario Public Service,"$139,171.70",$0.00,Health,Contract Psychiatrist,1997,a55c18be7e581f5b04de0026e3854b40ccf4e932126bfaebe4d871e016e687a7
Ontario Public Service,"$122,628.37",$0.00,Health,Contract Psychiatrist,1997,421ed9272cabff755f0536044ceb1bd085c031c0253a655a441e55fbc3bc54c0
Ontario Public Service,"$116,740.59",$333.84,Health,Physician,1997,2e851d5595b0b8673346a808f5a39b0472b2dc4f106c957b31266779ef221dfd
Ontario Public Service,"$116,450.35",$0.00,Health,"Chief, Health Service Office",1997,f116272b8e0b186b1288aea676a84282167711aad7fa5e7d1f78b4427b5540af
Ontario Public Service,"$102,289.19",$285.12,Health,"Hospital Adm., Lakehead Psychiatric Hospital",1997,20ebb21ee3df17de56338d37f298630d0b0d4803806bd1a4dcf17bcce2a2614f
Ontario Public Service,"$155,962.63",$0.00,Health,Contract Psychiatrist,1997,3c593d19017de8cc13518234b728fb7d43370d1615c985545bdb6378b8afcdf0
Ontario Public Service,"$155,962.63",$0.00,Health,Unit Psychiatrist,1997,51c0f65cfb94698a3603a533240bb14b84a4ad0cbe8013e49c9e450cc5079071
Ontario Public Service,"$155,962.63",$0.00,Health,Contract Psychiatrist,1997,2460b7b00c5331463d6ac22a9ea63491d3037fcc2acb39071bf24c95ec103fd7
Ontario Public Service,"$184,719.98",$0.00,Health,Security Officer,1997,e320028a13b4c5fe4690e8e5526caa069d6654e73e8cf71520cdda77c20400a8
Ontario Public Service,"$184,263.33",$70.68,Health,Rehabilitation Officer,1997,a3b0896cc1b9f97cf88b2791f1ccca9530d3f86bc56f4aee03f88ce787dc7886
Ontario Public Service,"$110,086.00",$0.00,Health,Contract Psychiatrist,1997,f0e79bf7a8f34b76bc1be5447f5b3ba0fdbafaffee65c298731248c9c9134783
Ontario Public Service,"$175,649.20",$0.00,Health,Contract Psychiatrist,1997,73d0c3f2204fd416ff92e2275e6b698ac5545e54a23f7af068aa5cab1b91e578
Ontario Public Service,"$172,746.01",$71.29,Health,Community Development Officer,1997,911870d215b0362454fc9803f2634c58de7779b4db678026e782e7563598b167
Ontario Public Service,"$156,033.81",$0.00,Health,Contract Psychiatrist,1997,ae48be575ff1793d1e1cc475133df8b4e980c247f04876caf75f9665f755083a
Ontario Public Service,"$155,920.44",$0.00,Health,Contract Psychiatrist,1997,20544021a971a19bb70700735df3a37215b6997407aaf02766e0a926c5146932
Ontario Public Service,"$142,546.63",$407.76,Health,"Clinical Chief, Continuing Care",1997,58abe4a4dd4e89587bc1a60ba492a57e8a018d377c00f38a5c021e62874f5d94
Ontario Public Service,"$112,533.55",$319.55,Health,"Senior Med. Consultant, Toxicology/Env. Health",1997,bb636f27806bc850d9d8c9c76ce296140dad99f9b0e91e9c907299e74879184a
Ontario Public Service,"$158,849.64",$0.00,Health,Vocational Counsellor,1997,225c55bf15168ae3268387865550d7ef94eec7e33aa3e4c641297bb844eb1134
Ontario Public Service,"$151,453.44",$0.00,Health,Contract Psychiatrist,1997,4732376963a2f3f6b73207f80fe27112cb46ed7dae419c51ec888da13a7da99e
Ontario Public Service,"$163,252.70",$88.50,Health,Contract Psychiatrist,1997,d3c285865605574938ffd7ccfc83b8cee8bf7b1557b5b2c53bb756f20e6d5b9d
Ontario Public Service,"$155,962.63",$0.00,Health,Contract Psychiatrist,1997,678b34ac13e2777ac5999993d4a824ef2888193eda6b0516187ebb64edc41cd7
Ontario Public Service,"$133,510.09",$0.00,Health,Contract Psychiatrist,1997,9174637140dd93e670a2f8278605ccbb253f06b58e06ef9b2b7a8ee932925914
Ontario Public Service,"$155,962.89",$0.00,Health,Contract Psychiatrist,1997,2d649f45d4e408d1fde053118ec805570a33707a18c728a5ecf16e3bd4ba2790
Ontario Public Service,"$161,432.90",$70.68,Health,Vocational Rehabilitation Counsellor,1997,cd0a8e211f59588c8641ff62e2955e025b941c923da4e451e027926687db88ff
Ontario Public Service,"$170,173.71",$0.00,Health,Contract Psychiatrist,1997,4d83916e13c02f65da2d22ef735e9fd559d1276d2da7e03957a21cc1a0f00ae9
Ontario Public Service,"$155,962.63",$0.00,Health,Contract Psychiatrist,1997,deba3fef4bd9aaa9c9e40657a9cc42e0f0652ea6c171353cfb4690fd9de090f2
Ontario Public Service,"$135,560.95",$387.72,Health,Senior Attending Psychiatrist,1997,7f94c272ce764ee461654c484803354c87577ef1246eed006298dd83e6b5e454
Ontario Public Service,"$170,131.52",$0.00,Health,Contract Psychiatrist,1997,bc1c6d77d7a1c885acd1e7fca23b67fe9254eded50b26310769a40cf473ec3e9
Ontario Public Service,"$172,623.25",$0.00,Health,Contract Psychiatrist,1997,9752a70f3273436f95e7615278dfb04b928e24a8df09d82adf8bd768403882ca
Ontario Public Service,"$116,740.59",$333.84,Health,Physician,1997,edc9b179e170a83dcf2bd328e36e668d09acde71280c33629a8613319644c897
Ontario Public Service,"$142,517.15",$121.26,Health,Vocational Project Manager,1997,1d19a27c78cafbd5ac9f6c80c3bf33d26a76782385fe7fc108528ab6c1f45459
Ontario Public Service,"$155,962.63",$0.00,Health,Contract Psychiatrist,1997,98bf11c133b5195aa9d9dada24ead20f1eb91b4fb28f1481d766086874791b0b
Ontario Public Service,"$136,125.75",$0.00,Health,Contract Psychiatrist,1997,dbbffebad7ce8a84d4805abafcf0ca6f1cdaf9fee2dfcbfcc6c654cddd206316
Ontario Public Service,"$127,412.48",$0.00,Health,Contract Physician,1997,7cf6635100642a3560db7c408a65dbc9ec65a2cd758b29344782c0cce90c18d0
Ontario Public Service,"$122,751.67",$352.12,Health,"Senior Medical Consultant, STD/AIDS",1997,0170cedb0c561a6c53e904cef7f22596d24786f892d8d5f039ef192e70ba38b5
Ontario Public Service,"$101,303.99",$199.55,Health,Senior Attending Psychiatrist,1997,8d127bc8999815b518500c5a08e0271f6e480523ec2b56cc5e1b69c37a7eff6d
Ontario Public Service,"$155,923.95",$0.00,Health,Contract Psychiatrist,1997,89a22483ce88c026c1b008e44dd4992f33d4ced3693272b40eeced59fde5a03a
Ontario Public Service,"$195,995.89",$70.68,Health,Vocational Rehabilitation Officer,1997,419015a708c70bc1a0aeb861c5e637807a1a68095a5f80ec94194ad78fe31790
Ontario Public Service,"$170,131.00",$0.00,Health,Contract Psychiatrist,1997,b75f9841e8562f4f0d9b19ceff8a4afe54dd95bd457682a7424af26e9a22e9e8
Ontario Public Service,"$161,666.93",$70.68,Health,Community Support Vocational Rehab. Officer,1997,b4104b0d44402bb311562c7cec4eb36c859ebd4355d4599d1714723129661bd8
Ontario Public Service,"$127,454.67",$0.00,Health,Contract Psychiatrist,1997,a14e8e78607293193bcacd1c73147ec48fb64954cd1198511f1a66f89fc41910
Ontario Public Service,"$122,267.10",$313.51,Health,ADM Integrated Policy & Planning,1997,ffb4739600718cc5984d7513b19aeef9e5715f90fff72b3feace4589dbbd0388
Ontario Public Service,"$155,962.63",$0.00,Health,Contract Physician,1997,db0d821862855d9e6ff68de2209c6273a0078bff48c1209b66958b9796fb6bf5
Ontario Public Service,"$107,217.54",$122.12,Health,Psychologist,1997,9eecc44fc0e2d3259d8dae85e44cf3ba0ef2feef24820e89e9b04c2d9e94ac52
Ontario Public Service,"$108,868.31",$0.00,Health,"Chair, Health Disciplines Board",1997,cabea9d58438993bcaec39659f11f079871d8c397072d1b0f58c59fcc0091ff4
Ontario Public Service,"$103,242.36",$0.00,Health,Contract Physician,1997,6cb3507c8cd557ac4727cec90c4db5192c2890e5095f658ddbbd4b3c8e7bdb7d
Ontario Public Service,"$121,900.56",$305.48,Intergovernmental Affairs,ADM. Off. of Const. Aff. & Fed.-Prov. Rel. Div.,1997,26f401037071123687ef0fee3c1ec74c0212305897fb5b0665c7c09384158474
Ontario Public Service,"$118,474.14",$314.65,Intergovernmental Affairs,ADM- Women's Directorate,1997,ecee4f37f7916aa5e081751cc5c1641b733b6c019f74363c155fd97385cbeada
Ontario Public Service,"$158,031.04","$4,479.55",Intergovernmental Affairs,Deputy Minister,1997,6293f317b6077a40cd11e9053cbc5e8688dabe7c7cab8cea00a5dd6ec2fcbff3
Ontario Public Service,"$101,964.27",$0.00,Labour,"Director, Office of the Employer Adviser",1997,f8b23bfbe0e9af1d0db653b3325133b0095fcaf9ef19de9958c093ea62f8adbe
Ontario Public Service,"$132,131.61",$307.57,Labour,"ADM,Policy & Communications Division",1997,75870bc0f3be966eee1dc6c6f72607cd8f7d1145cae3cbf684d6b2427a9bd935
Ontario Public Service,"$100,229.91",$290.52,Labour,Medical Consultant,1997,7b3cd7f6b1fa06066a82f58b9901cc62b1bc01545b365ad750679ec7711b1fee
Ontario Public Service,"$125,212.49",$348.60,Labour,Medical Consultant,1997,5c689f0f6cfd8aa76e3994e7e620a0bca909d529f933af39d033c50d17920ef2
Ontario Public Service,"$112,126.35",$292.56,Labour,"Director, Central Area",1997,f714da156e16e16faefd608e243b84bef54ba7919610428012d8cc5027cc4404
Ontario Public Service,"$130,766.81","$2,815.31",Labour,Deputy Minister,1997,fd1afb4e008f91215d18b6e0c2371ead5852557dadfd0d2082f6316b3ed09cc5
Ontario Public Service,"$132,131.62",$307.57,Labour,Chief Administrative Officer,1997,beac983ecfe7e1db1c68af9b3a9b3920462951e0403488876c13a0a861295115
Ontario Public Service,"$114,761.05",$304.48,Labour,ADM Operations Division,1997,cfa262db528e89e1ef964e3113e22665a184c95d319790340ea5878f09e47631
Ontario Public Service,"$100,347.07",$283.26,Labour,Medical Consultant,1997,9e10fa0c8c9d0fbfc7af630016863a859c5b7227231470b9f74f653084e82632
Ontario Public Service,"$104,379.82",$299.64,Labour,"Chair, Ontario Labour Relations Board",1997,9a10c111ebbf4715252e3f8090bac1d40f64611be5f61f95c3addbc96953adea
Ontario Public Service,"$128,358.53",$307.49,Labour,"Acting Head, Pay Equity Commission",1997,d999024e112922a9070ca5cba1b8e9be80dca25b7c61ea2a63801a5c87aa6a3e
Ontario Public Service,"$121,907.83",$348.60,Labour,Medical Consultant,1997,7494b3c650ebc750ab36f035157bf984ef5c2589a41bf1126c3abeb23cc37e55
Ontario Public Service,"$104,185.80",$293.97,Labour,General Counsel,1997,3c65d2b5a949252d380ad9be68c6a06616b14e855b59b059f818bc314f1c6508
Ontario Public Service,"$111,075.48",$343.14,Legislative Assembly,"Dir- Legal Services, IPC",1997,68eb58575f96b4aba5714fb0488b2a4de15583ff3bd831995a823c63c067f981
Ontario Public Service,"$117,453.42",$329.29,Legislative Assembly,"Commissioner, IPC",1997,a6068cd34f838f856baa1d4c957d367913bfd9fff1e5913ea060186a3382ada1
Ontario Public Service,"$104,360.88",$298.56,Legislative Assembly,"Legal Counsel, IPC",1997,7aa95123bfb22275dae54d37bafe71f13539f32585f402891442c9a8c0037f93
Ontario Public Service,"$111,004.20",$319.68,Legislative Assembly,Min. of Intergovt. Affs. (and Women's Issues),1997,dc720bac65d627d6fb2fe20ae5443f8c2a3991ca3549f7245cdd563e9ceb9a7c
Ontario Public Service,"$147,057.45",$266.76,Legislative Assembly,Dir of Finance- Office of the Assembly,1997,fdf67051b3bb87c64bd7f88907ed40a39e60ff4d7e7b178a213a037735c02e23
Ontario Public Service,"$146,798.32","$12,205.58",Legislative Assembly,Clerk of the House - Office of the Assembly,1997,d49e025593ecd235b0db4fb3c8ba5f6b3f7998409d314b99fc14b89c8d646e6a
Ontario Public Service,"$111,004.20",$319.68,Legislative Assembly,Minister of Community and Social Services,1997,174a15fdd65481498a9467694588456f21344da04f6c31c7dba836fdf8c8962e
Ontario Public Service,"$111,004.20",$319.68,Legislative Assembly,"Minister of Finance, Deputy Premier",1997,be77b4eabf5e5b8afb204a22fa6095d45825d45903aec08c66cca183e148a985
Ontario Public Service,"$105,855.72",$304.80,Legislative Assembly,"Leader , New Democratic Party",1997,d1b195a367929d3d2e8bce8ab009844406d13f70ede85346797268c22b5a9353
Ontario Public Service,"$111,004.20",$319.68,Legislative Assembly,Attorney General (and Native Affairs),1997,0f082c0f83969e37b073bfad51d1a0778849eaca1fb05aed043a77b0585d8105
Ontario Public Service,"$139,866.96",$402.72,Legislative Assembly,Premier and President of the Exec. Council,1997,e7fcc6e1ad660f9c3b89c160eec97621dfd4830ecca74a70dac27e9a860ecf75
Ontario Public Service,"$111,004.20",$319.68,Legislative Assembly,Minister of Nor. Dev. & Mines & Chair- MB,1997,7c3f0cbf3d236cce9b1dc8a9f8e295e2e4620fff0dc344ae5a729e6201ec4519
Ontario Public Service,"$120,947.06",$317.69,Legislative Assembly,"Exec Dir, IPC",1997,8739d1b4ae5a19e44ae78c70d39ad62454f5411a9000fd037543a94e7a7f67ad
Ontario Public Service,"$111,004.20",$319.68,Legislative Assembly,Minister of Education and Training,1997,e6f7d650eaa4b18ca70bbfc46ef62915b9b716b00d55624805bab8c33852df1e
Ontario Public Service,"$103,492.32",$293.74,Legislative Assembly,Exec Dir- Commission on Election Finances,1997,d23cc2e45ac32418094f538a0a235bee7d653fc768fffdfd1f723a5f35aae9ae
Ontario Public Service,"$111,004.20",$319.68,Legislative Assembly,Minister of Municipal Affairs and Housing,1997,307c87c265bf9e693a8976e9ab6b9c1d37c2da77e60da5b56ac7129c5a3e6651
Ontario Public Service,"$128,732.23",$326.12,Legislative Assembly,Environmental Commissioner,1997,db678789a8c3b4ab27139207adaa076bc2902a0d24181d7d00d23b99634db69e
Ontario Public Service,"$122,620.50",$244.53,Legislative Assembly,"Senior Clerk Assistant, Off. of the Assembly",1997,0cacdd1b12107ab1c527f2ab0ae7ac0346adce8fc547b957bae38363a1c69cc8
Ontario Public Service,"$121,067.16",$348.60,Legislative Assembly,Leader of the Official Opposition-Liberal Party,1997,1f674762cc7af17c95386086d0c63840a9aac0129e5a5a967dd27835b2c73a92
Ontario Public Service,"$120,285.67",$344.10,Legislative Assembly,"Assistant Commissioner, IPC",1997,5ae4b7c990c693eee57c87d89b159bfe9601f7b68cf7302ec52cfa7ac98e527b
Ontario Public Service,"$106,072.15",$305.48,Legislative Assembly,MPP,1997,1e1748f48895efd0224c582722a83657e30f6596000ddabdf92e9baaccff221e
Ontario Public Service,"$111,004.20",$319.68,Legislative Assembly,"Minister of Economic Dev., Trade and Tourism",1997,ef466bdb2b0f6c5264fb64764079658d2b6ea4af9ef1765f49875d0f387a3b82
Ontario Public Service,"$121,912.51",$212.08,Legislative Assembly,Controller- Office of the Assembly,1997,d1777ead4060a14ebb8abf05582802f1907c10733f3b6d33e17d6d60256c703a
Ontario Public Service,"$111,004.20",$319.68,Legislative Assembly,Solicitor General and Minister of Corr. Serv.,1997,4d4eb6798f8712bd3b8b3da527efc8be47d1cc3a7e9c3beb09abf467fdff5d56
Ontario Public Service,"$103,553.29",$298.22,Legislative Assembly,MPP,1997,366a2f4af6bf29fde62d1ef79346ba24c62dfd2fb62402888ecc743dc387b9ea
Ontario Public Service,"$111,004.20",$319.68,Legislative Assembly,Minister of Natural Resources,1997,b3cbad02f9f62fd9bee1c933ac5462f2645cbb151faea1c5d027635bd4879281
Ontario Public Service,"$117,738.33",$334.80,Legislative Assembly,Exec Dir- Assembly Services,1997,39ea793ba1ab894cfc6b8b8d59d35aed75841c37ac9c37cfd563882b744eabd6
Ontario Public Service,"$111,004.20",$319.68,Legislative Assembly,Minister of Environ. and Govt. House Leader,1997,c11bd3f75682a863f108dea37547e7ebb210059120be7f818551d3d0f4fd5967
Ontario Public Service,"$102,345.48",$294.72,Legislative Assembly,"Speaker, Office of the Assembly",1997,7e776936a607cb41711adb03b689165baefdbb974c5460b0f3da3066a6ed16dc
Ontario Public Service,"$111,004.20",$319.68,Legislative Assembly,Minister of Consumer and Commercial Rel.,1997,0ca9e0e635a35ee4c8ca35c560b32fad44f2be4c3e4b2af96bbc0e781626b5a5
Ontario Public Service,"$111,004.20",$319.68,Legislative Assembly,"Minister of Agric., Food & Rural Affs",1997,f322e6d30894c4f5e804eab4ff3b2df4950a0c7ac62b0d2e33d75f4ad6772d34
Ontario Public Service,"$106,280.88",$306.07,Legislative Assembly,"Minister of Energy, Science and Technology",1997,34413670f4d530856126599ac52dcc1c703f155cf2399cdd4105c1183f84adff
Ontario Public Service,"$111,004.20",$319.68,Legislative Assembly,Minister of Health,1997,b1e698bdbf75dbe5fa063cfc71256b2d9919dc22845241a45b7ad2ed9f753012
Ontario Public Service,"$123,718.99",$306.24,Management Board Secretariat,"ADM, Internal Min. Servs Div",1997,228f61d8a6c47080a080bc7dff882c1a03075aeb650e4543c563d6a09120426d
Ontario Public Service,"$126,145.25",$309.77,Management Board Secretariat,"Ex Lead, Agency Reform",1997,9ca2b3b7ce8749e9960ac8f2be2d3fb5aa753407345623d839d017eb4d815849
Ontario Public Service,"$119,154.93",$313.68,Management Board Secretariat,"Adm., Services Division",1997,5c994dbb1c75a144e308f8300586da03639a1ad48dca472e0d8d2a39a50f2ea2
Ontario Public Service,"$121,630.25",$314.41,Management Board Secretariat,"Ex Lead, Internal Admin Proj",1997,a941a52a6235bde93a34435a148dff8ce0a25f2ffd7ece47c5199d36a8690391
Ontario Public Service,"$110,590.42",$247.04,Management Board Secretariat,Dir. Social & Justice Branch,1997,fac8e028ddc8967071ac4397d8a1e700c63bae1dc5bea0cdb2112646dfc06975
Ontario Public Service,"$173,520.48","$6,405.55",Management Board Secretariat,Deputy Minister,1997,0e806260ae651d6aa807783f8e84c2979f6dc1123e589bdaf33115672960a1b2
Ontario Public Service,"$120,756.52",$324.24,Management Board Secretariat,Chief Actuary,1997,99074e4d4bbf1aadee9c8021706301033f81bb236b49ead1b60d9f33070bd76b
Ontario Public Service,"$120,806.25",$312.81,Management Board Secretariat,"Adm., Human Resource Division",1997,9dbe0415e678bec0aab7f7304c2c1a0c4af1cbcb7e4064e2e4a9e4e56baa7745
Ontario Public Service,"$121,407.29",$271.61,Management Board Secretariat,"BPS, Labour Relations Coord",1997,2751315edf0e0b4aed1ad0ceb103e691a39b4e173ff19ab60ad6f9dc0094ea18
Ontario Public Service,"$101,593.64",$268.73,Management Board Secretariat,Dir. Public Acess Servs,1997,f609665d82d4ea74a57f03a26caec3ce781f8f674e6f9ac9c822e23fe610bc4a
Ontario Public Service,"$126,794.69",$309.09,Management Board Secretariat,"Ex Coord, HR Servs Restruct",1997,ba2ccb6e426ba87e830e042de5b2529006a3ead2615f8c126536179245211ba3
Ontario Public Service,"$103,359.21",$272.03,Municipal Affairs and Housing,"Director, Municipal Finance",1997,595f1e4b728a33e6b95c337ae5009a97666e9d9d3c0a238ac06495656e3faee8
Ontario Public Service,"$104,811.15",$260.69,Municipal Affairs and Housing,Dir/Local Gov't Policy,1997,8257aad8888cf22252a920b59ca61dc869ceab91fc35913d1faf025ee41bab3f
Ontario Public Service,"$125,655.29",$327.82,Municipal Affairs and Housing,"Adm., Housing Pol & Prog. Div.",1997,59ebb7fe3a9f1528676dbca47776fddeb0559b9d3f54d573f2ad5b23e4f0ff4c
Ontario Public Service,"$101,606.35",$252.21,Municipal Affairs and Housing,Dir/ Human Resources,1997,175e201de75bb0a2392939140cc02c8a863106d7eef505d599ff29aaf5c6cb7b
Ontario Public Service,"$174,795.89","$7,691.52",Municipal Affairs and Housing,Deputy Minister,1997,f47ced645dc411be071dfbf9aa4482e86e08d02250b815ac4e7e0ad0a2d7b743
Ontario Public Service,"$122,445.73",$314.89,Municipal Affairs and Housing,"Adm., Housing Operations",1997,666508d542a68ae5c7c21198c682a96f1d3ef99f3bdb6e670871af4dfafede47
Ontario Public Service,"$153,318.18","$5,738.73",Municipal Affairs and Housing,Special Advisor- North Pickering Dev. Corp.,1997,a1d018431112acf234580debdaa4b32cd08b5694964b5c5469576723cf04b25d
Ontario Public Service,"$114,018.08",$320.00,Municipal Affairs and Housing,ADM. Educ.&Training - WDW,1997,f2ca0835eefa7e72c06fc0a5c79e2ffebd98cfa6f4548ed2b33139b9a41a525d
Ontario Public Service,"$120,627.97",$316.77,Municipal Affairs and Housing,"Adm., OGTA",1997,8f0fb4b4bdfd6f4e8848063874c3ce85de5de753f75b26c62edf1882c260111c
Ontario Public Service,"$112,460.71",$308.00,Municipal Affairs and Housing,ADM/Mun. Operations,1997,8ecd86a3a83fdcf8439a578efc7b1f6f83db0ff8f42539027ac9c5f8afee1091
Ontario Public Service,"$132,131.61",$307.57,Municipal Affairs and Housing,ADM/Mun. Policy Development,1997,30c4a65fdd20ca414db6151c41c31725529e0b7314b281845ecd755af5ec18ff
Ontario Public Service,"$100,121.79","$1,638.37",Municipal Affairs and Housing,General Mgr. OHC,1997,b36a185b41c491bb4beb29677001a864347351874fa9476b2b3cf6fd9d922f42
Ontario Public Service,"$100,001.12",$247.62,Municipal Affairs and Housing,Exec. Co-Ord Communications,1997,fab7e674721a7de62b86c2bbe27d92568accc7f9cd08582a40b73e18f0c42db4
Ontario Public Service,"$122,160.13",$315.19,Municipal Affairs and Housing,"Adm., Corporate Res Mgmt",1997,c7589f05ac44e2bc91813f3afa6e82b49183c3852127782d79b7392a1f78910c
Ontario Public Service,"$120,288.12",$309.69,Municipal Affairs and Housing,Dir- Subsidies Mgt.,1997,eef5262da79767ec00a65b4caea433b5c7d389c24d236287cfcc0049208cad1b
Ontario Public Service,"$118,761.81",$322.46,Natural Resources,ADM Info Resources,1997,3990dede737361ec2a240800835e62256f6c49c21fdef061e6e0ecae6b1ed110
Ontario Public Service,"$128,164.59",$307.43,Natural Resources,ADM- Nat Res Mgmt Div,1997,5b5517d610082c41cf0b4487f872e2414332b5512e69c3724a707ed7252dc1bd
Ontario Public Service,"$128,164.59",$307.43,Natural Resources,ADM- Field Services Div.,1997,240e9c88ac0fb8f70dd84a78fb30d6e2e9cceebd79e7dc49eeb867f98d1b09b4
Ontario Public Service,"$100,195.63",$254.86,Natural Resources,Mgr. Capital Assets & Facilities,1997,665c3d12e54db01daf3810bd68951dd8415bdb6da19a65e2399b0c1c6a2e3919
Ontario Public Service,"$108,208.99",$288.36,Natural Resources,Director Corporate Affairs,1997,f385e37597e97b8dbba9ad0570e4110a33fd5fcb8b4c570d78ad5a6a746c5f8c
Ontario Public Service,"$102,102.69",$272.91,Natural Resources,Reg Director SCR,1997,29c22463e857225ab664007b7dd7d996eed6cce3fb0694f3019fa91eb50491ac
Ontario Public Service,"$124,498.13",$306.74,Natural Resources,Mining & Lands Commissioner,1997,7b9b21672aef175661d0d782849174b70731dabf463805face89d4465d3e7b14
Ontario Public Service,"$116,601.63",$316.65,Natural Resources,ADM Corporate Services,1997,c3ee56c74ee161573d024e9cd2bd6e8ad63a2d9cfd60f507978946ddda5587a1
Ontario Public Service,"$113,554.53",$292.80,Natural Resources,"Director, Niagara Escarpment Com.",1997,92332f9cd5dde2b5e0d9f7b05389a0572e7deaef55f1cfb420b7ffdfc7a613a1
Ontario Public Service,"$169,246.03","$6,511.28",Natural Resources,Deputy Minister,1997,812395df923942a4854c6447310b38df66f508684adf058a1dddb3626f1de7f7
Ontario Public Service,"$118,425.60",$311.85,North. Dev. & Mines,Adm Mines & Minerals Div.,1997,5817457f810fef83697c4910763f552b166a02a20346a297ab03ff671686e45a
Ontario Public Service,"$115,380.41",$315.01,North. Dev. & Mines,Adm Northern Development Div.,1997,ecdd3badcd0958dafe6eecba616216ece694381f2edcc397075a0b8d4d31ee0c
Ontario Public Service,"$160,963.24","$4,763.64",North. Dev. & Mines,Deputy Minister,1997,6b44686d44da9004d1a9994eedb3f0b33cd41e55953288df5365ff0148c7fbfd
Ontario Public Service,"$119,036.07",$304.86,North. Dev. & Mines,Director General Northern Ontario,1997,59bd0fc99eaffc9a03240ba5eac2b4edf216df9d99be942584493d4ee97fe662
Ontario Public Service,"$107,049.86","$3,300.00",Office of the Chief Election Officer,Chief Election Officer,1997,b85098d125a5625fcaa9c49fc15df00ab312d06f7a4f857ce16cca5c4d049a21
Ontario Public Service,"$167,613.39","$6,278.64",Office of the Premier,"President and CEO, OJIB",1997,cb9927c3961ace2210e0b67bbb4d486a0812e2404a43d69e49502dbe8f1a73de
Ontario Public Service,"$124,999.71",$311.27,Office of the Provincial Auditor,Assistant Provincial Auditor,1997,36862f907003aa49ab0e2c6205c4ae6239392c062578fc97be543377cfb51dd0
Ontario Public Service,"$161,489.19","$5,769.59",Office of the Provincial Auditor,Provincial Auditor,1997,8c45dfeb761827cb036bb71ca66f5c4cd5bf07ee559fc9b4434bdd2f23d39229
Ontario Public Service,"$110,000.00",$421.90,Ombudsman Ontario,Executive Coordinator,1997,4c6be4c7a48eb6b3c0e0ba94c2f902d45ced9a1ee027c33de42b805e1fdaf914
Ontario Public Service,"$118,078.00","$2,878.22",Ombudsman Ontario,Ombudsman,1997,57a76ec8b89db62a8c2793eb9345e6a4b323a17b0bf869c2aa4bdee8652f8a79
Ontario Public Service,"$100,000.00","$1,621.13",Ombudsman Ontario,Dir- Investigation and Complaints Resolution,1997,7986ad73428d0735bc50694cdb0316cf5e3a70e2194876041b166dd3b914176c
Ontario Public Service,"$134,202.84",$383.13,Solicitor Gen. & Correct Serv.,Regional Coroner,1997,46485895134fa1a0a1fe3dbc346cef0344211e8f7bf32b397fc2ed07982f9707
Ontario Public Service,"$134,202.87",$383.13,Solicitor Gen. & Correct Serv.,Regional Coroner,1997,14115da52e00760779917da25bcc75520d02f6b2d03d8fce408055343e5f8a9e
Ontario Public Service,"$102,260.65",$129.94,Solicitor Gen. & Correct Serv.,Law Enforcement Officer,1997,c1426315eb9ffb8c710ea6564818028f299cbc987efe016b23b0a665fc9e7d29
Ontario Public Service,"$123,371.28",$267.90,Solicitor Gen. & Correct Serv.,Commander,1997,c670f13d069c4f901569ee29ebc45c67344d6e71f9c8fb1f9927da2c0acb24c6
Ontario Public Service,"$149,742.83",$427.32,Solicitor Gen. & Correct Serv.,Deputy Chief Coroner,1997,ca3be19d7c2457291738911ce02e1b05b07dceaec409316fa8f3b0607aae8809
Ontario Public Service,"$157,829.43",$451.44,Solicitor Gen. & Correct Serv.,Chief Forensic Pathologist,1997,b8546e7c507639a3493eb3b000cc0826b4868d2326c2240c47013fd170fee2f5
Ontario Public Service,"$120,346.27",$344.16,Solicitor Gen. & Correct Serv.,Chair,1997,97338d573fecc4a425547a88f12b7f0c5b4fd992614f01d65a475e8982fa637b
Ontario Public Service,"$135,560.95",$387.72,Solicitor Gen. & Correct Serv.,Regional Coroner,1997,95eb58ada342d025c9d7624a8d2b7abd0fa61ba606b8cd18de58373e5a087cae
Ontario Public Service,"$131,833.88",$0.00,Solicitor Gen. & Correct Serv.,Forensic Pathologist,1997,2841d6a6f714ffdfd32da4b6edb7c1bdae9b3d702e5d7bf5469d4b1382bca529
Ontario Public Service,"$105,345.87",$89.40,Solicitor Gen. & Correct Serv.,Plumber Foreman,1997,4e7d26afca7a4813eafc221b56de0ff969220c8e16438c2b74583f4f4a625381
Ontario Public Service,"$122,782.70",$125.31,Solicitor Gen. & Correct Serv.,Psychologist,1997,1631b5ce1814908f261d64c5c1eae440dcc54e3c7c9ba58531b79c7972c18801
Ontario Public Service,"$133,049.45",$102.12,Solicitor Gen. & Correct Serv.,Fire Investigator,1997,1d57a877c0cfaf0121cffa134ac4ed76d880263df56ea3d801e652b0e875533b
Ontario Public Service,"$135,710.19",$388.20,Solicitor Gen. & Correct Serv.,Senior Medical Consultant,1997,ff3185293761db0c7bed6fbae1b3270ed0182dfad93a9553f556a82e2cbd721f
Ontario Public Service,"$120,773.71",$235.95,Solicitor Gen. & Correct Serv.,Relocation Project Lead,1997,91f17f392f1761ad98df81e780f897a0b0a738dec166b7d3dff9cf7ecd994358
Ontario Public Service,"$119,527.09",$314.21,Solicitor Gen. & Correct Serv.,Assistant Deputy Minister,1997,c2671c5d649afa75bada7e56d89a9f2fe694ce136d1ed4e70a7de813aa1fd36a
Ontario Public Service,"$102,525.41",$248.52,Solicitor Gen. & Correct Serv.,"Manager, Research and Standards",1997,e511199c2b8b1f54163ccbb0a0586008e86d0e1337c8a835bef34836d135a692
Ontario Public Service,"$130,417.85",$365.90,Solicitor Gen. & Correct Serv.,Regional Coroner,1997,0c17f1a7f63c7ed91305398d82d1862282c032fd7c41057d55982b8cb77db6ec
Ontario Public Service,"$125,510.10",$310.12,Solicitor Gen. & Correct Serv.,Assistant Deputy Minister,1997,44dc111c1025b5310951a460a885dfabf5c6cec5d0eb85ce75f43df3a3391ac2
Ontario Public Service,"$168,654.28","$7,536.44",Solicitor Gen. & Correct Serv.,Deputy Minister,1997,b1c767a2dcabe916729cbbe987930682f98eebbe529fb4d8f8510d5bc2faeae3
Ontario Public Service,"$119,928.96",$313.10,Solicitor Gen. & Correct Serv.,Fire Marshal,1997,8150a5ee2fb005792a88a2a25292be51deb61b13fad7b3a68fbd9d21e6b1c49c
Ontario Public Service,"$120,609.36",$270.00,Solicitor Gen. & Correct Serv.,Commander,1997,f4cbf018992a82ee21a8c5daac22650d2a1e70babddd9b60db3bbd1d1f19506a
Ontario Public Service,"$121,683.63",$283.01,Solicitor Gen. & Correct Serv.,Commisioner,1997,36fd8a7d6c68b0f4b197a0161753b744615421f0ba0a55bc131df2c0f06d2e1d
Ontario Public Service,"$126,765.63",$330.90,Solicitor Gen. & Correct Serv.,Assistant Deputy Minister,1997,2461e8335f8469c82d560e77cd8befba1889fda99e1b221fbc5ce2f0c2ef60ad
Ontario Public Service,"$146,804.52",$411.12,Solicitor Gen. & Correct Serv.,Deputy Chief Coroner,1997,e46bc719e6b6ba9a0066f0d10441156bb4188b410561bd66c61b4cfde6df31c0
Ontario Public Service,"$142,583.30",$368.88,Solicitor Gen. & Correct Serv.,Chief Forensic Pathologist,1997,4ff515a6ef10ca07ab55ec792635401f096240805320dda547eaf3692783ba48
Ontario Public Service,"$119,417.23",$304.48,Solicitor Gen. & Correct Serv.,Chair,1997,d4d3e47e673666d7832cfbc18938b4b87603a041340754cf6d4fadc8e58979db
Ontario Public Service,"$102,290.50",$89.40,Solicitor Gen. & Correct Serv.,Electrician,1997,3f264facb512a94391ff95e667cbd5cab448c65586e35cd3369ce741b9666642
Ontario Public Service,"$121,741.67",$125.31,Solicitor Gen. & Correct Serv.,Superintendent,1997,748f84f88b6a7325e77ebf16c08e71ea522676d541d7a2534c8278d054b5175c
Ontario Public Service,"$113,487.37","$1,636.11",Solicitor Gen. & Correct Serv.,Deputy Minister,1997,77a7f6050e995c0f9ebd02da2c90870088b32160758913bbdcbf4a978a884a3f
Ontario Public Service,"$135,560.95",$387.72,Solicitor Gen. & Correct Serv.,Regional Coroner,1997,d143ea9079deef34935b1359882057c23c2328e5492dc39a323bea677cc13b02
Ontario Public Service,"$105,228.40",$228.14,Solicitor Gen. & Correct Serv.,Law Enforcement Officer,1997,b3b15cb2c369a00d6c2066b5a8b84582ec3b1bc7b5b47f689090c7dcdb171e44
Ontario Public Service,"$107,187.08",$81.90,Solicitor Gen. & Correct Serv.,Electrician,1997,d906b9dd8a9a26c6ba6fec911534e76ba3557fbeada3b5df7f9da0f07cbc55f9
Ontario Public Service,"$134,692.55",$372.42,Solicitor Gen. & Correct Serv.,Regional Coroner,1997,fe44bc7ae2290c8242e946d1d10c0b5556ef6e5d2579b4d90a9750634b753a36
Ontario Public Service,"$157,829.43",$451.44,Solicitor Gen. & Correct Serv.,Chief Coroner,1997,2017c64cc848dfa2f6e5dfba8eeefc5bdc50e732ab19643b6c9b3ef8bf7e605a
Ontario Public Service,"$120,413.30",$189.99,Transportation,Principal Research Engineer,1997,cb5642333ee96d170e9bbf966c9844b42615e542e608838303bb8b46514850f2
Ontario Public Service,"$113,878.13",$255.36,Transportation,District Engineer,1997,bda8e981a64fe259f24e492b4ed8cb0af7d0f563dd73082cc559f8813e8aedc4
Ontario Public Service,"$104,025.42",$133.64,Transportation,Project Research Engineer,1997,81d700ecef900c61156995b12de607b19aea08ddf068724c77d63d28be38a582
Ontario Public Service,"$104,639.53",$249.75,Transportation,"Manager, Estimating & Engineering Claims",1997,71a03c924a22d8658eecd061a892638a71ea4bc732a59aa59aae14625b59278b
Ontario Public Service,"$109,238.49",$284.03,Transportation,ADM Policy & Planning,1997,9275c7265479831e3beb39d3c7c2a4844c222d618012d234e0dd680b914b5ba7
Ontario Public Service,"$106,591.39",$255.34,Transportation,"Service Manager, Engineering Materials",1997,0b7696722cff029b9108bf1f8ebe9b65bdc989b87384dcc08911f3a84a03ebb4
Ontario Public Service,"$126,825.54",$77.07,Transportation,Head-Program Admin.,1997,4aa0a771a5498f2d82908a0aaf2a50967ac23f0d3565fbf7d798a36ff237874f
Ontario Public Service,"$126,231.49","$5,733.94",Transportation,Deputy Minister,1997,b4876a746eff0d7e591dc6b55a4cc7ca6b1e57abb877ded4dcd72708dcf4e72a
Ontario Public Service,"$105,489.39",$262.40,Transportation,"Manager,Computer Applications",1997,380f60b53f6b1f1b005014c059b0bb97dfb3377be32bbd33d179fefb206ae385
Ontario Public Service,"$102,751.90",$244.97,Transportation,"Manager, Traffic Program Management",1997,265afca5ac6a3b97c2926101dcf8bf310847e53afe17fea7f655835c6a5cd0a3
Ontario Public Service,"$149,528.67",$427.68,Transportation,CEO & Pres. OTCC,1997,bae3e5a3915ccd29449f703004feb9b59f4eeaa0ce2f1f868ea0f390abbb8ec7
Ontario Public Service,"$112,276.95",$299.88,Transportation,V. P. Engineering OTCC,1997,872ef829ac9dea81c52f01c37ed4f365da0429c1ec1c94bd267ca761a9369015
Ontario Public Service,"$105,745.83",$251.67,Transportation,Manager Maintenance Operations,1997,f22164486de5dd164897903a54dd5569ef2529c2eb683489b67a3a816282a55d
Ontario Public Service,"$103,739.24",$247.47,Transportation,"Maintenance Operations, Analysis Eng.",1997,b630e4fed598e9904da2c6156b481735dda7b7e8e9025a6a93ca4939cd47de97
Ontario Public Service,"$101,909.32",$303.48,Transportation,Dir. Transportation Systems Planning,1997,bfb83bef8d655d43e9102487b7598b3808bee54a0f8cd71efec64f81e612e045
Ontario Public Service,"$110,596.57",$257.72,Transportation,"Director, Program Mgmt.",1997,102e57d8e5a09c18a6c95dda8c098301bafd3552193c5a5b02b676fdb9934e41
Ontario Public Service,"$119,291.80",$313.01,Transportation,"Adm., Operations",1997,b0220a6f577e6384709c6fff97ccf91903d1c0c8dcfcd4c150562e7916ba0bfe
Ontario Public Service,"$107,000.68",$265.44,Transportation,Man. Structural Designs,1997,925b08713bd114f697983edb6cb29881e7093414a940cdd755390ca0429ec527
Ontario Public Service,"$119,274.68",$312.67,Transportation,ADM Safety & Reg.,1997,37cbbfcd835f9a1d612e816b5288d40324a0c2c6d0c56941e18a23925c3a986c
Ontario Public Service,"$106,149.41",$255.43,Transportation,Dir. Research & Devel.,1997,a518a726322d0f6dbedbedff69800b73e404b66551e8b1bc3aa4264682c1bb0a
Ontario Public Service,"$106,935.02",$249.90,Transportation,Regional Operations Engineering,1997,1e9fc746716ef8d1abc7b4c4270598f470a9e7375981198e09debee9233fd40e
Ontario Public Service,"$100,988.52",$275.66,Transportation,Regional Director,1997,94dc9b46e2b210b06397211047c1efb27be02df4bc9b5c1ca695380168600fdf
Ontario Public Service,"$103,773.22",$249.77,Transportation,"Man., Construction Office",1997,ad4aaf82a7a7096b3c15bfa01b30b74ec4b2239d8a18ad23373a6bffbcc80444
Ontario Public Service,"$106,859.92",$254.77,Transportation,"Man., Contract Mgmt.",1997,1132322f3116d02a47175e5d7fad39a99b2f0d08149f223d80f5673fff11068d
Ontario Public Service,"$116,214.49",$310.13,Transportation,ADM Quality & Standards,1997,13a7567df50ef2232630e7318b75be9aa0e4d3512a959ade240fd871c2bc5a10
Ontario Public Service,"$109,510.50",$260.66,Transportation,Regional Director,1997,39415e25f8bb6428328be988dbdbfd8a8f3684a730d7ad632cfd57fa99c4b84d
Ontario Public Service,"$117,619.40",$278.13,Transportation,"Director,Transportation Engineering & Std.",1997,3168a8b04c8d27ea8f0104d2ee6a3c342df7327d90f19c7076dfbe0ac92ac2cf
Ontario Public Service,"$145,718.44",$398.42,Transportation,Deputy Minister,1997,e2993c4d3d1c558069a6a01e23e071a3004ec2182bda784312879a203e12c8d7
Ontario Public Service,"$111,890.13",$265.16,Transportation,Manager Concrete Section,1997,23428fbc0f38c756d3d858601db068eca57de8c82a9029bff74ace583a45af65
Ontario Public Service,"$105,682.69","$3,233.93",Transportation,Manager Product & Channel Strategy,1997,ac561f5661d09e4e9b9f692f39607cf8b318f4f155aa9ac1d63da8b9aba47050
Ontario Public Service,"$124,974.35",$306.74,Transportation,ADM Corp. Services,1997,5ea897315ae75ddea2b712c8c8381388bba94398e02dfe77869cbd1eb5080e1d
Ontario Public Service,"$105,024.54",$260.46,Transportation,Manager Bituminous Sect.,1997,71e5f07a94bff5502401243a1bae1d675581fd4dce70ce57c2ccb07cd8f90781
Ontario Public Service,"$102,614.13",$245.52,Transportation,"Section Head, Program & Exp. Control",1997,c1aebf8d2cc2ac10ec4424cc0dbc77461f304a485dfc4cb8548a90c61158dcd5
Ontario Public Service,"$106,981.33",$265.44,Transportation,Envir. Systems Spec.,1997,dce453e22e27640e304007068be5d30f5d3fcddd89950da654f29d6c14698dd9
Ontario Public Service,"$108,891.77",$172.80,Transportation,Project Res. Engineer,1997,b1b969b712e7b9e6d09dd465c5490c9a644cfe79147025d9e34354cf424e5f38
Ontario Public Service,"$106,179.15",$254.12,Transportation,Manager Engineering & Right of Way,1997,2960f8d38bec4a0639ecc993bf982b3df0d8b2d886a3d9037c2f480fda5f3789
Other Public Sector,"$136,657.00 ","$2,434.18 ",Algoma Health Unit,Medical Officer of Health,1997,183e50f609057ebc88116ea7279f371584e6ce900c7cff6e5dad00f888fe6300
Other Public Sector,"$105,342.77 ","$4,979.56 ",Barbara Black Centre,Physician,1997,4b92cf42488133ed5d056763ecd702af8f6a043fb7342b257040c232b151cf4f
Other Public Sector,"$120,751.38 ","$2,349.84 ",Barrie Community Health Care,Physician,1997,4dae8dd237a15627151df45dd01773290bf582de97649c13e12d3ea77e741e1f
Other Public Sector,"$120,619.22 ","$2,136.84 ",Barrie Community Health Care,Physician,1997,643bab3f97038487b9eb6412581e33aea47702d0c5604563dec45762bd046901
Other Public Sector,"$137,399.42 ",$864.52 ,Brant County Health Unit,Medical Officer of Health,1997,4892b92ff81b1f9b62b89e374de8ef79b8ad8ee3884e6842a2f90b719d22ba51
Other Public Sector,"$118,137.48 ","$4,673.92 ",C.M. Hincks Treatment Centre,Chief Psychiatrist,1997,f66499cbb244d914eb802a9a90ee5ff48d5f3cad81383dfbd0855c6455dea043
Other Public Sector,"$109,211.77 ",$138.33 ,C.M. Hincks Treatment Centre,Staff Psychiatrist,1997,4411a61646d1e8afff9dac05370f831d51930fafee21e04ccbc6d6a2fddb22b2
Other Public Sector,"$146,704.88 ",$111.81 ,C.M. Hincks Treatment Centre,Executive Director,1997,63b7155392b1ab76a6a32529edc0f9cd731b38daaa9995d1afbf7140f4612e5a
Other Public Sector,"$112,140.54 ",$31.05 ,Canadian Red Cross - Ont. Zone,General Manager,1997,5db1a95bf8424941501a96cb619912926f628b2ffb2813c9ab81f75b99eb0639
Other Public Sector,"$111,583.68 ",$322.32 ,Cdn. Hearing Society,Executive Director,1997,39ddf204f979f12acc14cd5b8c3b696788385072b810d84399645044abb5386f
Other Public Sector,"$132,962.00 ","$7,253.00 ",Centre de sante communautaire de l'Estrie,Omnipraticienne,1997,c9e6db12b5802a57a412ec54108053742066739ac4261b174aba67448f0df4e1
Other Public Sector,"$101,392.09 ","$5,198.44 ",Children's Aid Society of Metropolitan Toronto,Director of Service,1997,1bbe3e577adff86d28fd3a29c91c350bcec7f92ae90764000e8105dcbcd1a175
Other Public Sector,"$100,639.57 ",$513.06 ,Children's Aid Society of Metropolitan Toronto,Dir. Finance and Admin.,1997,cf80dad4196e84bce60eb0695d417efde26ad65cdc0fdca4cd115708e2929ba3
Other Public Sector,"$127,907.11 ","$11,483.24 ",Children's Aid Society of Metropolitan Toronto,Executive Director,1997,656d33744129ac1df8e90c755dc42a1ca9ecc8dab5a29ca928d9f6b277940be3
Other Public Sector,"$125,660.46 ","$6,531.67 ",Community Occupational Therapists & Assoc.,Executive Director,1997,8ee50e4349abbc33ba2ac38c5f22e44a95a24c7bcfd95968007dcce59b423703
Other Public Sector,"$125,544.00 ",$798.00 ,Community Services To Jewish Elderly,Executive Director,1997,672cc5219629e38620816049efd8a874d7b955876ed68db49d5a5601ddd12d01
Other Public Sector,"$128,039.67 ","$12,284.81 ",Country Roads Comm.Health Centre,Physician,1997,e76a63623ff284a8d9f29649f748ca9886bab00fefdf2201cb88ad1c765b3cd5
Other Public Sector,"$126,326.76 ","$7,591.55 ",Country Roads Comm.Health Centre,Physician,1997,639347c58ed195b9685e1e7fcc5267d7cc54c926e0a3409b9833f6a11ba28395
Other Public Sector,"$110,556.22 ",$840.47 ,Dufferin Caledon Health Care Corp,Chief Executive Officer,1997,ffac13f7b89cd74dc065eb92b3ecb4e54ed626e38632f43aeef7aeeee6f7726a
Other Public Sector,"$123,433.59 ",$477.36 ,Eastern Ontario Health Unit,CEO / MOH,1997,92b7896b54a7a229a0e277996649810b3af9020731b34a1dcce043bf73e07cbb
Other Public Sector,"$101,131.85 ",$392.88 ,Erinoak Serving Young People w/Phy. Disabilities,Medical Director,1997,79a8397042f4c667c9b3335467bb9e8d324c889b97a2541264183ef97b4adea0
Other Public Sector,"$101,621.40 ","$6,698.92 ",Family Service Assn. of Metro Toronto,Executive Director,1997,fa4e8ed98af0a28573f822d56c7b827109b9a5aa140a12c9e6907991c9055aa7
Other Public Sector,"$172,500.00 ","$37,219.00 ",Goodwill Industries of Toronto,President,1997,6ba218345da6be9b324458ec02fb3bfd71b6ba5b47c452551830c2be66030f33
Other Public Sector,"$123,118.86 ","$6,174.12 ",Guelph Community Health Centre,Family Physician,1997,c76dc023a6a676397f2d5a9722fd91077eab05f24a9a4c2163e3d3c95ac6be17
Other Public Sector,"$123,118.86 ","$6,174.12 ",Guelph Community Health Centre,Family Physician,1997,459e7fce06339c589210e710e62f77c62dd638256433f2040b8fc8bcabe8b1c2
Other Public Sector,"$123,118.86 ","$6,174.12 ",Guelph Community Health Centre,Family Physician,1997,cca1f440eaa6aca48277dc18803f1c71ee68901180bb1b5f817a3f115a000118
Other Public Sector,"$150,880.96 ",$170.56 ,"Haliburton, Kawartha, Pine Ridge Dist. Health Unit",Medical Officer of Health,1997,429828886572e6226609ffe1f3fe66d84f69384ff82c9613e11f64127fa6855f
Other Public Sector,"$103,171.03 ",$170.56 ,"Haliburton, Kawartha, Pine Ridge Dist. Health Unit","Dir., Dental Programs",1997,89c5dfc11c5cc0dff338cd08265d5042fd86f13c4bdacaff763e5f30024e8191
Other Public Sector,"$150,967.96 ",$968.16 ,Hamilton Program for Schizophrenia,Exectutive Dir.,1997,c5556d5852c66b436fc1be1e6aa3549b19a7241372489fb9c965ac572cae005d
Other Public Sector,"$101,541.44 ",$0.00 ,Hamilton Public Library,Chief Executive Officer,1997,6d700c961cb2dd6349de1e958990c64d07655638e2a91f733453a6d7aad9b2f3
Other Public Sector,"$101,069.18 ",$440.64 ,Hastings & Prince Edward Counties Health Unit,Medical Officer of Health,1997,83bbb50c59ff5f4b8fec87b28740d0a65ab52fa275915dfd4eb28ae53b2ae82a
Other Public Sector,"$120,411.77 ","$5,557.33 ",I.O.O.F Senior Citizen Homes Inc.,Chief Executive Officer,1997,97966d7a75b9b33491684e0b1cf7ce8be247b637e71a468fd4bdb7ee75db9274
Other Public Sector,"$103,632.96 ","$1,229.50 ",Jewish Family & Child Services,Executive Director,1997,1fd8788d0abd02b8fdf9176b7838bc88a62c22e249ad6184ee281c46c54189c7
Other Public Sector,"$107,823.00 ","$2,514.00 ",Kenora-Patricia Child and Family Services,Executive Director,1997,452ff5eee38c3117d1eda43f481f4b8cb4eb3187716a3a0f38139b5f3b4eb54a
Other Public Sector,"$130,847.17 ",$419.67 ,Kent-Chatham Health Unit,Exec.Officer/Medical Officer of Health,1997,0bfb6d495dfe2ef65f80d2092e7ce446994982946ff013221bf2b5191d621835
Other Public Sector,"$120,111.61 ","$9,034.62 ",Kinark Child and Family Services,Executive Director,1997,49b0b407aebb8cced635a1fda6b45fc30f2aa1bc20786222490723ba8f5bf5a2
Other Public Sector,"$121,047.56 ","$2,769.93 ","Kingston, Frontenac, Lennox/Addington Health Unit",Asst. Medical Officer of Health,1997,f791aece1dc85ed83133ca8c697fa5ed18f002676fa1da84a40f28936009f2b7
Other Public Sector,"$144,757.59 ",$562.78 ,"Kingston, Frontenac, Lennox/Addington Health Unit",Medical Officer of Health,1997,2470f5884f663acbdbdf74e54855252346c36e68412fa40c03cef2c27d02f82f
Other Public Sector,"$123,118.84 ","$5,295.20 ",Lakeshore Area Multi-Service Project (LAMP),Physician,1997,991e7edb6605bd8195dd0cdc5c398c76fbb8fd7f1272d92f80da5d20b0e50e82
Other Public Sector,"$123,118.84 ","$5,295.20 ",Lakeshore Area Multi-Service Project (LAMP),Physician,1997,c82c4f6809d59846bb48153e68687733249bf3cc37842814862d8432c0f8b071
Other Public Sector,"$124,063.11 ",$659.10 ,Lambton Health Unit,Medical Officer of Health,1997,910ea2213560f865ef27da643dbb291c5aad2ccbefba16ae6215b388322ff9b9
Other Public Sector,"$101,382.00 ","$3,022.00 ",Langs Farm Village Assoc.,Physician,1997,1cec61eba9a40030a03a2729efdac089db665460dcce2ad4b03c3a2086ee38f4
Other Public Sector,"$126,530.97 ",$719.88 ,Leeds Grinville & Lanark District Health Unit,Medical Officer of Health,1997,d11214c35368181abcbf9e04e72dd16914718049a0e708e9e5db97ae39c645f3
Other Public Sector,"$141,182.88 ","$9,617.10 ",Longlac Comm. Health Centre,Physician,1997,034811d371243d4c3b4dfeeb1468e322f4b642f8291cf4fa7db36ece21f6b46b
Other Public Sector,"$141,182.88 ","$7,217.10 ",Longlac Comm. Health Centre,Physician,1997,f5977663ea0c73063f3952016d433d58b31bf5e56d0099276faaf6cefebbaadd
Other Public Sector,"$113,167.00 ",$766.00 ,Metro Toronto Library Board,Chief Executive Officer,1997,a2738ebd9ee5f3a73f9bb0aaee3082ec380d60264021d090593116ba02029660
Other Public Sector,"$124,541.08 ","$6,000.00 ",Michener Inst. For Applied Health Sci.,President & C.E.O.,1997,45495bac6bd108e0124ff07d31dad5143c68bfe7cbd3f1dfd138fb97fce2d7d7
Other Public Sector,"$103,830.00 ",$387.00 ,Middlesex-London Health Unit,Director of Dentistry,1997,bf25d63dfdeda1e804d9b8eee4650a540e45db9dd538c1195d4a03398a73ec1c
Other Public Sector,"$122,578.00 ",$387.00 ,Middlesex-London Health Unit,Assoc. Medical Officer of Health,1997,87456ff5ac2dd0dfca3b29b37ab3d54221920c9cb594e071bc9b1e19e628aacb
Other Public Sector,"$144,210.00 ",$387.00 ,Middlesex-London Health Unit,Medical Officer of Health,1997,2090701c2d9f1e3458ec11bdaffb673f5d011fe28adbb3d3832b814dae12143c
Other Public Sector,"$119,591.00 ",$387.00 ,Middlesex-London Health Unit,Assoc. Medical Officer of Health,1997,4b6a2fd06ed164fb545d26c8d49ddff3a3a4e9d7d4d317626068c98516960e1b
Other Public Sector,"$110,000.00 ","$1,429.92 ",Muki Baum Assoc.,Executive Director,1997,25f114f5f0c8a872abac1c9e5cbdc0eb95173826ae8b6ecd5e036eea05331fa6
Other Public Sector,"$122,848.98 ",$375.72 ,Muskoka-Parry Sound Health Unit,Medical Officer of Health,1997,52f5e0a101a7975623eb5d2ced27f8a0b7c272f0a642c7879a3dbd64ce9e70a8
Other Public Sector,"$147,533.06 ",$502.84 ,North Bay & District Health Unit,Medical Officer of Health/Exec. Officer,1997,a84e88a08a6e237519f949d620dbd75f8c5a2105b48724f4b878c858db0959e8
Other Public Sector,"$118,146.00 ","$7,018.00 ",North Kingston Community Health Ctr.,Physician,1997,a45ccda54a7c98c329905204fd2905ed4ae91d44cb4dfe110626cbe3b67b7508
Other Public Sector,"$101,844.60 ",$691.08 ,Northumberland Health Care Corp.,Executive Director,1997,7ee2de39a5cd8889dc2b624776e45b8917e7b3916aa4c460112c413b37a2f5c7
Other Public Sector,"$114,000.99 ",$774.24 ,Northumberland Health Care Corp.,Executive Director,1997,3fbe003607ec9bd641a7537d1f6a1d1122810a351954c4d77a94d1d7d2697879
Other Public Sector,"$130,048.72 ",$470.62 ,Northwestern Health Unit,Medical Officer of Health/CEO,1997,2b574f74d81a43672715b02e36bcf4c6f2428a57b60e6c2a136c0d64de312803
Other Public Sector,"$112,118.24 ",$714.34 ,Ottawa-Carleton Regional Police Serv.,Superintendent,1997,c779e9e2238db83625f25dd9524f26aa42507a41b8b6719949075d4e451c6b3f
Other Public Sector,"$115,144.60 ",$411.62 ,Ottawa-Carleton Regional Police Serv.,Constable,1997,5f5072acedf852839b9f5be567d332371ce694d2b201ca7a03c1e7d3830c9dee
Other Public Sector,"$131,407.64 ",$578.55 ,Ottawa-Carleton Regional Police Serv.,Chief,1997,2dd4a72474048b63d0aeccf36998e5ea5e6d81884f9d04ef8dd4f1c46c467777
Other Public Sector,"$106,937.22 ",$411.62 ,Ottawa-Carleton Regional Police Serv.,Sargeant,1997,8d2f8e982c02390cc318d9c0b6b41a0933cca43a98d925f6abcc1b4edae2e80e
Other Public Sector,"$117,189.71 ",$545.85 ,Ottawa-Carleton Regional Police Serv.,Deputy Chief Operations,1997,893aec8f6a1945df4c52566d34153d6b56c9cf8b6d7536bc017f9a41d707c86b
Other Public Sector,"$114,354.24 ",$551.58 ,Ottawa-Carleton Regional Police Serv.,Deputy Chief Operations Support,1997,8790064df6a091c9a466ac0cca32924e92c31beb9a80a5b7b257b9b8af0d8d45
Other Public Sector,"$110,251.62 ",$688.93 ,Ottawa-Carleton Regional Police Serv.,Legal Advisor,1997,07f5f9eb0aa5ff4a3e5dd524463921a03867615ec4a84c45f3454d79f892e454
Other Public Sector,"$107,678.67 ","$3,505.12 ",Parkdale Community Health Centre,Physician,1997,5433cbe8ee4641004a42c57d2e1d8d2d46045d08d99ef84d9ce4b481339fa1e8
Other Public Sector,"$123,119.04 ","$3,775.52 ",Parkdale Community Health Centre,Physician,1997,9e3f3d1da4ebb77544b2680eb7d1172380adb39d134a9e6e18ec65cce1265f31
Other Public Sector,"$110,001.00 ",$479.00 ,Parry Sound West Health Centre,Sec./Treasurer Chief Executive Officer,1997,5af2012015817f2777ee0e6e8274398ac8f52577bda649d21ea844ecb6cf4c25
Other Public Sector,"$118,499.65 ",$784.92 ,Perley /Rideau Veterans Health Centre,Executive Director,1997,a31783a6e7df9f5080695918739a2659a649609cd0f7ef232f19f707944f81a7
Other Public Sector,"$126,732.18 ","$1,305.29 ",Perth District Health Unit,Medical Officer of Health,1997,ea99612218e49b2ae0b0c03419e4cff87b8642bd8aeb10f390e014b359ba6f23
Other Public Sector,"$135,340.79 ",$362.83 ,Peterborough County City Health Unit,Medical Officer of Health,1997,09e90427a8ff54e4eb88853a02e041dd814bb81dade0971430a042091623df82
Other Public Sector,"$119,359.89 ",$686.08 ,Porcupine Health Unit,Medical Officer of Health,1997,bca14ff9bbe2b877878ade56038cd6f566576b9abb49c4bf6c9bc55ecdb86688
Other Public Sector,"$160,000.47 ","$7,226.61 ",Providence Centre,President & CEO,1997,9632a8d68f9c58df7bcb9e1e6f2ea893ec179305ae9dd8cc400c3d19c1fe14e2
Other Public Sector,"$143,088.12 ","$16,721.18 ",Providence Centre,V.P. Medical Services,1997,e910b1b2ec2853df1466601390bbcfdbd296caedb739f7e058cb9f87eb5d6b0e
Other Public Sector,"$130,941.20 ",$754.56 ,Providence Continuing Care Centre,Director Stroke Rehab,1997,10927a03c9a7a9a2be1486795121335766388238d55052f8bcf3ad394abddb90
Other Public Sector,"$116,000.03 ","$7,604.88 ",Providence Continuing Care Centre,CEO & President,1997,ba7e104853871c8267a06267943153568eb2e6d0ad58fa4066cad749d47c6b95
Other Public Sector,"$134,999.80 ",$777.60 ,Providence Continuing Care Centre,Head of Rehab Medicine,1997,f578a50b26f70ce54d10b9fed8c2e960b19da1e3a72faa019bd0a375f2b8bd63
Other Public Sector,"$111,700.60 ",$467.09 ,Regent Park Community Health Centre,Physician,1997,cad0ffe68cc5b3b2f5bfa8a9b773e8345bb41042bcc42a851e69c06e4c2b9d18
Other Public Sector,"$103,103.46 ",$413.55 ,Regent Park Community Health Centre,Physician,1997,84d448234113d331d0a0f851cbd41a18d96410f6352a232786831c76d378b2e6
Other Public Sector,"$105,977.42 ",$796.34 ,Rehabilitation Foundation for Disabled,Executive Director,1997,02505a88584e6f96bbf1a8145b32c4b7b2f5c387e03f7fb1512926bd61be296b
Other Public Sector,"$127,249.90 ","$8,566.17 ",Sandy Hill Community Health Centre,Physician,1997,2e87c022592b7001487394728a98d1285d09051fc2ec6c484442fbcfa9cafe1b
Other Public Sector,"$102,399.92 ","$6,895.30 ",Sandy Hill Community Health Centre,Physician,1997,f40471f277bab239f29832233f618b46c50c98e64ed6128d4d3b7da98f5852cc
Other Public Sector,"$127,249.90 ","$8,600.72 ",Sandy Hill Community Health Centre,Physician,1997,1daf163bf387db1c9c004a117067a1b82aef46a1187050c072004cfbb3e40268
Other Public Sector,"$101,799.92 ","$6,974.63 ",Sandy Hill Community Health Centre,Physician,1997,f9b81a096352e12c3f617650f7f277ef2514f96d4079eb132a918fdd6e7cf245
Other Public Sector,"$106,370.29 ","$3,472.52 ",Scarborough Public Library Board,C.E.O,1997,8f36b2b038795201d7787403fd1f1611c8db5640d430b859a06be6334461d91b
Other Public Sector,"$103,030.20 ",$422.28 ,Simcoe County District Health Unit,Dir. of Dental SVS.,1997,0bde5df61116f90cbc968635237840e372dabe1f52a16edce6e82d8c8a7489e3
Other Public Sector,"$133,005.60 ",$544.68 ,Simcoe County District Health Unit,Medical Officer of Health,1997,92f23cecc6ea370ff8fe25fecf0f44b43f3e0e186bb1142dd05bcdc96c56a349
Other Public Sector,"$123,414.66 ","$7,331.74 ",Somerset West Community Health Centre,Physician,1997,67d4d518dbb23ec86f5529a826ee679764554dfd935214d92d10717afc981a0f
Other Public Sector,"$122,338.22 ",$494.82 ,South Bruce Grey Health Centre,C.E.O,1997,78e774d2e315d3a202863b8043d308d50de61c2a5ee19a04e33d0d3550078083
Other Public Sector,"$123,119.04 ","$7,171.68 ",South Oshawa Comm. Health Centre,Physician,1997,58b42360be1e4083b0e654eea5932dfb531e9675399d8b17bcc690f8a58bd216
Other Public Sector,"$118,058.74 ","$4,000.08 ",South Riverdale Community Health Centre,Physician,1997,6dec682926a66a34a89300df71e9ea77ff7b939705ac330b977ae2ccb008c23e
Other Public Sector,"$101,626.72 ",$262.20 ,Southheastern Ont. Health Sciences Centre,Health Sciences Centre Dir.,1997,845c7f8c45850b490895a585ffdd3210d3d55f5fedf9fd97cfaf4b6191fd53dc
Other Public Sector,"$113,728.03 ",$586.68 ,St. Joseph's Care Group,President,1997,ab2436869cc5812f059f3d26fe189918c70357b85b20f04970361e88dba2dc19
Other Public Sector,"$119,414.39 ",$572.40 ,St. Joseph's Health Centre,Exec. Director/CEO,1997,6832706ce905d87482208a8523330375508212e1432ef988c87b075bdc68995d
Other Public Sector,"$141,338.00 ",$517.00 ,Sudbury & District Health Unit,Medical Officer of Health and Director,1997,c107ba9602bf12960b2623cffdc9194a7584ea21b6f73c6b50d9a8f514573540
Other Public Sector,"$110,069.91 ",$204.28 ,Surrey Place Centre,Psychiatrist,1997,9ffdd20089f37355df8b0990e36121f0369a9f5ef3eacb3a2d774c667ec388b7
Other Public Sector,"$105,055.22 ",$192.84 ,Surrey Place Centre,Executive Director,1997,a12adf9d84677c69dbefa743203d099d8a1666431c977978283a764bec7c3044
Other Public Sector,"$158,779.45 ",$294.33 ,Surrey Place Centre,"Dir., Biomedical Serv. Research/Educ.",1997,1394d60c28f44f595214d4ece7f784633a75769789e8d52a18f465ae72e3fad5
Other Public Sector,"$103,658.63 ","$17,340.56 ",Thames Valley Children's Centre,Chief Executive Officer,1997,45d29ead474c736cc00fe168aee31a4b8640586d614c0aa57819443f6074cc70
Other Public Sector,"$111,583.68 ",$322.32 ,The Canadian Hearing Society,Executive Director,1997,39ddf204f979f12acc14cd5b8c3b696788385072b810d84399645044abb5386f
Other Public Sector,"$107,484.00 ","$5,929.00 ",The Children's Aid Society of Ottawa-Carleton,Executive Director,1997,60b66f372c4cb671e6dc6c8ecb5bb902d1259ac40d1c0f65bd682882714477f1
Other Public Sector,"$106,485.00 ",$442.56 ,The Dellcrest Children's Centre,Executive Director,1997,75865a425b5072d47c2faff28875925b4a771ceaf7d916ccf256b8e9dda615ff
Other Public Sector,"$158,195.00 ",$768.00 ,The Grey Bruce Regional Health Centre,President,1997,0122a1c253aa8e19e2579b0d66716b769451105723f8ed219bdff0997ae1da52
Other Public Sector,"$101,745.02 ",$657.54 ,The Windsor-Essex County Health Unit,Dental Dir,1997,df9c3f51a95184347d7dce9dc91ce36a8625c914346138d3d8a563feaac40203
Other Public Sector,"$140,944.18 ",$657.54 ,The Windsor-Essex County Health Unit,Medical Officer,1997,cd3d07e6fa0aa782678db22273e739da18e71f598de48036f16e5e8075d0e33b
Other Public Sector,"$101,648.82 ",$376.88 ,Toronto Public Health Dept.,General Manager Animal Control,1997,253bb266121f66dffac34f4c7011fa2ddae5089ddc80f9ce01528fdbdf085033
Other Public Sector,"$117,014.50 ",$48.02 ,Toronto Public Health Dept.,A.M.O.H,1997,9a7ce4a10eb2f18882ab3e16527b3b7cbf75454b48041f56d67a9ef69fbbd29d
Other Public Sector,"$103,274.23 ",$28.02 ,Toronto Public Health Dept.,Regional Director,1997,9098f01f19e82731532d3b8c65e82e8aa4877da82124531499110b400ac7119c
Other Public Sector,"$132,512.49 ",$28.02 ,Toronto Public Health Dept.,M.O.H,1997,24d87c047063e8e8c4ddbe53534afb2943e01e7275531668facaa69e83804c7e
Other Public Sector,"$115,102.80 ",$0.00 ,Toronto Public Health Dept.,A.M.O.H,1997,17099921649341d7e3eb415552478682f8bdb9c1e903194bcca6b3421823cbe8
Other Public Sector,"$103,274.23 ",$48.02 ,Toronto Public Health Dept.,Manager D.O.H.S,1997,783955ec69b8a2d88d8be889563207e7a7248ac4d77acb97741416de6649b0ea
Other Public Sector,"$111,079.76 ","$2,595.72 ",Toronto Rehabilitation Centre,Adm. Director,1997,64de21f0830c6b1ecf87697aea594c4df91e8f9b806c7047d02b2f5bec824b30
Other Public Sector,"$101,824.81 ",$184.81 ,Toronto Rehabilitation Centre,"Program Director, Cardiac Dept.",1997,713d63be52d708a58e92fdd81043939b9e7e81c108f1fdf545de8964c6a0cc93
Other Public Sector,"$187,854.30 ",$85.26 ,Toronto Rehabilitation Centre,C.E.O. & Medical Director,1997,0fdc07969dbc96baa3243142e3478cf0e3fc81461145ba0918b1f22937a0ab7d
Other Public Sector,"$117,499.46 ",$211.99 ,Toronto Rehabilitation Centre,Dir. of Cardiopulmonary Laboratories,1997,4ab9b1d8389c661d579fa7b7897211f68f046e408636933c30c7c38186cad903
Other Public Sector,"$114,205.61 ",$206.59 ,Toronto Rehabilitation Centre,Clinical Director - Gen. Rehabilitation,1997,01dd129b813b5ef8d6033da7589cbf120a09627b4ce000662963dec5ae19341d
Other Public Sector,"$133,998.12 ",$360.95 ,Wellington-Dufferin-Guelph Health Unit,Medical Officer of Health & CEO,1997,821e6354e27e1b43f4ac7d8bcc84120bd862ab7d47cd0851646721bfdc206658
Other Public Sector,"$110,737.00 ","$6,715.00 ",West Elgin Community Health Centre,Physician,1997,567fb1e240accb5513683ddbd0402b7d554c2c8c8abd3f87c157f1cb46b9cc37
Other Public Sector,"$127,201.99 ","$2,666.94 ",West Hill Community Services,Physician,1997,7f30aa84d037b6af7725268e9700c01c87337acf277c31f67ffc1f57dec4493d
Other Public Sector,"$123,433.58 ",$653.22 ,West Hill Community Services,Physician,1997,c6def06e005e884f2ff36f8a2907fe5a0eb54fbf2f35b7d497f1a99fc32c6f69
Other Public Sector,"$104,768.49 ",$499.17 ,Windsor-Essex Comm. Care Access Ctr.,CEO,1997,88510af24d8019cdf5cab35826172fc22b706729713776b6740fb26a84b27aed
Other Public Sector,"$101,745.02 ",$657.54 ,Windsor-Essex County Health Unit,Dental Dir,1997,df9c3f51a95184347d7dce9dc91ce36a8625c914346138d3d8a563feaac40203
Other Public Sector,"$140,944.18 ",$657.54 ,Windsor-Essex County Health Unit,Medical Officer,1997,cd3d07e6fa0aa782678db22273e739da18e71f598de48036f16e5e8075d0e33b
Other Public Sector,"$113,683.44 ",$646.20 ,Woodstock City Police Dept,Chief of Police,1997,9726b1f9b28a6095f6966314d839eae5e59e4ca20f5b4326291477d878d0a975
Other Public Sector,"$127,487.79 ","$5,497.76 ",Woolwich Community Health Centre,Physician,1997,5eeae0bdfc5018c7cd17eed5ead9adcb80c3ca5355209ed29722ecc334fec645
Other Public Sector,"$127,487.79 ","$3,147.73 ",Woolwich Community Health Centre,Physician,1997,d8b0de49460f64b953799a3f8a6543a9a853fa5dc03c51f230f8d37f377fccec
Other Public Sector,"$104,403.07 ",$298.56 ,Workplace Safety & Ins. Appeals Tribunal,Publications Counsel,1997,bef68987cb7c5875dd28af2aeca75aa6f80e75ed1c4626072f4757778c698562
Other Public Sector,"$120,327.65 ",$343.35 ,Workplace Safety & Ins. Appeals Tribunal,Counsel to Chair,1997,a680c8755634a80c1989dfb1af7350337152f878ba19db8cbb67bf1545357d83
Other Public Sector,"$120,327.65 ",$343.35 ,Workplace Safety & Ins. Appeals Tribunal,General Counsel,1997,95685cd2df1db8625b03ad39aa62bcdf12cce96fa5c6815ed757d519cdd4e6cc
Other Public Sector,"$100,727.05 ",$126.36 ,Workplace Safety & Ins. Appeals Tribunal,Tribunal Chair,1997,9498d09de5f80dd170cd5a3234049fc4924676f2d75547b459b601043d942f41
Other Public Sector,"$157,802.50 ",$302.50 ,YMCA of Greater Toronto,President & C.E.O.,1997,703e350a0f621eda742bc50e21c5cea28a8c1fd1ad1df4e90c4b1fb33ded2957
Other Public Sector,"$123,335.56 ",$266.30 ,YMCA of Greater Toronto,V.P. Financial Development,1997,fed49bc21abc8847e214a8891e34b4a805f6d995d90ea8e6ff6433401f2c6edd
Other Public Sector,"$117,000.00 ","$3,294.70 ",York Community Services,Physician,1997,7006f980115bbec9f7f46ec93497e277eecd018d443af7cd00226f6e5baf547f
Other Public Sector,"$120,000.00 ","$4,129.42 ",York Community Services,Physician,1997,5c18c055aeac51ffe6d40e655b337a8733acc463c4f45dd8e357153c9fedc940
Other Public Sector,"$123,119.04 ","$4,515.96 ",York Community Services,Physician,1997,4e15a84b79a5425258adcf05702979babee38c5084f0b3bbdfd908d46f59491f
Other Public Sector,"$114,974.08 ",$569.70 ,Youthdale Treatment Centres,Executive Director,1997,33d14e628266016e364590f0c5687746dccc0937eec96a2bc8155a491b5c8520
Other Public Sector Employers,"$120,442.56 ","$4,289.26 ",Black Creek Comm. Health Ctr.,Physician,1997,1547e8d81bbc818bdba7c8c30a389b0a7b8ef67a9e957e5d27e82a49f6f99b5b
Other Public Sector Employers,"$130,000.00 ",$560.00 ,Bruce-Grey-Owen Sound Health Unit,Medical Officer of Health,1997,782d3f35ef809fdc8af0867dabec12211eaf320a9ee1b3c7f8d7667341c0ff47
Other Public Sector Employers,"$104,291.00 ",$668.00 ,Cdn. Nat. Inst. For The Blind,Dir. - Business & Special Revenues,1997,a19a813cc701b6d64b5b4739953577a01ad7c55517b054bb364ecc7bef447f74
Other Public Sector Employers,"$105,833.00 ","$2,158.00 ",Cdn. Nat. Inst. For The Blind,"V.P. - Marketing, Communications, & Foundations",1997,aa303d3e9258b4ecd15fa83d32913ed535b87bffc7f6d850c8c320ab324fd33d
Other Public Sector Employers,"$150,000.00 ",$594.00 ,Cdn. Nat. Inst. For The Blind,Pres. & C.E.O.,1997,4dfc643bdca3a5fe7ea0e0540719c8e32309f842f9c0bb54803d1d22ecd1fa01
Other Public Sector Employers,"$115,833.00 ","$4,808.00 ",Cdn. Nat. Inst. For The Blind,V.P. - Strategic Planning & Operations,1997,fcb35f85686d67e00fd69f78f5648a46e7c0541b664107585184fc9434553765
Other Public Sector Employers,"$137,750.00 ","$2,100.00 ",Cdn. Nat. Inst. For The Blind,V.P. - Finance & Treasurer,1997,dbbdfedf7f45f41b181128e7620107e114af7da16fb55a7e2f1f6577f3c20db7
Other Public Sector Employers,"$137,404.00 ",$0.00 ,Ctr. de Santé Comm. du Témiskaming,Médecin,1997,bd8e7338ca9709d26f586c60a53df72242e2897128616c0521e100ee88b23631
Other Public Sector Employers,"$122,768.84 ","$2,989.00 ",Davenport-Perth Neighbourhood Ctr.,Doctor,1997,6c7635d133a721965c38f4b3dc5efe998b884eb5ed5b48cc2aed74a599424b4f
Other Public Sector Employers,"$138,375.00 ","$1,895.00 ",East York Public Health Unit,Med. Officer of Health,1997,8b488851e221477f14f06c5e6ab8a07af2aee4e30394e46e6209579488c78c1f
Other Public Sector Employers,"$123,946.00 ","$1,074.00 ",East York Public Health Unit,Assoc. Med. Officer of Health,1997,f3160b00d4ed2826bf9dd763e018e961be5dfb6f7bddf41abdb65476b1be5c71
Other Public Sector Employers,"$108,854.45 ",$507.90 ,Grandview Rehab./Treat. Ctr.-Durham,Medical Director,1997,0204ee5bfae863f0bf8a951792a4550b5aed1b7dbe8e5074771b438bfe9152f1
Other Public Sector Employers,"$118,317.00 ",$568.00 ,Lakehead Regional Family Ctr.,Psychiatrist,1997,bb23e0fc555861dc57be30fbe566e863be76ca1e50761f0f100386fd9737e20c
Other Public Sector Employers,"$122,979.68 ","$5,299.44 ",Lawrence Hgts. Comm. Health Ctr.,Physician,1997,2816b0df1ead57782efb385eda399b397ec0d0d5c8483e81ff80bc19f88fd0eb
Other Public Sector Employers,"$121,461.48 ","$5,268.91 ",Ont. Assoc. of Children's Aid Societies,Exec. Director,1997,17524f29f9115a092aab913afde96521a829b871c271f924ce9dd17ada433140
Other Public Sector Employers,"$108,058.60 ",$676.76 ,Ont. Hospital Association,V.P. -Corporate Services,1997,1995b91eddff4f84a7421493843b28afbedbdeda24f0904ae1aa96dff88c30de
Other Public Sector Employers,"$106,496.00 ",$675.72 ,Ont. Hospital Association,Dir. -Nursing / Paramedical Negotiations,1997,07550a3f1e30c4259a6d17b625ac8fcdc9ffeccc335302eb8aacc8952e20e2b4
Other Public Sector Employers,"$101,426.00 ",$643.92 ,Ont. Hospital Association,Dir. -Education & Convention Services,1997,b5e67c32240b03c60a2283b9d18083812b081ebed431c4225d7eb4e082c79868
Other Public Sector Employers,"$117,054.13 ",$675.72 ,Ont. Hospital Association,Dir. -Hospital Relations & Health Policy,1997,551860bbd08cc8ab559983adda3fac79cdb2b19dbe3a452e7aeff38e1f963445
Other Public Sector Employers,"$148,892.80 ",$785.16 ,Ont. Hospital Association,Managing Dir. -Negotiations & Consultations,1997,f65a693a0ea2888c02320edb320cc9fd784bbf1144d9213558f504f9525e07c9
Other Public Sector Employers,"$209,999.92 ","$12,866.94 ",Ont. Hospital Association,President & CEO,1997,54f266c81ee37a7a4dc3c4b8ebe9d4a401f1ae8c4f51e6a8399ff38c810fdfdf
Other Public Sector Employers,"$165,672.00 ","$1,051.68 ",Ont. Hospital Association,V.P. -Small Hospitals,1997,0885b60c14ba4a89562f93bd8cb8aff80771a9df1c921c381935be6d3a018fcc
Other Public Sector Employers,"$102,258.00 ",$648.72 ,Ont. Hospital Association,Dir. - Service / Clerical Negotiations,1997,047ca241e25ba7f08b229582e697736373e2552a19b52f7836882234cd0e2b4a
Other Public Sector Employers,"$121,030.00 ",$767.64 ,Ont. Hospital Association,V.P. - Public Affairs,1997,3fe8a6036769c6c3929ee3d9982486389dc8b5b1b1ab43e5361988dc13b3eb80
Other Public Sector Employers,"$145,418.00 ",$923.16 ,Ont. Hospital Association,V.P. - Hospital Employee Relations Serv.,1997,a5898f2b98ac165a470b033fcb302fb31b9969eae6cb520a313ccae94588a8c2
Other Public Sector Employers,"$114,668.00 ",$688.48 ,Ont. Legal Aid Plan,"Deputy Director, Legal",1997,82a8d077b5f859cb5c4d38a40454edb515f52d022758479ea0c625d630cb341c
Other Public Sector Employers,"$129,888.00 ",$774.80 ,Ont. Legal Aid Plan,Provincial Director,1997,bd521d06c1af77b901a2cbed799327f750b2bdc0c5fbd5f44a627d79c5932cf4
Other Public Sector Employers,"$103,000.00 ",$616.98 ,Ont. Legal Aid Plan,Clinic Funding Manager,1997,f4922017a75743b8c30042a49fde63f4e96911b6911d895d2b6aa6f28e753731
Other Public Sector Employers,"$110,874.00 ",$658.58 ,Ont. Legal Aid Plan,"Deputy Director, Appeals",1997,dfab39b7f87990a3c7b7de166d45c87bd8b4d4169f1c2107e821dedd443535d4
Other Public Sector Employers,"$111,175.00 ",$664.56 ,Ont. Legal Aid Plan,"Deputy Director, Finance",1997,7d0abb696693d9a3197f07982f93c8f3ad276c0f4edc2ef72e27deedb51c1ba3
Other Public Sector Employers,"$102,819.90 ","$2,999.96 ",Ont. Mental Health Fdn.,Exec. Director,1997,3360bf479f6dc0eb2a19267817bde47f05bab51668b0ea691225a61a7c951488
Other Public Sector Employers,"$146,191.54 ",$200.72 ,Renfrew County & Dist. Health Unit,Medical Officer of Health / C.E.O.,1997,2c602ae77fb3a789b37fd33802a72b23af3560a05bad254a8f78f3aa0ed303a9
Other Public Sector Employers,"$147,691.70 ",$566.40 ,Thunder Bay Dist. Health Unit,Medical Officer of Health,1997,cddcbd63dbc9b720a7a2c8a798d36f3e06844b571b30403cb3adf6de5b8fbe95
Other Public Sector Employers,"$117,561.49 ","$1,148.28 ",Toronto (Metro) Housing Co.,Gen. Mgr.,1997,fa79b7b454e843fdbf1520967e0309802c89d43c91ae704029b628e9d3677fb5
Other Public Sector Employers,"$113,166.72 ",$766.35 ,Toronto (Metro) Library Brd.,C.E.O.,1997,96544769590a55ff27d65a722807640a656c20a571fe29e693a161aef067fede
Other Public Sector Employers,"$127,715.41 ","$6,025.07 ",Toronto (Metro) Zoo,Gen. Mgr.,1997,652a8b21fa76959f2c14fcdca9bab2b1baf184dc9359941b2bfcfe3eaf54cdd4
Other Public Sector Employers,"$152,625.20 ","$4,124.92 ",Toronto Police Service,Chief,1997,cf6f12014c685a415243c39b68bde38272dc75198050d121406a1420cc28464b
Other Public Sector Employers,"$111,751.46 ",$589.86 ,Toronto Police Service,Deputy Chief,1997,bd6581fee414e7c08b2f4aea09b55bfc950382b68e59c18535cce156a2710333
Other Public Sector Employers,"$108,942.65 ",$228.10 ,Toronto Police Service,Police Constable,1997,181d2971c23b6a52642a39e2002314a5685ea096f1ab533a3643c492ee980392
Other Public Sector Employers,"$111,751.46 ",$589.86 ,Toronto Police Service,Deputy Chief,1997,cb72ce6111ccc568f5f9099e6486e684a9f80c2dc15a2bddc67a4f441a82b086
Other Public Sector Employers,"$111,526.27 ",$530.71 ,Toronto Police Service,"Dir., Finance & Admin.",1997,9a9838ff15242aed8776107b5ce003d2356eb3f9c90d115444d9683a5cdb51d2
Other Public Sector Employers,"$102,080.18 ",$505.68 ,Toronto Police Service,Superintendent,1997,f34420e64bdbd36cbe4c109ad1a655bae4d8d18e0588cbd129304b106df04611
Other Public Sector Employers,"$116,382.28 ",$613.82 ,Toronto Police Service,Duputy Chief,1997,d8f548c9a6a86c1d0643a7086f12f2b5695fdc901903b70000c2724ed1061f69
Other Public Sector Employers,"$100,930.83 ",$260.16 ,Toronto Police Service,Detective,1997,2b59912072da66fe4c8e55ec796ac602aaf83dd68283d0d8e1a0d5ba44358f7f
Other Public Sector Employers,"$127,566.32 ",$545.84 ,Toronto Police Service,Deputy Chief,1997,1f7079bbd5380ecb67460c0f7d17debc7d86ac0fc7841dbf5cfaf8c1a1126acf
Other Public Sector Employers,"$108,875.60 ",$561.24 ,Toronto Police Service,"Dir., Human Resources",1997,05d1a5f2afea2218081bfd78e846affeec8c854e057c72d2b641351ca8fac738
Other Public Sector Employers,"$121,015.34 ",$640.24 ,Toronto Police Service,Deputy Chief,1997,e2d3e79d6914991813f01072a20f9e4cb464a91e72ad6891add964a32a24f56c
Other Public Sector Employers,"$127,673.00 ",$684.24 ,Toronto Police Service,Chief Admin. Officer,1997,020647f20c565e45e03d3e76b7d697b2ed36109d2f77daf4f73277e9e6549768
Other Public Sector Employers,"$109,359.18 ",$579.78 ,Toronto Police Service,Deputy Chief,1997,42cf086a4147fbb54ef107f945d0f1789d0451345e639cfda62fe4142ebc4d1b
Other Public Sector Employers,"$100,882.81 ",$254.64 ,Toronto Police Service,Police Constable,1997,93e5e32f104aef06a4dca20db46ffa542b8c913ab6c8e81f057b92234c2a4f55
Other Public Sector Employers,"$100,968.80 ",$258.54 ,Toronto Police Service,Detective,1997,2e00ba41b36be64be020e6731e4c563cec5ba2293f0efba71655e249eb17a4d5
Other Public Sector Employers,"$109,415.00 ","$3,221.00 ",Toronto Transit Commission,Gen. Superintendent -Track & Structure,1997,4a306e32d9dc8d329abb76c022fb3103975568111f6605647fc46fe678c9cfc3
Other Public Sector Employers,"$115,367.00 ","$3,221.00 ",Toronto Transit Commission,"Chief Proj. Mgr., (Capital Pgm.)",1997,a5754cfa568d7b6db246f227a72c5a719a3fc130780c85e0020b55fb08d376d8
Other Public Sector Employers,"$115,526.00 ","$3,221.00 ",Toronto Transit Commission,Gen. Superintendent -Bus Maint. & Shops,1997,c95158a5c3d76fe5a4c5d34c2647bf9e5c860f81c9edfcb04fb6dafe272c4c2d
Other Public Sector Employers,"$101,380.00 ","$3,068.00 ",Toronto Transit Commission,Chief Marketing officer,1997,e62ee1d5c00d0ffa5d5ed12b09db125321534b48f8d9a292bd3d68a7336760fd
Other Public Sector Employers,"$105,191.00 ","$3,221.00 ",Toronto Transit Commission,Mgr. -Vehicle Engineering,1997,c5cdc9bf795a0f3a34c762e31eeeeb0bddc1b6327bd19e8d01c079c9b50cb2db
Other Public Sector Employers,"$139,526.00 ","$13,775.00 ",Toronto Transit Commission,Gen. Mgr. -Engineering & Construction,1997,581f40b224f8910e613a2c1837f5ceef6acea1fdcd42a89195e13822ced1729c
Other Public Sector Employers,"$105,191.00 ","$3,221.00 ",Toronto Transit Commission,Mgr. -Pension Fund Society,1997,f42741e44f4aa5f206124e40ff616c0de88d1dbe3c033cd128aec5ac7b024fad
Other Public Sector Employers,"$105,191.00 ","$4,914.00 ",Toronto Transit Commission,Chief Info. Officer -MIS,1997,8991abc14326dc95e63834887d67999ebd7f887251579c24a374ef2f069829ce
Other Public Sector Employers,"$105,191.00 ","$3,221.00 ",Toronto Transit Commission,Mgr. -Materials & Procurement,1997,4e6648776050046cae299d5bb7e955f9bb052236ffc56970fd41057a90f37dfc
Other Public Sector Employers,"$114,151.00 ","$3,221.00 ",Toronto Transit Commission,Deputy Gen. Mgr. -Surface,1997,6ad3250a070e84754a790e2414f830fbddf2438293aef91feaafa1e836522c6c
Other Public Sector Employers,"$105,191.00 ","$3,221.00 ",Toronto Transit Commission,Mgr. -Training & Quality Assurance,1997,c3f53fa5e2f220f0068914d15a57796e4dba9232bc11e8013de9316aaee42658
Other Public Sector Employers,"$105,191.00 ","$3,221.00 ",Toronto Transit Commission,Mgr. -Support Services,1997,beea5a45698c13a0af6574933c4d7e63c9732e85779ccfbdd1afcb8830c53cf8
Other Public Sector Employers,"$154,921.00 ","$13,731.00 ",Toronto Transit Commission,Chief Gen. Mgr.,1997,160a32316f50e09ecae47e8374f7d4302714dfee8f9be6e13b0e9d380473e868
Other Public Sector Employers,"$116,819.00 ","$3,221.00 ",Toronto Transit Commission,Gen. Counsel,1997,f67474e7d6f61900ad02afc676f49cb0cfb511923287d0b070a6d7b17006047c
Other Public Sector Employers,"$115,854.00 ","$3,221.00 ",Toronto Transit Commission,Deputy Gen. Mgr. -Corporate,1997,48270d1dd4581b26b72017bd9e8c0584a2a70c3f753fbfe9e85eee9a583608c0
Other Public Sector Employers,"$105,191.00 ","$3,221.00 ",Toronto Transit Commission,Associate Gen. Counsel,1997,37596b362210e445a2e3d7053252a317edeb0f2846df9d7fa20f3240476c7076
Other Public Sector Employers,"$100,841.00 ",$44.00 ,Toronto Transit Commission,Chief of Staff - Office of the Premier,1997,078bb79c871910aa518b381fd1695c75778bf5c0b1fddbd2bbaa40a7631a327a
Other Public Sector Employers,"$109,415.00 ","$3,221.00 ",Toronto Transit Commission,Gen. Superintendent -Bus Transportation,1997,47af1141d0b0aa2a18412255f875d05bb4009d028ca53c41037588022bffb5f4
Other Public Sector Employers,"$117,824.00 ","$13,775.00 ",Toronto Transit Commission,Gen. Secretary / Gen. Mgr. -Exec.,1997,2095dfd15377995615386b1a9a429aa04d5edf903a1fc9de4f6d440995717164
Other Public Sector Employers,"$106,940.00 ","$3,221.00 ",Toronto Transit Commission,Chief Proj. Mgr. -Proj. Mgm't. (RTEP),1997,54dc0cb61faca5de4bf75caa18c1b1ba91cd78fdcd83a75ed9d60b2aef05acd7
Other Public Sector Employers,"$120,000.00 ","$3,221.00 ",Toronto Transit Commission,Deputy Gen. Mgr. -Subway,1997,61a5fc5f38e02e57791e824576ab4c9bd344cfa6927724afed6b2ff30e3a58e2
Other Public Sector Employers,"$113,472.00 ","$3,221.00 ",Toronto Transit Commission,"Gen. Superintendent, Wheel-Trans.",1997,f0ccad37c7a33193a75d3098fe1969ee1c38c65b7ace27da804f0a38856f9f9d
Other Public Sector Employers,"$121,646.00 ","$13,775.00 ",Toronto Transit Commission,Gen. Mgr. -Operations,1997,f94f61dbc5961c278cbbce30bb7eae984fc1aa14ed3a8dac1bb04b6298681fad
School Boards,"$102,160.00 ","$1,035.00 ",Algoma Central BE,Director of Education,1997,912252401f7ceb2297ac90416f903d1a644deadf8392286e24983d6fbff516ab
School Boards,"$107,648.00 ",$0.00 ,Blue Water DSB # 7,Associate Dir. of Education,1997,d32e47b731f3332a466e4a0163c93592dc1fea02c5b6cb5a953a7bf0584ef894
School Boards,"$107,794.00 ",$0.00 ,Blue Water DSB #7,Dir. of Education,1997,bea0b32f05b050734aeebbfafc541bf0783384b9694ad9ddfe481a3d604a5968
School Boards,"$117,288.00 ","$6,913.78 ",Brant County BE,Dir. of Education,1997,08439c6da6b00ba7b8f16ec2e8e59f65a11fb2a8614e70595c47670e00bd3a43
School Boards,"$130,721.22 ",$621.61 ,Brant County RCSSB,Dir. of Educ. & Secretary,1997,ce7687f83f861dcc50f5e64d6b961c43b000f9246e50e40034b0982c621cc151
School Boards,"$118,048.76 ",$607.98 ,Brant County RCSSB,Dir. of Educ. & Secretary,1997,123b60299c766febfaf7cce3ad07fd4ea65e0756f1913f8524dcf9fcb3c8f36a
School Boards,"$105,336.50 ",$508.74 ,Bruce-Grey County RCSSB,Director of Education,1997,17cfe1576b5fc44ad7b831f90a8863c90090a9fdccd5c44f35ab04f55c12d118
School Boards,"$119,221.47 ",$0.00 ,Carleton BE,Chief Financial Officer,1997,b8505d05d78ae8d4618bbaca22be801e7bd046a54cca4385b7e3659bd571dc93
School Boards,"$119,374.26 ",$471.00 ,Carleton BE,Supt. of Education Serv.,1997,a9d6c0c37f7332d41983a00d0890aa058cb63daa9aa753d65131280e12bdedee
School Boards,"$136,090.93 ",$540.90 ,Carleton BE,Director of Education,1997,78a2389c13d1cfe04803769f8c878afca9d33e59559e921d4409bc893607adc5
School Boards,"$127,768.81 ",$466.84 ,Carleton BE,Supt. of Schools,1997,d95ec2c5c119a1899e6fbfc583d053575cd56729ae6df34315fdbb9b2ebaa503
School Boards,"$105,187.61 ",$452.83 ,Carleton BE,Supt. School Operations,1997,eb6261c4aaad25221ee336b3d07bb0dee0d2551054aa7737a0ba727ea76a307d
School Boards,"$107,029.55 ",$8.22 ,Carleton BE,Supt. of Personnel/Dir. (acting),1997,9d2f5df4ec2d4e19a9d2f41cc648abe59e427e46dca5344814e46a705e8c5f8f
School Boards,"$108,525.70 ","$4,539.26 ",Carleton RCSSB,Supt. of Schools,1997,43f848f1824962dd238c1b5d4b710443c1a82a6773e60e983890c78991700d8d
School Boards,"$101,085.30 ","$4,504.56 ",Carleton RCSSB,Supt. of Schools,1997,d41114d08accd82a722bb13b3f7eb17198556c54530fa277699838b9e231dd23
School Boards,"$108,525.73 ","$4,539.26 ",Carleton RCSSB,Supt. of Schools,1997,9c7048441de7646c1e264fcfa6a857d6677f355558745a8630b8f7891d3869f8
School Boards,"$127,524.74 ","$4,632.68 ",Carleton RCSSB,Dir. of Educ. & Secretary Treasurer,1997,c49179389b8663bef15359559107931d89be2d1fc65797c91b47803309e53ec6
School Boards,"$103,499.61 ","$1,182.48 ",Cochrane-Iroquois Falls BE,Director of Education,1997,bf7d94a15f160921dee95fb453abf5d8b46b125c5aa21e12cef7b1429f1fe69f
School Boards,"$102,002.00 ",$606.00 ,Cochrane-Iroquois Falls RCSSB,Director of Education,1997,220ac2ff4fda85435abc694918e101ddb81438028560ca2f91fcb090938d4148
School Boards,"$121,236.68 ",$535.20 ,Dist. Catholic School Board #55,Dir. of Educ.,1997,798027d6ed3f88e51a03e0cc0d7f85095755426d2f9b2eedcd31cf607f8a0786
School Boards,"$113,812.83 ","$2,826.32 ",Dist. Catholic School Board #55,Dir. of Educ.,1997,304618f42a1bb1cc9f40a6bca233034162a8581a5a8e822d14365865b65ade98
School Boards,"$100,227.00 ",$235.00 ,Dryden BE,Dir. Of Education,1997,62080e36957deb05f2ca77024bc60b1b16918f80dbc0dbd99bb969b38bf884cc
School Boards,"$100,727.00 ","$11,020.00 ",DSB # 15,Director of Education,1997,d2f1cc15caa32870d3c8d1cb7a335d23d13bc2cf1c2d22929f7ee9073974557e
School Boards,"$111,569.17 ","$1,378.99 ",DSB # 15,Director of Education,1997,31d3dd6f9ddd9056314c93312ab9ad7f304ac7b8294333ae2fca6699041922e5
School Boards,"$107,427.81 ",$546.19 ,DSB # 15,Director of Education,1997,2f22bd146f4be8c2fd39a9262acc9e7cc67e4693906846d3d1b28e1284955e9e
School Boards,"$101,790.00 ","$8,628.00 ",DSB # 15,Supt. Of Schools,1997,ed4ff48641977783c3157b45002fc98a51ca8faa335726a64072ea4514548090
School Boards,"$101,145.91 ",$462.76 ,Durham BE,Supt.of Education,1997,eb805d3607b243a79a47699f4cd9ad970db3d0fe16d03dfcacb5b4e9c5d7c6e5
School Boards,"$101,145.91 ",$462.76 ,Durham BE,Supt. of Education-Schools,1997,4af5e0a7b4b63942bf5dd25094f5791330e63c65cc137ac133c2718c43e477a6
School Boards,"$101,145.91 ",$462.76 ,Durham BE,Supt. of Education/Programs,1997,b985efc63086ac9d19822bbe5293e858c436159ad5aa0e8326e800036390b9ce
School Boards,"$105,072.53 ",$480.00 ,Durham BE,Supt. of Education-Schools,1997,e6bcc2cfc72148aa0859209143445f8c6d26f720c5ee87edcdd2a3cfe9a777c5
School Boards,"$105,072.53 ",$480.00 ,Durham BE,Supt. of Education-Schools,1997,d4137bf459723ad18e5d26939861664dad4bc0fbb25d915a685b3583391929ab
School Boards,"$102,670.91 ",$493.16 ,Durham BE,Supt.of Education - Business,1997,007487ff2d8378ea36ebb6d8472952adaa8b0f90e3ad288e458fc04f69f57d1c
School Boards,"$105,072.53 ",$480.00 ,Durham BE,Supt. of Education-Operations,1997,1abed07a9b7eb38ee655d19b288ab6fa4065f7bd0b848714eeb44ce9a2d1dbd7
School Boards,"$123,977.39 ",$531.00 ,Durham BE,Dir. of Education,1997,fef4055dea8009af9fa147b26efdba9617939166c85f1d0a54d254eccd518dc6
School Boards,"$126,523.13 ","$5,080.00 ",Durham Region RCSS,Director,1997,7cea465512a816f909e882f178ba0e75c89190d2ffe5d403e649bd43ace0d2f6
School Boards,"$110,871.76 ","$4,985.00 ",Durham Region RCSS,Superintendent,1997,8190104e95848a3bfa297b5cded71a42dee8ce1647df15e05f35914ecb370c86
School Boards,"$110,871.76 ","$4,985.00 ",Durham Region RCSS,Superintendent,1997,5fa08878a1513142ebaa27f8d6c72cdc42d6f28f45f00af2964221bfd9e5e71a
School Boards,"$110,871.76 ","$4,985.00 ",Durham Region RCSS,Superintendent,1997,fca5ce63ae1ca93bf2162489c8177495ad3f1aaf7eb78a6371d4e30e4c76f99b
School Boards,"$110,872.00 ","$4,985.00 ",Durham Region RCSS,Superintendent,1997,d2fdda5bf0c3dcafa486a471c17920b720db8f039a786813600ff8022d5a7634
School Boards,"$110,871.76 ","$4,985.00 ",Durham Region RCSS,Superintendent,1997,a02b37763cb5793da444b96520d1912bf159bcd35cf516becf6d968acec32110
School Boards,"$110,871.76 ","$4,985.00 ",Durham Region RCSS,Superintendent,1997,bc3e1f951a41db4da701ddb1d70eda89b9c0675431364a721ee938b2f779b88c
School Boards,"$110,872.00 ","$4,985.00 ",Durham Region RCSS,Superintendent,1997,375aaab955482d5e615833c5139eb29915042fe2aafcd7054975524851bbdc1b
School Boards,"$108,433.62 ","$2,014.56 ",East York BE,Controller,1997,22701c0d7b0d22297cb5277a1db20a5b29831b42588b18855ca21401b1f32293
School Boards,"$108,566.42 ","$2,926.56 ",East York BE,Superintendent,1997,4e98e252ffbd87012bf7f9bf612ffa6ec678c8e6e4c201cadbf34a1da4f365f3
School Boards,"$123,270.92 ","$2,926.56 ",East York BE,Superintendent,1997,ed66a89bc457936909daf7b1d9c134532dabeb40f49bf481b60aa35be7bf5677
School Boards,"$124,056.77 ","$2,872.56 ",East York BE,Superintendent,1997,a92c9ce2df35088ab445b5514116db750e8bdc64884baa06609d720bc268fbb9
School Boards,"$124,190.82 ","$2,926.56 ",East York BE,Superintendent,1997,15653ede20100d836349a15554112fdaf12c3f1c8373ac1a6a4fda5080d72a83
School Boards,"$123,270.92 ","$2,926.56 ",East York BE,Superintendent,1997,a48bab848224199bef6d54a58485ecd63b339ca1a849cd31a3c5243bd0a73edc
School Boards,"$138,449.31 ","$10,642.56 ",East York BE,Dir of Education & Sec. Treasurer,1997,cf6434303c3c6686767a4171bc099f0edd1abaee8861380377da31e727c9706c
School Boards,"$108,566.39 ","$2,926.56 ",East York BE,Superintendent,1997,80292e50f3c79306301e7530c9e3b88b8ca2a9ebe3e17d8664a740a69d290d98
School Boards,"$100,561.40 ","$2,001.68 ",East York BE,Superintendent,1997,3f71a6ef5208d4494a3a95f13a1bb79583c86c98b141af498a01c2a47f170478
School Boards,"$105,417.28 ",$463.60 ,Elgin County BE,Director of Education,1997,ddce60fdc4adaa74aa1b80794ca2f94a01ffbdadfdf8d8c7181ce08361b86816
School Boards,"$105,417.28 ",$463.60 ,Elgin County RCSSB,Director of Education,1997,a56e029efc105e58bd3d4e865ae98ef57502ec698a93bc66463263b836171c4e
School Boards,"$108,181.86 ",$513.40 ,Essex County BE,Senior Superintendent/Program,1997,71a78831a3645ac9e34a20c7c48183522a73c87163f5fda3729a30553b29b6a5
School Boards,"$116,135.68 ",$565.40 ,Essex County BE,Director,1997,f8492fbc4f2160dcab4602c0d782174db13b5bb27b8683f50165aa9a8828a34e
School Boards,"$102,989.55 ",$488.40 ,Essex County BE,Superintendent,1997,a4f923cf9ffc6ff442b8ce91a8a1cf75495841e037f7864243577454fc747f9b
School Boards,"$111,867.39 ",$750.24 ,Essex County RCSSB,Dir. of Education,1997,a131618471739da64c4fb5d8f781a279b889955d15927d1e5e358988c952e2fc
School Boards,"$103,694.56 ",$407.28 ,Essex County RCSSB,Sr. Supt. of Business Adm.,1997,ccb3d32dde7810f1157ce75ce88fa20d224c44b16a6f9aea82e943b86652ee24
School Boards,"$109,427.98 ",$391.44 ,Essex County RCSSB,Associate Dir. - English Section,1997,b20987400436a6edf5410fab8f18cd4b525ece822e94aedf05a654d255032a1d
School Boards,"$120,051.00 ","$3,193.00 ",Etobicoke BE,Superintendent,1997,c1e118965613e825d386805557fdee94890af6a66278a3324a0ebd9f9cf2703e
School Boards,"$119,471.00 ","$2,855.00 ",Etobicoke BE,Superintendent,1997,18d5b78c17ff199c6e9a04328b0e3812324276b7945d9d51eb0756c6b8ce1c4b
School Boards,"$120,051.00 ","$2,891.00 ",Etobicoke BE,Superintendent,1997,138d27d7a57f0b9d7708fd8b539ccc6c8ccf072458220c9a05fe6c10584b265d
School Boards,"$104,347.00 ","$2,891.00 ",Etobicoke BE,Manager HR Services,1997,4a5c6ac7722993fb6c81e91e3c608710cf45a918674af0eb4a39bfef9c881966
School Boards,"$112,177.00 ","$3,193.00 ",Etobicoke BE,Superintendent,1997,b69c15730ca2cfe074a64054f5d3c439739e045fc652efc7b48296a1301265f3
School Boards,"$120,051.00 ","$2,977.00 ",Etobicoke BE,Superintendent,1997,8b1522c7266222702eafca6746c5ca57cc4990a820f4512ae19201394d4cf4a8
School Boards,"$112,327.00 ","$3,150.00 ",Etobicoke BE,Superintendent,1997,df64d55ae96b32409e07de28c326f171563e12f5b11c0081221f70cdc0708b0f
School Boards,"$112,177.00 ","$3,193.00 ",Etobicoke BE,Superintendent,1997,e7e29b37458f11ff1ced945987345c23cc6c6739b41c076046a4c0dfcf7ec1b1
School Boards,"$112,177.00 ","$3,193.00 ",Etobicoke BE,Superintendent,1997,40bdd3cca66016f873d2574848663ef76e4ffe3731bde0e2edc2bdf6bb0bd107
School Boards,"$141,416.00 ","$11,465.00 ",Etobicoke BE,Dir. of Educ. & Secretary-Treasurer,1997,16a1d560484740b19d45b15f97bc2c2a7c9f4dbeda6462bf957df8ba5d1a03b5
School Boards,"$112,177.00 ","$3,193.00 ",Etobicoke BE,Superintendent,1997,dde6fbb2dcac8efa759d46d829a74b2fd10df28b929b545938ba87918b2ca38f
School Boards,"$128,481.00 ","$3,913.00 ",Etobicoke BE,Associate Director,1997,ae3474e42c0832d81ed733bb279d1b259afa1d4b6c02bbfccf111888c34a19be
School Boards,"$112,177.00 ","$3,193.00 ",Etobicoke BE,Superintendent,1997,01a1bfa5408723800fdc6cd59a60d1d0434f05138edbe1784b3e5e5066aa47cd
School Boards,"$111,845.00 ",$202.00 ,Fort Frances-Rainy River BE,Director of Education,1997,4ee367c76dc9d3d86855af239608c7cf54ff8cbd4ec036d5231c96725ecae8dc
School Boards,"$104,598.00 ",$513.00 ,Frontenac County BE,Superintendent of HR.,1997,34643223152eae150f2d11b63fb804fdc7ff9d27a8765662b7f6a5bfddd9ec99
School Boards,"$104,560.00 ",$514.00 ,Frontenac County BE,Superintendent of Education,1997,762add1265ab42ab5c0e4536c0d53e986a20d92d1839de5201978d8ab3fd9bb4
School Boards,"$104,655.00 ",$513.00 ,Frontenac County BE,Superintendent of Business,1997,1d6e2590f839313c26bd68503802904138215e5761881375ffc67b543e1f65dc
School Boards,"$112,313.00 ",$514.00 ,Frontenac County BE,Director of Education & Secretary,1997,a53f02d0cca71c00a9f121877c7618535ddb27f9151a5511bb82508e53f3cbf3
School Boards,"$104,560.00 ",$514.00 ,Frontenac County BE,Superintendent of Education,1997,f046bfcfa82a8d451f896f2f9b5fd9dc68daea09ce3f5db5a7caf406dcf53b92
School Boards,"$102,718.68 ",$562.10 ,Haldimand BE.,Interim Director,1997,0c32d66b6fe313e9e72c0dbb0475f45dfb700180af06eeccd9fab9017d8494ce
School Boards,"$100,752.00 ",$716.00 ,Halton BE,Superintendent,1997,976a68f2a524e8f1a53144a1c0e74063ba13fe5da9c310b00a43ff434a2d0457
School Boards,"$101,131.00 ","$3,116.00 ",Halton BE,Superintendent,1997,7449426b7fdd5f91b9c2ef1356b162bab4527f3d8909d8bc7bb1092daac2c655
School Boards,"$100,752.00 ",$716.00 ,Halton BE,Superintendent,1997,9ae7c69c1ca9487b6a8e04062faa2f118b4c7d650d23777ac51a8942bb6937ce
School Boards,"$101,131.00 ","$3,116.00 ",Halton BE,Superintendent,1997,e57554d385ac6ac2899eeb09568331fa88fa8b0ba10a362e768d79badc471397
School Boards,"$103,745.00 ","$3,116.00 ",Halton BE,Superintendent,1997,a02c869ddb7253a8444b1ae3293cf05db9872a5426433d31d1cd740ce4b630f8
School Boards,"$103,745.00 ",$716.00 ,Halton BE,Superintendent,1997,b92266dc4821a870f4c139f36a7304937e63a905b62d0433f98ac38c4437d290
School Boards,"$116,746.00 ","$3,400.00 ",Halton RCSSB,Dir. of Education,1997,6e87102b186d70e871c1340628423d5f5b50453a891ef222131bcc1af6321bf4
School Boards,"$112,721.21 ","$1,991.50 ",Hamilton City BE,Dir. of Education & Secretary,1997,8e5d1f3e017adbf131f79642d12b42da1bd0e5c27ba961e1d81d0f8b3360542a
School Boards,"$100,346.40 ","$1,890.74 ",Hamilton City BE,Superintendent of Schools,1997,f910a49e90e1bb7733559556e65869be6af2a97839e22d8343fb86a1db18bf85
School Boards,"$107,374.60 ","$2,360.35 ",Hamilton City BE,Acting Supt.of Finance/Treas.,1997,de9d7bee98e0d6fda986d9cfda8e3a2a50c539933e3c70e572b624b05ca4abe0
School Boards,"$115,958.87 ","$6,802.13 ",Hamilton-Wentworth RCSSB,Director of Education & Secretary,1997,19ffedb3b559e252c5910ec15a5e65a820ce57576906fd48a8ccc7039693eda2
School Boards,"$105,396.12 ",$596.97 ,Hamilton-Wentworth RCSSB,Supt. of Operations-Elem/Spec. Educ.,1997,1358ccf7ea0c17a13bcb59948e23646bd5483a848404db4fdd8c4d879294deec
School Boards,"$106,177.12 ",$596.97 ,Hamilton-Wentworth RCSSB,Supt. of Operations-Sec. Sch./ Curr.,1997,2ba8526b916c2a26f5d8c50e6a0c103bb073a7ac10ab331e5691b9bfce46e91d
School Boards,"$106,413.74 ",$258.99 ,Hastings County BE,Director of Education,1997,94853b628236465148cec46f07d5382f1d3638a831fecfef6e6a7a7e3b376b6a
School Boards,"$108,656.00 ",$682.00 ,Huron County BE,Dir. of Education & Sec. Treas.,1997,24b155354b1c6829ba9db4e3ababbaf6c09f7e6c879dfdbb7304b1a2eb43f135
School Boards,"$102,317.67 ",$42.38 ,Huron-Perth County RCSSB,Dir. of Education,1997,b94fd0e5811322aec38ab772e3951fcfde410de50f6aff8be2ea9e87ea125dd4
School Boards,"$115,630.21 ",$42.41 ,Huron-Perth County RCSSB,Seconded to E.I.C,1997,2b0acbcfa1749d4a6509fd496403b2eb2c238f53c225eed0b14432ead1bbb729
School Boards,"$107,081.00 ","$2,977.18 ",Kapuskasing CdESC,Director of Education,1997,cde324cc7190f2efccf8c0cdb7401f7cbad4e2fb7f7c0f28c0f7604928e65ddd
School Boards,"$116,480.78 ","$3,881.40 ",Kenora B.E,Dir. of Education,1997,44488a3b470ce3297b8e937e211368a56eb05102eae023e78572b1223ee9b28e
School Boards,"$103,865.39 ",$403.44 ,Kenora RCSSB,Dir. of Education,1997,7a361e3979a2d9aa2ed65fea85e3697554be9428123f2e729dd8777b5277ae19
School Boards,"$125,745.37 ","$9,327.07 ","Kirkland Lake - Timiskaming, C.E.S.C.",Directeur de l'éducation,1997,d079742f4742dd09b96ddc491c379bdc4bed0df5d77157c96f775a94dd86f5cc
School Boards,"$125,745.37 ","$8,500.00 ",Kirkland Lk. -Timiskaming RCSSB,Dir. of Education,1997,d079742f4742dd09b96ddc491c379bdc4bed0df5d77157c96f775a94dd86f5cc
School Boards,"$101,250.57 ","$3,673.00 ",Lakehead BE,Supt. of Business & Plant,1997,e674ef7066c708abd8bf7d933521d0df80fc09aca486c6386d59036be4d5e151
School Boards,"$110,586.76 ","$2,136.12 ",Lakehead BE,Supt. of Staff Services,1997,8272600660bc1c01d0652e37c3fd12167cbcb7ab44414558eba1424f58e2c988
School Boards,"$101,250.57 ","$4,325.40 ",Lakehead BE,Supt. of Education,1997,edb021e60640506a778b086e927442c83a4140dac294b0065846f7d54b2a8c33
School Boards,"$101,239.47 ","$4,325.40 ",Lakehead BE,Supt. of Education,1997,4ea3051dbc0bc25ed07b5d3c24c230b6d1fd11e3450389979f925e204f3cb6bc
School Boards,"$116,421.64 ","$6,601.08 ",Lakehead BE,Director of Education,1997,70fe284e6ba7429f64b0343280e7b0af4b1b8938d778797e41da7d702417d5e1
School Boards,"$103,352.43 ",$260.04 ,Lambton County BE,Supt. of Schools,1997,65474591c6552dfc64965baefb2c5301bebca3d9586b6c27acb93ce4bbe1c511
School Boards,"$106,949.96 ",$807.36 ,Lambton County RCSSB,Dir. of Education and Secretary,1997,16e3923a28940817204bc590e7ea50666347916cc3a2f8c3a8b241da978b63b3
School Boards,"$126,088.94 ",$644.91 ,"Lanark, Leeds & Grenville County R.C.S.S.B",Director of Education,1997,a828084f4bc1dd578226116ce77af3347d5804b4f54ed7a5116c2bc578e565f1
School Boards,"$103,894.96 ",$615.06 ,Leeds and Grenville County BE,Supt. of Education,1997,677e4b600abc0b1f0b5330014e7a8db3ee41193bb8a270ddbac3240d5c5f2cc8
School Boards,"$103,471.60 ",$609.06 ,Leeds and Grenville County BE,Supt. of Business and Treasurer,1997,898e28003102d2c8ad209b3b4f5265e295a27267d2b43e4d570e4065aa5427a5
School Boards,"$103,894.96 ",$615.06 ,Leeds and Grenville County BE,Supt. of Education,1997,9c927ae16da1c841d1b69cc5b5f6243e9b667d6cd4953261987ebaaf57df4885
School Boards,"$103,894.96 ",$615.06 ,Leeds and Grenville County BE,Supt. of Education,1997,691042d9ba7921c643cb6ffbb0c03261478f642df3d81876eac499e1168c129f
School Boards,"$114,960.29 ",$681.40 ,Leeds and Grenville County BE,Director,1997,ccb4327cc146b3f3ee9bba7bfe97949dd79880fd299d4495ad9a8aa4c121c108
School Boards,"$100,479.00 ",$177.60 ,Lennox and Addington County BE,Supt. of Schools,1997,e914436f49aa3f58b3e087ea2d92c14a6d93c384ec4255a6d2abe97565ae0d90
School Boards,"$100,370.00 ",$177.60 ,Lennox and Addington County BE,Supt. of Business,1997,aa0c49d52aff4c050eac3a878890b41b3761ee77e049e12a0e4581cef869f4fe
School Boards,"$102,439.00 ","$3,893.00 ",Lincoln County BE,Supt. of Education,1997,99957ab6a2d91b33981c699c07682124be534ac17f9a1868d83ad12c86ed37a0
School Boards,"$114,756.00 ","$4,293.00 ",Lincoln County BE,Dir. of Education & Secretary,1997,9162cbb7a72e57c3a0234d06e3cf6d977a04e3f9a5cbe6661dfdc3dc7739ea59
School Boards,"$111,000.00 ",$597.00 ,Lincoln County RCSSB,Director of Education,1997,991b6ce4e30981d543e67e6c2e4e0c0ede50b9f4e50881bb3426865e774450ea
School Boards,"$105,398.02 ",$697.32 ,London & Middlesex RCSSB,Supt. of Schools,1997,5381af6cab30d91c7f7f5b3e78388a1412a239229fa577415e54a641c2df83d8
School Boards,"$105,398.02 ",$697.32 ,London & Middlesex RCSSB,Supt. of Schools,1997,565b8a34ac6b98f8eba3b724dc2d5492aedc64886a7c3faa470b1a774060be06
School Boards,"$118,573.00 ",$784.92 ,London & Middlesex RCSSB,Director of Education,1997,86be7af8ab52105ea2b2950b20f6461711c4fbc050c6187859879a1a591f5af4
School Boards,"$105,398.02 ",$697.32 ,London & Middlesex RCSSB,Supt. of Schools,1997,a3dc6accfc2cd99a67b1311879b13d4a0ec6a57d90b39afb8b04eb18bf0d71c8
School Boards,"$105,398.02 ",$697.32 ,London & Middlesex RCSSB,Supt. of Business,1997,81ee9f35ebc472ea8c26bfb3edf5bd90c7d29d4a5bcbf745de220a8846c5c515
School Boards,"$105,309.02 ",$697.32 ,London & Middlesex RCSSB,Supt. of Human Resources,1997,9486041c37e793cc943d98d7c62a8fb4cb6298e67965c75472d196e7d227f2ca
School Boards,"$100,129.03 ",$692.37 ,London & Middlesex RCSSB,Supt. of Schools,1997,51347a79fc09eceb71bee6684acc91e9f8f72c13aa3f64c05d3a3017690d3ce1
School Boards,"$112,059.00 ",$615.00 ,London BE,Supt. of Business,1997,b908278f8f337007b50378654c6d00b79e8a3858d5e3b46d6f91e7ac5bfdba10
School Boards,"$112,059.00 ",$615.00 ,London BE,Supt. of Sch Op,1997,66b9fd111a177867bc3e6ae939cfab3ccc25693b6a1cf3be9ac6506589f392bb
School Boards,"$133,000.00 ",$764.00 ,London BE,Director of Education,1997,7022b04debdeb3e820705b069899e5b87da30b26e1e72823a0c89e8a4d3f784d
School Boards,"$104,023.00 ",$571.00 ,London BE,Asst. Supt. of Bus,1997,d8c3083597a6e5b1d0c941fd6ff762f8cc9aa63a5b746181459b87138df514ae
School Boards,"$112,059.00 ",$615.00 ,London BE,Supt. of HRS,1997,614c198d5035673c03457613abf49f2243dc3bd7605005c79d065bc08861f233
School Boards,"$104,023.00 ",$571.00 ,London BE,Supt. of Schools,1997,0cbde47d0fb2e8022570fa98c4d808fb490bfdd3a15e4d68d6cb8e3ac0ce861a
School Boards,"$112,059.00 ",$615.00 ,London BE,Supt. of Schools,1997,5b2953c77b866e33f881e2a07306b0ff236386427c1eb30c2c490d19b10698d8
School Boards,"$104,023.00 ",$571.00 ,London BE,Supt. of Schools,1997,cc7937a80c458c3954fbed0bd19c22a10a1858575064728a660a7d60d639974a
School Boards,"$106,246.00 ","$3,373.00 ",Niagara South BE,Dir. of Education,1997,14e2c480086afef9294910f02c647e66bac7e046e24789df395f64a844e0e3ec
School Boards,"$116,461.71 ",$395.98 ,Nipissing BE,Director of Education & CEO,1997,74326d9fe87fcca8b5797a0d2f67932715c136c57d93e88ea319833a512904f0
School Boards,"$113,148.48 ","$2,210.33 ",Nipissing District RCSSB,Director of Education,1997,21e6276cb72a557b1e616ebddc9966028eca100f378849c05c93363e749fc549
School Boards,"$100,336.05 ","$3,844.23 ",Norfolk BE,Exec. Asst. & Legal Counsel,1997,43cc6268c1f1903e15bfe348eb5c469c4f75881e17c6b41f6e4a775f12a05c7e
School Boards,"$102,413.16 ","$4,215.63 ",Norfolk BE,Supt.of Education,1997,92e116d98a77d4f6a9e90d64bb4a52d200102842823573d9d8700f570c93019b
School Boards,"$113,213.16 ","$3,916.34 ",Norfolk BE,Associate Director,1997,5e2417447b192b7b57f25002cb8be8748ad680e9297e34b37667002e9eb6903e
School Boards,"$102,413.16 ","$4,215.63 ",Norfolk BE,Supt.of Education,1997,3291391cc5bebe8dd03e2acc7db8c198063f60803c0f15c6e41b9d78dd8c934c
School Boards,"$103,353.30 ","$1,362.67 ",North of Superior RCSSB,Director of Education,1997,4069390532ccd248f21839b69337aefbc1de01e91bbed0d506f121b9a4f2eb2e
School Boards,"$153,934.00 ","$2,406.00 ",North Shore Board of Education,Director of Education,1997,e12f254dc4e2d613c9f040464fa4b565fb585c33c4007f21d91f860748454ce1
School Boards,"$128,867.00 ",$503.00 ,North Shore Board of Education,Supt. Of Business,1997,733d515007293fe53fbee221c89e24aba3b75edfab2ffdd62e457323c1ae2372
School Boards,"$112,141.00 ",$847.00 ,North Shore District RCSSB,Supt. of Schools,1997,caa77cef8278b05d83b6e145f0b160d455ae201e0dbd661c0b5021bde6c42e7d
School Boards,"$112,092.54 ","$2,836.78 ",North York BE,Chief Negotiator,1997,fa13266c38f294060224e3ec2e4546cfc852d378a73c2c4ecd12ecb297b47cdb
School Boards,"$120,012.64 ","$2,836.64 ",North York BE,Supt. Financial Planning Svs.,1997,ac5bf2f38496470f598a536b3c1895a42a31756388309cfc527fa7018b04fbee
School Boards,"$120,012.63 ","$2,836.54 ",North York BE,"Supt., Facilities & Transportation Svs.",1997,df9e1a9ec57e5ef1604f12b5b2a1f527441182ce09ed5c3711cd046480634962
School Boards,"$112,177.00 ","$2,836.78 ",North York BE,"Supt., Project Management",1997,2d7d7e96fc2f8bcb2e9e020564f34cdf9d2e2493f11736457dc89bf9f5289bb4
School Boards,"$129,357.31 ","$2,836.78 ",North York BE,"Supt., Schools & Students",1997,05a3881353f406d2416bafb454108489d096732467d277fc6486ae2ca16d796f
School Boards,"$112,177.00 ","$2,836.78 ",North York BE,Supt. of Schools,1997,a2e50e5f7e0cd6f78dcd812f59423fd10538c7054cd2e34f6b488a77a0da192b
School Boards,"$112,141.08 ","$2,836.78 ",North York BE,Supt.of Schools,1997,b0b7a2002dddb48fb1868c4f736c7b5026f4c473283c183bd2a56a0df61bfa10
School Boards,"$148,297.71 ","$5,636.44 ",North York BE,Dir. of Education,1997,6fd5701901e3a0622df1d776f633fb304aac55b00558a527045f05da84362724
School Boards,"$160,763.46 ","$5,636.44 ",North York BE,Dir. of Education,1997,d1f2febc4afd571e0385b2f97dccf80432450c01dcf68d8e6a6bf97aae5eb756
School Boards,"$118,596.36 ","$2,836.78 ",North York BE,"Supt., Special Educ., Literacy, Equity",1997,58df7f4b95b3bc70cc336c931a1cc7301ff93d93c175a7aa88e2051c7439830a
School Boards,"$120,026.92 ","$2,836.78 ",North York BE,Supt.of Schools / Comm. Admin.,1997,fa6bcde8cd01b4f6a72a82ac9056d43dc7d444e5e145e10703cd6c111cb08651
School Boards,"$112,177.00 ","$2,836.78 ",North York BE,Supt. of Schools,1997,d975010b405a16be9f72e3b6df7d09ef6114b94c8436f8c623b64c0801d8b5d2
School Boards,"$107,434.96 ","$2,836.78 ",North York BE,Supt. of Schools,1997,d9a5a9cc49e0125a9eab3b932a1f7c1c2b47c18ee5a45a64f84f2a6e055c8a89
School Boards,"$120,051.10 ","$2,836.78 ",North York BE,"Supt., Curriculum & Instructional Svs.",1997,8fe0d6a838e3ca361ba023caa21b3a2e22d7f347522184d4d754ba109c22356e
School Boards,"$112,069.15 ","$2,836.78 ",North York BE,Supt. of Schools,1997,2efc7b54b57da32d35ee79ade9069802cef7ac8ba57b5cbb8270ecb30ef9eeb0
School Boards,"$107,434.94 ","$2,836.78 ",North York BE,Supt. of Schools,1997,b09c0137e528808d363fe7bacbb1449f3e66ca7a34d2e14bc0a20d0cf76d856d
School Boards,"$112,105.08 ","$2,836.78 ",North York BE,Supt. of Schools,1997,d7d2ee45c452d6b4bdab236b502a5b20ce1bed73e05041fb5964f8bd59c326ae
School Boards,"$119,974.17 ","$2,836.78 ",North York BE,Supt. HRS,1997,8b61b57850a6cad81dcfd52a0fd9267dca32d57402cf2ce36cc966706547b81f
School Boards,"$101,369.10 ","$1,673.72 ",Northumberland-Clarington BE,Supt.of Educational Services,1997,810da5a7b33a4c60af2c57a7b6f8dca024fca26876e666866e544790ac33b055
School Boards,"$121,567.32 ","$3,130.50 ",Northumberland-Clarington BE,Dir. of Education,1997,66d80fd31f66cbefdced451c2166755df822bfece2f5ca0bfd805c851c714be8
School Boards,"$100,563.82 ","$1,658.40 ",Northumberland-Clarington BE,Supt. of Schools,1997,41c163c694fe7a3a39fd5602f60b63aa621b10a6cafe8075f256acdc56d07ba2
School Boards,"$105,297.80 ","$1,692.44 ",Northumberland-Clarington BE,Supt. of Business,1997,2bc2b5cd4fdc16efb301f67e839178f4dd5565dc5a24fb23e1566af67e622054
School Boards,"$124,532.58 ",$101.44 ,Ottawa BE,Director of Education,1997,f40a3979d6c195a618ff166e44af255c7a13202f1fc1f531515d17637cb81d46
School Boards,"$120,052.51 ",$101.44 ,Ottawa BE,Asst Director of Education,1997,ff21fffead9b4fc456c2fc65e55c2a4efc25f9590503c7660347c7a596074544
School Boards,"$112,753.53 ",$101.44 ,Ottawa BE,Supt. of Educ. - Asst. Dir. Of Ed,1997,dec6282088d7dae2a5bf6523d17b50d0f945e903458d47531652f64a275dd439
School Boards,"$107,077.20 ",$101.44 ,Ottawa BE,Supt. of Schools,1997,6d43c57f26f008115644bd345452ecfcee0647112ff04d360f4533ebe311846a
School Boards,"$106,693.00 ",$528.00 ,Ottawa Carleton Cd EP,Dir. De l'Education etSec. Tresorier,1997,e8d385f54afb35a759006858cc5ddca3939a8dfeb746a062b3b73fce1c8bbad2
School Boards,"$118,041.11 ","$4,364.75 ",Ottawa Carleton CSCdD,Dir-Gen.et Sec./Treso. Par Interim,1997,01e522b8572811cc5d699b55c1dc60fe8929dcb3653859b83b5cb490ebaf8b93
School Boards,"$126,953.66 ","$2,987.61 ",Ottawa-Carleton RCSSB,Superintendent of Central Services,1997,7e21618cf10af8170e3a3202a529c8104f2cbcb2c19f8e6b1cb8fa3d4496281e
School Boards,"$103,337.35 ",$415.53 ,Ottawa-Carleton RCSSB,Assoc. Supt. of Finance,1997,8ec95f56616537caeec9cc11d52f3f1b5adfb0b11ba01b3492e08ba7ba9b3288
School Boards,"$126,953.66 ","$3,467.61 ",Ottawa-Carleton RCSSB,Superintendent of Schools,1997,178fd87ccc96535cc0ce1ea17fdcb8ae01f1fb609067f112c2d3ca1d20b0b9b2
School Boards,"$126,953.66 ","$3,767.61 ",Ottawa-Carleton RCSSB,Superintendent of Schools,1997,aad55afd600819051db74cbcd5427af419c6f74bf4ee7848620e300d83f276bd
School Boards,"$174,745.47 ","$3,037.61 ",Ottawa-Carleton RCSSB,Dir. of Educ. & Secretary-Treasurer,1997,996bf668eaba6cfd2d20d808debc77d2d9fc5c4831f274854e1c275fbea16726
School Boards,"$126,953.66 ","$3,767.61 ",Ottawa-Carleton RCSSB,Superintendent of Schools,1997,ff37159f3c4197d1b7d5c962cd578a50dd4808e1c22691ce595df585dae6cfc2
School Boards,"$114,899.98 ",$0.00 ,Oxford County BE,Dir.of Education and Sec.,1997,61c6b38f9f42384ce56044aa3f6ef84290766eb41363d324bcfad086ba318965
School Boards,"$102,430.66 ",$410.40 ,Parry Sound East BE,Supt. of Business & Treasurer,1997,b420050cd00abef2357d3637baf8cbbb3cfd884aa302fb795803319d181e158f
School Boards,"$115,739.56 ",$376.20 ,Parry Sound East BE,Dir of Educ./CEO/Supt.of Educ.,1997,12d96bc8a3e44e796fb2fc9ff92e8ae870ce81875809c0dc2b3e4d3fd982a417
School Boards,"$131,256.33 ",$136.08 ,Parry Sound West BE,Superintendent of Education,1997,10857536749983c2d9737c99ea094fad07af7bd4cd2be8a4d664d1cf9c598e51
School Boards,"$125,577.06 ",$136.08 ,Parry Sound West BE,Director of Education & CEO,1997,65346e5b2a3258cd137e7a5fc8d70a84f3ef5a6ddf044feabe0db4bd37722726
School Boards,"$129,287.62 ",$136.08 ,Parry Sound West BE,Supt.of Business &Treasure,1997,582445df7dc516010ffaf79784ecd0e181ce191d05522fd31466ab1896616e11
School Boards,"$107,622.06 ",$415.56 ,Peel District BE,Superintendent,1997,8daf91238923063344fa94afc3ceb5fec0a1c85ab8bede77b8a2da9094f7890e
School Boards,"$107,622.06 ",$415.56 ,Peel District BE,Superintendent,1997,3a69af9d06dd7faddd1842dd22e4238ae98584dc1d83303be1534c710bbce40a
School Boards,"$107,622.06 ",$415.56 ,Peel District BE,Superintendent,1997,97a9b7f175b1cd4770003fac7311cffe8ec5f8772dda7763431e9e76861f53fc
School Boards,"$110,535.88 ",$426.50 ,Peel District BE,Superintendent,1997,4681c23d5f81feb2b8cae382a5a946ca5917fd3cd95601efebd049922ca2305f
School Boards,"$147,019.95 ","$9,536.44 ",Peel District BE,Director of Education,1997,0110069e127978da8100bab0f641938b2332b7f666e94a5dd4c131162cf7db99
School Boards,"$110,535.88 ",$426.50 ,Peel District BE,Superintendent,1997,cd1ff13473bc371c7cdb53069ab9513fa7181d90f1ecd60514f66008ecc294d7
School Boards,"$107,622.06 ",$415.56 ,Peel District BE,Superintendent,1997,cbf9fcdcffcfe2557b3838a19aa9aa9e625bed2441ce309cf64b8bc443a82cde
School Boards,"$107,622.06 ",$415.56 ,Peel District BE,Superintendent,1997,363f5c079222353d37162402ae6b3adf5535804cc8d4baa95e3510e346559c41
School Boards,"$101,015.46 ",$389.75 ,Peel District BE,Superintendent,1997,37185cf6e1f316bf80e987692224512bc20e2859bdf0ffc925425b010abd734b
School Boards,"$107,622.06 ",$415.56 ,Peel District BE,Superintendent,1997,63698c24f237620ecd9daa1bc7dfc9a1273590e79cf07356db43754de789ba5f
School Boards,"$101,015.46 ",$389.75 ,Peel District BE,Superintendent,1997,deaaa46a19ef76e608b530ad7c2c5bc9dc8ce040ee2190edb49580af613dc61d
School Boards,"$107,622.06 ",$415.56 ,Peel District BE,Superintendent,1997,a4a107bc7b497f48f0bdb096036b9cd820f9ec75b999288d948fb92c1c354308
School Boards,"$110,535.88 ",$426.50 ,Peel District BE,Superintendent,1997,42af8d123e571b561ee63537a1852bf5550866c8700d324683371a25b90ded44
School Boards,"$107,622.06 ",$415.56 ,Peel District BE,Superintendent,1997,c2528725de539fb5173c570498e38032b173920e343d2c86d421e5b48e6951b8
School Boards,"$107,622.06 ",$415.56 ,Peel District BE,Superintendent,1997,f3fdfcdfa75df1ffec221896edb233b6d27e8ab1db2dfaea9bfd356aadeecc8b
School Boards,"$107,622.06 ",$415.56 ,Peel District BE,Superintendent,1997,4a2f5d885bb41ce1f47a8f5789c1a43d98cbc9184a0e205c5a03780205c35edf
School Boards,"$127,615.51 ",$495.15 ,Peel District BE,Associate Dir.-Educational Serv.,1997,0ce7801aa91b4f255b7318f091de8d32e5bfe30ac4e9e14e421c25c217caebae
School Boards,"$110,535.88 ",$426.50 ,Peel District BE,Superintendent,1997,597769e92db95bdba077e8174e88d7b4fd9d0ac41e7c162e289f1fda1459c469
School Boards,"$107,622.06 ",$415.56 ,Peel District BE,Superintendent,1997,16328af46add9baa98f3a2565c7308dded6a28e8b31c76466c7d0a91d6955da2
School Boards,"$107,622.06 ",$415.56 ,Peel District BE,Superintendent,1997,1b29b8741f3ef7af0965ca2a3cfb239c63b50994138d842d70450aa5d70d4697
School Boards,"$130,000.78 ",$501.70 ,Peel District BE,Associate Dir.-Corporate Serv.,1997,d8124c2aca1dc012bc951a5d01ebe9642ee49a8f31a99ef181a59e44ddfa2354
School Boards,"$104,582.00 ",$0.00 ,Perth County BE,Sec dept head/teacher/cont ed,1997,17cab84907c14653cd9cab97693b4dbd10d40f5f93fa3f33769ba433e06047a4
School Boards,"$112,945.00 ","$1,937.52 ","Peterboro, Vict. Northum. & Clar RCSSB",Dir. of Education & Secretary Treasurer,1997,d1f0765e51726ffa8707861d29d9daeb6f0f003807eca21340c28c6384a77105
School Boards,"$102,246.09 ","$1,849.68 ","Peterboro, Vict. Northum. & Clar RCSSB",Supt. of Business & Finance,1997,8f3337f64f9c34c810c431964578f5af32273a242e1610bda88d9b8753f3731a
School Boards,"$104,279.63 ","$5,910.17 ",Peterborough County BE,Supt. of Administrative Services,1997,6894d8770358c5e9d208b3485d406a8301a06292ba46de6034d664ca342d1680
School Boards,"$101,225.81 ","$7,429.92 ",Peterborough County BE,Supt. of Human Resources,1997,8a7ec235ed72bd555860d679ded9fc93cf7b68afda28357cb9927d9cb58cd298
School Boards,"$101,225.81 ","$7,429.92 ",Peterborough County BE,Supt. of Schools,1997,fb1c3736a048cc28f5ece2680451a65af526c558df336596d7175a1bfde541e6
School Boards,"$110,000.00 ","$7,645.89 ",Prescott-Russell CdESCLF,Dir. de l'education et secretaire,1997,b00b71a6a79857696964de6f6878ae3f0690fbdec709d913e879078fbcb6b8fe
School Boards,"$105,320.02 ",$767.82 ,Prescott-Russell County BE,Director of Education,1997,5f07122b2d666e3ac337b868b5527b609090e1170bcaf5cafc69a65838e9a651
School Boards,"$101,648.27 ",$275.55 ,Prince Edward County Board of Education,Director of Education,1997,f4322a17a905c1b18abd49aa4b59fe4784583ebcffb06986508a1555e1c06756
School Boards,"$103,197.00 ","$1,086.00 ",Renfrew County BE,Supt. of Business & Fin. & HR,1997,bbeaef99fb3f662d8a44b02ca397de65b8e3999db3ed04497e86825aa762f912
School Boards,"$122,555.00 ","$1,086.00 ",Renfrew County BE,Dir. of Education,1997,4f126dcfa4c82319fd72cc6b60af0591e8b26fe504b6eb5410fda9f399851c74
School Boards,"$103,929.00 ","$1,086.00 ",Renfrew County BE,Supt. of Education,1997,39c063b5e46607a546033578673420ae75e5b0168aad8125de898ad631cea4a7
School Boards,"$103,929.00 ","$1,086.00 ",Renfrew County BE,Supt. of Education,1997,c0f931cd96f77c572b5b828e8e2702644f6b9e7ae1706cce6498e4f80c753a8c
School Boards,"$103,020.00 ",$333.12 ,Renfrew County RCSSB,Director of Education,1997,69149759779ae037fac49182ac9f6951c28af354bdae167e2c46718359531840
School Boards,"$108,428.00 ","$5,243.00 ",Sault Ste. Marie BE,Director of Education,1997,39e6c45334554ac480aa8dd0b601f4077ee679afb0eec565a4f4b6444932ad76
School Boards,"$112,931.15 ",$326.52 ,Sault Ste. Marie Distirct RCSSB,Director of Education,1997,94dee667a4bcf769b88b3cd47706e87604a2353dc2e0c687e784637e04b74652
School Boards,"$116,114.00 ","$2,926.00 ",Scarborough BE,Senior Superintendent,1997,19f58b0e71cb7a800d75fa354d2dafd792064eecec41c8763fac6fa6855381a9
School Boards,"$116,078.00 ","$2,836.00 ",Scarborough BE,Senior Superintendent,1997,22522c0fcebdf89c5de2aeffb6451bbbe8b3059d52b17bb1860ab482850afaea
School Boards,"$107,471.00 ","$2,926.00 ",Scarborough BE,Superintendent,1997,04bc7b185e4790d82d7957ba86d1c1046e961a3a2ecdd3ae3f5841f284728e77
School Boards,"$131,520.00 ","$2,926.00 ",Scarborough BE,Superintendent,1997,93925587bda17ccc2d3cb02b61f8f14819e9ec5d1981db76ff79d26a1c236e93
School Boards,"$148,855.00 ","$4,847.00 ",Scarborough BE,Director,1997,bb8b5b5801de8f30674714168f2a79611c3a3f16d61c287c7d5527ef8d244bb0
School Boards,"$116,042.00 ","$2,926.00 ",Scarborough BE,Senior Superintendent,1997,ee5f53205375281510bdeb273a9a6b816813a639dcfdfcb2fac6ef7432583008
School Boards,"$112,177.00 ","$2,926.00 ",Scarborough BE,Superintendent,1997,9eeccc7448b42d56b6c3f98546c2d4644fd4a60ed7904ddfe4a33174bdd64fe2
School Boards,"$112,177.00 ","$2,890.00 ",Scarborough BE,Chief Psychiatrist,1997,8f902e87f0aec6e1c444e6a9616bede73ec73e4e56e4508c801a7be86039050b
School Boards,"$112,141.00 ","$2,890.00 ",Scarborough BE,Superintendent,1997,6d2370d5ccd2d08ba8e76eae26f5c80e789bd12179d46def1e495f30ed7f1a54
School Boards,"$112,177.00 ","$2,926.00 ",Scarborough BE,Superintendent,1997,52d7bbd2605542a9bf8ceb00c32ac5d894463e98b9ffdb0f73ba8c44e4ebdb3b
School Boards,"$101,843.00 ","$1,501.00 ",Scarborough BE,Superintendent,1997,1dedd48706d01f118e2246fc0617727fdf5f98c1499e7263652bb5bdefe87d70
School Boards,"$124,266.00 ","$3,400.00 ",Scarborough BE,Associate Director,1997,e5e82bc863ed8e1f43b22fd396c0048f431c0fdd6998e39f5ef591758dfc5f62
School Boards,"$112,105.00 ","$2,908.00 ",Scarborough BE,Superintendent,1997,f0813f5b08d8e8b0acb509c712fefc166d94bb2cb84e442a954c858f35025f36
School Boards,"$120,051.00 ","$2,890.00 ",Scarborough BE,Senior Superintendent,1997,bea886f002585a6f93c88143e0378ce09ea03e9778a5d942f5f11c2daf878d42
School Boards,"$120,051.00 ","$2,926.00 ",Scarborough BE,Senior Superintendent,1997,1e18d361945f47e80cc0356eff787318d9f479b5d9674fddd6dd6971d84dcf94
School Boards,"$120,051.00 ","$2,890.00 ",Scarborough BE,Senior Superintendent,1997,ef4e8b7c8940686617b3c0dd7b24de15d8ae3a28f5853b5b2276b6603c4c4c49
School Boards,"$112,177.00 ","$2,926.00 ",Scarborough BE,Superintendent,1997,da88bfbc26d2e9a181f9d65531ae35fc3014536071923ed4499479c9fdcece8c
School Boards,"$107,471.00 ","$2,908.00 ",Scarborough BE,Superintendent,1997,77cc842927537ba48d07ec408f1a13ce6681dd46498ec7ce543a4b7a11a3a7ac
School Boards,"$112,141.00 ","$2,926.00 ",Scarborough BE,Superintendent,1997,bef5330309163ad667045c86ffe099da885f9d95c6006710101d90073f30d675
School Boards,"$101,787.00 ","$1,464.00 ",Scarborough BE,Superintendent,1997,d4cbd5f448a8925563da6872f00cc676adb7bce733379c7424007043411e3f91
School Boards,"$112,177.00 ","$2,926.00 ",Scarborough BE,Superintendent,1997,88d120f35421f8c8936e88c3e0bb04b70fa909de742d6557f3a9161c69240c77
School Boards,"$107,396.00 ",$124.31 ,Simcoe County BE,Supt. of Administrative Services,1997,729af1815a25b637f6960e40e00e341bee20fecf830d142eb41eff6e3ec9d7f0
School Boards,"$138,014.21 ",$124.31 ,Simcoe County BE,Dir. of Education,1997,64f6ecc925c6940600a16ae3f09fde000c67dc74f89c300348020c739c677d28
School Boards,"$127,475.31 ",$166.40 ,Simcoe County RCSSB,Acting Dir.of Education,1997,2118f4e0427d3bbba7bed9d4df6a4bde1af3fdf7cce8b41c9a7a3e8a89392743
School Boards,"$101,585.62 ",$166.40 ,Simcoe County RCSSB,Supt. of Schools Services,1997,fc7ff03433ec2e40b7fa0322b093565c142cdca171fc91dcfffad2b968fc1196
School Boards,"$101,503.82 ",$166.40 ,Simcoe County RCSSB,Supt. Of Schools- Elem. Div.,1997,6142c67515cc8c0f185596b6cca25499357c906790c96f4566fb5272c79dd978
School Boards,"$108,652.24 ",$615.72 ,"Stormont, Dund. & Glen RCSSB",Deputy Dir. of Educ.,1997,46738730d3087ea2e22432db10672247b8568c3c134b4ce04c5fe65d891c66bb
School Boards,"$115,166.08 ","$2,989.33 ","Stormont, Dundas & Glengarry BE",Dir. of Education,1997,d9e0cd5872f666e9d07da52129874c1c75377a1069aae26c2edb359846cf5e60
School Boards,"$100,175.88 ",$94.59 ,"Stormont, Dundas & Glengarry BE",Supt. of Schools / HR,1997,6d7ade8e49eca7c7fca109b3774c0a918bfea75b984cc3608ff187b82553711f
School Boards,"$100,175.76 ",$94.59 ,"Stormont, Dundas & Glengarry BE",Supt. of Schools Programs,1997,b344fd8d4027006c96ecfbf21809caeada1a4c800adeda69f089c65bb5c0b960
School Boards,"$106,368.80 ",$457.60 ,Sudbury BE,Supt. of Schools,1997,c0b7f0607b445cc0a9ef4cf366eab9b9b8b833ac6967cc1364409a15a0aaccbf
School Boards,"$110,474.68 ",$478.40 ,Sudbury BE,Supt.of Fr. Section,1997,7cd213c6da7dc9ea1b5bccf39f68ba3c1c2d65b1a185490a9568a16689aee52f
School Boards,"$116,317.66 ",$499.20 ,Sudbury BE,Dir. of Education,1997,17348fba8f3e22486e289b19a7ecf07a05f8f31dcccc25240c536df59af918c5
School Boards,"$121,552.07 ",$302.72 ,Sudbury BE,Supt. of Schools,1997,f663dd1fabad17bead12768296bf5b28add575c6374089017c7e4c0317af4436
School Boards,"$110,374.68 ",$478.40 ,Sudbury BE,Supt. of Bus. Adm.,1997,42276917f919156b23b7ccbd0630ad4c5b953b7b74715f8b8c47703a8072e6de
School Boards,"$105,368.54 ",$457.60 ,Sudbury BE,Supt. of Fr. Adm.,1997,7b91afa284bd873bf7cc847eae1b25bb9dd3375ccc681547f279a0f19623dd4e
School Boards,"$105,368.80 ",$457.60 ,Sudbury BE,Academic Supt.,1997,d1f08464e8a85eb8c1ef8d2a0ae54cb380ad8372c981ea740545dafe6efaa504
School Boards,"$111,570.00 ","$5,260.00 ",Sudbury District RCSSB,Supt. of Bus. & Finance,1997,80255c8a8997bc5e359d346b5dfa005c7914d82703306cc6370ca2532e3c4338
School Boards,"$100,883.00 ","$5,201.00 ",Sudbury District RCSSB,Superintendent,1997,95520a08b326679e21c118bbd23de477b4f45c4d914be8e733d6c9bdc1bcd6c2
School Boards,"$104,380.00 ","$5,208.00 ",Sudbury District RCSSB,Superintendent,1997,a50a998c615a4dc244af00ce4bd079b4f056696056a46d7e961742f4ad93179a
School Boards,"$104,380.00 ","$5,221.00 ",Sudbury District RCSSB,Superintendent,1997,670cd000e4544695bb4ea3e59ae3002e4e17415a8e52db92cbb1f3bc17f659c2
School Boards,"$104,380.00 ","$5,221.00 ",Sudbury District RCSSB,Superintendent,1997,fb65d9cd591a92e6e2d1f97f983370f4aff4b578ae150fd1a279919b30b6e8c6
School Boards,"$124,841.00 ","$5,339.00 ",Sudbury District RCSSB,Dir. of Ed. & Secretary of the Board,1997,fae9d1c998bd48a858612d8d3b127b244e8df737332c9698ce89e52a5756accf
School Boards,"$101,050.00 ",$652.00 ,Sudbury District RCSSB,Manager of Human Resources,1997,86ca06328d93013157bf394982b58abb81d125110a6ed5610021f8d642e883a2
School Boards,"$106,121.00 ","$5,307.00 ",Sudbury District RCSSB,Supt. Eng. Schools & Assist. Secretary,1997,338cea72323643657c6c30c7ae9d5b032bafd3590ea1df0d9871c212e3aaf1ce
School Boards,"$118,929.29 ",$922.30 ,Thunder Bay RCSSB,Director of Education,1997,1214038349cd6fef2b49ab91672c2b33c0d227d822deed8e55e5fb3e72679622
School Boards,"$107,497.36 ",$922.30 ,Thunder Bay RCSSB,Supt. of Business,1997,658bc9ce4570e3aa6735c7b14d2f76f797ffbc0aa478d6cf747d78c5707a8451
School Boards,"$111,854.83 ",$778.22 ,Timiskaming BE,Director of Education,1997,2c85f8939cfe0e706b4a3d45b6a803875454750bc0cd938de37318fb4114c5c8
School Boards,"$103,546.91 ",$712.42 ,Timiskaming BE,Supt. of Business,1997,e0a6589809094963d7f56a64a4221eec290c4d2f2cc832a7d43338d0860bc671
School Boards,"$115,358.31 ","$4,160.71 ",Timmins BE,Dir. of Education,1997,d32185271f48d37b4be5fc3ba58ed43e1e0dd2772feb1b12b1cc9663f91a5ecc
School Boards,"$101,542.73 ","$3,988.60 ",Timmins BE,Supt. of Schools,1997,a74871cc3cd4ac5eb5d88de0eeff39f1db71fe228ba4e9f00901091b67ee1b6d
School Boards,"$101,542.73 ","$3,988.60 ",Timmins BE,Supt. of Business / Finance,1997,cca3553b2d717ebf51a6cdde022369650e32f9a8f6aa75414d7fa1392f06dd34
School Boards,"$101,151.02 ","$1,104.41 ",Timmins District RCSSB,Supt.of Education,1997,aa0304d76cc07e0d38f8aee7a528d70165010cdcff575ee586d653152bc0836d
School Boards,"$101,151.02 ","$1,104.41 ",Timmins District RCSSB,Supt.of Education,1997,7e1c04f5f32b21525e52b9d5df9235deb31de3d1e1f1066f32971be614cf5ced
School Boards,"$101,751.02 ","$1,104.41 ",Timmins District RCSSB,Supt.of Education,1997,fda9e1acbe2cfa3b014873eaa12f77e54e628b1b6c1481eacfc0df99aee6b4ca
School Boards,"$122,049.32 ","$1,104.43 ",Timmins District RCSSB,Director of Education,1997,bd1957f1572eefe0792a4d9e3622d9950fc59d7742aad6f8c8e45f9c4bc00229
School Boards,"$116,033.73 ","$3,155.84 ",Toronto BE,Interim Coordinator-HR,1997,8d581abb19456471a8015cc8759bf9ae529ddb524dbfc8d45abe2109c870524f
School Boards,"$103,615.12 ","$3,043.96 ",Toronto BE,School Superintendent - Elementary,1997,acb5372075d18c61d23289d4cc42499bd093a53d9a3298b21da2913bea8ad990
School Boards,"$122,703.76 ","$3,155.84 ",Toronto BE,School Superintendent - Business Services,1997,fc019aa26594144300665aa6dc9e938aec1642405a90b79df8f8ae6c17f7e75d
School Boards,"$104,657.54 ","$1,133.91 ",Toronto BE,Supt. - Plant Maint.,1997,4a9ee574df4a2eaa6cb142a0a2c398a5425431295e2c76328926ea379aab55da
School Boards,"$113,884.73 ","$3,155.84 ",Toronto BE,Superintendent - Employee Relations,1997,d0f32612f1812366f97c0812db98addc8137a0c89534afcdd335c21caefc4dc1
School Boards,"$120,739.56 ","$3,101.84 ",Toronto BE,School Superintendent - Elementary,1997,5ad3f2533eea81c6aee980d7bdadafea9106b29f397940a13bd4ffcba4bf1c49
School Boards,"$115,908.97 ","$3,043.28 ",Toronto BE,Superintendent - Curriculum,1997,5e3f56567223882d82188fb095f07380b7fbbf2057e8a5f3bfe2876b323999a5
School Boards,"$115,908.97 ","$3,155.84 ",Toronto BE,Superintendent - Personnel Services,1997,58a0cd22145596fa3bf943462a241d555a409261de97f74b53dc2f8f020836f3
School Boards,"$104,406.83 ",$154.56 ,Toronto BE,Adult & Continuing Education Officer,1997,c536bb72912c8eefc24ac9d4f7aa8902906929f01f53fec8346ab91444bd40fe
School Boards,"$156,824.47 ","$19,597.31 ",Toronto BE,Director of Education,1997,1528b5c5b380e3f89b33a7b5e8c006619ddfad134a7951ca41de026f8b492edb
School Boards,"$104,406.83 ","$1,133.91 ",Toronto BE,Superintendent of Plant Operations,1997,6e75808ea8d455595c6d0ab0355ecddda5aa786f50ffdbfadc9e463e1cf2589b
School Boards,"$135,359.80 ","$5,240.04 ",Toronto BE,Associate Director,1997,ad1450431ba3e1fd6406f9bc842c95b579456b3a438432c5a661a4682863fda0
School Boards,"$118,180.89 ","$3,155.84 ",Toronto BE,School Superintendent - Elementary,1997,835bbe8524e75c62793a2e5495b5ab415e2aff917c4a6c93db65c77ea63852bf
School Boards,"$126,245.71 ","$3,155.84 ",Toronto BE,Senior Superintendent - Business Services,1997,b7a17b0761012f68deb06c62c0381343d322c774a6e2d75364614b136fc11b80
School Boards,"$104,406.83 ","$1,043.91 ",Toronto BE,Senior Manager - Library Services,1997,869423314d5e48b18ef86842bd88498279a330034902366e48d947e70bee3e29
School Boards,"$123,949.75 ","$3,155.84 ",Toronto BE,Senior Superintendent - Curriculum,1997,7ddb6036f4b2c28d77544c9cc4e0556149a18ec7cd0d851afeb98be5d5d990b6
School Boards,"$116,033.73 ","$3,043.28 ",Toronto BE,School Superintendent - Elementary,1997,7b351d3ff99d94a4414f68e83ccbba397db2b3212f8510e233175112f030967f
School Boards,"$106,237.29 ","$1,577.94 ",Toronto BE,School Superintendent - Secondary,1997,f43b45694b8b1ff926ff5730807002f7265c867640d20fdaf116ce5dffc8a0dc
School Boards,"$104,406.83 ","$1,133.91 ",Toronto BE,Senior Co-ordinator of Social Work,1997,1482c3e3fc1378c9d4520cc177231dd7d0377758b3367610ff14d70d9eeced65
School Boards,"$105,833.85 ","$3,142.96 ",Toronto BE,School Superintendent - Secondary,1997,664d9dfbef7e3bc487d70e618f0d6f94d867311060d73671ca04e1cb08d2199a
School Boards,"$109,272.45 ","$1,133.91 ",Toronto BE,Superintendent of Design Services,1997,6798eea4a7e9257393cf2d665d66c865df9e5c04754d74b645fb34e82a1627fc
School Boards,"$127,836.85 ","$3,155.84 ",Toronto BE,Senior Superintendent - Human Resources,1997,3cdd0c382dece75375668e0be1f618fc698e45f5da80fe4c7f5af6db03da5e95
School Boards,"$116,033.73 ","$3,155.84 ",Toronto BE,School Superintendent - Elementary,1997,4776818062c640a561617b38b7ae6e57302b63f8078770225494468bd49d975a
School Boards,"$104,406.83 ","$1,133.91 ",Toronto BE,Senior Co-ordinator of Psychology,1997,8d57f4d9b8d7d890f94afdb92c7332c9563198d45cd55d6e66e015bfecd9de35
School Boards,"$116,033.73 ","$3,155.84 ",Toronto BE,Superintendent - Curriculum,1997,4982d2f0728fbefad68f360d0563eeb13aa0bf8af519e84e88ee2761c0ec9b00
School Boards,"$115,908.97 ","$3,155.84 ",Toronto BE,School Superintendent - Elementary,1997,c9f9a5b297332a59089d68cdb7a9fa0486dc62bf414379c99538854b62704842
School Boards,"$124,157.12 ","$3,155.84 ",Toronto BE,Senior Superintendent - School Operations,1997,994b61e96b0fd2f5908f69337f3bfb6e16d75ef9ef84c7940e5c31cc9d59d6b5
School Boards,"$115,908.97 ","$3,155.84 ",Toronto BE,School Superintendent - Elementary,1997,edf3730b11d20c6ab335be0a6b9598c3204d88ed588221239ab9026d5afd95db
School Boards,"$124,190.04 ","$2,860.80 ",Toronto Metro BE,Superintendent,1997,139af06f54ab1636486100565f633c36ef494e55335fc2f7251c7abe7dbad3b1
School Boards,"$124,190.04 ","$2,860.80 ",Toronto Metro BE,Superintendent,1997,07c91ab568c0197d80a6ec4c80dd832ec2e4e23e2eb93e11bfcc57b2ec11d6aa
School Boards,"$124,148.35 ","$2,916.56 ",Toronto Metro BE,Superintendent,1997,fc57fa78831d74d88bf1b57482d2cf083e7ac33f67b83131828000da30a2e85c
School Boards,"$111,653.70 ","$2,902.56 ",Toronto Metro BE,Gen. Man. Purchasing & Warehousing,1997,98425728692178733095090382a57b3369ed24751d5b90374c46510fbe0fff12
School Boards,"$124,190.04 ","$2,860.80 ",Toronto Metro BE,Superintendent,1997,41e352b8956a886ca25c642dd919cf3f1fe05629111bfc67bf8d9c375881c622
School Boards,"$153,926.09 ","$21,858.80 ",Toronto Metro BE,Director,1997,30fddc3e9eb8bf626429a7f55853ebdf1f56969fdd2d5422b794ee373688603c
School Boards,"$124,190.04 ","$2,860.80 ",Toronto Metro BE,Superintendent,1997,d38967d7ced05b8845392ee40bbabe8aeff5f87a6fd782aae7465ae50e6b7330
School Boards,"$115,755.40 ","$2,404.80 ",Toronto Metro BE.,Assistant Supt.,1997,c2dff8a41b5bda19aec7d409ed3f932501cc0f3107c115c78a6c4a98dc74d651
School Boards,"$138,831.24 ","$1,385.52 ",Toronto Metro RCSSB,Deputy Director,1997,0d5938c4f17ecf04b0d4dc5caacc7ee811316d54c71c53c830f662338ba076a3
School Boards,"$103,020.14 ","$4,194.96 ",Toronto Metro RCSSB,Superintendent,1997,c81be3afd1b2b324bfa94f436775ea1b7b807d1aebaa1aaed4be4bc49d48d4bc
School Boards,"$100,326.47 ","$4,194.96 ",Toronto Metro RCSSB,Superintendent,1997,7ecd2ef52924c8bdf84b777a6fd1c8a2cf25fb6bed07877037742d17f9c9bcf2
School Boards,"$103,020.14 ","$4,194.96 ",Toronto Metro RCSSB,Superintendent,1997,c4935e011a2f6570651bc60945fd55c70d26720f4827d5bc04d87c8841b1031a
School Boards,"$105,171.84 ",$998.40 ,Toronto Metro RCSSB,Former Director,1997,2ce115d823e550e86e8265880fdebf2b11639f86a835f9315c25c0f7be137edd
School Boards,"$103,020.14 ","$4,194.96 ",Toronto Metro RCSSB,Superintendent,1997,b43a037cc90e375b4d3745d94032728f5626c484f04a3d790da1eb3ef4b8ebad
School Boards,"$100,326.47 ","$4,194.96 ",Toronto Metro RCSSB,Superintendent,1997,db333b9ba8bb6683d96d2b256dcb2861e60e59f1988ab9b0d6b83073bef5568d
School Boards,"$120,117.25 ",$78.96 ,Toronto Metro RCSSB,Deputy Director,1997,9b4b92a2d2e1b2846666bcc550bb1dc5cf06f4720c24339c5ea67656b8a0bfe1
School Boards,"$103,020.14 ","$4,194.96 ",Toronto Metro RCSSB,Superintendent,1997,1fa544a0f39e3ec461ce16d99d028260106158f7234ff552a9158d7cccf13674
School Boards,"$103,020.14 ","$4,194.96 ",Toronto Metro RCSSB,Comptroller Finance,1997,3457287c536819f6d39ee1a1d2c27ea57dae07c660070c9b6080b991b9c316c2
School Boards,"$103,020.13 ","$4,194.96 ",Toronto Metro RCSSB,Superintendent,1997,6979adf69b1f107907db899dfd8bbb6b560f295aec214d0cf75166466b895e51
School Boards,"$103,020.14 ","$4,194.96 ",Toronto Metro RCSSB,Superintendent,1997,4b9ea6392bf5da816a66605c10cdaf7584a0e3fedbf2624b674e6c80064c5c30
School Boards,"$103,020.14 ","$4,194.96 ",Toronto Metro RCSSB,Superintendent,1997,f7aad4bac656fe39e31c13ab8c7d8f703cc56827631dac665ba07f8e9b2db48e
School Boards,"$103,020.14 ","$4,194.96 ",Toronto Metro RCSSB,Superintendent,1997,674e9d51e9e8f783f0bb2a9e5402116e1f497b1ddcf62a204fcb880cc3063ed3
School Boards,"$103,020.14 ","$4,194.96 ",Toronto Metro RCSSB,Superintendent,1997,54d0322c4788f27bbe81e9d558bc5b849836ace1b7f53de8d6726642c1308d82
School Boards,"$102,890.59 ","$4,194.96 ",Toronto Metro RCSSB,Superintendent,1997,f2daf27ee9422d05d6821bca652440f0632f0729c6417ade30e0d6f3ea1971da
School Boards,"$103,020.14 ","$4,194.96 ",Toronto Metro RCSSB,Superintendent,1997,9f87ba5b26497837d7447bc0d776a456b06a07d6f70b3b833095d510c4eea73d
School Boards,"$103,020.14 ","$4,194.96 ",Toronto Metro RCSSB,Superintendent,1997,b220915043cf18dc06f71c05a80432e4d3f8dc66b2528b3f942f0f19d9e28eae
School Boards,"$112,316.55 ","$4,194.96 ",Toronto Metro RCSSB,Director,1997,9e4b1a57f17090f4f531339f5d537fccdbf19bc68ef70f85b1a98a1d566a0734
School Boards,"$118,781.86 ",$576.99 ,Toronto Region CEFCUT,Superintendant,1997,71a0058cd88320e8bb5b66cf87af50a6ec5a68b1a741e02b9285b38f21b71eb8
School Boards,"$132,083.63 ",$576.99 ,Toronto Region CEFCUT,Directrice,1997,ce7a44cdcc3b59f953bc8e4b050cb7d1512944d9f489a948bc9d42311126ce91
School Boards,"$114,257.26 ",$252.47 ,Upper Canada DSB,Director of Education,1997,0e5ab2d4fbcae7d99529060f6a1f48c77f5ab072e158ef18e4ef4ad5fb5399fd
School Boards,"$100,703.00 ",$497.00 ,Waterloo County BE,Supt. of Schools,1997,db956ff6b0293f6159631c896f4ea5421ab16e5c34998f8bd25d8adb5cf14409
School Boards,"$118,526.00 ",$109.00 ,Waterloo County BE,Teacher,1997,77d63ca65f1485bfa8db5254fb3147e503371bc0fbac5d3fa36a7d3ae4912a1c
School Boards,"$101,003.00 ",$197.00 ,Waterloo County BE,Supt. of Schools,1997,c76eeb2971a69c71555e05e0552cfb82fdc60d3505d5eaa420ef9b6d2509151d
School Boards,"$104,252.00 ",$343.00 ,Waterloo County BE,Executive Officer,1997,912ee631736511d9a6aa1e7b2181d434bd4ff23b5e18ca3e50c53f5efd62da95
School Boards,"$119,516.00 ",$581.00 ,Waterloo County BE,Dir. of Education,1997,4d4542df51721f055776e3aa4ff7960205293d0000907edf99c88b066cc65578
School Boards,"$100,703.00 ",$497.00 ,Waterloo County BE,Supt. of Schools,1997,66fd8788609430bc296afac29b858b51c5ff797c60603267904539c7548b2b46
School Boards,"$100,703.00 ",$497.00 ,Waterloo County BE,Supt. of Schools,1997,373a660cc529c2193c6c3a630f1271c992697ba0194d235c0bf0053ec4fbb60d
School Boards,"$108,569.00 ",$523.00 ,Waterloo County BE,Associate Director,1997,192d62611126741eef95d4fa68e70984f978369193a87b7bf2004b8a5e90408a
School Boards,"$122,709.00 ",$101.00 ,Waterloo County BE,Teacher,1997,badd37794948cdff136c2028c8807aeb0f717bde310d34f154710d73e55b7ee8
School Boards,"$100,703.00 ",$497.00 ,Waterloo County BE,Supt. of Schools,1997,cf20e0c6ebe251228d6e59aa42358302e9113274fd2c153a43c91aefc5366fd5
School Boards,"$100,703.00 ",$497.00 ,Waterloo County BE,Supt. of Human Resources,1997,e8a8bb9aa718d32d9bff90e8430a857e87de3ece13d4d17708025f7a0963f72b
School Boards,"$128,102.00 ",$109.00 ,Waterloo County BE,Teacher,1997,bb0f87fe06462ac7929e98caf434289035b61c85edf098bc5c582bbb5581130f
School Boards,"$106,821.11 ",$321.07 ,Waterloo County RCSSB,Director of Education,1997,2b4298e0c9bd48d501ef1ae2f67f3654c42381e139d9564ffad895b31fb33a70
School Boards,"$110,910.00 ","$8,583.00 ",Welland County RCSSB,Director of Education,1997,ee95a9bb9a4093ed1916caa5e60a401679fe7a619a68d1164539da966435c693
School Boards,"$112,836.00 ",$760.96 ,Wellington County BE,Director of Education,1997,030e593c3811c14bfb912309a167335c06dea32eba94bc8347dbae83cfe58622
School Boards,"$111,710.91 ",$670.08 ,Wentworth County BE,Director of Education & Secretary,1997,aa7813973c2393dbf69120739dafe6903929782a14a173ba969ba4d756c92c02
School Boards,"$111,955.00 ","$2,417.65 ",Windsor BE,Supt. of Schools,1997,2d5744cbde0cec17093bbc26b88f0cd3bf9cf799c20316d2fa9abbbb5162c810
School Boards,"$123,841.00 ","$2,417.65 ",Windsor BE,Supt. of Business,1997,cc09fdf756cb0f2e053b460a1c3c2f812eea78113d9e86bcdf0d17b196f6fda4
School Boards,"$136,574.48 ","$1,367.65 ",Windsor BE,Director of Education,1997,2b911101dcea63c27a20de60ac0d6f6eda17f1cd6683ee087459cb4aa28edb6b
School Boards,"$108,563.60 ","$2,415.25 ",Windsor BE,Supt. of Schools,1997,de0c386fa7c31f680b5848dea40b1b737ac7bc79590f84963cd777e3e2de2efe
School Boards,"$113,808.38 ","$2,417.65 ",Windsor BE,Supt. of Human Resources,1997,21a92d313ed286f41e90f03f4de8f9e6cd0ea1706f0ed309ed8c91244f505fd0
School Boards,"$123,827.63 ","$2,417.65 ",Windsor BE,Supt. of Education,1997,12cb0823ff60f289d2d002d1bec2d32c41064baf084878d936387d33e65ee800
School Boards,"$107,618.14 ","$2,266.32 ",Windsor RCSSB,Supt. of Education,1997,39381513968f613d7eb798ada9a1c56be7974a6a7bc7233220811e6dcf5e31fd
School Boards,"$107,378.00 ","$2,266.32 ",Windsor RCSSB,Supt. of Education,1997,e4f7575fa5bb0f69dfd3ec6241c431820f4b0a15dbf9e04000958b5c56f7fcc6
School Boards,"$107,378.14 ","$2,266.32 ",Windsor RCSSB,Supt. of Education,1997,743eae9e514dbf310b4b545f6343a2123b6ccc986851ab16af2835411cf3970d
School Boards,"$108,735.80 ","$2,263.80 ",Windsor RCSSB,Supt. of Business,1997,1024a77b170be6d1dbe2f7eff77ae10783cb8d9a34afecf8e75dc4324e32e18e
School Boards,"$143,595.95 ","$2,266.32 ",Windsor RCSSB,Dir. of Education,1997,4427c9b9a72f3797114eef70098abf910a4340a520c79d3653f1e91268eed8a9
School Boards,"$121,496.88 ","$2,266.32 ",Windsor RCSSB,Supt. of Education,1997,e0ebe9593deaf6896333955e85e345b6511d25aa462e0f0d4605a7f7f3f08d0e
School Boards,"$148,855.00 ","$8,845.22 ",York BE,Director of Education & Sec. Treas.,1997,59bd40922388ebd8f61a7628e72ce1d95bbe2699fbea7427ce836cd7cd3416af
School Boards,"$131,671.39 ","$2,904.00 ",York BE,Senior Superintendent of Personnel,1997,1e9d8ea4d5d98112a2be5359ff4e5f4e2d24e9499fc174afd3ffe509afca2626
School Boards,"$115,823.06 ","$2,904.00 ",York BE,Controller of Plant Operations,1997,3f59d0fbbebc023a28e2181417faade78d32ba6afbd5505508ce197857169050
School Boards,"$119,672.96 ","$2,904.00 ",York BE,Supt.of Curriculum,1997,0d0dd5aa50e691972d5e20409988cc3641a4410237f118cd7285e560a13b01db
School Boards,"$111,789.22 ","$2,904.00 ",York BE,Supt. of Personnel,1997,8e971c76d14081fce00006ade612661416e34fa409f1d5f94b02490ac93895ce
School Boards,"$107,715.97 ","$2,884.00 ",York BE,Supt.of Commnity Services,1997,0ceb0446f10a0ae1b462cadea73bd39a2cfff078c57795e97368489f2b2da5a9
School Boards,"$108,850.50 ","$2,808.00 ",York BE,Chief Negotiator,1997,985b51d2b0d970d449773c52502f603b6065876637026a07dc02a35727241082
School Boards,"$101,701.71 ","$1,996.20 ",York BE,Planning & Research Officer,1997,dbc94a009fcd112d22f00a1a67500e4ee3ef23cbc71feefaf84e119a9dda95bd
School Boards,"$116,365.77 ","$2,904.00 ",York BE,Supt. of Student Services,1997,aa1795ed79df1942f8768b406f4726ef566ac1f7810ffa1581d6121cb9696c09
School Boards,"$107,715.97 ","$2,904.00 ",York BE,Supt. of Personnel,1997,b2d173f12ee245000ef6723c8b20cf5062325a1d12462e1d7baf3220b5c2ed8a
School Boards,"$131,671.39 ","$2,904.00 ",York BE,Senior Supt. of Program,1997,d2277126ce804157df95b4a1ede8b488492ee8fda570d59febfe15c0419cf30e
School Boards,"$108,850.50 ","$2,904.00 ",York BE,Controller of Finance,1997,6cb201a34bb60b5860b40edea6de389a3272cb09c9baf58fc0d43272a33e8a97
School Boards,"$114,242.21 ",$416.76 ,York Region BE,Associate Director,1997,608a6888e72d4c1c2dba315938dc63398866512a194070654b173549f5d05041
School Boards,"$106,800.85 ",$388.12 ,York Region BE,Supt. of Schools,1997,0401f0368bde662cb96223d8ac58272a72f47126c80c4d17296b111e8230193c
School Boards,"$114,242.21 ",$416.76 ,York Region BE,Supt. of Schools,1997,bb519f96455ec40d539d49fbb8ee203d3320ea474d7ada528aaa7fd90370cbb0
School Boards,"$106,271.02 ",$279.96 ,York Region BE,Supt. of Schools,1997,caeea2f3bcefa97458b39eb09e0f10e0b371f3a596a2c808e958c1ddfc058272
School Boards,"$106,800.85 ",$388.12 ,York Region BE,Supt. of Schools,1997,a40c3a4d565d13c745c86d5e0bf92d9fd28a25368fd7e82e7632f81417295181
School Boards,"$108,214.97 ",$380.52 ,York Region BE,Supt.of Schools,1997,d5c2dee50ee6b2780575c5d32be36f7c90fd3ddfb6931e5ccbf059f8a2ed77d7
School Boards,"$114,242.21 ",$416.76 ,York Region BE,Associate Director,1997,d02fd292e5edd4252e3a770dc2a6d40affc663a789f6e7cae10dc4365ea4573a
School Boards,"$114,242.21 ",$416.76 ,York Region BE,Supt. of Schools,1997,f28acc98376fc5ae405a3d2834b7db5171f4971864b96292256ac3b45cf994ec
School Boards,"$136,977.17 ","$2,678.78 ",York Region BE,Director of Education,1997,580a3373fca1a8228bbe76abec46d26786d71be15c8bfc7c183f69afa3ea4290
School Boards,"$114,242.21 ",$416.76 ,York Region BE,Supt. of Schools,1997,9a486186fe02fab2903768e4a4b4098b2a26484fc82f426c054c9e9f4d2854bd
School Boards,"$114,242.21 ",$416.76 ,York Region BE,Supt. of Schools,1997,159213e5111364018b93ce430893fdf21ce3a8f641348e11e6d4ffcfd9d704d5
School Boards,"$114,242.21 ",$416.76 ,York Region BE,Supt. of Employee Service,1997,1364452a76e4aad9d7f1c651f3db5706cd1000dde2a08504d3a6a957eb67c826
School Boards,"$110,411.12 ",$402.44 ,York Region BE,Supt. of Schools,1997,4cf3ee2bef81829af8257de598499d7e0f090e42685a421b44a7367bd0bc1429
School Boards,"$110,411.12 ",$402.44 ,York Region BE,Supt. of Schools,1997,0a3f7666ebae82b42d449db3391fdf5f565ef6c8486ed5563a1e3fee621eaa54
School Boards,"$114,242.21 ",$416.76 ,York Region BE,Supt. of Business Service,1997,bba14156c7c22c59b972c7de7be51f7a16345209a0dfdb967d0fd92ee9423731
School Boards,"$107,881.21 ",$333.39 ,York Region BE,Supt. of Schools,1997,ccb08cd93a86d30eb787dae059d318fee35f6950ecde555aab51cecc50f41ba3
School Boards,"$114,242.21 ",$416.76 ,York Region BE,Supt. of Plant Service,1997,1ed878b39ae569b16a747308d14b57d8f36b78c243610d79245f2769e3b2b394
School Boards,"$126,449.96 ","$6,150.88 ",York Region RCSSB,"Dir. of Education, Secretary-Treasurer",1997,2f264df89d010adec222bb9b7ee0eface103c11d429723100fe98364ec08a568
School Boards,"$100,473.92 ","$4,579.60 ",York Region RCSSB,Supt. of French Language (FFL),1997,3191a551e13d828e55eb4f40ac4c1daae5351a34dfad18d7e8da00f56fae5408
School Boards,"$112,473.92 ","$5,820.90 ",York Region RCSSB,Assoc. Dir. Instructional Serv.,1997,193e1500204284c75d3bde459bfa6c733f4fe82322a95656124714cba1a56711
School Boards,"$102,929.01 ","$3,064.51 ",York Region RCSSB,Supt. of Plant & Planning,1997,effaaeba24988fe75580ff5b1ebde389a57456c82397424f342c49d725162afa
School Boards,"$103,126.62 ","$2,116.95 ",York Region RCSSB,Supt. of Business & Finance,1997,203e19e284f39938f7153f867278dc2a61310218444832c889246f6705210bb0
School Boards,"$100,655.25 ","$3,051.06 ",York Region RCSSB,Supt. of Education (Sch.),1997,698cbd47aacc1060932f3824ad2982efb22d89a0e49bdece82ce238e1b4bce78
School Boards,"$103,126.62 ","$5,789.59 ",York Region RCSSB,Supt. of Education (Sch.),1997,da69325fb43fd8f922669abb237c8ac40e6d1ab6f209b8c109fb6fb40d567c74
School Boards,"$100,996.70 ","$5,782.06 ",York Region RCSSB,Supt. of Education (Sch.),1997,806ff56ae462c18f3841ff4e8b4378281eed1fba45bc3cc2a9fb145592ad967c
School Boards,"$111,937.74 ","$2,206.29 ",York Region RCSSB,Assoc. Dir. Corporate Services & Treas.,1997,a0b6d498f65a2275c8924fba3edfd8c0723d92ad1f5d61f59a2296b68bcc9d05
School Boards,"$103,822.94 ","$4,591.87 ",York Region RCSSB,Superintendent of Human Resources,1997,237bac7c098f3cf5ff4e0b4aab85a6a70c849ee666a4659431c024f27dd338be
Universities,"$100,400.00 ",$0.00 ,Algoma Univ. College,President,1997,40b728907abfc5b66bb2f6e0f4d0059f9b30f9ad0d1e55cce35666f413ab35bf
Universities,"$103,426.98 ",$271.80 ,Brock,"Prof. (Mgt., Mktg. & HRM)",1997,8cd7dcb90cf19c117322feafaa90b6ebdecb24070be3fa0ab4d4b1748c91b377
Universities,"$101,856.54 ",$271.80 ,Brock,Chair (Mathematics),1997,578bcfdf073bb9cd68a9c0bbafb15e191a3bf0d20a67d1ba497801af0039f9ea
Universities,"$107,607.48 ","$4,673.55 ",Brock,Chair (Continuing Studies),1997,17e42d1e3bef6445cb9ed4a3983222d5117920c14a154a3f7a955b7490e2f6a9
Universities,"$134,982.00 ",$271.80 ,Brock,Acting President,1997,d44fd41fec72780b814d2f29beae3f151883365fe8adca80768e8ce480bd2c6f
Universities,"$106,071.96 ",$271.80 ,Brock,"Executive Director, External Relations",1997,22ff9f99bb0fe0cc444001b82375540bab34d69c18ba6f692236077bce0ac1d6
Universities,"$107,254.02 ",$271.80 ,Brock,Prof. (Accounting & Finance),1997,b5aad9e879d883c8cf4bd88c34848022f86b33c534b5cc833fd89d4b00b99269
Universities,"$109,607.04 ",$271.80 ,Brock,Prof. (Politics),1997,118db1068190f7dc0942a503875273a5730edd55caf524c8a9b6c5f970303c24
Universities,"$102,543.54 ",$271.80 ,Brock,Prof. (Psychology),1997,9010ccaba379f01f8de17bcb538888061fc3dd577a2e487ecafdd765a7c10056
Universities,"$106,064.70 ","$3,499.75 ",Brock,"Associate Vice-President, Administration",1997,810d55325b4ab77793db81300d6a31206935f5dd29a243954163f6db04c98916
Universities,"$104,042.46 ",$271.80 ,Brock,"Prof. (Mgt., Mktg. & HRM)",1997,f9c277f7512ea0d3fcba75eedc4327d6320df7992a76563727013ee379d294b2
Universities,"$108,408.48 ",$271.80 ,Brock,Prof. (Biological Sciences),1997,3cc14329ce0e261c9c836982c2a3b48275b3b59da5b4b456745e25d010825449
Universities,"$131,213.04 ",$271.80 ,Brock,"Dean, Business",1997,142742a047dbdf0b15afb9f5e44a46a088a9e7f8c32ad2276c89aaac80983b0f
Universities,"$102,010.44 ",$271.80 ,Brock,Prof. (Biological Sciences),1997,bb63055453326a2e7af98441f4c717904624f48614f0b1a412274d24feadfb62
Universities,"$100,393.02 ",$271.80 ,Brock,Prof. (Biological Sciences),1997,b0abbfc3d63b90851cd73dfd6c5944f4320cdc526f877ecd9f08b11562f1bc8d
Universities,"$100,652.04 ",$271.80 ,Brock,Prof. (Accounting & Finance),1997,8284092272e65d70e057991cccacc3319e4f6d242868a398c5f4727cb7dfceae
Universities,"$103,435.98 ",$271.80 ,Brock,Prof. (Accounting & Finance),1997,73650be1793653bc14cdce1da0fe686b8b941802aaff8db788856c4ed65444ad
Universities,"$100,656.00 ",$271.80 ,Brock,Prof. (Physics),1997,4da31aebff58c66f3982aebc50d40110bfdf2508a887928671bd6a04c2730c20
Universities,"$136,427.28 ",$271.80 ,Brock,"Vice-President, Administration",1997,d2fa836ea073a09d0056f3e27ae62f019bc316d658656dbe0b61b0fe9773c0f6
Universities,"$115,576.00 ",$0.00 ,Carleton,Vice-President (Academic),1997,bbc79c2a1ba40c51f3e65b9e6ab790dfda6a6459043dd705fa5602d53b1231e4
Universities,"$120,971.00 ",$0.00 ,Carleton,Vice President (Res & Ext),1997,cb3b94f950663eac1ea210f194d7cebc160154560d6e7265e87ae0eb921a190f
Universities,"$104,213.00 ",$0.00 ,Carleton,"Dean, Faculty of Engineering",1997,d0cb61bce2bc914e682472909e435dee975ca2e81250fc8587fa5af42ab47f5d
Universities,"$105,116.00 ",$616.00 ,Carleton,Prof.,1997,d3067be85c1c9bd2f546628279218713d3dde0f0d9e231c3e6367465bd44a813
Universities,"$111,651.00 ","$1,629.00 ",Carleton,Prof.,1997,d99bde84fdcb894fde11afd088c333f6b4bc67bcbbe879fa874891522d681187
Universities,"$135,535.00 ",$938.00 ,Carleton,Prof.,1997,1aad36a20945620f525b35badfb63fcd114a1f2a6fe6431cbed6f9c435d20008
Universities,"$108,569.00 ","$2,740.00 ",Carleton,Prof.,1997,b387e696a40dba3cecbeb47fb77a772ecaca3ba9f19cdff9a52bbe1482a88ab2
Universities,"$100,862.00 ",$519.00 ,Carleton,Prof.,1997,80bd92664953b074f3e3398d7527205127741b8720b2cf9bba7808e89d5ab863
Universities,"$102,263.00 ",$528.00 ,Carleton,Prof.,1997,b7b9e78fd4317606165703cd829e19017d5940630b0ad21967c58bbb15f99a85
Universities,"$104,018.00 ",$516.00 ,Carleton,Prof.,1997,9c535e2867885d6f7e533af525408115027e6c0f8eb9205b15c3c1fdaa126820
Universities,"$100,317.00 ",$0.00 ,Carleton,"Secretary, Brd. Of Gov.",1997,834810617b5a14ee327c105c243117d642ad441d5cc3a13995699a0859552bb2
Universities,"$103,133.00 ",$0.00 ,Carleton,"Director, Health Services",1997,8ca12b47ea1a4bcc1e5e0cd155403958161e92c69d92cae06546b597b79a7e7b
Universities,"$107,009.00 ",$296.00 ,Carleton,Prof.,1997,dd30e22561e084727b2337b8584d0d41cf2d4fc472db9e207836a7b78fdcd496
Universities,"$165,487.00 ",$0.00 ,Carleton,President,1997,e881fe157c53b4b082c7431a83114156442fab1c8fef8cf6b47d1be79aed7b55
Universities,"$119,435.00 ",$0.00 ,Carleton,Vice-President (Fin & Admin.),1997,f493cfce52368097bb4eece7282566bad49b74ec016b0a7c5cf38cd2ce821ca7
Universities,"$124,786.00 ",$685.00 ,Guelph,Director - Real Estate,1997,08ab5d94b087d8f809cd9032fa7410b441abb0f3eb412be5bf2ca8680fe0399d
Universities,"$107,417.00 ",$399.00 ,Guelph,Prof.,1997,59a6db02fdee7b9a6a5b02b8783f5ec329135606710b52bf98df6b3fbd539e5a
Universities,"$111,060.00 ",$617.00 ,Guelph,Prof.,1997,a15287634202a6e49ddbe44c7a34d2ec87216943683fdf066d4e9c74b04a17d7
Universities,"$104,792.00 ",$585.00 ,Guelph,Prof.,1997,2082ab6b9e6dc6d6ae2e07e795fcfabd9e062ac7f800dcdef03a85907b61e04f
Universities,"$106,380.00 ",$565.00 ,Guelph,Chair,1997,4536a1a15eab93d546bf721f898c2830c68f3d3f4eec62bfb835a5269c0df748
Universities,"$137,773.00 ","$1,593.00 ",Guelph,"Provost & VP, Academic",1997,a62a926979e32ff4d6a140a8c8b2f0bb537a709a5ac04932580efd59ce4cfdfd
Universities,"$106,597.00 ",$597.00 ,Guelph,Prof.,1997,76d4cd2de30b5ccad3724e6d0ac364c36f862a2c1eeb6991f253db5fd9fcbc02
Universities,"$101,235.00 ",$991.00 ,Guelph,Prof.,1997,e9fdc1b136558b05458222316579145f7659d82c59cfa9a239d9afc303809029
Universities,"$101,566.00 ",$551.00 ,Guelph,"Prof. (Co-Chair/Chair, ended 97/08/31)",1997,0b838675ceb38e678defe92511603035bd430a57b164d3e825890b9bf420d8bc
Universities,"$100,669.00 ",$916.00 ,Guelph,Prof.,1997,c6e5220eb7bcf347b6c31cd2d862771f0598f2afd373dae3171e5a7deca19106
Universities,"$100,079.00 ",$553.00 ,Guelph,Chair,1997,44f626695c6a5c194bacb2507f7eaf0fc042f4dc2021cd6b4e134423f98baa3f
Universities,"$107,540.00 ",$575.00 ,Guelph,Chair,1997,5005236e29c0460246ca519e88dc53f4de5cca95c7bda4b5bbb4c37f92da6bf8
Universities,"$102,790.00 ",$663.00 ,Guelph,Prof.,1997,ce7712ce7de410496ee6a4ad84914b09d3e049d3b857a6093b2cebaa29836e48
Universities,"$102,229.00 ",$568.00 ,Guelph,Prof.,1997,e6e431fab7c80066a25d30535307828d22d93995e45cb45ce4acbda93ae6db7e
Universities,"$101,699.00 ",$566.00 ,Guelph,Prof.,1997,e6b2d8cef56c7ab3225b976f1a7a9d37b984b682f30d9d322d14d22e35192808
Universities,"$100,001.00 ",$561.00 ,Guelph,Dean,1997,098bb6a5afc6f1854f6ea5711f80928a9117c75ddea6366f9702b9e0564e3963
Universities,"$122,449.00 ","$2,447.00 ",Guelph,Dir.-OMAFRA Research Prog.,1997,8da4be8bd5c1a0ef3326b2f486a036a13db8b5bc3093b20617a22f190fe6de9c
Universities,"$104,549.00 ",$557.00 ,Guelph,Chair,1997,e6da4dad80ed09271b74aa4cfb0bf9948d2640fc6a9b42e4dcb3fbb6cf41bcdf
Universities,"$139,655.00 ","$4,201.00 ",Guelph,"VP, Development & Public Affairs",1997,b2c2bb984876024769e96befba98f05697a20e4cd52dea8c8fd7f9ab34a233d0
Universities,"$112,804.00 ",$558.00 ,Guelph,"Dir.-Economic Research, George Morris Ctr.",1997,603d7326869da82a7e28aaf6cc61008ce77be14acbc92b44e31d047ba21b7d1e
Universities,"$105,059.00 ",$566.00 ,Guelph,Chair,1997,082a37d264118ddc0e5f2d4a04f157c71295185f567ab76705d851ef9f49093a
Universities,"$114,570.00 ",$641.00 ,Guelph,Dean,1997,3f3bd31087c459008308f51835b37b0cf621967b32746374d647ddd151227bb5
Universities,"$111,457.00 ","$2,481.00 ",Guelph,Dean,1997,32b02cc6750f192cc8db9e54a6c83b74a2c6ec9f2a7b386b4efe6265dc0dc977
Universities,"$106,091.00 ",$589.00 ,Guelph,Dean,1997,836e46fa18f2250df4f9e44c299638c6c4af5ee26b088a5ddd19564ca1e81509
Universities,"$105,239.00 ",$392.00 ,Guelph,"Assistant VP, Finance",1997,7b8f85a52dfb4059f8034c99e66971e61edde37d652e280803f433e2e32d1646
Universities,"$125,655.00 ",$699.00 ,Guelph,"VP, Research",1997,c5195eb2bf695acafd5e77981d6789c2f643679015c732388edd0909d5c90862
Universities,"$110,066.00 ",$616.00 ,Guelph,Dean,1997,b5f60c4e3e2714c6a1d7c7547ce6a67462aee9ef4c21cb85fc25cfc68cb326ff
Universities,"$108,174.00 ",$404.00 ,Guelph,"Associate VP, Academic & Registrar",1997,e272c293042508d73a35c6f6861471aef2fdf0bb292410697feab7280f00fad8
Universities,"$100,488.00 ",$559.00 ,Guelph,Exec. Director,1997,7e5497e14fea6c700359a962448701ab5e719c49e0b6a213c47f6ddd73362caf
Universities,"$187,983.00 ","$21,738.00 ",Guelph,President,1997,9b13c80cbb6ea945b5086614c64dabdcd88a43f4115bd373022e0544631f6110
Universities,"$110,579.00 ",$616.00 ,Guelph,Dean,1997,025537c52767107d1f66f71fa9402ab441c838934b8cc60d3557b5f174d2425b
Universities,"$100,706.00 ",$564.00 ,Guelph,Dean,1997,3da309c87344399857392cfbcddcd9194792e9b82a4f1fca971baa4a2465618c
Universities,"$112,110.00 ",$625.00 ,Guelph,"Associate VP, Student Affairs",1997,1fb2d1f4baebb0f56b66fe53ca22cb2a0543f831b0e18e16858a7e20373ac844
Universities,"$130,765.00 ",$728.00 ,Guelph,"VP, Finance & Administration",1997,b91fcaa90d317a767db8b52e9fd6959682e810f609354e8da7e6a01754cc3936
Universities,"$100,815.00 ",$540.00 ,Guelph,Dean,1997,78a45041de99ee9c27e6a467f474f3a9d9045d8490e2ee1b9f190a5bf0052918
Universities,"$110,656.00 ",$407.00 ,Guelph,Associate Prof.,1997,a5cfe157f61a6d8e70154600c06c3f2638530eb2754b6655a61f583d38b88afb
Universities,"$150,007.00 ","$4,600.00 ",Guelph,Industrial Research Chair in Food Pkg Tech.,1997,44d9cc393a4ebe66e2d9daabb8359456223d0874d7f9113c4c46573e038ff82b
Universities,"$112,389.00 ",$626.00 ,Guelph,Prof.,1997,7ba1a5b343a932299236b4a289f59e3f1eeecb55bbf1ea335085b6e381e1bf6e
Universities,"$102,343.00 ","$4,219.00 ",Guelph,"Dir., Hotel & Food Admin.",1997,d649f4c3a82aa0247b46d365dbf69c11d6ef774568d9e04374035a66b44dac39
Universities,"$101,983.00 ",$758.00 ,Lakehead,"Prof., Faculty of Forestry",1997,ffde0c5a9b5189ef3cdefaca93ffc1e8b12d7c6f0cb61077503773dc823aa94f
Universities,"$108,931.00 ",$902.00 ,Lakehead,"Dean, Faculty of Engineering",1997,780288b61df9fdc29031a9cbc9e7bcafae8d505c70d13489a563fe6834b40054
Universities,"$101,037.00 ","$1,062.00 ",Lakehead,"Prof., Geology",1997,d9baa7ff2f45e437ab434bcf94b9127945c397929673a94233c4ba8275ecd594
Universities,"$243,667.00 ","$6,601.00 ",Lakehead,President,1997,048b772daeb8d3e576f7e9135f214aa78db493778e188f88b0b14c56cf3d719e
Universities,"$103,468.00 ","$3,913.00 ",Lakehead,Exec. Dir. Of University Services,1997,281034705354da0f07c65da7eaa59347dd8b29edcd88f9c792f8d8028ee9a299
Universities,"$138,948.00 ",$902.00 ,Lakehead,Interim President,1997,bac8d1501b2eb729b02690f071bbcfcb1e2caccaf61b3b6122578f0ed6542ba9
Universities,"$101,956.00 ",$447.00 ,Laurentian,"Assoc. V.P., Francophone Affairs",1997,ddedcf99864c84c40d2962104dcb847c9e3fd098c53edb17896a867e9e4b0629
Universities,"$110,746.00 ",$447.00 ,Laurentian,Full Prof.,1997,c4e6b85583dc7dad2931e732c9756db7ea5363aa7c1df81eaacb0ef38132efa3
Universities,"$103,181.00 ",$447.00 ,Laurentian,Full Prof.,1997,3e4abeb14173d82708e445377b5f0646845d2578e62b2d21719d930ec20db7ab
Universities,"$115,676.00 ","$2,384.00 ",Laurentian,"Vice-President, Administration",1997,bf568c788025dbef682cf5615f20ad2df55d1a5cdc5e2ce6042c1602cca393fa
Universities,"$102,360.00 ",$447.00 ,Laurentian,Full Prof.,1997,33b04448509f865143ef7fa6f74ff41728c8fe897b13a8e1000762e0bf1f9b33
Universities,"$109,806.00 ",$447.00 ,Laurentian,Full Prof.,1997,189811f3ac1da762f7c6b05fab306672163ee82f1e2653400bc4927977c42e66
Universities,"$106,829.00 ",$447.00 ,Laurentian,"Director, Academic Staff Relations",1997,efd9724e32260a3c338d4cd7493fba3f71eac33e4b3b63c768a21f53fdf5c2dd
Universities,"$110,831.00 ",$447.00 ,Laurentian,Full Prof.,1997,1a214df53155d3a3c8b4e2967f6c9f97ecf787f2586c2c8f5648531855b567cd
Universities,"$100,040.00 ",$447.00 ,Laurentian,Full Prof.,1997,2ca4973bbb1495eead908d690655d38878c342ebc0a2d1e9f182bf21f51c5666
Universities,"$118,054.00 ",$447.00 ,Laurentian,Full Prof.,1997,f87288300637bbceaeebe98df960bc493a04487ef804c1f8258beb0d2e7c2327
Universities,"$147,291.00 ",$447.00 ,Laurentian,Full Prof.,1997,39d32d7135d6dd72ae59322bc713f30e42c313090a4f63408b420a9c3c3bad6e
Universities,"$108,182.00 ",$447.00 ,Laurentian,Full Prof.,1997,ce79517ae390bf32723e60e90e000e751871d9c236d890185743299ffb0f6cdc
Universities,"$110,746.00 ",$447.00 ,Laurentian,Full Prof.,1997,35d3c3e4775460662fcd027f32649a7d30a8b0b949102b5d314534ecfa8ae546
Universities,"$148,396.00 ","$21,507.00 ",Laurentian,President,1997,f498b73db23f3ac1f8bc60173b3b12d216a9abbd7d4926b5cb4747951fa6eabc
Universities,"$109,351.00 ",$447.00 ,Laurentian,Full Prof.,1997,8638a4cf5933c68203e91c9f5d28d90847850d8842a10a3108b9b47fc66b3ce3
Universities,"$105,093.00 ","$1,621.00 ",Laurentian,Full Prof.,1997,8291d682391b7e76598f4e9f776817f5dda9d48d22c712b47028895559433c10
Universities,"$103,073.00 ",$447.00 ,Laurentian,Dir.-Graduate Studies & Research,1997,e152d29649add5e56deab8a6098a965dd993e70f80e20f9b4899f4ad0222b669
Universities,"$121,140.00 ","$9,447.00 ",Laurentian,"Vice-President, Academic",1997,4ced1e2609187658f6c8087bf8b3bfd9c908dfdea950649574537255c65c9723
Universities,"$105,610.00 ",$447.00 ,Laurentian,Full Prof.,1997,9e8de6f1b7083f4c63deac6adf5d16a769f9102cf40aa14abc99608e90549b11
Universities,"$102,384.00 ",$447.00 ,Laurentian,Full Prof.,1997,3aeaf6faa2578210fa55d783c5bffde830c10818ab6c5a44f32da579d73c4289
Universities,"$123,411.00 ",$931.00 ,Laurentian,Full Prof.,1997,f38ad5c8476e91872a5505cba9b7a18d19a46d6ce89d01d6359b32808622322e
Universities,"$102,448.18 ",$369.00 ,McMaster,Prof. - BUSINESS,1997,edc504219caed8afe1e0a855fae273b7b7c695ae48c8a91baed3556d06bd51fc
Universities,"$100,616.01 ",$486.72 ,McMaster,Prof. - BUSINESS,1997,445df929a1b181b80fdc6daae6d51aef89e1fc8bd88adc177ab189e3c33f36d9
Universities,"$146,101.44 ",$778.32 ,McMaster,Prof. - HEALTH SCIENCES,1997,6f63f403522c50fd3efb324d5744e01d5cfc14a7c653e55dc6d38b2f4cca7035
Universities,"$118,292.98 ",$372.96 ,McMaster,Prof. - HEALTH SCIENCES,1997,9c434bb578fd3d54f922e87071ec2f3f4222725c178d221c6aacbd5b828b3c1a
Universities,"$211,376.76 ",$238.00 ,McMaster,PROF (Former VP & Dean) HEALTH SCIENCES,1997,c3223a1dd9ae23e0ff1542788e2e4bbbb454bcbcf17dfae53413ec4199168eb2
Universities,"$103,148.35 ",$585.48 ,McMaster,Prof. - HUMAN,1997,836a8ee73dd79971f4163cf2805e586f97f8cd05a9564cde27e0f2f3c797f16d
Universities,"$130,744.17 ","$1,804.20 ",McMaster,Prof. - SOCIAL SCIENCES,1997,da59d784b99757208dcf58a8db1f6e6f0abcf2d207da258605131de2ceef2131
Universities,"$109,493.81 ",$513.00 ,McMaster,Prof. - SCIENCE,1997,d2c954341713779577a3ddc37e9a1e3b5a35589e42191f7df8b3860a20c74cd5
Universities,"$142,151.77 ",$911.19 ,McMaster,ASSOC. Prof. - HEALTH SCIENCES,1997,da585825c06e2f38c0ba944d92c94f6a9a1e3c2ef7336cc1a413458f96847928
Universities,"$101,750.07 ",$231.52 ,McMaster,DIRECTOR - PHYSICAL PLANT,1997,5aa53f76f30244c29233a1316e9d9ba41fd7201474f9d10e7cc6129c3100021a
Universities,"$168,499.96 ",$238.00 ,McMaster,ASST. Prof. - HEALTH SCIENCES,1997,d9b9b2ad18931ed0017689cb682ff440b32c6517b211b28de836d4000af6e9fb
Universities,"$114,119.71 ",$238.00 ,McMaster,Prof. - SCIENCE,1997,9571b12324f88419f5146336d794f3fe709c8316d1116a3d06e40d5d43061d81
Universities,"$153,761.40 ",$826.32 ,McMaster,Prof. - HEALTH SCIENCES,1997,fa8c4fce2ea5ee3a5f98da86cdddf3020a740904ab7f5f9e204d232a0725076b
Universities,"$134,639.82 ",$513.00 ,McMaster,Prof. - HEALTH SCIENCES,1997,c3429a94f0d87489a53984ece4bafd79f609b19348caf08aa1c1af3cdfbb5635
Universities,"$100,002.91 ",$616.92 ,McMaster,Prof. - SCIENCE,1997,67ed05abde1f24d855a2c11633ef626f5c11cf61ca7970f11d19eff8bbc138fb
Universities,"$102,182.54 ",$625.20 ,McMaster,Prof. - ENGINEERING,1997,3d49f771967b0f98769a86447162b525997ab6d09230c38935becc3c40065e53
Universities,"$125,340.47 ",$238.00 ,McMaster,DEAN & Prof. - BUSINESS,1997,0447ee439226f61bb8d2f6b37dc0e531117c12ac3407708bdb67aab032966257
Universities,"$139,931.56 ","$1,891.77 ",McMaster,VP (ADMINISTRATION),1997,59d8a8fc7e12ee853ffb4d045fce6cbd1051a623fc759ec4f4ab8b4109456c30
Universities,"$100,418.09 ",$238.00 ,McMaster,Prof. - SCIENCE,1997,41a5eaa27bdbdb038290145f55161029b80250e7b2dd2cb8be9937fd0d7103e8
Universities,"$104,946.06 ",$463.68 ,McMaster,Prof. - HEALTH SCIENCES,1997,6a6fe23bd2c7011bd3aa7cc0ed2d958afff2656f0b273bc00cd231e13fbfc370
Universities,"$105,269.28 ",$636.96 ,McMaster,Prof. - ENGINEERING,1997,196900e18134175204d5a37c5da22bea08cde77a4f3cfbe83dc970b541dadbb7
Universities,"$105,542.21 ",$238.00 ,McMaster,Prof. - ENGINEERING,1997,999dc04d66d83c5162d8dba7cd6f5963d4581a23055e4dd329166c3010c87ca3
Universities,"$100,211.12 ",$616.39 ,McMaster,Prof. - SCIENCE,1997,76fb309a74a6bbab4531c03ddc63cbcd7dc63e814171ec43b3c259522fdf1bcf
Universities,"$147,455.76 ",$238.00 ,McMaster,ASSOC. Prof. - HEALTH SCIENCES,1997,260a60077799192b31f59e5facdb90f23bfb73632790ab2860852166525239f7
Universities,"$102,882.00 ",$513.00 ,McMaster,Prof. - HEALTH SCIENCES,1997,c80aa604a1210cf6184ff89c965f1a1b2e37a8394807e79f8c65b3467a611a75
Universities,"$201,060.06 ","$13,919.90 ",McMaster,PRESIDENT,1997,00d2b1148efc5be678ff7b3eed4480feb9614fc23d9215c8078ec1246c5c8741
Universities,"$130,378.92 ","$6,212.00 ",McMaster,VP - RESEARCH & INTERNATIONAL AFFAIRS,1997,d346529d7a50eeaf904097b7215bc453b4f64a9120f0507279ec7d692f082f1d
Universities,"$103,485.17 ",$630.24 ,McMaster,Prof. - HEALTH SCIENCES,1997,eeb6050121bca3e098cc040c4620e96f4969f54e0ff717fbc21b00261439114e
Universities,"$104,070.64 ",$630.85 ,McMaster,ASSOC. VP (ACADEMIC),1997,880c6ed0538ec80d1633975be8f0ff872ac9ba7d70fc61c3b195fbecf1aa8dcb
Universities,"$159,866.25 ","$1,182.22 ",McMaster,Prof. - HEALTH SCIENCES,1997,b2a7cd82744fc7c55f756b45f94310c26fae95530aee7649de67e9f7f80fd487
Universities,"$102,467.43 ",$626.40 ,McMaster,Prof. - HEALTH SCIENCES,1997,871ddf4cbe627bba9c02f97aa806a7a53110383f56565b7ba19fbbc8aafffb2b
Universities,"$103,890.82 ","$2,979.48 ",McMaster,Prof. - SCIENCE,1997,09cfeecf5fc36876162185c96532ee38de5544b906c62739f915dbcc2a5aef1a
Universities,"$103,694.93 ",$238.00 ,McMaster,Prof. - HEALTH SCIENCES,1997,e67d8f400b3ab6c0dd6bfce097cfee3aa2607c3b2393548013f2af94235ec8e8
Universities,"$113,746.00 ",$513.00 ,McMaster,UNIV. LIBRARIAN,1997,2d87c0b2fbd44e2b2a0307f2a17eec3336b7dcda6b912c15c3a7c844cd58e9bb
Universities,"$104,716.23 ",$238.00 ,McMaster,ASSOC. PROF - HEALTH SCIENCES,1997,e642aeb8f725be91d8d83a4b4d50acccd95bd1e39b218352c9c4f972abda701e
Universities,"$181,636.08 ",$513.00 ,McMaster,Prof. - HEALTH SCIENCES,1997,e770942b03df844b9845f7bff512a1fc4731b068bebd61098a1c56797bdc870e
Universities,"$107,345.67 ",$238.00 ,McMaster,ASSOC. VP (STUDENT AFFAIRS),1997,4621c8922b8a1a2e4726ad0b6993dc2cde718ba5e745666ee35bb1806bc76a6d
Universities,"$102,825.89 ",$582.60 ,McMaster,Prof. - HUMAN,1997,83ce99f183e6bcb03288882d8beeee69613de716ccda099c5e6f11aa1eed73b2
Universities,"$118,424.95 ",$699.12 ,McMaster,Prof. - SCIENCE,1997,9549c8966b0c40ed5b5dbe11865ec76b91211f3633257dacb4d652f513452a2c
Universities,"$108,961.88 ",$587.47 ,McMaster,RESEARCH FELLOW - HEALTH SCI,1997,b40415b46d68c4931f73f2aec69cee96b3f69cc92e605111b6cdd784db90c015
Universities,"$105,598.00 ",$635.40 ,McMaster,ADMINISTRATOR - HEALTH SCI,1997,32f0d4f553b4168cdd9b99862690c1ccdb58829e83ff2ed023f8bcd10c45f2e7
Universities,"$149,298.90 ","$1,947.07 ",McMaster,ASSOC. Prof. - HEALTH SCIENCES,1997,87eb3ba698bce928583eb6c0ebca611d593e11d33a263c5611d397d401e56d45
Universities,"$134,428.70 ",$221.30 ,McMaster,Prof. - SOCIAL SCIENCES,1997,e77aa61700415e1819f37f436f99df4232a79b705c839fb8249b45eb318754a9
Universities,"$103,380.94 ",$661.80 ,McMaster,Prof. - BUSINESS,1997,6adff7f646e84cf08b837d5fae66183226fd7faf222aebfd7c0108e65eb044a8
Universities,"$123,270.81 ",$994.56 ,McMaster,Prof. - HEALTH SCIENCES,1997,c343e931906e486ebb1ae31db5480e704fcb9ec1034875539ce4266432fb504f
Universities,"$129,344.57 ",$238.00 ,McMaster,ASST. Prof. - HEALTH SCIENCES,1997,021de7c6d1689399079d72d526de4e0edb6e391ec43003ebdc547b21d8fd22ad
Universities,"$109,170.86 ",$748.49 ,McMaster,Prof. - HEALTH SCIENCES,1997,3bdf96778303500acc9a67cce19e427eb6a8587ecdad5c53c59d16d0a0a20b1d
Universities,"$129,999.96 ",$238.00 ,McMaster,ASST. Prof. - HEALTH SCIENCES,1997,9ba3f48fbf9010fbfb7481521d71538fad6ceb01b410b418c665e9303a594ac0
Universities,"$124,176.50 ",$101.85 ,McMaster,Prof. - HEALTH SCIENCES,1997,1e26e39e1e5d43896765cdc8c0e0452c23bffda3b96997c847a34847eb6655af
Universities,"$115,784.86 ",$238.00 ,McMaster,Prof. - HEALTH SCIENCES,1997,8e51673c8877f2413c753ea7e3956007e01addd7dd2f1dd051a43ff9544e6bbc
Universities,"$180,961.58 ",$908.08 ,McMaster,Prof. - HEALTH SCIENCES,1997,8c50d41b2416bce9a4cd1acc07070b119eeea18a83f0ef87260e9ae233805026
Universities,"$114,289.47 ",$671.76 ,McMaster,Prof. - ENGINEERING,1997,b7fde4388dcafba44e2673ddf537b8dc008dc452c3890e0a199341c14c8ac5b3
Universities,"$112,700.51 ",$665.64 ,McMaster,Prof. - ENGINEERING,1997,e641a14448342e8d6b856e690f3870859b56d11c96fa40328c3634753a6f39a7
Universities,"$173,136.65 ","$2,978.04 ",McMaster,ACTING VP - HEALTH SCIENCES,1997,9cb2583e25813b2bc21f1709b9bd5df486bafcebca58064be0197d54b9a07004
Universities,"$100,488.59 ",$513.00 ,McMaster,Prof. - SCIENCE,1997,1d76ed8c265b13b86c79805ad450bd08b27f7bf78180f2e4ab7bf177399f662e
Universities,"$118,612.24 ","$1,070.76 ",McMaster,Prof. - HEALTH SCIENCES,1997,626d5d67a9c5ba79aa5c36ce0c5d045975f2decfe5271245fc36f559193fe3aa
Universities,"$154,117.13 ",$513.00 ,McMaster,Prof. - HEALTH SCIENCES,1997,90cd9ee76223710467e1fe74618d56316fe27380a436efeb08a18461a653a2e6
Universities,"$158,784.46 ",$821.70 ,McMaster,ASST. Prof. - HEALTH SCIENCES,1997,bdf6e8ce2f8d4bcff1d9ff6fa5d72ac939954c94b576a3e178b8e58ae26175f1
Universities,"$146,827.04 ",$238.00 ,McMaster,ASST. Prof. - HEALTH SCIENCES,1997,2fa5533926e25779fbf5cb15b86d9b1c1bdfb923a9ffaf5cd4d8c0f919a82f93
Universities,"$101,249.36 ",$513.00 ,McMaster,Prof. - SCIENCE,1997,4169d07f66e79acf26a1a5c6e7ffb26734f1f2da3b57df23cc7ca0615b80deea
Universities,"$139,801.32 ",$230.84 ,McMaster,Prof. - SOCIAL SCIENCES,1997,78ef7c9fd2f4ea48885c0cfdbe5c6ed8044aaab71ae9ac35041bda53adaa31c3
Universities,"$103,919.35 ",$238.00 ,McMaster,DEAN & Prof. - ENGINEERING,1997,9cf67b748e616d38c34d99241064680cc3b7ee1bbc1a0ad92f091df98f86126a
Universities,"$146,726.57 ","$1,415.64 ",McMaster,Prof. - HEALTH SCIENCES,1997,4dfac2d8a41da79b020426b18e245a0424d9814f67fc78b319f780131d0bad53
Universities,"$106,428.41 ",$641.40 ,McMaster,DEAN & Prof. - HUMANITIES,1997,59af8ae2d77139ceb9ffd527b94cc8a7aecdf7d2b9fb2fc30c659295607cb72a
Universities,"$104,396.97 ",$513.00 ,McMaster,Prof. - HEALTH SCIENCES,1997,a095dfdce8a93c050e2ea17cce1c7f7d81ea15e825fe6ad59217093f1c1c1368
Universities,"$110,350.04 ",$513.00 ,McMaster,Prof. - HEALTH SCIENCES,1997,07e67f99e91bbcca9739b0f01f6143edc9f042aed830704c4c30d198aa750dec
Universities,"$119,345.82 ",$238.00 ,McMaster,Prof. - SCIENCE,1997,24b3488474985e378178b08a15903689ec252b43444286c680296aa6e83e5218
Universities,"$146,337.35 ",$782.28 ,McMaster,ASSOC. Prof. - HEALTH SCIENCES,1997,420b1d7f1a9948995587a687caef26c8917ad149ee318b170c584c30b5d4d64f
Universities,"$111,286.33 ",$513.00 ,McMaster,Prof. - HEALTH SCIENCES,1997,9247558d8d21f525b9038479c5936702c65b92546b85b6292be804aeafa6a36c
Universities,"$103,994.56 ",$238.00 ,McMaster,DEAN & Prof. - SCIENCE,1997,46ad217265fc34770075e6ec428cde34b5229519d6f66a3ffb8a5aa7fe0e023b
Universities,"$146,321.74 ",$238.00 ,McMaster,Prof. - HEALTH SCIENCES,1997,5f84271fb3a2e0380c2c0595800e6e48238cc2970160f448aad0e1b83b57853b
Universities,"$115,031.99 ","$5,038.00 ",McMaster,"EXEC. DIRECTOR, UNIV. ADVANCEMENT",1997,3acda8edf5acb1840248870960ca38b417784fa82caf885154e6dc0a9d72c839
Universities,"$103,598.48 ",$513.00 ,McMaster,DEAN & Prof. - GRADUATE STUDIES,1997,af9368f47a84eaddb0205b4cd456dba48c5b49debd71d9ec54a381de667135db
Universities,"$141,030.54 ",$771.78 ,McMaster,PROVOST & VP - ACADEMIC,1997,0f3281f207bd6bb41098e30a05c906830e75c2fba75d771f1ed0183f908ccb96
Universities,"$103,441.25 ",$630.12 ,McMaster,Prof. - BUSINESS,1997,7e24e656162f2a4338edbe8f9a94e569cb4aea40753c0be214f5e58036c61912
Universities,"$100,546.77 ",$513.00 ,McMaster,Prof. - ENGINEERING,1997,e29dd7fe84a949b158ecb926e082be0c04a330bf542a6d58ab9ecdb302bf1104
Universities,"$104,230.98 ",$880.92 ,McMaster,Prof. - HEALTH SCIENCES,1997,86c3198e5e672e9726b8cbf328f76e9b08d05d55501d50c6319a6484ad5a36e8
Universities,"$100,440.97 ","$1,898.54 ",Nipissing,Dean of Arts & Science,1997,08ff9ed4cfd02bd85b7cb847afbc344143cdd34755e9b13ab53308d796e63c41
Universities,"$115,398.60 ","$12,683.50 ",Nipissing,President and Vice-Chancellor,1997,fb0cb10d96dceb76f7724b70255a674233b6320d6f5924015388432a53be9de7
Universities,"$115,171.00 ",$369.72 ,Nipissing,Dean of Education,1997,38c0971cc63ad12fe705d26206c4a07bd48e2dcc00447856c3474ecb7a61a121
Universities,"$108,209.44 ",$883.91 ,Ont. College of Art & Design,PRESIDENT,1997,399d77461953a3fdcd880900acaeae7aa175dcbb8aaf70eabe4de2a3546c3890
Universities,"$111,589.64 ","$1,060.71 ",Ont. College of Art & Design,"VP, ADMIN. & ACTING PRESIDENT",1997,684e5f39e0c369f0aa2f2b320ff41dca4bdb3e5d23b42950655cef6e53b84675
Universities,"$107,198.36 ","$3,400.50 ",Ottawa,Prof.,1997,a57996bf340fed9f74054a9fa4c2a9a42301ff38f5086f7e7241138b2ab5df5c
Universities,"$102,101.76 ",$78.00 ,Ottawa,Prof.,1997,b24e1227ae4b048f2e86ab1f19bbfaa29300aeb54aaf206a98e974f556b621db
Universities,"$116,761.52 ",$78.00 ,Ottawa,VICE-RECTOR,1997,bb4d605715a8119db597942eebae666012bcc1acf7a941ccdabbf6b30b1b42ce
Universities,"$105,000.84 ",$78.00 ,Ottawa,Prof. ; DEAN,1997,6b3a461b22880ac81121e981bd2390660b5034e5eadfac54602c637f0d90e1e2
Universities,"$107,375.28 ",$78.00 ,Ottawa,Prof.,1997,a3a605ab650c28a0e3ca213e4afef4a94cca32f6baad32f704b16e2076d66744
Universities,"$126,800.04 ","$2,919.25 ",Ottawa,VICE-RECTOR,1997,93c19f6352cd9bb6382fdc3fc35014dedc77af94631b4b3116f69bc8576f9c1e
Universities,"$100,834.54 ",$78.00 ,Ottawa,Prof.,1997,8ac65a749e54ee183c6860e94059d6c809515fc2ebc202e2f4ece84324a2f66b
Universities,"$106,242.48 ",$78.00 ,Ottawa,Prof.,1997,59a03b5f9b04badaf6a977542fb41b210902b65d43472877a97eb870ff69ada7
Universities,"$107,589.36 ",$78.00 ,Ottawa,Prof.,1997,acdac33a085d868b1da2dfb5da587a37cb0ae5223ab086f2998877fafd2baed9
Universities,"$106,264.36 ",$78.00 ,Ottawa,Prof.,1997,2dead89fda1d30602e59d58f543b65a9854227684eb54812c361b9720fd034c5
Universities,"$108,310.44 ","$3,070.50 ",Ottawa,Prof.,1997,3ed96c5325cf4bd47f647c96abe656a68579111958b5becfe6edf870a4195b60
Universities,"$127,499.96 ","$2,928.00 ",Ottawa,UNIVERSITY SECRETARY,1997,0741d25ab77d6c497cf00be4ddff9352f3a64381dcc799682ac2b88f4ea4b2d2
Universities,"$100,176.00 ",$78.00 ,Ottawa,CLINICAL Prof. (M.D.),1997,7939ef93ec6e1b654ff2ac81084a14508bbadbbc8924a241802b6aba809548a3
Universities,"$151,690.11 ",$78.00 ,Ottawa,CLINICAL Prof. (M.D.),1997,eade04f43ee377dc1df3b897f229b466830bdefccec97b2bed462b66f51be8c5
Universities,"$105,666.80 ",$78.00 ,Ottawa,Prof. ; DEAN,1997,6314997f05a3830fe9bcd71f5fe3200efc3b58be7aead392d3aa6a2d389e960d
Universities,"$107,488.88 ",$78.00 ,Ottawa,Prof.,1997,00e706085611f530d4194ca1a9d4b88987890301d7eead8146c9c614f66d5271
Universities,"$117,512.70 ",$78.00 ,Ottawa,ASSISTANT VICE-RECTOR,1997,6b26ca57666d73e5c9d848fc00b448c901e1cb5d192b4a3148267d1f1811c600
Universities,"$100,083.36 ",$78.00 ,Ottawa,Prof.,1997,d85d4b8dfcde43a7cac0665d937f5dc751fdd0d401ee9c843fdd7705aed88b02
Universities,"$103,297.76 ",$78.00 ,Ottawa,Prof.,1997,84e8dd83a78bd4a3ded951338a7bc166044f4c9d1134dca3ef41d25eb5df1410
Universities,"$102,832.00 ",$78.00 ,Ottawa,CLINICAL Prof. (M.D.),1997,8335ee77b8e4d2fd9386f0b9187b5295393784324d47764d94c12e815f461173
Universities,"$107,103.88 ",$78.00 ,Ottawa,Prof.,1997,c257f3feeeaba7d8bffbbe530e545bb762418abc8348964df6575b406e37bae6
Universities,"$106,264.36 ","$1,645.50 ",Ottawa,Prof.,1997,7dd8a2139d12c79495b2000bc877f9ac8d223d6abb36f2e592f667fb1be75fec
Universities,"$108,374.36 ",$78.00 ,Ottawa,"Prof.; DIR, EXECUTIVE MBA",1997,2d0d4ca1b5f5d9911e0b3436b084bbd144b954e790ba9add53e629217c995fac
Universities,"$110,051.04 ",$78.00 ,Ottawa,Prof. ; DEAN,1997,79715d4c41a5ba3b6068ca791eff2f8d92ac494f13c32272980dec0f021ebfd8
Universities,"$104,256.08 ",$78.00 ,Ottawa,Prof.,1997,0e9f8870b5408f8368af839fbc42bd1ce68832b88a2b23cce9cabc12c74c2aa8
Universities,"$107,378.00 ",$78.00 ,Ottawa,Prof.,1997,7ae25f4ebe39071fb787117e16f3296a91284d80bf0bbab5bbbe77f8c98822e1
Universities,"$100,054.12 ",$408.00 ,Ottawa,Prof.,1997,1232dc2b166d0e86a9fbb4b03f89fa1c4436094a9079a9fab7ff1571bc0e8270
Universities,"$116,892.96 ",$78.00 ,Ottawa,CLINICAL Prof. (M.D.),1997,609725afe6d063ff77c277e89cda467615140476e76fb358cf7c8b115194e7a2
Universities,"$105,367.20 ","$1,503.00 ",Ottawa,CLINICAL Prof. (M.D.),1997,7221a5ad7dc97669ca35e6c88fa124739fff73b610af322bd71e9895a47e8b83
Universities,"$101,113.24 ","$1,975.50 ",Ottawa,Prof. - CHAIR,1997,1a3b78dd6d9b31db6c00e68a330a84ec042e34793a9f91ce12423374386f7036
Universities,"$110,411.36 ",$78.00 ,Ottawa,Prof. - VICE DEAN,1997,18ddc652735c32bce9af2817e9a5af1640a3ce2158d56bb5ebe801f8df504e6c
Universities,"$122,017.92 ",$738.00 ,Ottawa,Prof.,1997,f189a69b21e0433119b6f7c84ab6522d5a9862383453c764c2f273d642b53ba2
Universities,"$106,329.64 ",$78.00 ,Ottawa,Prof.,1997,e7e7b1457cda6324ddd2c29e037ba10f1bcd718304d243b1a64022a1740bc920
Universities,"$107,264.36 ",$628.00 ,Ottawa,Prof.,1997,6f2d181c22d8c47cda11bd8fd89814ded0ad230430f8d3e5bcc518f044f7ba70
Universities,"$105,152.08 ",$78.00 ,Ottawa,Prof. ; DEAN,1997,8eeb16240591dfc39a3e33089b602448e8f3d30d0e24aa3dc9dd7cd5e960b1bf
Universities,"$138,152.44 ",$78.00 ,Ottawa,"Prof.; DIR.,EXEC. MBA",1997,c1adc65b91f3fc41b5a65a6412ad1fe0e64e3dcb5c22dabf55455f1bc178fa5a
Universities,"$106,263.96 ",$78.00 ,Ottawa,Prof.,1997,a2430845d7f7b1ab86e334ea53216a888ed0764cfd25e1e76657dde753350681
Universities,"$100,088.12 ",$78.00 ,Ottawa,Prof.,1997,f398a6a2176c845e5041870ebd70fab387453739e6555b48d8740a52d807a70f
Universities,"$107,175.84 ",$78.00 ,Ottawa,Prof.,1997,a10c2a2f4c28f77fe9aad324fd5ab1fe7f9b2e828301a1f9432ca9404fb99e68
Universities,"$116,693.01 ","$1,356.75 ",Ottawa,LEGAL COUNSEL,1997,b6d73da4fed09dc4d4e47b5a06702b9c5571677c4b2c5810a52874c9b558e669
Universities,"$107,497.44 ",$78.00 ,Ottawa,Prof.,1997,8cd236582ebd477f0a2b933da5550f8ed345d4c58d407e1f76329bfdde351ea8
Universities,"$105,699.76 ",$78.00 ,Ottawa,CHIEF LIBRARIAN,1997,2e372214fa6d18fa1e88d008bccea253ac522f04af806b4afb63fd11f2567888
Universities,"$170,000.00 ","$8,209.56 ",Ottawa,RECTOR,1997,0f8675b013a4f20320876d833735f6f250b97a0d22f57d07f086ba9358924a02
Universities,"$100,945.72 ",$78.00 ,Ottawa,Prof.,1997,d4ce11b5abad1f57e8e5dd79f84f002c5ddfffdb35e48f0df7feabaee1067c90
Universities,"$103,815.36 ",$78.00 ,Ottawa,Prof.,1997,92da38f64e9bfc7ef3542c2ec64f880f52623201d94359737a8919022e6267f4
Universities,"$101,811.16 ",$78.00 ,Ottawa,Prof.,1997,c027a08b938faefbdea4fc4e0d547f58a7ef4df19cf7b336d8990922315106c5
Universities,"$106,264.36 ",$78.00 ,Ottawa,Prof.,1997,67dad73e8de5070f0479bdcd0da71dfe864a73c9e3ac1f04653495fa28240010
Universities,"$144,975.84 ",$78.00 ,Ottawa,CLINICAL Prof. (M.D.),1997,fc2c18270b4c4ea41008fe9639665fee6cb1888d7fc8f83babb246c4098079a8
Universities,"$100,734.60 ",$78.00 ,Ottawa,Prof.,1997,7cec305bf19bc2c2590036a382aa516ea44dbde2a7fad92c121a2bc0dd26ba60
Universities,"$151,999.68 ",$78.00 ,Ottawa,DIR. CLINICAL Prof. ; CHAIR,1997,f615838708409329b2a83c09b068a96e933a540b952d20c3d02ef6ebce29ad99
Universities,"$101,106.96 ",$78.00 ,Ottawa,Prof.,1997,3272be44eb2b62d9bcee212e07fdb2d13e386cd796070c47aa9fe14b3c60ab25
Universities,"$101,737.36 ",$78.00 ,Ottawa,Prof.,1997,79df43ac1cef1d644030fdb89e3cded3e11216b5751f916f6156005dff43324c
Universities,"$107,884.60 ",$78.00 ,Ottawa,Prof.,1997,ff50421fd083b3a9f9e2a3b65bf5867962a66deb21699905dfab9a9078bec5ba
Universities,"$107,743.42 ",$408.00 ,Ottawa,Prof.,1997,5d0bf46f136154d19fefb717740dc3bccbf53a18422aa42b7aa8f53a215f1983
Universities,"$100,927.96 ",$78.00 ,Ottawa,Prof.,1997,58ec4f3c9f577f0da7785ef3801b40e08f9cfb56cc54d15948d766dff53213da
Universities,"$106,264.36 ",$78.00 ,Ottawa,Prof.,1997,65efb8d2395ae36192479ddfb662b2b8ce35d87a0b9344a016dd358b6a3e2330
Universities,"$106,264.36 ",$78.00 ,Ottawa,Prof.,1997,7d28dc61a28686f150a010f2e5f7c347fd1cc969fc8a8dc4ae9ebaee8745adf2
Universities,"$110,046.16 ",$78.00 ,Ottawa,Prof. ; CHAIR,1997,23c43d8b032097c5c4773bd26d2d02fb503c381b5ce5eb7d7c6178d19e788c63
Universities,"$102,839.64 ",$78.00 ,Ottawa,Prof. ; CHAIR,1997,8882c8768dd089fa179b558e8d26369626fd474c277282223cc5f03dc6f03ce2
Universities,"$111,630.08 ",$78.00 ,Ottawa,Prof. - VICE DEAN,1997,416416ddf3d163e0f3445fe0612fcd44bb068929560c78fc6f6e613bd1698650
Universities,"$103,311.52 ",$78.00 ,Ottawa,Prof.,1997,f3d393735c4471cdc24bb2bdf94e90ca8c162dec55dcf474a65ae87a79756e48
Universities,"$107,000.00 ",$78.00 ,Ottawa,ASSISTANT VICE-RECTOR,1997,8dedf70ff64750f9f8e1cba6db55faa092d22e60222cdb05f54f89b22f10dda4
Universities,"$102,492.28 ","$4,288.00 ",Ottawa,Prof.,1997,cc8dab50a8e3ecc7d9cbb5615051ea907b0f249c1e0bccf9be0c37bb4f73f1d7
Universities,"$106,264.36 ",$78.00 ,Ottawa,Prof.,1997,1abca73befbad6dbeba31c2da793af4f04e2e0a384b82cdecbde1c06ccaf4a93
Universities,"$107,764.36 ",$78.00 ,Ottawa,Prof. ; - ASSOC. DEAN,1997,9eed1249ece5823627e58fd3a3c45d4229e235369589f35344036b12c368e4b4
Universities,"$132,649.08 ",$78.00 ,Ottawa,Prof. ; DEAN,1997,e2378acc1afcc84a5d1ff8a59eb48adf4918272987328129e7add7d7404456d1
Universities,"$101,732.84 ",$78.00 ,Ottawa,Prof.,1997,d1b74969b787295fa98a464a88248adfd167d91c43329b41a132061f2d8fb6eb
Universities,"$102,601.92 ",$78.00 ,Ottawa,Prof. ; CHAIR,1997,4d0794e0c7952c372d8008a8b067d90c8efed4047d7948d470fe894fddfc5bc7
Universities,"$102,752.72 ",$78.00 ,Ottawa,Prof.,1997,d9c2687ef0b3df68a66f750412f44abb395db16ba208969d22576eaec72a0279
Universities,"$168,725.09 ",$78.00 ,Ottawa,CLINICAL Prof. (M.D.),1997,e33c00c5311870df3a4f2124aa0f8d4d5eb048488bdea52bf090217826a5ea2f
Universities,"$116,426.32 ",$78.00 ,Ottawa,Prof.,1997,6f610058ce98190c348aa890a80b6f3cb1d0f00a3e4bbed2d5e3ebbb34c5377f
Universities,"$101,027.40 ","$2,560.50 ",Ottawa,Prof.,1997,bab105eec458ec1c5606a08ae6663b333104680c74caf3dae60d065a975dba67
Universities,"$149,892.11 ",$78.00 ,Ottawa,CLINICAL Prof. (M.D.) - ACTING CHAIR,1997,fd8edf6ecb419e580c92cd795c689d501064cae3b9f2326ea9f6d1debe80173a
Universities,"$103,104.16 ",$78.00 ,Ottawa,Prof.,1997,bb895673a0fb664c2b5fcc3a83aa99fe1652557407c15b87d1bf8236e50edb17
Universities,"$107,406.24 ",$78.00 ,Ottawa,Prof.,1997,5f99adc7bb774a76ab35de8b3a0340f706d9c6eee1e0bdec20d1ef8ae69fc765
Universities,"$106,264.36 ",$78.00 ,Ottawa,Prof.,1997,20c46db86213946629d42087bd1d516991daef25373a55314295b8dcf71a1913
Universities,"$132,102.40 ",$78.00 ,Ottawa,VICE-RECTOR,1997,4bb5ef1484aebeb3aaf58adcbe0402e66a4d051fba6cae7bde126a6e430a1fc1
Universities,"$133,950.00 ",$78.00 ,Ottawa,CLINICAL Prof. / CHAIR,1997,e270cf4315939f8de2f5a19b724a656956ac46f4359d714f0bb4036d75f28199
Universities,"$126,999.96 ",$78.00 ,Ottawa,Prof. ; VICE-RECTOR,1997,1855f69fa000fccac34b2dba00a10c69f8a43f877773e472bb92422a1cc78018
Universities,"$104,636.40 ",$78.00 ,Ottawa,Prof.,1997,da53f93f6e950c6d4559c823cd6de993f8a52d9229326359b8cb5abbb6a21a84
Universities,"$107,046.16 ",$78.00 ,Ottawa,Prof.,1997,36831fa77d09cb370ca53d77dc16d940fddb5cc4304be7d595c0a846dec232cf
Universities,"$106,264.36 ",$78.00 ,Ottawa,Prof.,1997,78d71e51e447e27412ed128cb88fbf67bb54b9c0a45092243f22249c6a0c987b
Universities,"$106,264.36 ",$78.00 ,Ottawa,Prof.,1997,f5bf5ba95c92d68b31053c734a8f7d88a212ceef1808b7ca61bf9fc4b48d52b0
Universities,"$106,436.42 ",$78.00 ,Ottawa,Prof.,1997,8ec456302f77091984bc10778866978d0c0025b1e34f6c5eca126417e846d60e
Universities,"$107,071.72 ","$3,050.00 ",Ottawa,Prof.,1997,47d76aedcfb695b44e3367fd796db969e3a94da92f846e37a95b63d13a8968bf
Universities,"$107,557.92 ",$78.00 ,Ottawa,Prof.,1997,83c14ec3dc9ae6e2daea8fefc7eb2586832c4a851778a6a19026c6b7e88af99e
Universities,"$103,124.96 ",$78.00 ,Ottawa,Prof. - DEAN,1997,3f5b61c8661a92993b6e2a41e5bcb1bd8696758a36eeb3d5f110ad46247942ca
Universities,"$100,343.76 ",$78.00 ,Ottawa,Prof.,1997,02c32a5fd05c9c4f0a37437c2a7c1527e49781851965e963772f25eb6e069c91
Universities,"$106,548.36 ",$78.00 ,Ottawa,Prof.,1997,eb793802d23b24f533a99152963371f9de8895937e9a7307985d51768f03f815
Universities,"$107,728.32 ",$78.00 ,Ottawa,Prof.,1997,201eb626117fca844796d6565bc29933b71a638066ea7d186ad7c52139c5c6dd
Universities,"$115,676.52 ",$78.00 ,Ottawa,CLINICAL Prof. (M.D.),1997,64fab9806b1d8578254a0f5cd01b65e8ddb2039a529ad2b559341623b882a20a
Universities,"$144,389.04 ",$78.00 ,Ottawa,CLINICAL Prof. (M.D.),1997,ced8e07685f359a6c71e894dabc68fa38c932a1d7c86303d0da96afb9ee1e6df
Universities,"$102,450.72 ",$78.00 ,Ottawa,Prof.,1997,7cbf2bf67cfc1a83e4602444c9b089c81e6fb2e4367dac94fad3354dfbb07e1f
Universities,"$100,233.12 ",$78.00 ,Ottawa,CLINICAL Prof. (M.D.),1997,c10f24691d8d00b6cc59cf355f9cc6e2dace43b91c9c6c17ee906506cf965474
Universities,"$107,690.88 ",$78.00 ,Ottawa,Prof.,1997,db5a7f174cbde4ea71d20a91565019d49defbd161a29d87b85b9f802975aa2a4
Universities,"$126,230.06 ",$78.00 ,Ottawa,ADJ. PROF. ; EXT. FUNDING,1997,8206e082ba7bde47ba04d5def8d093326bbb6f1705876a327eb51b54ce42b568
Universities,"$116,000.04 ",$78.00 ,Ottawa,Prof. ; DEAN,1997,bdda86c77504d7b096a8266f776a275809f4c59aecdc209abb199f392749a233
Universities,"$112,568.74 ",$78.00 ,Ottawa,CHIEF NEGOTIATOR,1997,9a0e40956fe9cf7e72800581094862ce329421797f319f54169aa76b77cb9093
Universities,"$106,264.36 ",$78.00 ,Ottawa,Prof.,1997,a4bf0a1e56dda818c5b43c7fea9bba4ba1f379463308f90196afc77749a7fc3d
Universities,"$108,764.32 ",$78.00 ,Ottawa,Prof. ; CHAIR,1997,db949f4b0bddea1d41a1e1e7d92e3c5094a2c8ed6017b8e7f72debbb5e4ee8d2
Universities,"$106,979.69 ",$78.00 ,Ottawa,CLINICAL Prof. (M.D.),1997,e1ed014b48b89643911038130fb1be40fc245a09218b9359822e8b623f1cd7f8
Universities,"$165,000.02 ",$78.00 ,Ottawa,CLIN. PROF. (M.D.) ; DEAN,1997,b3469f0b9c4cb00ead9f9fe0aa84db9b222be7ef9c35cd2640ba1ab017b61151
Universities,"$106,264.36 ",$78.00 ,Ottawa,Prof.,1997,a66167a98efcd1dd01acd61815423027eacf5e8653085218535665c6b99c31a0
Universities,"$103,440.96 ",$78.00 ,Ottawa,Prof.,1997,ac8d58fe8ef29e6c5fd083528aae5ba6a82289b12bf9a5125e2f55cfee53ab2f
Universities,"$128,499.96 ",$78.00 ,Ottawa,VICE RECTOR,1997,300799e80f0fad4b4931b6c51fab69b07ff10d000bfacc82a1bcc3026605729d
Universities,"$103,880.80 ",$78.00 ,Ottawa,Prof.,1997,9769247b7382d71c027917c428802e0e2333e59ed672eb2ddc75469dc9f09745
Universities,"$147,028.08 ","$1,563.00 ",Ottawa,CLINICAL Prof. (M.D.),1997,df88eb8e1215d9b0759724417fcb9cbcb7c2d3f9b163d14171bad35e4c721858
Universities,"$100,071.61 ",$232.20 ,Queen's,"Prof., Faculty of Law",1997,baa2bd7e455e9627c9ac1e0247ad881ab9ae31d5e0ed1feff0a13b93024f167e
Universities,"$114,841.40 ",$232.20 ,Queen's,"Prof., Electrical and Computer Engineering",1997,2c34ad570865ce7c1e7685c55a936843f9b37152f40e64c4fd15fc6c05a848f1
Universities,"$102,834.10 ",$232.20 ,Queen's,"Dean; Prof. , Mech. Eng.",1997,b3b68c2a3a56516e9b7edd55e9a6c87caef4bc978c25198e09884550070a5c83
Universities,"$118,410.66 ",$232.20 ,Queen's,"Prof., Chemical Engineering",1997,fa3634c2d31692f564eb580d4e7d1279b632647282356ced212b71aac6362071
Universities,"$100,494.56 ",$232.20 ,Queen's,"Prof., Faculty of Law",1997,b32693b8ebdfb7f3d67cc55bd3a88e3406db25fc31010878aca01a11a5d9d8fb
Universities,"$113,118.76 ",$232.20 ,Queen's,"Prof. and Director, School of Public Policy",1997,979645ac4baba74eb008596d50802ad4419c0f4b8412f7f157e2acd7dfa4e816
Universities,"$106,200.00 ",$154.80 ,Queen's,"Prof., Chemical Engineering",1997,64faac279e2aab8416eccaaa0bec14d3d6713f3d63d6f7a2d82f43bd7249cd2e
Universities,"$112,413.96 ",$232.20 ,Queen's,"Prof., Electrical and Computer Engineering",1997,d333c25b14a667aa0d75e3672556db91892d4c065b66002399db7964b70c9bb7
Universities,"$112,575.41 ",$232.20 ,Queen's,"Prof., Economics",1997,a6de8c5cdca90d7d5f0a208ec2bbe72592f9154f7fa7a9474f4d0d8c1cfecc94
Universities,"$109,996.65 ",$232.20 ,Queen's,"Prof., Chemistry and Department Head",1997,cf5df0d23d74e3991bd9d6c0b6aba8c7b33c215b79983fc727a89bd043310807
Universities,"$169,462.45 ",$0.00 ,Queen's,Vice- Principal (Advancement),1997,07c7b96abe413c0551e10995e7f74adfc8945dd02da3c4bb585f6719529f4b22
Universities,"$119,530.80 ",$232.20 ,Queen's,"Prof. and Dean, Faculty of Law",1997,dc2f2f28e8f9391dba0f45cb0ab8f2e127bbdb9191efc994702083c4774287bf
Universities,"$114,324.14 ",$232.20 ,Queen's,"Prof., Physiology & Exec. Ass't. to the Principal",1997,eb452d7f92228bd1586aff8c60083725ef30152583f63511ce6263c25ae9749c
Universities,"$105,035.51 ",$241.39 ,Queen's,"Dept. Head & Prof., Biochemistry",1997,7df1e97608766cec0e9bd25e91554c9cd7afd78cd1e3b7cbb7d2745f5645cb78
Universities,"$104,605.57 ",$232.20 ,Queen's,"Prof., Pharma./Toxicology, Oncalogy, Pathology",1997,5ca9954a9b467f32fb8a532f0c4cf730bec225725129e0175f0d0bfc92bd05ac
Universities,"$100,178.31 ",$232.20 ,Queen's,"Assoc. Prof., School of Bsn.",1997,27b6b42f22d73d710d886874582b7afcaa819e81455b9e08982c306a51454bce
Universities,"$120,857.50 ",$232.20 ,Queen's,"Prof., Economics",1997,c2aa50e434a42d216b1a5f6162676acf0198238c72c56940f7a96b2e51899641
Universities,"$146,310.37 ",$232.20 ,Queen's,Vice-Principal (Operations and Finance),1997,ee1e7c3ea01049fe48b8b5be52c8befc02256af8cf49460a73f84af916c90915
Universities,"$116,903.75 ",$232.20 ,Queen's,"Prof., Computing & Info. Sci./Dean, Stdn. Affairs",1997,9f9af83eae6712b9aa1b5fb9e12a85f5ce7c1c0af52579f1694c6184fecbc376
Universities,"$103,915.41 ",$232.20 ,Queen's,"Prof., Pathology",1997,b21fd1b9d658055b891b2b0e087d7c767a93a0f1395af68aca377c564c4965b7
Universities,"$100,479.11 ",$232.20 ,Queen's,"Asc.Dean, Fac. of Arts/Sci. & Prof., Geo. Studies",1997,cbd79a4791ac8852a7eb834086b651b35572cb90851d7717f7510e8fa0733485
Universities,"$143,139.98 ",$339.00 ,Queen's,"Prof., Biochem. & Vice-Dean, Fac. of Health Sci.",1997,ee1f614fc2ccb355b637e509a029dc6444cc0060479ba64354280096762261ef
Universities,"$128,752.02 ",$190.44 ,Queen's,"Vice-Principal (Research) & Prof., Chemistry",1997,4f7d1fad1871f76f1e0a08ce14e9d4583ff9faefb889457a7037b6d20eb61849
Universities,"$122,100.00 ",$303.91 ,Queen's,"Director, Development",1997,11da3754cdf4e6125926cdfd221025ca7e4bd7e2e714df72301784e2683be4d9
Universities,"$101,724.11 ",$232.20 ,Queen's,"Prof., School of Bsn.",1997,7254465dcb028e76793130f299421975b3cea5a8fb9f14fb762be9b8565c57e2
Universities,"$110,944.82 ",$232.20 ,Queen's,"Prof., Political Studies",1997,2814072e83c5c7a5bb35aabe11d36ac768d648941f20cb22a75007bbe41e003a
Universities,"$136,194.96 ",$232.20 ,Queen's,"Prof., Electrical and Computer Engineering",1997,87f5271aa3ec9243d1eaf1e27e5bf764bcdbd4ff9fd4e5811ed771a1ca69f3fa
Universities,"$112,512.47 ",$196.82 ,Queen's,"Dean, Fac. of Applied Sci. & Prof., Chem. Eng.",1997,343a9b5972560116405e4638dff64f955c040a90d50df802525b64373499e2e9
Universities,"$103,374.95 ",$232.20 ,Queen's,"Dept. Head & Prof., Geological Sciences",1997,c99cc86a79172983c33aa6658b6972f2da401001845904af7b41bc5e396d3f93
Universities,"$155,450.47 ",$22.25 ,Queen's,"Proj. Dir., Bosnia Proj. and Assc. Prof., Med.",1997,bad26b782de453c72e668d28d33f9366c7e582397e3e31fbf9f61f70e400934a
Universities,"$135,020.04 ",$232.20 ,Queen's,Assoc. Vice-Principal (Research) & Dir. CFI / OCF,1997,72c506fa6a9b0b485faa434ef78a40c74c4f0b8036c9ec18c810309e2022afa6
Universities,"$104,365.14 ",$232.20 ,Queen's,"Director, Physical Plant Services",1997,f8a47f1ff8c0741d270e065bfb73dcf0f99400e42e22f4f98bd109f68b8574b7
Universities,"$129,374.85 ",$302.10 ,Queen's,Assoc. V-Prin. (H. Resources & Organiz. Effect.),1997,a3523d72f3dbfd191109a1281b75a4c7767e79a524b8aa0bbd43a8a2ed83305c
Universities,"$101,950.32 ",$232.20 ,Queen's,"Prof., Anatomy and Cell Biology",1997,61b9a7cb8eba3aafbf7348cf86573722ae9ae567165af41ddf276507832ca495
Universities,"$101,618.77 ",$232.20 ,Queen's,"Ass't. Prof., Psychiatry",1997,574d1bd98058b202ba6bfa8aa1e9b646225129391051ef4c24e9bc56b40d5673
Universities,"$108,384.52 ",$232.20 ,Queen's,"Prof., Psychology and Department Head",1997,9f7e9a673af62b93ad4fa805719797c5ef48fbd59460040ef02b69ffa7e71ded
Universities,"$100,409.48 ",$232.20 ,Queen's,"Prof., Pathology and Oncology",1997,1f73dec9975bb6e6046fcfa0a71e1dc5ee7669034f573ebfb2f0093be7f5ac23
Universities,"$110,807.45 ",$232.20 ,Queen's,"Prof., Psychology and Dir., Instr. Dev. Centre",1997,1b0c007a6b4c0e2cafd8c2a3971f807e4497228e7847dd7d26726fc17bb016a8
Universities,"$201,820.00 ",$232.20 ,Queen's,"Principal and Vice Chancellor, Biology Prof.",1997,a93013f2e4472c0c7bd7ca15d783878272952cd3b0a0cd2e3fd3eb4958bd0c0b
Universities,"$116,724.55 ",$232.20 ,Queen's,"Prof., School of Policy Studies & Dir.",1997,edc15bf2affc9bcca9411ce0864713db5d31fa22e9af6a46bbc3f553a0c7b07f
Universities,"$100,575.35 ",$232.20 ,Queen's,"Prof., Computing & Info. Sci.",1997,ee399210cb70c45ff0f295029e4a3de8fe6b9061e646ad5140d4f57dba686dcf
Universities,"$100,424.97 ",$0.00 ,Queen's,"Dir., Biomedical Eng. Unit and Prof.",1997,914ed7216cf1b8f22997cc26cef87f98980d4b61ab43baa6d826d0415f248367
Universities,"$105,280.85 ",$232.20 ,Queen's,"Prof., Economics",1997,a2c0cda0a63a2acd03a29b923a1d358d3467049950c99c218590eb71f6c28d49
Universities,"$213,547.92 ",$232.20 ,Queen's,"Chief of Staff, Kingston General Hospital",1997,4c73947a043ce544f316a3fb942d5d650df7b8fea5fea3f99c71bc949ed4be46
Universities,"$101,223.57 ",$232.20 ,Queen's,"Assoc. Dean (Acad), Applied Sci. /Prof. Chem.",1997,1a93042790bc06a5e8689b1e8229914c4e4a81d36c937fbb0790faafb47027ec
Universities,"$105,982.71 ",$232.20 ,Queen's,"Prof., History",1997,9c091fd9968889b5b6fd14ba3c14c0b4deae8168b49e22a78db40f7c1514d84b
Universities,"$104,831.17 ",$232.20 ,Queen's,"Prof., Physics",1997,44a26645421022570a7c3768cc32e88003e1b3393ea4fe7d231ed91ca0f14140
Universities,"$100,464.52 ",$0.00 ,Queen's,"Prof., Electrical & Computer Engineering",1997,23c50c735ed4d83168ed2837e9e86f627d9e6c950b5274f49f8f3c8745c47749
Universities,"$113,212.92 ",$232.20 ,Queen's,"Prof., Physics",1997,500d3511e5879edc04c6f0f22ae67250396eca29b66523f9950ed0278ee4c160
Universities,"$100,310.45 ",$232.20 ,Queen's,"Associate Prof.& Assoc. Dean, School of Bsn.",1997,13709556ff320547a1e1c06c7faf7e10f1d406e02741e93aa31dcdc0be435fde
Universities,"$117,814.52 ",$232.20 ,Queen's,"Prof., Eng.& Assoc. Vice-Principal ( Academic)",1997,0c46d2ba8b48ef191a3f7a74571c3df4e0c82f5ef827fed9252d192e31f2fe3c
Universities,"$104,399.99 ",$232.20 ,Queen's,"Prof., Geography",1997,013afb9f3621db29979c4eb79bfaa7d1f2ae1fe6eff02844e835dde4354468b0
Universities,"$101,787.51 ",$156.75 ,Queen's,"Prof., Faculty of Law",1997,097a13cd34002834fdabe7e3c5644a76aed253dc23a46a6d89de6a34fbb0985a
Universities,"$127,047.00 ",$232.20 ,Queen's,"Prof., Medicine and Department Head",1997,dafb11030ff817e41b45e1d5a26b64a57f459fa6c95cd7670dacd41510e7a4cb
Universities,"$109,431.21 ",$232.20 ,Queen's,"Prof., School of Business",1997,b24a79509e96a3688c1abae4037ee678c2b504786683f967f6721ff27ddc0f84
Universities,"$142,183.26 ",$0.00 ,Queen's,"Prof. and Dean, School of Business",1997,6ebfcde02ca807dcdc3ba279e3485e0f755d426a3b7cd4eae5163a821e4b2df5
Universities,"$105,714.92 ",$232.20 ,Queen's,"Prof., German and Associate Dean",1997,4c11f1e151e0b4d9dc9332247b6d5bb9f0a181d68a91d0e83ac7dcd9dc476248
Universities,"$105,131.55 ",$312.17 ,Queen's,"Prof., Geography",1997,b2434f631ee45c5cabb3c95d3c71f5cd41e2ccb4d1921f6d9df39639c0eda53c
Universities,"$121,005.96 ",$232.20 ,Queen's,"Dir., Clinical Trials Grp & Department Head",1997,abcdbba02d023c67b906d93fd3202214bf5813e86b45166a87578c6d0cbad4b1
Universities,"$101,729.15 ",$232.20 ,Queen's,"Prof., Sociology",1997,4707db1836e5dab07108dca04e767a868d8c29872ba51f189e2abbc2e81432a4
Universities,"$105,293.70 ",$232.20 ,Queen's,"Prof., Physics",1997,f19b80084dad78555c11bf4382f31e04e26cf20dc49e9d769b2469d627f28cf7
Universities,"$131,587.45 ",$232.20 ,Queen's,"Prof., Sociology and Dean, Faculty of Arts",1997,2f29de97dedf6225174154b2921e3298404db2adf4f98bb99ac26c6a96411cc3
Universities,"$230,641.46 ",$232.20 ,Queen's,Vice-Principal and Dean ( Health Sciences),1997,18092c97686ef20d2f5a78232a60f5fb309454ae3bffba774291107f85e6370c
Universities,"$115,105.98 ",$274.43 ,Queen's,"Associate Vice-Principal, Planning",1997,cc25c0254c307b2e43be527b24edf66facf0b28ef51f838ddac33fa2d35389d6
Universities,"$114,513.27 ",$232.20 ,Queen's,"Prof., Biochemistry",1997,353ed353f81aabfef8255c6ef02a9ef5a5114995ebba3a9e5fcb90e29c5dd6e8
Universities,"$105,135.00 ",$232.20 ,Queen's,"Prof., Physics",1997,679d84f8512502837bc49c7f3c09c0a063fdc6ccfd8c1b433363c6133a953849
Universities,"$127,143.69 ",$232.20 ,Queen's,"Prof., School of Business",1997,1707708f4c2b151acb6fb5a420342e1924ada61d18a0eccf1b9c2fb940077771
Universities,"$161,827.02 ",$232.20 ,Queen's,"Vice-Principal ( Academic) and Prof., Biology",1997,bb02869f95ee71244eba915ce559d8e27a21ab90625d3caeca21b69b46cd6d6c
Universities,"$104,144.55 ",$232.20 ,Queen's,"Dean and Prof., Faculty of Education",1997,4c8bfe0ee1ef636860d1aa312b86ee018d71ec5d70a76bd14368c4e5254fd842
Universities,"$142,116.80 ",$307.01 ,Queen's,"Prof., Emergency Medicine",1997,627ffa5c1a42d473e84b23db9005a079699a5744609e8e3e42de41916ee87cba
Universities,"$109,477.61 ",$232.20 ,Queen's,Chief Librarian,1997,3959172bd1d4599b5be9c389aac85c8e51d575ed8730b47a8f394b6f89a3db69
Universities,"$148,032.96 ",$232.20 ,Queen's,"Acting Dir. & Prof., School of Policy Studies",1997,e50ab003d9f4b93e8cf5e5fc178cb92207dfbef3d19781136d6d2b736aa7eac7
Universities,"$104,238.00 ",$232.20 ,Queen's,"Prof. and Department Head, Family Medicine",1997,7cf6abc9c46797f5bfe2c9a7ac5a83f0a6adc349399f6f826ee0a4ae26847a4d
Universities,"$103,646.93 ",$261.13 ,Queen's,"Director, Information Technology Services",1997,1a8de532e9bb624060d5ecb0bd02f70d1aad27a41179d44cde754539128489a9
Universities,"$105,625.00 ",$565.00 ,Ryerson Polytechnic,"Exec. Dir., Human Resources",1997,687b0db0f1e5f6a16d623177274d869618e273cce744598e9747d027eca047e9
Universities,"$106,009.00 ",$560.00 ,Ryerson Polytechnic,"Dean, Faculty of Arts",1997,cc4a9af505c632694288457e1ab6be08ea91625fd5f3f18f31d82b9027cfbe73
Universities,"$112,688.00 ",$549.00 ,Ryerson Polytechnic,"Dean, Div. Of Continuing Ed.",1997,3ab484eeb833d89d4ca262a751eaa2fd355f39e78c4ba58ef34ceb7d02bbd7c5
Universities,"$109,795.00 ",$658.00 ,Ryerson Polytechnic,"Exec. Dir., University Advancement",1997,7e127507354f113ef0e17be76eb841b8398185005efffe6b20a40cbb79355f10
Universities,"$110,433.00 ",$474.00 ,Ryerson Polytechnic,Prof.,1997,ecb60a81a3c5362492cfdbd3b5e234cec860a787285f1abc9d19e40b71185a79
Universities,"$115,108.00 ",$722.00 ,Ryerson Polytechnic,"Vice President, Faculty and Staff Affairs",1997,b094536c6344c84f10a913afe36f40c6d7681c02354c70e98d09d7fbbd3c4b2a
Universities,"$100,591.00 ",$492.00 ,Ryerson Polytechnic,Prof.,1997,3e5bacfcfbac43cf506d72b37b9b7e5aaf643af6342d30f5203dd59ca4873a74
Universities,"$115,508.00 ",$722.00 ,Ryerson Polytechnic,"Vice President, Administration & Student Affairs",1997,0146a4a1b1a86053adb7b8bd283267008f0f2d9407ed4e1bc632917bbdbf8e70
Universities,"$101,490.00 ",$498.00 ,Ryerson Polytechnic,Prof.,1997,26dcc366c98c0feb0383d10cbf1fe3f7d27ae232db521cb5c800b3d99ed75114
Universities,"$109,154.00 ",$684.00 ,Ryerson Polytechnic,"Dean, Faculty of Business",1997,d53faca6e63d1a8ffbb23de9a05b37b39d9b52466330c5dfd88268ea99ac7916
Universities,"$101,812.00 ",$624.00 ,Ryerson Polytechnic,"Director, CSCA",1997,b20cb7dc996011ac33346be78b6f138bee0f8cb45f194d646e0a3440d326dd4d
Universities,"$159,042.00 ","$20,252.00 ",Ryerson Polytechnic,President and Vice Chancellor,1997,f4febc6828058b1c6d990fe10540803d281f9e901a9200ebb07dcdddd700a67e
Universities,"$101,580.00 ",$515.00 ,Ryerson Polytechnic,Prof.,1997,96fe9ab5fb1f6da315c09259167114db4eb77b8995bab505e9464fc7c3e5b5d6
Universities,"$101,120.00 ",$554.00 ,Ryerson Polytechnic,Chief Librarian,1997,e929693041096ff713168dc7bb142fec2b86b14b63237af97b93d398a5a98a31
Universities,"$107,778.00 ",$628.00 ,Ryerson Polytechnic,"Assoc. Vice-President, Academic",1997,df465119e6488c77b5c51468102071c8d39ba49111ac17c1d575610556e4f8fa
Universities,"$122,054.00 ",$765.00 ,Ryerson Polytechnic,"Vice President, Academic",1997,ce502d3e367206e9f8dae7359989f6d24779d99df94ac7c6a9e7bad1c366caa0
Universities,"$103,899.00 ",$519.00 ,Ryerson Polytechnic,Prof.,1997,e87908249ed83540f58803cfb2bef52d97c22f2b9e05fbffbf712592f2583250
Universities,"$102,835.00 ",$540.00 ,Ryerson Polytechnic,"Director, CATE",1997,4b0b7505425bd78aea6a5b37fc1d8a23bacd30d49ff6bf3998ea75e44ec3ae54
Universities,"$153,000.00 ",$941.00 ,Ryerson Polytechnic,"President, Council of Ontario Universities",1997,9db0b53c782663bbc7f09e248b846bc3b1f57d52027632395e8b073c005cecfa
Universities,"$101,686.00 ",$542.00 ,Ryerson Polytechnic,"Dean, Faculty of Community Services",1997,9da31f3fb381e6eb4b39ced880269796764c2031387663a4fba34695ddef6a19
Universities,"$115,372.00 ",$543.00 ,Ryerson Polytechnic,Program Director/Prof.,1997,2d08e3a20cb610b875e50e7202a89c85506837067de168a406d3c9ef94683fc6
Universities,"$102,399.00 ",$466.00 ,Ryerson Polytechnic,Prof.,1997,c6360474c24484a628047f830749024b2d42d2ecb4c8ea26e524e15f5acfc8a3
Universities,"$117,351.00 ",$705.00 ,Ryerson Polytechnic,Director/Prof.,1997,79f2c4418b98e9ca12f6ba52f4854b932273b1364a6900ac4f3867423c1b5313
Universities,"$101,408.00 ",$489.00 ,Ryerson Polytechnic,Prof.,1997,ebb964789053436d1c1237aaeee10abb36bdb4cc7cd2f1cb3600a656a83a57b7
Universities,"$101,675.00 ",$474.00 ,Ryerson Polytechnic,Prof.,1997,cd82a594d03377916269b3b96452d5f035078f1979cbb680463d43077b7d8f5c
Universities,"$107,167.00 ",$554.00 ,Ryerson Polytechnic,"Dean, Faculty of Engineering & Applied Sci.",1997,c35962214b8a8682489c4f64173a224ca3861c6ae148af4dffdf703e2359fd22
Universities,"$105,637.00 ",$565.00 ,Ryerson Polytechnic,"Exec. Director, Financial Services",1997,23630bd07099f064173d7c6ef6109fe2ad7a9fae78cfb46ae86888d0ecc275c0
Universities,"$101,397.00 ",$511.00 ,Ryerson Polytechnic,Prof.,1997,b489b16b0e9384a95b63af4c7555a92eb7ac86482943a832b869ec7e4b396d88
Universities,"$103,887.00 ",$474.00 ,Ryerson Polytechnic,Prof.,1997,f97676a8d81a87db8cf85cbe80738d5d746fe7a47b51767e08b98fdbe0140ef3
Universities,"$285,122.46 ",$609.96 ,Toronto,"Prof. of Medicine, Dean- Faculty of Medicine",1997,4e99c4f9731a08cd1ad2d31d2625cf0eb5ba31d819e9b146d155e87dce18578b
Universities,"$103,948.50 ",$349.88 ,Toronto,Prof. of Physiology,1997,b0a6a393a593ed6b4bbd87297d2dffb7aa7c27f0af1553c524ebfba8facecffd
Universities,"$110,457.00 ",$535.14 ,Toronto,Prof. and Chair of English,1997,b7990dc2074efd581b9e518e0efa6c8cfd09cfdab9165ed18e7e63cc156a9430
Universities,"$114,191.46 ",$581.40 ,Toronto,Prof. and Chair of Civil Engineering,1997,ef8b4885fa20b66815e0fb27b8344f0db6965aa33df17c702f820a75cf5a3609
Universities,"$132,481.80 ",$607.36 ,Toronto,Prof. of Economics,1997,78cd8c1e74350eb0ab016a35be937ee5a770f67d5f50daeece1ab7774308f3e0
Universities,"$111,844.46 ",$540.36 ,Toronto,Prof. of Mathematics,1997,11974485b4f1fdc5f8ff9a057d5138ed38804dfdd666a91e5c47d514d463c132
Universities,"$147,786.50 ",$660.79 ,Toronto,Prof. of Otolaryngology,1997,d1edee4f38e9440c225eedc8b0b36cb1345a87c01af49c757a3fb545fb3d8175
Universities,"$103,738.52 ",$537.57 ,Toronto,Prof. of Education,1997,db3e67a9a5d5c9d32e8896b9df69fa68144f01a36b5fcc739c7761b89c97d17e
Universities,"$104,083.02 ",$497.70 ,Toronto,Prof. of Management,1997,bef2cc2e0299e745338034455dce20bba2b1984b6ae0796948f002cb371cd306
Universities,"$117,881.64 ",$659.94 ,Toronto,"Prof. of Geog. and Dean, Faculty of Arts",1997,e6ed07130ed2355e2dcac2ef62a10f96eee8a5eaa23020714aec014e41ba3872
Universities,"$154,164.48 ",$522.48 ,Toronto,Prof. of Nutritional Sci. & Assoc. Dean,1997,12d33c96d376ba50d38caaf3fb7bd89b8d89acf29f1d31e9cf54583d45d946cc
Universities,"$124,321.22 ",$298.08 ,Toronto,Prof. of Economics and Assistant Chair,1997,50c5bf12564ce9a1fa260156234a73346b02b90bd7cbadb77b64306cc9bb309b
Universities,"$106,273.00 ","$1,115.38 ",Toronto,Prof. of Geology,1997,80cd55a7795461ff2126e6e2224d423dd5f3b60a5b660aa57f6f6d0dad0c468a
Universities,"$104,925.50 ",$630.88 ,Toronto,Prof. of Dentistry,1997,df244496e5a7130f0f84bc01e1dbfde35cf56b610258dd0285b7f5fed0189e36
Universities,"$114,057.18 ",$688.88 ,Toronto,Prof. of Statistics and Public Health Sciences,1997,615ddbee0a8de5133037f1129e547d6c5d1c0f98f8aad5ae5e9c5de6a611a044
Universities,"$109,323.94 ",$449.18 ,Toronto,Prof. and Chair of Nutritional Sciences,1997,1f608f32267bb24e7ddeaa3ab5182bd384acb079355ca60f40772f26858bcc76
Universities,"$102,621.32 ",$201.27 ,Toronto,Prof. and Dean of the Faculty of Management,1997,43a0e470a18d5e5f1e95b232771a0b593ea490b8b62ec92355ff435d2de39606
Universities,"$157,181.46 ","$1,800.88 ",Toronto,University Prof. of Mathematics,1997,cf375e9b53421d63b3dd6336e3fa6a042b22c62537c1bd4412748f4e72ca151f
Universities,"$157,837.02 ",$522.48 ,Toronto,Prof. of Public Health Sciences,1997,6f56e41e6f1cb9f34f23a8542937a82e1d86c8f7b0fbd10d1f1677080cab843e
Universities,"$139,082.01 ",$620.52 ,Toronto,Prof. of Physiology,1997,48b35bfab4218b249998786222c311df4bebfb9f3631b2aba60568c6514d2085
Universities,"$113,047.02 ",$308.62 ,Toronto,Prof. and Chair of Anatomy,1997,fe4fd1be9bb261881fac89562c0a02d1d264428102460ba204d8cf0e4c0689f8
Universities,"$101,640.98 ",$382.10 ,Toronto,Prof. of English,1997,f184a7f8ff91e1b634d7d478f58fb91559dc112bf2e07fa06a39820a17ebf2f8
Universities,"$104,032.02 ",$284.38 ,Toronto,Prof. of Computer Science,1997,ef0819e457f7fb31db30c43a402fd57f772590e4435c07d71f38c36957b108f0
Universities,"$147,880.48 ",$609.96 ,Toronto,Prof. of Laboratory Medicine and Pathobiology,1997,d121f3304f01934057ccd044d79db7a9b32976d2f6f0f609f8eaea2cb5ecf4d2
Universities,"$185,829.96 ",$522.48 ,Toronto,Prof. of Laboratory Medicine and Pathobiology,1997,0913141895c44aaf6a97dc50ba0abeee3526640034274954bab626b7552e1b44
Universities,"$112,021.46 ",$623.24 ,Toronto,Prof. of English,1997,8d18c7c36caf53a17077cc51d42e19e7da4509c888ee56c8a2cb1eea37f0b8e5
Universities,"$104,453.02 ",$430.00 ,Toronto,Prof. of Forestry,1997,73342ba7a69daa33685b3d9b6f0bf786f5c9a4ee8227f1ec5c9ceaf1add24405
Universities,"$100,979.52 ",$483.46 ,Toronto,Prof. of Chemical Engineering,1997,34065381930676d1edd08b68d0e7d03745e71a7d7bda314e2899e79b704b3e11
Universities,"$119,197.98 ",$488.76 ,Toronto,Prof. of Electrical & Computer Engineering,1997,3144ae85904bf5e469b778f76b0e3801207a766cee5bf0649d8c3678371ce709
Universities,"$121,534.48 ",$436.46 ,Toronto,Prof. of Geography,1997,9506992603aa52c5f8b8c3327767a6c432f82058abfc6c4c53a8529d56ca228f
Universities,"$101,938.54 ",$620.92 ,Toronto,Prof. of Mathematics,1997,d4714e6af2e17480fc4ac28cb629ff29e5c16c92b88aaa26292334bf341d4fe8
Universities,"$107,432.00 ",$639.03 ,Toronto,Prof. of Immunology,1997,a21f91b8c3d22e8cd5fe087fe92b6578c0572d9c0335f1293c04c5ac3d29b7ee
Universities,"$105,817.02 ",$292.08 ,Toronto,Director of the School of Continuing Studies,1997,91eced7216c3060348ef3bf72dd82949d3ac43fb9a199345cb68b102cd4c8521
Universities,"$123,235.48 ",$338.94 ,Toronto,Prof. of Surgery & Physiology,1997,295a86bbfc6e4dd9054df50707091afd65274f86a562f745ab31e1728d021f55
Universities,"$127,381.92 ",$609.96 ,Toronto,"Prof. and Dean, Faculty of Music",1997,43bdd0a4e4382da2436b28ca28134310c167fa53acb2d352418670d2d592f34e
Universities,"$132,187.02 ",$620.52 ,Toronto,Prof. of Law,1997,714a48eca6c64febe0e21cf470cf9730029de22412e27041b72f6d30c9fec05e
Universities,"$113,695.04 ",$668.42 ,Toronto,Prof. of Education,1997,50f0896fbb96e7b81cec2810e4b02d5ad44aececb8672488c4da377bd05a0c54
Universities,"$105,833.52 ",$423.81 ,Toronto,Prof. of Classics,1997,a96d429ac95073162f7d379f2ae18bdc9b5a0c677dae75c7cf079ddf91c6d0d0
Universities,"$106,693.94 ",$441.48 ,Toronto,Prof. & Undergraduate Coordinator of Med. Genetics,1997,d9224bce88c7981fef83d2250a3e01cff65029b5c09ad357728883e378c5c448
Universities,"$123,391.34 ","$2,480.78 ",Toronto,Lecturer of Family & Community Medicine,1997,67b25684222cb0bb023029bedab7c6d3435f8b5360b0fc0b71b492f979924ef8
Universities,"$112,034.68 ",$580.66 ,Toronto,Prof. of Dentistry,1997,5b34145f42eac0a0a50b51901a51a07de0ea17a82e513116531c580bba2f514f
Universities,"$100,850.00 ",$480.58 ,Toronto,Prof. of Economics,1997,c5b93680632f523caac32cd5155a8c0b6acda487c7dce69f5fa91c9653402b11
Universities,"$120,598.54 ",$367.70 ,Toronto,Prof. of Management,1997,f95e6afa98fc188085194335ba458013754e6d43f02ab68ef184dd48c544a471
Universities,"$129,102.30 ",$495.24 ,Toronto,Prof. of Economics,1997,48ac0769f53527e07faa88bfebb318c0fbba0e44e47e2f91b2e1d3b294ee5c0a
Universities,"$109,235.52 ",$296.55 ,Toronto,Prof. of Mathematics,1997,7a37f5b955f02fd54b7e5f8a8049e2f69c7dc244c4f694876824865480eef999
Universities,"$124,350.52 ",$700.70 ,Toronto,Prof. of Paediatrics,1997,f80c8287c03e39f45322c99bbdc3a53b75f5ebff83aec4df5f027d15bab7ded5
Universities,"$132,569.04 ",$609.96 ,Toronto,Prof. of Economics,1997,1b71b3e09b2be974cf061ca76082424c4e2cebd85b12179cae1517b4139957d0
Universities,"$109,721.98 ",$514.66 ,Toronto,Prof. of Civil Engineering,1997,8f3efd2a9deaeb7bc44e8e8922083ef213328a43757d55714c1b186f553fbe97
Universities,"$107,408.36 ",$586.52 ,Toronto,Prof. of Psychology,1997,f4b9c747d105ccf3425b806316e86b71c74449139e7f908b027d64a6b7605418
Universities,"$121,550.83 ","$1,275.64 ",Toronto,Prof. of History,1997,98914c26533ecca49d31fb5c1c11521208b2f3f2cfce1195e1d1548208c4eb0d
Universities,"$105,351.96 ",$509.72 ,Toronto,Prof. of Mathematics,1997,145f78c9255ea4593290cba157ab4ab37b3648408622aa733b25e901820cd207
Universities,"$139,612.18 ",$347.52 ,Toronto,Prof. and Director of Theoretical Astrophysics,1997,fb56436b8203ba42748e626a93e82897940a493a86d03aa899e316077aa7a306
Universities,"$117,741.96 ",$484.72 ,Toronto,Prof. and Chair of Chemical Engineering,1997,8fdefa4c55a8333501fdcd77e74af4660ea9c13681a474f5ed52659664a0b08e
Universities,"$124,957.16 ",$442.36 ,Toronto,Prof. of Education and Program Co-ordinator,1997,d86c99c5cf652c660cfb24c53a720f609fa7a31c9140ae6e7dbaa8f522733f56
Universities,"$110,139.02 ",$650.10 ,Toronto,Prof. of Management,1997,97629f6389ed9ad7e89522162edb33b3ef466ce3fbd3e2ab415b45c93a45620f
Universities,"$113,770.46 ",$386.90 ,Toronto,Prof. of Mgm't.& Chair of the Div. of Mgm't. & Econ.,1997,9c8720d395f5d2faa4facf520cc1e9ae78e69cb7c994bbacff3a52c33f68c20e
Universities,"$136,125.52 ",$620.52 ,Toronto,Prof. of Computer Science,1997,7b0d2379ca9996dc3fe2497fc4df3995dd47fe8ceb3bfe2862dd395456dc9c56
Universities,"$108,631.00 ",$486.84 ,Toronto,Prof. of Economics,1997,29029d5724ff3861cde9dd35d1962546ec246dc6814262b2ba2cefdcdb3eb0bf
Universities,"$111,167.46 ",$361.26 ,Toronto,Prof. of History,1997,6a05a4e818e5cc9a2d65f53af20328cc8be71e20f6f5fb705c6e02b5195a6e35
Universities,"$100,317.00 ",$413.42 ,Toronto,Prof. of Mathematics,1997,fdc78407253c5e1080f684b4261abd2613cfd6fc790996e45bebbcde969989a6
Universities,"$103,215.42 ",$558.74 ,Toronto,Prof. of French,1997,8bbf0c9412b0d96da209eca78a3f3cee79845ba5fa689c873c7951ee46debafc
Universities,"$111,301.98 ",$676.96 ,Toronto,Prof. of Geography,1997,136c81e716782ef766dce695183f56ead8198df0d4002a5336a4d9f9a7f8dcec
Universities,"$108,050.00 ",$634.88 ,Toronto,Prof. of Philosophy,1997,ee91ec419c3b407fdf68f995ae1eebdbb1ed7c81be6376f884fcb1e39a53ce0b
Universities,"$107,160.05 ",$393.34 ,Toronto,Prof. of Management,1997,43a4dbd665e79b55581d9114e4c5ad2e812e424bdb759fe5904a25f576c9c48c
Universities,"$126,410.52 ",$702.32 ,Toronto,Prof. of Geography,1997,c790f13c48dc368b133680dd80a9721a63458aab60e4dce75722d11da9e0eb86
Universities,"$134,502.00 ",$513.04 ,Toronto,"Prof. of Mgm't. & Dir., Master of Mgm't.",1997,b1b4bc83bbddc2ce8fecce09de9f5205dcc3eb4febbb068a42405849693e71bc
Universities,"$102,610.00 ",$600.76 ,Toronto,Prof. of Philosophy,1997,eec3c30785a919d14c4fd0a5ba342f781a108af2751206a86396ac584cd74322
Universities,"$106,905.00 ",$637.08 ,Toronto,Prof. of Zoology,1997,f9eccd2030e8c1b6004351716c770c0a751e89ed5482fa62ebe339eaa6e1f37c
Universities,"$100,468.98 ",$262.72 ,Toronto,Prof. of Dentistry,1997,83b738ef267a44e270c1031e7af16539e341f7a500c378c3cf1fecfb787820a7
Universities,"$124,421.46 ",$699.90 ,Toronto,Prof. and Chair of History,1997,6bec1fbe4c4ad97bf2384b59472f116ea8d0ca17a15a8a06e22c63cfd96bccff
Universities,"$106,267.00 ","$1,784.60 ",Toronto,"Comptroller, Faculty of Medicine",1997,c6d6b174f6adea2541068d37ac79f222e51755f888936d7d95705c16ab382d89
Universities,"$111,133.56 ","$1,456.30 ",Toronto,Prof. of Health Admin. & Principal of Innis College,1997,a39afeff0609dc74977b3cc7e9545742c37ab3bc0464dfcbba01705560db50e7
Universities,"$151,386.12 ",$525.84 ,Toronto,University Prof. of Chemistry,1997,1d00f8b065299b699219d57c69a98a8e05d7551763aeced44e86d08d8c480423
Universities,"$121,891.50 ",$579.96 ,Toronto,Prof. and Dean of the Faculty of Forestry,1997,f196209ba32c3f9e4092493d39e68aa38ac81ff23985340fdd14ddc643e4ed46
Universities,"$112,104.71 ",$262.36 ,Toronto,Prof. of Management,1997,4bdbf586e1b7bfc386cb155986b534d6b284bd162103e470205dca6c7bd306e1
Universities,"$101,919.52 ",$414.70 ,Toronto,Prof. of Sociology,1997,d91690c349ea1ea7efd329886891b516f19af834d3b2cb68e541c4a25c732ced
Universities,"$118,749.52 ",$300.44 ,Toronto,Treasurer,1997,35edf8e627f5b815b254d8e0ec8411b940fcf8c1542e7be8af2f4ed7d6b7c884
Universities,"$112,319.50 ",$581.62 ,Toronto,Prof. of Spanish and Portuguese,1997,b286e077c853cc9f1fcaee7791adfc2558ff75de28f863e4c07c3c9e1e723940
Universities,"$125,374.00 ",$378.28 ,Toronto,"Assoc. Dir., Administrative Mgm't. Systems",1997,cd32f841a29cf270c59528141664d274af24b90fcd10167949357c055da672da
Universities,"$103,759.50 ",$427.92 ,Toronto,Prof. of Zoology,1997,da50a136b7bb96f40e9e5464b12bdfdba22f5a5e76b85d3545e56ef4b99054c5
Universities,"$104,827.00 ",$285.96 ,Toronto,Prof. and Chair of Anaesthesia,1997,0f77b6e598b438e0dc3ab725817cf128e7771bcce841ec6b80f39cf151ae7464
Universities,"$109,561.08 ",$471.20 ,Toronto,Prof. of History and Principal of Victoria College,1997,5d9c0f644544e8838da0e1c20e306fc46f6a3016b42c08afaff7208ce92a5bd9
Universities,"$110,462.48 ",$302.54 ,Toronto,Prof. of Biochemistry,1997,92ae5fc2fb9049c128b3ea8c1a052b1799460fcb11323091c07c7774dc9ad088
Universities,"$104,582.48 ",$501.36 ,Toronto,Prof. of Political Science,1997,0159f7dcddbf82ebab4daf196a0a3dda3f9c9f317473dbb744345467961e9ff1
Universities,"$147,566.48 ",$347.52 ,Toronto,Prof. of Laboratory Medicine and Pathobiology,1997,d3f1e3c6248dd8a58e97e0015ebbf294f1ddecc2c145bbab81326ddb00618874
Universities,"$100,537.54 ",$546.44 ,Toronto,Prof. of Sociology and Associate Chair,1997,336fff817ccf5b0c06fe9c7e96be2c5058879ac23d4961c3abf032a2098fa792
Universities,"$102,741.52 ",$552.62 ,Toronto,Prof. of Medical Genetics & Microbiology,1997,caec7902f5b2a739c5bbb8b07b450f134ce84eb174dc4a73a54a1faf5cc5434a
Universities,"$100,549.14 ",$531.86 ,Toronto,"Prof. of Italian Studies, Assoc.Chair",1997,7d7c6ffb55e6f0cea7fbcb9c772853e600e6b46c209e291d180cb68ab82c1434
Universities,"$122,049.56 ",$588.12 ,Toronto,"Prof. of Physiology and Director, Playfair Neurosci.",1997,ef71510d15d5d76b3a62f9cb77efe7e4de5027b1f5057fe5f549c09d5bf21e91
Universities,"$107,886.22 ",$543.22 ,Toronto,Prof. of Economics,1997,bb10c1dedbb3bc99ea7da85804d012363b916bcf35b7d7ecbf5c9162001cabb0
Universities,"$120,077.46 ",$470.22 ,Toronto,Prof. of Economics,1997,369d27e3c59006e3ae5f8fb679775571cbd44e2765c11077c200e81f3e91e9be
Universities,"$137,596.98 ",$708.00 ,Toronto,Prof. of Education,1997,ff00ed3216e19d66766f3ba77faf11efa554f442b4cf324588495e0e8acfa9c3
Universities,"$209,347.44 ",$609.96 ,Toronto,Prof. and Chair of Physiology,1997,64d22fe3a90d7baff9839824b531fad9a509e70d325ab786dc39941fc48c3c7e
Universities,"$116,918.54 ",$650.00 ,Toronto,"Prof. of English, Centre for Comparative Literature",1997,e6837ceea2e0d9f853db6b2235e17b2a32336612d30120b12eb3c4aca33a11c3
Universities,"$101,336.98 ",$414.58 ,Toronto,Prof. of Medical Genetics & Microbiology,1997,a9e0b177e9aaf7ddfdfd7bd83bd538f6d824416713e52af58cf01619136fd605
Universities,"$105,520.50 ",$231.68 ,Toronto,Prof. of Political Science and Law,1997,0f22ab7142454140de10863702b36ed5e2f9d4081f006f17bca19b1ff387493a
Universities,"$104,235.00 ",$355.66 ,Toronto,Prof. of Law,1997,20d30385882c4d3785277b31ef4e5351ad0c5ba3b4fdb03c0a2966257eff9bfd
Universities,"$158,092.50 ",$609.96 ,Toronto,Prof. of Chem.Engineering & Dean of Applied Sci.,1997,6bfc4e9e7456b9677d7bd946960d8c4ff230fdbb53aacb96c23cd32a41ecebf6
Universities,"$104,325.82 ","$4,263.23 ",Toronto,Lecturer of Family & Community Med.,1997,b44bfa415f32767326cd5dba51883e2b5efc322cbbb8a21e27ac9932436f66b1
Universities,"$106,240.04 ",$509.74 ,Toronto,"Univ. Prof. of Philosophy, Rel. & E. Asian Studies",1997,ff2f9d59347a44a0d4f5d8ac0db451ff02767f73e1aa553b8b5534b5577920ee
Universities,"$101,601.50 ",$550.08 ,Toronto,Prof. of Physics,1997,4e55093b218056e142f83dacaca4468119ddc40f4d7cdf7b2471ddb21c0993cb
Universities,"$105,959.58 ",$633.98 ,Toronto,Prof. of Mathematics,1997,e7be5a7bc68d47a2ac9286237fecb8bfb6825d53cd16a632eddadc411b95743c
Universities,"$101,016.48 ",$413.98 ,Toronto,Prof. of East Asian Studies,1997,f607d5c3f710b81aa06436bb4e704a2cde4bae58c5a990553c0962d23ae12324
Universities,"$112,000.06 ","$4,734.18 ",Toronto,Lecturer of Family and Community Medicine,1997,53f37ec3d91d1396816dff14f5f70d65f289f7d3f56941e8497140bd06e46138
Universities,"$104,839.03 ",$449.23 ,Toronto,Prof. of Education,1997,266869fda92d6dd43af46a166430f1d4c065eacb63382c70b9e39f004fe37bb4
Universities,"$104,490.02 ",$629.19 ,Toronto,Prof. of French and Principal of New College,1997,62f3f10ef35c54ac222dad6784486358d90b16f4a4c6bca43c9284f8a5229098
Universities,"$100,502.48 ",$413.66 ,Toronto,Prof. of Political Science,1997,b93b4a5ed685d6208449e1c696d7cf0793076371ff63136247ce19414a91d992
Universities,"$102,187.42 ",$420.04 ,Toronto,Prof. of Astronomy,1997,b9c68fefa25aabfe0af1158304af0f228d9014647ff33b8fd1ecfbedb7390afe
Universities,"$107,296.02 ",$337.64 ,Toronto,Prof. of Italian Studies,1997,fe945463222a4c05fa8ecb21ea894ce4116a38383f862b90b2c48ff317f6f0ff
Universities,"$125,000.04 ",$347.52 ,Toronto,Prof. of Paediatrics,1997,35272277ac1f951ade4182e2657d970f18fc86e6b5840190613378b9983336cd
Universities,"$110,761.02 ",$474.66 ,Toronto,Prof. of Economics & Dean of School of Graduates,1997,8218ed7a7844268660f3a450d55abded7d578d2851343e4ac43e7dfb181eac10
Universities,"$120,766.55 ",$664.67 ,Toronto,Prof. of Health Administration,1997,11aa483112b7a83ce6ce56f1377531182278b2d7ea205a65a8fadde45c57ba4b
Universities,"$100,887.22 ",$460.95 ,Toronto,Prof. of French,1997,e70cca4c62f49a6a43dbda97c7ee01774d83c7a6b6ea65226441361c0bd2e3da
Universities,"$126,607.54 ",$693.76 ,Toronto,Prof. of Civil Engineering,1997,3cfadd13f6cc82a2f7d272cdf203d36bc7f2456660cfc1ce1289f580eb3fb5b5
Universities,"$128,601.03 ",$561.97 ,Toronto,"Prof. of Edu. & Head, Centre for Teacher Develop.",1997,1bacf65e4166eeeb66473da05a0cdfe7601d9abf5626e8d4df08ccf4e435aca5
Universities,"$115,068.50 ",$474.20 ,Toronto,Prof. of Political Science,1997,1788dea601903cf959503cc3fca63d3d5ea1c3cbd3db0bb1f6ad23ae2b138b64
Universities,"$155,711.46 ",$609.96 ,Toronto,University Prof. of Computer Science,1997,6baf581099e6228e66be6d9d7aec696fd4b33b69279f9bfeb2f664bfb8d1f512
Universities,"$108,587.54 ",$516.90 ,Toronto,Prof. and Assoc. Chair of Chemical Engineering,1997,02731ef84af9a5c7f881edc937e034b74085a82bb08f17682f3b576074d5c7a8
Universities,"$118,690.47 ",$699.82 ,Toronto,Prof. of Computer Sci.& Dir. of Research Initiatives,1997,d3f1414e11a4146c7974d0c9ca4b0e4bd6100c1ae61c88c522f5c49eeab49c05
Universities,"$112,966.96 ",$385.69 ,Toronto,Prof. of Education,1997,a43e41b3a838f32cf1fda4ef4dac86cd78cf5f5c38587d101ceeda530437c74f
Universities,"$101,221.98 ",$484.66 ,Toronto,Prof. of Educ. & Chair of Institute of Child Studies,1997,a70e82452eefe94e632f4926bf01fe5dcfa4f136d3d2e90f53dc5d869287e95b
Universities,"$137,317.50 ",$708.00 ,Toronto,University Prof. of Psychology,1997,1c594e60818ffbcd97f25715b6e7c582722f1e962f08ba2c44d665733c30c635
Universities,"$103,870.28 ",$278.76 ,Toronto,Prof. of Civil Engineering,1997,20de2a13eff67269e6d076235128ecb710123d3f91ae52706f4d95f6165b6061
Universities,"$120,226.58 ",$491.14 ,Toronto,Prof. and Chair of Mech. & Industrial Engineering,1997,6838e91da287f2d3be4c550fc8a98d51269f10b66ed748c405bcc6090d6ae90c
Universities,"$110,872.02 ",$531.16 ,Toronto,Prof. of Paediatrics,1997,a896f4bf5683bdc3775c291e718edbcb0eadb0b86c7ee26ec121433fe92c108d
Universities,"$105,041.78 ",$602.26 ,Toronto,Prof. of Italian Studies,1997,fe34b44ca1ed9384a70a6dc717f80d7c9d2ebf1ef3083b41fba1f1c3b568cf91
Universities,"$170,851.50 ","$3,381.45 ",Toronto,"Prof. and Dean, Faculty of Law",1997,7c815b93fbd0a27d0b2b2cab24f87c10c0d810b63bf21bdee77b555f98ec6377
Universities,"$106,285.02 ",$466.96 ,Toronto,Prof. of Religion,1997,661ac8b326104576e293c147a33df48a09978a26b24180e8780c855eb77e1347
Universities,"$107,687.02 ",$290.16 ,Toronto,Prof. of Family & Community Medicine,1997,51916aa53fabbcf1fea8b2e0a06e5199e1cc1587c960aa286dc0b619187eb8f1
Universities,"$114,215.23 ",$0.00 ,Toronto,Prof. of Education,1997,d187e8b94e3f50688fff29578eb231f912f1bad03e7d98c099675b1c08972325
Universities,"$117,299.46 ",$477.58 ,Toronto,Prof. of Electrical & Computer Engineering,1997,f0917c408a108015bff8e2a0e7d5d0bd02709b3132b712d7ce4d438219238329
Universities,"$106,914.98 ","$3,904.55 ",Toronto,Prof. of Political Science,1997,169b46d066f79f7c6a5907748bc6d18151fd46ef6d0cbbdffc837541bd069def
Universities,"$122,527.02 ",$617.82 ,Toronto,Prof. of Mgm't. and Program Director,1997,50e17394709a8b103f7d3aefdeaaaf74540ec22af92cf77c838865713da1d8f5
Universities,"$102,650.48 ",$529.86 ,Toronto,Prof. of English,1997,4aa01e53dc79767c6568da99caa1fda7df1348f17780371e537b90a153274014
Universities,"$117,484.48 ",$566.64 ,Toronto,Prof. of Obstetrics and Gynaecology,1997,4dfb175673780f23195a7ee8f8d85efacad68402a01be23fb9fc4a5377aa1681
Universities,"$102,330.02 ",$473.88 ,Toronto,Prof. of English,1997,afb0ea20435b8872ab56a87b19e61589eae3b0960e43bf9372d836b7b9669940
Universities,"$114,737.30 ",$446.52 ,Toronto,Prof. and Assoc.Chair of Physiology,1997,c03b30397b7792772b6263fd1b188e0e3c8fcdcb5b9cc747df140fac8ce06b0b
Universities,"$100,013.00 ",$615.14 ,Toronto,Prof. of Mathematics,1997,0dc463562fc66561876970b14da6a39d86e5d77368f91a6078e7edb89ef0d7ed
Universities,"$258,000.08 ","$10,048.37 ",Toronto,Vice-President & Chief Development Officer,1997,eaa6d4a31aa9d4de31fdacc8960fe9cbde263bc77f5c8b0914554f3fd123c2d5
Universities,"$102,333.00 ",$488.06 ,Toronto,Prof. of Economics,1997,10d0e276b3f14d33f104feea324ee51f3fda173873c71106ca9fe7f7821af39a
Universities,"$101,255.02 ",$276.74 ,Toronto,Prof. of Dentistry,1997,2859d3224d49560aec039b692fecf9c7cce02601608ec69c01ce4ac0b743737e
Universities,"$107,172.48 ",$639.38 ,Toronto,Prof. and Associate Chair of Physics,1997,3d71150deba45994d949b57e78a0dc2eba229b53d73c516887c17e9798d894a3
Universities,"$128,374.02 ",$520.44 ,Toronto,Prof. and Chair of Zoology,1997,6562979f6feb3fe132fe0d520fa4b5429dc1480f98b248ee960b5f72db88b1fc
Universities,"$113,019.06 ",$472.18 ,Toronto,Prof. of Family & Community Medicine,1997,b6e1a0c34f3ab6ae4f7a6e5bbbd2dfe834032e2da1a17117b9b82993ac3d61c3
Universities,"$147,031.48 ",$341.64 ,Toronto,Prof. of Economics and Law and Vice-Dean,1997,b37e5d69b91aba2f1e70a05f3cdcdd8ae925c0fed24ac32c45b42e8f8093ca75
Universities,"$127,932.48 ",$520.38 ,Toronto,"Prof. of Law, Criminology and Health Admin.",1997,1b11dfc57e21c19566765266f93e02777790277621c0fac31f9b0df398173259
Universities,"$115,498.50 ",$523.20 ,Toronto,Secretary of the Governing Council,1997,beafbf26f89ac80a82bf02ed6a5c4f2ee6789b7ffb5b30325e60a780a3adc03c
Universities,"$102,920.52 ",$491.98 ,Toronto,Prof. of Psychology,1997,c6fbb60133040a2b007e3e6c630f7731acf7bb606d47062363efcac9b3c06ad5
Universities,"$188,999.94 ",$609.94 ,Toronto,Prof. of Medicine,1997,c944eac4d41efc5d34a4e9be926eaae8e95d5df454b26c4e54637fc1329edcb5
Universities,"$106,020.94 ",$291.22 ,Toronto,Prof. of Laboratory Medicine and Pathobiology,1997,7fe833e0831c1137d8d430509fc0ab4d6455a3fd11d48697c58db2083d280bf8
Universities,"$100,222.46 ",$537.68 ,Toronto,Prof. of English,1997,7a4166877273c13051d6bc439bbb09730484159b1b72cbc485bd6fdccead3c29
Universities,"$104,286.88 ",$421.06 ,Toronto,Prof. of Political Science and Associate Dean,1997,e8ca2fc5de70b3725b4f40fed8ea375886f5144d89e9cbde69919e0f98d4b22f
Universities,"$117,710.98 ",$548.94 ,Toronto,Prof. of Criminology,1997,d6f4a4638204a6057cc1146a59d5ceabb95b90a593c61914c7de2b470cd58fe4
Universities,"$169,333.40 ","$3,666.60 ",Toronto,Prof. of Family & Community Medicine,1997,d28836e45461633b08395d668524e37373a30e42ce55383e591e2c23688b6179
Universities,"$102,063.00 ",$416.88 ,Toronto,Prof. of French,1997,bb2960be71c618b497b39b9708d91af12271630a3cc4bb72a883b31274a5da92
Universities,"$100,530.98 ",$409.24 ,Toronto,Prof. of History and Graduate Coordinator -Russian,1997,aeb12220ce7eef4fddfd6b0c3856be0971d3cf1221d07b4eba0ed7a13e731d59
Universities,"$102,761.50 ",$494.06 ,Toronto,Prof. of Physics,1997,c024c2bf27ee4a17bb2fef3a77783d78a2c190d20a0b9e4ac434bdcb8c8c0193
Universities,"$101,034.00 ",$618.32 ,Toronto,Prof. of Anaesthesia,1997,526e744fbe15cffcf86911816dfa12a5934ec78b6a7d2105c8aaacb3d9f977a0
Universities,"$109,224.00 ",$448.54 ,Toronto,Prof. of Zoology,1997,14d05233789730f3f446738ac1f77a7801e893af732274daad981a6aa08964d0
Universities,"$102,933.78 ",$439.96 ,Toronto,Prof. of Physics,1997,dcba7fe6015e81fb4e6d37fffa8570e45b0013238ec2c341c8a8387647c3b908
Universities,"$102,155.98 ",$332.94 ,Toronto,Prof. of Astronomy and Computer Science,1997,8f4d9446e41de2848b9e852272d54fba18fdd2207ff59207a865e047d7653ae1
Universities,"$125,098.02 ",$701.76 ,Toronto,Prof. of Architecture & Landscape Architecture,1997,f566eb0b475397fa74a9c5752483b03980034abd22014f2a307cce38e095df0e
Universities,"$103,558.50 ",$627.20 ,Toronto,Prof. of Physics,1997,b173462441da5b44a76cef17330c9a26e75396d925f1dd8bd5a3052cfbc0e52a
Universities,"$105,369.01 ",$280.67 ,Toronto,Prof. of Education,1997,0504d79b86d8b93701c437c1c3d0fb0eb166a6fa6fdae4bb9e76f4b5c2b68e41
Universities,"$102,876.50 ",$421.68 ,Toronto,Prof. of History,1997,0cbf6881d28e138bdf57befbd9651ea937195f885fd007d1d351fbfefeb697c8
Universities,"$101,985.98 ",$413.48 ,Toronto,Prof. of Zoology,1997,f7f0d1600af757ea5e2d9389cac6619278e80a1b36edc0eacbdc58d8f84326fc
Universities,"$119,101.54 ",$560.76 ,Toronto,Prof. of Dentistry,1997,4ef29f9140e22f3ae357da685d759e8971baabaa19ebc3631c741e198b811641
Universities,"$105,698.00 ",$435.64 ,Toronto,Prof. of Spanish and Portuguese,1997,62969f6781ef5f4f6eaffa4ee543d8bfdd74a43303184001ca15e1e765723c55
Universities,"$133,958.67 ",$522.48 ,Toronto,Prof. of Family & Community Medicine,1997,cd8d40ce09d0d9ead2f2159533be0cdb80f4b558cde180a92f48c30abe4c9da7
Universities,"$107,109.48 ",$293.12 ,Toronto,Prof. of Pharmacology,1997,835c0e683fbcb1e70c70cb015f827e59847b83e963de289a2dad667cfd705a96
Universities,"$114,239.96 ",$471.34 ,Toronto,Prof. and Chair of Computer Science,1997,cccd9ec9d4e10390d6e6056c6d69ed8fddf6d0697acd2ab4e6f296fd8fb1f719
Universities,"$108,520.36 ",$609.96 ,Toronto,University Prof. of Economics,1997,3ebd0337c5edc04993d4adb3c2e8e855a29ef6f59c3ae9077a339a88e679dc1d
Universities,"$105,375.96 ",$237.86 ,Toronto,Prof. of Mechanical and Industrial Engineering,1997,641cd07bbfd0656e7a548e5682a680889f338277dbdabde37ea3eebe58ef41e6
Universities,"$107,393.96 ",$567.42 ,Toronto,Prof. of Management,1997,f937e9b1d1e7bd8f5ca2a0d009c7147a83b1999b216244b93731382659ed7dc6
Universities,"$167,056.82 ",$624.72 ,Toronto,Prof. of Political Sci. & Chair of Dept. of E. Asian Studies,1997,4f11dc0c14e2ad6b257b97f974a0335102240da97dfe634552815d556f12220b
Universities,"$104,261.49 ",$697.31 ,Toronto,Prof. of Education,1997,6aeaadf0ea1bbcc4f55a309cb8cfdc37b7ac167bf6162b3de5db380086dee3f3
Universities,"$116,193.52 ",$592.38 ,Toronto,Prof. and Chair of Geology,1997,12650bcb8d5e7307aee2936b83c401d87c95c28a3edc24b34bdbfd440ea8c8ec
Universities,"$101,541.50 ",$405.44 ,Toronto,Prof. of Dentistry,1997,e506d5ed120e5d5a7a5548030e39b1117617860dc1a5528e74de5c8ede42fb16
Universities,"$171,768.83 ","$7,039.69 ",Toronto,"Prof. of History & V-Pres., Admin. & Human Resources",1997,0e5095b9a542b424d9268a93ad78980e19eeabe8660dd5250c2895d082d22e8b
Universities,"$138,505.98 ",$708.00 ,Toronto,University Prof. of French,1997,545576d44a9fd493e75b9ff502e238b33395a84afdebea7f7168c9ea8f7a55e3
Universities,"$102,140.52 ",$420.90 ,Toronto,Prof. of Dentistry,1997,4ad4649b42406f619c0438e33caf656e93f398e09592f22e58b1761430a71542
Universities,"$115,073.78 ",$448.24 ,Toronto,Prof. of Economics,1997,4571c5736992c4fd67a6f6563ab0e052b13b79b92e16d0ac730f9d5ef8f59e13
Universities,"$150,431.50 ","$1,249.16 ",Toronto,Prof. of Psychology,1997,13309d78a0ee827c23d0f519589b4be7fdac7f9aa94f76b687b9b9d4c0236745
Universities,"$113,272.50 ","$3,621.37 ",Toronto,Prof. of Philosophy,1997,da3de6500441a5aabf94b13df80fbcdcb1d3153598ab42d883dfd87b31440df8
Universities,"$112,457.40 ",$636.82 ,Toronto,Prof. of Mechanical and Industrial Engineering,1997,710d2769a089ff8444fd81ca9f2f73c718d880fcc77fa7420c96a0100a55a4f0
Universities,"$105,412.50 ",$431.56 ,Toronto,Prof. of Electrical & Computer Engineering,1997,25f096138ba5e6f3f14b215730e4e3ba9dd8bed88403064834f02b1c872fd4e1
Universities,"$112,186.50 ",$488.28 ,Toronto,University Prof. of Eng. & Dir. of the Ctr. for Medieval Studies,1997,400e7ec84b633600f792aa62c183c5ced5e5bfc4468474288ef8c0c90f1f41bc
Universities,"$114,970.02 ",$267.80 ,Toronto,Director of Alumni and Development,1997,10089151ea3f5b5af103caffc6100d513e2ed3a13f9db1cb668499c6a7839a49
Universities,"$109,890.58 ",$526.62 ,Toronto,"Prof. of Medicine and Assoc. Dean, Undergraduate Med. Education",1997,159f4848592b7ba153b1d2f860d667557e5b8255c231a33018355ca48b03de57
Universities,"$123,439.44 ",$592.90 ,Toronto,Prof. of Psychology and Dir. of Grad Studies in Psychology,1997,15edf5f84a4861c00efdcbe61684362e091196d76e9139d1ff5e2552f1fd780d
Universities,"$100,230.26 ",$632.56 ,Toronto,Prof. of Dentistry,1997,69817abd855e48933b4c35b9423771f80af4782b0ba0298fcb56fdcffcdf9133
Universities,"$156,420.72 ",$609.96 ,Toronto,University Prof. of Law,1997,e811bf85e055fadd0bc86c31a6dcb9f4e37301de5ac5fba95c84c10622468690
Universities,"$110,115.00 ",$549.14 ,Toronto,Prof. of Mathematics,1997,b6f60bbe071f3e81f6c0a494ffd5456f0767f508c0deae429534497f8dc3ff80
Universities,"$101,855.02 ",$486.58 ,Toronto,Prof. of Dentistry,1997,a44077dcc88502e9035875433484c1cfd1227340eb477838d7c9d938747589b4
Universities,"$167,744.50 ",$522.48 ,Toronto,Prof. of Medicine,1997,54ea9d7100369fe57394c6d45631501da825a41408f6d72cca5ce34a69cb5201
Universities,"$145,797.54 ",$522.48 ,Toronto,Prof. and Dean of the Faculty of Education,1997,13f3da7e9e292571467c3896e83e5aef18eaba46090bbb192cb088ace85a4905
Universities,"$118,406.00 ",$570.60 ,Toronto,Prof. of Economics,1997,d8998707ee130de3035bcd192f99543baba12826aaa1d7ec5c8d35b46acabed2
Universities,"$105,029.04 ","$7,137.22 ",Toronto,"Director of Property Mgm't., Design & Construction",1997,f05e1abe98695f483d7da833170da667ccdf598e7ff604dbbbef8eb5489513dd
Universities,"$119,363.74 ",$447.80 ,Toronto,Prof. of Education,1997,924f9f39373294b8c59dbdc55d66d5e64c5f8c9a71e8ca777c0a31a8ed07b1e0
Universities,"$108,471.98 ",$367.60 ,Toronto,Prof. and Chair of Economics,1997,db117bfc5a50dcc98082c88b55dfbd94b8dd8f7cb1ae591a839a92c2ac02c492
Universities,"$110,620.50 ",$435.42 ,Toronto,Prof. and Acting Chair of Geography,1997,81a7f6316982321ad1be22e095de2ad3f342625ac0c2ce0e688b0475f98af83d
Universities,"$102,425.01 ",$526.87 ,Toronto,Prof. of Education,1997,f8ee19a4ecb0cc3e2ec0acbf45ae92323784f9e200b48ec4d1b0cce6e96507ac
Universities,"$105,239.52 ",$438.88 ,Toronto,Prof. of Banting & Best Department of Medical Research,1997,c9f36f24c6e6b73b344316906da5b71bdf6e5a4591616c10c139ec8806d54b25
Universities,"$138,301.02 ",$522.48 ,Toronto,Prof. and Chair of Psychiatry,1997,c1a1f91ca6388e4751bfa16ac706706d36a9888fd649086651ec9aa79e66f9cd
Universities,"$103,458.54 ",$355.12 ,Toronto,Prof. of German,1997,8eb549e94e10d3dfa9603b87cfd24a2f7fc62e74dcb58f5cf9da6f8d91d9d91d
Universities,"$123,500.92 ",$594.06 ,Toronto,Prof. of Public Health Sciences,1997,e49d8967f8af2a40c1931e233e7b8f5d571a7f376273d8c676043b85e2964589
Universities,"$102,807.46 ",$299.76 ,Toronto,Prof. of History,1997,4fe7a0a71036edeffeb62c7a616e60b83e5eda71599422bed7870bf461cb2e7a
Universities,"$109,372.50 ","$3,830.38 ",Toronto,Prof. of Medical Genetics & Microbiology,1997,7f3c151ec4088599178c50f668fa75e8e672ec6773fe1712caf1b56055381382
Universities,"$151,931.46 ",$609.96 ,Toronto,Prof. of Laboratory Medicine and Pathobiology,1997,7b87e0cee2394fe6a885df9ea9dd1550915b85f34ec24112fdcedbc417de553a
Universities,"$100,240.96 ",$348.46 ,Toronto,Prof. of Paediatrics,1997,6c298185d34896ce7f323806aa54efc9374aab2ea0e671c738179a40fdf3564d
Universities,"$110,615.48 ",$453.44 ,Toronto,Prof. of Mechanical and Industrial Engineering,1997,ed49e93d1145483f3b9aab4e3a0d0c105dec04695582b4e607de6e3ec55c3d7a
Universities,"$190,687.56 ",$609.96 ,Toronto,"Prof. of Med. & Dir., Interdepartmental Div. of Oncology",1997,42964df86ebb50ab0e0e439e5a8551ba0f91eaf7d1e3b934a0011a88599fad45
Universities,"$129,257.52 ",$614.88 ,Toronto,Prof. of Philosophy and Vice Provost,1997,076638ddc0883823cdb06cbeee3ed1c704a0f7597187fe9aac870c31945d0c45
Universities,"$118,916.26 ","$2,815.86 ",Toronto,Prof. of Physical and Health Education and Physiology,1997,99092f26f0a620cd16de400f0926c0eb7563a9ccde80478b5c6899f2d89c97bf
Universities,"$122,081.81 ",$450.49 ,Toronto,"Sr. Tutor, Sci. & Eng and Provost's Advisor on Info. Tech.",1997,59407c0c2ccc7d2ccf765aa0c87ac3c40f8449af7fd697f23718d020638c96d1
Universities,"$160,362.66 ",$620.52 ,Toronto,Prof. and Chair of Laboratory Medicine and Pathobiology,1997,4dff7a08332b6b3484cd98809ad5a37dda4c0eb26b26009655274ec6f461fda9
Universities,"$104,417.48 ",$613.74 ,Toronto,Prof. of Zoology,1997,2b427e04861bba5016ac6b457d122ed325872afcbcc1a305ebea6b954cff3bea
Universities,"$107,797.02 ",$293.36 ,Toronto,Prof. of Nursing,1997,762cfa5699830eb38e4d97a7e8bb3067feb1129f8e4050a64f159587d810c86b
Universities,"$106,380.98 ",$510.70 ,Toronto,Prof. and Graduate Coordinator of Near Eastern Studies,1997,e5b09960de5076743a52de914f4379803d0bc9fbaec63187d0daab0f58dd69c5
Universities,"$148,854.96 ",$609.96 ,Toronto,Lecturer - OISE/UT,1997,d1a09f786a343079ea0524bb3d54dc20d6db70a7a6f30b234e0a2e0b9771a897
Universities,"$126,580.48 ",$599.34 ,Toronto,Prof. of Banting and Best Dept. of Medical Research,1997,4b83f966a0ed235a9d994855d1b1bc27a231218098a0e3f8c6f6f1431c69d40f
Universities,"$127,224.48 ","$3,776.98 ",Toronto,Prof. of Mathematics,1997,08b057460f0b6b5199e8597e50f38881fdcea246b2807fec7f6e9f33c4f2f343
Universities,"$108,691.50 ",$371.52 ,Toronto,Prof. of Physics,1997,209274382e26bd676f3cb3f5752ddfc3e9b5978e94165c88e57107b5a75f7199
Universities,"$116,783.02 ",$448.32 ,Toronto,Prof. of Political Science,1997,deeacd366e66f5969ea0a478e3834d405e5bc8af1d36508fa47bbbed5ad26759
Universities,"$114,237.01 ",$472.19 ,Toronto,Prof. of Education,1997,5e9d8e76f98a8313c9c483f08204687dd77f9af3441f83eb46be8a7c468805fa
Universities,"$137,212.38 ",$609.96 ,Toronto,University Prof. of Philosophy,1997,f29d8df8b777e91283ba20e6893511eee5f119fac294d41bb4ccfd0a6311d496
Universities,"$124,766.40 ",$700.68 ,Toronto,Prof. of Sociology,1997,c546387503dd010a21499f2514f73fdefc580a6f887d815737bdf49b8cb51d80
Universities,"$111,968.53 ",$593.54 ,Toronto,Prof. of Education and Chair of Adult Education,1997,ee8b2d655993c6b077c502c7d02d1e99add437ebc05a9df36a4d1f50e3ae9a8d
Universities,"$107,299.46 ","$1,091.52 ",Toronto,Prof. of Physiology,1997,ba25e13350fefdb5081c10ceaea127bc876f04d38dfd754ef2042d957076c0e6
Universities,"$130,961.46 ",$708.00 ,Toronto,Prof. and Chair of Mathematics,1997,0a3d9132abff8236ac6d23479b22b8aea4ca147c37b855bcadfedc477692aa5b
Universities,"$127,278.54 ",$704.96 ,Toronto,Prof. of Medicine,1997,067483a603b00835732efd9627e82d71cf98dc3050c3ad7130c2adae2b9a2ac7
Universities,"$175,796.48 ",$512.64 ,Toronto,Prof. and Acting Dean of the Faculty of Mgm't.,1997,66a46eca427ed3c68803143f54f12caacdfd5985c1dfaadf6c09f2731be21c1c
Universities,"$145,783.04 ",$570.80 ,Toronto,"Univ. Campaign Dir. & V-Pres, Univ. of Toronto Fdn.",1997,1da546b976ac4d30ad195dc23dfc1689f49fbedf2a1a84b54dfd70c79f2de5c2
Universities,"$147,491.72 ",$615.68 ,Toronto,Prof. of Economics,1997,75820bc09d2c9ab8201f9a72bcdf0e6192cc22a4c41f0ff459bc34a046a510a8
Universities,"$102,347.54 ",$583.96 ,Toronto,Prof. of Education,1997,589eb43b6080a661f786ed33fb10a3bd980cdb0d471286e168f80c393832c2dc
Universities,"$106,710.03 ",$524.49 ,Toronto,Prof. of Education,1997,ccbe7c5bd5f21b097ebfe4ae6793111553252ac3a6bafb25c9e4d958060d9b14
Universities,"$109,274.00 ",$412.20 ,Toronto,Prof. of English,1997,9fced0bf0c87c928be53c502d0ee2c4f777111c412bff43cfe02a102581d70cf
Universities,"$104,399.98 ",$255.54 ,Toronto,"Dir., Research Marketing & Bsn. Development",1997,cbb213817cfe1a602e56bab33f60f6a44f01a21fa2b1fe4a13397fd5b3fb713a
Universities,"$104,206.00 ",$496.28 ,Toronto,Prof. of Botany,1997,a8e93738e636021ff6ded16283d460968e23fc62c692491f82451b30d4948e0b
Universities,"$128,253.99 ",$705.66 ,Toronto,Prof. and Associate Dean of Dentistry,1997,0218d850575ff4446d443cf6ac6319d19a3f7b903cbfd5650cb93a49b2c43184
Universities,"$113,528.50 ",$497.18 ,Toronto,Prof. of Computer Science,1997,89a03b31c90bc009afb6b859e96b9c2b88a49af6cc6495b7b813812d1224167d
Universities,"$100,128.42 ",$572.60 ,Toronto,Prof. of Botany,1997,3fdc8efeaa3311f83cde2d60a8fb7e08e1ffb17e0d1358b6b96a5e0b2fe729b5
Universities,"$103,948.02 ",$629.96 ,Toronto,Prof. of German,1997,5261f4f20909af7c376bd61cd31d4eebd4b0a86712fda1e4c0d950deb3041c5d
Universities,"$102,992.00 ",$421.02 ,Toronto,Prof. and Chair of Botany,1997,59a4b731a870ce7932b0b4b6a0bd79452b3ad4ccde3a93812e7abe593cd0116f
Universities,"$123,227.04 ",$690.95 ,Toronto,Prof. of Education and Assoc. Dean of OISE/UT,1997,61004b3dd572b84fd7774d3b541617b5cf841d4ef4a004e4a318c8dec356f310
Universities,"$131,811.54 ",$609.96 ,Toronto,Prof. of Computer Science,1997,f21795cad71aa664a2f78a798e6d4dff26c1c3f8692e0e44cb6daaab62c1545f
Universities,"$123,153.50 ",$536.16 ,Toronto,Prof. of Education,1997,3465c5ce98670cff65b675dd3cfb43f0504828f09003fee4d08b421b02699a84
Universities,"$112,780.04 ",$582.42 ,Toronto,Prof. of Psychology,1997,198ad5570114d341ac9c3c5e1503bffe0f212524db791f3eaa2266ce66225a52
Universities,"$125,238.50 ",$599.88 ,Toronto,University Prof. of Economics,1997,d30ef12cdf8bc5492319448d571f7d5a6961fe1cdbe3b3334d3b9817713cf597
Universities,"$103,091.04 ",$622.58 ,Toronto,Prof. of Botany,1997,e3d86f8d74606fd3ebbe17d1b7b2743b87518df989f680df53a0bfed55e1d515
Universities,"$105,000.00 ",$512.40 ,Toronto,Prof. of Paediatrics,1997,16f04146c5305ee1ce90cdccb240fc531c8a22962d84984fb0f0c0980543d3c4
Universities,"$101,264.46 ",$485.36 ,Toronto,Prof. of Physiology,1997,1f2f755392b775cd551a6ca452e90792bf42282b328b800f61d37cb42c43d038
Universities,"$120,652.26 ",$499.60 ,Toronto,Prof. of Economics,1997,a5fd2c7eda2ce0fb837dc365ecedcf3c14966d47f71eef4db5c082b32eeb67ee
Universities,"$129,989.48 ",$347.52 ,Toronto,Prof. of Psychiatry & Dir. of Positron Emission Tomography,1997,00a22d79482f3880c3c7b3d3718453970372515c85125293de473fbecd48347c
Universities,"$111,135.52 ",$535.88 ,Toronto,Prof. of Public Health Sciences,1997,ae205d181d06a7b1a0cb1872b3e7f4b0a0213fc78ba27d0e14e32c96a05bcd66
Universities,"$100,625.48 ",$476.84 ,Toronto,Prof. of Geography & Assoc Dean - Social Sciences,1997,c166164d81c35ee88bccfe2af01c953fc7cca756961446581e26cf75b34136dc
Universities,"$104,291.02 ",$391.92 ,Toronto,Prof. of English,1997,adb313d12cb43b6d3b171d5186f459e3c6632961e8b9b37f1f96c3abc7adfc1e
Universities,"$101,586.23 ",$290.08 ,Toronto,Prof. of Sociology,1997,d111d15ea45cc7d329bc0feb5e95b3592070993bb82687eea8a0549fd5495edd
Universities,"$104,248.52 ",$428.34 ,Toronto,Prof. of Public Health Sciences,1997,9140e1bf217f3b0c265bee8997efdac944f0fb4c4c9f727eb3515e0251f587e1
Universities,"$103,726.14 ",$567.50 ,Toronto,Prof. of Music,1997,6432e891527d702203806315649b4338c673576be0e23c9cb4986600f8eb19eb
Universities,"$110,423.48 ",$651.10 ,Toronto,Prof. of Aerospace Studies,1997,7d5806231fd901772ffea96f4b57804c9636a6c673d284d7626f1a5e4ad66518
Universities,"$113,058.50 ",$654.50 ,Toronto,Prof. of Management,1997,988827f65304b0424c6766bd91ddefc5b95b9a756ad676a07470d35d014672b5
Universities,"$124,716.35 ",$562.48 ,Toronto,Prof. of Education,1997,bf3c517ca7023a731d077018f1fe3ceb895bbd88624b4b9ebe02bb8535329a58
Universities,"$111,026.04 ",$451.36 ,Toronto,"Prof. of English, Centre for Comparative Literature",1997,869a37c3e1ec24327f472791b7a84ab114cee17a1e72f260d68b51e9989f0d8b
Universities,"$121,884.04 ",$483.26 ,Toronto,Prof. of Economics,1997,a49c56e1843a250bc39a4aa760dbc2080f1b2a3b913238634104a4500ffd2251
Universities,"$101,178.98 ",$483.22 ,Toronto,Prof. of Italian Studies,1997,3ef94348855f28a76c02dd3b0adacf6611603708f80faa011f4472e6a3f0efb0
Universities,"$103,226.52 ",$422.80 ,Toronto,Prof. of Banting & Best Dept. of Medical Research,1997,114285dbe09521ef66801e6729746ea443e27c4c54b9908ac6f5661e6eba7060
Universities,"$120,131.02 ","$1,780.60 ",Toronto,Prof. of Social Work,1997,35adc49f5ff51e58b098213e0a1bd30b782138b8100bb3a86197e8e80dc060bf
Universities,"$116,948.98 ",$569.64 ,Toronto,Prof. of Sociology,1997,57d7b6799d95749b537b12c5b1c3e7a2c3d7ae546dca2a854286c12d8b269b3b
Universities,"$121,013.02 ",$528.58 ,Toronto,Prof. of History & Acting Dir. of the Ctr. for S. Asian Studies,1997,b86a8dd9eda0e689880af2013b99024d1ff22d4d604cc54b517a2e00d1555242
Universities,"$110,727.92 ",$302.71 ,Toronto,Prof. and Associate Chair of Mathematics,1997,28367efb7bc6db12d51122c5f999d0beba3a2eb50045aac101eef568298979a9
Universities,"$105,247.98 ",$639.30 ,Toronto,Associate in the Faculty of Dentistry,1997,aa3ff7b3d95ffb3874df63fa7e61326ec475bbf4b790252feb67c3b64f9b2f3d
Universities,"$104,185.04 ",$556.44 ,Toronto,"Prof. of English & Assoc.Dean, School of Graduate Studies",1997,2fcad66b7eb5401acd3be29c5b6b2e04739a8d4ba48720204aaaec06495d90ff
Universities,"$115,230.50 ",$549.74 ,Toronto,University Prof. of English,1997,7ccca5c87332c46ce4fc56951db4b68266cdede06c761a015820bb674a587800
Universities,"$100,249.98 ",$488.84 ,Toronto,Prof. of Paediatrics,1997,524c23d3d37dd6ed2f220402c323540ef64f06083613f43c62fccd060c94f0a2
Universities,"$109,580.04 ",$526.14 ,Toronto,Prof. of Mechanical and Industrial Engineering,1997,072b89d80683b64ba33966cc757e8ec23ed4cb1dcaf62017f31936c769594539
Universities,"$122,233.02 ",$501.36 ,Toronto,Prof. of Law,1997,81dc08d9133456a15d6c57d9e595740de58fa11e89f4dafee4be9f6772a976b8
Universities,"$102,062.94 ",$578.50 ,Toronto,Prof. of Botany,1997,ea4e70e8acb57fb77c4c5ce38aca9d691b9bfdf97e85bd69c8afd1a8c7fd430e
Universities,"$107,452.98 ",$436.30 ,Toronto,Prof. of Nutritional Sciences,1997,16e17ff00275f47a80bec9706b940e1ba4825f8d087f49f0bb1cc6706f40238f
Universities,"$102,705.50 ",$422.20 ,Toronto,Prof. of Fine Art,1997,ebad6052fde130aa3f9b8e9cb2dbec41a5231494364bb055e3ef689ad7bc1e27
Universities,"$114,869.46 ",$314.64 ,Toronto,Prof. of English,1997,854f25535028a7f77b841be55c27b123aaafcabad6eacefd11f2506d3c1ab9e2
Universities,"$104,471.54 ",$514.44 ,Toronto,Prof. of Sociology,1997,4fc95f74860630ab7ad57f4e034ed4bcf698f02bcf8c29e6a60111692e2caff2
Universities,"$111,798.96 ",$479.26 ,Toronto,Prof. of Education,1997,184cbceb2a9ede1455e23237230b82164fb6590fdab5398b51063ec02187b977
Universities,"$113,546.04 ",$304.98 ,Toronto,Prof. and Chair of Immunology,1997,2a5edff5ff7255fcac3998469c1bc2fe9054efd574e0c51ab25f40e981ec8f36
Universities,"$104,269.54 ",$498.84 ,Toronto,Prof. of Commerce,1997,91da3f3d7cf4419d1a2d450d097c1dda1f46a36110cb41dcaeee2d1a7902c7e3
Universities,"$101,105.98 ",$345.16 ,Toronto,Prof. of Mathematics,1997,044f24b8b86c257c09c5848bfed72c321f107b1419c77855d2cb386fadb8007f
Universities,"$120,601.50 ","$1,164.98 ",Toronto,Prof. of Management,1997,5b0eb5eb3f2b5fff31954f6155f2368160198472b97c38d1918bbea7cb7ee95b
Universities,"$142,381.92 ",$437.22 ,Toronto,Prof. of Educ.& Chair of Human Develop. & Applied Psych.,1997,69ad0c69834318abf3c57222cb81668dc0d989f1eea8f5cf712464f42aaa0893
Universities,"$105,589.96 ","$3,732.72 ",Toronto,"Administrative Officer, Faculty of Medicine",1997,ae234b3aed80302eed8f9be652505d8ad7d15e289b9237037328dc14733ef62a
Universities,"$134,139.52 ",$609.96 ,Toronto,Prof. of Mechanical and Industrial Engineering,1997,72e4c65b9d9d78bd5a6e94d25d6e4c05dfbe7c2e0444af5382c77ab8bc2bb2f6
Universities,"$100,768.50 ","$6,944.22 ",Toronto,Prof. of Psychology,1997,1e4de77cfe6992252588d2c940baf52cc93815a390adb072c8e4c164e343f718
Universities,"$117,890.54 ",$534.38 ,Toronto,Prof. of English,1997,e214e66da60a441829c276cdf9e037bc01e127576fc2514e47183dac4aee5a20
Universities,"$101,812.96 ",$698.42 ,Toronto,Prof. of Physics,1997,d872c6374cde08615fa024fb85e847924f0af75407ac2e9f25618e3fc5bfcb71
Universities,"$120,760.96 ",$583.12 ,Toronto,Prof. and Graduate Coordinator of Pharmacology,1997,b8047a6b121ee48826608e70b5b379dd9cf9d404bc746f76804a12a8f816e1d2
Universities,"$104,951.00 ",$287.10 ,Toronto,Prof. of Mathematics,1997,58d92161df30e13c520af30b86a6d165ae545d0c82b6c776d5968a634a646660
Universities,"$130,587.98 ",$432.81 ,Toronto,Prof. & Dean of the Faculty of Phy.Educ. and Health,1997,fe5f2b6da3de1f9182fb51c407015b2f74ff7ef18353f68904991375fd1b7c7e
Universities,"$107,605.50 ",$644.48 ,Toronto,Prof. of Physics,1997,d60df184e508aae4582ecaa70dace47afa4ac1b90a50068bb3a9bd018bda9e4d
Universities,"$117,582.54 ",$501.42 ,Toronto,Prof. of Anthropology,1997,b6ed8ad8453127235f50f43e36b6052b2f7daaca9d7697f73e3809be47f54f46
Universities,"$109,051.50 ",$641.18 ,Toronto,Prof. of Chemistry,1997,37e10ed488a1e7e8de1f56aa1bedf841068dfbc845ab1dd54b5ca9aba8baf16e
Universities,"$105,333.46 ",$507.56 ,Toronto,Prof. of Management and Industrial Engineering,1997,17c4c4b1532bc25640e11e551ccff04f2848471a3cb46a232e16a3c2a2cc4981
Universities,"$107,850.63 ","$5,514.54 ",Toronto,Lecturer of Family & Community Medicine,1997,6db33c7ab53ba989207ded246e2b56571c19cf6c69bf5b0e180d95c690adab4c
Universities,"$110,734.50 ",$302.04 ,Toronto,Prof. of Astronomy,1997,d2c2722cefdd1c8dfc7c3dccb37ed620d737dde42166003f4e0b51cd53811016
Universities,"$117,844.50 ",$322.92 ,Toronto,Prof. and Chair of Medical Imaging,1997,b28a6a76f723f6b3ed1fb7ecf76b22fd58516694e7f71ccab28142a4ed443435
Universities,"$108,603.96 ",$520.32 ,Toronto,Prof. of Electrical and Computer Engineering,1997,e8b480941e50ada989b140de82352710f7ee3865b877a7ac31b2fb1c1488a0f7
Universities,"$101,593.52 ",$415.12 ,Toronto,Prof. of English,1997,85207b7e03cafce1a33ad119704b6a6500bcd58172098dc57c696b5c31c0ce8c
Universities,"$143,182.02 ",$582.34 ,Toronto,Prof. of Education,1997,61fca7e258ebf4831210c3a25d8471dc6c5aa9f4c1e7e7c95aa1b648b9d21dcc
Universities,"$109,875.36 ",$411.28 ,Toronto,Prof. of Law,1997,4334f3952a681ca9f3fb8439ef821a98c5a0decbce0cf1c99ec0e6df913f005e
Universities,"$169,491.00 ",$448.06 ,Toronto,Prof. of Management,1997,62f49b4bf3a58fe6810353a5e58dd40441875297ca288dc05740f4b7787ba179
Universities,"$102,079.33 ",$457.68 ,Toronto,Prof. of Biochemistry,1997,d78e37513718cb812693d277c264f94f1ab3417f5db3f7eebf2e112d606b9af6
Universities,"$107,764.50 ",$641.14 ,Toronto,Prof. of French and Dir. of Centre for Comparative Literature,1997,6218300297eeea032a35435748cca5cc2dadf6a75d476fd8691102bafec62546
Universities,"$111,131.54 ",$456.72 ,Toronto,Prof. of Dentistry,1997,e41294743e4fed443d0bfa1956693d78412b152f90a53f6380a7116e656ef653
Universities,"$134,660.63 ",$435.00 ,Toronto,Prof. and Chair of Health Administration,1997,165047e40076ec64be483e93f9660416ba8f69dabb33d062657131eb1e4a0b1a
Universities,"$106,364.98 ",$505.38 ,Toronto,Prof. of Political Science,1997,650f017a7ee451eaced1241f1ba3c494e6d42fe27059070325379544ffbde4f5
Universities,"$101,005.54 ",$345.12 ,Toronto,Prof. of Physics,1997,00b88c899818758a67404e46d53beafb19ac7066264dc400027d58a84bb5572d
Universities,"$110,403.02 ",$302.68 ,Toronto,Prof. and Graduate Co-ordinator of Anthropology,1997,7583d0c7df5bd3be836bfc649b43dbc4050921d4d4363a01edb7783dfce5cc09
Universities,"$111,102.04 ",$531.22 ,Toronto,Prof. of English,1997,a90dbd8eaf52cdce7196a443ee98ed6f88fe695957bef76b2c01556191adb71c
Universities,"$105,488.51 ",$515.83 ,Toronto,Prof. of Educ. & Centre Head for Theory and Policy Studies,1997,b087245990cdef95d934baa738b5c8c033a8af94496801cea83c2ab8f455d337
Universities,"$112,517.38 ",$650.50 ,Toronto,Prof. & Assoc.Chair of Electrical & Computer Engineering,1997,a29df45fab9b05138ea5d36fe6bb756418824d60c5bf13532c61ecf4a60c3b03
Universities,"$106,222.50 ",$290.64 ,Toronto,Prof. of English,1997,39d786243c8d3e2b849571443a3aaccd589e9b56b72ed6fa9089ca6e1e82307c
Universities,"$109,883.52 ",$648.60 ,Toronto,Prof. & Dir.-Centre for History & Philosophy of Sci. & Tech.,1997,3501d7ae056a0af796477276d2a81c58ffb0a11c8a8e27e5205e21b2481cf9ab
Universities,"$102,637.53 ",$623.17 ,Toronto,Prof. of Education,1997,e123d8b7f9eb1a619d0405fadde916c76e33aa7963ce5bb9a094ffd409ead740
Universities,"$119,680.68 ",$451.32 ,Toronto,Prof. and Acting Dean of the Faculty of Dentistry,1997,9a03d8c39f925b73b8e5e29315de904b79866856468328ad84ae41d518313816
Universities,"$101,189.98 ",$415.74 ,Toronto,Library Services Coordinator,1997,0a2325c267653d6e4601085b687acc3be5dbe0b9549f07fc5f3e048faaf5b42a
Universities,"$102,331.48 ",$489.36 ,Toronto,Prof. and Chair of Biochemistry,1997,1c0c0f07695b4beda4d8bc7070ce08a16b4fc5dd29435ba00853b7fdb3e8b485
Universities,"$107,156.46 ","$1,318.78 ",Toronto,Prof. and Associate Chair of Anatomy and Cell Biology,1997,de27d03bc12cd2011eb5d97bd9870ecd0d8e0648f47df11372688462500983df
Universities,"$111,162.01 ",$733.46 ,Toronto,Prof. of Education and Chair of Sociology,1997,5acae5b69c26b212aed2fbc07165705cb4d1a066b3691a6b37d309c52f761f8f
Universities,"$102,431.98 ",$276.88 ,Toronto,Prof. of Dentistry,1997,66b0aca8f570f7701ef8a65ebdc78a377fba275f434b2d1333fc753260d83b07
Universities,"$114,929.52 ",$472.28 ,Toronto,Prof. of Psychology,1997,7c42060f850352db60bdf1107b5f48da6efadeb22067a09d49f0531625d33f6c
Universities,"$106,916.00 ",$442.44 ,Toronto,Prof. of Psychology,1997,8c2e25497b30cf29f3304758bfe7550bee256c1b2a97a730e81c793633d8258c
Universities,"$102,976.52 ",$423.54 ,Toronto,Prof. of Botany,1997,ba46d1c2a522e4b442e61bcfcae45b32cddff7bb189926856c31d96fb02ed0a4
Universities,"$103,776.96 ",$276.60 ,Toronto,Prof. of Medicine,1997,68ed0f4357d0afbb1dd38787d5bc69b25304d65829f5bb8a44dcfd3cf78e8091
Universities,"$104,997.48 ",$289.50 ,Toronto,Prof. of Chemical Engineering,1997,71b8686522800d39d2aed4200d641d2d71671c8201b7de35923c38d42c34a4b1
Universities,"$132,308.98 ",$295.56 ,Toronto,"Exec. Dir. of Development, Faculty of Arts and Science",1997,95afcf10504431676f1b03ab838d57f0bca404b50654966ab0cd0638200be534
Universities,"$119,721.42 ","$2,468.04 ",Toronto,Lecturer of Family & Community Medicine,1997,0fb18cf6da25883f6caba5f3fadc44cf01011142cb83d55e320bd43babcfdadb
Universities,"$159,235.02 ",$609.96 ,Toronto,University Prof. - Banting & Best Dept. of Med. Research,1997,991433429c4d765e53d6c933b9e39f826d6161c382a1c958d10906eff2f2130e
Universities,"$100,974.52 ",$477.68 ,Toronto,Prof. of Psychology and Chair of the Division of Life Sciences,1997,8f7478a5820893ffbe6c680838f1b3bdc9f600864c16bcafae29a5e010690ccf
Universities,"$114,905.00 ",$667.58 ,Toronto,Prof. of Obstetrics & Gynaecology,1997,69fadb171064948277ded55ea14ea478732cb41eeb577cb2b94f7b194db18aa0
Universities,"$122,711.52 ",$460.60 ,Toronto,Prof. and Chair of Undergraduate Studies of Sociology,1997,bf9d8cfc03eece9da6479f2c707a16d5aad7e3523015799c4b971e080227e216
Universities,"$125,798.50 ",$604.48 ,Toronto,Prof. of Dentistry,1997,71e0fd3f4e923069cacf890fbb9af4ee76a05c848c1abd67b956684941b43d26
Universities,"$110,020.98 ",$647.96 ,Toronto,Prof. of Political Science,1997,fd6d3a0999e798d7e775a411b4409477fb7f2ba171195d71956958604f03067c
Universities,"$101,908.04 ",$491.40 ,Toronto,Prof. of Banting & Best Department of Medical Research,1997,75cfc6571d62be3f1aa51139ce84204c35475af7ab2f9e30c8b22469b8cfaa58
Universities,"$110,738.46 ",$480.60 ,Toronto,Prof. of History and Dean of School of Graduate Studies,1997,b2b74caca4337678b7dcf8731ea4e3966cdd0549a11f8e95687cf3d00af2edbb
Universities,"$106,451.04 ",$636.03 ,Toronto,Prof. and Dir. of the Institute for Human Development,1997,50fcd5874a7c9cc435fffcb9d98071aa33ec608c46eefa08699ba0505f7c7815
Universities,"$104,334.50 ",$625.40 ,Toronto,Prof. of Theoretical Astrophysics,1997,0252ccce88282a7935688e24aa1ac4c6fe1c84bbe06156f62c53f9937e849f2e
Universities,"$100,655.04 ",$617.46 ,Toronto,Prof. of Education,1997,1451c14d9187501363e23789292551f37eba26ae7874fd185926daeb1d645810
Universities,"$102,757.92 ",$280.82 ,Toronto,Prof. of Social Work,1997,7c4376022435cc3d230ecb5a1d8e7cf1918e328c340df6851d0338b1d0a91754
Universities,"$100,874.46 ",$616.66 ,Toronto,Prof. of Classics,1997,c54b0afd28d7429cbd195c7bb9d5609759f713f3246195502f05826f9d3a2683
Universities,"$132,531.50 ",$552.82 ,Toronto,"Prof. of Economics and Director, Policy Analysis",1997,51e4cedbf7ee454f8e5fb178ad8fcb71c2883ea3452a4cbf543f7b82ede54e98
Universities,"$104,230.96 ",$557.82 ,Toronto,Prof. of Computer Science,1997,cf32da1f734ff5fbf5efeeb5ca9f3ed43830cf7b086fc22155ec046b79b244e2
Universities,"$105,548.48 ",$631.68 ,Toronto,Prof. of Political Science,1997,f7662d8b4544013cd9416e87665d6bec168d8c4c51a7d7b8b690c191f6f6a548
Universities,"$100,541.52 ",$479.71 ,Toronto,Prof. of German,1997,494c817c66f03cc68ad6ab3cd1b44eb7eb149a65ae8d6bd6796ae9b401cf6742
Universities,"$106,538.46 ",$511.70 ,Toronto,Prof. of Dentistry,1997,3e61408727ae6cf3c8a65d4e8fdfe1b44e1813eaaccfa65b17fcfb2f01721526
Universities,"$101,308.00 ",$344.66 ,Toronto,Prof. of History & Philosophy of Science and Technology,1997,8924a92bf61c89af4cccdcc2a3de2863d8a3b2b65961438652913e5ce41d9783
Universities,"$140,198.52 ",$522.48 ,Toronto,"Prof. of Mech. Eng.& Vice-Provost, Planning and Budget",1997,fcd0ef1f9e53ef615167d7e40b92ddefd02342114f2fe4b8bdccfa2d1b6d9164
Universities,"$104,728.54 ",$412.00 ,Toronto,Prof. of French,1997,fbff08ab2e7c71c16ca181e79628791a11402a42745b1eb044050a61cee5f6af
Universities,"$108,545.54 ",$371.24 ,Toronto,Prof. of Dentistry,1997,e420e3058b0cde9ed7cea2c844452851786d3316c9fbae5fb68ca558ccbda2d9
Universities,"$106,571.50 ",$366.14 ,Toronto,Prof. of Dentistry,1997,53c1eb40449e1eac0a28faf5867b095bcdba40b278c1e96f8c60000561858009
Universities,"$117,403.50 ","$4,291.32 ",Toronto,Prof. of Management,1997,b07c47a438dc3065215786d9a74996e3cb480cf6e9bedf2a60f4cf2e900a32a8
Universities,"$117,480.00 ",$673.42 ,Toronto,Prof. of Metallurgy & Materials Science,1997,9525c76e2cbf8bd52799c71ab856e07c27f439d9dd9017ba1170bbee268c9eba
Universities,"$127,347.96 ","$8,267.02 ",Toronto,Prof. of Geology and Principal of Erindale College,1997,8ed120da79d392ea09e15ffec0518d7ed7fe8793447e15fe1805e88f28813d77
Universities,"$107,323.44 ",$444.01 ,Toronto,Prof. of English and Religion,1997,f6018be13020e745cfad578ff3cf8deaee6ead393942c40cc8d3d7e2767b5963
Universities,"$102,090.02 ","$1,510.92 ",Toronto,Prof. of Aerospace Studies,1997,2141fa406416ca5c7cfcf7c4a7d428b759a661018d28688319123bacacb04810
Universities,"$106,293.04 ",$634.14 ,Toronto,Prof. of Mechanical and Industrial Engineering,1997,b653484e06edeb129e42f65378b7e3e260290c5dd19495325f26de3798a69ae4
Universities,"$148,788.00 ",$500.34 ,Toronto,Prof. of Anthropology & Forensic Sci & Associate Chair,1997,f6eea9a7265ed0c392b60dd0ac25d4012cafb63d81574d51015ef6894ebaa4f4
Universities,"$131,045.48 ","$5,058.86 ",Toronto,Prof. of Economics and Industrial Relations,1997,dd9872ea835b051a485f3606780eac8459d3855637887bf78b11f3fb7aaae517
Universities,"$120,487.98 ",$578.68 ,Toronto,Prof. of French,1997,033a1adbb32ddd6aece8e089f9f139df88745507b57520c63bc24311f5978f8a
Universities,"$142,500.07 ",$620.52 ,Toronto,Lecturer of Family & Community Medicine,1997,40dcaea5dd0461010d6ee1ad2c39e66a87e134d9289f4747dae77fba257850c6
Universities,"$105,216.02 ",$427.96 ,Toronto,Prof. of Geology,1997,1556c6b9309174c1a3c703997827a2e92cba3574862ad4de5b9ee4f791f11104
Universities,"$117,498.50 ",$676.26 ,Toronto,Prof. of Sociology,1997,fb44da819e5fb4afb1102ed008961f82deef744b010933712984662ffa4c2380
Universities,"$100,709.47 ",$495.27 ,Toronto,Prof. of Education,1997,c304a2c08bac455d5156b8d31d023a3132b92f7ba7f0b70b93c1de484670e598
Universities,"$120,061.50 ",$324.86 ,Toronto,Prof. of Education and Associate Dean of OISE/UT,1997,65d42c5fbf3870f7a63cb30570eaf6ffb88462214d81578d20a66b1ae45e85bf
Universities,"$101,378.97 ",$478.12 ,Toronto,Prof. of Chemistry and Physics,1997,3c7766fd5fd3c3ef978e09be1ba747661020b45d55c5ba34ecb6782af1b7095b
Universities,"$107,000.48 ","$2,314.09 ",Toronto,Prof. of Education,1997,7297258be63d91308461816c21764ac1c8a350ae4f75fe3ea700c6b7f08302df
Universities,"$120,752.04 ",$414.06 ,Toronto,Prof. and Chair of Medical Biophysics,1997,235a7b6a56e48f46778530555a8fbafcd0a194c41dbcf015b15f77f0a5ba2892
Universities,"$108,269.46 ",$520.18 ,Toronto,Prof. of Metallurgy & Materials Science,1997,41d8697fe72bd6aa7ef71805b9a0b35a22abac8414a6ef10c452a62c2444022b
Universities,"$167,459.98 ",$538.08 ,Toronto,Prof. of Management and Economics,1997,8682c50fc3ab597dd49e28799ba86db7a55b70f9c2d3297c539ad5dc4212edc5
Universities,"$101,444.50 ",$275.32 ,Toronto,Prof. of Geography,1997,025edd920988942c491d1daf15534613c0272db8e02e555151862e7d679ea276
Universities,"$104,114.98 ","$3,702.20 ",Toronto,Prof. of Family & Community Medicine,1997,d1e174c29a92be568b400b3c5258fb51d4dfa8e52a3856d7ba6631f20c9b8085
Universities,"$103,978.50 ",$283.62 ,Toronto,Prof. of Management,1997,b0ec1addf31a325849712d2b8f930f53fcbdb437794858ba741999f66ce7c0f4
Universities,"$108,553.98 ",$442.88 ,Toronto,Prof. and Associate Dean of Dentistry,1997,4ad9611f04dc0b2239b93eda4909cf41ab0b01eb4bfb5ba629f127530ac4a8f0
Universities,"$120,651.54 ",$513.78 ,Toronto,Prof. of Economics and Acting Associate Dean,1997,1debdcf9341ba2e373b3efaa0654a2e2e8baf8b7cecf0ea4d898451b78cadc09
Universities,"$132,508.50 ",$522.48 ,Toronto,Chief Librarian,1997,43ec892f671bd5048823f3bfc34dd6da7257d733df78bb0e690cd6368d4f7077
Universities,"$103,828.90 ",$613.72 ,Toronto,Prof. of Banting & Best Department of Medical Research,1997,c39306122b078293bd685006d6b09c6da58d32e7cce7f86d62f749105994f4bc
Universities,"$123,000.00 ",$600.24 ,Toronto,Prof. of History,1997,f0e428ed6d94b300daa60d97a56c1a0ad1fb20af665ce11a1184e7787ace7e95
Universities,"$105,440.52 ",$632.12 ,Toronto,Prof. of Psychology,1997,bc0d4b36cb411ca90b0a5666240eccd8746d8029ee1b9eb5c60fefbf610b9b04
Universities,"$128,213.46 ",$603.38 ,Toronto,Prof. and Chair of Chemistry,1997,37f677b7ba4fda819790f3f3befe06c16916c8f824b68e346520ce1dc022553b
Universities,"$101,783.06 ",$313.27 ,Toronto,Prof. of Zoology,1997,d576026f2902d693870381de1d3344f336ea5a649037754cdba40be1b3bba320
Universities,"$110,755.02 ",$531.22 ,Toronto,Prof. of Economics,1997,b3eab7ee2463f9bfd0f591afa0c5b5bffe7877415311b4ffc8b74d8b1e861792
Universities,"$159,613.98 ",$413.13 ,Toronto,Prof. of Social Work and Vice-President,1997,7ce568954c1c9d6e76cd5d1c9a769bc8ab9990bd766d08c9bb2d8114cb087247
Universities,"$103,057.04 ",$349.08 ,Toronto,"Assistant Vice-President, Technology Transfer",1997,c61e7c5ab7d25ce7d30f1b261045ee9353167115d5f5e181f9eee9aacc7c71fc
Universities,"$100,833.48 ",$617.60 ,Toronto,Prof. of Medical Genetics & Microbiology,1997,d3f31a051441fa7c4f3ba4181167d65ffeb9186964aafd5fc5a47f46e55ba85c
Universities,"$170,013.04 ",$620.52 ,Toronto,Prof. of Laboratory Medicine and Pathobiology,1997,afb6671f337af2b5b4ac59d793ad88b15f6f0ce9b6dcc3308f7d1380ff0da6e4
Universities,"$107,173.00 ",$516.96 ,Toronto,Prof. of Medicine,1997,32a5b6d9e783e7705b944d4587af9ecadcf467dcf872c308b94424d978f22381
Universities,"$102,277.98 ",$462.04 ,Toronto,Prof. of Computer Science,1997,0f58940a763e316ebce8d5c0d742858b739214805448c72aebd68892d1311267
Universities,"$106,327.53 ",$440.95 ,Toronto,Prof. of Edu. and Associate Chair of Curriculum Teaching,1997,3fd234de5a62b81b53f4578c020d8ad59d60c6f75b2f80519a8b248ecd40f00f
Universities,"$121,752.00 ",$688.76 ,Toronto,University Prof. of Geology,1997,a8778830d57d8a055ceb43d6c489cd1da0c133541e621c996e08682f804cde0f
Universities,"$105,244.98 ",$636.96 ,Toronto,"Assistant Vice-President, Student Affairs",1997,daf13b9a3706e31d456a9f3c62371652803feb32cc25acb5e6682e7012a146e2
Universities,"$112,226.02 ",$658.82 ,Toronto,Prof. and Director of Comparative Literature,1997,ef9a6165c2d823d76b3c5c15401aeeac44e43ea40acb47e5f3768c0b074f2eec
Universities,"$101,246.96 ",$272.68 ,Toronto,Prof. of Social Work,1997,2ee49b0b53a91ec9b762b57ccd7f7fe979173c909aabc39456b97a31e93fc442
Universities,"$117,033.54 ",$483.30 ,Toronto,Prof. of Geology,1997,0c48d89edfe6bfc834406f91b936ca41fbdd16be2e47be9563416f13c2e32482
Universities,"$109,177.94 ",$647.62 ,Toronto,Prof. and Associate Director of Biomedical Engineering,1997,46ff4f1b0d4aaafda3c354cbc86f8d119e17d2cfbb57c2b5e746831a6c688041
Universities,"$116,190.96 ",$518.35 ,Toronto,Prof. of Religion and Director of Jewish Studies,1997,2fbb186e3896166f35def039e9606847a34fe4532b5d2965f5c38fba271b22ed
Universities,"$137,310.98 ",$609.96 ,Toronto,Prof. of Economics,1997,c714970fef3977024846ce7410b4243ae09560caf794d6555c5bf35e4de788fb
Universities,"$100,447.94 ",$557.53 ,Toronto,Prof. of Education and Centre Head of Human Development,1997,1f6b517bd73f91d2731004d10b1b653d4f27c3f9a1991685f6cc56abb6b89789
Universities,"$114,399.00 ",$661.94 ,Toronto,Prof. of Pharmacy,1997,c128351a43d59e0df37ac54e0d73cb6a8222b42b0acb4ed3bcd6a5ca952ea196
Universities,"$102,914.98 ",$589.86 ,Toronto,Prof. of Religion,1997,1f9938483709a7c4c69b077c491b49f3b80301fb63a8c1abb06770a71454c3ed
Universities,"$103,542.52 ","$2,075.52 ",Toronto,Prof. of Physics,1997,700eca29428f274077e6c9a0c5098f39fbe524566ae62b453236483c074ae36f
Universities,"$113,682.02 ",$547.30 ,Toronto,Prof. and Chair of Pharmacology,1997,2b775ba5200e1267fc8ea09e11085df5e3400b8ffe3ab37e2f9033d22805244f
Universities,"$125,741.52 ",$344.80 ,Toronto,"Assistant Vice-President, Operations & Services",1997,f094caade8cdb9ff065de4da638bc001fda5070829880219eb0ce936cf9e6a7b
Universities,"$104,173.50 ",$426.61 ,Toronto,Prof. of French,1997,5703676273ab249da1b9d6a2f7fde8f1d197367bb123900f44b73beea77975ea
Universities,"$103,494.02 ",$727.93 ,Toronto,Prof. of Education,1997,528d239455483220166aef9198d5a8afe07b58bb8f5baebed5cf3fc5cebed4a1
Universities,"$140,644.04 ",$422.94 ,Toronto,Prof. of Industrial Relations,1997,bbb8c03489e1a4c892f3e9ae28c5ac49ec52293161a17c72b1631bcb7f95457c
Universities,"$106,017.52 ",$284.84 ,Toronto,Prof. of French and Acting Principal of St. Michael's College,1997,0939c668ebe77a1dffab6a24ad1cecadb6afc0fbfd01bf760422d684ed195c7f
Universities,"$114,794.54 ",$528.77 ,Toronto,Prof. of Zoology and Associate Dean of Arts and Sciences,1997,0c2ecd04709bcf2bbe17c6fff959bbb4dd372bba05295fed45915e3f398a7f53
Universities,"$100,202.45 ",$512.56 ,Toronto,Prof. of Physiology,1997,60005729b448fa0c9b3ea48e28cc1e7326c49aad305d07542e95a094bd8dfbe4
Universities,"$108,758.00 ",$716.51 ,Toronto,Prof. of Education,1997,71140cbdc19baeb4b04f6a8cd310b497dd1b5909ab766236d19230e8e4a0146b
Universities,"$104,490.98 ",$519.84 ,Toronto,Prof. of Religion,1997,84140d361f9cb13c948ae6484670c0e9491078618a91012ab4a207bc5e1a86d1
Universities,"$178,069.86 ",$609.96 ,Toronto,Prof. of Biochemistry,1997,6e39f65d86b2903750fd227d6a2e92e51c9848b4316f5b825c3a62581c46cf3c
Universities,"$110,559.48 ",$519.39 ,Toronto,Prof. of Biochemistry,1997,f61c0cf67c10d3d31e77b0c4be5771846e2eefcde46716c61ea1725464acccde
Universities,"$107,159.00 ",$290.94 ,Toronto,Prof. of Pharmacy,1997,9a5fe88730334e527da30775605e09992cdc72974d8606a41df0382a1c530cfc
Universities,"$105,070.04 ",$505.82 ,Toronto,Prof. of Political Science,1997,eff2f517385bcffebfc9d5ddc1477447c2a11d0206a5bde7f37476ce8d999b0b
Universities,"$101,768.64 ",$304.86 ,Toronto,Prof. of Chemical Engineering,1997,abd2a0cdd8f0ac51d15afccb2148a9091ee8fc56d8e1be891469686c5e85d924
Universities,"$100,746.75 ",$283.37 ,Toronto,"Prof. of French and Assoc. Dean, Humanities",1997,1523f2521250208deab0b1a0d8ee79f63188dc69b9eeda0a5f45b5a2f096c03f
Universities,"$148,847.88 ","$4,359.96 ",Toronto,Prof. of Management and Economics,1997,f4fdf50eec2d1b275bf64dd17ed0eab8350b865e3fee6d842cb60def031fa0d3
Universities,"$109,815.56 ",$271.70 ,Toronto,Sr. Tutor of Edu. & Principal of Univ. of Toronto Schools,1997,04ddf08ffe1cac8619844ca0e2be3ae983b6ac43fbfb8787d000fd3f989e27c6
Universities,"$111,666.52 ",$538.52 ,Toronto,Prof. of Music,1997,21ef7b246182feddad45bd8c85d417af6ea05b48a505da1b603fea9d3df1d1c4
Universities,"$125,803.50 ",$595.54 ,Toronto,University Prof. of Physics,1997,7a1efafe1d14159c86acbe45ccf567e90345d008216fc2c0db00072e8503bcde
Universities,"$103,807.86 ",$389.76 ,Toronto,Prof. of Astronomy,1997,f827e4bdb63e84f9a380274d17c0600508176a852628788d7d5fccfb4e8f5342
Universities,"$116,489.52 ",$479.96 ,Toronto,Prof. and Dean of the Faculty of Pharmacy,1997,22c9f39b200eb63125e6ffa3e039ecde9db41af7c313ec84d0610a4bd57a268f
Universities,"$106,415.52 ",$569.96 ,Toronto,Prof. of French and Principal of University College,1997,a5804ae81eb8b81f435c31f68db62f11d81dff3a48563676c390fdf8d97cd39f
Universities,"$113,350.98 ",$539.58 ,Toronto,Prof. of Physics,1997,2137e4516aea54f0a16c471f0e2ace66d112bd57fc88fad302e84f67950a8789
Universities,"$121,469.07 ",$310.92 ,Toronto,Dir. of Admin. - University of Toronto at Scarborough,1997,4592c5c34b60637877b815a1930aacd0e3c52c2ca2ccbb3a89efca533fa9a2f3
Universities,"$131,148.00 ","$4,445.16 ",Toronto,Prof. and Chair of Medicine,1997,88af91764898d1f2631ee434d6580da6eedc4454854f9bcf9159b7825fd76d26
Universities,"$102,583.50 ",$554.28 ,Toronto,Prof. of Anthropology,1997,dad6439d79152205459ee3dc47bdb854ddc015bac4f81dd2b2895b3ed13f711c
Universities,"$108,351.00 ",$525.00 ,Toronto,Comptroller,1997,504717482dc47ba6520afed8fb4409d69fbaa567715d266ff548781d5c87dd6c
Universities,"$108,379.08 ",$294.98 ,Toronto,Prof. of Dentistry,1997,779cba1487e96418244851c7a73c98f39ab2d78e4c9b9e58477da5ac1dbd24b3
Universities,"$104,923.38 ",$397.96 ,Toronto,Prof. of Psychology,1997,e7b6bbafc9266953e67f478691d4aca74655a28a29b7dc698256745eb52f3a2a
Universities,"$121,905.24 ",$344.76 ,Toronto,Prof. of Economics,1997,a146ea40c1814b7b8f8cba58f24e36c21e672c71ccd0f53ec602564ff9f72297
Universities,"$113,210.04 ",$314.76 ,Toronto,University Prof. of Chemistry and Polanyi Chair,1997,252a117e26b9bf1ac7cfc430eadec1d202f2821a72e957c984f910dd688daabb
Universities,"$106,519.52 ",$440.42 ,Toronto,Prof. of Zoology,1997,8f669a5f1d72d5598a993cd379b74de397fe7e5e9eada6cfa4a03ff9aa666ae6
Universities,"$103,255.98 ",$423.68 ,Toronto,Prof. of Mechanical and Industrial Engineering,1997,74ac2514ad96a32ac0d8b94f27fdc55627a833a286ff126ff3bc6f8a29690cfc
Universities,"$103,102.44 ",$429.58 ,Toronto,Prof. of Medicine,1997,a90338da706491d1521cd8aa46d5d5a5fbaf04f9dc57ba4d5fc39b73808600a9
Universities,"$100,411.00 ",$484.66 ,Toronto,Prof. of Chemistry,1997,594a3ed594c5b70f060f8fa0eabacb05b682422035914b2456dcd316405cb885
Universities,"$112,639.91 ",$194.18 ,Toronto,Senior Tutor of Management,1997,131b69ac985b6c54d0a0f6831e0dadab1205af278ecdbf36b9c215bffe9b4843
Universities,"$201,000.00 ","$14,545.02 ",Toronto,Prof. of Law and President of the University of Toronto,1997,aa1daf7b7fac74b8054efc221d6a7279ac7771266f63679cb3e64ae357e074ce
Universities,"$124,089.50 ",$337.70 ,Toronto,Prof. and Dean of the Faculty of Nursing,1997,544d1938df77249a6047ee7a5ef193d2eef16939282e1f8761922b6a3e2330f5
Universities,"$106,730.50 ",$539.70 ,Toronto,Prof. of History,1997,ece4e1ddca7da10239fe95679d5cceb007902527248edc615601a05237f6bbe1
Universities,"$107,835.98 ",$521.00 ,Toronto,Prof. of Mathematics,1997,84ae0185856cd1198373de8150faa9199d6bade167e204c4a5edefdb2ac8e377
Universities,"$105,054.00 ",$560.54 ,Toronto,Prof. of Economics,1997,70f0b55845386f3a50f80212f930a8e3493226ffa33a0fad6d0ac7e8e5bec3f9
Universities,"$108,019.50 ",$568.64 ,Toronto,Prof. of Near & Middle Eastern Civilizations,1997,658be1cde04aae32447fac6851cff209821defa51cc3973da864800ad79ec6e3
Universities,"$112,265.50 ",$620.64 ,Toronto,Prof. of English,1997,a0c92091f763c2b21b67ba0f755d1659523e2b5b9661619cd4853e4a93f2315b
Universities,"$105,024.96 ",$601.96 ,Toronto,Prof. of English,1997,401c55ed179ce3b5cd01cf810c2dd62485cb5952c341c96112e8528e210a8fbe
Universities,"$104,058.98 ",$282.50 ,Toronto,Prof. and Chair of Linguistics,1997,52a52bac4eaba5e21fbb17813333f79e731cf691062875a5fa0f8d6be78b8045
Universities,"$107,293.52 ",$268.92 ,Toronto,Prof. of Econ. & Dir. of Centre for Industrial Relations,1997,11ff18fac03f52a61d59df4b21f540976128ecafecb0085dbaf38c374d3cca4e
Universities,"$106,825.48 ",$509.74 ,Toronto,Prof. and Associate Director of Aerospace Studies,1997,2df06e62bedceb2a6726ec0d888837b42db60d7b4ae7fb145b047aad0945d90a
Universities,"$108,830.00 ",$297.40 ,Toronto,Prof. and Chair of Statistics,1997,2e73bef91ee4369f8ebf8a74a34d92853e954469b209b4be06c0b0150977e1ea
Universities,"$110,171.52 ",$330.52 ,Toronto,Prof. of Computer Science,1997,1f744705adb7d28fa4288fd0da4abc07bdbfde30aa196ca2f114aa95749ca624
Universities,"$103,127.98 ",$420.16 ,Toronto,Prof. of Geography and Chair of Social Sciences,1997,ee82339862e6d4f497ae2b76b8f3d81df57ccf6e8ae112e97d3130ea9299d770
Universities,"$145,878.92 ",$318.56 ,Toronto,Prof. of Public Health Sciences,1997,36f5c991d8c360d80ffa529e1185914b340e693e8751add6e16b0b037ab71758
Universities,"$108,738.48 ",$448.16 ,Toronto,Prof. of Near Eastern Studies,1997,bcae1e1dd425fa4cb0ec93c1a608b55ff93ead79a48bc433d90e9c320de50eaa
Universities,"$116,076.20 ",$317.46 ,Toronto,Med. Dir. of Athletics & Recreation,1997,7483dda3ae582a07eb9a4b4e9097a51439e0bc752abcef1a0d1e18981ade1a09
Universities,"$142,417.92 ",$649.00 ,Toronto,Prof. and Dean of Architecture & Landscape Architecture,1997,d78a49d1b48cc0dbbd9084e462761fc11cd1a8d83109a680e20389cc243e3d3a
Universities,"$106,384.86 ",$656.08 ,Toronto,Prof. of Religion,1997,8e320de8d4afdc309e8d99b4b94ad0612c3c4b529f6e3a30416d59354804656c
Universities,"$106,475.00 ",$564.76 ,Toronto,Prof. of English,1997,33211647a7edffc48772e59c0675f88329278abb1276246c09d9d0d4ad48a9d5
Universities,"$104,093.50 ",$497.10 ,Toronto,Prof. of Zoology,1997,e569ea52bab4f3b54681a3dfebad0a027fd5f2837f446d6efcbd40111c450f7d
Universities,"$139,081.98 ",$609.96 ,Toronto,Prof. of Law,1997,0abceed27006a54c679e33a2a4b2a0de4ce879ceb6f035de8ef262aee9298a0e
Universities,"$193,155.96 ",$609.96 ,Toronto,"Prof. and Chair, Obstetrics and Gynaecology",1997,62554ba5646c63865603b4a661d965136242d3d170cfe1f77356c7746ebdf123
Universities,"$100,053.94 ",$249.52 ,Toronto,Prof. of Law and Criminology,1997,09c150c1937cfc5326992e404d0f50b1d37d823245e8824960f3a5a71d2c9d02
Universities,"$106,203.00 ",$360.56 ,Toronto,Prof. and Chair of Classics,1997,30f7a5b1f8e1c2d1bbdd34c1cdcb0005c5e56efb7a76deba3677d2422ed844ed
Universities,"$110,184.96 ",$453.76 ,Toronto,Prof. of Philosophy,1997,9bbba2aedb62889f241f2372e1a5669981d2b312ec82485bdf144448738ff93a
Universities,"$103,373.06 ","$4,504.89 ",Toronto,Prof. of Public Health Sci. and Dir. of Centre for Health,1997,3eb07ce7cee741b30f0a02c8ba6acb41eac1a4b91cb1d0c39ce1adc5f3ee4ec5
Universities,"$107,105.50 ",$442.24 ,Toronto,Prof. of Mathematics,1997,5309d3cc8e1ed901b1b817838a2ede1b0d2d70faefdbe42190682b04e3f73b53
Universities,"$110,133.50 ",$247.99 ,Toronto,Prof. of Education and Head of Trent Valley Field Centre,1997,c8525fdd8bf888c70bbafe5bd43aaffa4adfb2787c9bdb60a518e50fe795b087
Universities,"$111,405.02 ",$459.30 ,Toronto,Prof. of Medicine,1997,31523257dda4db4c5d727983b7a0f5e5f334a37293c88481c9cce02de432f5a1
Universities,"$171,018.48 ",$609.96 ,Toronto,Prof. and Chair of the Dept. of Family & Community Med.,1997,e7385adbe44f3ecad1206dc98df2fbb5bf3caf8f8327ea817da560eb0d0c5bed
Universities,"$101,843.96 ",$487.86 ,Toronto,Prof. of Dentistry,1997,8f13823b536a87c3c3da9844bb94610be5cbc6c5a03e6ec77e033dc07e87d8c7
Universities,"$104,523.12 ",$401.36 ,Toronto,Prof. and Director of the Commerce Program,1997,8aef17cfdbfbbf08b05181632186a8409d0a469b4dc4fc8aacafe21877a4f71c
Universities,"$119,152.46 ",$678.86 ,Toronto,Prof. of Medicine,1997,c47c9b9c98a9d6399eb49e5d51c967f5962ef8c843adc027cc5ca098e2459990
Universities,"$118,688.52 ",$487.00 ,Toronto,Prof. of Physics,1997,b4371457e53dbec066123ff8c4769815715afd6a0aa1d8d1ccba1f7dcc88a685
Universities,"$105,048.98 ",$631.78 ,Toronto,Prof. and Associate Undergraduate Chair of Geology,1997,aa491d2b5c6cc266863ce1781860d12a19a3b5bbd2af43de5ed35562ea007526
Universities,"$100,700.44 ",$548.20 ,Toronto,Prof. of Management,1997,8ac240fd8c9e6e0c8c5b5a3a0d6bd306867d029e52bdc6be43f4b9c6f42f0b25
Universities,"$112,000.04 ","$2,396.54 ",Toronto,Lecturer of Family and Community Medicine,1997,b726d82e59b8636bfc15e2b85ca2db212b7e27e5c828348c6fdac212207967fe
Universities,"$102,936.02 ",$492.34 ,Toronto,Prof. of History,1997,4f9512bf13cd7cba4aef0817cbf277855bac4270fa0c95d03477470b8bc8e9d6
Universities,"$154,739.00 ",$609.96 ,Toronto,Prof. and Chair of Medical Genetics and Microbiology,1997,e4792cfe59e2f784c9052ebfc1540d9e540b810293ed0ab441ad77eafddee2eb
Universities,"$127,654.50 ",$601.60 ,Toronto,University Prof. of Electrical & Computer Engineering,1997,273374a872e782a6059b3b452033f8bd56b67fe91cc7593834f34d18589f721a
Universities,"$100,409.98 ",$449.69 ,Toronto,Prof. of Education,1997,45eeabecdefa6916646fd226b894eed89df91f8646b44f04110187e5122d9068
Universities,"$107,536.02 ",$514.86 ,Toronto,Prof. of Banting & Best Dept. of Medical Research,1997,e0154279ddbd00dcdcc438566dbecae183eda8c9bbc789cab923e28657ceab88
Universities,"$101,632.56 ",$261.28 ,Toronto,Prof. of Dentistry,1997,56b2c39f738a39d64eb1d01480d03c62655394744eac14e7aadd303d8ce208c1
Universities,"$106,640.52 ",$637.32 ,Toronto,Prof. of Psychology,1997,fe2b5eca6a5f85bc55ff915dd7cae5b2ffecb153ef94c2ba3659b9765f17334f
Universities,"$103,295.98 ",$556.00 ,Toronto,Prof. of Geology,1997,38810149a71c7b61bc0b567094b8944fb6261b1db0e1fbdef58730e1054110ce
Universities,"$115,790.70 ",$667.52 ,Toronto,Prof. of Geology & Chair of Geological & Mineral Eng.,1997,0d12a48411bb5b24b3b4723f3b2ac163419b84a5028f8f30e7e71d18dddbbf27
Universities,"$111,987.02 ","$2,138.86 ",Toronto,Prof. and Chair of Astronomy,1997,b603d30b7983e9ffb53ef60c8123804691b8e15f3b2c036129fa473806f3d137
Universities,"$190,822.12 ",$708.00 ,Toronto,Prof. of Electrical Eng. and V-President and Provost,1997,ba975e2eee4bf384f552ff42cc0a9e2d16375adb88a6f9ca9fa019cd1a447561
Universities,"$123,460.46 ",$505.20 ,Toronto,Prof. of Pharmacology,1997,491a194992d5d1074d55ba61fc3c4b62cd4902f4cff1c7463172b5dfeb9161b2
Universities,"$110,290.26 ",$524.30 ,Toronto,Prof. of Chemical Engineering,1997,e979f38d71dad42998a45458cef0afbff4479c00a833bff86662d5add9f33709
Universities,"$101,311.97 ",$600.30 ,Toronto,"Prof. of Educ., Head, Northwestern Centre & Coord., Tech.",1997,d6b04b5c432a4b4a9b655a6e8f64d4daf275e3e94fc8fa9764df767604cd21fe
Universities,"$136,436.52 ",$609.96 ,Toronto,Prof. of Pharmacology,1997,616730e0fbf33f4af4a0f7ea6a794ee19d03159c15eebd79ecd683ff695efcba
Universities,"$100,561.48 ",$620.80 ,Toronto,Prof. of Mathematics,1997,0fc2a9cf33fd1f7471201f7b1e75b273fe7d532cc7749eee7a0de0bde60734aa
Universities,"$174,364.50 ",$347.52 ,Toronto,Prof. and Dean of the Faculty of Dentistry,1997,6e409e75a67d2969abc6a576e1758cb7a931131385bd396ccfe8be99c2c3b104
Universities,"$124,172.50 ",$508.42 ,Toronto,Prof. of Computer Science,1997,d9efbd70ccd532e07d797aae2390fb4b333e7f78d61b62afc44c251815c80b5f
Universities,"$103,568.46 ","$1,747.29 ",Toronto,Prof. of Education,1997,77982de22971999b51141eb445ece2c844ce783bf498941d2945fc9ee282c036
Universities,"$129,476.48 ",$708.00 ,Toronto,Prof. of Public Health Sciences,1997,adb8882e35ef437548f0eaf1356112af9c334926f969644dc5f494e98c4427cb
Universities,"$118,135.32 ",$523.72 ,Toronto,Prof. of English,1997,823cbf4ed99db62f917896f0513ff5363da511f008a92111579b67d02d04451c
Universities,"$111,874.92 ",$530.82 ,Toronto,Prof. of Criminology & Sociology,1997,201c318cdaab863f17c948c504a1c61d777789dba2879da70e5b26bdd79b6bc7
Universities,"$114,834.42 ","$4,061.34 ",Toronto,Prof. and Dean of the Faculty of Social Work,1997,5c0c2d0e696373c4e6d786ac48bfefead1b1edc8bb6503c120d53d5119a46d5f
Universities,"$105,922.54 ",$685.94 ,Toronto,Prof. of Psychology,1997,1de3c45791a09ebc823e528bfff4ae5a582d57165df7c12785bc9398a1ae4653
Universities,"$126,109.52 ","$1,540.42 ",Toronto,Prof. of Obstetrics & Gynaecology,1997,8dbbee5e729761bff3ab8e703f3b4b48bad8cfc4afb69839aa8d73161c160539
Universities,"$109,619.52 ","$2,368.80 ",Toronto,Prof. of Psychiatry and Hannah Prof. of History of Medicine,1997,427cd53002354bad8717c6a2a3c6c0ac7c99716c2f79e7b2bd1cbd2bf49cff20
Universities,"$102,325.50 ",$290.98 ,Toronto,Prof. of Immunology,1997,e6d5f822a49f7497a5c5c44ee8549cc443796aaf22b667242d02eea48ca767bc
Universities,"$198,000.50 ",$609.96 ,Toronto,Prof. of Medicine,1997,7e6e4156bcba2dda7d6232bbb619b019d13fcb3fbaab8cf2c749eb9ac3cecb21
Universities,"$104,595.52 ",$883.80 ,Toronto,"Chief Financial Officer, Faculty of Arts and Science",1997,3b22a5730b15a09471de5372b585cb72cd5c521b347ee31ef269c73d8e84499d
Universities,"$125,710.46 ",$338.54 ,Toronto,University Prof. of Mathematics,1997,b64ac06565a754f7b2939b0f83202812dfdd31435dca43b3d1ee20827bc462d0
Universities,"$103,368.98 ",$626.54 ,Toronto,Prof. of Political Science,1997,0018c8d6232ac25b2d319461eb8a036ac9132b508ce47f7ecf3e4cb15c5748da
Universities,"$100,238.00 ",$480.86 ,Toronto,Prof. of Microbiology,1997,3c438039ee9fb40b0f9c3f52c091c1f889740cf05f0064eb3587a4791f0fa17d
Universities,"$141,942.00 ",$522.48 ,Toronto,Prof. of Laboratory Medicine and Pathobiology,1997,89d70365d10f09f801350b0a5295ced6310f1d8ee71cec884e33dc9c2f236038
Universities,"$113,391.46 ",$313.88 ,Toronto,Prof. of Management,1997,13753ffbeda990188a4ad496b15c27b0b30695e3cc7a7799a42e95f861972603
Universities,"$138,602.02 ",$708.00 ,Toronto,Prof. of Medicine and Director of Institute of Medical Sci.,1997,2064acf47bc321c38e3c306c7c2b9bcc88f8420e583f952c8211cf4a2846bc00
Universities,"$112,643.04 ","$1,688.68 ",Toronto,Prof. of Political Science & Law,1997,5c2eb152588572c152de3c900ff438a26cdef9aee883cdea2edcac52893c5398
Universities,"$107,410.50 ",$439.84 ,Toronto,Prof. and Chair of Sociology,1997,006694dda053c45e4da442326637f71e322e51245ed4d44498fc039db61da2d7
Universities,"$113,929.51 ",$434.76 ,Toronto,Prof. of Economics,1997,c6933d9d7a6f18d434765de2a09c820e2e408af012bb198845ab5074121d68df
Universities,"$131,447.58 ",$598.90 ,Toronto,"Prof., Acting Chair of Public Health Sci.",1997,12099f9a2fa06db638ee88f6841ac310f16fc8651fbec260acf21fc6edd4280a
Universities,"$111,395.04 ",$632.56 ,Toronto,Prof. of Education,1997,a2b175598f9548b0a5a0f4efa428806b040ce9a486eb346c3962d09cb5c84b68
Universities,"$144,204.00 ",$522.48 ,Toronto,Prof. of Paediatrics,1997,3126dca7c4115243432f1252a2d9dd627f624d51e2f1901004a3ab87e8886b0e
Universities,"$101,283.98 ",$487.32 ,Toronto,Prof. of Management,1997,69c78dc4745bc6b8ff3cec7017e0ef8301cfff9c75243fbc38d16a6c59ec8825
Universities,"$128,099.00 ",$347.52 ,Toronto,Prof. of French,1997,28e261e4770412ab5445da85dce24c84622b2eaf749d33ccec4af4593a9b9097
Universities,"$144,032.02 ",$609.96 ,Toronto,Prof. of Political Science,1997,5daed06640ce8f5d93fb25a2177dd691a5d0105399381fd5469c13ed0040f302
Universities,"$108,675.48 ",$450.64 ,Toronto,Prof. of Zoology,1997,c53f92c6c45f3001bd6e4ad49021a4c95c5dc2cbc43d3769599fc49f412a71fc
Universities,"$123,595.98 ",$337.94 ,Toronto,Prof. of Electrical & Computer Engineering,1997,08bf2d4e0b4e48f1ea987a9e7d031aefcb56e4c124fada2b17b633b20bd0c3a4
Universities,"$107,586.98 ",$517.54 ,Toronto,Prof. of Mathematics,1997,61df0f7b601feacc3575f6962e16931246127d4cdc5b22411e8547019d6bad79
Universities,"$109,668.84 ",$433.18 ,Toronto,Prof. of History & Director of European Studies Program,1997,1ccf8a9462bdeb7c536119dc8eec0970b6b2ebfded9837bc2b88b3a87f8c0793
Universities,"$126,139.02 ",$615.30 ,Toronto,Prof. of Civil Engineering,1997,dd4021dac03f9c820fd879f5ca9b94dc58bfe9f99539f8650afd0b0bb947dbdd
Universities,"$112,938.00 ",$872.62 ,Toronto,Prof. of Dentistry,1997,b175a4327866812873d60d7f1d59441defad8dbef8098675ac0e0094e68d3183
Universities,"$131,078.46 ",$708.00 ,Toronto,Prof. of Medicine,1997,748798c23a64572d700badaa2f4b46f402e457938d0987f6fbbc507beda049f4
Universities,"$116,613.98 ","$3,599.60 ",Toronto,Prof. of Political Science,1997,a0d66f06299e67d5e192c7a125913884da77d809c1cd1afa453d9fab488e838f
Universities,"$100,549.96 ",$274.78 ,Toronto,Prof. of Pharmacology,1997,9fa2b60f65394e0d3d60972d18d1063407e505fc7f084c20af526f9b52c2aef7
Universities,"$118,877.02 ",$406.78 ,Toronto,Prof. and Chair of Speech-Language Pathology,1997,89e89a66e745997c03ee1b73c4d2161047196561b66d0f3919cba41bfa6e2f84
Universities,"$131,186.50 ",$609.96 ,Toronto,Prof. of Statistics,1997,7477ca7b1752eb48d4e4edf073a5a35f222aa7481fd12c593e232bb0f6d8872f
Universities,"$100,389.48 ",$617.30 ,Toronto,Prof. of Economics,1997,9fb6dd7b7bb7063d57f84f47a8346ed404549e391a177abf4ca8cfcc5f409584
Universities,"$100,982.52 ",$548.40 ,Toronto,Prof. of Aerospace Studies,1997,6c6bd12a6ef29f1afb3a2c54ef98d5611362464158d6fc2137a4cd8dff6d38f3
Universities,"$109,949.00 ",$400.07 ,Toronto,Prof. of Education,1997,75d3b81f0a01c920b301e2d94342ef53a38a046c00e71cf3d220bf2bc5cbbc4c
Universities,"$127,583.50 ",$417.92 ,Toronto,University Prof. of Political Science,1997,1bf7e774b934e3e6ccbf007a21770dc51a4ec9869aa8afbe7d086eff25772915
Universities,"$109,846.02 ",$649.90 ,Toronto,Prof. of Medicine,1997,7429f842ce8bbf9d07570c8ec54694e45c268d4fc539c268c31bb3c06145a554
Universities,"$103,514.04 ","$3,874.08 ",Toronto,Prof. of Civil Eng. and Dir. of the Joint Pgm in Transport.,1997,cd5d376a883e508e7c4df02b11bb91dd0ea9e2db9cad454a017cdd15bd623fb8
Universities,"$102,441.02 ",$422.82 ,Toronto,Prof. of Chemistry with Administrative Duties,1997,0a46a3f7cf0486525a4cadd661fcc2b894226c0f3292ee1c0204034f68b515f7
Universities,"$102,060.52 ",$527.56 ,Toronto,Prof. of Comparative Literature,1997,c036d906db084c3526f84a2342316cf9692a6dfe5ae604e8edcb9c90e10ba8cc
Universities,"$100,056.96 ",$547.54 ,Toronto,Prof. of Political Science,1997,497361e7dc79cf3c67ded01e360dc7440a734843f9b98c7af45a89d148fbee34
Universities,"$149,242.86 ","$7,477.22 ",Toronto,Lecturer of Family and Community Medicine,1997,7492369492918c3ac0bfa1a65d159b17648285519109c9f5f17584c5e8a55458
Universities,"$104,776.04 ","$2,477.58 ",Toronto,Prof. of Aerospace Studies with Administrative Duties,1997,232840e6b1c478404c09e1c2ede2e51a46dbc797fe4c915a2ff3111853048dc2
Universities,"$110,943.00 ",$532.10 ,Toronto,Prof. of Philosophy,1997,2710bc6110ca4330170d1195490ba883c1f501a17f5fc60c340739d09d896831
Universities,"$102,126.00 ",$348.75 ,Toronto,Director of Admissions and Awards,1997,96827d440aae607ffaa116820198709cf9b235fb27e5245e83d7e2d6bb5af3d0
Universities,"$102,827.54 ","$1,685.12 ",Toronto,"Acting Director, Health Service",1997,295482de7b7a0d0a0a6975f84ed5509515ebd88f67bef101e34a070c5024e4e8
Universities,"$143,277.54 ",$708.00 ,Toronto,Prof. of Paediatrics,1997,7abefdc900757b2eede23a35bbb99b95eb74e8f10ac6c76899ac0328bf318438
Universities,"$100,462.98 ",$615.68 ,Toronto,Prof. of Anatomy & Cell Biology,1997,d93b6549f719147622f6a1e622aa13b8a50e40f8b059503af8d20b00864ee154
Universities,"$101,294.48 ",$483.88 ,Toronto,Prof. of French,1997,733d515007293fe53fbee221c89e24aba3b75edfab2ffdd62e457323c1ae2372
Universities,"$145,332.48 ",$609.96 ,Toronto,Prof. and Associate Dean of Dentistry,1997,e30cf3b5bc3ef7f3e7de9dd91a773a6c0a1236f2feccc8c0eacddef5c1eeeb82
Universities,"$105,645.56 ",$285.88 ,Toronto,"Prof. of Medicine and Director, Post-Graduate Pgm.",1997,4ddd2cd5f0f7f12dd799e753752fd3d7c759ecfd842bd3045be0dcdcd0eda29f
Universities,"$136,172.50 ",$692.98 ,Toronto,Prof. of Aerospace Studies,1997,4815a912d18a62f6340226d3e52eb9f31dbabc9a9fbc0f7b42fef72ef1c79e88
Universities,"$131,209.46 ",$520.24 ,Toronto,Prof. and Chair of Sociology,1997,d1374f6f5b6c8c41849ad74914000b6563251b9458d47a11bd94182ac274c53a
Universities,"$101,646.02 ",$619.08 ,Toronto,Prof. of Pharmacy,1997,01be966ee8467267b0855ee856a249858f1e4ee14387c798fcf9e3b567fea212
Universities,"$103,526.04 ",$425.00 ,Toronto,Prof. of Chemistry and Chair of the Div. of Physical Sci.,1997,b31773982d544b15569179287de958fe335c6a8af9a2446f31e7b51c555f5ecd
Universities,"$105,876.50 ",$557.44 ,Toronto,Prof. of Nutritional Sciences,1997,07cb66d9c2cfebe5ff5b13c91ed3629a22df695ec6674f35e8f15b47767e1309
Universities,"$106,682.46 ",$633.50 ,Toronto,Prof. of Chemistry,1997,8b84b61112d63259b1c7184633fe0b46c52c67932d36a69dd0d6d639d97f95cf
Universities,"$125,697.96 ",$506.52 ,Toronto,Prof. of Philosophy and Principal and Dean - Univ. of T.,1997,ad99139068194c9b5bb80c7d7c36bbd180a5fcf93f4268a81bdd2fb58ad8592b
Universities,"$102,606.96 ",$346.12 ,Toronto,Prof. of Public Health Sciences,1997,cc915dbb63739cf85a34fe77d750030b84e0ff5318c80cf80a6815d1df295818
Universities,"$100,665.00 ","$3,853.40 ",Toronto,Prof. of Forestry,1997,16d91bfb148c972fc2b23d2b24ae790909aecd0966d6a9ad8290263f793cac4a
Universities,"$113,720.54 ",$386.72 ,Toronto,Prof. of Zoology and Director of Computing & Info. Sys.,1997,7e539012652cb4769fd34599b09a7ca0dad922df6e04f5341cc5d4cf5e4a60e1
Universities,"$108,758.00 ",$534.48 ,Toronto,Prof. of Education,1997,76b77906fb94daa75edfa3b53287bdf378911e665ec3dbe888584e8242d0809e
Universities,"$163,983.66 ",$708.00 ,Toronto,University Prof. of Law and Economics,1997,a324f98c8c1f9c9bc7b7de69e54702f9bee9fc9c00a390929f36d9a6a34e54f7
Universities,"$101,980.68 ",$288.14 ,Toronto,Prof. of Psychology,1997,cf04468d3ac8acfc0503c9f8d579db8657283a493512fdfff5c487f9f8b1cc44
Universities,"$125,923.36 ",$231.68 ,Toronto,University Prof. of Theoretical Astrophysics,1997,822800eeebb6f55843bba813966db796e1dea2b1e623bae5f83cfff6f0ab4818
Universities,"$163,122.96 ",$708.00 ,Toronto,Prof. and Chair of Ophthalmology,1997,cd55eced3f4f1b82ea5b69e57e8499e10f2ae10155628e0499a4421f94932e72
Universities,"$101,388.96 ",$617.80 ,Toronto,Prof. of Computer Science,1997,692466491fba12da1f5f8167e9bb2b42f12bb5681e1ff150a17a1632a9827673
Universities,"$102,153.02 ",$606.52 ,Toronto,Prof. of Philosophy,1997,00b5aea758e7946563f5d2f1df340ec05173795f9c11105eb0dd12d8aca3e846
Universities,"$138,396.94 ",$641.62 ,Toronto,Prof. of Political Science and Deputy Provost,1997,678d45dc5e356e3b8ff07bde9a3030858f23d6df731c54691f97c509f6cd44fe
Universities,"$102,482.46 ",$623.26 ,Toronto,Prof. of Mechanical and Industrial Engineering,1997,ba3e77e69a249342dfc5e54199192cdd8117da345fc9a77fbff2d87be2dea204
Universities,"$129,084.50 ",$520.86 ,Toronto,Prof. of Pharmacy,1997,8632ea288e7513b8b6f6a2c9dfe87c12f54ac0288f04e22157e6b902e22f15ae
Universities,"$139,348.02 ",$620.52 ,Toronto,Prof. of Med. & Assoc. Dean of Postgraduate Med Edu.,1997,3f1fe802381cc91b09238d6e1f8a944d6334d3da9eec527727f0df362ad5edd4
Universities,"$103,093.56 ",$423.74 ,Toronto,Prof. of Spanish and Portuguese,1997,21d83117bf7097db54b7e583ca5768f4ea187a53bb3faeb6490dd2fea17c8683
Universities,"$101,821.02 ",$417.40 ,Toronto,Prof. of Physics,1997,ab30fba825f891682133c81925d8b70cc667c5e0e6faf9e21aaa3c1aee1ce2b0
Universities,"$105,188.56 ",$360.90 ,Toronto,"Prof. of Medicine, Laboratory Med and Pathobiology",1997,6148ea6dad8643f978072c6fd66f99163b10f61c47a3acb7a0b652fd2d7e0e56
Universities,"$113,803.02 ",$660.23 ,Toronto,Prof. of Electrical & Computer Engineering,1997,648b385dcae7e46507c6d9e8f94418eca32ac1ee9ca62bdd849fe4895a313552
Universities,"$135,352.92 ",$609.96 ,Toronto,Prof. of Mechanical and Industrial Engineering,1997,330641cef16e2639a1aed2753c4e76993d860a259808723b5106b6e55810cb1b
Universities,"$108,089.56 ",$369.28 ,Toronto,Prof. and Chair of Physical Therapy,1997,259b3be27494ed6cab091290752b7a843d58af8f1b87331bff62cc806a75100c
Universities,"$103,922.71 ",$250.32 ,Toronto,Prof. and Chair of Political Science,1997,55a95d122195476d8fe855dc4a0f4663bb98dc6d7228c11921f560668bf93b77
Universities,"$103,494.98 ",$461.80 ,Toronto,Prof. of Education,1997,e3ac533b1f9bb93a0bef64c8c971e0c9fde771bd27af9cbd62361023bd1617d1
Universities,"$115,445.04 ",$469.84 ,Toronto,Prof. of Electrical & Computer Engineering,1997,639f62a0d36c04dd52c4978fe7f9e880e0032a3c1a1f3027aa673f27b579bf17
Universities,"$142,798.32 ",$435.00 ,Toronto,Prof. of Law,1997,d231c3546fe74b0de845eced51e56245ecb8c37eec7a9c98083ba6c81ec6b13f
Universities,"$125,158.08 ",$347.52 ,Toronto,Prof. of Surgery,1997,d45d94e1f806366f091f34feb247b19e7bfa35f9a206cbf72aafc4771af4fd30
Universities,"$100,367.46 ",$546.75 ,Toronto,Prof. of History and South Asian Studies,1997,b898304e53e9f49aeef16a15acf57b9591826ec99d7843e7f2d76f0a3285cf4b
Universities,"$132,519.97 ",$667.91 ,Toronto,Prof. of Education and Chair of Curriculum Teaching,1997,95baa36f748a5b3f5b270a7ccba12dfce79586a535edc19b9a04796f6087957b
Universities,"$117,981.00 ",$595.34 ,Toronto,Prof. of Physics,1997,a41fdbdab6498d916e82b28c77c1a81dc24a96db38ef5eb09e7f02dccd9fcb9d
Universities,"$116,412.52 ","$4,118.80 ",Toronto,Prof. and Chair of Psychology,1997,49255b04eb0e659466c9e98ca56945f86a10f77dee7f49c9cf647387f65fec92
Universities,"$119,715.48 ",$521.46 ,Toronto,Prof. of Psychology,1997,1110cf1dd0ce4d81a149f9cb15811ec74a8526ace9c52453fbd736cc7673e243
Universities,"$113,226.00 ",$463.76 ,Toronto,Prof. of Mechanical and Industrial Engineering,1997,2dc0586f27684fd20f111f75d65040158eafe803605ba840917655dabbddfe59
Universities,"$105,086.52 ",$432.06 ,Toronto,Prof. of East Asian Studies,1997,8892cf298bd5dbc8e213e2ac4051ce3db997eea16df8a6828c757fb9acb71f52
Universities,"$109,549.98 ",$524.68 ,Toronto,Prof. of Dentistry,1997,77002d9e6ed25a7467f37ad6a8467799ae7f3baa80870fabd40580d6d70da8c3
Universities,"$108,432.52 ",$476.68 ,Toronto,Vice Principal and Registrar of Woodsworth College,1997,fbbde3103826dd667283e0d13f7cc8bcef6efebc958c8261b0198f2d62504ea0
Universities,"$107,041.54 ",$515.96 ,Toronto,Prof. of Law,1997,71ecb607e16e20e3f6247edffed978d5e2717020d1e09afb57e85c2c2e99f16f
Universities,"$135,535.74 ",$708.00 ,Toronto,Prof. of Law and Classics,1997,ca71b37aade59fbe8a2c03e8da0fe63577359b2df1ea252a3400e6f6dbe6da14
Universities,"$106,512.54 ",$640.36 ,Toronto,Prof. of Law,1997,61ab2afd06b8e388d9b225b74eda6694ef86e577398716042b26d8dae2cbd7dd
Universities,"$113,399.00 ",$511.94 ,Toronto,Prof. of Education,1997,eb1f356ff44843eb39a1406f0a0441168df1f434aebc0d122bd0350360f354dc
Universities,"$100,080.00 ",$310.32 ,Toronto,Prof. of Social Work,1997,377b646e30919c5129b2ff92ec41b07d61bd66184e64e7ca5dc4d82a0da17c5a
Universities,"$105,359.58 ",$589.12 ,Toronto,Prof. of Physics,1997,9f5f25b3be5ca7b0e34e4587cfad988cf8baa99920b309ae2feb6456433e9639
Universities,"$114,740.50 ",$588.34 ,Toronto,Prof. of German,1997,4c60ddb9668e3f5dc7bbf474962944468d11a3c2bff80b8b3b2c985afdb9d8e9
Universities,"$100,405.04 ",$480.82 ,Toronto,Prof. of Sociology,1997,3badffcd19718339cf7d4027a7c39a25a9acad14dfbeafdca901d4a1714043de
Universities,"$104,887.48 ",$507.36 ,Toronto,Prof. of Paediatrics,1997,fbe90f3f8e58d4702f666d02ee8d9b0e8bf8a4f45cc090e645e0a159cbcb9f3a
Universities,"$102,641.00 ",$619.42 ,Toronto,Prof. of Management,1997,7056a77664ca7fdc922dcd882b58795b72e85a4eb890eb4b3c7abd9fa349aad9
Universities,"$139,875.00 ",$609.96 ,Toronto,Chief Financial Officer,1997,7dd4c2a5159ea1d0fcde677baf416699746f2d70bd7d24af1edf1833c96ec3de
Universities,"$124,039.98 ","$4,248.88 ",Toronto,Prof. of Management,1997,c46003ffe754d2841c985524b88b30d4084d0b6d3ef5c5b1fd8880eaf590fb81
Universities,"$117,794.51 ",$531.57 ,Toronto,Prof. and Associate Chair of Civil Engineering,1997,d81c91f5e695f1c8a6d4d3f3995bf1dfef144c1de14ded9a7fbbf11d80b637b7
Universities,"$106,887.00 ",$517.18 ,Toronto,Prof. of Botany,1997,be96c43baf399dd8ab91c68437a2e8b63ee6acd0f37b48208804a0817bb1bea6
Universities,"$203,333.38 ","$3,522.48 ",Toronto,"Lecturer, Sioux Lookout Program",1997,0bf744c5588267e579f47ccc970320842f0673a578c7f5593fea179f6ada748f
Universities,"$114,780.50 ",$454.00 ,Toronto,Prof. of Philosophy,1997,b10d890acf359855bec0484ef252b7e92124fb9fec63802d42d6a06c32c0f6d3
Universities,"$135,438.97 ",$522.48 ,Toronto,Senior Educator,1997,1c42003e7a3a4662457d0908ac6a2dc6704f111adea725596a792bb77912af83
Universities,"$130,765.48 ",$609.96 ,Toronto,Prof. of Economics,1997,21706fe866d5b33254f7718f1d8f5f10ec12e67f45688d75e10a56493afd1931
Universities,"$107,662.52 ",$430.98 ,Toronto,Prof. of Chemistry,1997,14893aa9451b6613c7883e24d34ed55c0d274a28a039d823013d025b9d8bff2b
Universities,"$105,244.00 ",$357.68 ,Toronto,Prof. of Economics,1997,7e7350eb7336f003bc3aef6b9c6305d761caa1a6a1f42cdf6f325c4696c5956f
Universities,"$103,108.00 ",$240.31 ,Toronto,Prof. of Fine Art,1997,8807ee2fe0b2c981ce5c6cd2baba0cb9929803949873567b7afa7299bb0e6435
Universities,"$103,450.48 ",$556.40 ,Toronto,Prof. of Physics,1997,36c4f8005733aa670e651f17a9336f32be6cb4efaff97aa2861627fb1c6e3c01
Universities,"$107,725.56 ",$592.70 ,Toronto,Prof. of Electrical & Computer Engineering,1997,d2c7263f7b7a90419060d1008cc7ca21127d50cdacdc7e9af475641d8ea786c1
Universities,"$101,103.46 ",$548.92 ,Toronto,Prof. of French,1997,f9465ccf11dae7a84c62f3c429d253c318c8c18d033a32b177b2f28d62f8b1da
Universities,"$117,906.92 ",$0.00 ,Toronto,Director of Alumni Affairs and Continuing Dental Edu.,1997,962a6c5cfd1f8403bb95ee234eb9d7a5b7558bf3f643aff40fab2a0bc3d11295
Universities,"$103,787.04 ",$283.66 ,Toronto,Prof. of Education,1997,f7fa4749c15b1b43ae152baf2458928fc4144716403b9695615c4d3268791939
Universities,"$126,136.98 ",$701.52 ,Toronto,Prof. of Banting & Best Dept. of Medical Research,1997,08a61ba6135e356fcd7309ab417c2a3eaa17ff1ebc4b8579d4c6094a96d5b029
Universities,"$124,952.46 ",$615.66 ,Toronto,Prof. and Chair of Physics,1997,ced3f5ff39d20ff44830fa2c3ee319912d5bf9fe3fb63570f56e583fb04a2332
Universities,"$100,285.86 ",$522.12 ,Toronto,Prof. of Zoology,1997,795f7491cb5458fe5a7cc4fcfeaf4587fde99177c98917e01aea28a3391d4eaa
Universities,"$118,985.00 ",$426.50 ,Toronto,Prof. of Public Health Sciences,1997,61133f48b404f6755871ab640bec2b466d55a8cbbd5fece69fa05fbf49726028
Universities,"$124,023.54 ",$589.76 ,Toronto,Prof. and Chair of Electrical & Computer Engineering,1997,cb8243de7ff419be8b2540a61d0c2ca51bfc6d2ac7ab68b9ad3f8a70936ad48a
Universities,"$151,498.52 ",$708.00 ,Toronto,Prof. and Associate Dean of Dentistry,1997,54c4d6c66ef11b28ae34fcbde1298d0eb495580ed7d972a730b58a276ff5d6a7
Universities,"$103,085.00 ",$626.12 ,Toronto,Prof. of Electrical & Computer Engineering,1997,8b41b5002a5222376c704533e82bbad28ccc4544a3818b23f3d9f2eba95ad891
Universities,"$102,180.71 ",$407.55 ,Trent,"Full Prof., Philosophy",1997,6ce73ca81b290b59daba6950b340b24127de231a80deb527a0192d654c2fac75
Universities,"$152,499.96 ","$7,102.95 ",Trent,President and Vice-Chancellor,1997,62c8fcb69f4f7b668e6071e26373c5c4a545c0aea42c699b1e49e25069da7483
Universities,"$104,483.33 ",$396.26 ,Trent,"Full Prof., Anthropology",1997,0158ce84af7cb46ae5d3897441cd8d1d4680db982cf7c4c6a97ddea34c4431a3
Universities,"$100,600.06 ",$403.23 ,Trent,"Full Prof., Environmental Studies",1997,c554dbbd9d0a5fe920a970f4199403cd493beffa250e055b6b87afd68c4c3c7b
Universities,"$106,685.28 ",$396.80 ,Trent,"Full Prof., Computer Studies",1997,bd94ce0858938705590eea427275629d646f60e46f367ebde6079bb80b45715a
Universities,"$101,900.71 ",$407.55 ,Trent,"Full Prof., Chemistry",1997,2b4a98e936a4a1090a4560c19b32a09e7a033fbd64135cac65aa8bef3f7f46ff
Universities,"$100,595.92 ",$401.10 ,Trent,"Full Prof., History",1997,2b10511fff225973726f2a945bbc7707247cb1b1e045e2566df4bca818875896
Universities,"$110,565.33 ",$396.26 ,Trent,"Full Prof., English Literature",1997,5b9637992993ed28e04535c97b68df5b17c3abdc4b97aa44d3f22bc04f1e1c3c
Universities,"$108,429.85 ",$442.64 ,Trent,Vice-President (Academic),1997,73fa0574f686b95d5f5af73e7682b878d9f8e8ad02ba45ac6a1edf5d39b87167
Universities,"$103,941.34 ",$416.62 ,Trent,"Full Prof., Geography",1997,8b31d0cbdbca7e7bfc1e4770a5a3289a2f7b05e339b5ced7ff64f1899863809b
Universities,"$104,870.94 ","$7,476.04 ",Trent,"Assoc. Prof., Pyschology",1997,f14f5a94a09d146e95a46e3a048bb8b504180d739e87e4c74c2441aab34694b9
Universities,"$106,634.50 ","$3,647.30 ",Trent,Dean of Arts & Science,1997,c49a230a51a1e8e8e979a70375879bde41291a1578d48057719380da9c84deec
Universities,"$105,139.04 ",$230.23 ,Waterloo,Prof.,1997,bc5baf1de83b01c1744a37cd45d341287b3a1c1f800a0bc7cc2d5ee42939f9e1
Universities,"$102,770.04 ",$211.98 ,Waterloo,Prof.,1997,0058a8c13ef97ca4b04b8339d424e6969403bbb77b60e12a1af91c17772463e9
Universities,"$104,543.68 ",$229.50 ,Waterloo,Prof.,1997,c6d2723e85f79949fb83066ee6c00eb6136f1c42960ef02eb8bee51e25c3911f
Universities,"$104,324.04 ",$214.92 ,Waterloo,Assoc. Prof.,1997,49625fd00b51e8cf9303b2eedfd40d244021f9bb3e33f2c67a45a17d8eb69121
Universities,"$111,528.00 ",$218.03 ,Waterloo,Prof.,1997,a1229c192881b48cb0f9fdc1fcf7463d681294c946d8642d679137b671c45c6d
Universities,"$110,308.98 ",$621.01 ,Waterloo,Prof.,1997,e0b6054242e7cb526dbc9ee9f3aa5002700561572f99e6af8a14196a31767df7
Universities,"$102,539.56 ",$91.50 ,Waterloo,Assoc. Prof.,1997,a763f2a9e88f1febc280e1038e57a5c8b7412fceb0498dfe7b8813a9c5137779
Universities,"$139,077.68 ",$256.50 ,Waterloo,Prof.,1997,86bb1e87b1bfafad4d517aaee2c2b761f1a131b576275511de0013790c7b4af7
Universities,"$119,508.72 ",$232.87 ,Waterloo,Prof.,1997,25a2b665a668669889923d923aeb7aa8fe0d997b772d0f57684ed0a5ef98fa9f
Universities,"$100,426.00 ",$205.73 ,Waterloo,Prof.,1997,03e0326b1431a25535006c7e4837e21958de26fbf08bc9132783d79ca0623123
Universities,"$105,828.00 ",$231.47 ,Waterloo,Prof.,1997,e63c705a72cbbd0f158223a70a5c368ced37c981bccfec43158af3f05e20e6d7
Universities,"$107,927.32 ",$210.73 ,Waterloo,Prof.,1997,60abfd31e7b273497af371a24ef6696ade402fd114e4ca198ee2e8fcf5f5ee3a
Universities,"$100,270.04 ",$219.58 ,Waterloo,Prof.,1997,edd89fd06844aae938e6e75d8d36f51d6791c13e60904bb60aff875d6bc52dbf
Universities,"$101,243.96 ",$222.76 ,Waterloo,Prof.,1997,3efd3f5a141840d5b73ac719ad7e4a9684913c31728daa7a13a394f40c8522d1
Universities,"$198,666.64 ","$1,804.62 ",Waterloo,President,1997,66704d5c48f1526efddfd91e3fa3e2a75d801b030ed50eb9c37bec758dada936
Universities,"$101,729.68 ",$217.42 ,Waterloo,Prof.,1997,6fcba30484e62c18e8b12d1e55a617f313abdeb9f29a7a04b3a7640b6007e673
Universities,"$110,922.00 ",$231.00 ,Waterloo,Prof.,1997,0542f9ad01c9b526def1255773ed63d15b5c10dfb4c2be0d93684697c478216a
Universities,"$103,628.64 ",$220.71 ,Waterloo,Prof.,1997,2d1154ba20825cb7136fb6474997532d013e63bd0799d66157c28e23522826dc
Universities,"$102,099.04 ",$210.59 ,Waterloo,Prof.,1997,47c7659b8cf0a72187fb254a7ab5cede9472fa219e45d2a4ea9350349e84cfd1
Universities,"$162,127.32 ",$358.03 ,Waterloo,Prof.,1997,fe53b640ca820f77338486b0fa4d53c0d8e88ad18f62a0c28493e91ab24525f0
Universities,"$101,284.04 ",$207.95 ,Waterloo,Prof.,1997,4273595ef3c106459e57791af7d353024692c7005809ccfe6d3aa99ac3973fa1
Universities,"$102,586.54 ",$223.77 ,Waterloo,Prof.,1997,4b6dc8f66e897a30a1c87c834a143af24dd01b1d90632e01bb34b88d4265855a
Universities,"$106,702.28 ",$222.03 ,Waterloo,Prof.,1997,3ee44c9cffd012c5fc6dbd09e655694aa13ed85d46d489d1e21f9191c1604801
Universities,"$100,573.32 ",$402.26 ,Waterloo,Prof.,1997,8dec705d504d7ea387a2c91476e6eea6f25f502b1776171effd099113e76fbea
Universities,"$107,379.60 ",$93.77 ,Waterloo,Assoc. Prof.,1997,cdf211a49b8cfd9562286ea5b61847bc21c0f91749dfd7c6f14163ff956a096e
Universities,"$123,059.96 ",$247.45 ,Waterloo,V.P. University Research,1997,f15a0f414a78cebd2bb5faa708e1b1ad6dabdaf841e14199ec574982a792f06f
Universities,"$114,740.72 ",$224.06 ,Waterloo,Prof.,1997,9d3520ba9711be86d96de2f38bcc161abc9d96e85abbd7e4a0637f1e61d005f4
Universities,"$104,814.94 ",$170.19 ,Waterloo,Prof.,1997,3e85cd99ade80c72b69e6bd38eb4dccb3f2bc6f15b8a48db01be2f7d9aafdf5f
Universities,"$101,843.00 ",$208.85 ,Waterloo,Prof.,1997,a3b33153b0705ebfef09e06277098328913d966e5552cbfbca28c398708ae74a
Universities,"$102,431.00 ",$224.25 ,Waterloo,Prof.,1997,fbbdc3caab4abdc389bf789d4da6f88c614619c2eea0d1f3ce66316488ce1f5c
Universities,"$105,021.04 ",$217.47 ,Waterloo,Prof.,1997,7d21f770beb5ae8f317b0257a917850b9aed43e3e791db001a1c92db92bb1d61
Universities,"$102,918.32 ",$217.68 ,Waterloo,Assoc. Provost General Serv.,1997,8e5430888ea22b06f1f80cb78de53daf40699f6343e088a9d8ab733eda9f06c5
Universities,"$101,279.40 ",$404.07 ,Waterloo,Prof.,1997,623fc4105080401323725b999e320bff7036b1dd67760ed1a983dc530941aa74
Universities,"$158,999.96 ",$340.04 ,Waterloo,V.P. Academic & Provost,1997,3599b54903ee45f2a7766545caf8562bc55d8730eb0c42040cb82e5c5e8221e6
Universities,"$117,927.04 ",$232.71 ,Waterloo,Prof.,1997,86528f8466e4b3b211054ff0ee2920c5396e28311a7493aeae90b01f5525d05f
Universities,"$100,491.28 ",$386.17 ,Waterloo,Prof.,1997,98c5684f4e14ff34a637e695add6a2324f5be0ddb0a540d7ae247ea90383abea
Universities,"$110,213.53 ",$223.22 ,Waterloo,Prof.,1997,491cbcf6a8e4839cb33cc8783336078c99a3d9a69df4092f19d73c847fa71fe7
Universities,"$100,315.28 ",$220.00 ,Waterloo,Prof.,1997,1eaee431c0134a554424bf650eb5b31b607d241c3b2dce95b2feccfcfd89ad44
Universities,"$105,977.68 ","$1,384.80 ",Waterloo,Prof.,1997,2021a07fb4772eaa3a7d7a9c82bdd9433330fb71c305d85bfa8fad84633c30b0
Universities,"$108,830.00 ",$238.18 ,Waterloo,Prof.,1997,9387276dd17b00f5a94c177e741d66cf29dc5c814ae0b7c6724a08122a289bc5
Universities,"$104,106.68 ",$214.62 ,Waterloo,Prof.,1997,ee8163469277f23606ce7c5605670e01d810882ca6eed55f3122c5ab5942b767
Universities,"$108,505.00 ",$416.83 ,Waterloo,Prof.,1997,b8f9ea7b6f11cf281a10700ed19ebd1d3c31439e019c7caba481170680426208
Universities,"$102,190.96 ",$207.16 ,Waterloo,Prof.,1997,369e5b3db4f93526b21621f0e1c335a6a1ec3a7e9adaf9bd497866cc981fc6f0
Universities,"$154,228.77 ",$236.03 ,Waterloo,Prof.,1997,2bd671a1db1758538c78d672861545e132504a481874417dafc8f79eac08ed1d
Universities,"$106,913.04 ",$227.45 ,Waterloo,Prof.,1997,a4b4a951a0bb34bf1162a74eeb4c263dab113c0054efd91d2e6533e11733064f
Universities,"$104,728.32 ",$223.11 ,Waterloo,Prof.,1997,3421ee7012d2a0adcc42cb1246c02cd03b16de5310b051f5f9fa70d20aca8f67
Universities,"$105,294.74 ",$220.38 ,Waterloo,Prof.,1997,847f9b14f41b294b04733851c1d07ea9f70caaf3510cc49b373403779778b731
Universities,"$101,129.88 ",$397.57 ,Waterloo,Prof.,1997,8bab9776494dd8b94e32cd414862245966254f86a67959202088fbfe38b9db38
Universities,"$109,188.00 ",$226.75 ,Waterloo,Prof.,1997,15f36eb51638bd8ed9220d566d88d58732281f267088e945f3c709239aa15817
Universities,"$137,838.26 ",$308.59 ,Waterloo,Prof.,1997,9abb41df53942613437f2ddabdf06319fe6578ef64058fdba47a86182d541b6e
Universities,"$104,454.04 ",$224.19 ,Waterloo,Prof.,1997,860befa420fc8802d14b140f0d0542de462efd84bb6ad0d385633e7962ad1ecc
Universities,"$101,224.32 ",$221.27 ,Waterloo,Prof.,1997,cc4a81fa35c34fe45220fa9fb078a1d04c6c135e36506e09d5c6109f24e9890f
Universities,"$101,361.64 ",$221.58 ,Waterloo,Prof.,1997,5816fe8b76c5e9736ab4a45e7a6cb0a7b3b8d398b4e692ab6685305b1a1f434f
Universities,"$101,482.68 ",$222.53 ,Waterloo,Prof.,1997,d6b7c6cee3f4f8d89e8471934984ab5e6d5de1b322984a2932f57cc6f7b4e5b2
Universities,"$105,196.40 ",$395.77 ,Waterloo,Prof.,1997,e089a106bfc252411f828e4ed57100553dfc09107a8678177b6365c6aad62ede
Universities,"$104,930.96 ",$218.52 ,Waterloo,Assoc. Prof.,1997,70cb47b382a51a48d163ac0e4c46bae47d69f82258b25e9fcf0c29b95d09303f
Universities,"$111,380.00 ",$226.74 ,Waterloo,Prof.,1997,6ef65f795411ce8bdce5d43dfeb8927be0075b391a687ee12ff71bde179d9b03
Universities,"$105,698.64 ",$226.80 ,Waterloo,Prof.,1997,28899f463d2562424d9d0f9d25ed52b96b6cf70771e47c1750ab39d558f38852
Universities,"$104,935.68 ",$216.81 ,Waterloo,Prof.,1997,84f272503b5b779752d7be0bff1effa449bfc3d9241a58025873b062b73b6b80
Universities,"$102,703.40 ",$224.59 ,Waterloo,Prof.,1997,074c44311c7960b847194d635e5ff1082844dce39bff0baa8cb29ac2356cf4d3
Universities,"$101,337.03 ",$221.30 ,Waterloo,Prof.,1997,807dc7137db74088db319c63c1653b5d466c148cb72a9943ad3063b0da86125c
Universities,"$100,072.60 ",$218.55 ,Waterloo,Prof.,1997,3bcf0983b7c2f30ee0ce7f045bbc52788018404fa5cc067f17bdf408af2baba0
Universities,"$105,156.32 ",$230.06 ,Waterloo,Prof.,1997,3508e348fffccecf043bcb05ccc08324470f6a679b7d603f570cf8e61c426af1
Universities,"$107,400.28 ",$211.69 ,Waterloo,Assoc. Prof.,1997,58aa325cc81af2ba9184d36f59865d5254763a47de7d0fc3491b23f8da009935
Universities,"$101,760.96 ",$219.48 ,Waterloo,Prof.,1997,ef36f6b75671c84c84d2035df5f7a276b112c8589a0a7569f1be3c6f8b68583e
Universities,"$101,350.22 ",$222.29 ,Waterloo,Prof.,1997,f2f4a2b3cc875c71e097a30dc15f54e341deb5526b6dadf43c8e0e2a101a1d25
Universities,"$109,710.36 ",$223.78 ,Waterloo,Prof.,1997,ac3a212a15aa8ceb6d7f1db53e2350e4e078bba938ddcc04289117ac7d5d3cb8
Universities,"$100,489.36 ",$206.46 ,Waterloo,Prof.,1997,f9b445e58e877248e692858d1b16aab14a1dfcbc00553bf3ef8a8e644ff5b142
Universities,"$106,420.96 ",$205.76 ,Waterloo,Prof.,1997,d62d1d2eb10162d091ee1741ede5ef7b1161827825de91e267443dd4662b5edb
Universities,"$103,403.92 ",$97.32 ,Waterloo,Director,1997,12147c75603d741d160433c87fde9e378b6116d26c0dacb7fe13576c2b50a88c
Universities,"$102,701.44 ",$217.68 ,Waterloo,Assoc. Provost HR / Std. Serv.,1997,ea79edf01dbeb1c2f15246fd543ae2f7d0e74a6c7c151862bd358de4f3dafd6f
Universities,"$100,714.28 ",$207.06 ,Waterloo,Prof.,1997,62fc91af551deaa777fe59685baf20017c59cf86c730fa08bea474f503fa88ef
Universities,"$106,392.69 ",$223.46 ,Waterloo,Prof.,1997,f534b06c7f23235e48c1e1733d400594021eedc5cf6cebbe2fb014d0da8cecb2
Universities,"$107,473.20 ",$237.08 ,Waterloo,University Librarian,1997,f5ba0842a06c4c5c74e2b961fdfd30eda832d294de8828ccd8f5aa0c9ffda497
Universities,"$117,942.00 ",$222.11 ,Waterloo,Prof.,1997,74896f56d3b5e39732ec7ef58d8421bfe232b490b2022585918fb9c5866185cb
Universities,"$105,430.40 ",$230.63 ,Waterloo,Prof.,1997,b8747230f0c9c74c3a8f5a6bedba1953acf43d2326f72963408edce6c2243b32
Universities,"$101,567.64 ",$553.03 ,Waterloo,Prof.,1997,5faa5a9468b8720bbc20d6e83060bab22cd5fb8e020c425e82bcd784666120e4
Universities,"$104,772.50 ",$84.14 ,Waterloo,Prof.,1997,1fac17fba7aff700b4c7157515f7efc5b9f8334aaccf082c8e66fed1f7cf27e1
Universities,"$117,415.64 ",$231.59 ,Waterloo,Prof.,1997,2a8081387eb030c0fc93fe32f49696bb15fe6be561e80389ffbf02847afe6a88
Universities,"$104,462.68 ",$215.22 ,Waterloo,Prof.,1997,e267c419d463eb32cfbf7971122d6570438964e6ad1f6c72fbabeac44669a0bf
Universities,"$100,908.18 ",$211.64 ,Waterloo,Prof.,1997,4749e623829142b8fec95f7b71fd8ad5457680f304059b62afdb2759cf36142c
Universities,"$100,903.64 ",$221.73 ,Waterloo,Prof.,1997,080d45ea774446c2e473f3563a90bbf51edc87e43ce83220a91c7acfa4890853
Universities,"$100,814.00 ",$220.84 ,Waterloo,Prof.,1997,e44e6699b59ff96371b304ec1fb6e20af908f166c28d499381100654d8af0eda
Universities,"$102,216.36 ",$209.95 ,Waterloo,Prof.,1997,2e521c0cac89e2f20532c1883ebe4e3cdbe3c583b5c0cfe9aa8cda69b159eefc
Universities,"$127,238.12 ",$635.88 ,Waterloo,Prof.,1997,2f27a75609663458d3b3337033fdc393ca9f2865e9865113e2cc2da3faa576f9
Universities,"$104,560.04 ",$228.82 ,Waterloo,Prof.,1997,2cab86431f863e0c9a7a6e9a78a6c3c559510713f90d673c7bef7330752afc09
Universities,"$107,047.32 ",$204.58 ,Waterloo,Prof.,1997,039f047cdc9a3b5478afe2ec1d33f721c8e50e430dc84d703c27a33120915450
Universities,"$111,921.00 ",$238.86 ,Waterloo,Prof.,1997,b4e0892eabe751453c27a2a20046639cd52ebbfa0a608ad8dcefb6b91ad14d45
Universities,"$104,801.28 ",$163.63 ,Waterloo,Prof.,1997,754d7350cada1193868b79a9980eabf07f3744b85976bbb2acf26e90eaf0c4f1
Universities,"$105,230.00 ",$230.45 ,Waterloo,Prof.,1997,37a505ff5beff6971d90eee65591ded49d121e166068d53f6f709abf048c2489
Universities,"$192,903.00 ",$115.42 ,Western Ont.,UC-FMCA Assistant Prof.,1997,c9d50302da20f86779de6a7e185b0dd90f95c7c7c390c735d77a456002035061
Universities,"$105,644.00 ",$115.42 ,Western Ont.,Prof.,1997,4525a10cdebe1c9e4c0a3cb1acf0798ffaecd3acd3fa6f155c997f05f12c4564
Universities,"$103,834.00 ",$115.42 ,Western Ont.,Prof.,1997,623bad984847e8e809404a3205f4691739bebf47ce8525c60532f0964a989b69
Universities,"$121,442.00 ",$115.42 ,Western Ont.,Prof.,1997,34ba0f68296cf72ea58d1f462f8f1daa0f55c6e12c4d5eff7cac6b3db82b0f35
Universities,"$115,839.00 ",$115.42 ,Western Ont.,Acting Ass't. Dean / Prof.,1997,6085aa7a5ce66ff4b18e587c0bf3ee6d04d1bf31b9ab9c969765a17f5fd9da4a
Universities,"$115,000.00 ",$115.42 ,Western Ont.,Senior Director/Prof.,1997,8813bc5c3708100ab18acfd25796ddf1d7a9956e35a55633443207fd8978e2ea
Universities,"$103,456.00 ",$115.42 ,Western Ont.,Prof.,1997,34a23f0612a6e484fedc3f24b952daa9a75a4a1b321713fd7ce8ef14907ba802
Universities,"$177,111.00 ",$115.42 ,Western Ont.,UC-FMCA Assistant Prof.,1997,e64b9bd0c9a3304072b77061184a7f0427ce189a033c141f9b4e69971d12cfc2
Universities,"$119,024.00 ",$115.42 ,Western Ont.,Director / Prof.,1997,47283e5a67265d7bb98d9f9789845bcfffa1c291d833b4be5e07391225033876
Universities,"$155,337.00 ",$115.42 ,Western Ont.,UC-FMCA Assistant Prof.,1997,3ba7019c57df1126ba9d40d695c3bbf8b19f53cd0063fd733443dc2591a41e24
Universities,"$108,648.00 ",$115.42 ,Western Ont.,Associate Prof.,1997,903cda89932400efb10fc69c70a718b0f45d6031be4979577e53e368d7a38e4d
Universities,"$111,687.00 ",$115.42 ,Western Ont.,Senior Director (On Leave),1997,fa158deaa0bce425991300c3256e8c9ea4499fcdd20b2ce914c7fd131fec8b40
Universities,"$150,000.00 ",$115.42 ,Western Ont.,Associate Prof.,1997,e45429c714063d809ea65963377e89f25f1b2717c2139c95b3ccc7a51a5136c9
Universities,"$157,500.00 ",$115.42 ,Western Ont.,Vice-President (Research),1997,46af0f0e104bd692c3aa8a0faf7de2219d23653b76cf7a03f0303719ce9a0c74
Universities,"$149,610.00 ",$115.42 ,Western Ont.,Prof.,1997,e3be058471b68b1b5ced05d0790d2b83d10e67394b2cad1b54a1c04e113ae895
Universities,"$104,870.00 ",$115.42 ,Western Ont.,Prof.,1997,042d879c392d48770d44d6e34cabfaf4f4644818db4a3cff0884a8dd85817438
Universities,"$101,038.00 ",$115.42 ,Western Ont.,Prof.,1997,fadb8bbb830b3473486c9e1cc67b7c72b9aeea03e5f75602c1e1d8313c47af7b
Universities,"$122,394.00 ",$115.42 ,Western Ont.,Prof.,1997,487d02f4ece7d6ab000f12dbb6fef36a9bf7e47435178edb0b1eeeb0b3c00458
Universities,"$100,101.00 ",$115.42 ,Western Ont.,Chair / Prof.,1997,5d53b9053e819306b3f143fd970f908ccc9b449ed20b4420ae5d4238f5e8c6b4
Universities,"$100,146.00 ",$115.42 ,Western Ont.,Prof.,1997,b290da6e53ecd573c542f6fc554311fa84745730efc2f6e7fe51461fda50c834
Universities,"$120,000.00 ",$115.42 ,Western Ont.,UC-FMCA Chair/Prof.,1997,ea75a2ce071deb0690fbb7dd3284427b7dd9e6407f36bccc5296770a433bc1b9
Universities,"$104,387.00 ",$115.42 ,Western Ont.,Prof.,1997,70fd19ef38e63cc3d98ebe3a9699db1cbe36c17bdc44379c155114e045cebaf5
Universities,"$177,111.00 ",$115.42 ,Western Ont.,UC-FMCA Lecturer,1997,29d2765facb6b7f9086916442b95b9589d1ce04109a5e3c384fa1cc48cb42c2c
Universities,"$153,742.00 ",$115.42 ,Western Ont.,Prof.,1997,bae0995cc35b2bb7d8daf0ca91781c1c4e720ffbd2bc0e5f0e0b135ef856878a
Universities,"$112,745.00 ",$115.42 ,Western Ont.,Associate Prof.,1997,8a168b9f2a15eeffe1b11a25532ec537839eea5c7fc4696c10fe22decad341a0
Universities,"$121,285.00 ",$115.42 ,Western Ont.,UC-FMCA Prof.,1997,d49c165dac04ec3548af2ab0685ccd4887d5a2cc6dd905af587aa46b62bc948b
Universities,"$110,000.00 ",$115.42 ,Western Ont.,UC-FMCA Dir / Assoc Prof.,1997,d8e7156a60486e976c0b214f8503a32cf49876395ac8b19581ef782db68313f3
Universities,"$106,559.00 ",$115.42 ,Western Ont.,Prof.,1997,413f75449e6ce17d57f0e05534cd2f3104e6fcbc324a8fe28e85b83941b4bf0d
Universities,"$205,000.00 ","$15,909.42 ",Western Ont.,President/Vice-Chancellor,1997,b09817e066904ad07ae3f428ba9250d583502390b11ee55c44b08bd238f03c5e
Universities,"$100,411.00 ",$115.42 ,Western Ont.,Prof.,1997,53a9a1fc9312e00e16d2b3603a066f1874e313bdc93b783f2ab1de6060da7a62
Universities,"$107,269.00 ",$115.42 ,Western Ont.,Prof.,1997,6dd5a830fe3cdac4af535bf84ef204e8b85558e8e97d3ef3a93da36d946d2b9d
Universities,"$103,847.00 ",$115.42 ,Western Ont.,Prof.,1997,0793ee38cc9b95f34973cffd345c776196bdcf100e55113375937c5fe59533b1
Universities,"$159,291.00 ",$115.42 ,Western Ont.,UC-FMCA Assistant Prof.,1997,3718f5f0c706da9e300f646f8b7ca09d5c4f77ee8eaf79859a2ab6506e622289
Universities,"$114,622.00 ",$115.42 ,Western Ont.,Chair / Prof.,1997,630f6da1be7702afc228c7f71ad796d83ba7c1d97a3669a439922f254acc2ee5
Universities,"$177,111.00 ",$105.12 ,Western Ont.,UC-FMCA Assistant Prof.,1997,be56286bdd6d3bd93544c9593ec4bd488daa90fa75d860e0ced6d983b3345dcc
Universities,"$102,927.00 ",$115.42 ,Western Ont.,Associate Prof.,1997,e80524914d2d09f869ddd3b9891b8c9a58a5bc652837e96c5d5d9690d1a33275
Universities,"$134,980.00 ",$115.42 ,Western Ont.,UC-FMCA Prof.,1997,ad9de812f754fe8b45331cbaa9a937e5d713d7e49510bbe69983ba92e7e79382
Universities,"$110,326.00 ",$115.42 ,Western Ont.,Chair / Prof.,1997,67718831508a405c9f2a9e1e95ea964241a0799704f3b1da4bfb3690a1a97be9
Universities,"$102,279.00 ",$115.42 ,Western Ont.,Associate Prof.,1997,cc592f006c8e904688a9a48afc1fd9dfcb378a3dc4fc5baaae6e2cfc048339d7
Universities,"$110,922.00 ",$115.42 ,Western Ont.,Prof.,1997,4a1e5bb54c2c54214190f0ea10cb16bb33627c48c60caecc3a0fc154cc60f9c4
Universities,"$106,233.00 ",$115.42 ,Western Ont.,Prof.,1997,8e7f6e5859ac68348125251eff4e0f5137de030ca242fd587582e168ce5c79e5
Universities,"$137,500.00 ",$115.42 ,Western Ont.,Vice-President (External),1997,6d64068377f84cab904ae3a11f8a27be7ab5a877829a79442c52cb79363f2a23
Universities,"$126,072.00 ",$115.42 ,Western Ont.,Prof.,1997,0547cdcd0529d1d1913c7f48278a516c988a4824f22b898effbc3287c1e30697
Universities,"$121,000.00 ",$115.42 ,Western Ont.,Dean/Prof.,1997,edb5c2867c4b6fcb75b6d5537c0c34e580d42ccf5367f47e66c1718b44bb0a27
Universities,"$103,352.00 ",$115.42 ,Western Ont.,Dean / Assoc.Prof.,1997,a49193b38dca031dcde64fe1fc1c5f1388c55f66c8aa0edeffd4403820264e0c
Universities,"$155,791.00 ",$115.42 ,Western Ont.,UC-FMCA Lecturer,1997,1c183742ad0fb1e539b6d10ac8f1c77ffbd8d9e15ade374cd7f619c6c05b0cea
Universities,"$104,791.00 ",$115.42 ,Western Ont.,Associate Prof.,1997,4b2c37b5fd77178cbc3754a5b4b4e3c11ee7f8e4555f69e5579bbe202d53117f
Universities,"$100,349.00 ",$115.42 ,Western Ont.,Senior Director,1997,cf3818e8ca36396fe97df8d83cad5c56f59a9d061107f4886f944d1e56a0c26e
Universities,"$103,819.00 ",$115.42 ,Western Ont.,UC-FMCA Chair/Prof.,1997,e7aa6a9729ac2ba06ec983e812b4a99a334180aa1ddcb6f4dd04777ab722306f
Universities,"$106,133.00 ",$115.42 ,Western Ont.,Assoc.Dean / Assoc. Prof.,1997,139f1ab58f8ea310a5fa20f1ec065daf6a5f8338a2ceaed51b681d9128cd42df
Universities,"$103,974.00 ",$115.42 ,Western Ont.,Prof.,1997,d1cab11353cb9e003fa4230fed74ff3895d665cc26605020e98f8423872c07f8
Universities,"$140,396.00 ",$115.42 ,Western Ont.,UC-FMCA Assoc. Prof.,1997,7834e29806cc1ebfd4d8a642f7df271e2ccc134fbfbe8ff6ba56e080b224bf73
Universities,"$102,591.00 ",$115.42 ,Western Ont.,Prof.,1997,41e4f74f7ec5d173841d0805bfd96af814648da81fc35850e59c44e66f40df3c
Universities,"$108,258.00 ",$115.42 ,Western Ont.,Vice-Provost & Registrar,1997,432a70b8864f237c70950591dfeddbca55fffb350302435bbf4704d464faf70a
Universities,"$101,622.00 ",$115.42 ,Western Ont.,Prof.,1997,1017d9875bbd6dd20a6e7d3ba06a1d64db9d1cb987b51f0c3390b1cf0fce4b39
Universities,"$102,560.00 ",$115.42 ,Western Ont.,Associate Prof.,1997,c7b1a168080ebbbc659d64d3702e7a7bf869baa23d4742990e64e009dc43e57f
Universities,"$104,614.00 ",$115.42 ,Western Ont.,Associate Prof.,1997,2e096717f564df69c71ccdd71042ad572414b630a22dce2c18493c8871f81be9
Universities,"$103,076.00 ",$115.42 ,Western Ont.,Prof.,1997,2852585359826b1c913e96d29e6b966cc88a2aec3057180f8c4f6ed4a1be0ce6
Universities,"$100,290.00 ",$110.27 ,Western Ont.,Assistant Director,1997,e516e8c7aba1df59db18262ee54de726c87a9c7f0c742e9bdf7e1b4b03af1174
Universities,"$100,428.00 ",$115.42 ,Western Ont.,Prof.,1997,1b37904ae9269fc433b4ba250a1c319641621441ca5427fa8956f987bd4f7f9d
Universities,"$101,422.00 ",$115.42 ,Western Ont.,UC-FMCA Prof.,1997,b16fe89b10288e4452a196920aad4a3730c067cff171d696105de08db1697127
Universities,"$146,000.00 ",$115.42 ,Western Ont.,Dean/Prof.,1997,7eee808a639e1e15584de68d9db84640ef7de7332994994b5c7d9e76df0af78a
Universities,"$102,020.00 ",$115.42 ,Western Ont.,Director,1997,07252f2d2e00f26d61eafac13f9132d3d08e240358d7cac3db413ac0e4e3f11e
Universities,"$100,578.00 ",$115.42 ,Western Ont.,Assoc. Prof.,1997,709cb9902736113ab81f23baaf20fc0f19ff524762f441b78e71ab3e08a94d3f
Universities,"$103,463.00 ",$115.42 ,Western Ont.,Prof.,1997,fc9870cf752ada396d03cc7c7e0f0321d7dc964eb52f480495625f7a5e31c99c
Universities,"$104,958.00 ",$115.42 ,Western Ont.,Prof.,1997,68bcaf98d47e0a0db16704b41e9f91a7f449dad0cffe503fd18d191fb292c176
Universities,"$177,111.00 ",$115.42 ,Western Ont.,UC-FMCA Lecturer,1997,24ec7e152a25d2817ccdc6f7053d6dd92706f6db65ce3e6c46ed9fb0327b5ac8
Universities,"$100,266.00 ",$105.12 ,Western Ont.,Chair / Prof.,1997,212a8c4be17e93cc312e73e6e4cef57503ab2add30d40d39f0c17cfab5750deb
Universities,"$110,254.00 ",$115.42 ,Western Ont.,Ass't. Dean / Prof.,1997,0bd6c984f1a507d7375b9e9028954d2f4f46636d946b2eb1adc958c51ce069cd
Universities,"$102,094.00 ",$115.42 ,Western Ont.,Director / Associate Prof.,1997,dce0db47df2318fcaf85161d906e92d799264f3e34447de78dd845c407b6d33a
Universities,"$120,460.00 ",$115.42 ,Western Ont.,Prof.,1997,ed6cb2bcedf6f79383825851d41ca3bdf6755388639bee2b38b64eea56eb4ca8
Universities,"$119,143.00 ",$115.42 ,Western Ont.,Prof.,1997,b198655a1dd5ad282c129aa186ee8e342b4018182d2451514053443ff796cf1b
Universities,"$110,243.00 ",$115.42 ,Western Ont.,Prof.,1997,0af78bf0255b52a71a1b9a57e2383acdb2b18dea571f1b1b81afa24a5ef0f016
Universities,"$116,538.00 ",$115.42 ,Western Ont.,Prof.,1997,72cd60b5e33e66fc80d8a1ce38e61eaa0c7f0e423bfb7b5248e6add20feb6805
Universities,"$100,447.00 ",$115.42 ,Western Ont.,Prof.,1997,06c63559bbee5b53c0af041c100c4f2d22429589a4e381b7802e393eaed1425a
Universities,"$118,934.00 ",$115.42 ,Western Ont.,Director,1997,3d22a6a88def310f0c9bce7cf8c794c0b34e4f843a6ffd5ebababd59d887db56
Universities,"$101,914.00 ",$115.42 ,Western Ont.,Prof.,1997,e910840fb987549f42337885d487aa651f0884f56b62a2205580f7ba031a7152
Universities,"$108,349.00 ",$115.42 ,Western Ont.,Prof.,1997,0c97fd6010bfd6f15523b2f3724db5f468d776ed7df6002dfac92dd50184a9a7
Universities,"$132,054.00 ",$115.42 ,Western Ont.,Dean/Prof.,1997,111a179f9a6c04bc75de21523b82d17aa95d74ce4eece5dd965a3d44d453b243
Universities,"$110,000.00 ",$115.42 ,Western Ont.,Prof.,1997,5eba27301ce344ed1e64e9b9a3da36a7f08d15001c6bd5e3e06d979a1012cc0a
Universities,"$256,500.00 ",$115.42 ,Western Ont.,Dean/Prof.,1997,af1d4654f290f67af4cde14382fad6e6b2bf48227a895bb36c0cff83d59dc019
Universities,"$106,119.00 ",$115.42 ,Western Ont.,Prof.,1997,3b3346611dc9bd66d6d01a659824b85252e1264c9187a526c3a308a71763d1cc
Universities,"$182,500.00 ",$115.42 ,Western Ont.,VP-Admin/General Counsel,1997,0ee5dec2e413566d7c2314cec55af782d3225b8159e2e870577d513f07d3b511
Universities,"$119,596.00 ",$115.42 ,Western Ont.,Prof.,1997,cd6330e65c72dc349bff8b87fd32922520b687c39384570c75f57566a0f3e98e
Universities,"$114,137.00 ",$605.53 ,Western Ont.,UC-FMCA Chair/Prof.,1997,301ca9316a9a2f9455c1a3b07d8131713240cade8561c15da0c3316d21baff5f
Universities,"$112,088.00 ",$115.42 ,Western Ont.,Chair / Prof.,1997,328bbc0cdcc8585b3f6d3f837fda52bbbd6566cf5937b44f556e61e3dd9d8873
Universities,"$150,000.00 ",$115.42 ,Western Ont.,Provost/VP (Academic),1997,3c45e5b168fd91dd55ae7c03e521170e9ebc5e7400458999fbdbed2921e5394c
Universities,"$136,500.00 ",$115.42 ,Western Ont.,Dean/Prof.,1997,ecea94dfd972dac31fe14fceb0c3ddf541175a491d20ea4f44739d420c25e639
Universities,"$154,000.00 ",$115.42 ,Western Ont.,UC-FMCA Associate Prof.,1997,1f51ce0298c389322bfcf4e2fda67cf2b0c419f71c779aab55512a34190fc058
Universities,"$106,748.00 ",$115.42 ,Western Ont.,Assoc. Prof.,1997,58b01d809f6e714d92c6ecf418156efcfb4294cba3e16f2d340aed54639b402b
Universities,"$100,900.00 ",$115.42 ,Western Ont.,Prof.,1997,aa49508dbb60096710d0f4ebef096509b2179ebd374654b0090a272230657e74
Universities,"$102,473.00 ",$115.42 ,Western Ont.,Prof.,1997,6ed49c8eaaadb092eba908543b93242ac87dbd36afdf93990b3cbfa6d0f49ae4
Universities,"$159,541.00 ",$115.42 ,Western Ont.,UC-FMCA Associate Prof.,1997,4b9d414158682125be698883373c8bdffad413778df880ed3331a6222b143533
Universities,"$159,071.00 ",$115.42 ,Western Ont.,UC-FMCA Associate Prof.,1997,b2763794626c8b8acbfc299c3e64996c5c286661028236cc894c268b8e0dbc52
Universities,"$112,089.00 ",$115.42 ,Western Ont.,Prof.,1997,76dd2321a1904c83746192cf92abc6284f3a2f0fbc60d8b470a400fb804a1d87
Universities,"$113,000.00 ",$115.42 ,Western Ont.,Dean/Prof.,1997,9efca2fe8e261b5847f5040ff1e95f9f03981d43848aa5cf7a5d331d81d5c2cd
Universities,"$106,463.00 ",$115.42 ,Western Ont.,Associate Prof.,1997,2078da84b5a4e2122f86ce91006cfc675dd0baeae04a50fe821fbc36bf389f88
Universities,"$184,654.00 ",$115.42 ,Western Ont.,UC-FMCA Chair/Prof.,1997,772019de400c32c68019b76767fae128137934852b0d6cbfb7cd919cfeebdf88
Universities,"$106,270.00 ",$115.42 ,Western Ont.,Associate Prof.,1997,187d495d3204c92a27beac8d62bb5cfe3e5bf30c8dad7d0deb212926c3f3705e
Universities,"$110,354.00 ",$115.42 ,Western Ont.,Prof.,1997,97b1fa295e097fd2f2ac471e5f6fa693c05b51ce5eb77db559693f56b5b634f3
Universities,"$103,160.00 ",$115.42 ,Western Ont.,Senior Director,1997,b7f5cca25d4f603414f12252f0321046349f1422f418c358f63bbe9fce910e91
Universities,"$102,141.00 ",$115.42 ,Western Ont.,Director / Associate Prof.,1997,f6feb76a25fb539c444c74a4d63902654846000a576c077c12cbef50a0bbae07
Universities,"$100,445.00 ",$115.42 ,Western Ont.,Prof.,1997,f4fafa01d5b5005634a89a16a583daa3b4527726232884eda443326746a4778b
Universities,"$103,252.00 ",$115.42 ,Western Ont.,Prof.,1997,8fac6b0471577164ffca8c519a20a506a716ef3927a2a0deada62dc7e3d1601f
Universities,"$139,805.00 ",$115.42 ,Western Ont.,UC-FMCA Assistant Prof.,1997,ae6a1be8051b3d491bea89b1f9226a437c235d2cdb752f7f07f6b5b162efb4d5
Universities,"$123,488.00 ",$115.42 ,Western Ont.,Prof.,1997,12f77609aaa3ca7be11544122f340f0970064e6981ae5f945a4814d55b9f31c4
Universities,"$114,824.00 ",$115.42 ,Western Ont.,Prof.,1997,b4ab1b7adf662ce7f5356830d40cfaaae6a096fa9aeee65e0459f848e83a7c40
Universities,"$155,835.00 ",$115.42 ,Western Ont.,UC-FMCA Assistant Prof.,1997,e1ba7ff9cdd9df714253463224a401cdd9af2a49d9282c4a7ae01d365543046b
Universities,"$125,647.00 ",$115.42 ,Western Ont.,Prof.,1997,823cbf4ed99db62f917896f0513ff5363da511f008a92111579b67d02d04451c
Universities,"$102,611.00 ",$115.42 ,Western Ont.,Senior Physician,1997,3ebbbebd05a28ecd0bf3c8ae5cefbf8b826740ebc7988dd49ddec9782c26ad6d
Universities,"$112,558.00 ",$110.27 ,Western Ont.,UC-FMCA Prof.,1997,210075e62bd8dfbde0c9b8ee667792a1b16849e06d5a78ed15763f6397bca35a
Universities,"$103,333.00 ",$115.42 ,Western Ont.,Prof.,1997,b2e5752f76c86d90b006cf923be19f1aa744db2f1965c76588767c762c821535
Universities,"$107,273.00 ",$115.42 ,Western Ont.,Chair / Prof.,1997,b88492f2b719dfe41986d0ad0fbaa5b5cac77ee7641f95d30077323292ccea64
Universities,"$104,181.00 ",$115.42 ,Western Ont.,Prof.,1997,2888afb0de857d5147c1d1af7ab67bc498305c1960817cf9c70eb0d3b337f192
Universities,"$107,945.00 ",$115.42 ,Western Ont.,Instructor,1997,d40253829a96c726605400067a9cf5634a2e72130c71268e5d9e0201d19d2e00
Universities,"$103,159.00 ",$115.42 ,Western Ont.,Assoc. Dean / Prof.,1997,a2a4e67c7667d49627b0d06070c97b01ded4fb5f4f7ae87217c76f083a081842
Universities,"$100,252.00 ",$115.42 ,Western Ont.,Prof.,1997,93ad491c631a0c47ac06fcdac2a8204b8f7b84c60e29f5fe611ddd7c5b662afc
Universities,"$103,593.00 ",$115.42 ,Western Ont.,Dean/Associate Prof.,1997,9067725ceed5490822682fe588638eac2552c33543115f62aa6acf5105ed637f
Universities,"$109,836.00 ",$103.06 ,Western Ont.,UC-FMCA Instructor,1997,93dc8606e4144b2bdc761c2c319a88ff7d140b7163b0f7459f4cc7c58cd4c50d
Universities,"$155,791.00 ",$115.42 ,Western Ont.,UC-FMCA Assistant Prof.,1997,9cb23729e968f0db850b47d332761c9c4505bc1f2fe74ecb6eb076ad444fa2b3
Universities,"$104,660.00 ",$115.42 ,Western Ont.,Associate Prof.,1997,b15fc7224e3927a54cc724b4ebc53c60e9db45eed4cfa44b9395ea66acf60929
Universities,"$170,939.00 ",$115.42 ,Western Ont.,UC-FMCA Assistant Prof.,1997,4a22d8bf2724e7f36e1eed50242b5eb297d3beb10b58bf2ecb7f1146fd4bb77f
Universities,"$155,791.00 ",$115.42 ,Western Ont.,UC-FMCA Assistant Prof.,1997,8b2ecce1d0cf57b6e9cae462db8a1be22787071e5587d2fa9d644ce6c7471601
Universities,"$152,050.00 ",$115.42 ,Western Ont.,Dean/Associate Prof.,1997,1a55c0eef2de3d8ea945bcf1c852f4c40ab808ae1dcb6cd0fa29fb0f4cf6c5b5
Universities,"$101,212.00 ",$115.42 ,Western Ont.,Chair / Prof.,1997,ce8a627cce4dc572c536c08febae8e7a368934dbea0e5b05a8606c12745e35e3
Universities,"$111,024.00 ",$115.42 ,Western Ont.,Prof.,1997,1071c0b4cc25bb13ba0b120b6bf9c149c1dfd6ac5954970da598e28a66485287
Universities,"$103,353.00 ",$115.42 ,Western Ont.,Associate Prof.,1997,cbf99066344c620120a855c1e91a949728aae0488bf7c35682a7666bfb3cb213
Universities,"$123,353.00 ",$115.42 ,Western Ont.,Senior Director,1997,fccd3b31c154826bb4aeba895fb86212d261a53483878ccec335393d6eba0ccc
Universities,"$177,111.00 ",$115.42 ,Western Ont.,UC-FMCA Lecturer,1997,72c86c2504075f74690a7a638d426dfcfbfd4d6d5cc78428d497f2ebe6c2b509
Universities,"$103,158.00 ",$115.42 ,Western Ont.,Prof.,1997,145e030aa056396691373740a8fa9004219d39a44abc1784d00e690c6620030a
Universities,"$100,950.00 ",$115.42 ,Western Ont.,Chair / Prof.,1997,3adc4e8803e40913055e893c6c07f9aaa3e42cf6f21e12574ba2923be7e7da20
Universities,"$125,723.00 ",$115.42 ,Western Ont.,Prof.,1997,376d8d33bf88aeda4ba2345b6222be11a9b4bab6989feac7d71cae2ffd55c5b0
Universities,"$112,329.00 ",$115.42 ,Western Ont.,Prof.,1997,5ba8b35b3aecdaaa6434793821aa6d74bd55a4cc10e7893fae397a15280a78dc
Universities,"$136,676.00 ",$115.42 ,Western Ont.,UC-FMCA Associate Prof.,1997,ebc251342fd97e164542cea4d593e950a9b6f20e86278778973013020c8a07c9
Universities,"$102,360.00 ",$115.42 ,Western Ont.,UC-FMCA Chair/Prof.,1997,4836f406cbfe52a99cf85d33f4d4becc311f204a56d3e1631bbe37da60055ec2
Universities,"$108,402.00 ",$115.42 ,Western Ont.,Prof.,1997,6d58c9b4b1a74bdb79de774273480cbea3f67a52fbde1033bbbde3cf2a3c7907
Universities,"$117,375.00 ",$115.42 ,Western Ont.,Prof.,1997,8cf83d9d54158b475de54a58e4f2fd0427e01ec7833b514d931c109ca76f0c1a
Universities,"$102,403.00 ",$115.42 ,Western Ont.,UC-FMCA Prof.,1997,7893b62b4f1f761804d9feef38a4f984d9ef4424764989f9aa2258c917bf731b
Universities,"$101,322.00 ",$544.00 ,Wilfrid Laurier,Prof of Business,1997,743d3fa385f4c7eae64385feedf20819e514fe32edf39294b95f123528081d43
Universities,"$100,645.00 ",$522.00 ,Wilfrid Laurier,Prof of Business,1997,f12ca88b3ffcaaf97fc190ac43653e95dd385dbf7dae1a7c503dbe58c1caee8b
Universities,"$148,256.00 ",$708.00 ,Wilfrid Laurier,Prof of History,1997,f5c628bc598cca342f9896b536acece48dc4562e77374512b89700aa35ddcc7d
Universities,"$109,237.00 ",$503.00 ,Wilfrid Laurier,Assoc. Prof of Business,1997,30a3ae2fc064d52dc186c81710b01a6f09dea83b437eaf67baa1c8275e643700
Universities,"$104,856.00 ",$590.00 ,Wilfrid Laurier,Prof of Psychology,1997,0248befb55493540faf2ed909d12d9308643c6a7c77071748737419058a4fc19
Universities,"$179,673.00 ",$869.00 ,Wilfrid Laurier,VP: Finance and Administration,1997,a0d85795a2f5d92976f21a9c0daf405068b61af5d37029dc65e857b7ddb7ea32
Universities,"$102,030.00 ","$2,189.00 ",Wilfrid Laurier,Assoc. Prof of Physics & Computing,1997,f28ffd299224501fbdb895eae52f4320ef755fd75587c366db4fcfc234bbe6dd
Universities,"$111,441.00 ",$592.00 ,Wilfrid Laurier,Prof of Business,1997,f5491fc2b72391653f299a2ce0686e69da768b5e146aef8c9a3076b5bbf5510f
Universities,"$103,098.00 ","$2,185.00 ",Wilfrid Laurier,Prof of Geography & Environmental Studies,1997,03b1c54da6c7b972dee3673e71fd7dedabbfe924291721067d2ad65a97fd9a54
Universities,"$104,729.00 ",$588.00 ,Wilfrid Laurier,Prof of Languages & Literatures,1997,fc3ea4ca38f8d4d8816947b134958101986115a62d684d234d3ccf35a072d70d
Universities,"$108,490.00 ",$584.00 ,Wilfrid Laurier,Prof of English,1997,11e6aa89e5c9150369de9a2c87f320210afea914aacda874a636df54daf7eb37
Universities,"$129,013.00 ",$683.00 ,Wilfrid Laurier,"Dean, School of Business and Econ.",1997,23bf2fea1e20cfe723fc9f18f3dfbe37061945069c45905ad5fbefc035297278
Universities,"$114,966.00 ",$533.00 ,Wilfrid Laurier,Prof of Sociology & Anthropology,1997,76429da83284c1c4f6ba5c7a055563e97ca6f8f6b7dcfee9fff04559afa2146d
Universities,"$107,101.00 ",$590.00 ,Wilfrid Laurier,Prof of History,1997,e7dbefec1267eafe991297aeb14e57417df09cb801efd1265900b8e58899312b
Universities,"$104,790.00 ",$477.00 ,Wilfrid Laurier,Assoc. Prof. of Music,1997,80c6310d6015acf6e49aed2ebd1442868427d7cbef42d039a8e1d8b7b71d2846
Universities,"$104,677.00 ",$586.00 ,Wilfrid Laurier,Prof of Business,1997,51d0995dfcaddd3899fc9323faa05d70e1c8e82ef930914aec3661c669309204
Universities,"$104,430.00 ",$552.00 ,Wilfrid Laurier,Assoc. Prof of Business,1997,19718777e9a280a6f36335f7a1e7bfc828da9dea061929096bd1dcd268695671
Universities,"$101,195.00 ","$2,089.00 ",Wilfrid Laurier,Prof of Languages & Literatures,1997,d6efb572f8c0c185038a747ed0d9b4fab4eca27d326b160033d7316db24ceed5
Universities,"$118,363.00 ",$550.00 ,Wilfrid Laurier,Assoc. Prof of Social Work,1997,1c7cc4c488c732d956d8d8e9d85138f9655dfa4847b3b0c37e22fad2a07e3d1b
Universities,"$108,407.00 ",$592.00 ,Wilfrid Laurier,Prof of Economics,1997,509462a0d34b0edf4312c67b3741cb525a75d4bd112f100fc0bb5b03a0932a66
Universities,"$107,094.00 ",$601.00 ,Wilfrid Laurier,Prof of History,1997,84ec80d04e807b8e087e99e6a42003a584e491e7bcdb62446bc3d29ef1aa01d1
Universities,"$104,194.00 ","$3,418.00 ",Wilfrid Laurier,Prof of Sociology & Anthropology,1997,8b33896563ee94af9b31224ff86945fa5faad9fa82b56f5689c36e309840515b
Universities,"$114,624.00 ",$643.00 ,Wilfrid Laurier,"Dean, Faculty of Music",1997,15bfd853e328009b4d0a7bf2912d916debf0c9c735c5c528e2e99879bd63f95c
Universities,"$105,812.00 ","$4,125.00 ",Wilfrid Laurier,Assoc. Prof of Geography & Environmental Studies,1997,630d718fd79236e3124d400d938d5d5195b2214434654d3bf5e379f9ad055bb4
Universities,"$100,445.00 ",$563.00 ,Wilfrid Laurier,Prof of Social Work,1997,63da2e467663ac77d827901bfc9cea0d58d9e3ad018f332bdd186f04e26412ed
Universities,"$107,378.00 ",$600.00 ,Wilfrid Laurier,Prof of Geography & Environmental Studies,1997,8decd48985296f4f0e31e9a5894f0afb75a337c77213ef6b13a3e4643e210f42
Universities,"$122,407.00 ",$686.00 ,Wilfrid Laurier,"Dean, Faculty of Social Work",1997,33efefe98e7edff4a645ec7fff7488cb6b7d63ea8849983be6ded4ca0468b36f
Universities,"$102,996.00 ",$579.00 ,Wilfrid Laurier,Prof of Biology,1997,feb76bd11e6959c6fa6a588de7378a9eacdf667ae2bf4d31815ac3112e2cdd58
Universities,"$108,933.00 ",$588.00 ,Wilfrid Laurier,Prof of Physics & Computing,1997,56f7f48eb27b45e3c152afd2a2625ee6b620eb518074af8f681fbeeb0e8fbc3b
Universities,"$109,851.00 ",$586.00 ,Wilfrid Laurier,Prof of Economics,1997,0c4d0120f006de8e1cc354950434be8e0b75f3ce6daab6f1e6abd8b92828ea88
Universities,"$131,382.00 ",$737.00 ,Wilfrid Laurier,President,1997,75b22f9e1905f071213a04c062a5f43c45ec0d40624c3b3da21fdfdca3f74378
Universities,"$110,748.00 ",$815.00 ,Wilfrid Laurier,Prof of Political Science,1997,b1103925e3105f972715c26cb1b82d0879d77ebdfea600ed43976f49f8b7e2d2
Universities,"$129,120.00 ","$1,352.00 ",Wilfrid Laurier,"Dean, Faculty of Graduate Studies",1997,6b10778c1e30ba8f6c0f5f10e7b9a28b2bdb2ec728acc1eba6ed854015df2ac9
Universities,"$111,782.00 ",$563.00 ,Wilfrid Laurier,University Secretary,1997,3c50af8bff9cbadf73a025b4ab8b2644c74b13dede2d3b6ad00a38023534ebc3
Universities,"$126,076.00 ",$708.00 ,Wilfrid Laurier,Prof of Geography & Environmental Studies,1997,6bdbb20a3bc9044864b02813af6a851b219bcb126ed86e7670f12a9769b38eda
Universities,"$140,911.00 ",$708.00 ,Wilfrid Laurier,Prof of Business,1997,b1b458b33563d79d5d37b592a1a9a7f88b54373222a1ccc9410b06c0757e0c34
Universities,"$101,676.00 ",$571.00 ,Wilfrid Laurier,Prof of Business,1997,4c27a03b2dfd797be6d1335270bfdbd1f94c48e8d981a2ea6ec9c751e5f15893
Universities,"$117,102.00 ","$1,439.00 ",Wilfrid Laurier,Prof of Business,1997,8f820bbb9452b91bc70c729aababdcce233aea2edad22e1607c5ee97eed01c8a
Universities,"$109,738.00 ","$3,700.00 ",Wilfrid Laurier,Prof of Economics,1997,d9d19b6c95145c590040f3ff87b0cfd8df2b19dd9eec8acdf1e675c084f07703
Universities,"$140,840.00 ",$789.00 ,Wilfrid Laurier,"Dean, Faculty of Arts and Science",1997,e0f9ff1bc7d753c2d76efe9f45b10c36431c247fa42768386aa536e211c36a4e
Universities,"$110,283.00 ","$1,497.00 ",Wilfrid Laurier,Prof of Chemistry,1997,e123b3f2fe49633014ce8091a5046aff3003591c090241e2d91d4b1fec413fbe
Universities,"$119,882.00 ",$567.00 ,Wilfrid Laurier,Prof of Business,1997,6536561c575d3115642e27b23e79e7e91fcd4cb5699b50359c8102f232f44a4d
Universities,"$146,823.00 ",$823.00 ,Wilfrid Laurier,"VP, Academic",1997,6c0055c81206521a62efc9049c72a776546059f57532a12e8adb38b1b7ef2ef0
Universities,"$101,025.00 ",$470.00 ,Wilfrid Laurier,"VP, University Advancement",1997,0d82c46825594ebec62ff200fc990875455e428ce4f696e05b7b887853ebb1d5
Universities,"$120,942.00 ","$1,614.00 ",Wilfrid Laurier,Assoc. Prof of Business,1997,8b4c46560e483f18c9e82fd9906ba1b4e026ad0048489574e4a9a57025b8a5d2
Universities,"$103,270.00 ","$4,031.00 ",Wilfrid Laurier,Acting Registrar,1997,4a5c9557de1bd7c134abadf83c8f67a5ee573c9586510b65dd5a3f94db3b746a
Universities,"$117,679.08 ",$458.40 ,Windsor,"Prof., Dean of Education",1997,d587a407a1145fc0e8b62c9539a77faca0aaadd55a65cfe25b1b86ee7629cead
Universities,"$105,330.00 ",$458.40 ,Windsor,Prof.,1997,da4dd100f3e73a6bfd0fd9f0c116544ff6f30d46d3745c2099ee82ce79056954
Universities,"$102,372.96 ",$458.40 ,Windsor,Prof.,1997,a1d162da17eee815b32921d9899bb53759b90f0b0512c79e4c3b7579f9e2587f
Universities,"$107,090.97 ",$458.40 ,Windsor,Prof.,1997,05c9e78c9e448a92e86763716775f0669820494bb131db4ac986e843d0321ecc
Universities,"$106,237.01 ",$458.40 ,Windsor,Prof.,1997,1b63b4b40301c4ee00be66c7471ad71b9c78b09fb2e29512c4f8e7309e8118e0
Universities,"$107,450.04 ",$458.40 ,Windsor,Prof.,1997,4e90df88e903c7deddf5e6e1fb0e8945bac18d12b49ccb3dcf6ea959c6d34c0c
Universities,"$105,948.55 ",$458.40 ,Windsor,Director of Human Resources,1997,0213802d169ba44a4a81af98d37eaeee57248b657a4f6812cca2b4e006157e58
Universities,"$105,153.96 ","$4,507.65 ",Windsor,"Prof., Exec. Dean, College of Grad. Studies & Research",1997,235fd3c5ac8d723e5e0d02f37394d753d828bde7db4dfc398d9fc8fe32f0440f
Universities,"$114,225.60 ","$4,730.52 ",Windsor,"Senior Vice President, Dev. & Alumni Affairs",1997,b56ebcaf77a6ec9278462a1664017b134b8a0bfb70426ee29b7f65701472fc76
Universities,"$109,486.77 ","$2,515.15 ",Windsor,Prof.,1997,1dd9858ab7827b600ed60a3b791dcc654c748ede42a7e901e8a4e5d97b0b45e4
Universities,"$119,801.57 ","$3,494.90 ",Windsor,"Prof.,PreService Educ. Program Coordinator",1997,2888385be036a241a37e8b9dd972b6c15024bc2723c57b390d14506a0a5faf23
Universities,"$102,082.00 ",$458.40 ,Windsor,Prof.,1997,89f3023c81ba2571b8f89995dac22306167845c69bad3ec36e28f1371b8f3b01
Universities,"$114,759.46 ",$458.40 ,Windsor,Prof.,1997,52c972f872cbc4c66f457609247dfd69577d8431b010371278055986d1a783c4
Universities,"$112,199.29 ","$3,494.90 ",Windsor,Prof.,1997,aac727448e4f600ae912097dfc3afeece6b3a3dcc3d1a1bc1b67bccfa37cb595
Universities,"$133,181.16 ",$458.40 ,Windsor,Prof.,1997,b1c327c43b84f792b3795f7cfe358bfc2058df40568ba42fd285023a52662add
Universities,"$119,235.00 ",$458.40 ,Windsor,Prof.,1997,e374fa2c2d0bcdbdec420f89206f05c632096cd0667a480bed1c9325523f857e
Universities,"$119,773.56 ","$2,048.90 ",Windsor,"Prof., Exec. Dean, College of Eng. & Sci.",1997,69ea843ae628912d0f25a5a896fcac7a833df37cda5394ed4213840e07df7576
Universities,"$107,442.00 ",$458.40 ,Windsor,Prof.,1997,3279951071b169ef5e2eaa708d8dca2c96da0b7517cf4e79830496c938a6a798
Universities,"$113,893.08 ",$458.40 ,Windsor,"Prof., Interim Exec. Dean",1997,70900baab16e991aac4b0fe2c1853f87590e06cc4ecb3da20625536e6fb15ae1
Universities,"$108,308.52 ",$458.40 ,Windsor,Prof.,1997,499bd0ba4a3b14145b1254cff83603e6ac4a6fd593621694b5c1a513ceed8f44
Universities,"$130,831.06 ","$5,551.65 ",Windsor,"Vice President, Administration & Finance",1997,a5bb7359f4922ee9aa9c8a50c8c915dd4f957fc8a0dbf7829de3bd9833d1cb79
Universities,"$107,556.48 ",$458.40 ,Windsor,Prof.,1997,ddc3b28e90a867c8a34de7c4861b9ed7cd24db66a7382a9e4f4775853403e5c0
Universities,"$106,763.71 ","$8,683.70 ",Windsor,"Prof.,President",1997,70d5af0b175f5ecbef8cd71beb1a1b7175708dc944abc0d542f1d7dd904b0745
Universities,"$103,145.51 ","$3,494.90 ",Windsor,Associate Prof.,1997,6344c0be554e1a99fac79c459fe69c208a0228ec5eea56c1f218cf447463d271
Universities,"$108,362.01 ",$458.40 ,Windsor,Prof.,1997,2553bb6d30425e140ecc780965b2e1de3afbab6b88950edb738fc46dd73e1f19
Universities,"$116,529.41 ","$2,048.90 ",Windsor,"Associate Prof., Secretary & General Counsel",1997,d07576f35bbd9e9e3ff03af6c45cbd95293adc852f0e8a6c75f495746e46119f
Universities,"$148,282.66 ","$4,571.90 ",Windsor,"Prof., Vice President, Academic",1997,97fad8ee6d0bb2901a3ab93e59f045ff77b012c56a3448a31c952dcbc92151e7
Universities,"$109,269.48 ",$458.40 ,Windsor,Prof.,1997,5bfcfca6cf3a64ed727fd2dcefd4d647821ca18bd4c256d0c15fd9fa16444ed1
Universities,"$128,824.04 ","$1,904.40 ",Windsor,"Physician, Head of Medical Services",1997,8d952c3ed72dd3e5b755ec63176659f36b6f831473883d185c2093bb860f2f52
Universities,"$102,330.96 ",$458.40 ,Windsor,Prof.,1997,731891741bb208557064ca578cc3c5f435696ade115c1162a43e0e20a01f22bb
Universities,"$100,444.61 ",$458.40 ,Windsor,Associate Prof.,1997,801fe56ddf21804bfd2470ea8748b58c582fc2631309e5e0cd4707f914ea5120
Universities,"$139,628.74 ",$267.40 ,Windsor,Prof.,1997,942d68ecc9dd11f1a5fe0e8a1988dd5ecb047d4a17b043a77bdb33a385048045
Universities,"$111,864.45 ",$458.40 ,Windsor,Prof.,1997,5c95620f4fdf2d417a287c960bc4237e8a485b43192659c13392eed886901685
Universities,"$107,505.40 ",$458.40 ,Windsor,"Prof., Exec. Dean, College of Arts & Human Sci.",1997,1bcb230d42b24acb13710efa46b4e39cb1f9f3d95376f18a2a58cf1acb0fadf5
Universities,"$101,994.48 ",$458.40 ,Windsor,Prof.,1997,6a3c9e77c9facf12ca4897696dcd0ed5e1e35f2700eaabfb8b24262dd6171587
Universities,"$101,400.00 ",$458.40 ,Windsor,Prof.,1997,9fd522643b6119e334c286e1364d253df6b94857efe83c7328b19cd96de4a8ee
Universities,"$113,862.76 ","$2,858.40 ",Windsor,Associate Prof.,1997,9b55189292118e1b685a3d6de7d7c4b1c1ff8b8c8f52ee6fce7fa5282bea173a
Universities,"$105,590.04 ",$458.40 ,Windsor,Prof.,1997,004d7d7240e501ea6e9258b745edb2de5f9985b382261ce9a9d585d67c0875ea
Universities,"$152,891.19 ","$2,111.64 ",Windsor,Prof.,1997,b6cce58e3cc34025bf1672744bc311f39223602272814f74a2aa62d49b684e2b
Universities,"$100,601.52 ",$458.40 ,Windsor,Prof.,1997,ee1133c5b119b857b28437d4978704e1955d233753c6fd88f5ac50a379e2dd8a
Universities,"$114,072.48 ","$4,044.40 ",Windsor,Prof.,1997,7337f80998bc8889716c4de404a28c9ed193110f0d2165d67d9e9a47f78305bf
Universities,"$111,288.96 ",$458.40 ,Windsor,"Prof., Head, Dept. of Biological Sciences",1997,bcb19d9d95106aefa6dc04dd26aadc3ddef2abd37de0d87c656a2bf5b4b60757
Universities,"$104,157.60 ",$458.40 ,Windsor,Prof.,1997,e75439b5423541bffdab91ef04560a0a487ac2ef8f2a1fcda0387c4966fb517d
Universities,"$109,206.47 ","$3,494.90 ",Windsor,"Assoc. Prof., NSERC / Chrysler Ind. Research Chair",1997,00dca5f01e20f85c36fab7f1c38f2a9e6bb6de0f5b09264a0eec3d142e6643ef
Universities,"$105,093.97 ",$458.40 ,Windsor,Prof.,1997,a08429a3f603fdf16cfb91a246c41b2217838ecff9f571ace65c1567de4ffc1f
Universities,"$101,768.60 ",$458.40 ,Windsor,"Prof., Head, Dept. of Chemistry & Biochemistry",1997,9b4bb9218215da6461f34cbd1d1a535b6cedcc8a269dc9ed7fcaef762a78e3d1
Universities,"$103,761.54 ","$5,085.40 ",Windsor,Prof.,1997,e8192e498ea0c09a8dcb3d05daf0bc366022a3f54f791c821503befc6e61f893
Universities,"$108,180.60 ",$458.40 ,Windsor,Prof.,1997,0e7355661fc58a96c45ee36c09c2a67784842e69c90e3285b838796efb04e702
Universities,"$107,412.60 ",$458.40 ,Windsor,Prof.,1997,176f565cc4bcfe93f81b4e7a4da9c9ebe9634964304bb81b0334161f1d33991d
Universities,"$110,050.44 ",$458.40 ,Windsor,Prof.,1997,1fa8595c42a13573296f94bdd364b837a5b8ee8bda8ed468806a42823f1a1ceb
Universities,"$108,021.32 ",$453.51 ,York,"Prof., Mathematics & Stats.",1997,40811d82485cbaa35b930cc8cfe43d0838b1d587df9d56c8361921e3d6af0b90
Universities,"$185,050.00 ",$992.64 ,York,Prof. and President Emeritus,1997,599cd5091baa59403a997a404a4137b3d97cc1a7567da662c7c4c2ca0ca05251
Universities,"$101,965.95 ",$514.44 ,York,"Chair, Atkinson Admin. Studies",1997,a312f18b4844591e81e79e61a9ac4e35efa7b6a119768aeb67658d71de583a2a
Universities,"$130,384.23 ",$595.97 ,York,"Prof., Environmental Studies",1997,f2cbe3046a132938ecf0f1144d9930e2d05111e0ce9804bf0583efc8dda91c9b
Universities,"$121,389.04 ",$586.62 ,York,"Prof., Osgoode Law School",1997,32c3f9522a7b2bce33e3f28b97bec24d196f0242e16352399dc8b47c79c58e00
Universities,"$116,472.69 ",$623.43 ,York,"Prof., Schulich School of Business",1997,215b3748391ff8b797a9f64ae2a6d41a4a9c52899aa2a948a5a22a905cfba4c0
Universities,"$100,115.85 ",$594.82 ,York,"Prof., Schulich School of Business",1997,313ff936b22b23b79145339216c0baf04256c0b2c20e0ea2d796240eaa3d0907
Universities,"$105,057.69 ",$562.65 ,York,"Prof., Physics & Astronomy",1997,06fc82b4006260fda4d3a7e5928f41ea292d2c378a8bc1f6a7686ba4f008551e
Universities,"$141,147.04 ",$245.10 ,York,"Prof., Osgoode Law School",1997,489f5b52a18517e3b9c99c7cd16796c450ce8a9b3e317ba4dfcb0b49a43c60d6
Universities,"$132,048.03 ",$664.75 ,York,Vice-President (Admin.),1997,0eae37c559befc29f2029e8929907d4bb816ff207caae842f85d3408279af999
Universities,"$105,000.00 ",$563.40 ,York,"Visiting Prof., Osgoode Law School",1997,f21a1640593e0d4065327fc4e0adb6a40d2932d54efdce5b672f9e6faf86e49f
Universities,"$101,597.83 ",$515.16 ,York,Sr. Advisor on Tech. To VP (AA),1997,0875299c2c4c5d99a4e5099722da9d7c4e680ad355d9dead165b4f6a9de58f57
Universities,"$129,742.66 ",$635.91 ,York,"Prof., Schulich School of Business",1997,701565a32a82cb85fc413ef77bd7e4fb7376ff6fa5544cdb90aeca448ab90bf5
Universities,"$129,214.69 ",$691.41 ,York,"Prof., Biology",1997,b9f4f424d11a2864e842d2f7a8432353872727cc9eeaa77337b6eb3cb6126ea4
Universities,"$111,735.07 ",$585.81 ,York,"Associate Vice-President, Reg. & Tech. Ser.",1997,b9fb6066e8a4475f07bec3e4a26d1cd8e55a8957ee75711a6ac6acf706576335
Universities,"$100,466.80 ","$3,446.90 ",York,"Prof., Schulich School of Business",1997,09f26f20f8ad0355095a0348a5e31a2c9a9257107591e0773f51a77d6969697b
Universities,"$102,139.18 ","$2,544.47 ",York,AVP Campus Relations & Student Affairs,1997,a76d7103c3bb27556f382c3e2cdd2491abf15175060336b66d3af505bb360ac5
Universities,"$105,616.00 ",$545.52 ,York,"Assoc. Prof., Osgoode Law School",1997,995a4717c475811a25d2f06808b6fc5595b46fad562f47c13e80745df672a453
Universities,"$104,954.65 ",$584.82 ,York,"Prof., Psychology",1997,f4dea794f2a774cade8c6c339c3b31b947d27aa25735fdd97dca90e2fed943fd
Universities,"$121,969.00 ",$633.06 ,York,"Prof., Osgoode Law School",1997,a2eecd73d3a30d0ce346154793581ccf79ef3e06ca333e331553a015678d9177
Universities,"$126,355.00 ",$644.85 ,York,"Dean, Faculty of Arts",1997,b8e038a654db7a6f90d1986aa62b78f24c31c8d1ddd7f4b36a393584b9288e0a
Universities,"$109,777.27 ",$560.79 ,York,Associate VP (Research),1997,d172c0b546c0d22c833b75479bb79ae841bc1212a161fe48a2767885626a4a71
Universities,"$130,997.59 ",$536.52 ,York,"Prof., Schulich School of Business",1997,b30380bc030981a597776aa96ee547daa7960e16c1101162b37faf9dcfbc9bb7
Universities,"$110,025.92 ",$565.14 ,York,"Assoc. Dean, Osgoode Law School",1997,460b800bdc1847d17e6fa2d267e1a97c746c8f6f5c4221db7615030e9a8f9a6b
Universities,"$121,063.69 ","$1,401.45 ",York,"Prof., Environmental Studies",1997,c8998eeac355556e60e559d36f3e03380c26cedfd1d1830ce431480191823885
Universities,"$104,864.92 ",$561.54 ,York,"Prof., Osgoode Law School",1997,36a678fa6a3295dc575ef5b60361c3e2867264d4cc238fdeb46fff17e7a8be91
Universities,"$120,744.34 ",$0.00 ,York,Course Director,1997,e4dc7308a2ed8ad4ec6c4be6297d2ee5684026c56ba4cb6b0b272be0a46d548d
Universities,"$118,078.92 ",$634.92 ,York,"Prof., Osgoode Law School",1997,88c960d76c75993f467a4dd0a525643c9e7e83a55d4350397a2803ee6fed8a22
Universities,"$131,629.96 ",$232.50 ,York,"Ass't. Dean, Osgoode Law School",1997,e330495ccec93a27ecdd41ebf5329f56b78c854f97c58053f3df0eab7c3b1939
Universities,"$110,801.04 ",$595.62 ,York,"Prof., Law Library",1997,90104584b11ae5ab197ec2d622a73c8a54aa2e4b677e13cd0ae5a03d28187778
Universities,"$122,051.38 ",$624.13 ,York,"Director, Centre for Atmosph. Chemistry",1997,d5964c026d14de22c224262a361842d8b88d95c091ede7887e38ebb815daa177
Universities,"$122,179.92 ",$656.40 ,York,"Prof., Osgoode Law School",1997,d36e6d3dfcaea5d31fc4989f37dc580860004881ff169565f17ac5b3e4e232c3
Universities,"$106,134.09 ",$584.88 ,York,"Assoc. Prof., Osgoode Law School",1997,493fafa05c0f79056377f49aceecf4bc82ebb2ac27ac13dc511564e8d969529b
Universities,"$122,509.79 ",$628.90 ,York,Assoc. VP (Acad. Info. Serv.) & Univ. Librarian,1997,f4addff7c06309a33cc79f3afe1ddfd1ed8682baad4bca1c8bf35011fac13e78
Universities,"$117,198.03 ",$693.96 ,York,"Prof., Osgoode Law School",1997,00db40d36849571e6034442d1d206a52bbec5e3c69528fb684b4a4c6aa6e6c88
Universities,"$117,159.77 ",$598.62 ,York,"Associate Prof., English",1997,3f5025200b71fa05d6b0b9add0cbff1cdbc75b74c6d48efd89d1bc8f44df6b6f
Universities,"$169,149.35 ",$820.12 ,York,"Dean, Schulich School of Business",1997,cf4b2899f54d3a42c1e83781e5bbee77efc790ccc13e812200ccfb755c190ebd
Universities,"$111,099.96 ","$6,954.98 ",York,"Prof., Physics & Astronomy",1997,b33a7eee00fb57b0a0a9dc835e815358a48097b2c217f9c063720bc33d491b28
Universities,"$106,736.74 ","$4,866.22 ",York,"Dir., Facilities Mgm't.",1997,8311c5abd2023bac521b50701c03fa852a299afc6ecebd5f67784612cc6e7d99
Universities,"$107,580.66 ",$575.02 ,York,"Prof., Philosophy",1997,67c9c83a912400e074cba528bf9fd149b93127ca5b397fec4d1cacfc1d41e075
Universities,"$129,672.54 ",$673.53 ,York,"Prof., Political Science",1997,cdcc708847df2b340b214fe0f2e205d2b55fc3c350ff2d36c8581aa41f6966e8
Universities,"$116,058.27 ",$592.96 ,York,"Associate Dean, Environmental Studies",1997,923e6d36bc0ca532386925b02d43cad993b4d15693eb80e3a765bd012cddb8af
Universities,"$125,872.52 ",$640.03 ,York,Counsel,1997,7819da42fcf7c41e08308c67f32d21c12da8f2f13d0417bed73d19c20a61cd2b
Universities,"$118,410.66 ",$634.18 ,York,"Prof., Schulich School of Business",1997,21b7449c3fc84a5fe921e17abc2dfe520d9398d44b693c4c1f18226e4a41d1ce
Universities,"$108,126.21 ",$527.70 ,York,"Prof., Osgoode Law School",1997,90d00bc243bacb1b22962c581f1bd35b53f13d6e5745164695917b91bd73ccd6
Universities,"$177,570.59 ","$15,669.23 ",York,Prof. & President Emeritus,1997,ef4dc97ef643dc5157dbd086505812f1d3bd39ff18f51c93492dbbe2c3b11912
Universities,"$128,126.92 ",$686.76 ,York,"Prof., Osgoode Law School",1997,2620f34deb8ac2c3e86c3971d3984b964efb40a51c7cf6edcc5eaae0d02d61a4
Universities,"$102,049.96 ",$547.26 ,York,"Associate Prof., Osgoode Law School",1997,7cb76341c7db9b63dd35abcc3cf14eb709013094cc626986b8b43ab58a98e27c
Universities,"$114,544.69 ",$612.70 ,York,"Prof., Schulich School of Business",1997,5ee5593c152fefbaa83e330775a79c040763887ae7851acf2609e6a8f8b1ce6e
Universities,"$101,964.66 ",$545.42 ,York,"Associate Prof., History",1997,85233487db5b63d8c1e7304f5b1636cd5afb0caf662e9c202706c8f856591a22
Universities,"$108,869.32 ",$48.45 ,York,"Prof., Biology",1997,af20b97800651eb92e28fa217d6bb76e44bf113a5b18f0d907a01070b8968523
Universities,"$113,809.69 ",$609.09 ,York,"Prof., Schulich School of Business",1997,131d75aa892ceaf1882b83cfbaf5c1688978997c8b426b894f5855525df717c8
Universities,"$106,465.92 ",$561.54 ,York,"Prof., Osgoode Law School",1997,56d4ee688701e6a94458f7f8ffc36e0b508ef4ede49e4ea453b65c9e7e0d67f7
Universities,"$145,637.61 ",$644.85 ,York,"Exec. Dir., Schulich Enterprise Exchange",1997,25c21fd59965b032f9019ee7bc1a6c11636a2a79ec6595a7d07bd3c6596f3fd9
Universities,"$111,532.96 ",$597.36 ,York,"Dean, Osgoode Law School",1997,31b39692b9eccb30a4daa4f6bee7649658a88737135a4ed0ab13fb6d4949a9ed
Universities,"$104,830.31 ",$533.72 ,York,"Dean, Faculty of Pure & Applied Science",1997,d195a3116efa0aaa63ebbab11d34acf2170c7e85e28daf458e8ea45af20cffa6
Universities,"$101,594.04 ",$0.00 ,York,Campaign Director,1997,fe5e68fed7d1ff40a0bc08ddaf4187302baa3a6217e32db0ddfd2fd66af0432f
Universities,"$104,916.96 ","$4,188.72 ",York,"Chair, Psychology",1997,7027691edc5a1615865699e6d09cae58c4e102b62e7022b44afe36588636c253
Universities,"$100,789.51 ",$511.62 ,York,Secretary Of University,1997,07b765104c032bff6e13158c04fa1b1518da1788eda017194d2a3954682eb6ac
Universities,"$139,296.66 ",$745.76 ,York,"Prof., Psychology",1997,8971f5ab99280c4c5f3ed196a4fc6c12b833faeb1bcce6c51e042ce4e4e79885
Universities,"$101,831.54 ",$555.89 ,York,Director of Athletics,1997,e92f3f87f5cfdd0e86f4ca2e9941845e954ef08aef44316fc80d6ef10c44935a
Universities,"$126,095.43 ","$6,112.85 ",York,"Prof., Schulich School of Business",1997,6abb7d704d43bb96aa427c48c80af53058e95a48d180dff5566e6e579cacf9c7
Universities,"$120,273.20 ","$4,253.03 ",York,"Prof., Schulich School of Business",1997,603ba70e3b18a0232967fc76c5e9735a90b05dc8805f4345651e97def80af49f
Universities,"$102,386.65 ",$503.50 ,York,"Assoc. Prof., Schulich School of Business",1997,55764f07c732cc56fa49e838be37c2164afd1e4f719a4ecb54f274b7851cec39
Universities,"$100,014.62 ",$547.51 ,York,"Assoc. Prof., Political Science",1997,a7d420e95babe2edca51d439f3a6505c052f9e22be9a6e41491125afb38b7173
Universities,"$117,931.98 ",$229.74 ,York,"Prof., History",1997,df05a4af90162336c64367e4705875ca448956dcd0df520abaca292397288952
Universities,"$134,752.94 ",$960.96 ,York,"Dean, Faculty of Education",1997,b972dfcce5f5b65d0f61fed5d5cae957ea643a4230893d7c447c2516b8094da8
Universities,"$111,789.94 ",$598.36 ,York,"Director, Centre Res. in Earth & Space",1997,2571ae6e40468ca2f8396b46f992bbddef62a28489c616e08c536b9862b866f7
Universities,"$102,366.96 ",$579.42 ,York,"Associate Prof., Osgoode Law School",1997,90974a0dc7271445ec590ef696d404dcf11112f43a29ad129b1d1be25a766bf0
Universities,"$120,589.70 ","$7,807.04 ",York,"Assistant Vice-President, MIS",1997,af50b71fb6ceba8b1fae2c60c4c3d1010e751f6621b1bd9cab654492b617a0ea
Universities,"$128,624.42 ",$602.76 ,York,"Prof., Environmental Studies",1997,bb1da5c0eea560eaba70ca3e0634741f7e1049ebfbabc2daf9a31e43cadfb1d6
Universities,"$146,339.92 ",$686.44 ,York,"Vice-President, Academic Affairs",1997,dc2853d60ccb6d12a247df7fa8aa6feff53003b5eae4833bf552632e8056ebe9
Universities,"$114,761.58 ","$6,309.80 ",York,"Ass't. VP, Facilities & Bsn. Operations",1997,41d4825b132e79982576f9bcd9bfff12b4c4e2a642f42bd64c7c3ddab0fc7cb3
Universities,"$105,267.66 ",$563.35 ,York,"Prof., Schulich School of Business",1997,ba6f24dcc25386db6755bcf1f03714ab4aa86740ad156623727d80727f0ab091
Universities,"$106,183.92 ",$570.60 ,York,"Prof., Osgoode Law School",1997,cd6ba9e122d43056835156180fb1206a6c9a83bbd6b86177fcb12c8a5e00f746
Universities,"$111,671.26 ","$5,199.22 ",York,"Dean, Faculty of Environmental Studies",1997,e03370e234401bdffada861d9999580041758b93e51166f35fa464167be6784a
Universities,"$103,715.32 ",$511.62 ,York,"Director, Human Resources",1997,2f19b5586fae9bf7a1cf2f16a4154fa26bf1a19a45dd30e36edc606115030eaf
Universities,"$152,289.04 ",$651.00 ,York,"Prof., Osgoode Law School",1997,d599442ec7fefd537f78e885a8d8a117e574d2ef9bc85ac17482d3982e0ae051
Universities,"$112,044.69 ",$548.32 ,York,"Director, Int'l. MBA Programme",1997,ce5e5e4c78ef541d0aa3456a65d683494bb45eb10d7ae920b6e80a4c4be6d440
Universities,"$130,860.09 ",$559.84 ,York,Director Executive Programs,1997,0a6dec38d9f5fc9c78d24dcce2b975274fa839bd1c195e416e54ee6522ef2da7
Universities,"$136,538.74 ",$668.88 ,York,"Prof., Osgoode Law School",1997,ffd51dc5615ee3e991e993f0916c2e5d1da99000f7285cafbc8dd1920c567f64
